{"type":"FeatureCollection","features":[{"type":"Feature","properties":{},"geometry":{"type":"LineString","coordinates":[[85.31718071703372,27.7090854935601],[85.31726396793893,27.70949959887539],[85.31737682690473,27.70969119046498],[85.3176630473685,27.709784018993872],[85.31781861570015,27.709867205683334],[85.31795437243329,27.709900570109532],[85.3182938334635,27.70989047818428]]}},{"type":"Feature","properties":{},"geometry":{"type":"LineString","coordinates":[[85.31702215252147,27.708074458611943],[85.316960823607,27.70812854794666],[85.3169363188934,27.708218338444993],[85.31718071703372,27.7090854935601]]}},{"type":"Feature","properties":{},"geometry":{"type":"LineString","coordinates":[[85.31632760914293,27.706571030556024],[85.31701227385187,27.709063441493946],[85.3170043115206,27.709094729784976]]}},{"type":"Feature","properties":{},"geometry":{"type":"LineString","coordinates":[[85.3170043115206,27.709094729784976],[85.31686246743614,27.709190108006084],[85.31674126528705,27.709181315342548],[85.31592393680447,27.70888997586872],[85.31515437432029,27.70869051547105],[85.31483695251843,27.70864121533834],[85.31476090331687,27.708611869194318]]}},{"type":"Feature","properties":{},"geometry":{"type":"LineString","coordinates":[[85.31449852105825,27.706993896362913],[85.31597892499606,27.706443475023967],[85.31630504596097,27.706508094187466]]}},{"type":"Feature","properties":{},"geometry":{"type":"LineString","coordinates":[[85.31660696557091,27.707113456325548],[85.31680335138792,27.707825163096768],[85.31683010542635,27.70782130784595]]}},{"type":"Feature","properties":{},"geometry":{"type":"LineString","coordinates":[[85.32220475160929,27.70156641308482],[85.32212074983863,27.701048196459233]]}},{"type":"Feature","properties":{},"geometry":{"type":"LineString","coordinates":[[85.32212074983863,27.701048196459233],[85.32203756840721,27.70063156151679]]}},{"type":"Feature","properties":{},"geometry":{"type":"LineString","coordinates":[[85.32203756840721,27.70063156151679],[85.32194501135479,27.700193223940747]]}},{"type":"Feature","properties":{},"geometry":{"type":"LineString","coordinates":[[85.32194501135479,27.700193223940747],[85.32187280562471,27.699865734786428]]}},{"type":"Feature","properties":{},"geometry":{"type":"LineString","coordinates":[[85.32187280562471,27.699865734786428],[85.3216827802342,27.699926290990664]]}},{"type":"Feature","properties":{},"geometry":{"type":"LineString","coordinates":[[85.32187280562471,27.699865734786428],[85.32180558479668,27.69954317346005]]}},{"type":"Feature","properties":{},"geometry":{"type":"LineString","coordinates":[[85.32180558479668,27.69954317346005],[85.3215739116133,27.69959337697994],[85.32150728076255,27.699667855162033],[85.3212869888349,27.699723468857126],[85.32098210571596,27.699906845302596]]}},{"type":"Feature","properties":{},"geometry":{"type":"LineString","coordinates":[[85.32212074983863,27.701048196459233],[85.32190085891482,27.701025479294888],[85.32135671382613,27.70112579533995],[85.32111967872628,27.701137461880887]]}},{"type":"Feature","properties":{},"geometry":{"type":"LineString","coordinates":[[85.32194501135479,27.700193223940747],[85.32174542190617,27.700253799666402]]}},{"type":"Feature","properties":{},"geometry":{"type":"LineString","coordinates":[[85.32203756840721,27.70063156151679],[85.32172929181382,27.700699976143923]]}},{"type":"Feature","properties":{},"geometry":{"type":"LineString","coordinates":[[85.32172929181382,27.700699976143923],[85.32167990740034,27.700513008624874],[85.321455302631,27.70056620918106]]}},{"type":"Feature","properties":{},"geometry":{"type":"LineString","coordinates":[[85.32172929181382,27.700699976143923],[85.3214895334233,27.700719033788793],[85.32126076081371,27.700788908582663]]}},{"type":"Feature","properties":{},"geometry":{"type":"LineString","coordinates":[[85.32126076081371,27.700788908582663],[85.32127111101588,27.700984864298686],[85.32098474842161,27.70105193641358]]}},{"type":"Feature","properties":{},"geometry":{"type":"LineString","coordinates":[[85.32126076081371,27.700788908582663],[85.32119360142897,27.70079662956793]]}},{"type":"Feature","properties":{},"geometry":{"type":"LineString","coordinates":[[85.32119360142897,27.70079662956793],[85.32085454602041,27.70085220929815]]}},{"type":"Feature","properties":{},"geometry":{"type":"LineString","coordinates":[[85.32119360142897,27.70079662956793],[85.32114064644259,27.700615959885052],[85.32104100063886,27.700633767211382]]}},{"type":"Feature","properties":{},"geometry":{"type":"LineString","coordinates":[[85.32528783889556,27.705568459530745],[85.32526045480887,27.70571301061316],[85.32538058837028,27.706227759209764]]}},{"type":"Feature","properties":{},"geometry":{"type":"LineString","coordinates":[[85.32482220362822,27.70562434021007],[85.32528783889556,27.705568459530745]]}},{"type":"Feature","properties":{},"geometry":{"type":"LineString","coordinates":[[85.32462341719477,27.705655886417734],[85.32482220362822,27.70562434021007]]}},{"type":"Feature","properties":{},"geometry":{"type":"LineString","coordinates":[[85.32462341719477,27.705655886417734],[85.32467707682085,27.705899993582047],[85.32480430352881,27.706117298195334]]}},{"type":"Feature","properties":{},"geometry":{"type":"LineString","coordinates":[[85.3242490629748,27.705701542043865],[85.32462341719477,27.705655886417734]]}},{"type":"Feature","properties":{},"geometry":{"type":"LineString","coordinates":[[85.3242490629748,27.705701542043865],[85.3243086020755,27.705926757977476]]}},{"type":"Feature","properties":{},"geometry":{"type":"LineString","coordinates":[[85.3243086020755,27.705926757977476],[85.32432891460758,27.70599930966339],[85.32453966238334,27.706227406454765],[85.32457333321955,27.706336148594175]]}},{"type":"Feature","properties":{},"geometry":{"type":"LineString","coordinates":[[85.32457333321955,27.706336148594175],[85.32460055145606,27.706380653227864],[85.32481239260301,27.706403522641324]]}},{"type":"Feature","properties":{},"geometry":{"type":"LineString","coordinates":[[85.32457333321955,27.706336148594175],[85.32448769113155,27.706350501304666],[85.32447316790854,27.706374764689496],[85.32445938984432,27.706685520109694]]}},{"type":"Feature","properties":{},"geometry":{"type":"LineString","coordinates":[[85.32445938984432,27.706685520109694],[85.32466865602773,27.706726358998896]]}},{"type":"Feature","properties":{},"geometry":{"type":"LineString","coordinates":[[85.32445938984432,27.706685520109694],[85.32441393848939,27.70675972883194],[85.32428527335819,27.706802568472067],[85.3242869423292,27.706872584839335]]}},{"type":"Feature","properties":{},"geometry":{"type":"LineString","coordinates":[[85.3242869423292,27.706872584839335],[85.32430725624351,27.706934703093165]]}},{"type":"Feature","properties":{},"geometry":{"type":"LineString","coordinates":[[85.3242869423292,27.706872584839335],[85.32421840492354,27.706819550857563],[85.32414593964107,27.706659855877202],[85.32408280729788,27.706586996030353]]}},{"type":"Feature","properties":{},"geometry":{"type":"LineString","coordinates":[[85.32408280729788,27.706586996030353],[85.32407313013209,27.70644029343267]]}},{"type":"Feature","properties":{},"geometry":{"type":"LineString","coordinates":[[85.32408280729788,27.706586996030353],[85.32397893614663,27.706595095080825],[85.32396436597483,27.70650904308384],[85.32388773630147,27.70649649581098]]}},{"type":"Feature","properties":{},"geometry":{"type":"LineString","coordinates":[[85.3243086020755,27.705926757977476],[85.32407665996739,27.70593978606692]]}},{"type":"Feature","properties":{},"geometry":{"type":"LineString","coordinates":[[85.3232464344941,27.705714128549324],[85.3242490629748,27.705701542043865]]}},{"type":"Feature","properties":{},"geometry":{"type":"LineString","coordinates":[[85.3232464344941,27.705714128549324],[85.32324986262763,27.705801427443223],[85.32333903484526,27.70600065552073],[85.32333638830828,27.70613858322804]]}},{"type":"Feature","properties":{},"geometry":{"type":"LineString","coordinates":[[85.32333638830828,27.70613858322804],[85.32332722676767,27.706260234002176]]}},{"type":"Feature","properties":{},"geometry":{"type":"LineString","coordinates":[[85.32333638830828,27.70613858322804],[85.32351783340063,27.706130371831417]]}},{"type":"Feature","properties":{},"geometry":{"type":"LineString","coordinates":[[85.32351783340063,27.706130371831417],[85.32358615150187,27.7061370766335],[85.32359952268791,27.706171858480715],[85.32364578717684,27.706182446979334]]}},{"type":"Feature","properties":{},"geometry":{"type":"LineString","coordinates":[[85.32364578717684,27.706182446979334],[85.32381786151915,27.706146026308264]]}},{"type":"Feature","properties":{},"geometry":{"type":"LineString","coordinates":[[85.32364578717684,27.706182446979334],[85.32366006201762,27.70622027412914],[85.32369626342617,27.706218288297286],[85.32370427947734,27.70624437061327],[85.32382815880005,27.70622607066815]]}},{"type":"Feature","properties":{},"geometry":{"type":"LineString","coordinates":[[85.32295600305193,27.70571012820587],[85.3232464344941,27.705714128549324]]}},{"type":"Feature","properties":{},"geometry":{"type":"LineString","coordinates":[[85.31991698966277,27.707927462062955],[85.3215711334072,27.70791703311742]]}},{"type":"Feature","properties":{},"geometry":{"type":"LineString","coordinates":[[85.32128928101814,27.70800222077583],[85.32138720987945,27.709117542455783]]}},{"type":"Feature","properties":{},"geometry":{"type":"LineString","coordinates":[[85.31986108881681,27.708017868481615],[85.32128928101814,27.70800222077583]]}},{"type":"Feature","properties":{},"geometry":{"type":"LineString","coordinates":[[85.31986108881681,27.708017868481615],[85.31994849050679,27.708874994332998]]}},{"type":"Feature","properties":{},"geometry":{"type":"LineString","coordinates":[[85.31994849050679,27.708874994332998],[85.3200266190765,27.709834637826123]]}},{"type":"Feature","properties":{},"geometry":{"type":"LineString","coordinates":[[85.3200266190765,27.709834637826123],[85.3202585524398,27.709873632241443],[85.32144558712582,27.709718462710608]]}},{"type":"Feature","properties":{},"geometry":{"type":"LineString","coordinates":[[85.31994849050679,27.708874994332998],[85.31925326135071,27.7088768248374]]}},{"type":"Feature","properties":{},"geometry":{"type":"LineString","coordinates":[[85.31991698966277,27.707927462062955],[85.31993804122651,27.707546329554617]]}},{"type":"Feature","properties":{},"geometry":{"type":"LineString","coordinates":[[85.31993804122651,27.707546329554617],[85.32048850817978,27.70748221143782],[85.32043895989806,27.70709600180757],[85.32063850715784,27.707071492785797]]}},{"type":"Feature","properties":{},"geometry":{"type":"LineString","coordinates":[[85.31993804122651,27.707546329554617],[85.31993975982142,27.707232719217636]]}},{"type":"Feature","properties":{},"geometry":{"type":"LineString","coordinates":[[85.31993975982142,27.707232719217636],[85.319933602314,27.70674529567704],[85.31919329630131,27.70676964284735]]}},{"type":"Feature","properties":{},"geometry":{"type":"LineString","coordinates":[[85.31993975982142,27.707232719217636],[85.31928914469056,27.707238508777454]]}},{"type":"Feature","properties":{},"geometry":{"type":"LineString","coordinates":[[85.31952407947871,27.70793421426617],[85.31991698966277,27.707927462062955]]}},{"type":"Feature","properties":{},"geometry":{"type":"LineString","coordinates":[[85.31952407947871,27.70793421426617],[85.31944131816121,27.707566128635012]]}},{"type":"Feature","properties":{},"geometry":{"type":"LineString","coordinates":[[85.31917390336686,27.707932014781544],[85.31952407947871,27.70793421426617]]}},{"type":"Feature","properties":{},"geometry":{"type":"LineString","coordinates":[[85.31917390336686,27.707932014781544],[85.31914669354721,27.70777648526741],[85.3191063069576,27.707689734899944]]}},{"type":"Feature","properties":{},"geometry":{"type":"LineString","coordinates":[[85.3191063069576,27.707689734899944],[85.31906706827091,27.707625282321423],[85.31904456081088,27.70751857806192],[85.31896913957159,27.707479793992174],[85.31860145786779,27.707541602054807],[85.31854797328289,27.70732918530956],[85.3185095613005,27.707282931633365]]}},{"type":"Feature","properties":{},"geometry":{"type":"LineString","coordinates":[[85.31944131816121,27.707566128635012],[85.3191063069576,27.707689734899944]]}},{"type":"Feature","properties":{},"geometry":{"type":"LineString","coordinates":[[85.31796261536823,27.707946266664557],[85.31917390336686,27.707932014781544]]}},{"type":"Feature","properties":{},"geometry":{"type":"LineString","coordinates":[[85.31810357051096,27.70803354443557],[85.31986108881681,27.708017868481615]]}},{"type":"Feature","properties":{},"geometry":{"type":"LineString","coordinates":[[85.31771623039958,27.708031971812417],[85.31810357051096,27.70803354443557]]}},{"type":"Feature","properties":{},"geometry":{"type":"LineString","coordinates":[[85.31796261536823,27.707946266664557],[85.31788488336814,27.707460243471047]]}},{"type":"Feature","properties":{},"geometry":{"type":"LineString","coordinates":[[85.31699753668536,27.707957249899206],[85.31796261536823,27.707946266664557]]}},{"type":"Feature","properties":{},"geometry":{"type":"LineString","coordinates":[[85.31771623039958,27.708031971812417],[85.31777026104862,27.70836429321332]]}},{"type":"Feature","properties":{},"geometry":{"type":"LineString","coordinates":[[85.31702215252147,27.708074458611943],[85.3171274771842,27.70804517631629],[85.31771623039958,27.708031971812417]]}},{"type":"Feature","properties":{},"geometry":{"type":"LineString","coordinates":[[85.3181080466196,27.708058406194894],[85.3182938334635,27.70989047818428]]}},{"type":"Feature","properties":{},"geometry":{"type":"LineString","coordinates":[[85.3182938334635,27.70989047818428],[85.31835123784899,27.70987442531111],[85.31884901257651,27.709920649137533],[85.31932503139377,27.70999774664058],[85.31989114849536,27.70992132471529],[85.3200266190765,27.709834637826123]]}},{"type":"Feature","properties":{},"geometry":{"type":"LineString","coordinates":[[85.32351783340063,27.706130371831417],[85.32350897705244,27.70596512007165],[85.32375114156086,27.705915445143376]]}},{"type":"Feature","properties":{},"geometry":{"type":"LineString","coordinates":[[85.32215102493733,27.70958821706619],[85.32223984598508,27.710194311299595]]}},{"type":"Feature","properties":{},"geometry":{"type":"LineString","coordinates":[[85.32144558712582,27.709718462710608],[85.32195952909429,27.709627717756916]]}},{"type":"Feature","properties":{},"geometry":{"type":"LineString","coordinates":[[85.32195952909429,27.709627717756916],[85.32215102493733,27.70958821706619]]}},{"type":"Feature","properties":{},"geometry":{"type":"LineString","coordinates":[[85.32610275373318,27.70926521702268],[85.32606276931695,27.70893566730523]]}},{"type":"Feature","properties":{},"geometry":{"type":"LineString","coordinates":[[85.32606276931695,27.70893566730523],[85.32610664193531,27.70890793190029],[85.32630933683687,27.708884783186647]]}},{"type":"Feature","properties":{},"geometry":{"type":"LineString","coordinates":[[85.32630933683687,27.708884783186647],[85.32650458195089,27.70885373706236]]}},{"type":"Feature","properties":{},"geometry":{"type":"LineString","coordinates":[[85.32630933683687,27.708884783186647],[85.3262274021928,27.708567290584543]]}},{"type":"Feature","properties":{},"geometry":{"type":"LineString","coordinates":[[85.3262274021928,27.708567290584543],[85.32615281776106,27.70862598116451],[85.32603386923753,27.708651212035605]]}},{"type":"Feature","properties":{},"geometry":{"type":"LineString","coordinates":[[85.32606276931695,27.70893566730523],[85.32603386923753,27.708651212035605]]}},{"type":"Feature","properties":{},"geometry":{"type":"LineString","coordinates":[[85.32603386923753,27.708651212035605],[85.32600447954427,27.70852861192834],[85.32590826861157,27.708388576004424]]}},{"type":"Feature","properties":{},"geometry":{"type":"LineString","coordinates":[[85.32590826861157,27.708388576004424],[85.32637862492034,27.708239346263394]]}},{"type":"Feature","properties":{},"geometry":{"type":"LineString","coordinates":[[85.32590826861157,27.708388576004424],[85.32582973899686,27.708274351938222]]}},{"type":"Feature","properties":{},"geometry":{"type":"LineString","coordinates":[[85.32582973899686,27.708274351938222],[85.3257731604136,27.707947563581396]]}},{"type":"Feature","properties":{},"geometry":{"type":"LineString","coordinates":[[85.3257731604136,27.707947563581396],[85.32575882453892,27.707832785576674],[85.32577446081287,27.70778902063531],[85.3258904756515,27.707737624814907],[85.3258689594863,27.707603747803333],[85.32632931306242,27.707482980818344]]}},{"type":"Feature","properties":{},"geometry":{"type":"LineString","coordinates":[[85.3257731604136,27.707947563581396],[85.32563730304805,27.707888429749254],[85.32545149212825,27.707766988793395]]}},{"type":"Feature","properties":{},"geometry":{"type":"LineString","coordinates":[[85.32582973899686,27.708274351938222],[85.3255312358543,27.708253785856616],[85.32511759152125,27.70827192429628]]}},{"type":"Feature","properties":{},"geometry":{"type":"LineString","coordinates":[[85.3263128392054,27.709767903435104],[85.32637924255097,27.70980653215861],[85.32711908106661,27.709661709107067]]}},{"type":"Feature","properties":{},"geometry":{"type":"LineString","coordinates":[[85.32711908106661,27.709661709107067],[85.3275874284241,27.709559215740114],[85.32775554103804,27.709478370474763]]}},{"type":"Feature","properties":{},"geometry":{"type":"LineString","coordinates":[[85.32711908106661,27.709661709107067],[85.3270552680728,27.709411978125946]]}},{"type":"Feature","properties":{},"geometry":{"type":"LineString","coordinates":[[85.3270552680728,27.709411978125946],[85.3272425764738,27.70937422479434]]}},{"type":"Feature","properties":{},"geometry":{"type":"LineString","coordinates":[[85.3270552680728,27.709411978125946],[85.32700173569334,27.709230804363262]]}},{"type":"Feature","properties":{},"geometry":{"type":"LineString","coordinates":[[85.32499759416193,27.71002058369511],[85.32445789751213,27.71007320874983]]}},{"type":"Feature","properties":{},"geometry":{"type":"LineString","coordinates":[[85.32445789751213,27.71007320874983],[85.32424187913776,27.710090759115843]]}},{"type":"Feature","properties":{},"geometry":{"type":"LineString","coordinates":[[85.32394228380684,27.710117326191295],[85.32413113675673,27.71009589495101]]}},{"type":"Feature","properties":{},"geometry":{"type":"LineString","coordinates":[[85.3235190511494,27.710120004717073],[85.32365310264714,27.710104871678283],[85.32394228380684,27.710117326191295]]}},{"type":"Feature","properties":{},"geometry":{"type":"LineString","coordinates":[[85.32329252599796,27.710144609696876],[85.3235190511494,27.710120004717073]]}},{"type":"Feature","properties":{},"geometry":{"type":"LineString","coordinates":[[85.32299973734185,27.710173414261785],[85.32329252599796,27.710144609696876]]}},{"type":"Feature","properties":{},"geometry":{"type":"LineString","coordinates":[[85.32223984598508,27.710194311299595],[85.32229647028699,27.710243391320333],[85.32238843579688,27.71024844475962],[85.32299973734185,27.710173414261785]]}},{"type":"Feature","properties":{},"geometry":{"type":"LineString","coordinates":[[85.32299973734185,27.710173414261785],[85.32262177739311,27.70966786221014],[85.32258544185234,27.7095828974616]]}},{"type":"Feature","properties":{},"geometry":{"type":"LineString","coordinates":[[85.32258544185234,27.7095828974616],[85.32243746888578,27.709146723720533],[85.32235249547239,27.70848424984019],[85.3221205214265,27.708511195858225]]}},{"type":"Feature","properties":{},"geometry":{"type":"LineString","coordinates":[[85.32329252599796,27.710144609696876],[85.32326000241262,27.709820972177784]]}},{"type":"Feature","properties":{},"geometry":{"type":"LineString","coordinates":[[85.3235190511494,27.710120004717073],[85.3234547179493,27.709741619722106],[85.32336594020231,27.7096314589125]]}},{"type":"Feature","properties":{},"geometry":{"type":"LineString","coordinates":[[85.32258544185234,27.7095828974616],[85.32296339995315,27.70950236552655]]}},{"type":"Feature","properties":{},"geometry":{"type":"LineString","coordinates":[[85.32499759416193,27.71002058369511],[85.32504221724335,27.70965417236357],[85.32483440078286,27.709584252392908]]}},{"type":"Feature","properties":{},"geometry":{"type":"LineString","coordinates":[[85.32445789751213,27.71007320874983],[85.32441282707525,27.70988439180872],[85.32453842496216,27.709839771331]]}},{"type":"Feature","properties":{},"geometry":{"type":"LineString","coordinates":[[85.32196644228088,27.707958297992967],[85.32264846489629,27.707197865407572],[85.32287462961104,27.706856856420263]]}},{"type":"Feature","properties":{},"geometry":{"type":"LineString","coordinates":[[85.32289428955782,27.706838295472213],[85.32291831940489,27.706815608673924]]}},{"type":"Feature","properties":{},"geometry":{"type":"LineString","coordinates":[[85.32176917554509,27.707913758325716],[85.32252415469355,27.707110155797444]]}},{"type":"Feature","properties":{},"geometry":{"type":"LineString","coordinates":[[85.32252415469355,27.707110155797444],[85.32266960706286,27.70690065656765],[85.3227527896498,27.706683313136896]]}},{"type":"Feature","properties":{},"geometry":{"type":"LineString","coordinates":[[85.32252415469355,27.707110155797444],[85.3223103209971,27.70703288476509]]}},{"type":"Feature","properties":{},"geometry":{"type":"LineString","coordinates":[[85.32254668400971,27.706615047877666],[85.3223103209971,27.70703288476509]]}},{"type":"Feature","properties":{},"geometry":{"type":"LineString","coordinates":[[85.3227527896498,27.706683313136896],[85.32254668400971,27.706615047877666]]}},{"type":"Feature","properties":{},"geometry":{"type":"LineString","coordinates":[[85.32254668400971,27.706615047877666],[85.32229534991325,27.706498391028884]]}},{"type":"Feature","properties":{},"geometry":{"type":"LineString","coordinates":[[85.32229534991325,27.706498391028884],[85.3223040360934,27.706226553496126]]}},{"type":"Feature","properties":{},"geometry":{"type":"LineString","coordinates":[[85.32229534991325,27.706498391028884],[85.32224964954689,27.70647486097818]]}},{"type":"Feature","properties":{},"geometry":{"type":"LineString","coordinates":[[85.32224964954689,27.70647486097818],[85.32216526033682,27.706685317467485]]}},{"type":"Feature","properties":{},"geometry":{"type":"LineString","coordinates":[[85.32224964954689,27.70647486097818],[85.32211822485337,27.706450095966222]]}},{"type":"Feature","properties":{},"geometry":{"type":"LineString","coordinates":[[85.32211822485337,27.706450095966222],[85.32206650274964,27.706639493022085]]}},{"type":"Feature","properties":{},"geometry":{"type":"LineString","coordinates":[[85.32291831940489,27.706815608673924],[85.32302199411662,27.707075438173995]]}},{"type":"Feature","properties":{},"geometry":{"type":"LineString","coordinates":[[85.32302199411662,27.707075438173995],[85.32326000177312,27.707402133742562]]}},{"type":"Feature","properties":{},"geometry":{"type":"LineString","coordinates":[[85.32287462961104,27.706856856420263],[85.32328319922871,27.707509013680298]]}},{"type":"Feature","properties":{},"geometry":{"type":"LineString","coordinates":[[85.32326000177312,27.707402133742562],[85.32332231226498,27.707485690915593],[85.3233894312069,27.707793359106937],[85.32347278325669,27.70793017768022]]}},{"type":"Feature","properties":{},"geometry":{"type":"LineString","coordinates":[[85.32347278325669,27.70793017768022],[85.3235648127869,27.708102299740055]]}},{"type":"Feature","properties":{},"geometry":{"type":"LineString","coordinates":[[85.32336074375286,27.70781490289595],[85.32351566560432,27.70807750899481],[85.32365286163517,27.708485045167798]]}},{"type":"Feature","properties":{},"geometry":{"type":"LineString","coordinates":[[85.32302199411662,27.707075438173995],[85.3233932183618,27.706882062534152],[85.32358853146886,27.706881463270854]]}},{"type":"Feature","properties":{},"geometry":{"type":"LineString","coordinates":[[85.32358853146886,27.706881463270854],[85.32355712856464,27.70654584981994]]}},{"type":"Feature","properties":{},"geometry":{"type":"LineString","coordinates":[[85.32358853146886,27.706881463270854],[85.32361783086361,27.707142090172336]]}},{"type":"Feature","properties":{},"geometry":{"type":"LineString","coordinates":[[85.32358853146886,27.706881463270854],[85.32384350711695,27.70687528733889],[85.32387509858404,27.707015470852262]]}},{"type":"Feature","properties":{},"geometry":{"type":"LineString","coordinates":[[85.32387509858404,27.707015470852262],[85.32394274693294,27.70719645017106],[85.32401456716916,27.70726486553819],[85.32411556115147,27.70744119607171],[85.3241623819247,27.70759735127128]]}},{"type":"Feature","properties":{},"geometry":{"type":"LineString","coordinates":[[85.3243100698418,27.707622221929114],[85.3241623819247,27.70759735127128]]}},{"type":"Feature","properties":{},"geometry":{"type":"LineString","coordinates":[[85.32447605411863,27.70764131287164],[85.32435396399165,27.707644826009098],[85.3243100698418,27.707622221929114]]}},{"type":"Feature","properties":{},"geometry":{"type":"LineString","coordinates":[[85.3241623819247,27.70759735127128],[85.32390146022802,27.70775960182021]]}},{"type":"Feature","properties":{},"geometry":{"type":"LineString","coordinates":[[85.32390146022802,27.70775960182021],[85.32387037850327,27.707660754835903]]}},{"type":"Feature","properties":{},"geometry":{"type":"LineString","coordinates":[[85.32390146022802,27.70775960182021],[85.323740595657,27.707864837587636]]}},{"type":"Feature","properties":{},"geometry":{"type":"LineString","coordinates":[[85.323740595657,27.707864837587636],[85.32382177017331,27.707977893506516],[85.32391062342266,27.707958950072385]]}},{"type":"Feature","properties":{},"geometry":{"type":"LineString","coordinates":[[85.323740595657,27.707864837587636],[85.32355761883976,27.707910561247743]]}},{"type":"Feature","properties":{},"geometry":{"type":"LineString","coordinates":[[85.32355761883976,27.707910561247743],[85.32356079935303,27.70783101948317]]}},{"type":"Feature","properties":{},"geometry":{"type":"LineString","coordinates":[[85.32355761883976,27.707910561247743],[85.32347278325669,27.70793017768022]]}},{"type":"Feature","properties":{},"geometry":{"type":"LineString","coordinates":[[85.3223103209971,27.70703288476509],[85.32218337050595,27.707354858505116]]}},{"type":"Feature","properties":{},"geometry":{"type":"LineString","coordinates":[[85.32290151806922,27.707647515542114],[85.32267541073797,27.707738604539365],[85.3225176007779,27.707750500172544],[85.32253887509013,27.707882153474255]]}},{"type":"Feature","properties":{},"geometry":{"type":"LineString","coordinates":[[85.32387509858404,27.707015470852262],[85.32430725624351,27.706934703093165]]}},{"type":"Feature","properties":{},"geometry":{"type":"LineString","coordinates":[[85.32290151806922,27.707647515542114],[85.32297219396303,27.707798875174124],[85.32302426370609,27.707857996493498]]}},{"type":"Feature","properties":{},"geometry":{"type":"LineString","coordinates":[[85.32302426370609,27.707857996493498],[85.32330972184587,27.707849982395384],[85.32336074375286,27.70781490289595]]}},{"type":"Feature","properties":{},"geometry":{"type":"LineString","coordinates":[[85.32302426370609,27.707857996493498],[85.32296379897316,27.70787839073801],[85.3229892023502,27.707954144226424]]}},{"type":"Feature","properties":{},"geometry":{"type":"LineString","coordinates":[[85.32253887509013,27.707882153474255],[85.3226733224231,27.70788359505025]]}},{"type":"Feature","properties":{},"geometry":{"type":"LineString","coordinates":[[85.3226733224231,27.70788359505025],[85.3226520530406,27.708079262175684],[85.32273126580714,27.70856197539986],[85.322921174202,27.708539730883928],[85.32294411319224,27.70858566595929],[85.32305089517298,27.708600079142467],[85.32335003528355,27.708574501154835],[85.32338620237599,27.70855000910275]]}},{"type":"Feature","properties":{},"geometry":{"type":"LineString","coordinates":[[85.32253887509013,27.707882153474255],[85.3221329591322,27.70796087618696],[85.32196644228088,27.707958297992967]]}},{"type":"Feature","properties":{},"geometry":{"type":"LineString","coordinates":[[85.3243100698418,27.707622221929114],[85.32438411022605,27.70814445124653]]}},{"type":"Feature","properties":{},"geometry":{"type":"LineString","coordinates":[[85.32447605411863,27.70764131287164],[85.32452736430774,27.707955243360473]]}},{"type":"Feature","properties":{},"geometry":{"type":"LineString","coordinates":[[85.32465360695409,27.707598565707872],[85.32459052520062,27.707629118763364],[85.32447605411863,27.70764131287164]]}},{"type":"Feature","properties":{},"geometry":{"type":"LineString","coordinates":[[85.32464266698058,27.707528814395445],[85.32465360695409,27.707598565707872]]}},{"type":"Feature","properties":{},"geometry":{"type":"LineString","coordinates":[[85.32457392267047,27.707425906008666],[85.32464266698058,27.707528814395445]]}},{"type":"Feature","properties":{},"geometry":{"type":"LineString","coordinates":[[85.32455918622173,27.707405183850767],[85.32457392267047,27.707425906008666]]}},{"type":"Feature","properties":{},"geometry":{"type":"LineString","coordinates":[[85.32430725624351,27.706934703093165],[85.32444787562153,27.707035989733058],[85.32459069731983,27.707105655066872],[85.32452557473366,27.70734217992488],[85.32455918622173,27.707405183850767]]}},{"type":"Feature","properties":{},"geometry":{"type":"LineString","coordinates":[[85.32457392267047,27.707425906008666],[85.32447728744799,27.707512363708275]]}},{"type":"Feature","properties":{},"geometry":{"type":"LineString","coordinates":[[85.32455918622173,27.707405183850767],[85.32498225437381,27.707297689675034],[85.32508421752593,27.707297564276946],[85.32503350080083,27.707133751017686]]}},{"type":"Feature","properties":{},"geometry":{"type":"LineString","coordinates":[[85.32465360695409,27.707598565707872],[85.32471965993092,27.70772710000563],[85.32473931538425,27.707834461252485],[85.32465925232502,27.70785142493171],[85.3246335369774,27.70801435291057],[85.32454570555919,27.7080150091305]]}},{"type":"Feature","properties":{},"geometry":{"type":"LineString","coordinates":[[85.32464266698058,27.707528814395445],[85.32495404479518,27.70752010786271],[85.32495892358968,27.707717183997662]]}},{"type":"Feature","properties":{},"geometry":{"type":"LineString","coordinates":[[85.3235648127869,27.708102299740055],[85.3236664013457,27.708402967254997]]}},{"type":"Feature","properties":{},"geometry":{"type":"LineString","coordinates":[[85.32365286163517,27.708485045167798],[85.32370099357847,27.708597475334713],[85.32377979455039,27.70869746434277]]}},{"type":"Feature","properties":{},"geometry":{"type":"LineString","coordinates":[[85.32377979455039,27.70869746434277],[85.32373556303705,27.708969180187392],[85.3237942124639,27.708967924712734]]}},{"type":"Feature","properties":{},"geometry":{"type":"LineString","coordinates":[[85.32377979455039,27.70869746434277],[85.32403482763603,27.708792093475807],[85.3242386739637,27.708824787899342]]}},{"type":"Feature","properties":{},"geometry":{"type":"LineString","coordinates":[[85.32368488279295,27.708459572296068],[85.3237904767891,27.708668429703994],[85.32399927890168,27.70874927219734],[85.3242830327521,27.708791477620263],[85.32437501569486,27.708827036912286],[85.32474777401276,27.709105470329863]]}},{"type":"Feature","properties":{},"geometry":{"type":"LineString","coordinates":[[85.32424187913776,27.710090759115843],[85.32407236531176,27.709632366247316],[85.3241739996633,27.709569503367668],[85.32417850171828,27.709544728807316],[85.32412857249251,27.709235491982763],[85.32428606776855,27.709119185918116],[85.32423717372086,27.70896440731987],[85.3242386739637,27.708824787899342]]}},{"type":"Feature","properties":{},"geometry":{"type":"LineString","coordinates":[[85.32365286163517,27.708485045167798],[85.32338620237599,27.70855000910275]]}},{"type":"Feature","properties":{},"geometry":{"type":"LineString","coordinates":[[85.32338620237599,27.70855000910275],[85.3232378957136,27.708105946506326]]}},{"type":"Feature","properties":{},"geometry":{"type":"LineString","coordinates":[[85.32368488279295,27.708459572296068],[85.3239252602573,27.70841365457513],[85.32420018384195,27.708405412740753],[85.32422452102796,27.708302381079456],[85.3241647450565,27.70823597990256],[85.32416699332438,27.70817367991948]]}},{"type":"Feature","properties":{},"geometry":{"type":"LineString","coordinates":[[85.32474777401276,27.709105470329863],[85.3248577828978,27.70916553052193],[85.32523091444007,27.70924316938145],[85.32610275373318,27.70926521702268]]}},{"type":"Feature","properties":{},"geometry":{"type":"LineString","coordinates":[[85.32474777401276,27.709105470329863],[85.32486012451265,27.708804864853015],[85.32484737712451,27.708701800324327]]}},{"type":"Feature","properties":{},"geometry":{"type":"LineString","coordinates":[[85.31632975857353,27.705863561295445],[85.31637406946305,27.70494507517659],[85.31641970053394,27.70482055359683],[85.31652748677088,27.703510602791344]]}},{"type":"Feature","properties":{},"geometry":{"type":"LineString","coordinates":[[85.31652748677088,27.703510602791344],[85.3165791238789,27.70245699673521],[85.31667622169746,27.702395056106845]]}},{"type":"Feature","properties":{},"geometry":{"type":"LineString","coordinates":[[85.31632975857353,27.705863561295445],[85.31638009230977,27.704945977870118],[85.31642537896197,27.704823611890824],[85.31654190621968,27.703511548020067]]}},{"type":"Feature","properties":{},"geometry":{"type":"LineString","coordinates":[[85.3227527896498,27.706683313136896],[85.32279162619149,27.706477776450956],[85.32279616211056,27.70599832889707],[85.32275628302888,27.70575560023665],[85.32272585739577,27.705719765980966]]}},{"type":"Feature","properties":{},"geometry":{"type":"LineString","coordinates":[[85.31877100821279,27.705909818664363],[85.31880019067627,27.706773079311844]]}},{"type":"Feature","properties":{},"geometry":{"type":"LineString","coordinates":[[85.31897407857602,27.705328749138975],[85.31874322769956,27.705381121736217],[85.31875246742946,27.70541349186052],[85.31869780490939,27.705432227262367]]}},{"type":"Feature","properties":{},"geometry":{"type":"LineString","coordinates":[[85.31898006760356,27.705061053556225],[85.31940881462401,27.705035441219795]]}},{"type":"Feature","properties":{},"geometry":{"type":"LineString","coordinates":[[85.31940881462401,27.705035441219795],[85.31942736631102,27.705291406566193]]}},{"type":"Feature","properties":{},"geometry":{"type":"LineString","coordinates":[[85.31940881462401,27.705035441219795],[85.31955081218688,27.705019074474976]]}},{"type":"Feature","properties":{},"geometry":{"type":"LineString","coordinates":[[85.31955081218688,27.705019074474976],[85.31955862256612,27.705209045193023]]}},{"type":"Feature","properties":{},"geometry":{"type":"LineString","coordinates":[[85.31955081218688,27.705019074474976],[85.31963132687027,27.705015427235544]]}},{"type":"Feature","properties":{},"geometry":{"type":"LineString","coordinates":[[85.31963132687027,27.705015427235544],[85.31964662642632,27.7052523039472]]}},{"type":"Feature","properties":{},"geometry":{"type":"LineString","coordinates":[[85.31963132687027,27.705015427235544],[85.31973270255808,27.705014115346106]]}},{"type":"Feature","properties":{},"geometry":{"type":"LineString","coordinates":[[85.31973270255808,27.705014115346106],[85.31974106936597,27.70523291293037]]}},{"type":"Feature","properties":{},"geometry":{"type":"LineString","coordinates":[[85.31973270255808,27.705014115346106],[85.31986127174692,27.705011123476417]]}},{"type":"Feature","properties":{},"geometry":{"type":"LineString","coordinates":[[85.31986127174692,27.705011123476417],[85.31984076689128,27.705203082693952],[85.31985443294496,27.7052951738259]]}},{"type":"Feature","properties":{},"geometry":{"type":"LineString","coordinates":[[85.31986127174692,27.705011123476417],[85.31989883574252,27.705009266179527]]}},{"type":"Feature","properties":{},"geometry":{"type":"LineString","coordinates":[[85.31989883574252,27.705009266179527],[85.31989825508975,27.704900168338167]]}},{"type":"Feature","properties":{},"geometry":{"type":"LineString","coordinates":[[85.31989883574252,27.705009266179527],[85.32001080461937,27.705012105307773]]}},{"type":"Feature","properties":{},"geometry":{"type":"LineString","coordinates":[[85.32001080461937,27.705012105307773],[85.32000341370643,27.70514622968773]]}},{"type":"Feature","properties":{},"geometry":{"type":"LineString","coordinates":[[85.32001080461937,27.705012105307773],[85.32023626943571,27.705018322592863],[85.32026637492106,27.704999854475428]]}},{"type":"Feature","properties":{},"geometry":{"type":"LineString","coordinates":[[85.32026637492106,27.704999854475428],[85.32040053605586,27.704990744807386]]}},{"type":"Feature","properties":{},"geometry":{"type":"LineString","coordinates":[[85.32040053605586,27.704990744807386],[85.32087480709134,27.704981282595725]]}},{"type":"Feature","properties":{},"geometry":{"type":"LineString","coordinates":[[85.32054466779323,27.70525042154855],[85.32045559096875,27.705234883787977],[85.32041230126771,27.70515863487431],[85.32040053605586,27.704990744807386]]}},{"type":"Feature","properties":{},"geometry":{"type":"LineString","coordinates":[[85.32044612553237,27.705552875092355],[85.32044606361856,27.70547469124498],[85.32047390253783,27.705448094326993],[85.32091554892587,27.705396582759906],[85.3208937391949,27.70521865549616],[85.32054466779323,27.70525042154855]]}},{"type":"Feature","properties":{},"geometry":{"type":"LineString","coordinates":[[85.32044612553237,27.705552875092355],[85.32030133875182,27.705495425713398],[85.32018674169552,27.705479229714186],[85.32017580823806,27.705305257549792],[85.31985443294496,27.7052951738259]]}},{"type":"Feature","properties":{},"geometry":{"type":"LineString","coordinates":[[85.3189657044676,27.705072162763464],[85.31898006760356,27.705061053556225]]}},{"type":"Feature","properties":{},"geometry":{"type":"LineString","coordinates":[[85.3181286763601,27.705177493238555],[85.31825191850963,27.70516110122598],[85.31838281856889,27.705114574060108],[85.3189657044676,27.705072162763464]]}},{"type":"Feature","properties":{},"geometry":{"type":"LineString","coordinates":[[85.3181286763601,27.705177493238555],[85.318112668631,27.704796395443765],[85.31800068715388,27.704343858366382]]}},{"type":"Feature","properties":{},"geometry":{"type":"LineString","coordinates":[[85.31800068715388,27.704343858366382],[85.3177810799481,27.704406864450124],[85.31780447757534,27.704466668083857],[85.31724998450196,27.704774968569218]]}},{"type":"Feature","properties":{},"geometry":{"type":"LineString","coordinates":[[85.31800068715388,27.704343858366382],[85.31790160573534,27.70407837358608]]}},{"type":"Feature","properties":{},"geometry":{"type":"LineString","coordinates":[[85.3175590929581,27.703398850396933],[85.3177437895009,27.70381509651975],[85.31790160573534,27.70407837358608]]}},{"type":"Feature","properties":{},"geometry":{"type":"LineString","coordinates":[[85.31690982268962,27.703525188057814],[85.3173208919206,27.70349568739716],[85.31745816623733,27.703455729638044]]}},{"type":"Feature","properties":{},"geometry":{"type":"LineString","coordinates":[[85.3175590929581,27.703398850396933],[85.31794971419329,27.70334278468917]]}},{"type":"Feature","properties":{},"geometry":{"type":"LineString","coordinates":[[85.3175590929581,27.703398850396933],[85.3175392556482,27.70335618692638]]}},{"type":"Feature","properties":{},"geometry":{"type":"LineString","coordinates":[[85.31794971419329,27.70334278468917],[85.3179759930814,27.70359302624917],[85.31805533821684,27.703590590438996],[85.31809134611632,27.703855910793063]]}},{"type":"Feature","properties":{},"geometry":{"type":"LineString","coordinates":[[85.31794971419329,27.70334278468917],[85.31846695429905,27.70333543748858],[85.31901220645365,27.703295212092716]]}},{"type":"Feature","properties":{},"geometry":{"type":"LineString","coordinates":[[85.31770737280917,27.705275420980964],[85.3181286763601,27.705177493238555]]}},{"type":"Feature","properties":{},"geometry":{"type":"LineString","coordinates":[[85.31770737280917,27.705275420980964],[85.31760106085532,27.705102947551303]]}},{"type":"Feature","properties":{},"geometry":{"type":"LineString","coordinates":[[85.31747357789801,27.70532559948165],[85.31770737280917,27.705275420980964]]}},{"type":"Feature","properties":{},"geometry":{"type":"LineString","coordinates":[[85.31747357789801,27.70532559948165],[85.3174645576012,27.705263489456627]]}},{"type":"Feature","properties":{},"geometry":{"type":"LineString","coordinates":[[85.31767452450981,27.7059878398168],[85.31769820620863,27.706263383333546]]}},{"type":"Feature","properties":{},"geometry":{"type":"LineString","coordinates":[[85.31769820620863,27.706263383333546],[85.3172423547126,27.706304085197015]]}},{"type":"Feature","properties":{},"geometry":{"type":"LineString","coordinates":[[85.31769820620863,27.706263383333546],[85.3177120982446,27.70643177767138]]}},{"type":"Feature","properties":{},"geometry":{"type":"LineString","coordinates":[[85.3177120982446,27.70643177767138],[85.31732734017501,27.706469088305447]]}},{"type":"Feature","properties":{},"geometry":{"type":"LineString","coordinates":[[85.3177120982446,27.70643177767138],[85.31772984992834,27.706569963775824]]}},{"type":"Feature","properties":{},"geometry":{"type":"LineString","coordinates":[[85.31772984992834,27.706569963775824],[85.31744762082307,27.706600125288457]]}},{"type":"Feature","properties":{},"geometry":{"type":"LineString","coordinates":[[85.31772984992834,27.706569963775824],[85.3177480944825,27.706751442861535]]}},{"type":"Feature","properties":{},"geometry":{"type":"LineString","coordinates":[[85.3177480944825,27.706751442861535],[85.31733670386521,27.70679626661083]]}},{"type":"Feature","properties":{},"geometry":{"type":"LineString","coordinates":[[85.3177480944825,27.706751442861535],[85.31777979116177,27.707093317071298]]}},{"type":"Feature","properties":{},"geometry":{"type":"LineString","coordinates":[[85.32176851865087,27.70568178290948],[85.32167135145916,27.706510394636187]]}},{"type":"Feature","properties":{},"geometry":{"type":"LineString","coordinates":[[85.32171715832907,27.70556058536074],[85.32203725924174,27.705564095943796],[85.32228180150275,27.705600972366888],[85.32272608822475,27.705593566512658]]}},{"type":"Feature","properties":{},"geometry":{"type":"LineString","coordinates":[[85.32176834000282,27.705673909632083],[85.32206781442794,27.705675275632693],[85.32219583170131,27.70570668272467],[85.32271226726188,27.705703760703166]]}},{"type":"Feature","properties":{},"geometry":{"type":"LineString","coordinates":[[85.32261522309545,27.7045586287812],[85.32234098798355,27.70458865187307]]}},{"type":"Feature","properties":{},"geometry":{"type":"LineString","coordinates":[[85.32234098798355,27.70458865187307],[85.32238107004544,27.704833146684773]]}},{"type":"Feature","properties":{},"geometry":{"type":"LineString","coordinates":[[85.32233353997813,27.70449676894855],[85.32230997607154,27.704311926903806]]}},{"type":"Feature","properties":{},"geometry":{"type":"LineString","coordinates":[[85.32230997607154,27.704311926903806],[85.32228602243278,27.70416276955405]]}},{"type":"Feature","properties":{},"geometry":{"type":"LineString","coordinates":[[85.32230997607154,27.704311926903806],[85.32211111086944,27.704353246799403]]}},{"type":"Feature","properties":{},"geometry":{"type":"LineString","coordinates":[[85.32233353997813,27.70449676894855],[85.32221322468392,27.70452342868547],[85.32222947125588,27.704599758159183]]}},{"type":"Feature","properties":{},"geometry":{"type":"LineString","coordinates":[[85.32147493336723,27.70178328951766],[85.3221959068057,27.701700197906383]]}},{"type":"Feature","properties":{},"geometry":{"type":"LineString","coordinates":[[85.32147493336723,27.70178328951766],[85.32154989583627,27.702025187564107],[85.3218386949439,27.701962055534516]]}},{"type":"Feature","properties":{},"geometry":{"type":"LineString","coordinates":[[85.32131787649588,27.701802919899514],[85.32147493336723,27.70178328951766]]}},{"type":"Feature","properties":{},"geometry":{"type":"LineString","coordinates":[[85.32131787649588,27.701802919899514],[85.32141692763412,27.702112885086805],[85.32152958532787,27.70211293425104]]}},{"type":"Feature","properties":{},"geometry":{"type":"LineString","coordinates":[[85.32152958532787,27.70211293425104],[85.32169299542798,27.702099010755873]]}},{"type":"Feature","properties":{},"geometry":{"type":"LineString","coordinates":[[85.32152958532787,27.70211293425104],[85.32154592082853,27.70221447844085],[85.3217439320485,27.702176701302168]]}},{"type":"Feature","properties":{},"geometry":{"type":"LineString","coordinates":[[85.31684358900156,27.702354663375814],[85.32020716033601,27.701943778718075]]}},{"type":"Feature","properties":{},"geometry":{"type":"LineString","coordinates":[[85.32027510796134,27.701817378365018],[85.32127467962927,27.701699513822323]]}},{"type":"Feature","properties":{},"geometry":{"type":"LineString","coordinates":[[85.32127467962927,27.701699513822323],[85.32126425119783,27.701468391225134],[85.32124166362834,27.701403871296254],[85.32114477807201,27.70142646405646]]}},{"type":"Feature","properties":{},"geometry":{"type":"LineString","coordinates":[[85.32222938002548,27.7017330086531],[85.32228168025046,27.702092177675247]]}},{"type":"Feature","properties":{},"geometry":{"type":"LineString","coordinates":[[85.32228168025046,27.702092177675247],[85.32202380233804,27.70211930374302]]}},{"type":"Feature","properties":{},"geometry":{"type":"LineString","coordinates":[[85.3167333168692,27.702238627939643],[85.32027510796134,27.701817378365018]]}},{"type":"Feature","properties":{},"geometry":{"type":"LineString","coordinates":[[85.31668931708185,27.702367765311227],[85.3167333168692,27.702238627939643]]}},{"type":"Feature","properties":{},"geometry":{"type":"LineString","coordinates":[[85.3167333168692,27.702238627939643],[85.3167447092477,27.70207870264012],[85.31668562290511,27.701795851915165],[85.31677054157744,27.701603952610053],[85.31680226664686,27.7013873021898],[85.31703865718194,27.701378631698972]]}},{"type":"Feature","properties":{},"geometry":{"type":"LineString","coordinates":[[85.32027510796134,27.701817378365018],[85.32026744174979,27.701462720667685],[85.32016502623604,27.700798272879737],[85.32003411878891,27.70040299786349],[85.31989952532666,27.70024893153754],[85.31946642171718,27.699887135322278],[85.31925507318502,27.699791543205585],[85.31891665097396,27.699721019394868],[85.31853312559646,27.699705680136834],[85.31828803711292,27.699733748973095],[85.31803690114099,27.699797775364623],[85.31782951520024,27.699881461463573],[85.31756184340705,27.700054934612204],[85.31736661519275,27.700237202152547],[85.31719228520598,27.7004599192245],[85.31707609108975,27.700821496439335],[85.31703865718194,27.701378631698972]]}},{"type":"Feature","properties":{},"geometry":{"type":"LineString","coordinates":[[85.3203626641046,27.703132039967656],[85.32041309739574,27.703126032606125]]}},{"type":"Feature","properties":{},"geometry":{"type":"LineString","coordinates":[[85.3175392556482,27.70335618692638],[85.31763032482925,27.703310601418764],[85.31788291215238,27.70328888520496],[85.3203626641046,27.703132039967656]]}},{"type":"Feature","properties":{},"geometry":{"type":"LineString","coordinates":[[85.32036877719207,27.703188950221097],[85.3203626641046,27.703132039967656]]}},{"type":"Feature","properties":{},"geometry":{"type":"LineString","coordinates":[[85.32018179418989,27.703525570521453],[85.3203649295575,27.703488422718138],[85.32036877719207,27.703188950221097]]}},{"type":"Feature","properties":{},"geometry":{"type":"LineString","coordinates":[[85.32018179418989,27.703525570521453],[85.3199661439898,27.703492903189833],[85.31979351640679,27.703499982400093],[85.31979845541956,27.703601071612148]]}},{"type":"Feature","properties":{},"geometry":{"type":"LineString","coordinates":[[85.32021355183474,27.703747162872826],[85.32018179418989,27.703525570521453]]}},{"type":"Feature","properties":{},"geometry":{"type":"LineString","coordinates":[[85.32022334802191,27.703860202072082],[85.32022832358852,27.704018973479656]]}},{"type":"Feature","properties":{},"geometry":{"type":"LineString","coordinates":[[85.32022832358852,27.704018973479656],[85.32022996812894,27.7041009446741]]}},{"type":"Feature","properties":{},"geometry":{"type":"LineString","coordinates":[[85.31906669401695,27.703900868656543],[85.31925279732695,27.703884437543913],[85.31928632318323,27.703932982815456],[85.31939939564643,27.703949094210195],[85.31961699316456,27.703887021407198],[85.32022334802191,27.703860202072082]]}},{"type":"Feature","properties":{},"geometry":{"type":"LineString","coordinates":[[85.32041309739574,27.703126032606125],[85.32108655723931,27.70309598551555],[85.32169838655713,27.7031484082221],[85.32202387145385,27.703145268031275]]}},{"type":"Feature","properties":{},"geometry":{"type":"LineString","coordinates":[[85.32194959908503,27.702751200990193],[85.32189257060692,27.702399830354068],[85.32171879217267,27.702405163381368],[85.32149378195243,27.70246637898212]]}},{"type":"Feature","properties":{},"geometry":{"type":"LineString","coordinates":[[85.32161161602701,27.702784835503785],[85.32149378195243,27.70246637898212]]}},{"type":"Feature","properties":{},"geometry":{"type":"LineString","coordinates":[[85.32161161602701,27.702784835503785],[85.32146218335902,27.702807511573596]]}},{"type":"Feature","properties":{},"geometry":{"type":"LineString","coordinates":[[85.32149378195243,27.70246637898212],[85.3214634111384,27.70233926332094]]}},{"type":"Feature","properties":{},"geometry":{"type":"LineString","coordinates":[[85.32036877719207,27.703188950221097],[85.32051965493925,27.703179028728755]]}},{"type":"Feature","properties":{},"geometry":{"type":"LineString","coordinates":[[85.32051965493925,27.703179028728755],[85.32069921682336,27.703164548794888],[85.32120186570712,27.703178233206156]]}},{"type":"Feature","properties":{},"geometry":{"type":"LineString","coordinates":[[85.32120186570712,27.703178233206156],[85.32146657595646,27.703201186398495]]}},{"type":"Feature","properties":{},"geometry":{"type":"LineString","coordinates":[[85.32146657595646,27.703201186398495],[85.32192041780975,27.7032174759216],[85.32217518997983,27.703201106957327]]}},{"type":"Feature","properties":{},"geometry":{"type":"LineString","coordinates":[[85.3206519033333,27.70358848053058],[85.320584356184,27.703524005345574],[85.32051965493925,27.703179028728755]]}},{"type":"Feature","properties":{},"geometry":{"type":"LineString","coordinates":[[85.32141879723264,27.70376580549041],[85.32136401754734,27.703469067891277],[85.32120135668521,27.70347246548604],[85.32120186570712,27.703178233206156]]}},{"type":"Feature","properties":{},"geometry":{"type":"LineString","coordinates":[[85.32146657595646,27.703201186398495],[85.32154744473586,27.703333786292177]]}},{"type":"Feature","properties":{},"geometry":{"type":"LineString","coordinates":[[85.32217518997983,27.703201106957327],[85.32221402292292,27.70349962671242]]}},{"type":"Feature","properties":{},"geometry":{"type":"LineString","coordinates":[[85.31901220645365,27.703295212092716],[85.32004326872251,27.703230100590286],[85.32036877719207,27.703188950221097]]}},{"type":"Feature","properties":{},"geometry":{"type":"LineString","coordinates":[[85.31905540469003,27.70375836660898],[85.31901220645365,27.703295212092716]]}},{"type":"Feature","properties":{},"geometry":{"type":"LineString","coordinates":[[85.31905482554792,27.70377881579072],[85.31905540469003,27.70375836660898]]}},{"type":"Feature","properties":{},"geometry":{"type":"LineString","coordinates":[[85.31905482554792,27.70377881579072],[85.31922797185887,27.70376716519862],[85.31922896821675,27.70371532509983],[85.31953133491069,27.703681373375534]]}},{"type":"Feature","properties":{},"geometry":{"type":"LineString","coordinates":[[85.31820405392092,27.703854455178156],[85.31905482554792,27.70377881579072]]}},{"type":"Feature","properties":{},"geometry":{"type":"LineString","coordinates":[[85.31820405392092,27.703854455178156],[85.3182212103193,27.70401058748895]]}},{"type":"Feature","properties":{},"geometry":{"type":"LineString","coordinates":[[85.31809134611632,27.703855910793063],[85.31820405392092,27.703854455178156]]}},{"type":"Feature","properties":{},"geometry":{"type":"LineString","coordinates":[[85.31790160573534,27.70407837358608],[85.31806062433233,27.704061860465263],[85.31803886340455,27.703854023994],[85.31809134611632,27.703855910793063]]}},{"type":"Feature","properties":{},"geometry":{"type":"LineString","coordinates":[[85.31906669401695,27.703900868656543],[85.31905482554792,27.70377881579072]]}},{"type":"Feature","properties":{},"geometry":{"type":"LineString","coordinates":[[85.31907795745131,27.704379334243466],[85.31906669401695,27.703900868656543]]}},{"type":"Feature","properties":{},"geometry":{"type":"LineString","coordinates":[[85.31907795745131,27.704379334243466],[85.31993488110491,27.704420707220685]]}},{"type":"Feature","properties":{},"geometry":{"type":"LineString","coordinates":[[85.31907661597576,27.704415710427252],[85.31907795745131,27.704379334243466]]}},{"type":"Feature","properties":{},"geometry":{"type":"LineString","coordinates":[[85.31907661597576,27.704415710427252],[85.31865658319695,27.70443913518789],[85.31859320960943,27.70436460755089]]}},{"type":"Feature","properties":{},"geometry":{"type":"LineString","coordinates":[[85.31906419576671,27.704555624868664],[85.31907661597576,27.704415710427252]]}},{"type":"Feature","properties":{},"geometry":{"type":"LineString","coordinates":[[85.31904882487244,27.704600329967068],[85.31906419576671,27.704555624868664]]}},{"type":"Feature","properties":{},"geometry":{"type":"LineString","coordinates":[[85.32261522309545,27.7045586287812],[85.32243171633957,27.703221067357134]]}},{"type":"Feature","properties":{},"geometry":{"type":"LineString","coordinates":[[85.32241266680029,27.703096225400593],[85.32215964132189,27.703144126616063],[85.32202387145385,27.703145268031275]]}},{"type":"Feature","properties":{},"geometry":{"type":"LineString","coordinates":[[85.3206519033333,27.70358848053058],[85.32087697495957,27.703578203280028],[85.32088246795661,27.70371867552016],[85.32101509377898,27.703722246317238],[85.32103791791184,27.703827894596746]]}},{"type":"Feature","properties":{},"geometry":{"type":"LineString","coordinates":[[85.32103791791184,27.703827894596746],[85.32094558078087,27.703841508714703]]}},{"type":"Feature","properties":{},"geometry":{"type":"LineString","coordinates":[[85.32094558078087,27.703841508714703],[85.3209938862365,27.70407569271082]]}},{"type":"Feature","properties":{},"geometry":{"type":"LineString","coordinates":[[85.32094558078087,27.703841508714703],[85.32087850814607,27.70384476473345]]}},{"type":"Feature","properties":{},"geometry":{"type":"LineString","coordinates":[[85.32103791791184,27.703827894596746],[85.32116588304893,27.703816578073813]]}},{"type":"Feature","properties":{},"geometry":{"type":"LineString","coordinates":[[85.32116588304893,27.703816578073813],[85.3211622707508,27.703718365134165]]}},{"type":"Feature","properties":{},"geometry":{"type":"LineString","coordinates":[[85.32116588304893,27.703816578073813],[85.32141879723264,27.70376580549041]]}},{"type":"Feature","properties":{},"geometry":{"type":"LineString","coordinates":[[85.32122050288899,27.70407921736945],[85.32116588304893,27.703816578073813]]}},{"type":"Feature","properties":{},"geometry":{"type":"LineString","coordinates":[[85.32122050288899,27.70407921736945],[85.32139024714473,27.70403638224117],[85.32172874110655,27.704022628680836]]}},{"type":"Feature","properties":{},"geometry":{"type":"LineString","coordinates":[[85.3212645148002,27.704320865626503],[85.32122050288899,27.70407921736945]]}},{"type":"Feature","properties":{},"geometry":{"type":"LineString","coordinates":[[85.32129400992518,27.704523345088976],[85.3212645148002,27.704320865626503]]}},{"type":"Feature","properties":{},"geometry":{"type":"LineString","coordinates":[[85.3212645148002,27.704320865626503],[85.32158382109324,27.704284358500495]]}},{"type":"Feature","properties":{},"geometry":{"type":"LineString","coordinates":[[85.32129400992518,27.704523345088976],[85.32155953139711,27.70450682883193]]}},{"type":"Feature","properties":{},"geometry":{"type":"LineString","coordinates":[[85.32155953139711,27.70450682883193],[85.32158444742366,27.70461120182668],[85.3216459116364,27.704596823085286]]}},{"type":"Feature","properties":{},"geometry":{"type":"LineString","coordinates":[[85.32155953139711,27.70450682883193],[85.32167875960513,27.704477328808334],[85.32166691537842,27.70443426458219],[85.32172629212042,27.70442117279541]]}},{"type":"Feature","properties":{},"geometry":{"type":"LineString","coordinates":[[85.32172629212042,27.70442117279541],[85.32174639580869,27.70442554658422],[85.32179114693817,27.704541651251894]]}},{"type":"Feature","properties":{},"geometry":{"type":"LineString","coordinates":[[85.32172629212042,27.70442117279541],[85.32171516103894,27.70431150202694]]}},{"type":"Feature","properties":{},"geometry":{"type":"LineString","coordinates":[[85.32131626047752,27.704699938288552],[85.32129400992518,27.704523345088976]]}},{"type":"Feature","properties":{},"geometry":{"type":"LineString","coordinates":[[85.32131626047752,27.704699938288552],[85.32136320592438,27.704698777402854]]}},{"type":"Feature","properties":{},"geometry":{"type":"LineString","coordinates":[[85.32131626047752,27.704699938288552],[85.32113411781314,27.704705447013364],[85.32115322359115,27.70470837012658],[85.32113411781314,27.704705447013364],[85.32111421724142,27.70463250099181],[85.32101600082285,27.704648969884325],[85.32097840889628,27.70464835507487],[85.32096697728971,27.704626706018182],[85.3208568714651,27.704636257873652]]}},{"type":"Feature","properties":{},"geometry":{"type":"LineString","coordinates":[[85.3208568714651,27.704636257873652],[85.32079762370489,27.704642436433573]]}},{"type":"Feature","properties":{},"geometry":{"type":"LineString","coordinates":[[85.32166327402695,27.70498966589638],[85.32164193911501,27.704832449791564],[85.32137936673585,27.704843072210483],[85.32131626047752,27.704699938288552]]}},{"type":"Feature","properties":{},"geometry":{"type":"LineString","coordinates":[[85.32166327402695,27.70498966589638],[85.32181997388163,27.70496927731984],[85.32182085120064,27.704752596348023],[85.3217949731195,27.704668065955534],[85.32189016991778,27.704634877220755],[85.32191467856124,27.704668020726313],[85.32205854086708,27.70460774160135]]}},{"type":"Feature","properties":{},"geometry":{"type":"LineString","coordinates":[[85.32170423683361,27.705421201811458],[85.32166327402695,27.70498966589638]]}},{"type":"Feature","properties":{},"geometry":{"type":"LineString","coordinates":[[85.32170423683361,27.705421201811458],[85.32191392711121,27.705411499155577]]}},{"type":"Feature","properties":{},"geometry":{"type":"LineString","coordinates":[[85.31898006760356,27.705061053556225],[85.31898281940039,27.70484887488555],[85.31904882487244,27.704600329967068]]}},{"type":"Feature","properties":{},"geometry":{"type":"LineString","coordinates":[[85.31906419576671,27.704555624868664],[85.3196947023007,27.704589744253404],[85.32023498351437,27.704578643148263]]}},{"type":"Feature","properties":{},"geometry":{"type":"LineString","coordinates":[[85.32023498351437,27.704578643148263],[85.32027903467173,27.70454240342719]]}},{"type":"Feature","properties":{},"geometry":{"type":"LineString","coordinates":[[85.32026637492106,27.704999854475428],[85.32023498351437,27.704578643148263]]}},{"type":"Feature","properties":{},"geometry":{"type":"LineString","coordinates":[[85.31904882487244,27.704600329967068],[85.31858808157632,27.704602420338553]]}},{"type":"Feature","properties":{},"geometry":{"type":"LineString","coordinates":[[85.31858808157632,27.704602420338553],[85.31857894031191,27.70468102125714]]}},{"type":"Feature","properties":{},"geometry":{"type":"LineString","coordinates":[[85.31858808157632,27.704602420338553],[85.31854203196268,27.70459740691778],[85.318457109935,27.704526893733878]]}},{"type":"Feature","properties":{},"geometry":{"type":"LineString","coordinates":[[85.32022832358852,27.704018973479656],[85.32010975967727,27.70402140482244]]}},{"type":"Feature","properties":{},"geometry":{"type":"LineString","coordinates":[[85.32045259748766,27.705645219148877],[85.32171715832907,27.70556058536074]]}},{"type":"Feature","properties":{},"geometry":{"type":"LineString","coordinates":[[85.31991075955618,27.705681464131604],[85.32045259748766,27.705645219148877]]}},{"type":"Feature","properties":{},"geometry":{"type":"LineString","coordinates":[[85.31913987783341,27.70574395539322],[85.31991075955618,27.705681464131604]]}},{"type":"Feature","properties":{},"geometry":{"type":"LineString","coordinates":[[85.31715486018446,27.705921203195153],[85.31913987783341,27.70574395539322]]}},{"type":"Feature","properties":{},"geometry":{"type":"LineString","coordinates":[[85.31913987783341,27.70574395539322],[85.31912854532094,27.70564818579261],[85.31897407857602,27.705328749138975]]}},{"type":"Feature","properties":{},"geometry":{"type":"LineString","coordinates":[[85.31897407857602,27.705328749138975],[85.3189657044676,27.705072162763464]]}},{"type":"Feature","properties":{},"geometry":{"type":"LineString","coordinates":[[85.32012029575006,27.70578848867962],[85.32012781211355,27.706241162702455]]}},{"type":"Feature","properties":{},"geometry":{"type":"LineString","coordinates":[[85.32012029575006,27.70578848867962],[85.32176834000282,27.705673909632083]]}},{"type":"Feature","properties":{},"geometry":{"type":"LineString","coordinates":[[85.31995938727513,27.70580006318196],[85.32012029575006,27.70578848867962]]}},{"type":"Feature","properties":{},"geometry":{"type":"LineString","coordinates":[[85.31995938727513,27.70580006318196],[85.31996910054171,27.7063101802441]]}},{"type":"Feature","properties":{},"geometry":{"type":"LineString","coordinates":[[85.31932454188865,27.705846769270813],[85.31995938727513,27.70580006318196]]}},{"type":"Feature","properties":{},"geometry":{"type":"LineString","coordinates":[[85.31932454188865,27.705846769270813],[85.31934011737836,27.706267255197844]]}},{"type":"Feature","properties":{},"geometry":{"type":"LineString","coordinates":[[85.31706880115905,27.70562143506764],[85.31749585593008,27.705499740299604],[85.31747357789801,27.70532559948165]]}},{"type":"Feature","properties":{},"geometry":{"type":"LineString","coordinates":[[85.31678511707331,27.706000133489688],[85.31715486018446,27.705921203195153]]}},{"type":"Feature","properties":{},"geometry":{"type":"LineString","coordinates":[[85.32217518997983,27.703201106957327],[85.32219209335106,27.70320082716228],[85.322193460982,27.703245387155025],[85.32243171633957,27.703221067357134]]}},{"type":"Feature","properties":{},"geometry":{"type":"LineString","coordinates":[[85.32194959908503,27.702751200990193],[85.32161161602701,27.702784835503785]]}},{"type":"Feature","properties":{},"geometry":{"type":"LineString","coordinates":[[85.32041309739574,27.703126032606125],[85.32025278610568,27.70218984135001]]}},{"type":"Feature","properties":{},"geometry":{"type":"LineString","coordinates":[[85.31715647335764,27.70592861736359],[85.31914160816407,27.70575266611931]]}},{"type":"Feature","properties":{},"geometry":{"type":"LineString","coordinates":[[85.32045277284506,27.705651381156766],[85.32171715832907,27.70556058536074]]}},{"type":"Feature","properties":{},"geometry":{"type":"LineString","coordinates":[[85.3187695653663,27.705895653730252],[85.31932454188865,27.705846769270813]]}},{"type":"Feature","properties":{},"geometry":{"type":"LineString","coordinates":[[85.31851666047616,27.705916001959228],[85.3187695653663,27.705895653730252]]}},{"type":"Feature","properties":{},"geometry":{"type":"LineString","coordinates":[[85.31851797650059,27.70592772216227],[85.31858435294636,27.706765684070994]]}},{"type":"Feature","properties":{},"geometry":{"type":"LineString","coordinates":[[85.31678511707331,27.706000133489688],[85.31715647335764,27.70592861736359]]}},{"type":"Feature","properties":{},"geometry":{"type":"LineString","coordinates":[[85.31667219660967,27.706129441690827],[85.31679932522283,27.706081849445354],[85.31695817550454,27.706054367914856],[85.3176738229937,27.705981678636277]]}},{"type":"Feature","properties":{},"geometry":{"type":"LineString","coordinates":[[85.31932407678504,27.705842247282355],[85.3217379632613,27.70566505018134],[85.32210736780151,27.705675170234382],[85.32219539386331,27.705698714245493],[85.32271266671628,27.705699788920708]]}},{"type":"Feature","properties":{},"geometry":{"type":"LineString","coordinates":[[85.31644807681002,27.706470017204143],[85.31643052723288,27.70639307475963],[85.31648984187431,27.706267295409823],[85.31663867428936,27.706110493032376]]}},{"type":"Feature","properties":{},"geometry":{"type":"LineString","coordinates":[[85.31663306748257,27.70598770032102],[85.31642344747954,27.706012690307286],[85.31637072910101,27.70598177321346],[85.3163476917389,27.70591128670533]]}},{"type":"Feature","properties":{},"geometry":{"type":"LineString","coordinates":[[85.32027903467173,27.70454240342719],[85.32030229358946,27.70428723336489]]}},{"type":"Feature","properties":{},"geometry":{"type":"LineString","coordinates":[[85.32030229358946,27.70428723336489],[85.32044516638983,27.70434335259069]]}},{"type":"Feature","properties":{},"geometry":{"type":"LineString","coordinates":[[85.32030229358946,27.70428723336489],[85.32033733917206,27.704224751104835],[85.3203140745911,27.704197549455852],[85.32035922620693,27.703956183211808]]}},{"type":"Feature","properties":{},"geometry":{"type":"LineString","coordinates":[[85.32035922620693,27.703956183211808],[85.32060867959211,27.703987812375626],[85.32062552640276,27.703958523333363],[85.32072370144304,27.70395345968101]]}},{"type":"Feature","properties":{},"geometry":{"type":"LineString","coordinates":[[85.32072370144304,27.70395345968101],[85.3207305742786,27.704180021834436],[85.3208139564814,27.70417078580419],[85.32082806688415,27.704229006975055],[85.32084838066554,27.704227469953974]]}},{"type":"Feature","properties":{},"geometry":{"type":"LineString","coordinates":[[85.32084838066554,27.704227469953974],[85.32086267012474,27.70438618195349],[85.32076478619148,27.704394659045096]]}},{"type":"Feature","properties":{},"geometry":{"type":"LineString","coordinates":[[85.32084838066554,27.704227469953974],[85.3209530904311,27.704216849008507]]}},{"type":"Feature","properties":{},"geometry":{"type":"LineString","coordinates":[[85.3209530904311,27.704216849008507],[85.32096670496408,27.70445316101287]]}},{"type":"Feature","properties":{},"geometry":{"type":"LineString","coordinates":[[85.3208568714651,27.704636257873652],[85.32086182801407,27.704732623348587]]}},{"type":"Feature","properties":{},"geometry":{"type":"LineString","coordinates":[[85.32036668138188,27.703745859337978],[85.3204447404929,27.703745298292674],[85.32044399017867,27.703722119910857],[85.32052517478154,27.703708435803602],[85.32052395385178,27.70369002979465],[85.32065954797196,27.70366451626994],[85.3206519033333,27.70358848053058]]}},{"type":"Feature","properties":{},"geometry":{"type":"LineString","coordinates":[[85.32027903467173,27.70454240342719],[85.3205167883949,27.704481917708453]]}},{"type":"Feature","properties":{},"geometry":{"type":"LineString","coordinates":[[85.3205167883949,27.704481917708453],[85.32053113576987,27.704388198942137]]}},{"type":"Feature","properties":{},"geometry":{"type":"LineString","coordinates":[[85.3205167883949,27.704481917708453],[85.3205344994559,27.704566433159506]]}},{"type":"Feature","properties":{},"geometry":{"type":"LineString","coordinates":[[85.32761435889054,27.708967353218615],[85.32775554103804,27.709478370474763]]}},{"type":"Feature","properties":{},"geometry":{"type":"LineString","coordinates":[[85.32752884532445,27.70867122375815],[85.32761435889054,27.708967353218615]]}},{"type":"Feature","properties":{},"geometry":{"type":"LineString","coordinates":[[85.32724319795244,27.70766264118681],[85.32730310843024,27.70790837901959],[85.32734460501979,27.707987551087278],[85.32737276611395,27.70816372219951],[85.3274737952279,27.708411749301824]]}},{"type":"Feature","properties":{},"geometry":{"type":"LineString","coordinates":[[85.32717698581746,27.70729702022618],[85.32721121421109,27.707525542090238]]}},{"type":"Feature","properties":{},"geometry":{"type":"LineString","coordinates":[[85.32712466649076,27.707098194669904],[85.32717698581746,27.70729702022618]]}},{"type":"Feature","properties":{},"geometry":{"type":"LineString","coordinates":[[85.32698751017276,27.706508913159666],[85.32712466649076,27.707098194669904]]}},{"type":"Feature","properties":{},"geometry":{"type":"LineString","coordinates":[[85.32687931938617,27.706160525161586],[85.32698251857802,27.70648520606677]]}},{"type":"Feature","properties":{},"geometry":{"type":"LineString","coordinates":[[85.32680374177407,27.705833205072743],[85.32687931938617,27.706160525161586]]}},{"type":"Feature","properties":{},"geometry":{"type":"LineString","coordinates":[[85.32674694564228,27.70537852504726],[85.32680374177407,27.705833205072743]]}},{"type":"Feature","properties":{},"geometry":{"type":"LineString","coordinates":[[85.32761435889054,27.708967353218615],[85.3275665702843,27.708976665015953],[85.32747793632281,27.708952895843527],[85.32715705725612,27.709060437626214]]}},{"type":"Feature","properties":{},"geometry":{"type":"LineString","coordinates":[[85.32752884532445,27.70867122375815],[85.3272639811856,27.708740465213268]]}},{"type":"Feature","properties":{},"geometry":{"type":"LineString","coordinates":[[85.3274737952279,27.708411749301824],[85.32718222148117,27.70849248312839]]}},{"type":"Feature","properties":{},"geometry":{"type":"LineString","coordinates":[[85.32724319795244,27.70766264118681],[85.3267653283143,27.707734753411838]]}},{"type":"Feature","properties":{},"geometry":{"type":"LineString","coordinates":[[85.32712466649076,27.707098194669904],[85.32663078381553,27.707191304809104]]}},{"type":"Feature","properties":{},"geometry":{"type":"LineString","coordinates":[[85.32663078381553,27.707191304809104],[85.32670640105252,27.707539364173524]]}},{"type":"Feature","properties":{},"geometry":{"type":"LineString","coordinates":[[85.32663078381553,27.707191304809104],[85.32659651304945,27.707151156724468],[85.3265769030807,27.707044953294133]]}},{"type":"Feature","properties":{},"geometry":{"type":"LineString","coordinates":[[85.32663078381553,27.707191304809104],[85.32638591484047,27.707216277266397]]}},{"type":"Feature","properties":{},"geometry":{"type":"LineString","coordinates":[[85.32661798426986,27.70655865795157],[85.32698251857802,27.70648520606677]]}},{"type":"Feature","properties":{},"geometry":{"type":"LineString","coordinates":[[85.32661798426986,27.70655865795157],[85.32660794742552,27.706630652009235],[85.32663252149516,27.706736709670242]]}},{"type":"Feature","properties":{},"geometry":{"type":"LineString","coordinates":[[85.32620332880451,27.70648302823998],[85.32661798426986,27.70655865795157]]}},{"type":"Feature","properties":{},"geometry":{"type":"LineString","coordinates":[[85.32620332880451,27.70648302823998],[85.32622858479439,27.70675749701897]]}},{"type":"Feature","properties":{},"geometry":{"type":"LineString","coordinates":[[85.326134484452,27.70645397217083],[85.32620332880451,27.70648302823998]]}},{"type":"Feature","properties":{},"geometry":{"type":"LineString","coordinates":[[85.326134484452,27.70645397217083],[85.32607479234551,27.706494718791205],[85.3259311461575,27.706538552139385],[85.3259511632585,27.706724647789503],[85.32589390933198,27.706783556899705]]}},{"type":"Feature","properties":{},"geometry":{"type":"LineString","coordinates":[[85.32600429476865,27.706316032711403],[85.326134484452,27.70645397217083]]}},{"type":"Feature","properties":{},"geometry":{"type":"LineString","coordinates":[[85.32593302284072,27.70611760753589],[85.32591898400571,27.706160646329476],[85.32600429476865,27.706316032711403]]}},{"type":"Feature","properties":{},"geometry":{"type":"LineString","coordinates":[[85.32559802283419,27.705510266465232],[85.32593302284072,27.70611760753589]]}},{"type":"Feature","properties":{},"geometry":{"type":"LineString","coordinates":[[85.32593302284072,27.70611760753589],[85.32634914066045,27.705993619284463]]}},{"type":"Feature","properties":{},"geometry":{"type":"LineString","coordinates":[[85.32600429476865,27.706316032711403],[85.32618257869493,27.70629988410183],[85.32626276812049,27.706260934951857],[85.32687931938617,27.706160525161586]]}},{"type":"Feature","properties":{},"geometry":{"type":"LineString","coordinates":[[85.32559802283419,27.705510266465232],[85.32609530034179,27.70544621414261],[85.32662192324918,27.705408223851634],[85.32674694564228,27.70537852504726]]}},{"type":"Feature","properties":{},"geometry":{"type":"LineString","coordinates":[[85.32542744448338,27.705552016289786],[85.32559802283419,27.705510266465232]]}},{"type":"Feature","properties":{},"geometry":{"type":"LineString","coordinates":[[85.32717698581746,27.70729702022618],[85.32684060489457,27.70735572675833],[85.32686415558929,27.70746394444311]]}},{"type":"Feature","properties":{},"geometry":{"type":"LineString","coordinates":[[85.32680374177407,27.705833205072743],[85.32653682123198,27.70584286767517],[85.32648285169945,27.70580921984388],[85.32643100116535,27.705668099618325]]}},{"type":"Feature","properties":{},"geometry":{"type":"LineString","coordinates":[[85.32295600305193,27.70571012820587],[85.32294395312485,27.706614002318847],[85.32291831940489,27.706815608673924]]}},{"type":"Feature","properties":{},"geometry":{"type":"LineString","coordinates":[[85.31683010542635,27.70782130784595],[85.31644422580253,27.706394168285357]]}},{"type":"Feature","properties":{},"geometry":{"type":"LineString","coordinates":[[85.32020716033601,27.701943778718075],[85.32108254656107,27.701827501697128]]}},{"type":"Feature","properties":{},"geometry":{"type":"LineString","coordinates":[[85.32242762309235,27.703193262616796],[85.32235321810194,27.703198055995855]]}},{"type":"Feature","properties":{},"geometry":{"type":"LineString","coordinates":[[85.32171715832907,27.70556058536074],[85.32170423683361,27.705421201811458]]}},{"type":"Feature","properties":{},"geometry":{"type":"LineString","coordinates":[[85.31914160816407,27.70575266611931],[85.31913987783341,27.70574395539322]]}},{"type":"Feature","properties":{},"geometry":{"type":"LineString","coordinates":[[85.31932407678504,27.705842247282355],[85.31932454188865,27.705846769270813]]}},{"type":"Feature","properties":{},"geometry":{"type":"LineString","coordinates":[[85.32326000177312,27.707402133742562],[85.32347756234742,27.707324302439346]]}},{"type":"Feature","properties":{},"geometry":{"type":"LineString","coordinates":[[85.31644598364258,27.706387798741364],[85.3164956704558,27.706270618169764],[85.31667219660967,27.706129441690827]]}},{"type":"Feature","properties":{},"geometry":{"type":"LineString","coordinates":[[85.31630504596097,27.706508094187466],[85.31644807681002,27.706470017204143]]}},{"type":"Feature","properties":{},"geometry":{"type":"LineString","coordinates":[[85.31645965170041,27.706526734945495],[85.31632760914293,27.706571030556024]]}},{"type":"Feature","properties":{},"geometry":{"type":"LineString","coordinates":[[85.31667622169746,27.702395056106845],[85.31668931708185,27.702367765311227]]}},{"type":"Feature","properties":{},"geometry":{"type":"LineString","coordinates":[[85.31667622169746,27.702395056106845],[85.31684358900156,27.702354663375814]]}},{"type":"Feature","properties":{},"geometry":{"type":"LineString","coordinates":[[85.31646250749067,27.706540726641144],[85.31655489187699,27.70691680550358]]}},{"type":"Feature","properties":{},"geometry":{"type":"LineString","coordinates":[[85.31660696557091,27.707113456325548],[85.31662606306784,27.707109869009994]]}},{"type":"Feature","properties":{},"geometry":{"type":"LineString","coordinates":[[85.31810357051096,27.70803354443557],[85.3181080466196,27.708058406194894]]}},{"type":"Feature","properties":{},"geometry":{"type":"LineString","coordinates":[[85.32243171633957,27.703221067357134],[85.32242762309235,27.703193262616796]]}},{"type":"Feature","properties":{},"geometry":{"type":"LineString","coordinates":[[85.32242762309235,27.703193262616796],[85.32241266680029,27.703096225400593]]}},{"type":"Feature","properties":{},"geometry":{"type":"LineString","coordinates":[[85.32228168025046,27.702092177675247],[85.32241266680029,27.703096225400593]]}},{"type":"Feature","properties":{},"geometry":{"type":"LineString","coordinates":[[85.3163476917389,27.70591128670533],[85.31632975857353,27.705863561295445]]}},{"type":"Feature","properties":{},"geometry":{"type":"LineString","coordinates":[[85.31644807681002,27.706470017204143],[85.3164565997922,27.70651177875109]]}},{"type":"Feature","properties":{},"geometry":{"type":"LineString","coordinates":[[85.32413113675673,27.71009589495101],[85.32424187913776,27.710090759115843]]}},{"type":"Feature","properties":{},"geometry":{"type":"LineString","coordinates":[[85.31745816623733,27.703455729638044],[85.3175590929581,27.703398850396933]]}},{"type":"Feature","properties":{},"geometry":{"type":"LineString","coordinates":[[85.31663867428936,27.706110493032376],[85.31671356240506,27.70602832532692],[85.31678395670707,27.706000481300315]]}},{"type":"Feature","properties":{},"geometry":{"type":"LineString","coordinates":[[85.31678395670707,27.706000481300315],[85.31663306748257,27.70598770032102]]}},{"type":"Feature","properties":{},"geometry":{"type":"LineString","coordinates":[[85.31991200961538,27.70568710848595],[85.32045277284506,27.705651381156766]]}},{"type":"Feature","properties":{},"geometry":{"type":"LineString","coordinates":[[85.3235648127869,27.708102299740055],[85.32380448281299,27.70806207773317]]}},{"type":"Feature","properties":{},"geometry":{"type":"LineString","coordinates":[[85.31678395670707,27.706000481300315],[85.31678471567838,27.706000254062527]]}},{"type":"Feature","properties":{},"geometry":{"type":"LineString","coordinates":[[85.32045259748766,27.705645219148877],[85.32044612553237,27.705552875092355]]}},{"type":"Feature","properties":{},"geometry":{"type":"LineString","coordinates":[[85.32328319922871,27.707509013680298],[85.32336074375286,27.70781490289595]]}},{"type":"Feature","properties":{},"geometry":{"type":"LineString","coordinates":[[85.31665752578625,27.70610607417794],[85.31692176416853,27.7060529856406],[85.3176722832474,27.705976085800035]]}},{"type":"Feature","properties":{},"geometry":{"type":"LineString","coordinates":[[85.32215102493733,27.70958821706619],[85.3219307774817,27.70824977988964],[85.3219223467496,27.708119291279438],[85.32196644228088,27.707958297992967]]}},{"type":"Feature","properties":{},"geometry":{"type":"LineString","coordinates":[[85.32721121421109,27.707525542090238],[85.32697979171412,27.70756199061783]]}},{"type":"Feature","properties":{},"geometry":{"type":"LineString","coordinates":[[85.31655489187699,27.70691680550358],[85.31660696557091,27.707113456325548]]}},{"type":"Feature","properties":{},"geometry":{"type":"LineString","coordinates":[[85.32035922620693,27.703956183211808],[85.32036668138188,27.703745859337978]]}},{"type":"Feature","properties":{},"geometry":{"type":"LineString","coordinates":[[85.3176738229937,27.705981678636277],[85.31851666047616,27.705916001959228]]}},{"type":"Feature","properties":{},"geometry":{"type":"LineString","coordinates":[[85.32328319922871,27.707509013680298],[85.32290151806922,27.707647515542114]]}},{"type":"Feature","properties":{},"geometry":{"type":"LineString","coordinates":[[85.31652748677088,27.703510602791344],[85.31654190621968,27.703511548020067]]}},{"type":"Feature","properties":{},"geometry":{"type":"LineString","coordinates":[[85.32271266671628,27.705699788920708],[85.32290345866505,27.705707895897117]]}},{"type":"Feature","properties":{},"geometry":{"type":"LineString","coordinates":[[85.32271363580573,27.705691128087803],[85.32272608822475,27.705593566512658]]}},{"type":"Feature","properties":{},"geometry":{"type":"LineString","coordinates":[[85.32271266671628,27.705699788920708],[85.32271363580573,27.705691128087803]]}},{"type":"Feature","properties":{},"geometry":{"type":"LineString","coordinates":[[85.32721121421109,27.707525542090238],[85.32724319795244,27.70766264118681]]}},{"type":"Feature","properties":{},"geometry":{"type":"LineString","coordinates":[[85.32022334802191,27.703860202072082],[85.32021355183474,27.703747162872826]]}},{"type":"Feature","properties":{},"geometry":{"type":"LineString","coordinates":[[85.32271226726188,27.705703760703166],[85.32271266671628,27.705699788920708]]}},{"type":"Feature","properties":{},"geometry":{"type":"LineString","coordinates":[[85.32234098798355,27.70458865187307],[85.32233353997813,27.70449676894855]]}},{"type":"Feature","properties":{},"geometry":{"type":"LineString","coordinates":[[85.32202387145385,27.703145268031275],[85.32194959908503,27.702751200990193]]}},{"type":"Feature","properties":{},"geometry":{"type":"LineString","coordinates":[[85.3274737952279,27.708411749301824],[85.32752884532445,27.70867122375815]]}},{"type":"Feature","properties":{},"geometry":{"type":"LineString","coordinates":[[85.31665752578625,27.70610607417794],[85.31667219660967,27.706129441690827]]}},{"type":"Feature","properties":{},"geometry":{"type":"LineString","coordinates":[[85.32127467962927,27.701699513822323],[85.32194675744998,27.70161831527546],[85.32220475160929,27.70156641308482]]}},{"type":"Feature","properties":{},"geometry":{"type":"LineString","coordinates":[[85.32272608822475,27.705593566512658],[85.3227312538828,27.705492069985276],[85.32261522309545,27.7045586287812]]}},{"type":"Feature","properties":{},"geometry":{"type":"LineString","coordinates":[[85.31934637229895,27.70573538755168],[85.31991200961538,27.70568710848595]]}},{"type":"Feature","properties":{},"geometry":{"type":"LineString","coordinates":[[85.31425832355798,27.70705738505086],[85.31449852105825,27.706993896362913]]}},{"type":"Feature","properties":{},"geometry":{"type":"LineString","coordinates":[[85.32129131163897,27.708002193958226],[85.32162835648778,27.70799765471509]]}},{"type":"Feature","properties":{},"geometry":{"type":"LineString","coordinates":[[85.31700882116918,27.708010979349034],[85.31702215252147,27.708074458611943]]}},{"type":"Feature","properties":{},"geometry":{"type":"LineString","coordinates":[[85.32219773225297,27.701679969572407],[85.32220475160929,27.70156641308482]]}},{"type":"Feature","properties":{},"geometry":{"type":"LineString","coordinates":[[85.31699753668536,27.707957249899206],[85.31700882116918,27.708010979349034]]}},{"type":"Feature","properties":{},"geometry":{"type":"LineString","coordinates":[[85.31655032550108,27.70351209987537],[85.31690982268962,27.703525188057814]]}},{"type":"Feature","properties":{},"geometry":{"type":"LineString","coordinates":[[85.31654190621968,27.703511548020067],[85.31655032550108,27.70351209987537]]}},{"type":"Feature","properties":{},"geometry":{"type":"LineString","coordinates":[[85.32698751017276,27.706508913159666],[85.32695628806397,27.706516665042262]]}},{"type":"Feature","properties":{},"geometry":{"type":"LineString","coordinates":[[85.32698251857802,27.70648520606677],[85.32698751017276,27.706508913159666]]}},{"type":"Feature","properties":{},"geometry":{"type":"LineString","coordinates":[[85.31914160816407,27.70575266611931],[85.31934637229895,27.70573538755168]]}},{"type":"Feature","properties":{},"geometry":{"type":"LineString","coordinates":[[85.32290345866505,27.705707895897117],[85.32295600305193,27.70571012820587]]}},{"type":"Feature","properties":{},"geometry":{"type":"LineString","coordinates":[[85.32162835648778,27.70799765471509],[85.32176917554509,27.707913758325716]]}},{"type":"Feature","properties":{},"geometry":{"type":"LineString","coordinates":[[85.32287462961104,27.706856856420263],[85.32289428955782,27.706838295472213]]}},{"type":"Feature","properties":{},"geometry":{"type":"LineString","coordinates":[[85.3215711334072,27.70791703311742],[85.32176917554509,27.707913758325716]]}},{"type":"Feature","properties":{},"geometry":{"type":"LineString","coordinates":[[85.3176738229937,27.705981678636277],[85.31767452450981,27.7059878398168]]}},{"type":"Feature","properties":{},"geometry":{"type":"LineString","coordinates":[[85.31851666047616,27.705916001959228],[85.31851797650059,27.70592772216227]]}},{"type":"Feature","properties":{},"geometry":{"type":"LineString","coordinates":[[85.3187695653663,27.705895653730252],[85.31877100821279,27.705909818664363]]}},{"type":"Feature","properties":{},"geometry":{"type":"LineString","coordinates":[[85.32176834000282,27.705673909632083],[85.32176851865087,27.70568178290948]]}},{"type":"Feature","properties":{},"geometry":{"type":"LineString","coordinates":[[85.32025278610568,27.70218984135001],[85.32021987115239,27.70200422940504]]}},{"type":"Feature","properties":{},"geometry":{"type":"LineString","coordinates":[[85.3221959068057,27.701700197906383],[85.32219773225297,27.701679969572407]]}},{"type":"Feature","properties":{},"geometry":{"type":"LineString","coordinates":[[85.3221959068057,27.701700197906383],[85.32222938002548,27.7017330086531]]}},{"type":"Feature","properties":{},"geometry":{"type":"LineString","coordinates":[[85.32108254656107,27.701827501697128],[85.32131787649588,27.701802919899514]]}},{"type":"Feature","properties":{},"geometry":{"type":"LineString","coordinates":[[85.32272585739577,27.705719765980966],[85.32271226726188,27.705703760703166]]}},{"type":"Feature","properties":{},"geometry":{"type":"LineString","coordinates":[[85.3242386739637,27.708824787899342],[85.32431879954687,27.708833243684133],[85.32442271714773,27.708886474898392],[85.32474785365356,27.70914671499629],[85.324864004508,27.709201564206314],[85.32524521611529,27.709273390037914],[85.32600688396997,27.709291146635593],[85.32605017050022,27.709316618372483],[85.32615085108813,27.709469170642794],[85.32618598905069,27.709731925544666],[85.32595623910824,27.70992569380886],[85.32582973372249,27.70991966447978],[85.32538565593903,27.709990636049465],[85.32499759416193,27.71002058369511]]}},{"type":"Feature","properties":{},"geometry":{"type":"LineString","coordinates":[[85.32128928101814,27.70800222077583],[85.32129131163897,27.708002193958226]]}},{"type":"Feature","properties":{},"geometry":{"type":"LineString","coordinates":[[85.31715486018446,27.705921203195153],[85.31706880115905,27.70562143506764]]}},{"type":"Feature","properties":{},"geometry":{"type":"LineString","coordinates":[[85.31683010542635,27.70782130784595],[85.31689039594357,27.70790177183807],[85.31699753668536,27.707957249899206]]}},{"type":"Feature","properties":{},"geometry":{"type":"LineString","coordinates":[[85.3236664013457,27.708402967254997],[85.32368488279295,27.708459572296068]]}},{"type":"Feature","properties":{},"geometry":{"type":"LineString","coordinates":[[85.3176722832474,27.705976085800035],[85.3187707150147,27.7058893245997]]}},{"type":"Feature","properties":{},"geometry":{"type":"LineString","coordinates":[[85.32610275373318,27.70926521702268],[85.32624467886536,27.709728251606265],[85.3263128392054,27.709767903435104]]}},{"type":"Feature","properties":{},"geometry":{"type":"LineString","coordinates":[[85.32528783889556,27.705568459530745],[85.32542744448338,27.705552016289786]]}},{"type":"Feature","properties":{},"geometry":{"type":"LineString","coordinates":[[85.3170409992211,27.708599217327748],[85.31704988686725,27.708598218871643]]}},{"type":"Feature","properties":{},"geometry":{"type":"LineString","coordinates":[[85.31710930209101,27.708836096794514],[85.31712577961844,27.708830780779657]]}},{"type":"Feature","properties":{},"geometry":{"type":"LineString","coordinates":[[85.31704803507375,27.708061184591557],[85.3170532053469,27.708068290919655]]}},{"type":"Feature","properties":{},"geometry":{"type":"LineString","coordinates":[[85.3171274771842,27.70804517631629],[85.31712813548907,27.70805282978205]]}},{"type":"Feature","properties":{},"geometry":{"type":"LineString","coordinates":[[85.32215529167287,27.70117161157536],[85.3221428788859,27.70117347200956]]}},{"type":"Feature","properties":{},"geometry":{"type":"LineString","coordinates":[[85.32204403880822,27.701042423625317],[85.32205058386694,27.7010697616955]]}},{"type":"Feature","properties":{},"geometry":{"type":"LineString","coordinates":[[85.32190085891482,27.701025479294888],[85.32190004495955,27.701037454356428]]}},{"type":"Feature","properties":{},"geometry":{"type":"LineString","coordinates":[[85.32172829852935,27.70105824295058],[85.32174372925273,27.701136749470976]]}},{"type":"Feature","properties":{},"geometry":{"type":"LineString","coordinates":[[85.32157452744711,27.70108401742184],[85.32157554486903,27.70109108406749]]}},{"type":"Feature","properties":{},"geometry":{"type":"LineString","coordinates":[[85.32145995391261,27.70110678496228],[85.32146110975138,27.7011125590339]]}},{"type":"Feature","properties":{},"geometry":{"type":"LineString","coordinates":[[85.32135671382613,27.70112579533995],[85.32135672201342,27.701163155483222]]}},{"type":"Feature","properties":{},"geometry":{"type":"LineString","coordinates":[[85.32134102714674,27.701123587935236],[85.32134264333997,27.701162686026695]]}},{"type":"Feature","properties":{},"geometry":{"type":"LineString","coordinates":[[85.3213317544353,27.7011231532872],[85.32133396928474,27.701167128783165]]}},{"type":"Feature","properties":{},"geometry":{"type":"LineString","coordinates":[[85.32131288877751,27.701121608610936],[85.32132243873635,27.701070606840002]]}},{"type":"Feature","properties":{},"geometry":{"type":"LineString","coordinates":[[85.32123687846125,27.7011244469067],[85.32123622407416,27.701130563657237]]}},{"type":"Feature","properties":{},"geometry":{"type":"LineString","coordinates":[[85.32208125452068,27.700839416113208],[85.32207247664898,27.70083898300037]]}},{"type":"Feature","properties":{},"geometry":{"type":"LineString","coordinates":[[85.3220805199505,27.70083427351951],[85.32207221938734,27.70083657730068]]}},{"type":"Feature","properties":{},"geometry":{"type":"LineString","coordinates":[[85.32207953262457,27.700831202819177],[85.32207210152039,27.700835532527126]]}},{"type":"Feature","properties":{},"geometry":{"type":"LineString","coordinates":[[85.32180793897365,27.700683707133454],[85.32180986658162,27.700691397641343]]}},{"type":"Feature","properties":{},"geometry":{"type":"LineString","coordinates":[[85.32171869804833,27.700701848665243],[85.32172142198127,27.700710313285597]]}},{"type":"Feature","properties":{},"geometry":{"type":"LineString","coordinates":[[85.32168463324359,27.700524638380525],[85.32168004116556,27.70052686344788]]}},{"type":"Feature","properties":{},"geometry":{"type":"LineString","coordinates":[[85.3216591598185,27.70051716243265],[85.32165374226504,27.700504879871534]]}},{"type":"Feature","properties":{},"geometry":{"type":"LineString","coordinates":[[85.32160657329672,27.700529179521308],[85.3216000121718,27.700517676433254]]}},{"type":"Feature","properties":{},"geometry":{"type":"LineString","coordinates":[[85.32157591310266,27.700536019159234],[85.32157935057451,27.700545233424396]]}},{"type":"Feature","properties":{},"geometry":{"type":"LineString","coordinates":[[85.32146304537905,27.700563712748497],[85.32147826769027,27.700610369480145]]}},{"type":"Feature","properties":{},"geometry":{"type":"LineString","coordinates":[[85.32146046159316,27.700564710324965],[85.32144180065025,27.700573316394458]]}},{"type":"Feature","properties":{},"geometry":{"type":"LineString","coordinates":[[85.32202295565655,27.700569835170217],[85.32201723648286,27.700571961748334]]}},{"type":"Feature","properties":{},"geometry":{"type":"LineString","coordinates":[[85.3220021431064,27.700466757467765],[85.32199624517007,27.70046704790178]]}},{"type":"Feature","properties":{},"geometry":{"type":"LineString","coordinates":[[85.32199724909418,27.700446631808294],[85.32199116674498,27.700450359615708]]}},{"type":"Feature","properties":{},"geometry":{"type":"LineString","coordinates":[[85.32198846072626,27.700400559440514],[85.32198333647193,27.70040283944115]]}},{"type":"Feature","properties":{},"geometry":{"type":"LineString","coordinates":[[85.32198618998986,27.700394550734448],[85.3219683545345,27.70040156576365]]}},{"type":"Feature","properties":{},"geometry":{"type":"LineString","coordinates":[[85.32197610503907,27.700344214358694],[85.32192654085716,27.700349111004304]]}},{"type":"Feature","properties":{},"geometry":{"type":"LineString","coordinates":[[85.32196759801863,27.700303679821495],[85.32194205133597,27.700307289933075]]}},{"type":"Feature","properties":{},"geometry":{"type":"LineString","coordinates":[[85.3219619341875,27.70027634250008],[85.32193869086771,27.700279985043014]]}},{"type":"Feature","properties":{},"geometry":{"type":"LineString","coordinates":[[85.32195864985707,27.700263546083093],[85.32193905281508,27.70026779420728]]}},{"type":"Feature","properties":{},"geometry":{"type":"LineString","coordinates":[[85.3219458759717,27.700200602819404],[85.32194113229558,27.7002031275095]]}},{"type":"Feature","properties":{},"geometry":{"type":"LineString","coordinates":[[85.32193843436616,27.700162675116104],[85.32193239808296,27.700164851098048]]}},{"type":"Feature","properties":{},"geometry":{"type":"LineString","coordinates":[[85.32192924972877,27.70012136339244],[85.32192327705842,27.700122960709564]]}},{"type":"Feature","properties":{},"geometry":{"type":"LineString","coordinates":[[85.32175708668808,27.70025111519643],[85.32171930376316,27.700298134779217]]}},{"type":"Feature","properties":{},"geometry":{"type":"LineString","coordinates":[[85.32175223827522,27.700252068177427],[85.32171559256318,27.70029282613209]]}},{"type":"Feature","properties":{},"geometry":{"type":"LineString","coordinates":[[85.32174878438815,27.700252342199292],[85.32173852364609,27.70025498502358]]}},{"type":"Feature","properties":{},"geometry":{"type":"LineString","coordinates":[[85.32192230888624,27.7000927253627],[85.321917318001,27.700093645936228]]}},{"type":"Feature","properties":{},"geometry":{"type":"LineString","coordinates":[[85.32192220239055,27.700088087684815],[85.32191692695737,27.70009090467196]]}},{"type":"Feature","properties":{},"geometry":{"type":"LineString","coordinates":[[85.32191407877313,27.700049271729434],[85.32190542986483,27.700050885344062]]}},{"type":"Feature","properties":{},"geometry":{"type":"LineString","coordinates":[[85.32190262849328,27.699992209259687],[85.32189635302935,27.69999073243866]]}},{"type":"Feature","properties":{},"geometry":{"type":"LineString","coordinates":[[85.32188182993771,27.699899429776288],[85.32187629119959,27.69990182749612]]}},{"type":"Feature","properties":{},"geometry":{"type":"LineString","coordinates":[[85.32180444027443,27.69988034054447],[85.32180585741406,27.699889250524496]]}},{"type":"Feature","properties":{},"geometry":{"type":"LineString","coordinates":[[85.32177133995012,27.69989013537808],[85.32176969967823,27.699886265226265]]}},{"type":"Feature","properties":{},"geometry":{"type":"LineString","coordinates":[[85.32172370172067,27.699905625941582],[85.32174388510916,27.699946420272674]]}},{"type":"Feature","properties":{},"geometry":{"type":"LineString","coordinates":[[85.32168664621958,27.699924067950477],[85.32170754494642,27.699953433875727]]}},{"type":"Feature","properties":{},"geometry":{"type":"LineString","coordinates":[[85.3218477265162,27.699734877274846],[85.32184077401861,27.69973609718018]]}},{"type":"Feature","properties":{},"geometry":{"type":"LineString","coordinates":[[85.32184118909267,27.699706252254053],[85.3218352100774,27.699706542602275]]}},{"type":"Feature","properties":{},"geometry":{"type":"LineString","coordinates":[[85.32181550059181,27.69959607374113],[85.32180945991968,27.699599466299777]]}},{"type":"Feature","properties":{},"geometry":{"type":"LineString","coordinates":[[85.32181444606111,27.699590636647002],[85.32180920509762,27.69959584128723]]}},{"type":"Feature","properties":{},"geometry":{"type":"LineString","coordinates":[[85.32172589125221,27.69956114826372],[85.32173017506513,27.69957449381789]]}},{"type":"Feature","properties":{},"geometry":{"type":"LineString","coordinates":[[85.32167957982116,27.699571846127576],[85.32168133284797,27.699577823290788]]}},{"type":"Feature","properties":{},"geometry":{"type":"LineString","coordinates":[[85.32150727974873,27.69966785514974],[85.32150729998881,27.699687139225887]]}},{"type":"Feature","properties":{},"geometry":{"type":"LineString","coordinates":[[85.32141620550374,27.699693799373254],[85.32141608276682,27.699700493885114]]}},{"type":"Feature","properties":{},"geometry":{"type":"LineString","coordinates":[[85.32133780894046,27.699708380751105],[85.32133926766821,27.6997152334308]]}},{"type":"Feature","properties":{},"geometry":{"type":"LineString","coordinates":[[85.32120143220922,27.699785355199353],[85.32120692475257,27.699790613256635]]}},{"type":"Feature","properties":{},"geometry":{"type":"LineString","coordinates":[[85.32099032921062,27.699902418761496],[85.32096695193935,27.699896334570298]]}},{"type":"Feature","properties":{},"geometry":{"type":"LineString","coordinates":[[85.32165773200988,27.700715691125172],[85.32165625817079,27.70071234195468]]}},{"type":"Feature","properties":{},"geometry":{"type":"LineString","coordinates":[[85.3216549705831,27.700716104408485],[85.32165471753774,27.700712098542777]]}},{"type":"Feature","properties":{},"geometry":{"type":"LineString","coordinates":[[85.32164775131675,27.700717524140956],[85.32166593300101,27.70077721161005]]}},{"type":"Feature","properties":{},"geometry":{"type":"LineString","coordinates":[[85.32157210743695,27.700713597967084],[85.32157215624663,27.70070855331869]]}},{"type":"Feature","properties":{},"geometry":{"type":"LineString","coordinates":[[85.3214895334233,27.700719033788793],[85.32148794747366,27.700715722066924]]}},{"type":"Feature","properties":{},"geometry":{"type":"LineString","coordinates":[[85.3213653434458,27.70076590452715],[85.32136865207862,27.70077691059633]]}},{"type":"Feature","properties":{},"geometry":{"type":"LineString","coordinates":[[85.32126810499064,27.700889829325572],[85.32125192627102,27.700892210813713]]}},{"type":"Feature","properties":{},"geometry":{"type":"LineString","coordinates":[[85.32127111101588,27.700984864298686],[85.32129176979748,27.700988439793754]]}},{"type":"Feature","properties":{},"geometry":{"type":"LineString","coordinates":[[85.32117994250251,27.70079914810538],[85.3211832964496,27.70081050491627]]}},{"type":"Feature","properties":{},"geometry":{"type":"LineString","coordinates":[[85.32105774317904,27.70081718284816],[85.32105422992038,27.700811928029875]]}},{"type":"Feature","properties":{},"geometry":{"type":"LineString","coordinates":[[85.32097441762434,27.700830040818605],[85.32096472109006,27.700799004654385]]}},{"type":"Feature","properties":{},"geometry":{"type":"LineString","coordinates":[[85.3209327754526,27.700838468274277],[85.32093125118764,27.70083179079348]]}},{"type":"Feature","properties":{},"geometry":{"type":"LineString","coordinates":[[85.32087517861812,27.700849676999567],[85.32087089848321,27.700856428486734]]}},{"type":"Feature","properties":{},"geometry":{"type":"LineString","coordinates":[[85.32086746022922,27.700850315348745],[85.32085299143982,27.700843074715383]]}},{"type":"Feature","properties":{},"geometry":{"type":"LineString","coordinates":[[85.32086434992989,27.70085059893049],[85.32084918043911,27.700844021293012]]}},{"type":"Feature","properties":{},"geometry":{"type":"LineString","coordinates":[[85.32086093652515,27.70085127415147],[85.32084691817685,27.70084428447377]]}},{"type":"Feature","properties":{},"geometry":{"type":"LineString","coordinates":[[85.32085836310114,27.70085139546857],[85.3208219921833,27.700851188978422]]}},{"type":"Feature","properties":{},"geometry":{"type":"LineString","coordinates":[[85.32118161224788,27.70073252967488],[85.3211686792235,27.70073273927279]]}},{"type":"Feature","properties":{},"geometry":{"type":"LineString","coordinates":[[85.32118063638217,27.70072950694288],[85.32116881008986,27.70073088070975]]}},{"type":"Feature","properties":{},"geometry":{"type":"LineString","coordinates":[[85.32117046659107,27.70068851176006],[85.32114714450526,27.700689012346245]]}},{"type":"Feature","properties":{},"geometry":{"type":"LineString","coordinates":[[85.32116851710423,27.70068589690558],[85.32117348268469,27.700680073416233]]}},{"type":"Feature","properties":{},"geometry":{"type":"LineString","coordinates":[[85.32114064644259,27.700615959885052],[85.32115182913505,27.70060390027778]]}},{"type":"Feature","properties":{},"geometry":{"type":"LineString","coordinates":[[85.32114293997854,27.700619416476105],[85.3211521579877,27.70060368133656]]}},{"type":"Feature","properties":{},"geometry":{"type":"LineString","coordinates":[[85.32105155373229,27.700631438462477],[85.32104899044106,27.70062533413487]]}},{"type":"Feature","properties":{},"geometry":{"type":"LineString","coordinates":[[85.32104453187915,27.700632614162146],[85.32103626921165,27.7006364165691]]}},{"type":"Feature","properties":{},"geometry":{"type":"LineString","coordinates":[[85.32117261649083,27.701002428443548],[85.32116925140822,27.700992991215607]]}},{"type":"Feature","properties":{},"geometry":{"type":"LineString","coordinates":[[85.32109155799506,27.701030002929397],[85.32109248307786,27.701032766014954]]}},{"type":"Feature","properties":{},"geometry":{"type":"LineString","coordinates":[[85.32101434391193,27.70104557047319],[85.32101590082742,27.701050446864812]]}},{"type":"Feature","properties":{},"geometry":{"type":"LineString","coordinates":[[85.32099139540402,27.70105041049578],[85.32097623046425,27.701057906345532]]}},{"type":"Feature","properties":{},"geometry":{"type":"LineString","coordinates":[[85.32098795224695,27.701051107922535],[85.32097804499742,27.701046617630826]]}},{"type":"Feature","properties":{},"geometry":{"type":"LineString","coordinates":[[85.32526090186714,27.705677831098075],[85.32522464896661,27.70567583107222]]}},{"type":"Feature","properties":{},"geometry":{"type":"LineString","coordinates":[[85.3252615244549,27.705711363769076],[85.32527052157366,27.70571393477282]]}},{"type":"Feature","properties":{},"geometry":{"type":"LineString","coordinates":[[85.32526045480887,27.70571301061316],[85.32527061239273,27.705714760800305]]}},{"type":"Feature","properties":{},"geometry":{"type":"LineString","coordinates":[[85.32528520706023,27.7058318055835],[85.32529522444088,27.70582879313326]]}},{"type":"Feature","properties":{},"geometry":{"type":"LineString","coordinates":[[85.32528657825608,27.70583823477515],[85.32525431761879,27.705842414965737]]}},{"type":"Feature","properties":{},"geometry":{"type":"LineString","coordinates":[[85.32528784236537,27.705842512802327],[85.32529821497147,27.70584047669359]]}},{"type":"Feature","properties":{},"geometry":{"type":"LineString","coordinates":[[85.3253254113149,27.70600421471279],[85.32529578400919,27.706005816602175]]}},{"type":"Feature","properties":{},"geometry":{"type":"LineString","coordinates":[[85.32534711597025,27.706088643493256],[85.32535761936705,27.706086411305222]]}},{"type":"Feature","properties":{},"geometry":{"type":"LineString","coordinates":[[85.32537146534,27.70619106767491],[85.32533906450271,27.706190079099713]]}},{"type":"Feature","properties":{},"geometry":{"type":"LineString","coordinates":[[85.32495230298291,27.705608458418265],[85.3249551108402,27.70563780624395]]}},{"type":"Feature","properties":{},"geometry":{"type":"LineString","coordinates":[[85.32465035929097,27.70579604240571],[85.32462583752078,27.70579985852219]]}},{"type":"Feature","properties":{},"geometry":{"type":"LineString","coordinates":[[85.32470842375777,27.70596517589079],[85.32467177734848,27.70598700091969]]}},{"type":"Feature","properties":{},"geometry":{"type":"LineString","coordinates":[[85.3247119662821,27.705970461664386],[85.32467202021205,27.705987897381238]]}},{"type":"Feature","properties":{},"geometry":{"type":"LineString","coordinates":[[85.32480301685462,27.70611536109989],[85.32477659966199,27.706124092140247]]}},{"type":"Feature","properties":{},"geometry":{"type":"LineString","coordinates":[[85.3248021422939,27.70611100835913],[85.32477514401259,27.706121997761368]]}},{"type":"Feature","properties":{},"geometry":{"type":"LineString","coordinates":[[85.32480300075042,27.70611309641296],[85.32477618212909,27.706121950756867]]}},{"type":"Feature","properties":{},"geometry":{"type":"LineString","coordinates":[[85.32456467193988,27.70566452488395],[85.32456556476032,27.70567106652508]]}},{"type":"Feature","properties":{},"geometry":{"type":"LineString","coordinates":[[85.32454182328551,27.705666623833224],[85.32454310882905,27.705674209060263]]}},{"type":"Feature","properties":{},"geometry":{"type":"LineString","coordinates":[[85.32449224436732,27.705671601469998],[85.32449755298542,27.705681027853217]]}},{"type":"Feature","properties":{},"geometry":{"type":"LineString","coordinates":[[85.32445691921868,27.705676844587067],[85.32446045348922,27.705686053641138]]}},{"type":"Feature","properties":{},"geometry":{"type":"LineString","coordinates":[[85.32439968386223,27.705681437087197],[85.32440172643236,27.705692305019063]]}},{"type":"Feature","properties":{},"geometry":{"type":"LineString","coordinates":[[85.3242954773583,27.705693820348642],[85.32429820394356,27.70570763886722]]}},{"type":"Feature","properties":{},"geometry":{"type":"LineString","coordinates":[[85.32418870683067,27.705937136203637],[85.32418938554582,27.705932471932098]]}},{"type":"Feature","properties":{},"geometry":{"type":"LineString","coordinates":[[85.32419238690369,27.705937467766635],[85.3241904045622,27.705932413870144]]}},{"type":"Feature","properties":{},"geometry":{"type":"LineString","coordinates":[[85.32409507956744,27.705938858330185],[85.32409636719437,27.705955660400246]]}},{"type":"Feature","properties":{},"geometry":{"type":"LineString","coordinates":[[85.32408537173576,27.70593919748406],[85.32409461363353,27.70596927666183]]}},{"type":"Feature","properties":{},"geometry":{"type":"LineString","coordinates":[[85.32445976190431,27.706121257321286],[85.32444391100563,27.706135452058966]]}},{"type":"Feature","properties":{},"geometry":{"type":"LineString","coordinates":[[85.32446202393767,27.706124267621995],[85.32444497422857,27.706136748351607]]}},{"type":"Feature","properties":{},"geometry":{"type":"LineString","coordinates":[[85.32451192805941,27.706190333457755],[85.32449625111873,27.706198917363622]]}},{"type":"Feature","properties":{},"geometry":{"type":"LineString","coordinates":[[85.32453966238334,27.706227406454765],[85.3245209199518,27.706235919864017]]}},{"type":"Feature","properties":{},"geometry":{"type":"LineString","coordinates":[[85.32455780097709,27.706340172782436],[85.32456127785896,27.706355263041814]]}},{"type":"Feature","properties":{},"geometry":{"type":"LineString","coordinates":[[85.32460598553219,27.70638187155335],[85.3246017723084,27.706392539212672]]}},{"type":"Feature","properties":{},"geometry":{"type":"LineString","coordinates":[[85.32467689114792,27.706394393374296],[85.32467629235332,27.70640637195878]]}},{"type":"Feature","properties":{},"geometry":{"type":"LineString","coordinates":[[85.32467391729092,27.706394166041175],[85.32467451101897,27.706406478560773]]}},{"type":"Feature","properties":{},"geometry":{"type":"LineString","coordinates":[[85.32480720129196,27.706403207101783],[85.3248221682191,27.706399081276558]]}},{"type":"Feature","properties":{},"geometry":{"type":"LineString","coordinates":[[85.32446986400255,27.70639321609058],[85.32445610894597,27.706392360946175]]}},{"type":"Feature","properties":{},"geometry":{"type":"LineString","coordinates":[[85.3244690857707,27.70639702715401],[85.32445584360092,27.706394395686537]]}},{"type":"Feature","properties":{},"geometry":{"type":"LineString","coordinates":[[85.32446322158695,27.706453154193603],[85.32447839719019,27.706453357744987]]}},{"type":"Feature","properties":{},"geometry":{"type":"LineString","coordinates":[[85.32446284406736,27.70645675620369],[85.32447855645721,27.706456406673265]]}},{"type":"Feature","properties":{},"geometry":{"type":"LineString","coordinates":[[85.32446895317226,27.706577779641144],[85.32448260884678,27.706575716548507]]}},{"type":"Feature","properties":{},"geometry":{"type":"LineString","coordinates":[[85.32446989648676,27.706579490556617],[85.32446047140681,27.70657897483497]]}},{"type":"Feature","properties":{},"geometry":{"type":"LineString","coordinates":[[85.32446964368692,27.70658269515036],[85.32446026695634,27.70658220077254]]}},{"type":"Feature","properties":{},"geometry":{"type":"LineString","coordinates":[[85.32456713229158,27.70670652327028],[85.32456429182761,27.70671966518027]]}},{"type":"Feature","properties":{},"geometry":{"type":"LineString","coordinates":[[85.32465264580378,27.70672283662618],[85.32465246335191,27.706732587346483]]}},{"type":"Feature","properties":{},"geometry":{"type":"LineString","coordinates":[[85.32466558178547,27.70672599777584],[85.32467440820534,27.70672720119978]]}},{"type":"Feature","properties":{},"geometry":{"type":"LineString","coordinates":[[85.32466220349022,27.70672529351478],[85.32467463976359,27.706724988248187]]}},{"type":"Feature","properties":{},"geometry":{"type":"LineString","coordinates":[[85.32443916741065,27.706742102416353],[85.32446341206254,27.706756567695265]]}},{"type":"Feature","properties":{},"geometry":{"type":"LineString","coordinates":[[85.3244139384756,27.70675972973433],[85.3244162327668,27.70677297260697]]}},{"type":"Feature","properties":{},"geometry":{"type":"LineString","coordinates":[[85.32436794507193,27.70677238987455],[85.32437135669242,27.70678345488837]]}},{"type":"Feature","properties":{},"geometry":{"type":"LineString","coordinates":[[85.32431690913727,27.706785879769384],[85.32431145646771,27.706770018277414]]}},{"type":"Feature","properties":{},"geometry":{"type":"LineString","coordinates":[[85.32428644195605,27.706848659470136],[85.32429940024308,27.706843991325268]]}},{"type":"Feature","properties":{},"geometry":{"type":"LineString","coordinates":[[85.32430161447544,27.706924512724747],[85.32427300032548,27.706938699136966]]}},{"type":"Feature","properties":{},"geometry":{"type":"LineString","coordinates":[[85.3241900777515,27.706749806527178],[85.32418516840019,27.70675207476048]]}},{"type":"Feature","properties":{},"geometry":{"type":"LineString","coordinates":[[85.32417806536557,27.706727619082884],[85.32418850834316,27.706723838386264]]}},{"type":"Feature","properties":{},"geometry":{"type":"LineString","coordinates":[[85.32414593964107,27.706659855877202],[85.32414126897847,27.706662165808435]]}},{"type":"Feature","properties":{},"geometry":{"type":"LineString","coordinates":[[85.32413391925203,27.70664914061254],[85.32414250819734,27.706640867154825]]}},{"type":"Feature","properties":{},"geometry":{"type":"LineString","coordinates":[[85.32408055404463,27.706496896323635],[85.32408440032242,27.706496373384912]]}},{"type":"Feature","properties":{},"geometry":{"type":"LineString","coordinates":[[85.32407490195675,27.706447509993012],[85.32407878073381,27.706447647210023]]}},{"type":"Feature","properties":{},"geometry":{"type":"LineString","coordinates":[[85.32407450589838,27.7064440971787],[85.32407381533118,27.70642784115915]]}},{"type":"Feature","properties":{},"geometry":{"type":"LineString","coordinates":[[85.32407483851232,27.7064455570148],[85.32407393243841,27.706431060158568]]}},{"type":"Feature","properties":{},"geometry":{"type":"LineString","coordinates":[[85.32397893614663,27.706595095080825],[85.32396980100616,27.706592793987557]]}},{"type":"Feature","properties":{},"geometry":{"type":"LineString","coordinates":[[85.32389852363727,27.706495462146975],[85.32389795334397,27.706502983388923]]}},{"type":"Feature","properties":{},"geometry":{"type":"LineString","coordinates":[[85.32389501926055,27.706495842105312],[85.3238278616902,27.706486638809825]]}},{"type":"Feature","properties":{},"geometry":{"type":"LineString","coordinates":[[85.32389147088658,27.706496513053594],[85.32385447737248,27.70650672598903]]}},{"type":"Feature","properties":{},"geometry":{"type":"LineString","coordinates":[[85.32400503862887,27.705701570581393],[85.32400400226845,27.705709729698228]]}},{"type":"Feature","properties":{},"geometry":{"type":"LineString","coordinates":[[85.32400066791746,27.70570137596168],[85.3240010119342,27.705709520202685]]}},{"type":"Feature","properties":{},"geometry":{"type":"LineString","coordinates":[[85.3239002481352,27.70570379281325],[85.32390136377818,27.705765147056916]]}},{"type":"Feature","properties":{},"geometry":{"type":"LineString","coordinates":[[85.32363466465645,27.70570435298453],[85.3236339432684,27.70580340875077]]}},{"type":"Feature","properties":{},"geometry":{"type":"LineString","coordinates":[[85.32363062115445,27.70570418036676],[85.32362484836,27.705803190300834]]}},{"type":"Feature","properties":{},"geometry":{"type":"LineString","coordinates":[[85.32362820416121,27.70570434333832],[85.32362580970845,27.705712185455933]]}},{"type":"Feature","properties":{},"geometry":{"type":"LineString","coordinates":[[85.32362511433658,27.705704207541228],[85.32362365982283,27.705711525831383]]}},{"type":"Feature","properties":{},"geometry":{"type":"LineString","coordinates":[[85.32362148976833,27.70570396057254],[85.32361433210599,27.70580195190674]]}},{"type":"Feature","properties":{},"geometry":{"type":"LineString","coordinates":[[85.32351101139975,27.70570584827665],[85.32351078845812,27.70571499108882]]}},{"type":"Feature","properties":{},"geometry":{"type":"LineString","coordinates":[[85.32350632693854,27.70570548106504],[85.32351580391891,27.70576905485079]]}},{"type":"Feature","properties":{},"geometry":{"type":"LineString","coordinates":[[85.32341975892223,27.70570819168745],[85.3234289074934,27.70580816303827]]}},{"type":"Feature","properties":{},"geometry":{"type":"LineString","coordinates":[[85.32341584800957,27.705708632596423],[85.32342522732924,27.705804654487505]]}},{"type":"Feature","properties":{},"geometry":{"type":"LineString","coordinates":[[85.3234121189278,27.705708787795018],[85.32341444528117,27.705717404612322]]}},{"type":"Feature","properties":{},"geometry":{"type":"LineString","coordinates":[[85.32324590917338,27.70575889304361],[85.32325715342947,27.705756954292035]]}},{"type":"Feature","properties":{},"geometry":{"type":"LineString","coordinates":[[85.32324804820091,27.70577816757997],[85.32325901702276,27.705778524279793]]}},{"type":"Feature","properties":{},"geometry":{"type":"LineString","coordinates":[[85.32324986262763,27.705801427443223],[85.32322176880454,27.70579923871512]]}},{"type":"Feature","properties":{},"geometry":{"type":"LineString","coordinates":[[85.32326920976087,27.70585310879879],[85.3232400875653,27.70585954679951]]}},{"type":"Feature","properties":{},"geometry":{"type":"LineString","coordinates":[[85.32329902093763,27.70590745486573],[85.32331431735699,27.70590167521486]]}},{"type":"Feature","properties":{},"geometry":{"type":"LineString","coordinates":[[85.32330025737627,27.70590969101148],[85.32331488987501,27.705903693025007]]}},{"type":"Feature","properties":{},"geometry":{"type":"LineString","coordinates":[[85.32330169113482,27.705912220167576],[85.3233155048718,27.705905917130476]]}},{"type":"Feature","properties":{},"geometry":{"type":"LineString","coordinates":[[85.32330348064924,27.705914827641774],[85.32331609544292,27.705908743841647]]}},{"type":"Feature","properties":{},"geometry":{"type":"LineString","coordinates":[[85.32333891674153,27.706004466449834],[85.32334606216003,27.706002327318384]]}},{"type":"Feature","properties":{},"geometry":{"type":"LineString","coordinates":[[85.32349956189607,27.706134345575755],[85.32349747755147,27.706127873435715]]}},{"type":"Feature","properties":{},"geometry":{"type":"LineString","coordinates":[[85.3235162539632,27.706086300270826],[85.32352013537611,27.70608586622256]]}},{"type":"Feature","properties":{},"geometry":{"type":"LineString","coordinates":[[85.32351542909431,27.706072134728522],[85.32351978678214,27.706072651415646]]}},{"type":"Feature","properties":{},"geometry":{"type":"LineString","coordinates":[[85.32359952268791,27.706171858480715],[85.32358935032995,27.706184604706454]]}},{"type":"Feature","properties":{},"geometry":{"type":"LineString","coordinates":[[85.32368556828384,27.70617104039047],[85.32368375380682,27.706165156371732]]}},{"type":"Feature","properties":{},"geometry":{"type":"LineString","coordinates":[[85.3237915108539,27.70614642023063],[85.32379647425975,27.70615912231579]]}},{"type":"Feature","properties":{},"geometry":{"type":"LineString","coordinates":[[85.32381342010136,27.70614614400983],[85.32391012804574,27.706129976204462]]}},{"type":"Feature","properties":{},"geometry":{"type":"LineString","coordinates":[[85.32381539243558,27.706145947671867],[85.3239110951283,27.70614054681656]]}},{"type":"Feature","properties":{},"geometry":{"type":"LineString","coordinates":[[85.32366006201762,27.70622027412914],[85.32366139898902,27.706237691432918]]}},{"type":"Feature","properties":{},"geometry":{"type":"LineString","coordinates":[[85.32376618093801,27.7062373881109],[85.3237668592807,27.706242168995814]]}},{"type":"Feature","properties":{},"geometry":{"type":"LineString","coordinates":[[85.32382450708003,27.706227333337186],[85.323840710929,27.70622932742712]]}},{"type":"Feature","properties":{},"geometry":{"type":"LineString","coordinates":[[85.32332911514352,27.706251535561854],[85.32333976532527,27.70625555725166]]}},{"type":"Feature","properties":{},"geometry":{"type":"LineString","coordinates":[[85.32332743769864,27.706255657935024],[85.32331415869149,27.70627752194778]]}},{"type":"Feature","properties":{},"geometry":{"type":"LineString","coordinates":[[85.32317715177211,27.705719328234412],[85.32317667423614,27.70572595346436]]}},{"type":"Feature","properties":{},"geometry":{"type":"LineString","coordinates":[[85.32140263165923,27.70929535873567],[85.3214077521014,27.70929309136236]]}},{"type":"Feature","properties":{},"geometry":{"type":"LineString","coordinates":[[85.32140867916465,27.7093988557677],[85.32141871135859,27.709393976424792]]}},{"type":"Feature","properties":{},"geometry":{"type":"LineString","coordinates":[[85.32027244968934,27.70792241857911],[85.32027183926263,27.707916722422418]]}},{"type":"Feature","properties":{},"geometry":{"type":"LineString","coordinates":[[85.31991785978096,27.707859627328464],[85.31987848473706,27.70785850136168]]}},{"type":"Feature","properties":{},"geometry":{"type":"LineString","coordinates":[[85.31991972157738,27.707809203914973],[85.31987353516857,27.707808590951714]]}},{"type":"Feature","properties":{},"geometry":{"type":"LineString","coordinates":[[85.31992074242818,27.7077764674188],[85.31993729127774,27.707775280170495]]}},{"type":"Feature","properties":{},"geometry":{"type":"LineString","coordinates":[[85.3199202309318,27.707772721059023],[85.31993722666253,27.707773805528326]]}},{"type":"Feature","properties":{},"geometry":{"type":"LineString","coordinates":[[85.31992043251536,27.707769227944567],[85.31993728313009,27.7077723043769]]}},{"type":"Feature","properties":{},"geometry":{"type":"LineString","coordinates":[[85.31992691892444,27.7076304968806],[85.31988700870811,27.707633263422444]]}},{"type":"Feature","properties":{},"geometry":{"type":"LineString","coordinates":[[85.32031131587534,27.707512532228098],[85.32030393727588,27.707491621848064]]}},{"type":"Feature","properties":{},"geometry":{"type":"LineString","coordinates":[[85.32031638378166,27.707511836490834],[85.32030619470903,27.707491418190305]]}},{"type":"Feature","properties":{},"geometry":{"type":"LineString","coordinates":[[85.32046122827587,27.707320017766794],[85.3204950180411,27.70731495562516]]}},{"type":"Feature","properties":{},"geometry":{"type":"LineString","coordinates":[[85.32045940165864,27.707305867142217],[85.32044637421507,27.70730808547253]]}},{"type":"Feature","properties":{},"geometry":{"type":"LineString","coordinates":[[85.32043504111905,27.707131906289263],[85.32041028265851,27.707137178188663]]}},{"type":"Feature","properties":{},"geometry":{"type":"LineString","coordinates":[[85.32043648916273,27.70710450359855],[85.32042064141248,27.707103687641506]]}},{"type":"Feature","properties":{},"geometry":{"type":"LineString","coordinates":[[85.32043895989806,27.70709600180757],[85.32042475035817,27.70709548642096]]}},{"type":"Feature","properties":{},"geometry":{"type":"LineString","coordinates":[[85.32044347583575,27.70709148520639],[85.32042895772344,27.70707079777478]]}},{"type":"Feature","properties":{},"geometry":{"type":"LineString","coordinates":[[85.32055694817765,27.707079794960254],[85.32056243498357,27.70708716945049]]}},{"type":"Feature","properties":{},"geometry":{"type":"LineString","coordinates":[[85.32056036794391,27.70707964421026],[85.32056455345511,27.707087232158475]]}},{"type":"Feature","properties":{},"geometry":{"type":"LineString","coordinates":[[85.32056395818256,27.707079486503087],[85.32056639945498,27.707086943177604]]}},{"type":"Feature","properties":{},"geometry":{"type":"LineString","coordinates":[[85.32063570858884,27.707071274712565],[85.3206434329922,27.707076429909453]]}},{"type":"Feature","properties":{},"geometry":{"type":"LineString","coordinates":[[85.31994259967723,27.707433682135218],[85.31989337196767,27.70742745814401]]}},{"type":"Feature","properties":{},"geometry":{"type":"LineString","coordinates":[[85.3199403350368,27.70742476005492],[85.31995540625466,27.707426223696775]]}},{"type":"Feature","properties":{},"geometry":{"type":"LineString","coordinates":[[85.31994046785445,27.707309541715293],[85.31995482522905,27.70731013927345]]}},{"type":"Feature","properties":{},"geometry":{"type":"LineString","coordinates":[[85.31978876332114,27.707232155375873],[85.31978749927246,27.707253033073556]]}},{"type":"Feature","properties":{},"geometry":{"type":"LineString","coordinates":[[85.31967621254331,27.707232730484588],[85.31968121770497,27.707342265580213]]}},{"type":"Feature","properties":{},"geometry":{"type":"LineString","coordinates":[[85.31967278568011,27.70723274845207],[85.31967416088014,27.70725226194841]]}},{"type":"Feature","properties":{},"geometry":{"type":"LineString","coordinates":[[85.31951343370933,27.707232147861024],[85.31951049849246,27.707227083238415]]}},{"type":"Feature","properties":{},"geometry":{"type":"LineString","coordinates":[[85.31950916442858,27.70723221335983],[85.31950823721697,27.70722707473833]]}},{"type":"Feature","properties":{},"geometry":{"type":"LineString","coordinates":[[85.31932839735072,27.707237547634875],[85.3193233838266,27.70730290329865]]}},{"type":"Feature","properties":{},"geometry":{"type":"LineString","coordinates":[[85.31931060540013,27.707238398412443],[85.3193074552331,27.707226914975937]]}},{"type":"Feature","properties":{},"geometry":{"type":"LineString","coordinates":[[85.31929310879993,27.707238835797675],[85.31928394335715,27.707258229430487]]}},{"type":"Feature","properties":{},"geometry":{"type":"LineString","coordinates":[[85.31994149405728,27.707171227228848],[85.31989444594839,27.707160951992854]]}},{"type":"Feature","properties":{},"geometry":{"type":"LineString","coordinates":[[85.31993983323787,27.707113435085862],[85.31995405047995,27.707110668055115]]}},{"type":"Feature","properties":{},"geometry":{"type":"LineString","coordinates":[[85.31993426624265,27.706972515245972],[85.31995235523712,27.706968887246916]]}},{"type":"Feature","properties":{},"geometry":{"type":"LineString","coordinates":[[85.31993387993195,27.706968408484364],[85.31995237531527,27.706966187072197]]}},{"type":"Feature","properties":{},"geometry":{"type":"LineString","coordinates":[[85.31993487636677,27.706933028129704],[85.31989228045856,27.70692974932055]]}},{"type":"Feature","properties":{},"geometry":{"type":"LineString","coordinates":[[85.31993450090174,27.7069276841088],[85.31989225318841,27.70692762439569]]}},{"type":"Feature","properties":{},"geometry":{"type":"LineString","coordinates":[[85.3199352537128,27.706774715263496],[85.31995170863291,27.706770912191782]]}},{"type":"Feature","properties":{},"geometry":{"type":"LineString","coordinates":[[85.31993488296115,27.706770453452695],[85.31995152002926,27.706767999190863]]}},{"type":"Feature","properties":{},"geometry":{"type":"LineString","coordinates":[[85.31988181833022,27.706745827812163],[85.31987887817536,27.706738702623877]]}},{"type":"Feature","properties":{},"geometry":{"type":"LineString","coordinates":[[85.31987832851883,27.706746182573475],[85.31987709455319,27.70673875949592]]}},{"type":"Feature","properties":{},"geometry":{"type":"LineString","coordinates":[[85.31987500283425,27.706745951769246],[85.31987564942764,27.70673876361618]]}},{"type":"Feature","properties":{},"geometry":{"type":"LineString","coordinates":[[85.31966567773561,27.706754550057784],[85.31966508895711,27.706747840602148]]}},{"type":"Feature","properties":{},"geometry":{"type":"LineString","coordinates":[[85.31956662499256,27.706757298921712],[85.31956769615843,27.70674920706113]]}},{"type":"Feature","properties":{},"geometry":{"type":"LineString","coordinates":[[85.31947725397002,27.706759299717266],[85.31947840681525,27.70677796844033]]}},{"type":"Feature","properties":{},"geometry":{"type":"LineString","coordinates":[[85.31947346824404,27.706759707736065],[85.31947585465399,27.706778082764888]]}},{"type":"Feature","properties":{},"geometry":{"type":"LineString","coordinates":[[85.31944538701993,27.706760591558094],[85.31944393449047,27.70675452866872]]}},{"type":"Feature","properties":{},"geometry":{"type":"LineString","coordinates":[[85.31941692260774,27.70676179744373],[85.31941489985508,27.706756350387696]]}},{"type":"Feature","properties":{},"geometry":{"type":"LineString","coordinates":[[85.31941354523644,27.706762755556692],[85.31941315628619,27.706756374345836]]}},{"type":"Feature","properties":{},"geometry":{"type":"LineString","coordinates":[[85.31937363451446,27.706764450631994],[85.3193723592944,27.706781090735095]]}},{"type":"Feature","properties":{},"geometry":{"type":"LineString","coordinates":[[85.3193712775741,27.70676519278938],[85.31937046565972,27.706781179659064]]}},{"type":"Feature","properties":{},"geometry":{"type":"LineString","coordinates":[[85.31925715342697,27.706768150144278],[85.31921749427394,27.70661299022964]]}},{"type":"Feature","properties":{},"geometry":{"type":"LineString","coordinates":[[85.31925373776339,27.70676823231861],[85.31921412854477,27.706613056763654]]}},{"type":"Feature","properties":{},"geometry":{"type":"LineString","coordinates":[[85.3192013237612,27.706770039066445],[85.31917384579121,27.706773709097764]]}},{"type":"Feature","properties":{},"geometry":{"type":"LineString","coordinates":[[85.31961342627346,27.707930614768156],[85.31961180258453,27.70792182321113]]}},{"type":"Feature","properties":{},"geometry":{"type":"LineString","coordinates":[[85.31950277775039,27.70785917067956],[85.31952781989784,27.70785882488008]]}},{"type":"Feature","properties":{},"geometry":{"type":"LineString","coordinates":[[85.31946452021197,27.70766273997976],[85.31947542803222,27.707661463538827]]}},{"type":"Feature","properties":{},"geometry":{"type":"LineString","coordinates":[[85.31945610297221,27.707633649810216],[85.31942374560788,27.7076458149735]]}},{"type":"Feature","properties":{},"geometry":{"type":"LineString","coordinates":[[85.31944368539142,27.707575963539195],[85.31945474967787,27.707567323320948]]}},{"type":"Feature","properties":{},"geometry":{"type":"LineString","coordinates":[[85.31944244865336,27.707571303119018],[85.31933447103107,27.70749957183444]]}},{"type":"Feature","properties":{},"geometry":{"type":"LineString","coordinates":[[85.31944165965525,27.707567732995358],[85.31941825951898,27.70753141744127]]}},{"type":"Feature","properties":{},"geometry":{"type":"LineString","coordinates":[[85.31906706827091,27.707625282321423],[85.31900398325045,27.70765462964432]]}},{"type":"Feature","properties":{},"geometry":{"type":"LineString","coordinates":[[85.31905441030473,27.70757184589925],[85.31908059606394,27.707568140350077]]}},{"type":"Feature","properties":{},"geometry":{"type":"LineString","coordinates":[[85.31905311250746,27.707570309348714],[85.3190793663904,27.707565202973186]]}},{"type":"Feature","properties":{},"geometry":{"type":"LineString","coordinates":[[85.31903598756051,27.707510387134796],[85.31906313026532,27.70749578955203]]}},{"type":"Feature","properties":{},"geometry":{"type":"LineString","coordinates":[[85.31874033800719,27.70751521171706],[85.31873966020055,27.70750730169502]]}},{"type":"Feature","properties":{},"geometry":{"type":"LineString","coordinates":[[85.31858186854666,27.707468546696308],[85.31854487529583,27.707475981053207]]}},{"type":"Feature","properties":{},"geometry":{"type":"LineString","coordinates":[[85.3185533295441,27.7073569666562],[85.31851867125461,27.70736205387107]]}},{"type":"Feature","properties":{},"geometry":{"type":"LineString","coordinates":[[85.31854797328289,27.70732918530956],[85.31855791338614,27.707326338488013]]}},{"type":"Feature","properties":{},"geometry":{"type":"LineString","coordinates":[[85.31853504316025,27.707299068228153],[85.3185458789633,27.70728906246393]]}},{"type":"Feature","properties":{},"geometry":{"type":"LineString","coordinates":[[85.31851761282567,27.707287910410827],[85.3184781287826,27.707298535679943]]}},{"type":"Feature","properties":{},"geometry":{"type":"LineString","coordinates":[[85.31851323802461,27.707285136090288],[85.31847658715064,27.70729729400227]]}},{"type":"Feature","properties":{},"geometry":{"type":"LineString","coordinates":[[85.31851259064776,27.70728516162019],[85.31847481170797,27.707297742660153]]}},{"type":"Feature","properties":{},"geometry":{"type":"LineString","coordinates":[[85.31987515071832,27.708147540095922],[85.3198504738893,27.708143034692664]]}},{"type":"Feature","properties":{},"geometry":{"type":"LineString","coordinates":[[85.31991295715765,27.7085662379521],[85.3200022617636,27.70854583590924]]}},{"type":"Feature","properties":{},"geometry":{"type":"LineString","coordinates":[[85.31994592004509,27.70885009347666],[85.31992020850758,27.708853606376312]]}},{"type":"Feature","properties":{},"geometry":{"type":"LineString","coordinates":[[85.31994644269216,27.708854568326004],[85.31992070817239,27.708857132370877]]}},{"type":"Feature","properties":{},"geometry":{"type":"LineString","coordinates":[[85.31926232087226,27.70887605937803],[85.31911183293708,27.708857656666876]]}},{"type":"Feature","properties":{},"geometry":{"type":"LineString","coordinates":[[85.31925744112637,27.70887611925923],[85.31913914127448,27.70890748481415]]}},{"type":"Feature","properties":{},"geometry":{"type":"LineString","coordinates":[[85.31930687040493,27.708018901928547],[85.31930582208813,27.708024045444542]]}},{"type":"Feature","properties":{},"geometry":{"type":"LineString","coordinates":[[85.31888503705325,27.707938153982965],[85.31888329389204,27.707909644853792]]}},{"type":"Feature","properties":{},"geometry":{"type":"LineString","coordinates":[[85.3187189212876,27.707939262750003],[85.31871706059599,27.707928472777176]]}},{"type":"Feature","properties":{},"geometry":{"type":"LineString","coordinates":[[85.31871011424586,27.707938778509433],[85.31870885334837,27.70793033883099]]}},{"type":"Feature","properties":{},"geometry":{"type":"LineString","coordinates":[[85.31863562292254,27.707939264487035],[85.31863377288207,27.70792903692877]]}},{"type":"Feature","properties":{},"geometry":{"type":"LineString","coordinates":[[85.31852634991196,27.707941498521727],[85.3185292621638,27.707899788450323]]}},{"type":"Feature","properties":{},"geometry":{"type":"LineString","coordinates":[[85.31852222558156,27.707941368092513],[85.31852705536234,27.70789953329797]]}},{"type":"Feature","properties":{},"geometry":{"type":"LineString","coordinates":[[85.31813616775085,27.708328958324955],[85.31812749870743,27.70832945859537]]}},{"type":"Feature","properties":{},"geometry":{"type":"LineString","coordinates":[[85.31816514080805,27.7086388456097],[85.3181557741232,27.708639737231824]]}},{"type":"Feature","properties":{},"geometry":{"type":"LineString","coordinates":[[85.31816731613594,27.70865602762834],[85.31820503467077,27.708653962418158]]}},{"type":"Feature","properties":{},"geometry":{"type":"LineString","coordinates":[[85.31816790206668,27.708668470021014],[85.31816000846538,27.708669453551302]]}},{"type":"Feature","properties":{},"geometry":{"type":"LineString","coordinates":[[85.3181682107127,27.70867307404618],[85.31816055235944,27.70867286907478]]}},{"type":"Feature","properties":{},"geometry":{"type":"LineString","coordinates":[[85.31817725710317,27.708744957099743],[85.3181653917019,27.708744326452944]]}},{"type":"Feature","properties":{},"geometry":{"type":"LineString","coordinates":[[85.31817808844737,27.70875535008559],[85.31821718339523,27.708752607540173]]}},{"type":"Feature","properties":{},"geometry":{"type":"LineString","coordinates":[[85.31818449297694,27.708825589993662],[85.31817289675863,27.708828036688217]]}},{"type":"Feature","properties":{},"geometry":{"type":"LineString","coordinates":[[85.31818848647961,27.708852893588958],[85.31817922723246,27.708855043763513]]}},{"type":"Feature","properties":{},"geometry":{"type":"LineString","coordinates":[[85.31822760307222,27.709254190263916],[85.31826425145452,27.709249181475947]]}},{"type":"Feature","properties":{},"geometry":{"type":"LineString","coordinates":[[85.31822856306893,27.70925771734329],[85.31826440064103,27.7092510912699]]}},{"type":"Feature","properties":{},"geometry":{"type":"LineString","coordinates":[[85.31822897154929,27.70926652302805],[85.31821957603042,27.70926710924199]]}},{"type":"Feature","properties":{},"geometry":{"type":"LineString","coordinates":[[85.31827643129984,27.709717672969543],[85.31826535980302,27.70971843286883]]}},{"type":"Feature","properties":{},"geometry":{"type":"LineString","coordinates":[[85.31834527041944,27.709874254429973],[85.31834843270322,27.70985420309134]]}},{"type":"Feature","properties":{},"geometry":{"type":"LineString","coordinates":[[85.31903618098235,27.709951565602893],[85.31904053998754,27.709925681185407]]}},{"type":"Feature","properties":{},"geometry":{"type":"LineString","coordinates":[[85.31793988491094,27.707802540740808],[85.31797995205962,27.707796821737215]]}},{"type":"Feature","properties":{},"geometry":{"type":"LineString","coordinates":[[85.31793890005305,27.707796405000458],[85.31797939475972,27.707792628055678]]}},{"type":"Feature","properties":{},"geometry":{"type":"LineString","coordinates":[[85.31793650466813,27.70778332417875],[85.31793173937399,27.70778333035026]]}},{"type":"Feature","properties":{},"geometry":{"type":"LineString","coordinates":[[85.31793627624896,27.707779704902602],[85.31791074160274,27.707781814321148]]}},{"type":"Feature","properties":{},"geometry":{"type":"LineString","coordinates":[[85.31793545119179,27.707776769725882],[85.31791048223917,27.70777902230326]]}},{"type":"Feature","properties":{},"geometry":{"type":"LineString","coordinates":[[85.31792741299373,27.707726171907485],[85.31798476704304,27.70771630277833]]}},{"type":"Feature","properties":{},"geometry":{"type":"LineString","coordinates":[[85.31792534142204,27.70771174842255],[85.31776134839978,27.707716169819722]]}},{"type":"Feature","properties":{},"geometry":{"type":"LineString","coordinates":[[85.3178859140303,27.70746616947534],[85.31793474827985,27.707464056192578]]}},{"type":"Feature","properties":{},"geometry":{"type":"LineString","coordinates":[[85.31789491214315,27.70751890806721],[85.31783799615391,27.707517218168892]]}},{"type":"Feature","properties":{},"geometry":{"type":"LineString","coordinates":[[85.31789591581827,27.70752870837196],[85.31793766723393,27.70751704221336]]}},{"type":"Feature","properties":{},"geometry":{"type":"LineString","coordinates":[[85.3179018111729,27.707568469460007],[85.31785708005873,27.707576188665104]]}},{"type":"Feature","properties":{},"geometry":{"type":"LineString","coordinates":[[85.31762697375153,27.707946749865314],[85.31762621818501,27.707934594224]]}},{"type":"Feature","properties":{},"geometry":{"type":"LineString","coordinates":[[85.31760930268457,27.707946389770406],[85.31760678612012,27.70793493024836]]}},{"type":"Feature","properties":{},"geometry":{"type":"LineString","coordinates":[[85.31778349628081,27.70803043459979],[85.31778153588343,27.70803817808128]]}},{"type":"Feature","properties":{},"geometry":{"type":"LineString","coordinates":[[85.31771595603418,27.70804152553253],[85.31769260456515,27.708042319357617]]}},{"type":"Feature","properties":{},"geometry":{"type":"LineString","coordinates":[[85.31773475160543,27.70819853244918],[85.31774140476931,27.70819782448577]]}},{"type":"Feature","properties":{},"geometry":{"type":"LineString","coordinates":[[85.317760721469,27.708318755766634],[85.31771526302775,27.708325014782034]]}},{"type":"Feature","properties":{},"geometry":{"type":"LineString","coordinates":[[85.31776909745277,27.70835804248185],[85.3177429067102,27.708378581090535]]}},{"type":"Feature","properties":{},"geometry":{"type":"LineString","coordinates":[[85.31776949137928,27.70836072241442],[85.31774538940032,27.70837975840008]]}},{"type":"Feature","properties":{},"geometry":{"type":"LineString","coordinates":[[85.31755601269127,27.70803419059424],[85.31755606072852,27.708041567682503]]}},{"type":"Feature","properties":{},"geometry":{"type":"LineString","coordinates":[[85.31755272121585,27.70803463615549],[85.3175539353734,27.70804102739766]]}},{"type":"Feature","properties":{},"geometry":{"type":"LineString","coordinates":[[85.31754928228186,27.70803451402825],[85.31755215575838,27.708041086092773]]}},{"type":"Feature","properties":{},"geometry":{"type":"LineString","coordinates":[[85.31736376819941,27.708037849320473],[85.31736341797297,27.708045934577804]]}},{"type":"Feature","properties":{},"geometry":{"type":"LineString","coordinates":[[85.31725114873701,27.708041396382878],[85.31725177642393,27.70804965779171]]}},{"type":"Feature","properties":{},"geometry":{"type":"LineString","coordinates":[[85.31720390644396,27.70804257838951],[85.31720629404172,27.708068648559625]]}},{"type":"Feature","properties":{},"geometry":{"type":"LineString","coordinates":[[85.32214727668169,27.709558539220907],[85.32222786574947,27.70954481454522]]}},{"type":"Feature","properties":{},"geometry":{"type":"LineString","coordinates":[[85.32214654010917,27.70955206715621],[85.32217898680574,27.70954932503593]]}},{"type":"Feature","properties":{},"geometry":{"type":"LineString","coordinates":[[85.32216733817761,27.70971118010061],[85.32219717824466,27.709710122120335]]}},{"type":"Feature","properties":{},"geometry":{"type":"LineString","coordinates":[[85.3221670207523,27.70976445628111],[85.32220704598727,27.709751506164217]]}},{"type":"Feature","properties":{},"geometry":{"type":"LineString","coordinates":[[85.32220165758979,27.710020236344096],[85.32223850883034,27.71001185344073]]}},{"type":"Feature","properties":{},"geometry":{"type":"LineString","coordinates":[[85.32220119708576,27.710016399451977],[85.32223816684603,27.710009946727233]]}},{"type":"Feature","properties":{},"geometry":{"type":"LineString","coordinates":[[85.32700396117674,27.709242864030927],[85.32697941107222,27.70920575958193]]}},{"type":"Feature","properties":{},"geometry":{"type":"LineString","coordinates":[[85.32700463338861,27.709244335186106],[85.32697340377837,27.709210195196228]]}},{"type":"Feature","properties":{},"geometry":{"type":"LineString","coordinates":[[85.32700584235334,27.709246983433648],[85.3269740500711,27.709212500895024]]}},{"type":"Feature","properties":{},"geometry":{"type":"LineString","coordinates":[[85.32700709235321,27.709253255906777],[85.32706675332983,27.709227257094135]]}},{"type":"Feature","properties":{},"geometry":{"type":"LineString","coordinates":[[85.32603404492171,27.709268020623288],[85.32603068725885,27.709253871391205]]}},{"type":"Feature","properties":{},"geometry":{"type":"LineString","coordinates":[[85.3261013112861,27.709253154177823],[85.3261094371689,27.709254424858695]]}},{"type":"Feature","properties":{},"geometry":{"type":"LineString","coordinates":[[85.3260654726877,27.70895580695561],[85.32603538242536,27.708960379980844]]}},{"type":"Feature","properties":{},"geometry":{"type":"LineString","coordinates":[[85.32610664193531,27.70890793190029],[85.32610439512213,27.70889495136446]]}},{"type":"Feature","properties":{},"geometry":{"type":"LineString","coordinates":[[85.32604937471451,27.70886455604235],[85.32605739036279,27.70886148774829]]}},{"type":"Feature","properties":{},"geometry":{"type":"LineString","coordinates":[[85.32604470804941,27.70883312524279],[85.32601275719941,27.70883163771865]]}},{"type":"Feature","properties":{},"geometry":{"type":"LineString","coordinates":[[85.32604352445493,27.708827621633663],[85.32601149643864,27.708829859795234]]}},{"type":"Feature","properties":{},"geometry":{"type":"LineString","coordinates":[[85.32603729415882,27.70874969071937],[85.3260408084647,27.70874919620545]]}},{"type":"Feature","properties":{},"geometry":{"type":"LineString","coordinates":[[85.32615281774727,27.7086259820669],[85.32616616892011,27.70864613766275]]}},{"type":"Feature","properties":{},"geometry":{"type":"LineString","coordinates":[[85.32617643115731,27.70860571390579],[85.32617111465859,27.70860090401774]]}},{"type":"Feature","properties":{},"geometry":{"type":"LineString","coordinates":[[85.32622594102551,27.70857173150102],[85.3263747687531,27.708535874131144]]}},{"type":"Feature","properties":{},"geometry":{"type":"LineString","coordinates":[[85.32623343693552,27.70858789291044],[85.32626428685718,27.70857792547112]]}},{"type":"Feature","properties":{},"geometry":{"type":"LineString","coordinates":[[85.32624867129239,27.708639136963846],[85.32625482248501,27.708636899921853]]}},{"type":"Feature","properties":{},"geometry":{"type":"LineString","coordinates":[[85.3262691163501,27.708716670256713],[85.32627256315733,27.708715548552508]]}},{"type":"Feature","properties":{},"geometry":{"type":"LineString","coordinates":[[85.3263054682113,27.708869028466612],[85.32630997652431,27.708868056784716]]}},{"type":"Feature","properties":{},"geometry":{"type":"LineString","coordinates":[[85.32644801327663,27.70886032221872],[85.32645418922671,27.70885075046199]]}},{"type":"Feature","properties":{},"geometry":{"type":"LineString","coordinates":[[85.32649118745553,27.708854617556305],[85.32650289662723,27.70887479027336]]}},{"type":"Feature","properties":{},"geometry":{"type":"LineString","coordinates":[[85.32600630009257,27.708533112387876],[85.32596280966992,27.708543330328578]]}},{"type":"Feature","properties":{},"geometry":{"type":"LineString","coordinates":[[85.32600447954427,27.70852861192834],[85.3259636365954,27.708541574946587]]}},{"type":"Feature","properties":{},"geometry":{"type":"LineString","coordinates":[[85.32596304643003,27.708461872850297],[85.32593679413317,27.70847830211268]]}},{"type":"Feature","properties":{},"geometry":{"type":"LineString","coordinates":[[85.32613290441496,27.708306785402826],[85.32613274378313,27.708293925765318]]}},{"type":"Feature","properties":{},"geometry":{"type":"LineString","coordinates":[[85.32627859201457,27.70826542432128],[85.32628716077396,27.70828584067556]]}},{"type":"Feature","properties":{},"geometry":{"type":"LineString","coordinates":[[85.32637154674312,27.708241193033174],[85.32640384076893,27.708250216380037]]}},{"type":"Feature","properties":{},"geometry":{"type":"LineString","coordinates":[[85.3255312358543,27.708253785856616],[85.32552160264079,27.708284749446687]]}},{"type":"Feature","properties":{},"geometry":{"type":"LineString","coordinates":[[85.32526448101113,27.70827531631215],[85.32526545902958,27.70828903062183]]}},{"type":"Feature","properties":{},"geometry":{"type":"LineString","coordinates":[[85.32525690481437,27.708277101943],[85.32522268967892,27.708332507807583]]}},{"type":"Feature","properties":{},"geometry":{"type":"LineString","coordinates":[[85.32579438355977,27.708058387793628],[85.32580114443935,27.708059189803038]]}},{"type":"Feature","properties":{},"geometry":{"type":"LineString","coordinates":[[85.32563730304805,27.707888429749254],[85.3256254168971,27.707906424466383]]}},{"type":"Feature","properties":{},"geometry":{"type":"LineString","coordinates":[[85.32557314752688,27.70784991995711],[85.32559843718371,27.707822412075142]]}},{"type":"Feature","properties":{},"geometry":{"type":"LineString","coordinates":[[85.32546290101276,27.70776928841847],[85.32542977429948,27.707757299843447]]}},{"type":"Feature","properties":{},"geometry":{"type":"LineString","coordinates":[[85.32545940523381,27.70776671267582],[85.32543193052581,27.707753829460227]]}},{"type":"Feature","properties":{},"geometry":{"type":"LineString","coordinates":[[85.32577031677856,27.707885345455576],[85.3259266604032,27.707861890200327]]}},{"type":"Feature","properties":{},"geometry":{"type":"LineString","coordinates":[[85.32577005082685,27.707881311460756],[85.32606394131626,27.70783808780319]]}},{"type":"Feature","properties":{},"geometry":{"type":"LineString","coordinates":[[85.32576893229663,27.70787752528204],[85.32619537211973,27.707805900254606]]}},{"type":"Feature","properties":{},"geometry":{"type":"LineString","coordinates":[[85.3257799906806,27.707783705630423],[85.3257612928769,27.707753954425748]]}},{"type":"Feature","properties":{},"geometry":{"type":"LineString","coordinates":[[85.32585801471409,27.707754754265434],[85.3258635796486,27.707763878639604]]}},{"type":"Feature","properties":{},"geometry":{"type":"LineString","coordinates":[[85.32588750582067,27.707718335747224],[85.32590034180893,27.707714839286858]]}},{"type":"Feature","properties":{},"geometry":{"type":"LineString","coordinates":[[85.32586634924118,27.70761649811384],[85.32585782508339,27.707578292156732]]}},{"type":"Feature","properties":{},"geometry":{"type":"LineString","coordinates":[[85.32586616755881,27.707611394716583],[85.32586016557701,27.707577695901826]]}},{"type":"Feature","properties":{},"geometry":{"type":"LineString","coordinates":[[85.32586691595247,27.707608871219357],[85.32586277216843,27.707576740943654]]}},{"type":"Feature","properties":{},"geometry":{"type":"LineString","coordinates":[[85.32624924739343,27.70750891492413],[85.32628629530075,27.707598116755058]]}},{"type":"Feature","properties":{},"geometry":{"type":"LineString","coordinates":[[85.32625242378433,27.707508233100132],[85.32628783897383,27.707597703100493]]}},{"type":"Feature","properties":{},"geometry":{"type":"LineString","coordinates":[[85.32628090729588,27.70749887874262],[85.3262759725245,27.70747643949507]]}},{"type":"Feature","properties":{},"geometry":{"type":"LineString","coordinates":[[85.32631226011549,27.707488365002913],[85.32631901924431,27.707494660773808]]}},{"type":"Feature","properties":{},"geometry":{"type":"LineString","coordinates":[[85.32631537436166,27.7074867717552],[85.32632198620904,27.707494146094888]]}},{"type":"Feature","properties":{},"geometry":{"type":"LineString","coordinates":[[85.32631649221985,27.707486550609453],[85.32633765201449,27.70748117998025]]}},{"type":"Feature","properties":{},"geometry":{"type":"LineString","coordinates":[[85.32631815670196,27.707485729561082],[85.32633765516032,27.707478715160022]]}},{"type":"Feature","properties":{},"geometry":{"type":"LineString","coordinates":[[85.32723963239599,27.709633047165642],[85.32723899837784,27.70962289125501]]}},{"type":"Feature","properties":{},"geometry":{"type":"LineString","coordinates":[[85.32724545622841,27.70963153087062],[85.32724232665483,27.709623491058718]]}},{"type":"Feature","properties":{},"geometry":{"type":"LineString","coordinates":[[85.3270597494086,27.709426997436736],[85.32706969253896,27.709425879321326]]}},{"type":"Feature","properties":{},"geometry":{"type":"LineString","coordinates":[[85.32722675827813,27.709376230424855],[85.32718719261867,27.709310653271768]]}},{"type":"Feature","properties":{},"geometry":{"type":"LineString","coordinates":[[85.32723794678313,27.709374377330892],[85.32723889124364,27.709371298421175]]}},{"type":"Feature","properties":{},"geometry":{"type":"LineString","coordinates":[[85.32701756997325,27.709292339223435],[85.32697577236216,27.709298404555067]]}},{"type":"Feature","properties":{},"geometry":{"type":"LineString","coordinates":[[85.3270103691525,27.709266332817485],[85.32697556129625,27.709270635119694]]}},{"type":"Feature","properties":{},"geometry":{"type":"LineString","coordinates":[[85.32749764957802,27.70958001769898],[85.32749557097533,27.709572684651153]]}},{"type":"Feature","properties":{},"geometry":{"type":"LineString","coordinates":[[85.32758214660728,27.70956036855437],[85.32758470490087,27.70955487045752]]}},{"type":"Feature","properties":{},"geometry":{"type":"LineString","coordinates":[[85.3275874284241,27.709559215740114],[85.3275868462598,27.709554699576174]]}},{"type":"Feature","properties":{},"geometry":{"type":"LineString","coordinates":[[85.32501227735871,27.709927134748444],[85.32504180918512,27.709938489670055]]}},{"type":"Feature","properties":{},"geometry":{"type":"LineString","coordinates":[[85.32501796201272,27.709888732466183],[85.32504681242263,27.709899750613]]}},{"type":"Feature","properties":{},"geometry":{"type":"LineString","coordinates":[[85.32504693383684,27.70972340517732],[85.32503982882953,27.709721424749652]]}},{"type":"Feature","properties":{},"geometry":{"type":"LineString","coordinates":[[85.3250469232509,27.709715336276574],[85.32507536117798,27.70972381236426]]}},{"type":"Feature","properties":{},"geometry":{"type":"LineString","coordinates":[[85.32500439709221,27.709635920960388],[85.32503817633946,27.70961970211445]]}},{"type":"Feature","properties":{},"geometry":{"type":"LineString","coordinates":[[85.3249263250466,27.709608242683068],[85.3249488656695,27.709587861582353]]}},{"type":"Feature","properties":{},"geometry":{"type":"LineString","coordinates":[[85.3248934936294,27.709596276493826],[85.32488322969766,27.709564428640896]]}},{"type":"Feature","properties":{},"geometry":{"type":"LineString","coordinates":[[85.32485283201896,27.70958339962729],[85.32480706127674,27.709575770598086]]}},{"type":"Feature","properties":{},"geometry":{"type":"LineString","coordinates":[[85.32483915262232,27.709584336077874],[85.32480735281696,27.70957779583244]]}},{"type":"Feature","properties":{},"geometry":{"type":"LineString","coordinates":[[85.32448846922529,27.71006502630506],[85.32448551049518,27.710060219624015]]}},{"type":"Feature","properties":{},"geometry":{"type":"LineString","coordinates":[[85.32442461707453,27.709922613000423],[85.32441546724286,27.70992503658458]]}},{"type":"Feature","properties":{},"geometry":{"type":"LineString","coordinates":[[85.32441282808917,27.709884391820996],[85.32440719803692,27.70987176652547]]}},{"type":"Feature","properties":{},"geometry":{"type":"LineString","coordinates":[[85.32449730976717,27.709847811715328],[85.32450146887415,27.70986803399114]]}},{"type":"Feature","properties":{},"geometry":{"type":"LineString","coordinates":[[85.32452198550249,27.70984274026843],[85.3245209308345,27.70983716600602]]}},{"type":"Feature","properties":{},"geometry":{"type":"LineString","coordinates":[[85.32419832474551,27.710094297754615],[85.32419606556601,27.710083997611147]]}},{"type":"Feature","properties":{},"geometry":{"type":"LineString","coordinates":[[85.32416582354381,27.710095422320872],[85.32416407289908,27.710082371955735]]}},{"type":"Feature","properties":{},"geometry":{"type":"LineString","coordinates":[[85.32409665396248,27.71009887822052],[85.32409354147967,27.710078722761068]]}},{"type":"Feature","properties":{},"geometry":{"type":"LineString","coordinates":[[85.32409039572981,27.71009968423153],[85.3240891785949,27.710078668128233]]}},{"type":"Feature","properties":{},"geometry":{"type":"LineString","coordinates":[[85.3240265756118,27.71010804703404],[85.3240248571411,27.710089841709035]]}},{"type":"Feature","properties":{},"geometry":{"type":"LineString","coordinates":[[85.32397605411751,27.710113983242184],[85.32397626306143,27.710096137003898]]}},{"type":"Feature","properties":{},"geometry":{"type":"LineString","coordinates":[[85.32381581925604,27.71010703187908],[85.3238090834123,27.710084952529144]]}},{"type":"Feature","properties":{},"geometry":{"type":"LineString","coordinates":[[85.32365310264714,27.710104871678283],[85.32365298931256,27.710090729201372]]}},{"type":"Feature","properties":{},"geometry":{"type":"LineString","coordinates":[[85.32353660591399,27.71011798264372],[85.32353304401983,27.71010394551175]]}},{"type":"Feature","properties":{},"geometry":{"type":"LineString","coordinates":[[85.32350516117944,27.710046971159898],[85.32351256190512,27.710047120370348]]}},{"type":"Feature","properties":{},"geometry":{"type":"LineString","coordinates":[[85.32348283140628,27.709927344281635],[85.32349052800406,27.709924524990104]]}},{"type":"Feature","properties":{},"geometry":{"type":"LineString","coordinates":[[85.32348154898254,27.709919159796456],[85.32348895974933,27.709919248658885]]}},{"type":"Feature","properties":{},"geometry":{"type":"LineString","coordinates":[[85.32345455463373,27.709790363396728],[85.32346099728417,27.709789102056654]]}},{"type":"Feature","properties":{},"geometry":{"type":"LineString","coordinates":[[85.3234495644403,27.70976501629557],[85.32345462279423,27.709764553187558]]}},{"type":"Feature","properties":{},"geometry":{"type":"LineString","coordinates":[[85.3234547189632,27.709741619734388],[85.32347295385279,27.70973623399036]]}},{"type":"Feature","properties":{},"geometry":{"type":"LineString","coordinates":[[85.32344668863483,27.709726143064838],[85.32348545852447,27.70962013471213]]}},{"type":"Feature","properties":{},"geometry":{"type":"LineString","coordinates":[[85.3234492308663,27.709730661321814],[85.32348746163439,27.709624428924446]]}},{"type":"Feature","properties":{},"geometry":{"type":"LineString","coordinates":[[85.32341219114083,27.709686593468692],[85.32340648605263,27.709693405378655]]}},{"type":"Feature","properties":{},"geometry":{"type":"LineString","coordinates":[[85.32336837352834,27.709636599511487],[85.32336828090774,27.709607378435418]]}},{"type":"Feature","properties":{},"geometry":{"type":"LineString","coordinates":[[85.3234761004982,27.71012557485257],[85.32347573676327,27.710120115453737]]}},{"type":"Feature","properties":{},"geometry":{"type":"LineString","coordinates":[[85.3233867170954,27.710135563672527],[85.32338529690301,27.710128165441308]]}},{"type":"Feature","properties":{},"geometry":{"type":"LineString","coordinates":[[85.32327872495755,27.7100517807384],[85.32326180539651,27.710054176908333]]}},{"type":"Feature","properties":{},"geometry":{"type":"LineString","coordinates":[[85.32326990133471,27.709999455197458],[85.32325326968001,27.71000285307115]]}},{"type":"Feature","properties":{},"geometry":{"type":"LineString","coordinates":[[85.32326242350078,27.70994560079923],[85.3232694059508,27.709937159930327]]}},{"type":"Feature","properties":{},"geometry":{"type":"LineString","coordinates":[[85.32326795391525,27.709929855177144],[85.32325348030275,27.70992861122256]]}},{"type":"Feature","properties":{},"geometry":{"type":"LineString","coordinates":[[85.32326072919847,27.709826099325216],[85.32325540281421,27.70981796242079]]}},{"type":"Feature","properties":{},"geometry":{"type":"LineString","coordinates":[[85.32318905833044,27.710155941337995],[85.3231894735368,27.710152332571088]]}},{"type":"Feature","properties":{},"geometry":{"type":"LineString","coordinates":[[85.32306366525886,27.710170540727088],[85.32306417175086,27.71016534007178]]}},{"type":"Feature","properties":{},"geometry":{"type":"LineString","coordinates":[[85.3229232797688,27.710069046979346],[85.32298216176787,27.7100490460841]]}},{"type":"Feature","properties":{},"geometry":{"type":"LineString","coordinates":[[85.32292275097454,27.710067286021275],[85.32296274578572,27.71003776456099]]}},{"type":"Feature","properties":{},"geometry":{"type":"LineString","coordinates":[[85.3229164972893,27.71006023717032],[85.32295790427648,27.71003240433907]]}},{"type":"Feature","properties":{},"geometry":{"type":"LineString","coordinates":[[85.32291849071088,27.710062114252775],[85.32296021473229,27.710034240134995]]}},{"type":"Feature","properties":{},"geometry":{"type":"LineString","coordinates":[[85.32291999881352,27.710064161451246],[85.32296129811402,27.710035413034394]]}},{"type":"Feature","properties":{},"geometry":{"type":"LineString","coordinates":[[85.32292169684484,27.710066123404022],[85.32296171177981,27.710036877464606]]}},{"type":"Feature","properties":{},"geometry":{"type":"LineString","coordinates":[[85.32289236303838,27.71002904334228],[85.32288356576711,27.710034602932613]]}},{"type":"Feature","properties":{},"geometry":{"type":"LineString","coordinates":[[85.32283866009732,27.70995637209219],[85.32283295743669,27.70995877957833]]}},{"type":"Feature","properties":{},"geometry":{"type":"LineString","coordinates":[[85.32280673503176,27.709913940101522],[85.32285278966788,27.709897773076868]]}},{"type":"Feature","properties":{},"geometry":{"type":"LineString","coordinates":[[85.322788898035,27.70989198792613],[85.32278385908707,27.70989509299873]]}},{"type":"Feature","properties":{},"geometry":{"type":"LineString","coordinates":[[85.32276919050311,27.70986377287398],[85.32280082666956,27.70984428215787]]}},{"type":"Feature","properties":{},"geometry":{"type":"LineString","coordinates":[[85.32275494427353,27.709846209066797],[85.32274988011959,27.709850829208598]]}},{"type":"Feature","properties":{},"geometry":{"type":"LineString","coordinates":[[85.32271073395805,27.709788425686106],[85.32270462950368,27.709792371652902]]}},{"type":"Feature","properties":{},"geometry":{"type":"LineString","coordinates":[[85.3226992009821,27.70977208882292],[85.32269178803976,27.709775523434267]]}},{"type":"Feature","properties":{},"geometry":{"type":"LineString","coordinates":[[85.32270133542877,27.709774889117444],[85.32272869917072,27.709747840161576]]}},{"type":"Feature","properties":{},"geometry":{"type":"LineString","coordinates":[[85.32270236691342,27.70977739896396],[85.32272978868868,27.70974993734482]]}},{"type":"Feature","properties":{},"geometry":{"type":"LineString","coordinates":[[85.32270425561642,27.709779292831215],[85.3227312148848,27.709751902323415]]}},{"type":"Feature","properties":{},"geometry":{"type":"LineString","coordinates":[[85.3226306739333,27.709674769812988],[85.32266872940555,27.70965653564624]]}},{"type":"Feature","properties":{},"geometry":{"type":"LineString","coordinates":[[85.32262177637921,27.709667862197858],[85.32261536290534,27.709672253884126]]}},{"type":"Feature","properties":{},"geometry":{"type":"LineString","coordinates":[[85.32259423918958,27.709628367877272],[85.32258623939282,27.70963304178795]]}},{"type":"Feature","properties":{},"geometry":{"type":"LineString","coordinates":[[85.32253182543094,27.70942307634368],[85.32252339973238,27.70942377298171]]}},{"type":"Feature","properties":{},"geometry":{"type":"LineString","coordinates":[[85.32247249184326,27.709256017889643],[85.32246570773977,27.709257791302687]]}},{"type":"Feature","properties":{},"geometry":{"type":"LineString","coordinates":[[85.32246485259157,27.709234611663227],[85.32249732575521,27.70922662057424]]}},{"type":"Feature","properties":{},"geometry":{"type":"LineString","coordinates":[[85.32243746888578,27.709146723720533],[85.32243228687749,27.709145063406254]]}},{"type":"Feature","properties":{},"geometry":{"type":"LineString","coordinates":[[85.32243740904175,27.709140627195094],[85.32247394777329,27.709147478125693]]}},{"type":"Feature","properties":{},"geometry":{"type":"LineString","coordinates":[[85.32243640959517,27.709137482342236],[85.3224736249095,27.709143857708145]]}},{"type":"Feature","properties":{},"geometry":{"type":"LineString","coordinates":[[85.32241522285834,27.70890963848481],[85.32245404365888,27.708891674479887]]}},{"type":"Feature","properties":{},"geometry":{"type":"LineString","coordinates":[[85.32241506348106,27.70890580524247],[85.32245383894944,27.70888941202191]]}},{"type":"Feature","properties":{},"geometry":{"type":"LineString","coordinates":[[85.32238330474433,27.708684926355854],[85.32237041067276,27.70868736670097]]}},{"type":"Feature","properties":{},"geometry":{"type":"LineString","coordinates":[[85.32236677140855,27.708566064539596],[85.32241092438895,27.708553854825254]]}},{"type":"Feature","properties":{},"geometry":{"type":"LineString","coordinates":[[85.3223653513659,27.708562638409084],[85.32241067290713,27.708552263295033]]}},{"type":"Feature","properties":{},"geometry":{"type":"LineString","coordinates":[[85.32235321760604,27.708488683779372],[85.32237224713708,27.708397489150954]]}},{"type":"Feature","properties":{},"geometry":{"type":"LineString","coordinates":[[85.32235249545859,27.708484250742565],[85.32236837748422,27.70839728159591]]}},{"type":"Feature","properties":{},"geometry":{"type":"LineString","coordinates":[[85.32218872788953,27.708504212017367],[85.322187258208,27.708500252780972]]}},{"type":"Feature","properties":{},"geometry":{"type":"LineString","coordinates":[[85.32218316433958,27.708504756503995],[85.32218463663855,27.708500460177795]]}},{"type":"Feature","properties":{},"geometry":{"type":"LineString","coordinates":[[85.32282117572026,27.70953511317012],[85.32282341308739,27.709538676459356]]}},{"type":"Feature","properties":{},"geometry":{"type":"LineString","coordinates":[[85.32282529129581,27.70953383178402],[85.32282468748339,27.709530080703583]]}},{"type":"Feature","properties":{},"geometry":{"type":"LineString","coordinates":[[85.322952680315,27.709504257347103],[85.32299934051692,27.70948554881184]]}},{"type":"Feature","properties":{},"geometry":{"type":"LineString","coordinates":[[85.32295853431333,27.709503887834195],[85.32297218472839,27.709504514429685]]}},{"type":"Feature","properties":{},"geometry":{"type":"LineString","coordinates":[[85.32255358915968,27.710231469508592],[85.32254854173394,27.71019715037597]]}},{"type":"Feature","properties":{},"geometry":{"type":"LineString","coordinates":[[85.32238843579688,27.71024844475962],[85.32238725564224,27.71024047450768]]}},{"type":"Feature","properties":{},"geometry":{"type":"LineString","coordinates":[[85.32238494690971,27.7102485333407],[85.32238495475079,27.710240532360903]]}},{"type":"Feature","properties":{},"geometry":{"type":"LineString","coordinates":[[85.32299984669233,27.707060378005842],[85.32294629667236,27.707091164925828]]}},{"type":"Feature","properties":{},"geometry":{"type":"LineString","coordinates":[[85.32302344491956,27.70709873334204],[85.32297249693491,27.707122233042117]]}},{"type":"Feature","properties":{},"geometry":{"type":"LineString","coordinates":[[85.32210561310279,27.709380101618503],[85.3221157079108,27.70937987561045]]}},{"type":"Feature","properties":{},"geometry":{"type":"LineString","coordinates":[[85.32208606689817,27.709278216264618],[85.32209684458165,27.709278229587845]]}},{"type":"Feature","properties":{},"geometry":{"type":"LineString","coordinates":[[85.32206244372885,27.70910896414579],[85.32207105367686,27.709107359099267]]}},{"type":"Feature","properties":{},"geometry":{"type":"LineString","coordinates":[[85.32202530094335,27.70886707182796],[85.3220400528385,27.708866157680898]]}},{"type":"Feature","properties":{},"geometry":{"type":"LineString","coordinates":[[85.32200838325988,27.708720737220812],[85.32202144705317,27.70871893616529]]}},{"type":"Feature","properties":{},"geometry":{"type":"LineString","coordinates":[[85.32195363730177,27.708407531559814],[85.32198245313243,27.708403402466633]]}},{"type":"Feature","properties":{},"geometry":{"type":"LineString","coordinates":[[85.3219307774955,27.708249778987263],[85.32193911531708,27.70824752983943]]}},{"type":"Feature","properties":{},"geometry":{"type":"LineString","coordinates":[[85.3219223457357,27.708119291267145],[85.32192789158532,27.708126792779147]]}},{"type":"Feature","properties":{},"geometry":{"type":"LineString","coordinates":[[85.32194938940737,27.707996590287358],[85.32197625433898,27.70799933119189]]}},{"type":"Feature","properties":{},"geometry":{"type":"LineString","coordinates":[[85.32207773649964,27.70782704412367],[85.32208461374937,27.707830576122902]]}},{"type":"Feature","properties":{},"geometry":{"type":"LineString","coordinates":[[85.32207941559211,27.707824873094747],[85.32208441981403,27.707829598118966]]}},{"type":"Feature","properties":{},"geometry":{"type":"LineString","coordinates":[[85.32208005392256,27.707823649759085],[85.32208601651,27.707827510027986]]}},{"type":"Feature","properties":{},"geometry":{"type":"LineString","coordinates":[[85.32225039677776,27.707635895481012],[85.32225848424493,27.707641322145562]]}},{"type":"Feature","properties":{},"geometry":{"type":"LineString","coordinates":[[85.32225241015874,27.707633880129542],[85.32225951812352,27.707639697457296]]}},{"type":"Feature","properties":{},"geometry":{"type":"LineString","coordinates":[[85.32236353387141,27.707511935512017],[85.32237393928385,27.70751717997028]]}},{"type":"Feature","properties":{},"geometry":{"type":"LineString","coordinates":[[85.32236608943684,27.707509346392467],[85.3223767536072,27.70751557415257]]}},{"type":"Feature","properties":{},"geometry":{"type":"LineString","coordinates":[[85.32242616886039,27.707439100975314],[85.3224261452758,27.707459664317042]]}},{"type":"Feature","properties":{},"geometry":{"type":"LineString","coordinates":[[85.32256054584478,27.707296628882528],[85.32256949637203,27.70730092336359]]}},{"type":"Feature","properties":{},"geometry":{"type":"LineString","coordinates":[[85.322562477177,27.707294673002377],[85.322574195489,27.7072968899678]]}},{"type":"Feature","properties":{},"geometry":{"type":"LineString","coordinates":[[85.3225646008166,27.70729287378824],[85.32257449745562,27.707296507337137]]}},{"type":"Feature","properties":{},"geometry":{"type":"LineString","coordinates":[[85.32264846489629,27.707197865407572],[85.32265778634363,27.707205489360597]]}},{"type":"Feature","properties":{},"geometry":{"type":"LineString","coordinates":[[85.32308999389731,27.707160611336718],[85.32310224314874,27.7071556296563]]}},{"type":"Feature","properties":{},"geometry":{"type":"LineString","coordinates":[[85.32315039834701,27.707249228635014],[85.32318669414623,27.707228627252828]]}},{"type":"Feature","properties":{},"geometry":{"type":"LineString","coordinates":[[85.32312400349302,27.707262175413316],[85.32309790152564,27.70727128810456]]}},{"type":"Feature","properties":{},"geometry":{"type":"LineString","coordinates":[[85.32313876309057,27.707288459490723],[85.32311622381785,27.70729908288704]]}},{"type":"Feature","properties":{},"geometry":{"type":"LineString","coordinates":[[85.3232139963498,27.707336048814955],[85.32324129369087,27.707325492969026]]}},{"type":"Feature","properties":{},"geometry":{"type":"LineString","coordinates":[[85.3232740233198,27.707476483938887],[85.32325416649573,27.70748775629034]]}},{"type":"Feature","properties":{},"geometry":{"type":"LineString","coordinates":[[85.32332231226498,27.707485690915593],[85.3233515588658,27.707471145936413]]}},{"type":"Feature","properties":{},"geometry":{"type":"LineString","coordinates":[[85.32333281273365,27.707522322529538],[85.32334949821625,27.70751531329161]]}},{"type":"Feature","properties":{},"geometry":{"type":"LineString","coordinates":[[85.32335676792992,27.707589471584416],[85.32337112749951,27.707585420698663]]}},{"type":"Feature","properties":{},"geometry":{"type":"LineString","coordinates":[[85.32332225450116,27.707651671331174],[85.32329902783242,27.707659959662]]}},{"type":"Feature","properties":{},"geometry":{"type":"LineString","coordinates":[[85.32336754296705,27.707688191832805],[85.32338660584975,27.707685536394273]]}},{"type":"Feature","properties":{},"geometry":{"type":"LineString","coordinates":[[85.32336893581464,27.70769850405883],[85.32338470852012,27.707698863888616]]}},{"type":"Feature","properties":{},"geometry":{"type":"LineString","coordinates":[[85.32336974302878,27.707700427236393],[85.32338478527898,27.707700475864918]]}},{"type":"Feature","properties":{},"geometry":{"type":"LineString","coordinates":[[85.32337024224437,27.707702398128355],[85.32338492311892,27.707700945053944]]}},{"type":"Feature","properties":{},"geometry":{"type":"LineString","coordinates":[[85.3233698766372,27.707704289951174],[85.32338535720133,27.707702002681824]]}},{"type":"Feature","properties":{},"geometry":{"type":"LineString","coordinates":[[85.32337092418146,27.707706014771844],[85.32338560092859,27.70770383690208]]}},{"type":"Feature","properties":{},"geometry":{"type":"LineString","coordinates":[[85.32337146461417,27.707708208189647],[85.32338522465898,27.707705630218147]]}},{"type":"Feature","properties":{},"geometry":{"type":"LineString","coordinates":[[85.32333737184955,27.707724926467005],[85.32331532461626,27.707728237098994]]}},{"type":"Feature","properties":{},"geometry":{"type":"LineString","coordinates":[[85.32337949648853,27.707748707998938],[85.32340268355959,27.70774625955761]]}},{"type":"Feature","properties":{},"geometry":{"type":"LineString","coordinates":[[85.32337996861493,27.707751455655764],[85.32340322018777,27.70774803866012]]}},{"type":"Feature","properties":{},"geometry":{"type":"LineString","coordinates":[[85.32337984926292,27.707753093235556],[85.32340415811461,27.707749703487227]]}},{"type":"Feature","properties":{},"geometry":{"type":"LineString","coordinates":[[85.3233894312069,27.707793359106937],[85.3234026092627,27.70779488699153]]}},{"type":"Feature","properties":{},"geometry":{"type":"LineString","coordinates":[[85.32339028897415,27.707856236412766],[85.32337103231674,27.70786287424886]]}},{"type":"Feature","properties":{},"geometry":{"type":"LineString","coordinates":[[85.32344276084969,27.70787369095237],[85.32345572210191,27.707868374899352]]}},{"type":"Feature","properties":{},"geometry":{"type":"LineString","coordinates":[[85.3234594910575,27.707902489897428],[85.32347165622012,27.707887228059672]]}},{"type":"Feature","properties":{},"geometry":{"type":"LineString","coordinates":[[85.32344204456287,27.707958135410614],[85.32343453339583,27.70796355989632]]}},{"type":"Feature","properties":{},"geometry":{"type":"LineString","coordinates":[[85.32344386879473,27.70795993371926],[85.32343520386738,27.70796388120129]]}},{"type":"Feature","properties":{},"geometry":{"type":"LineString","coordinates":[[85.32344463787891,27.70796289165606],[85.32343639136013,27.707964345955858]]}},{"type":"Feature","properties":{},"geometry":{"type":"LineString","coordinates":[[85.32344498004674,27.70796452219038],[85.32343781556513,27.707965512149027]]}},{"type":"Feature","properties":{},"geometry":{"type":"LineString","coordinates":[[85.32348722469445,27.70795532788108],[85.32351340852223,27.707955991600297]]}},{"type":"Feature","properties":{},"geometry":{"type":"LineString","coordinates":[[85.32357172332105,27.70790873744678],[85.32356948628905,27.70790349453308]]}},{"type":"Feature","properties":{},"geometry":{"type":"LineString","coordinates":[[85.32362111203206,27.70790134536317],[85.32362863150318,27.707928075111045]]}},{"type":"Feature","properties":{},"geometry":{"type":"LineString","coordinates":[[85.32364538969229,27.70789363018973],[85.32364292123769,27.707888798743472]]}},{"type":"Feature","properties":{},"geometry":{"type":"LineString","coordinates":[[85.32377509924238,27.707828012727177],[85.3237576934604,27.707807380006074]]}},{"type":"Feature","properties":{},"geometry":{"type":"LineString","coordinates":[[85.32383140538896,27.707792205507364],[85.32384397634927,27.70780750879648]]}},{"type":"Feature","properties":{},"geometry":{"type":"LineString","coordinates":[[85.32383903269651,27.70778667770993],[85.32384559722126,27.707806357820843]]}},{"type":"Feature","properties":{},"geometry":{"type":"LineString","coordinates":[[85.32387325693006,27.707668288053956],[85.32380308703746,27.707544645877324]]}},{"type":"Feature","properties":{},"geometry":{"type":"LineString","coordinates":[[85.32387474044495,27.70767187649508],[85.32383235893577,27.707522539560774]]}},{"type":"Feature","properties":{},"geometry":{"type":"LineString","coordinates":[[85.32392745283008,27.707746568795127],[85.32394264670266,27.70777112877146]]}},{"type":"Feature","properties":{},"geometry":{"type":"LineString","coordinates":[[85.32376150806994,27.70790000317151],[85.32377429020919,27.707894794127366]]}},{"type":"Feature","properties":{},"geometry":{"type":"LineString","coordinates":[[85.32377345333028,27.70793295090678],[85.32379761730299,27.707928426639075]]}},{"type":"Feature","properties":{},"geometry":{"type":"LineString","coordinates":[[85.3238217711872,27.70797789351879],[85.3238231144294,27.707998020340966]]}},{"type":"Feature","properties":{},"geometry":{"type":"LineString","coordinates":[[85.32390491179208,27.707960957670426],[85.32392101526759,27.70795334834378]]}},{"type":"Feature","properties":{},"geometry":{"type":"LineString","coordinates":[[85.32390860436064,27.707960343524906],[85.32396724208316,27.70799139539718]]}},{"type":"Feature","properties":{},"geometry":{"type":"LineString","coordinates":[[85.3239920998736,27.70769735408124],[85.3239890542424,27.70769273136076]]}},{"type":"Feature","properties":{},"geometry":{"type":"LineString","coordinates":[[85.32405563303456,27.707656986154543],[85.32405355703894,27.707655006101003]]}},{"type":"Feature","properties":{},"geometry":{"type":"LineString","coordinates":[[85.32420294904806,27.707594660940764],[85.32421068752203,27.70761788511199]]}},{"type":"Feature","properties":{},"geometry":{"type":"LineString","coordinates":[[85.3242081378311,27.707594349203685],[85.32421375533129,27.707618270636775]]}},{"type":"Feature","properties":{},"geometry":{"type":"LineString","coordinates":[[85.32422275492715,27.707598129139182],[85.32422741126905,27.707578645363018]]}},{"type":"Feature","properties":{},"geometry":{"type":"LineString","coordinates":[[85.32430179818508,27.707614507901685],[85.32432666150062,27.70760376533067]]}},{"type":"Feature","properties":{},"geometry":{"type":"LineString","coordinates":[[85.32429975096599,27.707613962347796],[85.32432666687944,27.707601621845868]]}},{"type":"Feature","properties":{},"geometry":{"type":"LineString","coordinates":[[85.32411556115147,27.70744119607171],[85.32410625713958,27.707445758618057]]}},{"type":"Feature","properties":{},"geometry":{"type":"LineString","coordinates":[[85.32410378624189,27.70742330581634],[85.32411947715359,27.707415878295205]]}},{"type":"Feature","properties":{},"geometry":{"type":"LineString","coordinates":[[85.32409066448865,27.707398989361998],[85.3240945172453,27.70739731485215]]}},{"type":"Feature","properties":{},"geometry":{"type":"LineString","coordinates":[[85.32407250986732,27.707361335498884],[85.32406750453312,27.707365104403443]]}},{"type":"Feature","properties":{},"geometry":{"type":"LineString","coordinates":[[85.32402321333771,27.70728084874192],[85.32401947539088,27.70728410139016]]}},{"type":"Feature","properties":{},"geometry":{"type":"LineString","coordinates":[[85.32401456716916,27.70726486553819],[85.32401819406566,27.707264432908296]]}},{"type":"Feature","properties":{},"geometry":{"type":"LineString","coordinates":[[85.3239712753784,27.70720724891271],[85.32399084784653,27.7071965262723]]}},{"type":"Feature","properties":{},"geometry":{"type":"LineString","coordinates":[[85.32395683348471,27.707201232756557],[85.32398865956205,27.70718961965773]]}},{"type":"Feature","properties":{},"geometry":{"type":"LineString","coordinates":[[85.32390238676103,27.707081130366007],[85.32389011148584,27.707086424085034]]}},{"type":"Feature","properties":{},"geometry":{"type":"LineString","coordinates":[[85.32393938060339,27.70700510006897],[85.32394329295961,27.707014518590963]]}},{"type":"Feature","properties":{},"geometry":{"type":"LineString","coordinates":[[85.32397285825601,27.70699861538788],[85.32397610403036,27.707007524924045]]}},{"type":"Feature","properties":{},"geometry":{"type":"LineString","coordinates":[[85.32384350610306,27.70687528732661],[85.32388312954134,27.706831356390257]]}},{"type":"Feature","properties":{},"geometry":{"type":"LineString","coordinates":[[85.3238384181775,27.706876035300187],[85.32385380475424,27.706765126170055]]}},{"type":"Feature","properties":{},"geometry":{"type":"LineString","coordinates":[[85.32359125046789,27.70680557031739],[85.3236069242921,27.706806154557043]]}},{"type":"Feature","properties":{},"geometry":{"type":"LineString","coordinates":[[85.323587106371,27.70676853103415],[85.32360374917153,27.706767554772075]]}},{"type":"Feature","properties":{},"geometry":{"type":"LineString","coordinates":[[85.32358297189114,27.706670837984298],[85.32362131532501,27.70666638889398]]}},{"type":"Feature","properties":{},"geometry":{"type":"LineString","coordinates":[[85.32355787021433,27.706551132385922],[85.32354542536942,27.70653223485329]]}},{"type":"Feature","properties":{},"geometry":{"type":"LineString","coordinates":[[85.32360139732333,27.70693550567293],[85.3235791467139,27.70693541489674]]}},{"type":"Feature","properties":{},"geometry":{"type":"LineString","coordinates":[[85.32360216737939,27.706956971254336],[85.32358322723634,27.706963546171057]]}},{"type":"Feature","properties":{},"geometry":{"type":"LineString","coordinates":[[85.32361198775828,27.707118674120228],[85.32358183224015,27.70712164020369]]}},{"type":"Feature","properties":{},"geometry":{"type":"LineString","coordinates":[[85.32361302243329,27.707122235466855],[85.3236025927054,27.707123023431894]]}},{"type":"Feature","properties":{},"geometry":{"type":"LineString","coordinates":[[85.32361711866105,27.707139059818797],[85.3236319870572,27.707185959343093]]}},{"type":"Feature","properties":{},"geometry":{"type":"LineString","coordinates":[[85.32345337199449,27.706868443342934],[85.32345329299844,27.706876063494636]]}},{"type":"Feature","properties":{},"geometry":{"type":"LineString","coordinates":[[85.32344767847562,27.706869402383468],[85.32345070733557,27.706876047520044]]}},{"type":"Feature","properties":{},"geometry":{"type":"LineString","coordinates":[[85.32333212817674,27.706908980217207],[85.32334511843982,27.706936907138857]]}},{"type":"Feature","properties":{},"geometry":{"type":"LineString","coordinates":[[85.32321142695007,27.706965090687717],[85.32323221226018,27.706986663348076]]}},{"type":"Feature","properties":{},"geometry":{"type":"LineString","coordinates":[[85.32314834447288,27.707003051184454],[85.32315768617735,27.707020027543017]]}},{"type":"Feature","properties":{},"geometry":{"type":"LineString","coordinates":[[85.32313596201098,27.707568417311645],[85.32313906706896,27.70757710854913]]}},{"type":"Feature","properties":{},"geometry":{"type":"LineString","coordinates":[[85.32311799617894,27.707572743985505],[85.32312682949572,27.707583113860895]]}},{"type":"Feature","properties":{},"geometry":{"type":"LineString","coordinates":[[85.32296959562689,27.707617363158764],[85.32297184459183,27.70762414416588]]}},{"type":"Feature","properties":{},"geometry":{"type":"LineString","coordinates":[[85.32289141395192,27.70765114500452],[85.322895662344,27.707655827448164]]}},{"type":"Feature","properties":{},"geometry":{"type":"LineString","coordinates":[[85.32289028999826,27.70765189674606],[85.32289331112413,27.707656394640843]]}},{"type":"Feature","properties":{},"geometry":{"type":"LineString","coordinates":[[85.32177254737903,27.707907399249667],[85.32176910048224,27.70790223189516]]}},{"type":"Feature","properties":{},"geometry":{"type":"LineString","coordinates":[[85.32193821668967,27.707752857488405],[85.3219300517459,27.707746000232216]]}},{"type":"Feature","properties":{},"geometry":{"type":"LineString","coordinates":[[85.32194046213739,27.707750853078096],[85.32193127871005,27.70774415044572]]}},{"type":"Feature","properties":{},"geometry":{"type":"LineString","coordinates":[[85.32195272133583,27.707737211688727],[85.32194368011488,27.70773062630715]]}},{"type":"Feature","properties":{},"geometry":{"type":"LineString","coordinates":[[85.32195518088409,27.70773506636882],[85.3219446553608,27.707728857405698]]}},{"type":"Feature","properties":{},"geometry":{"type":"LineString","coordinates":[[85.32204638408238,27.707635929758993],[85.32203880594363,27.70762883051984]]}},{"type":"Feature","properties":{},"geometry":{"type":"LineString","coordinates":[[85.32204749828215,27.707635550658054],[85.32203850958904,27.707627984851147]]}},{"type":"Feature","properties":{},"geometry":{"type":"LineString","coordinates":[[85.32205111702812,27.707630350729755],[85.32204114759905,27.707625906676327]]}},{"type":"Feature","properties":{},"geometry":{"type":"LineString","coordinates":[[85.32211227103596,27.70756219975815],[85.32210451326013,27.70755497740372]]}},{"type":"Feature","properties":{},"geometry":{"type":"LineString","coordinates":[[85.32211520145951,27.707559302906333],[85.32210743252925,27.707553008234935]]}},{"type":"Feature","properties":{},"geometry":{"type":"LineString","coordinates":[[85.32217504102444,27.707494074662456],[85.32216677247953,27.707489812791437]]}},{"type":"Feature","properties":{},"geometry":{"type":"LineString","coordinates":[[85.32218987086365,27.707478843435805],[85.32217781072266,27.707469938032514]]}},{"type":"Feature","properties":{},"geometry":{"type":"LineString","coordinates":[[85.32224896951655,27.70741643385467],[85.3222376669526,27.707411103601604]]}},{"type":"Feature","properties":{},"geometry":{"type":"LineString","coordinates":[[85.3222806137843,27.707382520631562],[85.32226533541551,27.707368216002955]]}},{"type":"Feature","properties":{},"geometry":{"type":"LineString","coordinates":[[85.32228267201789,27.707380158342534],[85.32226628122402,27.70736770759998]]}},{"type":"Feature","properties":{},"geometry":{"type":"LineString","coordinates":[[85.32234071815202,27.707316807239984],[85.3223262858682,27.707305529184364]]}},{"type":"Feature","properties":{},"geometry":{"type":"LineString","coordinates":[[85.3223535885671,27.707302315799748],[85.32233623135876,27.707289930971346]]}},{"type":"Feature","properties":{},"geometry":{"type":"LineString","coordinates":[[85.32245116448631,27.707197350768183],[85.32243871551029,27.70718502814535]]}},{"type":"Feature","properties":{},"geometry":{"type":"LineString","coordinates":[[85.32245398145719,27.70719457708494],[85.3224407381087,27.70718293979604]]}},{"type":"Feature","properties":{},"geometry":{"type":"LineString","coordinates":[[85.3224556217114,27.707193153791412],[85.32244120168774,27.707182864185178]]}},{"type":"Feature","properties":{},"geometry":{"type":"LineString","coordinates":[[85.32243952883745,27.70707354367658],[85.32242594384765,27.707096100650663]]}},{"type":"Feature","properties":{},"geometry":{"type":"LineString","coordinates":[[85.32226087173186,27.707150424280325],[85.32216079587617,27.70711689374804]]}},{"type":"Feature","properties":{},"geometry":{"type":"LineString","coordinates":[[85.32225893663937,27.707153686095918],[85.32211237108969,27.707103328133446]]}},{"type":"Feature","properties":{},"geometry":{"type":"LineString","coordinates":[[85.3222538652521,27.707178469033327],[85.32224515119849,27.707175621473716]]}},{"type":"Feature","properties":{},"geometry":{"type":"LineString","coordinates":[[85.32224321226701,27.707202859399285],[85.32224802896242,27.7072042643821]]}},{"type":"Feature","properties":{},"geometry":{"type":"LineString","coordinates":[[85.32231158551325,27.707034080622883],[85.32229821226733,27.707023976076474]]}},{"type":"Feature","properties":{},"geometry":{"type":"LineString","coordinates":[[85.32231355032044,27.707034775029502],[85.32229673432956,27.707030896040894]]}},{"type":"Feature","properties":{},"geometry":{"type":"LineString","coordinates":[[85.32232541918432,27.706999381101063],[85.32226221224089,27.706972952883465]]}},{"type":"Feature","properties":{},"geometry":{"type":"LineString","coordinates":[[85.32232605311921,27.706997251553528],[85.322262251619,27.70697236760784]]}},{"type":"Feature","properties":{},"geometry":{"type":"LineString","coordinates":[[85.32232670417635,27.706995858691776],[85.32221648386823,27.70695203625341]]}},{"type":"Feature","properties":{},"geometry":{"type":"LineString","coordinates":[[85.32232724546272,27.706994548436434],[85.32221801590508,27.706950991623145]]}},{"type":"Feature","properties":{},"geometry":{"type":"LineString","coordinates":[[85.32243167212826,27.70682284727984],[85.3224284220866,27.706820654413946]]}},{"type":"Feature","properties":{},"geometry":{"type":"LineString","coordinates":[[85.32247653296164,27.706750670047978],[85.32248366393907,27.70675179891091]]}},{"type":"Feature","properties":{},"geometry":{"type":"LineString","coordinates":[[85.32248337525452,27.706742100252924],[85.32247780287817,27.70673931695685]]}},{"type":"Feature","properties":{},"geometry":{"type":"LineString","coordinates":[[85.32248554441355,27.7067380542493],[85.32247866863902,27.70673655031214]]}},{"type":"Feature","properties":{},"geometry":{"type":"LineString","coordinates":[[85.32268189917585,27.706656548322353],[85.32267929177009,27.706660539378795]]}},{"type":"Feature","properties":{},"geometry":{"type":"LineString","coordinates":[[85.32276850774903,27.706622530223846],[85.3227547344697,27.70661703198693]]}},{"type":"Feature","properties":{},"geometry":{"type":"LineString","coordinates":[[85.32277425379344,27.7065961272411],[85.3227625371754,27.706594201837927]]}},{"type":"Feature","properties":{},"geometry":{"type":"LineString","coordinates":[[85.32278334523556,27.706541286726463],[85.32276936966677,27.706538207573878]]}},{"type":"Feature","properties":{},"geometry":{"type":"LineString","coordinates":[[85.32279162721919,27.706477775560842],[85.32276329882362,27.706480304213386]]}},{"type":"Feature","properties":{},"geometry":{"type":"LineString","coordinates":[[85.32236883858724,27.70653282217038],[85.32236518398392,27.706537320395825]]}},{"type":"Feature","properties":{},"geometry":{"type":"LineString","coordinates":[[85.32231843105323,27.706508217920845],[85.32231350007822,27.70651521156057]]}},{"type":"Feature","properties":{},"geometry":{"type":"LineString","coordinates":[[85.32229426548768,27.70643392971599],[85.32228340306774,27.706432977643786]]}},{"type":"Feature","properties":{},"geometry":{"type":"LineString","coordinates":[[85.32230222981164,27.706292976208566],[85.32229531834041,27.70629340959887]]}},{"type":"Feature","properties":{},"geometry":{"type":"LineString","coordinates":[[85.32222857533459,27.7065318333345],[85.32223789801851,27.706536388669225]]}},{"type":"Feature","properties":{},"geometry":{"type":"LineString","coordinates":[[85.3222285584337,27.706536649119972],[85.3222356781131,27.706539443057327]]}},{"type":"Feature","properties":{},"geometry":{"type":"LineString","coordinates":[[85.32221424727251,27.706572137088752],[85.32220702375471,27.706569303082112]]}},{"type":"Feature","properties":{},"geometry":{"type":"LineString","coordinates":[[85.3222129802725,27.706574616371086],[85.32220516457356,27.706572707517456]]}},{"type":"Feature","properties":{},"geometry":{"type":"LineString","coordinates":[[85.32221171040837,27.70657675265086],[85.32220497862876,27.706574719748314]]}},{"type":"Feature","properties":{},"geometry":{"type":"LineString","coordinates":[[85.32219118213115,27.70662196872312],[85.32218133043142,27.70661884924272]]}},{"type":"Feature","properties":{},"geometry":{"type":"LineString","coordinates":[[85.32218836004803,27.70663084265394],[85.32219701998359,27.70663457315334]]}},{"type":"Feature","properties":{},"geometry":{"type":"LineString","coordinates":[[85.32218676817729,27.706634008446528],[85.32219681735802,27.70663813936769]]}},{"type":"Feature","properties":{},"geometry":{"type":"LineString","coordinates":[[85.32216604840642,27.70668219427977],[85.32215832931328,27.70668981026896]]}},{"type":"Feature","properties":{},"geometry":{"type":"LineString","coordinates":[[85.3221744621652,27.706461451163726],[85.32217627756773,27.706455407150887]]}},{"type":"Feature","properties":{},"geometry":{"type":"LineString","coordinates":[[85.32217236452381,27.70646108818513],[85.32217271461411,27.706455572451777]]}},{"type":"Feature","properties":{},"geometry":{"type":"LineString","coordinates":[[85.32212833882456,27.70645224478169],[85.32213044234122,27.706446524666067]]}},{"type":"Feature","properties":{},"geometry":{"type":"LineString","coordinates":[[85.3221177926658,27.70645673527763],[85.3221004330634,27.706451607773925]]}},{"type":"Feature","properties":{},"geometry":{"type":"LineString","coordinates":[[85.32208821052086,27.706549807440272],[85.32208222739683,27.706549016485997]]}},{"type":"Feature","properties":{},"geometry":{"type":"LineString","coordinates":[[85.32208776181545,27.7065528210204],[85.32208084980105,27.70655169840201]]}},{"type":"Feature","properties":{},"geometry":{"type":"LineString","coordinates":[[85.32206761001173,27.7066338014457],[85.32205880854275,27.706653103120946]]}},{"type":"Feature","properties":{},"geometry":{"type":"LineString","coordinates":[[85.32206726760026,27.70663669447038],[85.32206019843701,27.706655515328787]]}},{"type":"Feature","properties":{},"geometry":{"type":"LineString","coordinates":[[85.3229929902351,27.70761248313076],[85.32298006942557,27.707580812352873]]}},{"type":"Feature","properties":{},"geometry":{"type":"LineString","coordinates":[[85.32298543809047,27.707615216603347],[85.32298434773068,27.70759945124032]]}},{"type":"Feature","properties":{},"geometry":{"type":"LineString","coordinates":[[85.32213295914603,27.707960875284563],[85.32214672688667,27.707976882773732]]}},{"type":"Feature","properties":{},"geometry":{"type":"LineString","coordinates":[[85.32214158756852,27.707958918461205],[85.32213983794298,27.707956487452634]]}},{"type":"Feature","properties":{},"geometry":{"type":"LineString","coordinates":[[85.32214520923507,27.707959028248638],[85.3221426288342,27.707955486062517]]}},{"type":"Feature","properties":{},"geometry":{"type":"LineString","coordinates":[[85.32214668422522,27.707958862911312],[85.32214515725032,27.70795480460237]]}},{"type":"Feature","properties":{},"geometry":{"type":"LineString","coordinates":[[85.32225911596736,27.707940208165972],[85.32225251796386,27.707917763984977]]}},{"type":"Feature","properties":{},"geometry":{"type":"LineString","coordinates":[[85.3222640201914,27.707939076248593],[85.32225456039758,27.70791736273945]]}},{"type":"Feature","properties":{},"geometry":{"type":"LineString","coordinates":[[85.32252578322151,27.707802281876393],[85.32253710854754,27.707799897412798]]}},{"type":"Feature","properties":{},"geometry":{"type":"LineString","coordinates":[[85.32252542354631,27.7077981510733],[85.32253645817609,27.7077975997696]]}},{"type":"Feature","properties":{},"geometry":{"type":"LineString","coordinates":[[85.3225176007779,27.707750500172544],[85.32249943410561,27.707743956763668]]}},{"type":"Feature","properties":{},"geometry":{"type":"LineString","coordinates":[[85.32256249099557,27.7077463545628],[85.32256187861827,27.707730437948047]]}},{"type":"Feature","properties":{},"geometry":{"type":"LineString","coordinates":[[85.32267541073797,27.707738604539365],[85.32267554558027,27.70772468619274]]}},{"type":"Feature","properties":{},"geometry":{"type":"LineString","coordinates":[[85.32269582609736,27.707730867098814],[85.32269888044253,27.70773955682796]]}},{"type":"Feature","properties":{},"geometry":{"type":"LineString","coordinates":[[85.32273970483756,27.707715214336734],[85.3227432005023,27.70772130646742]]}},{"type":"Feature","properties":{},"geometry":{"type":"LineString","coordinates":[[85.32277825905358,27.707698404057506],[85.32278126275109,27.707704438780834]]}},{"type":"Feature","properties":{},"geometry":{"type":"LineString","coordinates":[[85.3227816368676,27.707697085751605],[85.32278407568796,27.707703453890325]]}},{"type":"Feature","properties":{},"geometry":{"type":"LineString","coordinates":[[85.32298470123025,27.70794105510874],[85.32300601477091,27.70799612501426]]}},{"type":"Feature","properties":{},"geometry":{"type":"LineString","coordinates":[[85.32298461113795,27.707937066564792],[85.32296982504091,27.70794208157593]]}},{"type":"Feature","properties":{},"geometry":{"type":"LineString","coordinates":[[85.32298316323225,27.707934334161],[85.32296883503645,27.707940573158258]]}},{"type":"Feature","properties":{},"geometry":{"type":"LineString","coordinates":[[85.32297798642513,27.7079174858715],[85.32298535698234,27.707915089557687]]}},{"type":"Feature","properties":{},"geometry":{"type":"LineString","coordinates":[[85.32296747500878,27.707887277529103],[85.3229599086611,27.707890275273726]]}},{"type":"Feature","properties":{},"geometry":{"type":"LineString","coordinates":[[85.32300910625953,27.707833322240617],[85.32300053968204,27.707809888514536]]}},{"type":"Feature","properties":{},"geometry":{"type":"LineString","coordinates":[[85.3230478494767,27.707856268662905],[85.32304869219298,27.707869329701904]]}},{"type":"Feature","properties":{},"geometry":{"type":"LineString","coordinates":[[85.32307504572704,27.707852597161345],[85.32307760287897,27.70786488833973]]}},{"type":"Feature","properties":{},"geometry":{"type":"LineString","coordinates":[[85.32313187758038,27.707846483179054],[85.32313306855963,27.707858389566645]]}},{"type":"Feature","properties":{},"geometry":{"type":"LineString","coordinates":[[85.32319713378051,27.707840945967906],[85.32320251376554,27.70783701827433]]}},{"type":"Feature","properties":{},"geometry":{"type":"LineString","coordinates":[[85.3232057940792,27.707841942597184],[85.323205665545,27.707837218011566]]}},{"type":"Feature","properties":{},"geometry":{"type":"LineString","coordinates":[[85.32326273598262,27.70784600520908],[85.32326086742897,27.707839347048044]]}},{"type":"Feature","properties":{},"geometry":{"type":"LineString","coordinates":[[85.32325929905508,27.707845751476277],[85.32325882708054,27.70785015560365]]}},{"type":"Feature","properties":{},"geometry":{"type":"LineString","coordinates":[[85.32351566559053,27.708077509897183],[85.32350415450976,27.70808109889615]]}},{"type":"Feature","properties":{},"geometry":{"type":"LineString","coordinates":[[85.32351945895981,27.70808628708285],[85.32350876909086,27.70809035354806]]}},{"type":"Feature","properties":{},"geometry":{"type":"LineString","coordinates":[[85.32353712991561,27.70804467798341],[85.32354996101029,27.70803779442654]]}},{"type":"Feature","properties":{},"geometry":{"type":"LineString","coordinates":[[85.3235697596452,27.70812351535824],[85.32360611197514,27.70810891469281]]}},{"type":"Feature","properties":{},"geometry":{"type":"LineString","coordinates":[[85.32357117060853,27.708127338488328],[85.32360797400695,27.70811374601546]]}},{"type":"Feature","properties":{},"geometry":{"type":"LineString","coordinates":[[85.32364220990578,27.708085615797664],[85.32364267424003,27.70808051661486]]}},{"type":"Feature","properties":{},"geometry":{"type":"LineString","coordinates":[[85.32378057892355,27.70806564032784],[85.323800014217,27.708083535829882]]}},{"type":"Feature","properties":{},"geometry":{"type":"LineString","coordinates":[[85.32379318926594,27.708063179263306],[85.32380837361967,27.708067998627357]]}},{"type":"Feature","properties":{},"geometry":{"type":"LineString","coordinates":[[85.3235622709158,27.70819896694444],[85.32355110857758,27.70820116934574]]}},{"type":"Feature","properties":{},"geometry":{"type":"LineString","coordinates":[[85.32357888472154,27.708241021077882],[85.32357143895703,27.70824190203809]]}},{"type":"Feature","properties":{},"geometry":{"type":"LineString","coordinates":[[85.32362623974784,27.708279960989245],[85.32368345067428,27.708299276129228]]}},{"type":"Feature","properties":{},"geometry":{"type":"LineString","coordinates":[[85.32359777466668,27.70831958643691],[85.32357904443606,27.708320773875673]]}},{"type":"Feature","properties":{},"geometry":{"type":"LineString","coordinates":[[85.32360135550513,27.708340009318814],[85.323590158885,27.70833874913707]]}},{"type":"Feature","properties":{},"geometry":{"type":"LineString","coordinates":[[85.32361738267173,27.708377587832455],[85.32359958880154,27.708382134161315]]}},{"type":"Feature","properties":{},"geometry":{"type":"LineString","coordinates":[[85.3236390728004,27.708442675068163],[85.32362933790276,27.7084429127697]]}},{"type":"Feature","properties":{},"geometry":{"type":"LineString","coordinates":[[85.32376408754268,27.708432324210946],[85.32376440078271,27.70842987758905]]}},{"type":"Feature","properties":{},"geometry":{"type":"LineString","coordinates":[[85.32388708343461,27.708418309722806],[85.32388684499006,27.70841394031236]]}},{"type":"Feature","properties":{},"geometry":{"type":"LineString","coordinates":[[85.3239252602573,27.70841365457513],[85.32392538346586,27.708409508862992]]}},{"type":"Feature","properties":{},"geometry":{"type":"LineString","coordinates":[[85.32396133004558,27.708411702303007],[85.32396374803622,27.708432175177585]]}},{"type":"Feature","properties":{},"geometry":{"type":"LineString","coordinates":[[85.32403934503454,27.708404431069823],[85.32404105596689,27.708395597798624]]}},{"type":"Feature","properties":{},"geometry":{"type":"LineString","coordinates":[[85.32418673402218,27.70840553691084],[85.324193850231,27.708396958615317]]}},{"type":"Feature","properties":{},"geometry":{"type":"LineString","coordinates":[[85.32419223588738,27.708405842698294],[85.32419498179553,27.708397898328833]]}},{"type":"Feature","properties":{},"geometry":{"type":"LineString","coordinates":[[85.32422004440097,27.708282172098876],[85.32422561645602,27.70827755353435]]}},{"type":"Feature","properties":{},"geometry":{"type":"LineString","coordinates":[[85.32418347856884,27.708258660284844],[85.3241866391067,27.708254373543934]]}},{"type":"Feature","properties":{},"geometry":{"type":"LineString","coordinates":[[85.32416721221952,27.70817813483519],[85.32416306879007,27.7081657179671]]}},{"type":"Feature","properties":{},"geometry":{"type":"LineString","coordinates":[[85.32357260193362,27.70849983970132],[85.3235776914918,27.70852120777242]]}},{"type":"Feature","properties":{},"geometry":{"type":"LineString","coordinates":[[85.32355949282942,27.708501025721777],[85.32355798061768,27.70849686020252]]}},{"type":"Feature","properties":{},"geometry":{"type":"LineString","coordinates":[[85.32355722873193,27.7085023936371],[85.32355917231683,27.708506600482952]]}},{"type":"Feature","properties":{},"geometry":{"type":"LineString","coordinates":[[85.32349217308685,27.708513823456666],[85.32349148104286,27.70850741872375]]}},{"type":"Feature","properties":{},"geometry":{"type":"LineString","coordinates":[[85.32348656800892,27.708516420787383],[85.3234888881733,27.708521930960544]]}},{"type":"Feature","properties":{},"geometry":{"type":"LineString","coordinates":[[85.32342122938664,27.708536075666427],[85.32342040080448,27.708526066311844]]}},{"type":"Feature","properties":{},"geometry":{"type":"LineString","coordinates":[[85.32338877661353,27.708548984304763],[85.32339427096738,27.708559065519474]]}},{"type":"Feature","properties":{},"geometry":{"type":"LineString","coordinates":[[85.32332518137271,27.70836717205875],[85.32331630879318,27.708368581762073]]}},{"type":"Feature","properties":{},"geometry":{"type":"LineString","coordinates":[[85.32315043508461,27.708594562916627],[85.3231488996419,27.708587872688266]]}},{"type":"Feature","properties":{},"geometry":{"type":"LineString","coordinates":[[85.32305089515918,27.708600080044842],[85.32304991668765,27.708593640251237]]}},{"type":"Feature","properties":{},"geometry":{"type":"LineString","coordinates":[[85.32287860885438,27.708546603384704],[85.32287802081505,27.708541754998276]]}},{"type":"Feature","properties":{},"geometry":{"type":"LineString","coordinates":[[85.32267072375174,27.70790312084745],[85.3226975833408,27.707905879597902]]}},{"type":"Feature","properties":{},"geometry":{"type":"LineString","coordinates":[[85.32267149014231,27.70789737098307],[85.3226993810034,27.707904110728762]]}},{"type":"Feature","properties":{},"geometry":{"type":"LineString","coordinates":[[85.32267195659566,27.707893528175738],[85.32276623094504,27.70790178534392]]}},{"type":"Feature","properties":{},"geometry":{"type":"LineString","coordinates":[[85.32267229831902,27.70788961887356],[85.32271426596706,27.707888390933718]]}},{"type":"Feature","properties":{},"geometry":{"type":"LineString","coordinates":[[85.32265113408317,27.707880747592505],[85.32264972273559,27.707863296894253]]}},{"type":"Feature","properties":{},"geometry":{"type":"LineString","coordinates":[[85.3237265121393,27.708562665374657],[85.32373699299387,27.708559868954158]]}},{"type":"Feature","properties":{},"geometry":{"type":"LineString","coordinates":[[85.32370099357847,27.708597475334713],[85.32369106492936,27.70860494551083]]}},{"type":"Feature","properties":{},"geometry":{"type":"LineString","coordinates":[[85.32372547376764,27.708628126270813],[85.32370630828167,27.708635293243386]]}},{"type":"Feature","properties":{},"geometry":{"type":"LineString","coordinates":[[85.32375826141697,27.708676688673844],[85.3237230369554,27.70868456642089]]}},{"type":"Feature","properties":{},"geometry":{"type":"LineString","coordinates":[[85.32377830959395,27.7086965564481],[85.32374369661532,27.70871544545914]]}},{"type":"Feature","properties":{},"geometry":{"type":"LineString","coordinates":[[85.32376375010479,27.708757119739257],[85.323719802216,27.70875359736619]]}},{"type":"Feature","properties":{},"geometry":{"type":"LineString","coordinates":[[85.3237595830675,27.708807668769765],[85.32377286713313,27.70882316482234]]}},{"type":"Feature","properties":{},"geometry":{"type":"LineString","coordinates":[[85.32373556303705,27.708969180187392],[85.3237067913439,27.708972538499815]]}},{"type":"Feature","properties":{},"geometry":{"type":"LineString","coordinates":[[85.32375370691399,27.708971992938732],[85.32375487838627,27.708977021677185]]}},{"type":"Feature","properties":{},"geometry":{"type":"LineString","coordinates":[[85.3237573807,27.70897207894746],[85.3237566680599,27.70897710201667]]}},{"type":"Feature","properties":{},"geometry":{"type":"LineString","coordinates":[[85.32379180323385,27.708968105829765],[85.32386850896063,27.708973600722373]]}},{"type":"Feature","properties":{},"geometry":{"type":"LineString","coordinates":[[85.32389283259741,27.708715137733893],[85.32389528505882,27.708709342392982]]}},{"type":"Feature","properties":{},"geometry":{"type":"LineString","coordinates":[[85.32396219212129,27.708735950089434],[85.32396712048838,27.70872667291704]]}},{"type":"Feature","properties":{},"geometry":{"type":"LineString","coordinates":[[85.32399927890168,27.70874927219734],[85.32400496311264,27.70873891119126]]}},{"type":"Feature","properties":{},"geometry":{"type":"LineString","coordinates":[[85.32403482763603,27.708792093475807],[85.32402793630844,27.70881322349957]]}},{"type":"Feature","properties":{},"geometry":{"type":"LineString","coordinates":[[85.32417572007216,27.70877944889733],[85.32417454219487,27.70876634589732]]}},{"type":"Feature","properties":{},"geometry":{"type":"LineString","coordinates":[[85.32423767866169,27.708954261582836],[85.32424598587471,27.70895242348722]]}},{"type":"Feature","properties":{},"geometry":{"type":"LineString","coordinates":[[85.32423717372086,27.70896440731987],[85.32422510580201,27.708967467059736]]}},{"type":"Feature","properties":{},"geometry":{"type":"LineString","coordinates":[[85.32423979441324,27.708968769469976],[85.32424929973006,27.708964911538402]]}},{"type":"Feature","properties":{},"geometry":{"type":"LineString","coordinates":[[85.32426413989987,27.709024039269632],[85.32423646441556,27.709033835294562]]}},{"type":"Feature","properties":{},"geometry":{"type":"LineString","coordinates":[[85.32418190998,27.709183696181825],[85.3241722713293,27.709169339995483]]}},{"type":"Feature","properties":{},"geometry":{"type":"LineString","coordinates":[[85.32412857249251,27.709235491982763],[85.32411490399741,27.709232997913436]]}},{"type":"Feature","properties":{},"geometry":{"type":"LineString","coordinates":[[85.32413563855106,27.709295147450973],[85.32412181925713,27.709299134551916]]}},{"type":"Feature","properties":{},"geometry":{"type":"LineString","coordinates":[[85.32413594171611,27.709298866005458],[85.32412209334106,27.709301571137456]]}},{"type":"Feature","properties":{},"geometry":{"type":"LineString","coordinates":[[85.32413761441238,27.709308191518733],[85.32412152686896,27.709312357839163]]}},{"type":"Feature","properties":{},"geometry":{"type":"LineString","coordinates":[[85.32413865294511,27.709314023716765],[85.32412116618661,27.709315321046823]]}},{"type":"Feature","properties":{},"geometry":{"type":"LineString","coordinates":[[85.32414953586627,27.70937555215338],[85.32415964657365,27.70937315827036]]}},{"type":"Feature","properties":{},"geometry":{"type":"LineString","coordinates":[[85.32417789622805,27.70952847923918],[85.32419184624972,27.7095298737995]]}},{"type":"Feature","properties":{},"geometry":{"type":"LineString","coordinates":[[85.32417848418368,27.70953366878323],[85.32419212418948,27.709531195785942]]}},{"type":"Feature","properties":{},"geometry":{"type":"LineString","coordinates":[[85.32417794739145,27.7095424476771],[85.3241950800702,27.709539106297626]]}},{"type":"Feature","properties":{},"geometry":{"type":"LineString","coordinates":[[85.32417850170448,27.709544729709695],[85.32419553195103,27.709541919592734]]}},{"type":"Feature","properties":{},"geometry":{"type":"LineString","coordinates":[[85.32408720264304,27.709623414835274],[85.3240720220633,27.709597569805588]]}},{"type":"Feature","properties":{},"geometry":{"type":"LineString","coordinates":[[85.32408778589507,27.709680324780166],[85.3241033655654,27.709681721933922]]}},{"type":"Feature","properties":{},"geometry":{"type":"LineString","coordinates":[[85.32408971907833,27.709688398907318],[85.32410343522353,27.70968360007519]]}},{"type":"Feature","properties":{},"geometry":{"type":"LineString","coordinates":[[85.32411465975358,27.70975840640749],[85.3240986149119,27.709759973904482]]}},{"type":"Feature","properties":{},"geometry":{"type":"LineString","coordinates":[[85.32413276815362,27.7098018278847],[85.32412194123597,27.70980874658605]]}},{"type":"Feature","properties":{},"geometry":{"type":"LineString","coordinates":[[85.32416182361243,27.709870874346425],[85.32417190426489,27.70986792864398]]}},{"type":"Feature","properties":{},"geometry":{"type":"LineString","coordinates":[[85.32420929329248,27.71000845483161],[85.32420208232404,27.710010022795345]]}},{"type":"Feature","properties":{},"geometry":{"type":"LineString","coordinates":[[85.32423018178791,27.71005789113645],[85.32421920181221,27.71006201731605]]}},{"type":"Feature","properties":{},"geometry":{"type":"LineString","coordinates":[[85.32422422344288,27.710043788902627],[85.32421436183948,27.71004792772003]]}},{"type":"Feature","properties":{},"geometry":{"type":"LineString","coordinates":[[85.3243332354737,27.707779824496065],[85.32434185919884,27.707779034470462]]}},{"type":"Feature","properties":{},"geometry":{"type":"LineString","coordinates":[[85.3243429319206,27.707846926235465],[85.32432405728326,27.707848477561548]]}},{"type":"Feature","properties":{},"geometry":{"type":"LineString","coordinates":[[85.32436192397735,27.70800238255567],[85.32434151023753,27.708006766397947]]}},{"type":"Feature","properties":{},"geometry":{"type":"LineString","coordinates":[[85.32437948468719,27.708115073294422],[85.32438345128637,27.708115439912373]]}},{"type":"Feature","properties":{},"geometry":{"type":"LineString","coordinates":[[85.32438118630617,27.708122838652145],[85.32436059535905,27.708127204105406]]}},{"type":"Feature","properties":{},"geometry":{"type":"LineString","coordinates":[[85.32448456383094,27.70764128049897],[85.32447876146371,27.70762673159682]]}},{"type":"Feature","properties":{},"geometry":{"type":"LineString","coordinates":[[85.32449565517638,27.707749894634347],[85.3244668021536,27.70774997046978]]}},{"type":"Feature","properties":{},"geometry":{"type":"LineString","coordinates":[[85.32450893421573,27.707828163628427],[85.32446009872645,27.70783200849758]]}},{"type":"Feature","properties":{},"geometry":{"type":"LineString","coordinates":[[85.324517153141,27.707868727924716],[85.32452363948113,27.707867784756314]]}},{"type":"Feature","properties":{},"geometry":{"type":"LineString","coordinates":[[85.32451839950839,27.70788644286783],[85.32448990192292,27.707892057429753]]}},{"type":"Feature","properties":{},"geometry":{"type":"LineString","coordinates":[[85.32452702620061,27.70795115614358],[85.32453105966437,27.707951593062646]]}},{"type":"Feature","properties":{},"geometry":{"type":"LineString","coordinates":[[85.32464213452906,27.70760155507844],[85.32464579659624,27.707610302667895]]}},{"type":"Feature","properties":{},"geometry":{"type":"LineString","coordinates":[[85.32464410106562,27.70760107616196],[85.32463030758788,27.707580824821036]]}},{"type":"Feature","properties":{},"geometry":{"type":"LineString","coordinates":[[85.32471965993092,27.70772710000563],[85.32471502729442,27.707727848105492]]}},{"type":"Feature","properties":{},"geometry":{"type":"LineString","coordinates":[[85.32472190259487,27.707736026266694],[85.32472678375247,27.707734941816685]]}},{"type":"Feature","properties":{},"geometry":{"type":"LineString","coordinates":[[85.32472298370531,27.707740002437355],[85.32472721760229,27.70773727654254]]}},{"type":"Feature","properties":{},"geometry":{"type":"LineString","coordinates":[[85.32469149019902,27.70783842132174],[85.32469284226393,27.707845570518547]]}},{"type":"Feature","properties":{},"geometry":{"type":"LineString","coordinates":[[85.3245627733672,27.708015365550608],[85.32453597225162,27.70801939231636]]}},{"type":"Feature","properties":{},"geometry":{"type":"LineString","coordinates":[[85.32482636149169,27.707525718947817],[85.32482645913653,27.70753485932531]]}},{"type":"Feature","properties":{},"geometry":{"type":"LineString","coordinates":[[85.32483041666801,27.707525331192084],[85.32482857859753,27.707535190036893]]}},{"type":"Feature","properties":{},"geometry":{"type":"LineString","coordinates":[[85.3248463793805,27.70752055495121],[85.32484539254995,27.707511337023995]]}},{"type":"Feature","properties":{},"geometry":{"type":"LineString","coordinates":[[85.32495559848789,27.707633607572937],[85.32494562498714,27.70763320528359]]}},{"type":"Feature","properties":{},"geometry":{"type":"LineString","coordinates":[[85.32495686049002,27.707707388954464],[85.32494738183627,27.70772112654708]]}},{"type":"Feature","properties":{},"geometry":{"type":"LineString","coordinates":[[85.3245129604014,27.707485660433942],[85.32450905771096,27.707482241276114]]}},{"type":"Feature","properties":{},"geometry":{"type":"LineString","coordinates":[[85.32468357367749,27.707371627252517],[85.32469125860057,27.707386017520143]]}},{"type":"Feature","properties":{},"geometry":{"type":"LineString","coordinates":[[85.3247510455494,27.70735412847756],[85.32474882017186,27.707345863090648]]}},{"type":"Feature","properties":{},"geometry":{"type":"LineString","coordinates":[[85.32486749921934,27.707324453214945],[85.32486683959327,27.707315921573404]]}},{"type":"Feature","properties":{},"geometry":{"type":"LineString","coordinates":[[85.32508192568247,27.70729185591014],[85.32517565195542,27.70727828480269]]}},{"type":"Feature","properties":{},"geometry":{"type":"LineString","coordinates":[[85.3250594266576,27.70718229146593],[85.32507102678431,27.707182954409046]]}},{"type":"Feature","properties":{},"geometry":{"type":"LineString","coordinates":[[85.32503511761185,27.707140830309516],[85.32507588164272,27.707102534791716]]}},{"type":"Feature","properties":{},"geometry":{"type":"LineString","coordinates":[[85.32503525158816,27.70713856563376],[85.32490446275277,27.707059203183913]]}},{"type":"Feature","properties":{},"geometry":{"type":"LineString","coordinates":[[85.32454871009536,27.707382859793054],[85.32452907722491,27.707389041968202]]}},{"type":"Feature","properties":{},"geometry":{"type":"LineString","coordinates":[[85.32454171355184,27.707373061888873],[85.32452411046806,27.707379536689302]]}},{"type":"Feature","properties":{},"geometry":{"type":"LineString","coordinates":[[85.32452557471987,27.707342180827265],[85.32450607420094,27.70733963606537]]}},{"type":"Feature","properties":{},"geometry":{"type":"LineString","coordinates":[[85.32455923325531,27.707219607129353],[85.32455320681076,27.70721521007893]]}},{"type":"Feature","properties":{},"geometry":{"type":"LineString","coordinates":[[85.32456571423182,27.707205076040886],[85.32458067635413,27.70720664796994]]}},{"type":"Feature","properties":{},"geometry":{"type":"LineString","coordinates":[[85.32457219639205,27.707183698241398],[85.32456547012798,27.707183090640523]]}},{"type":"Feature","properties":{},"geometry":{"type":"LineString","coordinates":[[85.32458841049795,27.707108380157017],[85.32460564240525,27.707098519008596]]}},{"type":"Feature","properties":{},"geometry":{"type":"LineString","coordinates":[[85.32458514280711,27.707100702345677],[85.324602958612,27.707084152265367]]}},{"type":"Feature","properties":{},"geometry":{"type":"LineString","coordinates":[[85.32455331728191,27.70708507580662],[85.32456023580144,27.70706434139004]]}},{"type":"Feature","properties":{},"geometry":{"type":"LineString","coordinates":[[85.32454804504019,27.70708328541676],[85.32455778450405,27.707063031004232]]}},{"type":"Feature","properties":{},"geometry":{"type":"LineString","coordinates":[[85.32445203569476,27.707038358734984],[85.32446638273058,27.707017800889652]]}},{"type":"Feature","properties":{},"geometry":{"type":"LineString","coordinates":[[85.32434577021127,27.706963160039926],[85.32434128025965,27.706970167216856]]}},{"type":"Feature","properties":{},"geometry":{"type":"LineString","coordinates":[[85.32433853595337,27.706957639128525],[85.32435084132356,27.706944733647806]]}},{"type":"Feature","properties":{},"geometry":{"type":"LineString","coordinates":[[85.32420793288225,27.70694884305489],[85.32421099839465,27.70696006002253]]}},{"type":"Feature","properties":{},"geometry":{"type":"LineString","coordinates":[[85.32440791166337,27.707007785122517],[85.32440286769399,27.707015145711335]]}},{"type":"Feature","properties":{},"geometry":{"type":"LineString","coordinates":[[85.32440992969913,27.707010305997542],[85.32442780998471,27.706997035675368]]}},{"type":"Feature","properties":{},"geometry":{"type":"LineString","coordinates":[[85.32441043032549,27.70701105756192],[85.32440531330865,27.707017225903996]]}},{"type":"Feature","properties":{},"geometry":{"type":"LineString","coordinates":[[85.3248515814387,27.708744154503815],[85.32482944551413,27.70873991810005]]}},{"type":"Feature","properties":{},"geometry":{"type":"LineString","coordinates":[[85.32485364802005,27.708749673320405],[85.32486837598327,27.708739836900143]]}},{"type":"Feature","properties":{},"geometry":{"type":"LineString","coordinates":[[85.32486012452642,27.708804863950615],[85.32486551987685,27.708806700045702]]}},{"type":"Feature","properties":{},"geometry":{"type":"LineString","coordinates":[[85.32442271714773,27.708886474898392],[85.32440798975014,27.708900649820333]]}},{"type":"Feature","properties":{},"geometry":{"type":"LineString","coordinates":[[85.3245270519094,27.708968289342614],[85.32451135775406,27.708978901952133]]}},{"type":"Feature","properties":{},"geometry":{"type":"LineString","coordinates":[[85.3245280465419,27.7089691651203],[85.32451373922925,27.708981731384114]]}},{"type":"Feature","properties":{},"geometry":{"type":"LineString","coordinates":[[85.32462180320763,27.70904753910064],[85.32460548957819,27.70906245569052]]}},{"type":"Feature","properties":{},"geometry":{"type":"LineString","coordinates":[[85.32474785365356,27.70914671499629],[85.32474095032521,27.709152643309494]]}},{"type":"Feature","properties":{},"geometry":{"type":"LineString","coordinates":[[85.32477204950222,27.709156712035128],[85.32475685364639,27.709172940937]]}},{"type":"Feature","properties":{},"geometry":{"type":"LineString","coordinates":[[85.324864004508,27.709201564206314],[85.32485889092058,27.709215267969725]]}},{"type":"Feature","properties":{},"geometry":{"type":"LineString","coordinates":[[85.32488182114146,27.709207414435582],[85.3248846110672,27.709225857457696]]}},{"type":"Feature","properties":{},"geometry":{"type":"LineString","coordinates":[[85.32488964379421,27.709207888178682],[85.32488537567221,27.70922698767502]]}},{"type":"Feature","properties":{},"geometry":{"type":"LineString","coordinates":[[85.32489290045245,27.709209058483847],[85.32488820139018,27.70922828724443]]}},{"type":"Feature","properties":{},"geometry":{"type":"LineString","coordinates":[[85.32497166153325,27.709216908023315],[85.3249655354033,27.709245909447475]]}},{"type":"Feature","properties":{},"geometry":{"type":"LineString","coordinates":[[85.32497913598212,27.709216874828645],[85.3249702370612,27.7092464889212]]}},{"type":"Feature","properties":{},"geometry":{"type":"LineString","coordinates":[[85.32506011433286,27.709227683527278],[85.32505050317587,27.70926336134517]]}},{"type":"Feature","properties":{},"geometry":{"type":"LineString","coordinates":[[85.32514038076908,27.709244667818872],[85.3251342213431,27.70925852590939]]}},{"type":"Feature","properties":{},"geometry":{"type":"LineString","coordinates":[[85.32524521611529,27.709273390037914],[85.32524023410735,27.709287378808696]]}},{"type":"Feature","properties":{},"geometry":{"type":"LineString","coordinates":[[85.324706487954,27.709079782332424],[85.3247156480119,27.709069716079817]]}},{"type":"Feature","properties":{},"geometry":{"type":"LineString","coordinates":[[85.32450666439696,27.708919717464727],[85.32451542247247,27.708911004692872]]}},{"type":"Feature","properties":{},"geometry":{"type":"LineString","coordinates":[[85.32451186232471,27.708924849993885],[85.32452034165269,27.708913806178142]]}},{"type":"Feature","properties":{},"geometry":{"type":"LineString","coordinates":[[85.32451859343007,27.70892912922139],[85.32452312424421,27.708922572005893]]}},{"type":"Feature","properties":{},"geometry":{"type":"LineString","coordinates":[[85.32279616212438,27.705998327994692],[85.32278692307449,27.706002427333203]]}},{"type":"Feature","properties":{},"geometry":{"type":"LineString","coordinates":[[85.32279618781037,27.706003344662847],[85.32278648194773,27.70600501320098]]}},{"type":"Feature","properties":{},"geometry":{"type":"LineString","coordinates":[[85.32279588270255,27.70604609733084],[85.32278494038141,27.706048183207102]]}},{"type":"Feature","properties":{},"geometry":{"type":"LineString","coordinates":[[85.32279548880737,27.706078544542375],[85.32278749474118,27.70607895039958]]}},{"type":"Feature","properties":{},"geometry":{"type":"LineString","coordinates":[[85.32279442345188,27.7061455412442],[85.32278587866222,27.706146548744968]]}},{"type":"Feature","properties":{},"geometry":{"type":"LineString","coordinates":[[85.32279333823888,27.706215095523255],[85.32278556830215,27.70621463765054]]}},{"type":"Feature","properties":{},"geometry":{"type":"LineString","coordinates":[[85.31877890642149,27.705987357559067],[85.31877182209665,27.7059883509602]]}},{"type":"Feature","properties":{},"geometry":{"type":"LineString","coordinates":[[85.31877689957709,27.706030809731082],[85.3188216610881,27.706033431044073]]}},{"type":"Feature","properties":{},"geometry":{"type":"LineString","coordinates":[[85.3187769009374,27.706033168100458],[85.31882143034049,27.706036509533856]]}},{"type":"Feature","properties":{},"geometry":{"type":"LineString","coordinates":[[85.31878733096381,27.70608850623007],[85.3187783121316,27.706090005930044]]}},{"type":"Feature","properties":{},"geometry":{"type":"LineString","coordinates":[[85.3187957639637,27.706202728381953],[85.31878580710516,27.706205286206252]]}},{"type":"Feature","properties":{},"geometry":{"type":"LineString","coordinates":[[85.31879455195958,27.706206113552376],[85.31878593192552,27.70620673540613]]}},{"type":"Feature","properties":{},"geometry":{"type":"LineString","coordinates":[[85.31879257703014,27.70624887295572],[85.31877851657245,27.70625140711229]]}},{"type":"Feature","properties":{},"geometry":{"type":"LineString","coordinates":[[85.31879327133586,27.70625319375347],[85.31877974377217,27.70625443832639]]}},{"type":"Feature","properties":{},"geometry":{"type":"LineString","coordinates":[[85.31879194535306,27.706334978103314],[85.31878253704139,27.706336679755417]]}},{"type":"Feature","properties":{},"geometry":{"type":"LineString","coordinates":[[85.31879206658213,27.706339373169794],[85.31878292013997,27.706339339698836]]}},{"type":"Feature","properties":{},"geometry":{"type":"LineString","coordinates":[[85.31879559958156,27.706387722148836],[85.3187875587331,27.706389656118358]]}},{"type":"Feature","properties":{},"geometry":{"type":"LineString","coordinates":[[85.31879590732527,27.706392849640366],[85.31878743769298,27.70639371430024]]}},{"type":"Feature","properties":{},"geometry":{"type":"LineString","coordinates":[[85.31879615502712,27.70639607293307],[85.31878726838107,27.70639549747985]]}},{"type":"Feature","properties":{},"geometry":{"type":"LineString","coordinates":[[85.3187998123476,27.70651891956975],[85.31882978110364,27.70651972941458]]}},{"type":"Feature","properties":{},"geometry":{"type":"LineString","coordinates":[[85.31879992269393,27.70652389213341],[85.31883015297296,27.706523187974703]]}},{"type":"Feature","properties":{},"geometry":{"type":"LineString","coordinates":[[85.31879654420642,27.70663186690236],[85.31881866014757,27.70663425288748]]}},{"type":"Feature","properties":{},"geometry":{"type":"LineString","coordinates":[[85.31879663147579,27.70663576515592],[85.31881609295506,27.706634487958542]]}},{"type":"Feature","properties":{},"geometry":{"type":"LineString","coordinates":[[85.31880028807721,27.706770430619848],[85.31879846755754,27.70677653138023]]}},{"type":"Feature","properties":{},"geometry":{"type":"LineString","coordinates":[[85.31880046908125,27.70676550401468],[85.31879852981838,27.706776240614072]]}},{"type":"Feature","properties":{},"geometry":{"type":"LineString","coordinates":[[85.31880024378296,27.706761348664223],[85.31879807047294,27.706771278252475]]}},{"type":"Feature","properties":{},"geometry":{"type":"LineString","coordinates":[[85.31871051905524,27.705426818394574],[85.31870662733316,27.705421973190553]]}},{"type":"Feature","properties":{},"geometry":{"type":"LineString","coordinates":[[85.31870539158093,27.70542836264832],[85.31870454770124,27.705433598899088]]}},{"type":"Feature","properties":{},"geometry":{"type":"LineString","coordinates":[[85.31906399909226,27.705053676401374],[85.31906545591117,27.70504907125007]]}},{"type":"Feature","properties":{},"geometry":{"type":"LineString","coordinates":[[85.31911219749792,27.705053147939747],[85.31911226498632,27.7050482822298]]}},{"type":"Feature","properties":{},"geometry":{"type":"LineString","coordinates":[[85.31912183765802,27.705054042994533],[85.31912228738173,27.705047924679043]]}},{"type":"Feature","properties":{},"geometry":{"type":"LineString","coordinates":[[85.31918366450131,27.705049582436025],[85.31918453295523,27.705046181356245]]}},{"type":"Feature","properties":{},"geometry":{"type":"LineString","coordinates":[[85.31918841972818,27.7050503577004],[85.31918713410026,27.705046242724517]]}},{"type":"Feature","properties":{},"geometry":{"type":"LineString","coordinates":[[85.31921410629447,27.70504808560515],[85.31920973672054,27.70507077581269]]}},{"type":"Feature","properties":{},"geometry":{"type":"LineString","coordinates":[[85.31923850317656,27.705048314144765],[85.31923896058565,27.705066304738768]]}},{"type":"Feature","properties":{},"geometry":{"type":"LineString","coordinates":[[85.31924526019847,27.705048954864928],[85.31923861783926,27.7049960445678]]}},{"type":"Feature","properties":{},"geometry":{"type":"LineString","coordinates":[[85.31924822660804,27.70504867228424],[85.31924071986523,27.70499565582192]]}},{"type":"Feature","properties":{},"geometry":{"type":"LineString","coordinates":[[85.31925052432554,27.70504914513841],[85.31925023850988,27.704995017771093]]}},{"type":"Feature","properties":{},"geometry":{"type":"LineString","coordinates":[[85.31928261581861,27.705046601513274],[85.3192839525913,27.705067558623547]]}},{"type":"Feature","properties":{},"geometry":{"type":"LineString","coordinates":[[85.31929626787462,27.705046354808676],[85.31929746188445,27.70503699636241]]}},{"type":"Feature","properties":{},"geometry":{"type":"LineString","coordinates":[[85.31938198562527,27.705040134551172],[85.31937940092475,27.70502867873868]]}},{"type":"Feature","properties":{},"geometry":{"type":"LineString","coordinates":[[85.31938399928826,27.705038828645787],[85.31938181544234,27.705028014897817]]}},{"type":"Feature","properties":{},"geometry":{"type":"LineString","coordinates":[[85.31938679224935,27.705039739830166],[85.31938375082616,27.705029037514137]]}},{"type":"Feature","properties":{},"geometry":{"type":"LineString","coordinates":[[85.31941533204763,27.705035570889148],[85.31941351757575,27.705025732765932]]}},{"type":"Feature","properties":{},"geometry":{"type":"LineString","coordinates":[[85.31941787751568,27.70503503048126],[85.31941553508769,27.70502596213813]]}},{"type":"Feature","properties":{},"geometry":{"type":"LineString","coordinates":[[85.31941507577886,27.705072471995425],[85.31941829363932,27.705072125675493]]}},{"type":"Feature","properties":{},"geometry":{"type":"LineString","coordinates":[[85.31941902838874,27.705187678578213],[85.31942804239031,27.70519859690997]]}},{"type":"Feature","properties":{},"geometry":{"type":"LineString","coordinates":[[85.31941834310314,27.705190840001013],[85.31942629827819,27.705198856427078]]}},{"type":"Feature","properties":{},"geometry":{"type":"LineString","coordinates":[[85.31941709695604,27.705194734702488],[85.31942533124707,27.705199029708584]]}},{"type":"Feature","properties":{},"geometry":{"type":"LineString","coordinates":[[85.31941821175229,27.705203181629926],[85.31941263177569,27.70520580076482]]}},{"type":"Feature","properties":{},"geometry":{"type":"LineString","coordinates":[[85.31942690199959,27.705285443220816],[85.31943097203481,27.705293212112814]]}},{"type":"Feature","properties":{},"geometry":{"type":"LineString","coordinates":[[85.31945882970248,27.70502760240631],[85.31945921667314,27.70501320426944]]}},{"type":"Feature","properties":{},"geometry":{"type":"LineString","coordinates":[[85.31946254160873,27.70502724312975],[85.31946253005535,27.705013241787743]]}},{"type":"Feature","properties":{},"geometry":{"type":"LineString","coordinates":[[85.31950017591434,27.705023048297495],[85.31949976909019,27.705017171391887]]}},{"type":"Feature","properties":{},"geometry":{"type":"LineString","coordinates":[[85.31950378879787,27.705023592169127],[85.31950240647956,27.705017580674582]]}},{"type":"Feature","properties":{},"geometry":{"type":"LineString","coordinates":[[85.31954058169705,27.70501918133043],[85.31954699863586,27.705012170631747]]}},{"type":"Feature","properties":{},"geometry":{"type":"LineString","coordinates":[[85.31954398648757,27.705019738920633],[85.31954942848614,27.70501235897784]]}},{"type":"Feature","properties":{},"geometry":{"type":"LineString","coordinates":[[85.3195469719718,27.705019137966154],[85.31955068630087,27.705011738854804]]}},{"type":"Feature","properties":{},"geometry":{"type":"LineString","coordinates":[[85.3195475208847,27.705085618976003],[85.31955348506291,27.70508585293584]]}},{"type":"Feature","properties":{},"geometry":{"type":"LineString","coordinates":[[85.31955672693694,27.705168042062606],[85.31956048521307,27.705167965843494]]}},{"type":"Feature","properties":{},"geometry":{"type":"LineString","coordinates":[[85.319557663238,27.705203885422502],[85.3195640857469,27.70521100325199]]}},{"type":"Feature","properties":{},"geometry":{"type":"LineString","coordinates":[[85.31961926802263,27.705017453279297],[85.31962128950819,27.7050116663224]]}},{"type":"Feature","properties":{},"geometry":{"type":"LineString","coordinates":[[85.31962154818062,27.705017219220352],[85.31962305367321,27.705011421486894]]}},{"type":"Feature","properties":{},"geometry":{"type":"LineString","coordinates":[[85.3196243982183,27.705017185224207],[85.3196244484505,27.70501152506293]]}},{"type":"Feature","properties":{},"geometry":{"type":"LineString","coordinates":[[85.31963647395757,27.705017696443008],[85.31963700993411,27.705011241619566]]}},{"type":"Feature","properties":{},"geometry":{"type":"LineString","coordinates":[[85.31964496083269,27.705017552168698],[85.31964572504546,27.705011158781314]]}},{"type":"Feature","properties":{},"geometry":{"type":"LineString","coordinates":[[85.31964821036125,27.705017058210128],[85.31964855713076,27.70501183306568]]}},{"type":"Feature","properties":{},"geometry":{"type":"LineString","coordinates":[[85.31967673676317,27.705016475771497],[85.31967723423904,27.705011275922548]]}},{"type":"Feature","properties":{},"geometry":{"type":"LineString","coordinates":[[85.31963526879909,27.705068414849418],[85.31963119345073,27.705069991766518]]}},{"type":"Feature","properties":{},"geometry":{"type":"LineString","coordinates":[[85.3196361187884,27.705070519075264],[85.31964845637987,27.705068170594686]]}},{"type":"Feature","properties":{},"geometry":{"type":"LineString","coordinates":[[85.31964111519197,27.705135560360706],[85.31963626818506,27.705135678421044]]}},{"type":"Feature","properties":{},"geometry":{"type":"LineString","coordinates":[[85.31964130920139,27.705149237196274],[85.3196535028238,27.705149468250564]]}},{"type":"Feature","properties":{},"geometry":{"type":"LineString","coordinates":[[85.31964568772156,27.705203380855746],[85.31964125223725,27.705204172698565]]}},{"type":"Feature","properties":{},"geometry":{"type":"LineString","coordinates":[[85.31964665820857,27.705247185992462],[85.31965961805183,27.705248834320205]]}},{"type":"Feature","properties":{},"geometry":{"type":"LineString","coordinates":[[85.31964663095488,27.705249824707245],[85.31964485187379,27.705255740963327]]}},{"type":"Feature","properties":{},"geometry":{"type":"LineString","coordinates":[[85.31973457566833,27.705069629345125],[85.31975399590567,27.7050677161129]]}},{"type":"Feature","properties":{},"geometry":{"type":"LineString","coordinates":[[85.3197329694271,27.705084781653245],[85.31972744184196,27.70508623263965]]}},{"type":"Feature","properties":{},"geometry":{"type":"LineString","coordinates":[[85.31973395495588,27.7051411738861],[85.31975570008555,27.70514226276525]]}},{"type":"Feature","properties":{},"geometry":{"type":"LineString","coordinates":[[85.31974091873977,27.705229176364934],[85.31973595961043,27.705238397955828]]}},{"type":"Feature","properties":{},"geometry":{"type":"LineString","coordinates":[[85.31974884500931,27.705013943953574],[85.3197480071093,27.705008072646255]]}},{"type":"Feature","properties":{},"geometry":{"type":"LineString","coordinates":[[85.31979610595764,27.705012518475627],[85.31979684871939,27.705005340513882]]}},{"type":"Feature","properties":{},"geometry":{"type":"LineString","coordinates":[[85.31980002914929,27.70501233414091],[85.31979937268075,27.705005541731012]]}},{"type":"Feature","properties":{},"geometry":{"type":"LineString","coordinates":[[85.31982573460286,27.705011276988134],[85.31982493125946,27.705004275209888]]}},{"type":"Feature","properties":{},"geometry":{"type":"LineString","coordinates":[[85.3198568839895,27.70506426179568],[85.31987112292065,27.705065290235385]]}},{"type":"Feature","properties":{},"geometry":{"type":"LineString","coordinates":[[85.31985533113074,27.705080497809455],[85.31984745838722,27.70508013780682]]}},{"type":"Feature","properties":{},"geometry":{"type":"LineString","coordinates":[[85.31984839460394,27.70514445109245],[85.31985829141975,27.705146002655166]]}},{"type":"Feature","properties":{},"geometry":{"type":"LineString","coordinates":[[85.3198461355947,27.705157997069357],[85.31984113597582,27.705157684574917]]}},{"type":"Feature","properties":{},"geometry":{"type":"LineString","coordinates":[[85.31984076587739,27.705203082681646],[85.31985713500853,27.705203340933213]]}},{"type":"Feature","properties":{},"geometry":{"type":"LineString","coordinates":[[85.3198412890498,27.705251400537563],[85.31985746585784,27.705249849556974]]}},{"type":"Feature","properties":{},"geometry":{"type":"LineString","coordinates":[[85.31984411404481,27.705267230291827],[85.31984080658417,27.705268195583404]]}},{"type":"Feature","properties":{},"geometry":{"type":"LineString","coordinates":[[85.31984285074638,27.70526992891535],[85.3198407206751,27.70526930196513]]}},{"type":"Feature","properties":{},"geometry":{"type":"LineString","coordinates":[[85.31984502454863,27.705295564152916],[85.31983855183373,27.705305817940104]]}},{"type":"Feature","properties":{},"geometry":{"type":"LineString","coordinates":[[85.31990001596795,27.704960894987273],[85.31990698948111,27.704959253054977]]}},{"type":"Feature","properties":{},"geometry":{"type":"LineString","coordinates":[[85.31989994155438,27.70495291196297],[85.31988574755638,27.70495212866214]]}},{"type":"Feature","properties":{},"geometry":{"type":"LineString","coordinates":[[85.31989942556343,27.704918882405273],[85.31988328061156,27.704915842525082]]}},{"type":"Feature","properties":{},"geometry":{"type":"LineString","coordinates":[[85.31989808098312,27.704902795342928],[85.31987990895541,27.70489333360978]]}},{"type":"Feature","properties":{},"geometry":{"type":"LineString","coordinates":[[85.3198978592591,27.70490131608574],[85.31990363862536,27.704888130530875]]}},{"type":"Feature","properties":{},"geometry":{"type":"LineString","coordinates":[[85.31996813868246,27.705012916035848],[85.31996844809849,27.705007215697297]]}},{"type":"Feature","properties":{},"geometry":{"type":"LineString","coordinates":[[85.31998618884533,27.705012396822426],[85.31998811867581,27.705006038337764]]}},{"type":"Feature","properties":{},"geometry":{"type":"LineString","coordinates":[[85.32000668024588,27.705062817175467],[85.32001472354153,27.70506356191865]]}},{"type":"Feature","properties":{},"geometry":{"type":"LineString","coordinates":[[85.32000451558312,27.705068154737855],[85.31999970522135,27.705068727236675]]}},{"type":"Feature","properties":{},"geometry":{"type":"LineString","coordinates":[[85.32000349978753,27.705140081683197],[85.31999348443901,27.705142626253316]]}},{"type":"Feature","properties":{},"geometry":{"type":"LineString","coordinates":[[85.32000317036628,27.705143116559213],[85.31999797773551,27.705155269505163]]}},{"type":"Feature","properties":{},"geometry":{"type":"LineString","coordinates":[[85.32005132169016,27.705016263179942],[85.32005250206272,27.70501215918538]]}},{"type":"Feature","properties":{},"geometry":{"type":"LineString","coordinates":[[85.32007890597559,27.70501674325495],[85.32007984859655,27.705038417616283]]}},{"type":"Feature","properties":{},"geometry":{"type":"LineString","coordinates":[[85.3201447156894,27.70501938670964],[85.32014540994815,27.70503595957152]]}},{"type":"Feature","properties":{},"geometry":{"type":"LineString","coordinates":[[85.32023372725978,27.705018052569084],[85.32024126791768,27.705037707673114]]}},{"type":"Feature","properties":{},"geometry":{"type":"LineString","coordinates":[[85.32023626943571,27.705018322592863],[85.32024224157023,27.705038094947575]]}},{"type":"Feature","properties":{},"geometry":{"type":"LineString","coordinates":[[85.32026497035368,27.704895068018946],[85.32024247511237,27.70489402878437]]}},{"type":"Feature","properties":{},"geometry":{"type":"LineString","coordinates":[[85.32035160470318,27.705000991570287],[85.32034919435303,27.70498854057421]]}},{"type":"Feature","properties":{},"geometry":{"type":"LineString","coordinates":[[85.32044011722344,27.704996023905945],[85.32044232602397,27.704984625368375]]}},{"type":"Feature","properties":{},"geometry":{"type":"LineString","coordinates":[[85.32040480964204,27.70504163440455],[85.32039632028213,27.705041278684494]]}},{"type":"Feature","properties":{},"geometry":{"type":"LineString","coordinates":[[85.32040639467131,27.705116574030438],[85.32039773681335,27.705117420262955]]}},{"type":"Feature","properties":{},"geometry":{"type":"LineString","coordinates":[[85.3204066778818,27.70512079235944],[85.32039803330092,27.705120506959634]]}},{"type":"Feature","properties":{},"geometry":{"type":"LineString","coordinates":[[85.32043334740654,27.705184240064735],[85.32041306339387,27.70518885325878]]}},{"type":"Feature","properties":{},"geometry":{"type":"LineString","coordinates":[[85.32043492890003,27.70518724848807],[85.3203634889076,27.705198181549793]]}},{"type":"Feature","properties":{},"geometry":{"type":"LineString","coordinates":[[85.32044023002518,27.70519700706195],[85.32043417890479,27.705200859718758]]}},{"type":"Feature","properties":{},"geometry":{"type":"LineString","coordinates":[[85.32065359251308,27.705233344640828],[85.32065224346972,27.705203703083015]]}},{"type":"Feature","properties":{},"geometry":{"type":"LineString","coordinates":[[85.32077325052425,27.705225640832936],[85.32075452323784,27.705188859607432]]}},{"type":"Feature","properties":{},"geometry":{"type":"LineString","coordinates":[[85.32086670117621,27.705213953777033],[85.3208621946535,27.705186208075652]]}},{"type":"Feature","properties":{},"geometry":{"type":"LineString","coordinates":[[85.3208937391949,27.70521865549616],[85.32091311459234,27.70518424175244]]}},{"type":"Feature","properties":{},"geometry":{"type":"LineString","coordinates":[[85.32091529188015,27.705392773602487],[85.32096021105507,27.7054100534878]]}},{"type":"Feature","properties":{},"geometry":{"type":"LineString","coordinates":[[85.32091554892587,27.705396582759906],[85.3209592840419,27.705410461025064]]}},{"type":"Feature","properties":{},"geometry":{"type":"LineString","coordinates":[[85.32083540965961,27.705408542333018],[85.320839173562,27.705373863410376]]}},{"type":"Feature","properties":{},"geometry":{"type":"LineString","coordinates":[[85.32082441901498,27.705411004733456],[85.32082396758052,27.705415187976353]]}},{"type":"Feature","properties":{},"geometry":{"type":"LineString","coordinates":[[85.32074909559718,27.705417398004645],[85.32074464281004,27.70538409236278]]}},{"type":"Feature","properties":{},"geometry":{"type":"LineString","coordinates":[[85.32063077726245,27.70543388808333],[85.32063123920477,27.70544272510636]]}},{"type":"Feature","properties":{},"geometry":{"type":"LineString","coordinates":[[85.32056444715002,27.70543891920958],[85.32056700441134,27.70544886471021]]}},{"type":"Feature","properties":{},"geometry":{"type":"LineString","coordinates":[[85.32039589223173,27.705532512444794],[85.32039878419124,27.705479163711825]]}},{"type":"Feature","properties":{},"geometry":{"type":"LineString","coordinates":[[85.32039256806517,27.705532052425724],[85.32039858574257,27.70547907736706]]}},{"type":"Feature","properties":{},"geometry":{"type":"LineString","coordinates":[[85.32035040505552,27.705511602663666],[85.32034550957934,27.70552110664421]]}},{"type":"Feature","properties":{},"geometry":{"type":"LineString","coordinates":[[85.32034807392475,27.705511191697617],[85.32034374034235,27.705519894717042]]}},{"type":"Feature","properties":{},"geometry":{"type":"LineString","coordinates":[[85.3203478494013,27.705511218757238],[85.32034252269008,27.705519349244426]]}},{"type":"Feature","properties":{},"geometry":{"type":"LineString","coordinates":[[85.32034186715727,27.705509117242887],[85.32034054948326,27.705519470611076]]}},{"type":"Feature","properties":{},"geometry":{"type":"LineString","coordinates":[[85.32030911657469,27.705500991330307],[85.32031793923758,27.70546429885837]]}},{"type":"Feature","properties":{},"geometry":{"type":"LineString","coordinates":[[85.32030737644756,27.705500328504222],[85.32031793543275,27.705463355651073]]}},{"type":"Feature","properties":{},"geometry":{"type":"LineString","coordinates":[[85.32030133875182,27.705495425713398],[85.32030723808856,27.70546427911683]]}},{"type":"Feature","properties":{},"geometry":{"type":"LineString","coordinates":[[85.32025987183465,27.70548646747074],[85.32027303660583,27.705457661796466]]}},{"type":"Feature","properties":{},"geometry":{"type":"LineString","coordinates":[[85.3202274400336,27.70548248899857],[85.32022684850087,27.705487342935804]]}},{"type":"Feature","properties":{},"geometry":{"type":"LineString","coordinates":[[85.32018673807373,27.70546377807413],[85.32012843943049,27.705450468332096]]}},{"type":"Feature","properties":{},"geometry":{"type":"LineString","coordinates":[[85.32018299192708,27.705385415945443],[85.32018789913579,27.70538428142692]]}},{"type":"Feature","properties":{},"geometry":{"type":"LineString","coordinates":[[85.32017580823806,27.705305257549792],[85.32018793036934,27.70529466705973]]}},{"type":"Feature","properties":{},"geometry":{"type":"LineString","coordinates":[[85.32014987440671,27.705299042884416],[85.32015188801583,27.70529198142798]]}},{"type":"Feature","properties":{},"geometry":{"type":"LineString","coordinates":[[85.32008887035913,27.705292945940045],[85.32008401011583,27.705305510873938]]}},{"type":"Feature","properties":{},"geometry":{"type":"LineString","coordinates":[[85.32001845511836,27.705289805213543],[85.32001795331732,27.70528641908689]]}},{"type":"Feature","properties":{},"geometry":{"type":"LineString","coordinates":[[85.31995761500492,27.70529352719913],[85.3199587779511,27.705286589900883]]}},{"type":"Feature","properties":{},"geometry":{"type":"LineString","coordinates":[[85.32049252868791,27.704996644479934],[85.32049309425567,27.70494601396263]]}},{"type":"Feature","properties":{},"geometry":{"type":"LineString","coordinates":[[85.32049875955413,27.704996481806468],[85.32049943583401,27.704919422456268]]}},{"type":"Feature","properties":{},"geometry":{"type":"LineString","coordinates":[[85.32050266946406,27.704996436282784],[85.32050299963207,27.704920258131416]]}},{"type":"Feature","properties":{},"geometry":{"type":"LineString","coordinates":[[85.32050919061034,27.704996918841456],[85.32050794819908,27.70493813805279]]}},{"type":"Feature","properties":{},"geometry":{"type":"LineString","coordinates":[[85.32055431387563,27.704994700905484],[85.32055590312575,27.705013093329338]]}},{"type":"Feature","properties":{},"geometry":{"type":"LineString","coordinates":[[85.32058454661704,27.704992153378782],[85.32058570256564,27.705008976432158]]}},{"type":"Feature","properties":{},"geometry":{"type":"LineString","coordinates":[[85.32059683613367,27.70499188279433],[85.32059661522356,27.70498293407164]]}},{"type":"Feature","properties":{},"geometry":{"type":"LineString","coordinates":[[85.32063150739867,27.70499145593829],[85.32063052558114,27.704986900606936]]}},{"type":"Feature","properties":{},"geometry":{"type":"LineString","coordinates":[[85.32067519891964,27.704987972370756],[85.3206802588714,27.70501195665877]]}},{"type":"Feature","properties":{},"geometry":{"type":"LineString","coordinates":[[85.32069862637611,27.704988928077427],[85.32069944164535,27.704984626502295]]}},{"type":"Feature","properties":{},"geometry":{"type":"LineString","coordinates":[[85.32072353722765,27.70498843874747],[85.32072429299842,27.704983254662235]]}},{"type":"Feature","properties":{},"geometry":{"type":"LineString","coordinates":[[85.32080821575144,27.704981339452246],[85.32081049570778,27.704976747875563]]}},{"type":"Feature","properties":{},"geometry":{"type":"LineString","coordinates":[[85.32082581922249,27.704980985291588],[85.32082687391414,27.70499561573239]]}},{"type":"Feature","properties":{},"geometry":{"type":"LineString","coordinates":[[85.32085121161155,27.70498322025065],[85.32085233966207,27.704994053664574]]}},{"type":"Feature","properties":{},"geometry":{"type":"LineString","coordinates":[[85.31887003676849,27.705070837577153],[85.31886836073987,27.70506553191167]]}},{"type":"Feature","properties":{},"geometry":{"type":"LineString","coordinates":[[85.3188582737837,27.705073010651905],[85.31885635664753,27.705066300403843]]}},{"type":"Feature","properties":{},"geometry":{"type":"LineString","coordinates":[[85.31884955121467,27.705073381262007],[85.31885630477768,27.70509309817555]]}},{"type":"Feature","properties":{},"geometry":{"type":"LineString","coordinates":[[85.31882779962517,27.70507641950637],[85.31883031538727,27.70509382317195]]}},{"type":"Feature","properties":{},"geometry":{"type":"LineString","coordinates":[[85.31876571117539,27.705081009401734],[85.31876451046733,27.70507552358365]]}},{"type":"Feature","properties":{},"geometry":{"type":"LineString","coordinates":[[85.31862518243454,27.705091780240526],[85.31862726329317,27.705110099223237]]}},{"type":"Feature","properties":{},"geometry":{"type":"LineString","coordinates":[[85.31857730694023,27.705097569785277],[85.31857528433297,27.705090067622326]]}},{"type":"Feature","properties":{},"geometry":{"type":"LineString","coordinates":[[85.31856965655653,27.705098580670857],[85.31856808693415,27.70509043688463]]}},{"type":"Feature","properties":{},"geometry":{"type":"LineString","coordinates":[[85.31850388547895,27.70510294159588],[85.31850274442692,27.70509680666743]]}},{"type":"Feature","properties":{},"geometry":{"type":"LineString","coordinates":[[85.31850007324753,27.70510349457779],[85.3185053417412,27.70512515650442]]}},{"type":"Feature","properties":{},"geometry":{"type":"LineString","coordinates":[[85.31838281958277,27.70511457407243],[85.31838616904629,27.705135600763697]]}},{"type":"Feature","properties":{},"geometry":{"type":"LineString","coordinates":[[85.31838061928936,27.705114956196027],[85.31838406507941,27.705136644721247]]}},{"type":"Feature","properties":{},"geometry":{"type":"LineString","coordinates":[[85.3183780089966,27.705115491284353],[85.3183825228908,27.70513709440775]]}},{"type":"Feature","properties":{},"geometry":{"type":"LineString","coordinates":[[85.31837626659352,27.7051157715675],[85.31838065344628,27.705136599665614]]}},{"type":"Feature","properties":{},"geometry":{"type":"LineString","coordinates":[[85.31836368698599,27.705118492452563],[85.31837675962497,27.70515761507973]]}},{"type":"Feature","properties":{},"geometry":{"type":"LineString","coordinates":[[85.31862169053159,27.705092076280852],[85.31862607015799,27.70512792806782]]}},{"type":"Feature","properties":{},"geometry":{"type":"LineString","coordinates":[[85.31833539503235,27.70513116075401],[85.3183283182472,27.705120028519584]]}},{"type":"Feature","properties":{},"geometry":{"type":"LineString","coordinates":[[85.31825191849579,27.705161102128358],[85.3182525862791,27.705185465445904]]}},{"type":"Feature","properties":{},"geometry":{"type":"LineString","coordinates":[[85.31824949938762,27.705161535744153],[85.31825162470271,27.705185084622155]]}},{"type":"Feature","properties":{},"geometry":{"type":"LineString","coordinates":[[85.31824724866213,27.705161900104493],[85.31825065078706,27.705184847153326]]}},{"type":"Feature","properties":{},"geometry":{"type":"LineString","coordinates":[[85.31815738716502,27.705174014377768],[85.31813506683193,27.70520117246113]]}},{"type":"Feature","properties":{},"geometry":{"type":"LineString","coordinates":[[85.31809523895933,27.705184478817657],[85.31809982403057,27.70520758645482]]}},{"type":"Feature","properties":{},"geometry":{"type":"LineString","coordinates":[[85.3181185207837,27.705053578442854],[85.31810102369435,27.70505069882591]]}},{"type":"Feature","properties":{},"geometry":{"type":"LineString","coordinates":[[85.31811903231143,27.705051632450985],[85.31810097669928,27.705049465377062]]}},{"type":"Feature","properties":{},"geometry":{"type":"LineString","coordinates":[[85.3181170897507,27.704987873757112],[85.31813436870374,27.704987520509178]]}},{"type":"Feature","properties":{},"geometry":{"type":"LineString","coordinates":[[85.31812121592704,27.704923944208673],[85.31816010458742,27.704932313982134]]}},{"type":"Feature","properties":{},"geometry":{"type":"LineString","coordinates":[[85.31811755223414,27.704871574588726],[85.31809843000303,27.704870191503954]]}},{"type":"Feature","properties":{},"geometry":{"type":"LineString","coordinates":[[85.31811680349999,27.70486875496319],[85.31809857294783,27.70486840890729]]}},{"type":"Feature","properties":{},"geometry":{"type":"LineString","coordinates":[[85.31811686762128,27.704865830590595],[85.31809876427145,27.704866976183748]]}},{"type":"Feature","properties":{},"geometry":{"type":"LineString","coordinates":[[85.31811266861716,27.70479639634614],[85.31813238481045,27.70478682161333]]}},{"type":"Feature","properties":{},"geometry":{"type":"LineString","coordinates":[[85.31811229132414,27.704794152545276],[85.31813115075693,27.704783578212417]]}},{"type":"Feature","properties":{},"geometry":{"type":"LineString","coordinates":[[85.31811149283254,27.704793519184193],[85.31813141494457,27.70478327906938]]}},{"type":"Feature","properties":{},"geometry":{"type":"LineString","coordinates":[[85.31809325429718,27.70471825900259],[85.31808647744049,27.70471937614566]]}},{"type":"Feature","properties":{},"geometry":{"type":"LineString","coordinates":[[85.31807417528391,27.70463717079477],[85.31806166015367,27.7046409141196]]}},{"type":"Feature","properties":{},"geometry":{"type":"LineString","coordinates":[[85.31806977190979,27.704619011315966],[85.31805962986564,27.70461785015793]]}},{"type":"Feature","properties":{},"geometry":{"type":"LineString","coordinates":[[85.31805480269081,27.704548713338912],[85.3180727543293,27.704546083925845]]}},{"type":"Feature","properties":{},"geometry":{"type":"LineString","coordinates":[[85.31801544215328,27.704402467579953],[85.31800966284732,27.70440433151332]]}},{"type":"Feature","properties":{},"geometry":{"type":"LineString","coordinates":[[85.31801442087732,27.704399169903077],[85.3180089474237,27.704402580003954]]}},{"type":"Feature","properties":{},"geometry":{"type":"LineString","coordinates":[[85.31800569079564,27.704370945003706],[85.31803845705353,27.704365122787777]]}},{"type":"Feature","properties":{},"geometry":{"type":"LineString","coordinates":[[85.31800528870575,27.704369326365658],[85.3180371531437,27.704363657455595]]}},{"type":"Feature","properties":{},"geometry":{"type":"LineString","coordinates":[[85.31798178580887,27.704279225719596],[85.31797383556095,27.70428141075297]]}},{"type":"Feature","properties":{},"geometry":{"type":"LineString","coordinates":[[85.31795090265553,27.704168697418517],[85.31798127466837,27.704162214339135]]}},{"type":"Feature","properties":{},"geometry":{"type":"LineString","coordinates":[[85.31794550648429,27.704153848144383],[85.31797253310388,27.70414849050592]]}},{"type":"Feature","properties":{},"geometry":{"type":"LineString","coordinates":[[85.31792483750506,27.704123009705004],[85.31791363991863,27.7041306382432]]}},{"type":"Feature","properties":{},"geometry":{"type":"LineString","coordinates":[[85.31792496700777,27.704121244093425],[85.3179127309463,27.704129406955673]]}},{"type":"Feature","properties":{},"geometry":{"type":"LineString","coordinates":[[85.3179246326927,27.704120099212847],[85.31791263581,27.704128337185107]]}},{"type":"Feature","properties":{},"geometry":{"type":"LineString","coordinates":[[85.31792308432411,27.704119233809948],[85.31791125949879,27.70412597293872]]}},{"type":"Feature","properties":{},"geometry":{"type":"LineString","coordinates":[[85.31784361062948,27.703969059165193],[85.31787074226088,27.70395804295487]]}},{"type":"Feature","properties":{},"geometry":{"type":"LineString","coordinates":[[85.3178417592573,27.703965470708134],[85.31786903264829,27.703954996845848]]}},{"type":"Feature","properties":{},"geometry":{"type":"LineString","coordinates":[[85.31782656664777,27.7039355300481],[85.31785050876915,27.703924467862343]]}},{"type":"Feature","properties":{},"geometry":{"type":"LineString","coordinates":[[85.31776724062652,27.703364724001183],[85.31776975992878,27.703378248583178]]}},{"type":"Feature","properties":{},"geometry":{"type":"LineString","coordinates":[[85.31777153891535,27.70336401358334],[85.31777203676063,27.70337796487323]]}},{"type":"Feature","properties":{},"geometry":{"type":"LineString","coordinates":[[85.31795815132106,27.703431026255316],[85.31794579456275,27.70343192396579]]}},{"type":"Feature","properties":{},"geometry":{"type":"LineString","coordinates":[[85.31796402785974,27.703495542163065],[85.31797668317394,27.703495212170203]]}},{"type":"Feature","properties":{},"geometry":{"type":"LineString","coordinates":[[85.31797335150917,27.703575372841172],[85.31798252913678,27.7035752090796]]}},{"type":"Feature","properties":{},"geometry":{"type":"LineString","coordinates":[[85.3179759930814,27.70359302624917],[85.31796963784184,27.703595022176504]]}},{"type":"Feature","properties":{},"geometry":{"type":"LineString","coordinates":[[85.31806055831868,27.703336194507255],[85.31806022258972,27.70334003437237]]}},{"type":"Feature","properties":{},"geometry":{"type":"LineString","coordinates":[[85.31811833458951,27.703333157232414],[85.31812020886348,27.703340607959483]]}},{"type":"Feature","properties":{},"geometry":{"type":"LineString","coordinates":[[85.31812613356938,27.70327094380662],[85.3181273639834,27.703234355993633]]}},{"type":"Feature","properties":{},"geometry":{"type":"LineString","coordinates":[[85.31815433183236,27.703330935680786],[85.31816084155528,27.703341081770375]]}},{"type":"Feature","properties":{},"geometry":{"type":"LineString","coordinates":[[85.3182809302689,27.70332757920932],[85.31828565402992,27.70338680482033]]}},{"type":"Feature","properties":{},"geometry":{"type":"LineString","coordinates":[[85.31841201450987,27.703330130125927],[85.31841505173354,27.703354389557923]]}},{"type":"Feature","properties":{},"geometry":{"type":"LineString","coordinates":[[85.31846302420762,27.70333534823202],[85.31846745031324,27.70341551290843]]}},{"type":"Feature","properties":{},"geometry":{"type":"LineString","coordinates":[[85.3184669543129,27.703335436586197],[85.31846993856821,27.703415461001928]]}},{"type":"Feature","properties":{},"geometry":{"type":"LineString","coordinates":[[85.31847049491314,27.703334738603804],[85.31847196886714,27.70341544956238]]}},{"type":"Feature","properties":{},"geometry":{"type":"LineString","coordinates":[[85.31858670544406,27.70332847311843],[85.3185913679268,27.703360952824614]]}},{"type":"Feature","properties":{},"geometry":{"type":"LineString","coordinates":[[85.31859080491824,27.70332902292237],[85.31859380272513,27.703360683655404]]}},{"type":"Feature","properties":{},"geometry":{"type":"LineString","coordinates":[[85.31859532221127,27.703328115676047],[85.31859599789314,27.70336043504179]]}},{"type":"Feature","properties":{},"geometry":{"type":"LineString","coordinates":[[85.31794432789935,27.704363495271355],[85.31794181287442,27.70435015215662]]}},{"type":"Feature","properties":{},"geometry":{"type":"LineString","coordinates":[[85.3177834819983,27.704478469147887],[85.31779533504492,27.704495607228875]]}},{"type":"Feature","properties":{},"geometry":{"type":"LineString","coordinates":[[85.31768856011627,27.704530093765342],[85.3176833753347,27.704521957480456]]}},{"type":"Feature","properties":{},"geometry":{"type":"LineString","coordinates":[[85.3176679434912,27.704538740505562],[85.31767667019193,27.70455713394919]]}},{"type":"Feature","properties":{},"geometry":{"type":"LineString","coordinates":[[85.31765668116441,27.704545231025904],[85.31766571027973,27.704561758972865]]}},{"type":"Feature","properties":{},"geometry":{"type":"LineString","coordinates":[[85.31758800285341,27.704581927807055],[85.31758465630054,27.704577443899925]]}},{"type":"Feature","properties":{},"geometry":{"type":"LineString","coordinates":[[85.31757866328572,27.70458728733343],[85.31760407246622,27.704631179192358]]}},{"type":"Feature","properties":{},"geometry":{"type":"LineString","coordinates":[[85.31751131318534,27.704621284456973],[85.31752446145302,27.70465261278593]]}},{"type":"Feature","properties":{},"geometry":{"type":"LineString","coordinates":[[85.31748778683595,27.704634580918864],[85.31748472532122,27.704631545449928]]}},{"type":"Feature","properties":{},"geometry":{"type":"LineString","coordinates":[[85.31744508922075,27.70465742524256],[85.31744194401003,27.704652244306395]]}},{"type":"Feature","properties":{},"geometry":{"type":"LineString","coordinates":[[85.31744478877535,27.704657575926024],[85.3174408724671,27.704653545388638]]}},{"type":"Feature","properties":{},"geometry":{"type":"LineString","coordinates":[[85.31741655306645,27.704672263719395],[85.3174149699086,27.70466646186455]]}},{"type":"Feature","properties":{},"geometry":{"type":"LineString","coordinates":[[85.31738180065123,27.704690741507925],[85.31739066592019,27.704707305386897]]}},{"type":"Feature","properties":{},"geometry":{"type":"LineString","coordinates":[[85.31736722364253,27.70470011957101],[85.31736443508727,27.70469568486118]]}},{"type":"Feature","properties":{},"geometry":{"type":"LineString","coordinates":[[85.31733974856753,27.704712751568916],[85.3173507099862,27.70472659989868]]}},{"type":"Feature","properties":{},"geometry":{"type":"LineString","coordinates":[[85.31730636743534,27.704733060123576],[85.31731444226129,27.704745888689335]]}},{"type":"Feature","properties":{},"geometry":{"type":"LineString","coordinates":[[85.3172607249763,27.70476865405419],[85.31725249455496,27.704762132389238]]}},{"type":"Feature","properties":{},"geometry":{"type":"LineString","coordinates":[[85.31725894048019,27.70477015766377],[85.31724912498122,27.704763114011946]]}},{"type":"Feature","properties":{},"geometry":{"type":"LineString","coordinates":[[85.31725527314292,27.70477164380021],[85.31722267405426,27.704781628593334]]}},{"type":"Feature","properties":{},"geometry":{"type":"LineString","coordinates":[[85.3172572626202,27.704770725727087],[85.31724098835485,27.70478649392654]]}},{"type":"Feature","properties":{},"geometry":{"type":"LineString","coordinates":[[85.31798838189972,27.705210331714042],[85.31798355737148,27.70519424206924]]}},{"type":"Feature","properties":{},"geometry":{"type":"LineString","coordinates":[[85.31796652905057,27.705207539949086],[85.31796746238477,27.705231775623457]]}},{"type":"Feature","properties":{},"geometry":{"type":"LineString","coordinates":[[85.31796274039182,27.705208539060095],[85.31796649659039,27.705232000354833]]}},{"type":"Feature","properties":{},"geometry":{"type":"LineString","coordinates":[[85.31790268641467,27.70522090615537],[85.31790668186432,27.70524470159296]]}},{"type":"Feature","properties":{},"geometry":{"type":"LineString","coordinates":[[85.31789895611176,27.705222926753155],[85.31790534883994,27.705244406507692]]}},{"type":"Feature","properties":{},"geometry":{"type":"LineString","coordinates":[[85.31784644471257,27.705237542563903],[85.3178442776399,27.705231924957317]]}},{"type":"Feature","properties":{},"geometry":{"type":"LineString","coordinates":[[85.31778835667708,27.705254820785004],[85.31778512507195,27.70527186038846]]}},{"type":"Feature","properties":{},"geometry":{"type":"LineString","coordinates":[[85.31768110599819,27.705213521950906],[85.31766861599452,27.70521634945865]]}},{"type":"Feature","properties":{},"geometry":{"type":"LineString","coordinates":[[85.31765156858981,27.705158316159093],[85.31769579835326,27.70514725418165]]}},{"type":"Feature","properties":{},"geometry":{"type":"LineString","coordinates":[[85.31760325702105,27.705105346133813],[85.31759086783774,27.705084088618896]]}},{"type":"Feature","properties":{},"geometry":{"type":"LineString","coordinates":[[85.3176047591975,27.70510803321922],[85.31758931034715,27.705081768197243]]}},{"type":"Feature","properties":{},"geometry":{"type":"LineString","coordinates":[[85.31755006392389,27.705309859119126],[85.31755502215614,27.705339371258397]]}},{"type":"Feature","properties":{},"geometry":{"type":"LineString","coordinates":[[85.31747280863279,27.70530792730995],[85.3174866848683,27.705304505646286]]}},{"type":"Feature","properties":{},"geometry":{"type":"LineString","coordinates":[[85.31747362417619,27.705311150285848],[85.31746130389755,27.70531500964206]]}},{"type":"Feature","properties":{},"geometry":{"type":"LineString","coordinates":[[85.31746853390575,27.705285618571487],[85.31745606053283,27.705287956179344]]}},{"type":"Feature","properties":{},"geometry":{"type":"LineString","coordinates":[[85.31746617792341,27.705269050782803],[85.31745380629465,27.705258809943796]]}},{"type":"Feature","properties":{},"geometry":{"type":"LineString","coordinates":[[85.3174652860505,27.70526558138661],[85.31744968372621,27.70523478009434]]}},{"type":"Feature","properties":{},"geometry":{"type":"LineString","coordinates":[[85.31746556262185,27.705266590184348],[85.31745329784326,27.705233921478243]]}},{"type":"Feature","properties":{},"geometry":{"type":"LineString","coordinates":[[85.31748856662618,27.7054080225432],[85.31751444996905,27.705405093398422]]}},{"type":"Feature","properties":{},"geometry":{"type":"LineString","coordinates":[[85.31748971767702,27.70541323790542],[85.31751448329068,27.70540602793833]]}},{"type":"Feature","properties":{},"geometry":{"type":"LineString","coordinates":[[85.31749510065212,27.705436216264474],[85.31748366214788,27.705439047509728]]}},{"type":"Feature","properties":{},"geometry":{"type":"LineString","coordinates":[[85.31749585593008,27.705499740299604],[85.31750371003882,27.705534294060005]]}},{"type":"Feature","properties":{},"geometry":{"type":"LineString","coordinates":[[85.31742081284784,27.705520036166806],[85.31741821135637,27.70551299176418]]}},{"type":"Feature","properties":{},"geometry":{"type":"LineString","coordinates":[[85.31742190111869,27.705520156798052],[85.31743107931857,27.705539858117632]]}},{"type":"Feature","properties":{},"geometry":{"type":"LineString","coordinates":[[85.31741474190954,27.705524049099584],[85.31740390319186,27.705503454832904]]}},{"type":"Feature","properties":{},"geometry":{"type":"LineString","coordinates":[[85.31741239368526,27.705524620748918],[85.31743046831096,27.705568508323733]]}},{"type":"Feature","properties":{},"geometry":{"type":"LineString","coordinates":[[85.31724911477157,27.705570673927845],[85.31725757836904,27.70559781979331]]}},{"type":"Feature","properties":{},"geometry":{"type":"LineString","coordinates":[[85.31723870233978,27.70557457179907],[85.31723645277935,27.705565212129255]]}},{"type":"Feature","properties":{},"geometry":{"type":"LineString","coordinates":[[85.31722495735967,27.705578754975512],[85.31723341971677,27.705604065049215]]}},{"type":"Feature","properties":{},"geometry":{"type":"LineString","coordinates":[[85.31718715946162,27.705589165730323],[85.31718329258747,27.70558131801807]]}},{"type":"Feature","properties":{},"geometry":{"type":"LineString","coordinates":[[85.31715515914537,27.705596394182866],[85.31715331291146,27.705589034943788]]}},{"type":"Feature","properties":{},"geometry":{"type":"LineString","coordinates":[[85.31707327800979,27.705631626889584],[85.31705777656119,27.705609321542617]]}},{"type":"Feature","properties":{},"geometry":{"type":"LineString","coordinates":[[85.317682505165,27.70605797165497],[85.31768770683787,27.706057939204104]]}},{"type":"Feature","properties":{},"geometry":{"type":"LineString","coordinates":[[85.31768268746916,27.706059969399327],[85.31768721040389,27.70605923103147]]}},{"type":"Feature","properties":{},"geometry":{"type":"LineString","coordinates":[[85.31769583006412,27.70626246905756],[85.31771103792602,27.706258516616746]]}},{"type":"Feature","properties":{},"geometry":{"type":"LineString","coordinates":[[85.31757853164898,27.706274661926138],[85.31758200244205,27.70629986708612]]}},{"type":"Feature","properties":{},"geometry":{"type":"LineString","coordinates":[[85.31757413457339,27.70627440089666],[85.31758085727314,27.706299422652954]]}},{"type":"Feature","properties":{},"geometry":{"type":"LineString","coordinates":[[85.31747396132134,27.706285040052407],[85.31747253209605,27.70630991398736]]}},{"type":"Feature","properties":{},"geometry":{"type":"LineString","coordinates":[[85.31741618789934,27.706290697131024],[85.31741414113614,27.70628688787737]]}},{"type":"Feature","properties":{},"geometry":{"type":"LineString","coordinates":[[85.31735238584265,27.706295955082],[85.3173426555099,27.706312163849976]]}},{"type":"Feature","properties":{},"geometry":{"type":"LineString","coordinates":[[85.31734923793663,27.70629557294595],[85.31734193717858,27.706311526946077]]}},{"type":"Feature","properties":{},"geometry":{"type":"LineString","coordinates":[[85.3172477468544,27.706304065006567],[85.31721481936786,27.70631268745774]]}},{"type":"Feature","properties":{},"geometry":{"type":"LineString","coordinates":[[85.3173151418275,27.706297152190004],[85.3173111074388,27.70627887443222]]}},{"type":"Feature","properties":{},"geometry":{"type":"LineString","coordinates":[[85.3172502463737,27.70630381199343],[85.31721440967732,27.706313678887476]]}},{"type":"Feature","properties":{},"geometry":{"type":"LineString","coordinates":[[85.31725418876205,27.706303569300488],[85.31721475201317,27.706315027842237]]}},{"type":"Feature","properties":{},"geometry":{"type":"LineString","coordinates":[[85.31758264058165,27.706442668403504],[85.31758235649734,27.70644789881312]]}},{"type":"Feature","properties":{},"geometry":{"type":"LineString","coordinates":[[85.31733345334078,27.706468538959697],[85.31731481146768,27.706472313328]]}},{"type":"Feature","properties":{},"geometry":{"type":"LineString","coordinates":[[85.31756702462835,27.70658602849063],[85.3175712809662,27.706594801523476]]}},{"type":"Feature","properties":{},"geometry":{"type":"LineString","coordinates":[[85.31757203241185,27.706585746390736],[85.31757188763525,27.706593992093442]]}},{"type":"Feature","properties":{},"geometry":{"type":"LineString","coordinates":[[85.31751927682828,27.706591777680128],[85.31751583962163,27.70659941024681]]}},{"type":"Feature","properties":{},"geometry":{"type":"LineString","coordinates":[[85.31751431531562,27.70659221648091],[85.31751235605086,27.70659955653612]]}},{"type":"Feature","properties":{},"geometry":{"type":"LineString","coordinates":[[85.31751020345622,27.70659299503822],[85.31750916382587,27.706601467233245]]}},{"type":"Feature","properties":{},"geometry":{"type":"LineString","coordinates":[[85.31773561385967,27.706650803545923],[85.31774914138789,27.70664883794273]]}},{"type":"Feature","properties":{},"geometry":{"type":"LineString","coordinates":[[85.31773575787257,27.706651926257955],[85.31774908376916,27.70664981740712]]}},{"type":"Feature","properties":{},"geometry":{"type":"LineString","coordinates":[[85.3177357423932,27.70665405878534],[85.31774955617321,27.70665042243874]]}},{"type":"Feature","properties":{},"geometry":{"type":"LineString","coordinates":[[85.31773578640517,27.706656015136804],[85.31774980510325,27.70665098594494]]}},{"type":"Feature","properties":{},"geometry":{"type":"LineString","coordinates":[[85.31773639054146,27.706657684065764],[85.3177509585892,27.706652144391562]]}},{"type":"Feature","properties":{},"geometry":{"type":"LineString","coordinates":[[85.31751960645099,27.706772058862835],[85.31751749221945,27.706752224995167]]}},{"type":"Feature","properties":{},"geometry":{"type":"LineString","coordinates":[[85.31751653587847,27.70677258382596],[85.3175147510953,27.706753419138852]]}},{"type":"Feature","properties":{},"geometry":{"type":"LineString","coordinates":[[85.317343278279,27.706795266184262],[85.31732525903313,27.70680961061185]]}},{"type":"Feature","properties":{},"geometry":{"type":"LineString","coordinates":[[85.31734628197462,27.70679467181859],[85.31732510828482,27.706811504125028]]}},{"type":"Feature","properties":{},"geometry":{"type":"LineString","coordinates":[[85.31775547912241,27.706827114494004],[85.31777186208915,27.70682965841387]]}},{"type":"Feature","properties":{},"geometry":{"type":"LineString","coordinates":[[85.31775698816512,27.70684389671761],[85.31776871881011,27.706842721566353]]}},{"type":"Feature","properties":{},"geometry":{"type":"LineString","coordinates":[[85.31776096841706,27.706881968438275],[85.31777333737726,27.706882878704583]]}},{"type":"Feature","properties":{},"geometry":{"type":"LineString","coordinates":[[85.31776286956642,27.70690260658959],[85.31772182506647,27.706911372390085]]}},{"type":"Feature","properties":{},"geometry":{"type":"LineString","coordinates":[[85.31776315617743,27.706906861063036],[85.31772184719101,27.70691250806144]]}},{"type":"Feature","properties":{},"geometry":{"type":"LineString","coordinates":[[85.31776312542614,27.706912236251444],[85.31772188810127,27.70691380732187]]}},{"type":"Feature","properties":{},"geometry":{"type":"LineString","coordinates":[[85.31776837388296,27.70695978657605],[85.31772821205001,27.7069726877387]]}},{"type":"Feature","properties":{},"geometry":{"type":"LineString","coordinates":[[85.31776863243527,27.706963688715653],[85.31772823181986,27.706974241260077]]}},{"type":"Feature","properties":{},"geometry":{"type":"LineString","coordinates":[[85.31776915202518,27.70696749745532],[85.31772830893206,27.706974833364683]]}},{"type":"Feature","properties":{},"geometry":{"type":"LineString","coordinates":[[85.317769651515,27.706970963885897],[85.31772796193839,27.706975836388434]]}},{"type":"Feature","properties":{},"geometry":{"type":"LineString","coordinates":[[85.31777022871259,27.706974983618817],[85.31772786744094,27.706976179109866]]}},{"type":"Feature","properties":{},"geometry":{"type":"LineString","coordinates":[[85.31777075319239,27.706979663374504],[85.31772863161049,27.706977926700198]]}},{"type":"Feature","properties":{},"geometry":{"type":"LineString","coordinates":[[85.31777823447743,27.707076863698436],[85.31779910367736,27.707085957759514]]}},{"type":"Feature","properties":{},"geometry":{"type":"LineString","coordinates":[[85.31777843059383,27.707080935660333],[85.31779981015987,27.707088953771613]]}},{"type":"Feature","properties":{},"geometry":{"type":"LineString","coordinates":[[85.31777913503863,27.707084593213743],[85.31780001275386,27.70709029019627]]}},{"type":"Feature","properties":{},"geometry":{"type":"LineString","coordinates":[[85.31777977307014,27.707087754462446],[85.31780101747921,27.707094535345973]]}},{"type":"Feature","properties":{},"geometry":{"type":"LineString","coordinates":[[85.3217660654779,27.70577176777854],[85.32179010747419,27.70577074695849]]}},{"type":"Feature","properties":{},"geometry":{"type":"LineString","coordinates":[[85.32175239266986,27.705821200569712],[85.32177637368693,27.70582416466009]]}},{"type":"Feature","properties":{},"geometry":{"type":"LineString","coordinates":[[85.32173948457485,27.705903819350432],[85.3217586345062,27.705907980313825]]}},{"type":"Feature","properties":{},"geometry":{"type":"LineString","coordinates":[[85.32172688384351,27.705986430121904],[85.32169288897781,27.705987100105844]]}},{"type":"Feature","properties":{},"geometry":{"type":"LineString","coordinates":[[85.32171542154249,27.706039912358825],[85.32165871270296,27.706044805230974]]}},{"type":"Feature","properties":{},"geometry":{"type":"LineString","coordinates":[[85.3217169672792,27.706048307637204],[85.32174544135422,27.70605261955978]]}},{"type":"Feature","properties":{},"geometry":{"type":"LineString","coordinates":[[85.3217151280987,27.706065775793267],[85.32170513308735,27.70606572952023]]}},{"type":"Feature","properties":{},"geometry":{"type":"LineString","coordinates":[[85.32171233388048,27.706084223366343],[85.32173164874739,27.70608761465656]]}},{"type":"Feature","properties":{},"geometry":{"type":"LineString","coordinates":[[85.32170068213003,27.706185327991772],[85.32168900292359,27.706187124153637]]}},{"type":"Feature","properties":{},"geometry":{"type":"LineString","coordinates":[[85.3216973507737,27.7062139569999],[85.32171590812443,27.706219801256072]]}},{"type":"Feature","properties":{},"geometry":{"type":"LineString","coordinates":[[85.32169701572775,27.706218952144376],[85.32171621448578,27.706221119078716]]}},{"type":"Feature","properties":{},"geometry":{"type":"LineString","coordinates":[[85.32176869627125,27.705689657076928],[85.32175751519512,27.705690448433238]]}},{"type":"Feature","properties":{},"geometry":{"type":"LineString","coordinates":[[85.3216926056378,27.706259358041848],[85.32168028605977,27.706259794423307]]}},{"type":"Feature","properties":{},"geometry":{"type":"LineString","coordinates":[[85.32168732563493,27.70630048174668],[85.32167490446821,27.70630172467515]]}},{"type":"Feature","properties":{},"geometry":{"type":"LineString","coordinates":[[85.32168480625279,27.70633416493285],[85.32171161688699,27.706338769879466]]}},{"type":"Feature","properties":{},"geometry":{"type":"LineString","coordinates":[[85.32168026121147,27.706394914402427],[85.32171955160501,27.706397762678094]]}},{"type":"Feature","properties":{},"geometry":{"type":"LineString","coordinates":[[85.32167610089077,27.706437551714405],[85.32171442707069,27.706439329613694]]}},{"type":"Feature","properties":{},"geometry":{"type":"LineString","coordinates":[[85.32167447567748,27.70648006181812],[85.32166620466275,27.706480605048746]]}},{"type":"Feature","properties":{},"geometry":{"type":"LineString","coordinates":[[85.32167438563255,27.70649296714518],[85.32168762685633,27.706492476053942]]}},{"type":"Feature","properties":{},"geometry":{"type":"LineString","coordinates":[[85.32206781442794,27.705675275632693],[85.32206696593335,27.705682612982322]]}},{"type":"Feature","properties":{},"geometry":{"type":"LineString","coordinates":[[85.32230440164464,27.705708435477682],[85.32230241173943,27.70571587813143]]}},{"type":"Feature","properties":{},"geometry":{"type":"LineString","coordinates":[[85.32233842638931,27.705707795486692],[85.3223448301613,27.70582259585293]]}},{"type":"Feature","properties":{},"geometry":{"type":"LineString","coordinates":[[85.3223426343326,27.70570875264348],[85.32234762416758,27.7058231766593]]}},{"type":"Feature","properties":{},"geometry":{"type":"LineString","coordinates":[[85.32234569329168,27.70570871841624],[85.32235032188261,27.70582375449348]]}},{"type":"Feature","properties":{},"geometry":{"type":"LineString","coordinates":[[85.32237893294092,27.705706965085025],[85.32238179287388,27.70571602882682]]}},{"type":"Feature","properties":{},"geometry":{"type":"LineString","coordinates":[[85.32238422856786,27.70570728649146],[85.32238450134236,27.705715307122837]]}},{"type":"Feature","properties":{},"geometry":{"type":"LineString","coordinates":[[85.32248079409803,27.705707041591296],[85.32248335374132,27.705727117279174]]}},{"type":"Feature","properties":{},"geometry":{"type":"LineString","coordinates":[[85.32250911308228,27.70570849581644],[85.3225055135696,27.705783104571925]]}},{"type":"Feature","properties":{},"geometry":{"type":"LineString","coordinates":[[85.32251219514741,27.705709006101436],[85.32250927224631,27.705783799053354]]}},{"type":"Feature","properties":{},"geometry":{"type":"LineString","coordinates":[[85.3225165176663,27.705708373450953],[85.3225116652595,27.705784872300338]]}},{"type":"Feature","properties":{},"geometry":{"type":"LineString","coordinates":[[85.3225190989281,27.70570602381289],[85.32251958169574,27.705711189525022]]}},{"type":"Feature","properties":{},"geometry":{"type":"LineString","coordinates":[[85.32254847252075,27.705706485372808],[85.32254873888189,27.70570889388867]]}},{"type":"Feature","properties":{},"geometry":{"type":"LineString","coordinates":[[85.32257656023016,27.705704961083697],[85.32257615472942,27.70571071983558]]}},{"type":"Feature","properties":{},"geometry":{"type":"LineString","coordinates":[[85.32262333641,27.705702895185382],[85.32262626503467,27.705798618718536]]}},{"type":"Feature","properties":{},"geometry":{"type":"LineString","coordinates":[[85.32263024966939,27.70570327048131],[85.32262918639687,27.70579869653867]]}},{"type":"Feature","properties":{},"geometry":{"type":"LineString","coordinates":[[85.32265685750687,27.705704619101564],[85.32265724566066,27.7057102692373]]}},{"type":"Feature","properties":{},"geometry":{"type":"LineString","coordinates":[[85.32178108716964,27.705562975094438],[85.32178024710768,27.705551208333603]]}},{"type":"Feature","properties":{},"geometry":{"type":"LineString","coordinates":[[85.32183821510864,27.705562353583872],[85.32184096306786,27.70555017273094]]}},{"type":"Feature","properties":{},"geometry":{"type":"LineString","coordinates":[[85.32188229232682,27.705561776005627],[85.32188211839183,27.70554975106922]]}},{"type":"Feature","properties":{},"geometry":{"type":"LineString","coordinates":[[85.32190993232486,27.705562005487337],[85.32191081290534,27.705550783063238]]}},{"type":"Feature","properties":{},"geometry":{"type":"LineString","coordinates":[[85.32193597571008,27.70556219936243],[85.32193787201777,27.705554976703876]]}},{"type":"Feature","properties":{},"geometry":{"type":"LineString","coordinates":[[85.32198464970409,27.705560495140308],[85.32198558596447,27.70555093497943]]}},{"type":"Feature","properties":{},"geometry":{"type":"LineString","coordinates":[[85.32203253957545,27.705564704811696],[85.32203537466769,27.70554941302845]]}},{"type":"Feature","properties":{},"geometry":{"type":"LineString","coordinates":[[85.32203725924174,27.705564095943796],[85.32203789116951,27.705553151196433]]}},{"type":"Feature","properties":{},"geometry":{"type":"LineString","coordinates":[[85.32210284516594,27.705585632392054],[85.32212772097846,27.70551984582053]]}},{"type":"Feature","properties":{},"geometry":{"type":"LineString","coordinates":[[85.32255508516184,27.705599040557534],[85.32255305225551,27.705590469703672]]}},{"type":"Feature","properties":{},"geometry":{"type":"LineString","coordinates":[[85.32257209304915,27.705598382924702],[85.32257256839999,27.70558805813077]]}},{"type":"Feature","properties":{},"geometry":{"type":"LineString","coordinates":[[85.32261103733377,27.70559719145657],[85.32261247597555,27.705587136463862]]}},{"type":"Feature","properties":{},"geometry":{"type":"LineString","coordinates":[[85.32273162841688,27.705497881511974],[85.32269659285255,27.705495263794035]]}},{"type":"Feature","properties":{},"geometry":{"type":"LineString","coordinates":[[85.3227312538828,27.705492069985276],[85.32269667448132,27.705493109500527]]}},{"type":"Feature","properties":{},"geometry":{"type":"LineString","coordinates":[[85.32272235590548,27.705421700676492],[85.32271223497092,27.705422465244748]]}},{"type":"Feature","properties":{},"geometry":{"type":"LineString","coordinates":[[85.3227223368793,27.705417176879507],[85.32271002582488,27.7054202443842]]}},{"type":"Feature","properties":{},"geometry":{"type":"LineString","coordinates":[[85.32270983409548,27.70531888511028],[85.3226976649676,27.705319171781024]]}},{"type":"Feature","properties":{},"geometry":{"type":"LineString","coordinates":[[85.32270491705113,27.705280755187275],[85.32269261548572,27.70528134711901]]}},{"type":"Feature","properties":{},"geometry":{"type":"LineString","coordinates":[[85.3227039942395,27.70527339727139],[85.32269248271072,27.705278425770008]]}},{"type":"Feature","properties":{},"geometry":{"type":"LineString","coordinates":[[85.32270305760676,27.705256932486865],[85.32268850571727,27.705254084620027]]}},{"type":"Feature","properties":{},"geometry":{"type":"LineString","coordinates":[[85.32269462478436,27.7051971917921],[85.32268254818405,27.705199253088352]]}},{"type":"Feature","properties":{},"geometry":{"type":"LineString","coordinates":[[85.32269390164117,27.70519235981746],[85.32268202412513,27.705196653720144]]}},{"type":"Feature","properties":{},"geometry":{"type":"LineString","coordinates":[[85.32268756543827,27.705131589449334],[85.32267321982654,27.705131234208615]]}},{"type":"Feature","properties":{},"geometry":{"type":"LineString","coordinates":[[85.32268771048186,27.705131189573358],[85.32267317142271,27.7051312164737]]}},{"type":"Feature","properties":{},"geometry":{"type":"LineString","coordinates":[[85.32268707199964,27.705127916421],[85.32267215034055,27.705129620130645]]}},{"type":"Feature","properties":{},"geometry":{"type":"LineString","coordinates":[[85.32268343396318,27.705101503519217],[85.32266991935433,27.705102575346785]]}},{"type":"Feature","properties":{},"geometry":{"type":"LineString","coordinates":[[85.32268207130235,27.70509359874505],[85.32267035312412,27.705098879256823]]}},{"type":"Feature","properties":{},"geometry":{"type":"LineString","coordinates":[[85.3226718559837,27.705010973123635],[85.32265825660993,27.705013079144955]]}},{"type":"Feature","properties":{},"geometry":{"type":"LineString","coordinates":[[85.32266980527935,27.704986926078135],[85.3226548293297,27.704988136337946]]}},{"type":"Feature","properties":{},"geometry":{"type":"LineString","coordinates":[[85.32266191442316,27.70493040591826],[85.32264611720217,27.704930150417134]]}},{"type":"Feature","properties":{},"geometry":{"type":"LineString","coordinates":[[85.3226559050462,27.704880953839872],[85.3226410966239,27.704881886338995]]}},{"type":"Feature","properties":{},"geometry":{"type":"LineString","coordinates":[[85.32265513717368,27.70487453825513],[85.32264044394243,27.704880005644704]]}},{"type":"Feature","properties":{},"geometry":{"type":"LineString","coordinates":[[85.32264591046498,27.704803787690768],[85.32261626585667,27.704803955560767]]}},{"type":"Feature","properties":{},"geometry":{"type":"LineString","coordinates":[[85.3226454167493,27.704801127316838],[85.32261771447696,27.704799876452675]]}},{"type":"Feature","properties":{},"geometry":{"type":"LineString","coordinates":[[85.32263229754984,27.7046974642295],[85.32261636239798,27.704696085188463]]}},{"type":"Feature","properties":{},"geometry":{"type":"LineString","coordinates":[[85.32263187694743,27.70469380291401],[85.32261598809463,27.704695893825548]]}},{"type":"Feature","properties":{},"geometry":{"type":"LineString","coordinates":[[85.32262810734255,27.7046721475475],[85.32261410219239,27.704672277485752]]}},{"type":"Feature","properties":{},"geometry":{"type":"LineString","coordinates":[[85.32262823746353,27.704667419776687],[85.32261396165346,27.704668007636883]]}},{"type":"Feature","properties":{},"geometry":{"type":"LineString","coordinates":[[85.32245833967102,27.70457694381059],[85.32245518118808,27.704563798743457]]}},{"type":"Feature","properties":{},"geometry":{"type":"LineString","coordinates":[[85.32260489965181,27.704505947457402],[85.32257137812013,27.704510175833917]]}},{"type":"Feature","properties":{},"geometry":{"type":"LineString","coordinates":[[85.32260549686269,27.704501377877023],[85.32257134817036,27.70450656528203]]}},{"type":"Feature","properties":{},"geometry":{"type":"LineString","coordinates":[[85.32259406134335,27.704417053307974],[85.32258058492876,27.704419743859635]]}},{"type":"Feature","properties":{},"geometry":{"type":"LineString","coordinates":[[85.32259405730058,27.70441320750509],[85.32257992143248,27.704416250182064]]}},{"type":"Feature","properties":{},"geometry":{"type":"LineString","coordinates":[[85.32257186022397,27.704259501882188],[85.3225258468082,27.70426345161707]]}},{"type":"Feature","properties":{},"geometry":{"type":"LineString","coordinates":[[85.3225713717989,27.70425517005449],[85.32252655318473,27.704260363537326]]}},{"type":"Feature","properties":{},"geometry":{"type":"LineString","coordinates":[[85.32255026399649,27.704115178294263],[85.32252007478597,27.70411701919069]]}},{"type":"Feature","properties":{},"geometry":{"type":"LineString","coordinates":[[85.32234687904163,27.704633234188602],[85.32233808297794,27.704635693526264]]}},{"type":"Feature","properties":{},"geometry":{"type":"LineString","coordinates":[[85.32235312338365,27.70466672216284],[85.32234435750487,27.704669263095894]]}},{"type":"Feature","properties":{},"geometry":{"type":"LineString","coordinates":[[85.32235821803164,27.704707219825206],[85.32235238038524,27.70470938739321]]}},{"type":"Feature","properties":{},"geometry":{"type":"LineString","coordinates":[[85.32236642228544,27.704751662300442],[85.32235995109701,27.704753283369904]]}},{"type":"Feature","properties":{},"geometry":{"type":"LineString","coordinates":[[85.3223664437794,27.70475416803186],[85.32236039928058,27.704756268109797]]}},{"type":"Feature","properties":{},"geometry":{"type":"LineString","coordinates":[[85.32237329847479,27.704790580434583],[85.3223676481294,27.704793231330672]]}},{"type":"Feature","properties":{},"geometry":{"type":"LineString","coordinates":[[85.32237954021538,27.70482748722459],[85.32238045813273,27.704843647625356]]}},{"type":"Feature","properties":{},"geometry":{"type":"LineString","coordinates":[[85.32238008834626,27.70483096506392],[85.3223819320804,27.704843481368925]]}},{"type":"Feature","properties":{},"geometry":{"type":"LineString","coordinates":[[85.322324741171,27.70442543870226],[85.32231947180968,27.70442552556514]]}},{"type":"Feature","properties":{},"geometry":{"type":"LineString","coordinates":[[85.32232075976233,27.704403778956767],[85.32229663214818,27.704403853874467]]}},{"type":"Feature","properties":{},"geometry":{"type":"LineString","coordinates":[[85.32227119179908,27.704316475911643],[85.32227079561389,27.70431314161333]]}},{"type":"Feature","properties":{},"geometry":{"type":"LineString","coordinates":[[85.32224902216602,27.704320075532745],[85.32224816002538,27.70432413105858]]}},{"type":"Feature","properties":{},"geometry":{"type":"LineString","coordinates":[[85.32216137844402,27.704337822338108],[85.32216205775252,27.70434246876164]]}},{"type":"Feature","properties":{},"geometry":{"type":"LineString","coordinates":[[85.3221571920459,27.704338774325734],[85.3221546401527,27.704334301960277]]}},{"type":"Feature","properties":{},"geometry":{"type":"LineString","coordinates":[[85.32215328779142,27.704339843453987],[85.32215167204087,27.704335161311217]]}},{"type":"Feature","properties":{},"geometry":{"type":"LineString","coordinates":[[85.32230095054993,27.70425356080322],[85.32229521070865,27.704251391913193]]}},{"type":"Feature","properties":{},"geometry":{"type":"LineString","coordinates":[[85.32230038886014,27.704248782228646],[85.32229475555441,27.704248995549307]]}},{"type":"Feature","properties":{},"geometry":{"type":"LineString","coordinates":[[85.3222872102953,27.704172022423922],[85.3222542604691,27.70411960296246]]}},{"type":"Feature","properties":{},"geometry":{"type":"LineString","coordinates":[[85.32228608084719,27.70416776676338],[85.32228182311933,27.704158335890014]]}},{"type":"Feature","properties":{},"geometry":{"type":"LineString","coordinates":[[85.32228003230226,27.704507960064127],[85.32228113006883,27.70451779939998]]}},{"type":"Feature","properties":{},"geometry":{"type":"LineString","coordinates":[[85.32221701169635,27.704522201994074],[85.32220971199433,27.704512492366113]]}},{"type":"Feature","properties":{},"geometry":{"type":"LineString","coordinates":[[85.3222137159745,27.70452458990047],[85.3221961656193,27.704520880714337]]}},{"type":"Feature","properties":{},"geometry":{"type":"LineString","coordinates":[[85.3222142709345,27.704526560569388],[85.32216507434954,27.70451174916097]]}},{"type":"Feature","properties":{},"geometry":{"type":"LineString","coordinates":[[85.32222187171081,27.70456040163917],[85.32221615696217,27.70456109863679]]}},{"type":"Feature","properties":{},"geometry":{"type":"LineString","coordinates":[[85.32222384793008,27.704571481794183],[85.32221881394243,27.704572289933328]]}},{"type":"Feature","properties":{},"geometry":{"type":"LineString","coordinates":[[85.32222393492549,27.70457328523524],[85.3222192931822,27.704574570160684]]}},{"type":"Feature","properties":{},"geometry":{"type":"LineString","coordinates":[[85.32222860783043,27.704590310661267],[85.32223544979277,27.70458957497757]]}},{"type":"Feature","properties":{},"geometry":{"type":"LineString","coordinates":[[85.32222834473083,27.70459451604975],[85.32219410156617,27.70460229613545]]}},{"type":"Feature","properties":{},"geometry":{"type":"LineString","coordinates":[[85.3176206074861,27.703535581018556],[85.31774223968179,27.703511512632545]]}},{"type":"Feature","properties":{},"geometry":{"type":"LineString","coordinates":[[85.31957186559649,27.702021080275983],[85.31957522662793,27.702040635038003]]}},{"type":"Feature","properties":{},"geometry":{"type":"LineString","coordinates":[[85.31946386580502,27.70203411522927],[85.3194662484131,27.702068814582702]]}},{"type":"Feature","properties":{},"geometry":{"type":"LineString","coordinates":[[85.31901907494483,27.702081453457044],[85.3190205709228,27.702106442379034]]}},{"type":"Feature","properties":{},"geometry":{"type":"LineString","coordinates":[[85.32113100193084,27.701821952927148],[85.32113708959871,27.70186710086379]]}},{"type":"Feature","properties":{},"geometry":{"type":"LineString","coordinates":[[85.32113046115725,27.70172168510912],[85.32112330629663,27.701709685618507]]}},{"type":"Feature","properties":{},"geometry":{"type":"LineString","coordinates":[[85.32118954685922,27.701815282786608],[85.32120631116157,27.7018760740803]]}},{"type":"Feature","properties":{},"geometry":{"type":"LineString","coordinates":[[85.32126627192935,27.70159546550134],[85.32124506727519,27.70159779957674]]}},{"type":"Feature","properties":{},"geometry":{"type":"LineString","coordinates":[[85.32124166362834,27.701403871296254],[85.32123548189658,27.701385733654824]]}},{"type":"Feature","properties":{},"geometry":{"type":"LineString","coordinates":[[85.32115202951083,27.70142466838005],[85.32112282182054,27.701426296163884]]}},{"type":"Feature","properties":{},"geometry":{"type":"LineString","coordinates":[[85.32194255610771,27.701618726453145],[85.32193854295903,27.70159954831498]]}},{"type":"Feature","properties":{},"geometry":{"type":"LineString","coordinates":[[85.32194675846382,27.70161831528775],[85.32194144976795,27.701598581722322]]}},{"type":"Feature","properties":{},"geometry":{"type":"LineString","coordinates":[[85.32134859355817,27.70192515069172],[85.3214061622853,27.70191488551102]]}},{"type":"Feature","properties":{},"geometry":{"type":"LineString","coordinates":[[85.32138352942499,27.702012180041155],[85.32137714782635,27.702015907798927]]}},{"type":"Feature","properties":{},"geometry":{"type":"LineString","coordinates":[[85.32140237416502,27.70206346383681],[85.32131695230777,27.702083236249045]]}},{"type":"Feature","properties":{},"geometry":{"type":"LineString","coordinates":[[85.32141692763412,27.702112885086805],[85.32141092261922,27.702113739189087]]}},{"type":"Feature","properties":{},"geometry":{"type":"LineString","coordinates":[[85.3214221764295,27.702119898344414],[85.32141111762697,27.702134123777604]]}},{"type":"Feature","properties":{},"geometry":{"type":"LineString","coordinates":[[85.32146213871906,27.70211803537305],[85.32146304598538,27.70212421618669]]}},{"type":"Feature","properties":{},"geometry":{"type":"LineString","coordinates":[[85.32146478517554,27.70211798081714],[85.32146533650054,27.70212369882093]]}},{"type":"Feature","properties":{},"geometry":{"type":"LineString","coordinates":[[85.32153335775243,27.702132333311095],[85.321538763796,27.70213152428896]]}},{"type":"Feature","properties":{},"geometry":{"type":"LineString","coordinates":[[85.32154291553947,27.702198688943344],[85.3215486976603,27.702197623644558]]}},{"type":"Feature","properties":{},"geometry":{"type":"LineString","coordinates":[[85.32154591981468,27.702214478428562],[85.32154084888454,27.702219893602376]]}},{"type":"Feature","properties":{},"geometry":{"type":"LineString","coordinates":[[85.32159594819741,27.70221329704547],[85.32159577559533,27.702220731942226]]}},{"type":"Feature","properties":{},"geometry":{"type":"LineString","coordinates":[[85.3216521947713,27.70218772478081],[85.32165461884641,27.702198358197723]]}},{"type":"Feature","properties":{},"geometry":{"type":"LineString","coordinates":[[85.32171576046476,27.7021799221261],[85.32171739769305,27.702184721865212]]}},{"type":"Feature","properties":{},"geometry":{"type":"LineString","coordinates":[[85.32173665804373,27.70217758335672],[85.32174886528074,27.702173060664286]]}},{"type":"Feature","properties":{},"geometry":{"type":"LineString","coordinates":[[85.32168902874682,27.702098730711253],[85.32170579201042,27.70210103506963]]}},{"type":"Feature","properties":{},"geometry":{"type":"LineString","coordinates":[[85.32161524980062,27.70210321541503],[85.32161616545429,27.702108318688175]]}},{"type":"Feature","properties":{},"geometry":{"type":"LineString","coordinates":[[85.32150729374362,27.701905560061554],[85.32152007352636,27.70190212106935]]}},{"type":"Feature","properties":{},"geometry":{"type":"LineString","coordinates":[[85.32152684037729,27.701967435621864],[85.32153396229201,27.701965094120045]]}},{"type":"Feature","properties":{},"geometry":{"type":"LineString","coordinates":[[85.32167989058772,27.701998323452955],[85.32168203230431,27.70200295692212]]}},{"type":"Feature","properties":{},"geometry":{"type":"LineString","coordinates":[[85.3217732084902,27.70197710137383],[85.32177631914472,27.701981766443975]]}},{"type":"Feature","properties":{},"geometry":{"type":"LineString","coordinates":[[85.32177732395242,27.70197627308633],[85.32177868592095,27.701981301442576]]}},{"type":"Feature","properties":{},"geometry":{"type":"LineString","coordinates":[[85.32183349323583,27.701963030406848],[85.32185068719959,27.70196422441971]]}},{"type":"Feature","properties":{},"geometry":{"type":"LineString","coordinates":[[85.31723722086795,27.702177834886456],[85.31723666789728,27.70217587324984]]}},{"type":"Feature","properties":{},"geometry":{"type":"LineString","coordinates":[[85.32027326313877,27.701611099628803],[85.32023343615838,27.701613607419826]]}},{"type":"Feature","properties":{},"geometry":{"type":"LineString","coordinates":[[85.31878809370403,27.69971014490464],[85.31879775231279,27.699670775772645]]}},{"type":"Feature","properties":{},"geometry":{"type":"LineString","coordinates":[[85.31891665198778,27.69972101940718],[85.31892006806035,27.699691720894833]]}},{"type":"Feature","properties":{},"geometry":{"type":"LineString","coordinates":[[85.31925507318502,27.699791543205585],[85.31925922327306,27.699782760362453]]}},{"type":"Feature","properties":{},"geometry":{"type":"LineString","coordinates":[[85.31717671561931,27.700499394169555],[85.31719296280396,27.700501605244312]]}},{"type":"Feature","properties":{},"geometry":{"type":"LineString","coordinates":[[85.3170504552707,27.701021939053135],[85.31709052177821,27.701023634633366]]}},{"type":"Feature","properties":{},"geometry":{"type":"LineString","coordinates":[[85.32168341224599,27.701759854479196],[85.32168707934673,27.701768909067084]]}},{"type":"Feature","properties":{},"geometry":{"type":"LineString","coordinates":[[85.32185162038554,27.701737304636136],[85.32185681401556,27.701815318806617]]}},{"type":"Feature","properties":{},"geometry":{"type":"LineString","coordinates":[[85.32185438265785,27.70173736790502],[85.32185709332401,27.70181548826117]]}},{"type":"Feature","properties":{},"geometry":{"type":"LineString","coordinates":[[85.32191377361573,27.70173318971603],[85.32191361344213,27.701737229381706]]}},{"type":"Feature","properties":{},"geometry":{"type":"LineString","coordinates":[[85.32205022902271,27.70171860870512],[85.32204943129003,27.701740790872414]]}},{"type":"Feature","properties":{},"geometry":{"type":"LineString","coordinates":[[85.32226342095207,27.70196183341095],[85.32224860063145,27.701964099701883]]}},{"type":"Feature","properties":{},"geometry":{"type":"LineString","coordinates":[[85.32226526253594,27.701984761481803],[85.32225354152715,27.701985674508958]]}},{"type":"Feature","properties":{},"geometry":{"type":"LineString","coordinates":[[85.32226634438365,27.701989012053378],[85.32225372928573,27.701987055876995]]}},{"type":"Feature","properties":{},"geometry":{"type":"LineString","coordinates":[[85.3220324506981,27.702118266847727],[85.32203121124476,27.702123919821894]]}},{"type":"Feature","properties":{},"geometry":{"type":"LineString","coordinates":[[85.31757905837677,27.706443096895168],[85.31758066691009,27.706447709501067]]}},{"type":"Feature","properties":{},"geometry":{"type":"LineString","coordinates":[[85.32053719349892,27.703251027379757],[85.3205602594091,27.703246829681955]]}},{"type":"Feature","properties":{},"geometry":{"type":"LineString","coordinates":[[85.32054847746267,27.7032952807685],[85.32053349865856,27.7033022535325]]}},{"type":"Feature","properties":{},"geometry":{"type":"LineString","coordinates":[[85.32055039167469,27.70330357763889],[85.32054632200813,27.703305781924847]]}},{"type":"Feature","properties":{},"geometry":{"type":"LineString","coordinates":[[85.32055154148405,27.703309743347827],[85.32056339386003,27.703304831073606]]}},{"type":"Feature","properties":{},"geometry":{"type":"LineString","coordinates":[[85.32055880041355,27.703358385726535],[85.32057511981655,27.703356973569406]]}},{"type":"Feature","properties":{},"geometry":{"type":"LineString","coordinates":[[85.32057646628454,27.70348868593052],[85.32059095290177,27.70348604302668]]}},{"type":"Feature","properties":{},"geometry":{"type":"LineString","coordinates":[[85.32037066340314,27.703260977389686],[85.32037669439302,27.70326055055477]]}},{"type":"Feature","properties":{},"geometry":{"type":"LineString","coordinates":[[85.32037086111981,27.70329752481156],[85.32037882022107,27.703297865972218]]}},{"type":"Feature","properties":{},"geometry":{"type":"LineString","coordinates":[[85.32037076542235,27.703313107926164],[85.32034041885066,27.703313716272234]]}},{"type":"Feature","properties":{},"geometry":{"type":"LineString","coordinates":[[85.32036856991265,27.703433741866245],[85.3203398534398,27.703432658761056]]}},{"type":"Feature","properties":{},"geometry":{"type":"LineString","coordinates":[[85.32036699615024,27.703484121886312],[85.32037456794961,27.703496310592737]]}},{"type":"Feature","properties":{},"geometry":{"type":"LineString","coordinates":[[85.3203333061991,27.70350088496185],[85.32033808070602,27.703515955857267]]}},{"type":"Feature","properties":{},"geometry":{"type":"LineString","coordinates":[[85.32033199067631,27.703501566668354],[85.32033622792956,27.70351675740148]]}},{"type":"Feature","properties":{},"geometry":{"type":"LineString","coordinates":[[85.32007911967288,27.703500615549228],[85.32007801826511,27.70360355749033]]}},{"type":"Feature","properties":{},"geometry":{"type":"LineString","coordinates":[[85.32007194681623,27.703499919283555],[85.32007346418672,27.703512870289472]]}},{"type":"Feature","properties":{},"geometry":{"type":"LineString","coordinates":[[85.31996860325607,27.703493552183353],[85.31997492974033,27.70356756378215]]}},{"type":"Feature","properties":{},"geometry":{"type":"LineString","coordinates":[[85.31996614400363,27.703492902287454],[85.31996686952395,27.703513721111367]]}},{"type":"Feature","properties":{},"geometry":{"type":"LineString","coordinates":[[85.31991780478214,27.70349015672572],[85.31992182495307,27.70353970027378]]}},{"type":"Feature","properties":{},"geometry":{"type":"LineString","coordinates":[[85.31991534525837,27.70348998788302],[85.31991646348115,27.70350350806541]]}},{"type":"Feature","properties":{},"geometry":{"type":"LineString","coordinates":[[85.31979351640679,27.703499982400093],[85.31978053041198,27.703496612617247]]}},{"type":"Feature","properties":{},"geometry":{"type":"LineString","coordinates":[[85.3197977093252,27.70359920240777],[85.31979863523418,27.70361554432463]]}},{"type":"Feature","properties":{},"geometry":{"type":"LineString","coordinates":[[85.31979770502561,27.703599085927063],[85.31980404335603,27.703614671317627]]}},{"type":"Feature","properties":{},"geometry":{"type":"LineString","coordinates":[[85.32023355449022,27.703215010416518],[85.32023473392168,27.703237512583726]]}},{"type":"Feature","properties":{},"geometry":{"type":"LineString","coordinates":[[85.32004326872251,27.703230100590286],[85.32004605021493,27.703250623058963]]}},{"type":"Feature","properties":{},"geometry":{"type":"LineString","coordinates":[[85.32004142718728,27.703229771376037],[85.32004481434915,27.70325040769549]]}},{"type":"Feature","properties":{},"geometry":{"type":"LineString","coordinates":[[85.32005094371557,27.703161809570478],[85.3200492413921,27.703138889495758]]}},{"type":"Feature","properties":{},"geometry":{"type":"LineString","coordinates":[[85.31986629492356,27.703241311366988],[85.31986881447105,27.7032574181082]]}},{"type":"Feature","properties":{},"geometry":{"type":"LineString","coordinates":[[85.3198322865167,27.703246495294767],[85.31983703673099,27.70326447030576]]}},{"type":"Feature","properties":{},"geometry":{"type":"LineString","coordinates":[[85.3196788652885,27.703258211912814],[85.31968314824887,27.703279744510652]]}},{"type":"Feature","properties":{},"geometry":{"type":"LineString","coordinates":[[85.31960724247017,27.703262294784178],[85.3196063443416,27.70328424464601]]}},{"type":"Feature","properties":{},"geometry":{"type":"LineString","coordinates":[[85.31950727390287,27.703268369305682],[85.31950680668878,27.70337442639498]]}},{"type":"Feature","properties":{},"geometry":{"type":"LineString","coordinates":[[85.31950555551161,27.70326794500679],[85.3195047512693,27.70335675485235]]}},{"type":"Feature","properties":{},"geometry":{"type":"LineString","coordinates":[[85.31950536529216,27.70326831454678],[85.31950240401957,27.70333251825334]]}},{"type":"Feature","properties":{},"geometry":{"type":"LineString","coordinates":[[85.3194855817799,27.703269073500213],[85.31948532438511,27.703289773891434]]}},{"type":"Feature","properties":{},"geometry":{"type":"LineString","coordinates":[[85.31940251022424,27.703275018225423],[85.31940015943321,27.703295280737574]]}},{"type":"Feature","properties":{},"geometry":{"type":"LineString","coordinates":[[85.31939936734724,27.70327497465445],[85.3193989231346,27.703293108642168]]}},{"type":"Feature","properties":{},"geometry":{"type":"LineString","coordinates":[[85.31932962275862,27.703279637957507],[85.31932863777752,27.703299973008036]]}},{"type":"Feature","properties":{},"geometry":{"type":"LineString","coordinates":[[85.31930095616791,27.703279009224715],[85.31930417015002,27.7033036579821]]}},{"type":"Feature","properties":{},"geometry":{"type":"LineString","coordinates":[[85.31926053044762,27.70328143994938],[85.31926045827227,27.703300043264406]]}},{"type":"Feature","properties":{},"geometry":{"type":"LineString","coordinates":[[85.31917861466223,27.703287399474583],[85.31917712626422,27.7033090190521]]}},{"type":"Feature","properties":{},"geometry":{"type":"LineString","coordinates":[[85.31917497223532,27.703287199107706],[85.31917443208324,27.703309009805533]]}},{"type":"Feature","properties":{},"geometry":{"type":"LineString","coordinates":[[85.32069921682336,27.703164548794888],[85.32070164063697,27.70318605430177]]}},{"type":"Feature","properties":{},"geometry":{"type":"LineString","coordinates":[[85.32092346761638,27.703168749166522],[85.3209252712268,27.703194404279564]]}},{"type":"Feature","properties":{},"geometry":{"type":"LineString","coordinates":[[85.32093434673052,27.703168390136955],[85.32094015940008,27.70321235601216]]}},{"type":"Feature","properties":{},"geometry":{"type":"LineString","coordinates":[[85.32093991601624,27.70316877809231],[85.32094286751091,27.703212713776338]]}},{"type":"Feature","properties":{},"geometry":{"type":"LineString","coordinates":[[85.32103395856778,27.703172095666172],[85.32103393833425,27.70319090269512]]}},{"type":"Feature","properties":{},"geometry":{"type":"LineString","coordinates":[[85.32110274970786,27.70317585333481],[85.32110398308976,27.70320000962087]]}},{"type":"Feature","properties":{},"geometry":{"type":"LineString","coordinates":[[85.32119819197256,27.703299374546337],[85.32122958771554,27.703301042323183]]}},{"type":"Feature","properties":{},"geometry":{"type":"LineString","coordinates":[[85.32119789050769,27.7033388058775],[85.32119252395552,27.703338753430714]]}},{"type":"Feature","properties":{},"geometry":{"type":"LineString","coordinates":[[85.32119589641613,27.703355595242783],[85.32124914412653,27.70335579061896]]}},{"type":"Feature","properties":{},"geometry":{"type":"LineString","coordinates":[[85.32119579411759,27.703359031803757],[85.32122825841583,27.70335952478837]]}},{"type":"Feature","properties":{},"geometry":{"type":"LineString","coordinates":[[85.32119887260463,27.703455022521116],[85.3211505508728,27.70345841853172]]}},{"type":"Feature","properties":{},"geometry":{"type":"LineString","coordinates":[[85.32119963309395,27.70346092086312],[85.3211519242541,27.70346170692062]]}},{"type":"Feature","properties":{},"geometry":{"type":"LineString","coordinates":[[85.32119949505316,27.70346291652557],[85.32118936496585,27.703462700710986]]}},{"type":"Feature","properties":{},"geometry":{"type":"LineString","coordinates":[[85.32122337160241,27.7034703515493],[85.32122376349662,27.703482045188252]]}},{"type":"Feature","properties":{},"geometry":{"type":"LineString","coordinates":[[85.32134357222593,27.703193229024787],[85.32132995949082,27.703211325186878]]}},{"type":"Feature","properties":{},"geometry":{"type":"LineString","coordinates":[[85.32139330517597,27.70319720039857],[85.32139198472889,27.70321357373948]]}},{"type":"Feature","properties":{},"geometry":{"type":"LineString","coordinates":[[85.3215330011596,27.7033079138435],[85.3215107413058,27.703318281361863]]}},{"type":"Feature","properties":{},"geometry":{"type":"LineString","coordinates":[[85.32153409152278,27.70331028180954],[85.32151119674319,27.703319995405767]]}},{"type":"Feature","properties":{},"geometry":{"type":"LineString","coordinates":[[85.3215450840051,27.703330740453588],[85.32154581164387,27.7033492541996]]}},{"type":"Feature","properties":{},"geometry":{"type":"LineString","coordinates":[[85.3216978954379,27.70314829666988],[85.32168681421936,27.703042794453165]]}},{"type":"Feature","properties":{},"geometry":{"type":"LineString","coordinates":[[85.32169838655713,27.7031484082221],[85.32168810770733,27.703041696391892]]}},{"type":"Feature","properties":{},"geometry":{"type":"LineString","coordinates":[[85.32169960083483,27.703148046581486],[85.32168934444763,27.703042848595295]]}},{"type":"Feature","properties":{},"geometry":{"type":"LineString","coordinates":[[85.32184093068813,27.70314584650808],[85.32184030976441,27.70313228362417]]}},{"type":"Feature","properties":{},"geometry":{"type":"LineString","coordinates":[[85.32191836459585,27.7032173282858],[85.32191649985793,27.703236407190623]]}},{"type":"Feature","properties":{},"geometry":{"type":"LineString","coordinates":[[85.32191881176867,27.703217395982268],[85.32191779021954,27.703235447179047]]}},{"type":"Feature","properties":{},"geometry":{"type":"LineString","coordinates":[[85.32203747661488,27.70314005195705],[85.32203845870846,27.703128753138905]]}},{"type":"Feature","properties":{},"geometry":{"type":"LineString","coordinates":[[85.32200773003,27.70305095294024],[85.32198349775133,27.70305775503401]]}},{"type":"Feature","properties":{},"geometry":{"type":"LineString","coordinates":[[85.3219892277939,27.70294067566069],[85.32201762688842,27.702936449399804]]}},{"type":"Feature","properties":{},"geometry":{"type":"LineString","coordinates":[[85.32198876153507,27.70293900571171],[85.32202798601838,27.70293508034784]]}},{"type":"Feature","properties":{},"geometry":{"type":"LineString","coordinates":[[85.32195655939151,27.7028046863769],[85.32198471621867,27.702801181027848]]}},{"type":"Feature","properties":{},"geometry":{"type":"LineString","coordinates":[[85.32195550408676,27.702801484885182],[85.32201556118443,27.702795163073443]]}},{"type":"Feature","properties":{},"geometry":{"type":"LineString","coordinates":[[85.32194507832575,27.70271270850634],[85.32197809605712,27.702703794449185]]}},{"type":"Feature","properties":{},"geometry":{"type":"LineString","coordinates":[[85.32192418998459,27.702618015458874],[85.32196070011427,27.702610621209434]]}},{"type":"Feature","properties":{},"geometry":{"type":"LineString","coordinates":[[85.32191714547815,27.702564335001778],[85.32191072142103,27.70256401073394]]}},{"type":"Feature","properties":{},"geometry":{"type":"LineString","coordinates":[[85.32190231042044,27.70246378198226],[85.32193830538698,27.702460826537713]]}},{"type":"Feature","properties":{},"geometry":{"type":"LineString","coordinates":[[85.32189257060692,27.702399830354068],[85.32191377506877,27.702376047144668]]}},{"type":"Feature","properties":{},"geometry":{"type":"LineString","coordinates":[[85.32186952024072,27.702389839524074],[85.32186835799087,27.702378054412893]]}},{"type":"Feature","properties":{},"geometry":{"type":"LineString","coordinates":[[85.32176955039944,27.702400559301594],[85.321776128844,27.702422733409445]]}},{"type":"Feature","properties":{},"geometry":{"type":"LineString","coordinates":[[85.32175065470983,27.702403944027235],[85.32176087079849,27.70242431020829]]}},{"type":"Feature","properties":{},"geometry":{"type":"LineString","coordinates":[[85.32171879217267,27.702405163381368],[85.32171790662548,27.70239882127644]]}},{"type":"Feature","properties":{},"geometry":{"type":"LineString","coordinates":[[85.32162816809617,27.70242526551777],[85.3216265541614,27.702410197780157]]}},{"type":"Feature","properties":{},"geometry":{"type":"LineString","coordinates":[[85.32161045012306,27.70242822496213],[85.32160884873872,27.70240292880867]]}},{"type":"Feature","properties":{},"geometry":{"type":"LineString","coordinates":[[85.3215777573305,27.7024555990615],[85.32157381824375,27.70243668626023]]}},{"type":"Feature","properties":{},"geometry":{"type":"LineString","coordinates":[[85.3214642526962,27.702350466012952],[85.32133097653096,27.702349210066483]]}},{"type":"Feature","properties":{},"geometry":{"type":"LineString","coordinates":[[85.32146444718038,27.702352003603913],[85.32133078581353,27.702351335057507]]}},{"type":"Feature","properties":{},"geometry":{"type":"LineString","coordinates":[[85.3214888118399,27.702451757022796],[85.32146846315077,27.70245566291227]]}},{"type":"Feature","properties":{},"geometry":{"type":"LineString","coordinates":[[85.32149716324678,27.702474430086742],[85.32147441096456,27.702477694003868]]}},{"type":"Feature","properties":{},"geometry":{"type":"LineString","coordinates":[[85.32151051794477,27.70251863451015],[85.32148629794109,27.70252430938744]]}},{"type":"Feature","properties":{},"geometry":{"type":"LineString","coordinates":[[85.32153831108576,27.702566978884978],[85.32151056677512,27.702587196197584]]}},{"type":"Feature","properties":{},"geometry":{"type":"LineString","coordinates":[[85.321549284154,27.702579956079173],[85.32165616636334,27.70258046853529]]}},{"type":"Feature","properties":{},"geometry":{"type":"LineString","coordinates":[[85.32155717404545,27.702614167122857],[85.32165937987827,27.70260140507411]]}},{"type":"Feature","properties":{},"geometry":{"type":"LineString","coordinates":[[85.32154740243948,27.702797313560293],[85.32154955866707,27.702808486161597]]}},{"type":"Feature","properties":{},"geometry":{"type":"LineString","coordinates":[[85.32146788059829,27.70280397768617],[85.32145489727873,27.702782083313316]]}},{"type":"Feature","properties":{},"geometry":{"type":"LineString","coordinates":[[85.3222014314352,27.703402597385022],[85.32219575376548,27.703403658559793]]}},{"type":"Feature","properties":{},"geometry":{"type":"LineString","coordinates":[[85.3222082111817,27.703449335835504],[85.32222108299383,27.70344870752937]]}},{"type":"Feature","properties":{},"geometry":{"type":"LineString","coordinates":[[85.32221294677818,27.70349268300892],[85.32221037736323,27.703494195223143]]}},{"type":"Feature","properties":{},"geometry":{"type":"LineString","coordinates":[[85.3222138290061,27.70349606291059],[85.32221114426461,27.70350431756025]]}},{"type":"Feature","properties":{},"geometry":{"type":"LineString","coordinates":[[85.32240460044422,27.703035547765584],[85.32239475239474,27.70303638602352]]}},{"type":"Feature","properties":{},"geometry":{"type":"LineString","coordinates":[[85.32237146876315,27.702779137784542],[85.32236004868787,27.70277946419888]]}},{"type":"Feature","properties":{},"geometry":{"type":"LineString","coordinates":[[85.32236895960119,27.702753313474478],[85.32235616136695,27.702754374106426]]}},{"type":"Feature","properties":{},"geometry":{"type":"LineString","coordinates":[[85.32236000233243,27.70268863307179],[85.322351347521,27.70268856428738]]}},{"type":"Feature","properties":{},"geometry":{"type":"LineString","coordinates":[[85.32235092775136,27.702626583977402],[85.3223392374747,27.70262700820132]]}},{"type":"Feature","properties":{},"geometry":{"type":"LineString","coordinates":[[85.32234334053489,27.702569853568452],[85.32233191738766,27.70257051478903]]}},{"type":"Feature","properties":{},"geometry":{"type":"LineString","coordinates":[[85.32233764428511,27.702492655541285],[85.3223146142333,27.702501748492455]]}},{"type":"Feature","properties":{},"geometry":{"type":"LineString","coordinates":[[85.3223268182928,27.70242087471166],[85.32231224387351,27.70242224234253]]}},{"type":"Feature","properties":{},"geometry":{"type":"LineString","coordinates":[[85.32231117600473,27.70230976206291],[85.32229718108586,27.702310767573767]]}},{"type":"Feature","properties":{},"geometry":{"type":"LineString","coordinates":[[85.32230400146373,27.702255488873426],[85.32228038561009,27.702255284800536]]}},{"type":"Feature","properties":{},"geometry":{"type":"LineString","coordinates":[[85.32230358398988,27.702250497239387],[85.32228427830486,27.702253640603157]]}},{"type":"Feature","properties":{},"geometry":{"type":"LineString","coordinates":[[85.32245006576623,27.703350048933803],[85.32243845082924,27.703351840533287]]}},{"type":"Feature","properties":{},"geometry":{"type":"LineString","coordinates":[[85.322457552698,27.70339935376479],[85.32244658844111,27.70340050431839]]}},{"type":"Feature","properties":{},"geometry":{"type":"LineString","coordinates":[[85.32246791255976,27.70347218310735],[85.32245447455176,27.703473099708035]]}},{"type":"Feature","properties":{},"geometry":{"type":"LineString","coordinates":[[85.32246937804791,27.703504718744615],[85.32245891568816,27.703506071233704]]}},{"type":"Feature","properties":{},"geometry":{"type":"LineString","coordinates":[[85.32248121631714,27.703579807929042],[85.32247014264708,27.703582939151936]]}},{"type":"Feature","properties":{},"geometry":{"type":"LineString","coordinates":[[85.32248491728441,27.703618806720822],[85.32247452147453,27.703620382043844]]}},{"type":"Feature","properties":{},"geometry":{"type":"LineString","coordinates":[[85.32248883457865,27.70364784040121],[85.32248024825759,27.7036685454816]]}},{"type":"Feature","properties":{},"geometry":{"type":"LineString","coordinates":[[85.32251380876404,27.703849353329552],[85.3224883112157,27.703851156307625]]}},{"type":"Feature","properties":{},"geometry":{"type":"LineString","coordinates":[[85.32021192618103,27.70371241675869],[85.3201287332448,27.703710377411873]]}},{"type":"Feature","properties":{},"geometry":{"type":"LineString","coordinates":[[85.32021205075189,27.703713817217714],[85.3201290482116,27.703713117755658]]}},{"type":"Feature","properties":{},"geometry":{"type":"LineString","coordinates":[[85.32021505190407,27.703780508515507],[85.32018139123542,27.703782841085857]]}},{"type":"Feature","properties":{},"geometry":{"type":"LineString","coordinates":[[85.32011446098787,27.70402073261725],[85.32009011089134,27.704031166590745]]}},{"type":"Feature","properties":{},"geometry":{"type":"LineString","coordinates":[[85.32022965413623,27.704095029183176],[85.32021866692907,27.70410813170413]]}},{"type":"Feature","properties":{},"geometry":{"type":"LineString","coordinates":[[85.32022937783063,27.70409684807205],[85.32021927552536,27.704109842194825]]}},{"type":"Feature","properties":{},"geometry":{"type":"LineString","coordinates":[[85.3202304595445,27.704097462294328],[85.32022416025383,27.70411301796311]]}},{"type":"Feature","properties":{},"geometry":{"type":"LineString","coordinates":[[85.32010770129175,27.703869214085927],[85.32011221836257,27.703914923323207]]}},{"type":"Feature","properties":{},"geometry":{"type":"LineString","coordinates":[[85.32007350333626,27.703872593380783],[85.32007539194485,27.703906256922004]]}},{"type":"Feature","properties":{},"geometry":{"type":"LineString","coordinates":[[85.31999491484265,27.703878513428602],[85.31999069055881,27.703853344288557]]}},{"type":"Feature","properties":{},"geometry":{"type":"LineString","coordinates":[[85.31997047219292,27.70388056069786],[85.31996486436239,27.703772613946647]]}},{"type":"Feature","properties":{},"geometry":{"type":"LineString","coordinates":[[85.31989962382856,27.703882319121195],[85.31989690891936,27.70385758437216]]}},{"type":"Feature","properties":{},"geometry":{"type":"LineString","coordinates":[[85.31985420031297,27.703886028733635],[85.31985338504572,27.703868289213034]]}},{"type":"Feature","properties":{},"geometry":{"type":"LineString","coordinates":[[85.3196761528112,27.703887694405427],[85.31967338520222,27.703866005108562]]}},{"type":"Feature","properties":{},"geometry":{"type":"LineString","coordinates":[[85.31961699316456,27.703887021407198],[85.31961339169742,27.70386508822776]]}},{"type":"Feature","properties":{},"geometry":{"type":"LineString","coordinates":[[85.31957522917827,27.703895771848117],[85.31956598869161,27.703878529341782]]}},{"type":"Feature","properties":{},"geometry":{"type":"LineString","coordinates":[[85.31939939463255,27.70394909419789],[85.31940199008221,27.703938475659715]]}},{"type":"Feature","properties":{},"geometry":{"type":"LineString","coordinates":[[85.31937857528732,27.703947296277878],[85.31938232720312,27.703931884817955]]}},{"type":"Feature","properties":{},"geometry":{"type":"LineString","coordinates":[[85.31931437946679,27.70394426502558],[85.3193107553927,27.703954841289047]]}},{"type":"Feature","properties":{},"geometry":{"type":"LineString","coordinates":[[85.31925506103444,27.703886201528327],[85.31926168406676,27.703883075194877]]}},{"type":"Feature","properties":{},"geometry":{"type":"LineString","coordinates":[[85.31952779784817,27.70368210482208],[85.31955238918457,27.70368060908568]]}},{"type":"Feature","properties":{},"geometry":{"type":"LineString","coordinates":[[85.31943901398297,27.70369564915155],[85.31943927497458,27.703684441789765]]}},{"type":"Feature","properties":{},"geometry":{"type":"LineString","coordinates":[[85.3192303234627,27.703745198694175],[85.31923666074618,27.70374470432778]]}},{"type":"Feature","properties":{},"geometry":{"type":"LineString","coordinates":[[85.31923033734346,27.703745947073713],[85.31923683855217,27.703745872576665]]}},{"type":"Feature","properties":{},"geometry":{"type":"LineString","coordinates":[[85.31923083827559,27.703747270873727],[85.3192254393871,27.703747606954906]]}},{"type":"Feature","properties":{},"geometry":{"type":"LineString","coordinates":[[85.31917829702317,27.70377527072013],[85.31918023529333,27.70378232238394]]}},{"type":"Feature","properties":{},"geometry":{"type":"LineString","coordinates":[[85.31910844849311,27.70378021062304],[85.31911026298741,27.70378686907958]]}},{"type":"Feature","properties":{},"geometry":{"type":"LineString","coordinates":[[85.31905085642397,27.703717301475596],[85.31907997070954,27.703715258747444]]}},{"type":"Feature","properties":{},"geometry":{"type":"LineString","coordinates":[[85.3190421498601,27.703600999218178],[85.31907349200321,27.70360662901417]]}},{"type":"Feature","properties":{},"geometry":{"type":"LineString","coordinates":[[85.31903462400206,27.703499096081494],[85.31907067898435,27.703482393635994]]}},{"type":"Feature","properties":{},"geometry":{"type":"LineString","coordinates":[[85.3190344364462,27.70349565329698],[85.31907041006578,27.703481347929404]]}},{"type":"Feature","properties":{},"geometry":{"type":"LineString","coordinates":[[85.31903741835588,27.70350520595612],[85.31907569736772,27.703509526453768]]}},{"type":"Feature","properties":{},"geometry":{"type":"LineString","coordinates":[[85.31902557405155,27.703369804715336],[85.31900535893011,27.703370670274044]]}},{"type":"Feature","properties":{},"geometry":{"type":"LineString","coordinates":[[85.31906874821809,27.703937270732904],[85.31904929447626,27.7039388684797]]}},{"type":"Feature","properties":{},"geometry":{"type":"LineString","coordinates":[[85.31907259446248,27.703992909782325],[85.31910048119303,27.703991436996187]]}},{"type":"Feature","properties":{},"geometry":{"type":"LineString","coordinates":[[85.3190746554743,27.704030256907046],[85.31905209507772,27.704031760971812]]}},{"type":"Feature","properties":{},"geometry":{"type":"LineString","coordinates":[[85.31907779534808,27.70412622217571],[85.3190653563675,27.70412606210371]]}},{"type":"Feature","properties":{},"geometry":{"type":"LineString","coordinates":[[85.31907807773051,27.704127117320475],[85.31906552591661,27.704128033518725]]}},{"type":"Feature","properties":{},"geometry":{"type":"LineString","coordinates":[[85.31907919545637,27.704255439591297],[85.31905767324669,27.70425794635546]]}},{"type":"Feature","properties":{},"geometry":{"type":"LineString","coordinates":[[85.31920317024448,27.70438012178152],[85.31920233022099,27.704353352886983]]}},{"type":"Feature","properties":{},"geometry":{"type":"LineString","coordinates":[[85.31938650315126,27.70438776118408],[85.31939265794973,27.704364439197224]]}},{"type":"Feature","properties":{},"geometry":{"type":"LineString","coordinates":[[85.31938879542162,27.704388390109976],[85.3193862488898,27.704406534672827]]}},{"type":"Feature","properties":{},"geometry":{"type":"LineString","coordinates":[[85.3194169575919,27.704390720327684],[85.3194117601772,27.704366064642926]]}},{"type":"Feature","properties":{},"geometry":{"type":"LineString","coordinates":[[85.31951554481465,27.70439557792705],[85.31951549267976,27.704402553075667]]}},{"type":"Feature","properties":{},"geometry":{"type":"LineString","coordinates":[[85.31953008089663,27.704396796833564],[85.3195308844462,27.704370764512987]]}},{"type":"Feature","properties":{},"geometry":{"type":"LineString","coordinates":[[85.31959519930479,27.70439979316394],[85.31959382336966,27.70437311614076]]}},{"type":"Feature","properties":{},"geometry":{"type":"LineString","coordinates":[[85.3196175789387,27.7044010901279],[85.31961748240192,27.704408382434114]]}},{"type":"Feature","properties":{},"geometry":{"type":"LineString","coordinates":[[85.31968890167532,27.704409095048476],[85.31968937854897,27.704447791200177]]}},{"type":"Feature","properties":{},"geometry":{"type":"LineString","coordinates":[[85.31993124620507,27.70442087339776],[85.32005183624729,27.70442032064197]]}},{"type":"Feature","properties":{},"geometry":{"type":"LineString","coordinates":[[85.31992803431905,27.70442056635915],[85.32005308656383,27.704424160808276]]}},{"type":"Feature","properties":{},"geometry":{"type":"LineString","coordinates":[[85.31992476021834,27.704420348820022],[85.32005248154665,27.704428438756995]]}},{"type":"Feature","properties":{},"geometry":{"type":"LineString","coordinates":[[85.31883138113253,27.704433525172615],[85.31883071221039,27.704419744192624]]}},{"type":"Feature","properties":{},"geometry":{"type":"LineString","coordinates":[[85.31874875209573,27.70443707046581],[85.31874610027783,27.704417827561514]]}},{"type":"Feature","properties":{},"geometry":{"type":"LineString","coordinates":[[85.3186916392047,27.704439198153295],[85.31869074579483,27.70442240084476]]}},{"type":"Feature","properties":{},"geometry":{"type":"LineString","coordinates":[[85.31864780896875,27.704429915605875],[85.31862778551337,27.704441878431503]]}},{"type":"Feature","properties":{},"geometry":{"type":"LineString","coordinates":[[85.31862532466693,27.704392391716397],[85.31861400286775,27.70440488172201]]}},{"type":"Feature","properties":{},"geometry":{"type":"LineString","coordinates":[[85.31860940447307,27.704377412831914],[85.318608694082,27.704272030126827]]}},{"type":"Feature","properties":{},"geometry":{"type":"LineString","coordinates":[[85.31860718938718,27.704375586249395],[85.31860832941676,27.704271673704447]]}},{"type":"Feature","properties":{},"geometry":{"type":"LineString","coordinates":[[85.3186046785273,27.704373473577284],[85.31859266473039,27.704352063663066]]}},{"type":"Feature","properties":{},"geometry":{"type":"LineString","coordinates":[[85.3186021007813,27.70437162273364],[85.31859101019153,27.704351971362463]]}},{"type":"Feature","properties":{},"geometry":{"type":"LineString","coordinates":[[85.31859965549717,27.704369399844747],[85.3184987097156,27.704325191714723]]}},{"type":"Feature","properties":{},"geometry":{"type":"LineString","coordinates":[[85.31859800405289,27.704367584621096],[85.3184953395428,27.704315963758848]]}},{"type":"Feature","properties":{},"geometry":{"type":"LineString","coordinates":[[85.31907471090787,27.70444909504634],[85.31906495256648,27.704450422428994]]}},{"type":"Feature","properties":{},"geometry":{"type":"LineString","coordinates":[[85.3190745380414,27.70445342607214],[85.31906510283777,27.70445305607884]]}},{"type":"Feature","properties":{},"geometry":{"type":"LineString","coordinates":[[85.3190749512314,27.70445908463975],[85.31910216044886,27.704459281463695]]}},{"type":"Feature","properties":{},"geometry":{"type":"LineString","coordinates":[[85.31906988043696,27.704509988952985],[85.31906027283398,27.704509023892797]]}},{"type":"Feature","properties":{},"geometry":{"type":"LineString","coordinates":[[85.31905701188832,27.70459123333992],[85.31909017096145,27.70459736174836]]}},{"type":"Feature","properties":{},"geometry":{"type":"LineString","coordinates":[[85.3185782677115,27.70324949710686],[85.31857703916988,27.703237362792347]]}},{"type":"Feature","properties":{},"geometry":{"type":"LineString","coordinates":[[85.31857548976375,27.703249594234247],[85.31857568356118,27.70323761618804]]}},{"type":"Feature","properties":{},"geometry":{"type":"LineString","coordinates":[[85.3192267031393,27.704566247230925],[85.31922600874793,27.704573442924623]]}},{"type":"Feature","properties":{},"geometry":{"type":"LineString","coordinates":[[85.31924356798694,27.70456902335756],[85.31924490386827,27.704574556843564]]}},{"type":"Feature","properties":{},"geometry":{"type":"LineString","coordinates":[[85.31924620959637,27.70456849495036],[85.31924646193494,27.704574989127643]]}},{"type":"Feature","properties":{},"geometry":{"type":"LineString","coordinates":[[85.31940233292264,27.704575119833954],[85.31940351184664,27.704599298021726]]}},{"type":"Feature","properties":{},"geometry":{"type":"LineString","coordinates":[[85.31951953188542,27.70458192635586],[85.31952028635766,27.704596019752113]]}},{"type":"Feature","properties":{},"geometry":{"type":"LineString","coordinates":[[85.31969470231452,27.70458974335103],[85.31969660341952,27.704593267405613]]}},{"type":"Feature","properties":{},"geometry":{"type":"LineString","coordinates":[[85.3197809103805,27.70458856048218],[85.31978292515879,27.704593997508912]]}},{"type":"Feature","properties":{},"geometry":{"type":"LineString","coordinates":[[85.31988043459295,27.704589725149724],[85.31984869242767,27.70456994235253]]}},{"type":"Feature","properties":{},"geometry":{"type":"LineString","coordinates":[[85.31993541289484,27.704587932986964],[85.31993618512745,27.704591273658732]]}},{"type":"Feature","properties":{},"geometry":{"type":"LineString","coordinates":[[85.32005298907808,27.704583227142262],[85.32005309964042,27.70458765998772]]}},{"type":"Feature","properties":{},"geometry":{"type":"LineString","coordinates":[[85.32007887834662,27.7045818147614],[85.32007779014339,27.70456110435695]]}},{"type":"Feature","properties":{},"geometry":{"type":"LineString","coordinates":[[85.3201614039494,27.70457781253687],[85.32016278204681,27.70455404896253]]}},{"type":"Feature","properties":{},"geometry":{"type":"LineString","coordinates":[[85.32025044410867,27.70468024179797],[85.32025707486487,27.70468025366611]]}},{"type":"Feature","properties":{},"geometry":{"type":"LineString","coordinates":[[85.32025267987088,27.704695483156353],[85.32026063278015,27.704693520952894]]}},{"type":"Feature","properties":{},"geometry":{"type":"LineString","coordinates":[[85.32026133596608,27.70479418058087],[85.32027240304446,27.704792881630926]]}},{"type":"Feature","properties":{},"geometry":{"type":"LineString","coordinates":[[85.3202651978148,27.704866317449753],[85.32027947413884,27.704867485292674]]}},{"type":"Feature","properties":{},"geometry":{"type":"LineString","coordinates":[[85.320264805523,27.70491589047624],[85.32027442934732,27.704918249182942]]}},{"type":"Feature","properties":{},"geometry":{"type":"LineString","coordinates":[[85.32026492648244,27.70491746057001],[85.32027485135772,27.7049196288823]]}},{"type":"Feature","properties":{},"geometry":{"type":"LineString","coordinates":[[85.31893971281876,27.704594994027804],[85.3189400377967,27.704587422000913]]}},{"type":"Feature","properties":{},"geometry":{"type":"LineString","coordinates":[[85.31879045320595,27.704596998193313],[85.31879853241479,27.704617621120413]]}},{"type":"Feature","properties":{},"geometry":{"type":"LineString","coordinates":[[85.31878783312868,27.70459718027547],[85.31878848176157,27.704591912770493]]}},{"type":"Feature","properties":{},"geometry":{"type":"LineString","coordinates":[[85.31878443568083,27.704596012635086],[85.31878715429758,27.704591850618325]]}},{"type":"Feature","properties":{},"geometry":{"type":"LineString","coordinates":[[85.31874827522054,27.704598204376165],[85.31872566116293,27.70462046268475]]}},{"type":"Feature","properties":{},"geometry":{"type":"LineString","coordinates":[[85.31868215179918,27.704604202848298],[85.31868359818051,27.704597898079797]]}},{"type":"Feature","properties":{},"geometry":{"type":"LineString","coordinates":[[85.31864806074222,27.70460475991543],[85.31864771432039,27.704622723597396]]}},{"type":"Feature","properties":{},"geometry":{"type":"LineString","coordinates":[[85.31861460633822,27.70460360896688],[85.31861351385525,27.704598009838744]]}},{"type":"Feature","properties":{},"geometry":{"type":"LineString","coordinates":[[85.31858672616032,27.70461548989188],[85.31857957779803,27.704615242409847]]}},{"type":"Feature","properties":{},"geometry":{"type":"LineString","coordinates":[[85.31857955746804,27.704678137898178],[85.31857436784392,27.704684927894256]]}},{"type":"Feature","properties":{},"geometry":{"type":"LineString","coordinates":[[85.31849557013783,27.704565181220538],[85.31849765474031,27.704562820210743]]}},{"type":"Feature","properties":{},"geometry":{"type":"LineString","coordinates":[[85.31849220305077,27.704562959767987],[85.3184819164716,27.704572678884254]]}},{"type":"Feature","properties":{},"geometry":{"type":"LineString","coordinates":[[85.31847341408552,27.704545930634513],[85.31845630083633,27.70455909036228]]}},{"type":"Feature","properties":{},"geometry":{"type":"LineString","coordinates":[[85.3184612879021,27.704534693747224],[85.31842128713077,27.704515267899975]]}},{"type":"Feature","properties":{},"geometry":{"type":"LineString","coordinates":[[85.31846017980169,27.704533750663995],[85.31840028405094,27.704463485494855]]}},{"type":"Feature","properties":{},"geometry":{"type":"LineString","coordinates":[[85.31903846610442,27.704628785110714],[85.3190238895124,27.70462617212833]]}},{"type":"Feature","properties":{},"geometry":{"type":"LineString","coordinates":[[85.31902820973528,27.70467490342515],[85.31906156311881,27.704681918696124]]}},{"type":"Feature","properties":{},"geometry":{"type":"LineString","coordinates":[[85.31901465437441,27.704720111622112],[85.31904049925623,27.70472649238533]]}},{"type":"Feature","properties":{},"geometry":{"type":"LineString","coordinates":[[85.31899636530244,27.70477544485929],[85.31902524431364,27.704782351651414]]}},{"type":"Feature","properties":{},"geometry":{"type":"LineString","coordinates":[[85.31899252526925,27.7047915050676],[85.3189690134744,27.704787191479944]]}},{"type":"Feature","properties":{},"geometry":{"type":"LineString","coordinates":[[85.31899194114622,27.704794549483065],[85.31896916521912,27.70478919968306]]}},{"type":"Feature","properties":{},"geometry":{"type":"LineString","coordinates":[[85.31898281940039,27.70484887488555],[85.31901790111637,27.70486076414836]]}},{"type":"Feature","properties":{},"geometry":{"type":"LineString","coordinates":[[85.31898040134466,27.704886217253765],[85.31901576314974,27.70488744362711]]}},{"type":"Feature","properties":{},"geometry":{"type":"LineString","coordinates":[[85.31898064409728,27.70489042516471],[85.31901622679932,27.704890008878678]]}},{"type":"Feature","properties":{},"geometry":{"type":"LineString","coordinates":[[85.3189796825307,27.704922323912765],[85.31901679558966,27.7049302341497]]}},{"type":"Feature","properties":{},"geometry":{"type":"LineString","coordinates":[[85.31898011265861,27.704955519371822],[85.31896999425976,27.70495770791554]]}},{"type":"Feature","properties":{},"geometry":{"type":"LineString","coordinates":[[85.31898067803759,27.704956872836718],[85.31901355975586,27.70495860971862]]}},{"type":"Feature","properties":{},"geometry":{"type":"LineString","coordinates":[[85.31898097493672,27.705004513735386],[85.31901457215811,27.70500489014383]]}},{"type":"Feature","properties":{},"geometry":{"type":"LineString","coordinates":[[85.32063645403386,27.703571015653523],[85.32063465331422,27.703573649100857]]}},{"type":"Feature","properties":{},"geometry":{"type":"LineString","coordinates":[[85.32086684783441,27.703578323224864],[85.32088118705654,27.703557359508263]]}},{"type":"Feature","properties":{},"geometry":{"type":"LineString","coordinates":[[85.32087982530327,27.70364265082165],[85.32088291459279,27.703641227973144]]}},{"type":"Feature","properties":{},"geometry":{"type":"LineString","coordinates":[[85.32088308446714,27.70369298207292],[85.32087143194983,27.70369285336563]]}},{"type":"Feature","properties":{},"geometry":{"type":"LineString","coordinates":[[85.32100564292138,27.703721246290485],[85.32100485280965,27.703714037993024]]}},{"type":"Feature","properties":{},"geometry":{"type":"LineString","coordinates":[[85.32105089768163,27.703828629653906],[85.32105167317077,27.70384255543053]]}},{"type":"Feature","properties":{},"geometry":{"type":"LineString","coordinates":[[85.32108778001363,27.70382563376371],[85.32108639385085,27.70382318007511]]}},{"type":"Feature","properties":{},"geometry":{"type":"LineString","coordinates":[[85.321017559787,27.703827829089605],[85.32101754097484,27.703824620307138]]}},{"type":"Feature","properties":{},"geometry":{"type":"LineString","coordinates":[[85.32097949451565,27.70383523219025],[85.3209841364244,27.703856453217394]]}},{"type":"Feature","properties":{},"geometry":{"type":"LineString","coordinates":[[85.32095837128173,27.703916660989037],[85.32094896389702,27.70391745665098]]}},{"type":"Feature","properties":{},"geometry":{"type":"LineString","coordinates":[[85.32096060490315,27.703927610703754],[85.32096353989431,27.70392666252697]]}},{"type":"Feature","properties":{},"geometry":{"type":"LineString","coordinates":[[85.32098251711813,27.70402400404311],[85.32097366742003,27.704025331752984]]}},{"type":"Feature","properties":{},"geometry":{"type":"LineString","coordinates":[[85.32098540431367,27.704033065433727],[85.32098730927818,27.70403335930335]]}},{"type":"Feature","properties":{},"geometry":{"type":"LineString","coordinates":[[85.3209932565766,27.704072111890508],[85.32098398009279,27.70408058349822]]}},{"type":"Feature","properties":{},"geometry":{"type":"LineString","coordinates":[[85.32088373057928,27.703845952654135],[85.32087228197027,27.703843698214218]]}},{"type":"Feature","properties":{},"geometry":{"type":"LineString","coordinates":[[85.3208863745504,27.70384626180689],[85.32087170388131,27.70384449807897]]}},{"type":"Feature","properties":{},"geometry":{"type":"LineString","coordinates":[[85.32089166868806,27.70384654173233],[85.32087225986413,27.703845340581385]]}},{"type":"Feature","properties":{},"geometry":{"type":"LineString","coordinates":[[85.32089653664518,27.70384650871961],[85.32087173857576,27.703846272004412]]}},{"type":"Feature","properties":{},"geometry":{"type":"LineString","coordinates":[[85.32116832548866,27.703767192346525],[85.32115432349609,27.70376758752769]]}},{"type":"Feature","properties":{},"geometry":{"type":"LineString","coordinates":[[85.32116488902892,27.70373949482591],[85.32114983182146,27.70374079058687]]}},{"type":"Feature","properties":{},"geometry":{"type":"LineString","coordinates":[[85.3211628851576,27.703726453088557],[85.32115425273628,27.703652652728646]]}},{"type":"Feature","properties":{},"geometry":{"type":"LineString","coordinates":[[85.32116332377205,27.703724761619664],[85.32115495021452,27.703653128706858]]}},{"type":"Feature","properties":{},"geometry":{"type":"LineString","coordinates":[[85.32116250045927,27.703722701950557],[85.32115484460923,27.703654529081543]]}},{"type":"Feature","properties":{},"geometry":{"type":"LineString","coordinates":[[85.32116222401471,27.70372141788376],[85.32115471988028,27.703655257729366]]}},{"type":"Feature","properties":{},"geometry":{"type":"LineString","coordinates":[[85.32127285354265,27.70380212770638],[85.32127293339859,27.70380731109957]]}},{"type":"Feature","properties":{},"geometry":{"type":"LineString","coordinates":[[85.32129485023137,27.703800480156158],[85.32129312432588,27.703781931741702]]}},{"type":"Feature","properties":{},"geometry":{"type":"LineString","coordinates":[[85.32129808734392,27.703800662014487],[85.3212950498138,27.703781547140537]]}},{"type":"Feature","properties":{},"geometry":{"type":"LineString","coordinates":[[85.32141551637785,27.70376967373558],[85.32142364803696,27.703773915030325]]}},{"type":"Feature","properties":{},"geometry":{"type":"LineString","coordinates":[[85.32141652939636,27.703767555105856],[85.32142649125613,27.703773595708444]]}},{"type":"Feature","properties":{},"geometry":{"type":"LineString","coordinates":[[85.32119270183163,27.70393672365214],[85.32118062868842,27.7039408850898]]}},{"type":"Feature","properties":{},"geometry":{"type":"LineString","coordinates":[[85.32119333065398,27.703939498487202],[85.32123236042524,27.703937321039074]]}},{"type":"Feature","properties":{},"geometry":{"type":"LineString","coordinates":[[85.32119351115695,27.70396254901769],[85.32118191688228,27.703963912952066]]}},{"type":"Feature","properties":{},"geometry":{"type":"LineString","coordinates":[[85.32122074380676,27.704078450418628],[85.32121066041883,27.704079684660506]]}},{"type":"Feature","properties":{},"geometry":{"type":"LineString","coordinates":[[85.32127683616595,27.70406686324639],[85.32128111234961,27.70407687109926]]}},{"type":"Feature","properties":{},"geometry":{"type":"LineString","coordinates":[[85.32130016625366,27.704060190239936],[85.32129876371508,27.704053440231164]]}},{"type":"Feature","properties":{},"geometry":{"type":"LineString","coordinates":[[85.32133400896373,27.70404742796893],[85.32133738389976,27.70405715502958]]}},{"type":"Feature","properties":{},"geometry":{"type":"LineString","coordinates":[[85.32138476332727,27.70403769483491],[85.32138428393564,27.704029529996916]]}},{"type":"Feature","properties":{},"geometry":{"type":"LineString","coordinates":[[85.32139024714473,27.70403638224117],[85.32139162133763,27.704046905454415]]}},{"type":"Feature","properties":{},"geometry":{"type":"LineString","coordinates":[[85.32147415668783,27.70403501789921],[85.321472758359,27.70404342802505]]}},{"type":"Feature","properties":{},"geometry":{"type":"LineString","coordinates":[[85.32150672855072,27.704031743092788],[85.32150654618731,27.70404054342266]]}},{"type":"Feature","properties":{},"geometry":{"type":"LineString","coordinates":[[85.3215272867944,27.704031457157193],[85.32152848194882,27.70404115688084]]}},{"type":"Feature","properties":{},"geometry":{"type":"LineString","coordinates":[[85.3215382383574,27.704030478008953],[85.32153958963853,27.70404170402751]]}},{"type":"Feature","properties":{},"geometry":{"type":"LineString","coordinates":[[85.32168896423073,27.704028233207147],[85.32169137085154,27.70404060561884]]}},{"type":"Feature","properties":{},"geometry":{"type":"LineString","coordinates":[[85.32171829602265,27.704024770147527],[85.32175364692038,27.704028815237788]]}},{"type":"Feature","properties":{},"geometry":{"type":"LineString","coordinates":[[85.32172204046601,27.704024005057224],[85.32177299208169,27.704025167914086]]}},{"type":"Feature","properties":{},"geometry":{"type":"LineString","coordinates":[[85.32172587550332,27.704023548833728],[85.32178414823439,27.704020825628486]]}},{"type":"Feature","properties":{},"geometry":{"type":"LineString","coordinates":[[85.32122691565012,27.70410287237346],[85.32122107371005,27.704106381026882]]}},{"type":"Feature","properties":{},"geometry":{"type":"LineString","coordinates":[[85.32123895673264,27.704158235319294],[85.3212556811243,27.704153361314173]]}},{"type":"Feature","properties":{},"geometry":{"type":"LineString","coordinates":[[85.3212511907244,27.70423577347395],[85.32124506944885,27.704237060280175]]}},{"type":"Feature","properties":{},"geometry":{"type":"LineString","coordinates":[[85.32135939708913,27.70430874159046],[85.32135864860344,27.70430152838418]]}},{"type":"Feature","properties":{},"geometry":{"type":"LineString","coordinates":[[85.3214060492329,27.70430255084399],[85.32139689777117,27.704252046161784]]}},{"type":"Feature","properties":{},"geometry":{"type":"LineString","coordinates":[[85.32140957312004,27.704301753304],[85.32139875799145,27.70424300805022]]}},{"type":"Feature","properties":{},"geometry":{"type":"LineString","coordinates":[[85.32151504659225,27.704289669140326],[85.32150124442445,27.70421141883244]]}},{"type":"Feature","properties":{},"geometry":{"type":"LineString","coordinates":[[85.32157604549255,27.704284346353777],[85.32159682196585,27.704234890488763]]}},{"type":"Feature","properties":{},"geometry":{"type":"LineString","coordinates":[[85.32157911151121,27.704284510788174],[85.32159779499428,27.70427182367996]]}},{"type":"Feature","properties":{},"geometry":{"type":"LineString","coordinates":[[85.32127074434763,27.704344831590415],[85.32126479395038,27.70434509066356]]}},{"type":"Feature","properties":{},"geometry":{"type":"LineString","coordinates":[[85.32126950263945,27.704335392137057],[85.3212634729291,27.704335532917188]]}},{"type":"Feature","properties":{},"geometry":{"type":"LineString","coordinates":[[85.32128045119968,27.704418603453163],[85.32129888644509,27.70441948587758]]}},{"type":"Feature","properties":{},"geometry":{"type":"LineString","coordinates":[[85.32128860316047,27.704483919450137],[85.3212774845794,27.70448520702769]]}},{"type":"Feature","properties":{},"geometry":{"type":"LineString","coordinates":[[85.32129272902174,27.70452911758869],[85.32128530598641,27.70453204027044]]}},{"type":"Feature","properties":{},"geometry":{"type":"LineString","coordinates":[[85.32136295302013,27.704513522971578],[85.3213622526112,27.704508932247297]]}},{"type":"Feature","properties":{},"geometry":{"type":"LineString","coordinates":[[85.3214551589254,27.70451268977385],[85.32145438331649,27.70451917238911]]}},{"type":"Feature","properties":{},"geometry":{"type":"LineString","coordinates":[[85.32145771721355,27.70451422534109],[85.32145655842257,27.70451944064677]]}},{"type":"Feature","properties":{},"geometry":{"type":"LineString","coordinates":[[85.32154400261564,27.70450639775747],[85.32153322764647,27.704453039400157]]}},{"type":"Feature","properties":{},"geometry":{"type":"LineString","coordinates":[[85.32158354460171,27.70449991947314],[85.32157808271072,27.70448721036971]]}},{"type":"Feature","properties":{},"geometry":{"type":"LineString","coordinates":[[85.32161643441759,27.704492112299377],[85.32161736781156,27.704496454939523]]}},{"type":"Feature","properties":{},"geometry":{"type":"LineString","coordinates":[[85.32167056463291,27.704480665446606],[85.32167399408888,27.704489019484356]]}},{"type":"Feature","properties":{},"geometry":{"type":"LineString","coordinates":[[85.3216806735112,27.7044318528128],[85.32167892590495,27.704422933413355]]}},{"type":"Feature","properties":{},"geometry":{"type":"LineString","coordinates":[[85.32174639579488,27.704425547486597],[85.32175262178495,27.704422520914658]]}},{"type":"Feature","properties":{},"geometry":{"type":"LineString","coordinates":[[85.32171583300217,27.704315103213567],[85.32172054017639,27.70430119427001]]}},{"type":"Feature","properties":{},"geometry":{"type":"LineString","coordinates":[[85.32177546153432,27.70450460828913],[85.32176955029918,27.70450588593157]]}},{"type":"Feature","properties":{},"geometry":{"type":"LineString","coordinates":[[85.32178912393609,27.704535751144885],[85.32179838805779,27.704569366003888]]}},{"type":"Feature","properties":{},"geometry":{"type":"LineString","coordinates":[[85.3217899657825,27.704538323682023],[85.3218020216715,27.70454986991235]]}},{"type":"Feature","properties":{},"geometry":{"type":"LineString","coordinates":[[85.32156871007885,27.704558542345204],[85.32158181148623,27.70455590781724]]}},{"type":"Feature","properties":{},"geometry":{"type":"LineString","coordinates":[[85.32158031762914,27.704597192058927],[85.32156981962024,27.70459973991936]]}},{"type":"Feature","properties":{},"geometry":{"type":"LineString","coordinates":[[85.32158747392094,27.704610835084356],[85.32158360951678,27.704653356856394]]}},{"type":"Feature","properties":{},"geometry":{"type":"LineString","coordinates":[[85.32160027936212,27.704606668051685],[85.32160176733767,27.704612740378302]]}},{"type":"Feature","properties":{},"geometry":{"type":"LineString","coordinates":[[85.32164214756041,27.704597080703376],[85.32166956687337,27.704595546680455]]}},{"type":"Feature","properties":{},"geometry":{"type":"LineString","coordinates":[[85.32130973888114,27.704626224010504],[85.32129992037538,27.704627706059657]]}},{"type":"Feature","properties":{},"geometry":{"type":"LineString","coordinates":[[85.3213119695733,27.704653994451093],[85.32133386149559,27.704652908819085]]}},{"type":"Feature","properties":{},"geometry":{"type":"LineString","coordinates":[[85.32136068051514,27.704698670964255],[85.32139311846228,27.704695810641503]]}},{"type":"Feature","properties":{},"geometry":{"type":"LineString","coordinates":[[85.32136183836269,27.70469875089096],[85.32139323877817,27.704696628905445]]}},{"type":"Feature","properties":{},"geometry":{"type":"LineString","coordinates":[[85.32136297695503,27.70469876379568],[85.32139314603131,27.704697984308773]]}},{"type":"Feature","properties":{},"geometry":{"type":"LineString","coordinates":[[85.32125479373228,27.70470997198861],[85.32125422947647,27.704722850807364]]}},{"type":"Feature","properties":{},"geometry":{"type":"LineString","coordinates":[[85.3211854131342,27.70471067392087],[85.32118231263952,27.70468646521104]]}},{"type":"Feature","properties":{},"geometry":{"type":"LineString","coordinates":[[85.32115322460503,27.704708370138878],[85.32115472890187,27.704718541132646]]}},{"type":"Feature","properties":{},"geometry":{"type":"LineString","coordinates":[[85.32113411781314,27.704705447013364],[85.32109928022713,27.70472237234236]]}},{"type":"Feature","properties":{},"geometry":{"type":"LineString","coordinates":[[85.32109953218502,27.704634186644274],[85.32109634309623,27.704627356300445]]}},{"type":"Feature","properties":{},"geometry":{"type":"LineString","coordinates":[[85.32107394072571,27.704639991011],[85.32107231640329,27.70463110288491]]}},{"type":"Feature","properties":{},"geometry":{"type":"LineString","coordinates":[[85.3210183609048,27.70464861492756],[85.32101777235287,27.704658111606957]]}},{"type":"Feature","properties":{},"geometry":{"type":"LineString","coordinates":[[85.32101600082285,27.704648969884325],[85.32101677216143,27.70465879533914]]}},{"type":"Feature","properties":{},"geometry":{"type":"LineString","coordinates":[[85.32096697728971,27.704626706018182],[85.32096213018899,27.704606433787138]]}},{"type":"Feature","properties":{},"geometry":{"type":"LineString","coordinates":[[85.32095001831243,27.704627821642692],[85.32094667263166,27.70461088718991]]}},{"type":"Feature","properties":{},"geometry":{"type":"LineString","coordinates":[[85.32092657626795,27.704627293611203],[85.32092786348092,27.70464349459644]]}},{"type":"Feature","properties":{},"geometry":{"type":"LineString","coordinates":[[85.32086877533287,27.704635739800622],[85.32087329932764,27.70465426439465]]}},{"type":"Feature","properties":{},"geometry":{"type":"LineString","coordinates":[[85.32085228358649,27.704636209441873],[85.32084901356956,27.70461817570055]]}},{"type":"Feature","properties":{},"geometry":{"type":"LineString","coordinates":[[85.32096665212339,27.704450254171146],[85.32096062038227,27.704485296398968]]}},{"type":"Feature","properties":{},"geometry":{"type":"LineString","coordinates":[[85.32081366327694,27.70464050370073],[85.32081342339788,27.70465020858387]]}},{"type":"Feature","properties":{},"geometry":{"type":"LineString","coordinates":[[85.32080567273388,27.70464201059636],[85.32075871698683,27.704564052114744]]}},{"type":"Feature","properties":{},"geometry":{"type":"LineString","coordinates":[[85.32080122865143,27.70464276988146],[85.32078265102581,27.704637872939575]]}},{"type":"Feature","properties":{},"geometry":{"type":"LineString","coordinates":[[85.32086048116716,27.704727535600714],[85.32087301027288,27.704747973222457]]}},{"type":"Feature","properties":{},"geometry":{"type":"LineString","coordinates":[[85.32086106775779,27.7047298893378],[85.3208731114973,27.704749441991364]]}},{"type":"Feature","properties":{},"geometry":{"type":"LineString","coordinates":[[85.32137919366991,27.70484040037809],[85.32134323879447,27.70484817032188]]}},{"type":"Feature","properties":{},"geometry":{"type":"LineString","coordinates":[[85.32142183640883,27.704843684688665],[85.3214186595259,27.704829298376946]]}},{"type":"Feature","properties":{},"geometry":{"type":"LineString","coordinates":[[85.32145754606013,27.70484305721453],[85.32145654253237,27.704832233436314]]}},{"type":"Feature","properties":{},"geometry":{"type":"LineString","coordinates":[[85.32153609616614,27.704837037512753],[85.32153585185073,27.70482649911997]]}},{"type":"Feature","properties":{},"geometry":{"type":"LineString","coordinates":[[85.32163093950867,27.704832057394043],[85.32162959940574,27.704811686004106]]}},{"type":"Feature","properties":{},"geometry":{"type":"LineString","coordinates":[[85.32164013460515,27.704832482065356],[85.32166126102985,27.70481754383583]]}},{"type":"Feature","properties":{},"geometry":{"type":"LineString","coordinates":[[85.3216464715573,27.704869247432416],[85.32169159824555,27.704864019170202]]}},{"type":"Feature","properties":{},"geometry":{"type":"LineString","coordinates":[[85.32173716536923,27.70498200653079],[85.32173679093069,27.704975397152392]]}},{"type":"Feature","properties":{},"geometry":{"type":"LineString","coordinates":[[85.32174015412589,27.70498178734561],[85.32173763291897,27.704975243999638]]}},{"type":"Feature","properties":{},"geometry":{"type":"LineString","coordinates":[[85.32175738352295,27.704981757058082],[85.32175767672915,27.70499095756653]]}},{"type":"Feature","properties":{},"geometry":{"type":"LineString","coordinates":[[85.32177946754412,27.704977400148625],[85.321779169494,27.7049864057591]]}},{"type":"Feature","properties":{},"geometry":{"type":"LineString","coordinates":[[85.32179123863652,27.704974693516178],[85.32178987860075,27.70496410368975]]}},{"type":"Feature","properties":{},"geometry":{"type":"LineString","coordinates":[[85.32181997388163,27.70496927731984],[85.32183574256818,27.70497457780724]]}},{"type":"Feature","properties":{},"geometry":{"type":"LineString","coordinates":[[85.32181953551454,27.704967374851567],[85.32189786867683,27.704955326010115]]}},{"type":"Feature","properties":{},"geometry":{"type":"LineString","coordinates":[[85.32181965105697,27.704965324763027],[85.32197102593375,27.704947260498386]]}},{"type":"Feature","properties":{},"geometry":{"type":"LineString","coordinates":[[85.3218117286349,27.70489558999527],[85.32182491671114,27.704893059386578]]}},{"type":"Feature","properties":{},"geometry":{"type":"LineString","coordinates":[[85.32181782660325,27.704782523338203],[85.32183053276835,27.704784910280107]]}},{"type":"Feature","properties":{},"geometry":{"type":"LineString","coordinates":[[85.32182085120064,27.704752596348023],[85.32185967929183,27.704747249249387]]}},{"type":"Feature","properties":{},"geometry":{"type":"LineString","coordinates":[[85.32181670574518,27.70472403643609],[85.32182255972242,27.704722525240744]]}},{"type":"Feature","properties":{},"geometry":{"type":"LineString","coordinates":[[85.32187094055804,27.704640028701917],[85.32186900089557,27.704632061871003]]}},{"type":"Feature","properties":{},"geometry":{"type":"LineString","coordinates":[[85.32189658274844,27.704646280122315],[85.32190336167696,27.70464509151501]]}},{"type":"Feature","properties":{},"geometry":{"type":"LineString","coordinates":[[85.32190627767392,27.704661620009528],[85.3219047073832,27.704670334921225]]}},{"type":"Feature","properties":{},"geometry":{"type":"LineString","coordinates":[[85.32190719929251,27.70466315468142],[85.32190563155174,27.704671172857708]]}},{"type":"Feature","properties":{},"geometry":{"type":"LineString","coordinates":[[85.32198561006936,27.704636145200542],[85.3219898200003,27.704643264982312]]}},{"type":"Feature","properties":{},"geometry":{"type":"LineString","coordinates":[[85.32200291726555,27.70463023211936],[85.32200033395166,27.704623041801085]]}},{"type":"Feature","properties":{},"geometry":{"type":"LineString","coordinates":[[85.32201931290761,27.70462292167392],[85.32202454177747,27.70463031915495]]}},{"type":"Feature","properties":{},"geometry":{"type":"LineString","coordinates":[[85.32204358468498,27.704612500851237],[85.32204099384529,27.70460566965613]]}},{"type":"Feature","properties":{},"geometry":{"type":"LineString","coordinates":[[85.32167531753116,27.705076890549435],[85.32169890845984,27.70507452218402]]}},{"type":"Feature","properties":{},"geometry":{"type":"LineString","coordinates":[[85.32167961072017,27.705109842242997],[85.32170095489813,27.70510751342536]]}},{"type":"Feature","properties":{},"geometry":{"type":"LineString","coordinates":[[85.32168146364313,27.7051444782862],[85.3216735767141,27.70514603793252]]}},{"type":"Feature","properties":{},"geometry":{"type":"LineString","coordinates":[[85.32168110723904,27.705179822215605],[85.32171200790422,27.705177167015457]]}},{"type":"Feature","properties":{},"geometry":{"type":"LineString","coordinates":[[85.32168787567565,27.705217285065153],[85.32171043080112,27.70521541137165]]}},{"type":"Feature","properties":{},"geometry":{"type":"LineString","coordinates":[[85.32169340953516,27.705286580216566],[85.32171802241001,27.705285952617228]]}},{"type":"Feature","properties":{},"geometry":{"type":"LineString","coordinates":[[85.32170196803523,27.705392270239],[85.32171980919829,27.70538997295728]]}},{"type":"Feature","properties":{},"geometry":{"type":"LineString","coordinates":[[85.32170209097927,27.705396825981325],[85.32171961179074,27.705390216056614]]}},{"type":"Feature","properties":{},"geometry":{"type":"LineString","coordinates":[[85.32190719740039,27.705409534859324],[85.32190995744367,27.705407033064542]]}},{"type":"Feature","properties":{},"geometry":{"type":"LineString","coordinates":[[85.32191075296966,27.70540965106931],[85.32191196007926,27.70540724146176]]}},{"type":"Feature","properties":{},"geometry":{"type":"LineString","coordinates":[[85.32116148949063,27.70559958912476],[85.3211598825401,27.705591221077764]]}},{"type":"Feature","properties":{},"geometry":{"type":"LineString","coordinates":[[85.3211580032943,27.705601233702858],[85.32115627560628,27.705592141251554]]}},{"type":"Feature","properties":{},"geometry":{"type":"LineString","coordinates":[[85.32106221672187,27.705601874322685],[85.32105886960181,27.705581653683254]]}},{"type":"Feature","properties":{},"geometry":{"type":"LineString","coordinates":[[85.32094723895224,27.705608471755887],[85.32094530467326,27.705596382146684]]}},{"type":"Feature","properties":{},"geometry":{"type":"LineString","coordinates":[[85.32094449550752,27.70560849714376],[85.32094188723492,27.705597642165827]]}},{"type":"Feature","properties":{},"geometry":{"type":"LineString","coordinates":[[85.32090247113604,27.705612956808245],[85.32090204750446,27.705603404530795]]}},{"type":"Feature","properties":{},"geometry":{"type":"LineString","coordinates":[[85.32082355289403,27.7056240394642],[85.32082072358328,27.705613050933753]]}},{"type":"Feature","properties":{},"geometry":{"type":"LineString","coordinates":[[85.32081919216269,27.70562412104454],[85.32081986990536,27.705612443994625]]}},{"type":"Feature","properties":{},"geometry":{"type":"LineString","coordinates":[[85.32074777189675,27.705630173563403],[85.32074612942013,27.705624127334147]]}},{"type":"Feature","properties":{},"geometry":{"type":"LineString","coordinates":[[85.32074166284086,27.705630524551804],[85.32074237739297,27.705624589048213]]}},{"type":"Feature","properties":{},"geometry":{"type":"LineString","coordinates":[[85.32060827486339,27.70564160784746],[85.32060822022366,27.70563478032213]]}},{"type":"Feature","properties":{},"geometry":{"type":"LineString","coordinates":[[85.32057964050597,27.705643533957794],[85.32057835957849,27.705638247544826]]}},{"type":"Feature","properties":{},"geometry":{"type":"LineString","coordinates":[[85.32055049555582,27.705644169543493],[85.32054937437665,27.705638119708997]]}},{"type":"Feature","properties":{},"geometry":{"type":"LineString","coordinates":[[85.32029205844216,27.705653346288496],[85.32028850786233,27.705627484055558]]}},{"type":"Feature","properties":{},"geometry":{"type":"LineString","coordinates":[[85.32024174541863,27.70565837666542],[85.32024006607965,27.705633621999965]]}},{"type":"Feature","properties":{},"geometry":{"type":"LineString","coordinates":[[85.32019642168473,27.70566135019654],[85.32019397350423,27.705634688145494]]}},{"type":"Feature","properties":{},"geometry":{"type":"LineString","coordinates":[[85.32010759452179,27.705665043082956],[85.3201058004377,27.705640697682963]]}},{"type":"Feature","properties":{},"geometry":{"type":"LineString","coordinates":[[85.32010530546542,27.70566512902389],[85.32010456332868,27.705640760288446]]}},{"type":"Feature","properties":{},"geometry":{"type":"LineString","coordinates":[[85.320016710045,27.705668588197],[85.32001633347883,27.70565213020527]]}},{"type":"Feature","properties":{},"geometry":{"type":"LineString","coordinates":[[85.32001553368558,27.705668855514446],[85.32001289538289,27.705651693163038]]}},{"type":"Feature","properties":{},"geometry":{"type":"LineString","coordinates":[[85.32001330542973,27.705669076671196],[85.32001224715388,27.7056515102017]]}},{"type":"Feature","properties":{},"geometry":{"type":"LineString","coordinates":[[85.3198785853464,27.70568568833676],[85.31987561887713,27.7056641338197]]}},{"type":"Feature","properties":{},"geometry":{"type":"LineString","coordinates":[[85.3198540674569,27.705687920583273],[85.31985350365284,27.70566720481306]]}},{"type":"Feature","properties":{},"geometry":{"type":"LineString","coordinates":[[85.31982579770613,27.705690073891162],[85.31982470210441,27.705671967245436]]}},{"type":"Feature","properties":{},"geometry":{"type":"LineString","coordinates":[[85.31979758030675,27.70569271520371],[85.31979428239043,27.70567002667422]]}},{"type":"Feature","properties":{},"geometry":{"type":"LineString","coordinates":[[85.31968316122703,27.705699970000182],[85.31967888815852,27.705679706506412]]}},{"type":"Feature","properties":{},"geometry":{"type":"LineString","coordinates":[[85.31960030210249,27.705706556365044],[85.3195969158713,27.705688971562047]]}},{"type":"Feature","properties":{},"geometry":{"type":"LineString","coordinates":[[85.31955903086207,27.70571037041488],[85.319557783867,27.705691293498415]]}},{"type":"Feature","properties":{},"geometry":{"type":"LineString","coordinates":[[85.31950774168776,27.705713651270734],[85.31950870933777,27.705682736366956]]}},{"type":"Feature","properties":{},"geometry":{"type":"LineString","coordinates":[[85.31950562810277,27.705713337698878],[85.31950801685565,27.705683125080395]]}},{"type":"Feature","properties":{},"geometry":{"type":"LineString","coordinates":[[85.31941669528406,27.705720612867875],[85.31941050408646,27.7057052828636]]}},{"type":"Feature","properties":{},"geometry":{"type":"LineString","coordinates":[[85.31941475169378,27.705723896200332],[85.31940817905837,27.70570559850552]]}},{"type":"Feature","properties":{},"geometry":{"type":"LineString","coordinates":[[85.3194100652127,27.70572419129479],[85.31940488837768,27.705705997190723]]}},{"type":"Feature","properties":{},"geometry":{"type":"LineString","coordinates":[[85.31940621969508,27.70572446681527],[85.31940290813728,27.705704790812913]]}},{"type":"Feature","properties":{},"geometry":{"type":"LineString","coordinates":[[85.31938174996772,27.705723820439612],[85.3193799001222,27.70570801966652]]}},{"type":"Feature","properties":{},"geometry":{"type":"LineString","coordinates":[[85.31931708122839,27.70573066900306],[85.3193151155466,27.7057164056643]]}},{"type":"Feature","properties":{},"geometry":{"type":"LineString","coordinates":[[85.31924528012073,27.70573628740739],[85.31924201705066,27.70571265613078]]}},{"type":"Feature","properties":{},"geometry":{"type":"LineString","coordinates":[[85.31913374556106,27.705684232553622],[85.31915882530006,27.705680674196962]]}},{"type":"Feature","properties":{},"geometry":{"type":"LineString","coordinates":[[85.31912854530711,27.705648186695004],[85.31915011291979,27.705644191279035]]}},{"type":"Feature","properties":{},"geometry":{"type":"LineString","coordinates":[[85.31911658151269,27.705624492182338],[85.31910757719903,27.705628090501456]]}},{"type":"Feature","properties":{},"geometry":{"type":"LineString","coordinates":[[85.31911060955495,27.705609615198757],[85.31910105782555,27.705613797135342]]}},{"type":"Feature","properties":{},"geometry":{"type":"LineString","coordinates":[[85.31911077259265,27.705610026934515],[85.31913871837921,27.7056021485983]]}},{"type":"Feature","properties":{},"geometry":{"type":"LineString","coordinates":[[85.31909949457732,27.70558161862632],[85.31913019172215,27.705575381136704]]}},{"type":"Feature","properties":{},"geometry":{"type":"LineString","coordinates":[[85.31909943476091,27.70557963320085],[85.31912792677217,27.705571777745313]]}},{"type":"Feature","properties":{},"geometry":{"type":"LineString","coordinates":[[85.31908317588127,27.70554684391895],[85.31911306865086,27.705536121840925]]}},{"type":"Feature","properties":{},"geometry":{"type":"LineString","coordinates":[[85.31908200143235,27.70554453899496],[85.31911259096165,27.70553500139572]]}},{"type":"Feature","properties":{},"geometry":{"type":"LineString","coordinates":[[85.31908069843739,27.705541689177185],[85.31911249451211,27.70553467801552]]}},{"type":"Feature","properties":{},"geometry":{"type":"LineString","coordinates":[[85.31907219273279,27.70552175875429],[85.31910524967218,27.705510621120734]]}},{"type":"Feature","properties":{},"geometry":{"type":"LineString","coordinates":[[85.31906910159596,27.705511985451498],[85.31905190549848,27.705516387739493]]}},{"type":"Feature","properties":{},"geometry":{"type":"LineString","coordinates":[[85.31904583863266,27.705462654986995],[85.31903002421774,27.705467685074865]]}},{"type":"Feature","properties":{},"geometry":{"type":"LineString","coordinates":[[85.31903917916605,27.705453796855334],[85.31907137169704,27.705443148742766]]}},{"type":"Feature","properties":{},"geometry":{"type":"LineString","coordinates":[[85.31903684454691,27.705447329739993],[85.31902501224687,27.705450185213365]]}},{"type":"Feature","properties":{},"geometry":{"type":"LineString","coordinates":[[85.31902983710356,27.705427633217607],[85.31906161400111,27.705419820372676]]}},{"type":"Feature","properties":{},"geometry":{"type":"LineString","coordinates":[[85.31901199824071,27.70539458646907],[85.31904162725756,27.70538413286861]]}},{"type":"Feature","properties":{},"geometry":{"type":"LineString","coordinates":[[85.31900422272224,27.70539092608449],[85.31898494239013,27.7053772927448]]}},{"type":"Feature","properties":{},"geometry":{"type":"LineString","coordinates":[[85.31899601991806,27.70537267085128],[85.31898511144807,27.705376451819674]]}},{"type":"Feature","properties":{},"geometry":{"type":"LineString","coordinates":[[85.31899104477188,27.705361963998516],[85.31902495035531,27.705350633615623]]}},{"type":"Feature","properties":{},"geometry":{"type":"LineString","coordinates":[[85.31896872729625,27.705316383350524],[85.31900623853952,27.705309771948524]]}},{"type":"Feature","properties":{},"geometry":{"type":"LineString","coordinates":[[85.31896797833832,27.705314172042378],[85.31900640433419,27.70530894542448]]}},{"type":"Feature","properties":{},"geometry":{"type":"LineString","coordinates":[[85.31896691561235,27.70531205439881],[85.3190066905606,27.705307936243525]]}},{"type":"Feature","properties":{},"geometry":{"type":"LineString","coordinates":[[85.31896213882621,27.70528020690674],[85.31895156796048,27.705281744632696]]}},{"type":"Feature","properties":{},"geometry":{"type":"LineString","coordinates":[[85.3189565361399,27.705218160116612],[85.31894533985879,27.705219019655328]]}},{"type":"Feature","properties":{},"geometry":{"type":"LineString","coordinates":[[85.31895693959294,27.705195481322367],[85.31894442584895,27.70519615518294]]}},{"type":"Feature","properties":{},"geometry":{"type":"LineString","coordinates":[[85.31895653060829,27.705193120709996],[85.31894463350493,27.7051946486475]]}},{"type":"Feature","properties":{},"geometry":{"type":"LineString","coordinates":[[85.31895595485454,27.7051853662613],[85.31894411725341,27.705184865094964]]}},{"type":"Feature","properties":{},"geometry":{"type":"LineString","coordinates":[[85.31895782030895,27.705135122506814],[85.31899397121369,27.705134359331293]]}},{"type":"Feature","properties":{},"geometry":{"type":"LineString","coordinates":[[85.31890774404192,27.705341941141587],[85.31890252154959,27.705332882941526]]}},{"type":"Feature","properties":{},"geometry":{"type":"LineString","coordinates":[[85.31889429789578,27.705344100095022],[85.31889533186637,27.705351003592252]]}},{"type":"Feature","properties":{},"geometry":{"type":"LineString","coordinates":[[85.31889073463425,27.705344089312117],[85.31889180499351,27.70535100047167]]}},{"type":"Feature","properties":{},"geometry":{"type":"LineString","coordinates":[[85.31884293638356,27.705356871908748],[85.31883994299316,27.70534641295092]]}},{"type":"Feature","properties":{},"geometry":{"type":"LineString","coordinates":[[85.31879423118811,27.705368222865687],[85.31879623379471,27.705372797825728]]}},{"type":"Feature","properties":{},"geometry":{"type":"LineString","coordinates":[[85.31877935044776,27.70537280847903],[85.31877712056738,27.705368241588957]]}},{"type":"Feature","properties":{},"geometry":{"type":"LineString","coordinates":[[85.32012108112934,27.705796664451142],[85.32015973653547,27.70579593227454]]}},{"type":"Feature","properties":{},"geometry":{"type":"LineString","coordinates":[[85.32012896754522,27.70621710942258],[85.3201400993289,27.706218811337614]]}},{"type":"Feature","properties":{},"geometry":{"type":"LineString","coordinates":[[85.31996179638877,27.705900353593062],[85.31996988207482,27.70590085065495]]}},{"type":"Feature","properties":{},"geometry":{"type":"LineString","coordinates":[[85.31996348162214,27.706155305491055],[85.3199714272546,27.706154950654934]]}},{"type":"Feature","properties":{},"geometry":{"type":"LineString","coordinates":[[85.31997064193878,27.70630395874684],[85.31998091839641,27.70632825998218]]}},{"type":"Feature","properties":{},"geometry":{"type":"LineString","coordinates":[[85.31997044610485,27.706306746140715],[85.31997908258387,27.70632887760613]]}},{"type":"Feature","properties":{},"geometry":{"type":"LineString","coordinates":[[85.31978404176284,27.70581016168574],[85.31978178957918,27.705819885458748]]}},{"type":"Feature","properties":{},"geometry":{"type":"LineString","coordinates":[[85.31978129381649,27.705810017316992],[85.31978039686962,27.705819910973208]]}},{"type":"Feature","properties":{},"geometry":{"type":"LineString","coordinates":[[85.31977956897356,27.705809879049188],[85.31977834608972,27.705820461904636]]}},{"type":"Feature","properties":{},"geometry":{"type":"LineString","coordinates":[[85.31953165621813,27.705831315036114],[85.31953188511265,27.705860248936045]]}},{"type":"Feature","properties":{},"geometry":{"type":"LineString","coordinates":[[85.31952817414106,27.705831630171396],[85.31952926716983,27.705860819152104]]}},{"type":"Feature","properties":{},"geometry":{"type":"LineString","coordinates":[[85.31933129620708,27.70602297866145],[85.31933768441239,27.70602267715539]]}},{"type":"Feature","properties":{},"geometry":{"type":"LineString","coordinates":[[85.319331385897,27.70602619100984],[85.31933776026605,27.7060254028634]]}},{"type":"Feature","properties":{},"geometry":{"type":"LineString","coordinates":[[85.31933486361535,27.706059637372814],[85.31935947411887,27.706057587757737]]}},{"type":"Feature","properties":{},"geometry":{"type":"LineString","coordinates":[[85.3193399221029,27.706197825364015],[85.31928731530512,27.706198533218906]]}},{"type":"Feature","properties":{},"geometry":{"type":"LineString","coordinates":[[85.31933964261889,27.706201768805105],[85.31928720411697,27.706200825238692]]}},{"type":"Feature","properties":{},"geometry":{"type":"LineString","coordinates":[[85.31934023262245,27.7062488202862],[85.31930975175779,27.706278381332886]]}},{"type":"Feature","properties":{},"geometry":{"type":"LineString","coordinates":[[85.31804516120009,27.70583587494112],[85.31804544364682,27.70581726336406]]}},{"type":"Feature","properties":{},"geometry":{"type":"LineString","coordinates":[[85.31804811850452,27.705835261944543],[85.3180475099915,27.705817020415886]]}},{"type":"Feature","properties":{},"geometry":{"type":"LineString","coordinates":[[85.31804075603577,27.70583601004635],[85.31804212260748,27.705814087565937]]}},{"type":"Feature","properties":{},"geometry":{"type":"LineString","coordinates":[[85.31788401325468,27.705848570486438],[85.3178842696783,27.705832251963397]]}},{"type":"Feature","properties":{},"geometry":{"type":"LineString","coordinates":[[85.31788056561334,27.70584822714006],[85.31788312346684,27.70583227233129]]}},{"type":"Feature","properties":{},"geometry":{"type":"LineString","coordinates":[[85.31782395239205,27.705854620532985],[85.31782110686602,27.705836379798125]]}},{"type":"Feature","properties":{},"geometry":{"type":"LineString","coordinates":[[85.31776241411053,27.705860202227825],[85.31776210293854,27.7058459815445]]}},{"type":"Feature","properties":{},"geometry":{"type":"LineString","coordinates":[[85.31768644727575,27.705865476766462],[85.31768604798147,27.70585052304766]]}},{"type":"Feature","properties":{},"geometry":{"type":"LineString","coordinates":[[85.31765005676664,27.705867102221358],[85.31765114881325,27.705851312819703]]}},{"type":"Feature","properties":{},"geometry":{"type":"LineString","coordinates":[[85.31754861161008,27.70587652740473],[85.31754132547206,27.70586179233253]]}},{"type":"Feature","properties":{},"geometry":{"type":"LineString","coordinates":[[85.3174682145119,27.705884034123336],[85.31746775671783,27.705866352200573]]}},{"type":"Feature","properties":{},"geometry":{"type":"LineString","coordinates":[[85.3174373186689,27.705887349087238],[85.3174379972313,27.705869364183794]]}},{"type":"Feature","properties":{},"geometry":{"type":"LineString","coordinates":[[85.3173617944037,27.705895368954742],[85.31735754639689,27.705880174404605]]}},{"type":"Feature","properties":{},"geometry":{"type":"LineString","coordinates":[[85.3172633746347,27.705903707033997],[85.31726216758473,27.70589586367918]]}},{"type":"Feature","properties":{},"geometry":{"type":"LineString","coordinates":[[85.31712885377387,27.705847767287654],[85.31715235036324,27.70584145172755]]}},{"type":"Feature","properties":{},"geometry":{"type":"LineString","coordinates":[[85.3171059091735,27.705777549171103],[85.3171279338304,27.705755607094734]]}},{"type":"Feature","properties":{},"geometry":{"type":"LineString","coordinates":[[85.31708264367873,27.70570650312547],[85.31710729337038,27.705698989472427]]}},{"type":"Feature","properties":{},"geometry":{"type":"LineString","coordinates":[[85.32234938608838,27.703228741292563],[85.32235165810226,27.703248988595202]]}},{"type":"Feature","properties":{},"geometry":{"type":"LineString","coordinates":[[85.32126419371994,27.703466274300286],[85.32126627979223,27.703477126552087]]}},{"type":"Feature","properties":{},"geometry":{"type":"LineString","coordinates":[[85.32127133953557,27.70346602159944],[85.32127083796766,27.703476793733543]]}},{"type":"Feature","properties":{},"geometry":{"type":"LineString","coordinates":[[85.32134157210457,27.703468370611017],[85.32134155340177,27.703459589504018]]}},{"type":"Feature","properties":{},"geometry":{"type":"LineString","coordinates":[[85.32136401754734,27.703469067891277],[85.32138225292019,27.703460341165044]]}},{"type":"Feature","properties":{},"geometry":{"type":"LineString","coordinates":[[85.32138170187741,27.703566295311777],[85.32139689064351,27.70356322671247]]}},{"type":"Feature","properties":{},"geometry":{"type":"LineString","coordinates":[[85.32138322099057,27.70357596286319],[85.32139690658165,27.70357576599186]]}},{"type":"Feature","properties":{},"geometry":{"type":"LineString","coordinates":[[85.32138451691897,27.703585504059276],[85.32137175800051,27.703589752869465]]}},{"type":"Feature","properties":{},"geometry":{"type":"LineString","coordinates":[[85.32139373582191,27.703628883953712],[85.32131724277741,27.703638434040897]]}},{"type":"Feature","properties":{},"geometry":{"type":"LineString","coordinates":[[85.32139445107768,27.703632173385426],[85.32140710234815,27.703634029901256]]}},{"type":"Feature","properties":{},"geometry":{"type":"LineString","coordinates":[[85.32139527169747,27.703637191569833],[85.3214076773847,27.703636807693552]]}},{"type":"Feature","properties":{},"geometry":{"type":"LineString","coordinates":[[85.32139615028997,27.703641403580168],[85.32140776661011,27.703637205896193]]}},{"type":"Feature","properties":{},"geometry":{"type":"LineString","coordinates":[[85.32162162988222,27.702788003913252],[85.32162277211737,27.7027973185108]]}},{"type":"Feature","properties":{},"geometry":{"type":"LineString","coordinates":[[85.32168008687958,27.70277935954716],[85.3216820876034,27.702798441087882]]}},{"type":"Feature","properties":{},"geometry":{"type":"LineString","coordinates":[[85.32175109481614,27.702772892630637],[85.32175491661152,27.70278860537804]]}},{"type":"Feature","properties":{},"geometry":{"type":"LineString","coordinates":[[85.32184271858831,27.702766800147433],[85.32183981812501,27.70273487979666]]}},{"type":"Feature","properties":{},"geometry":{"type":"LineString","coordinates":[[85.32184440193366,27.70276712922508],[85.32184008358115,27.702734960633748]]}},{"type":"Feature","properties":{},"geometry":{"type":"LineString","coordinates":[[85.32184582479616,27.70276691993444],[85.32184063422471,27.70273476062564]]}},{"type":"Feature","properties":{},"geometry":{"type":"LineString","coordinates":[[85.32041002084024,27.70310729180003],[85.32041657434385,27.703105720555538]]}},{"type":"Feature","properties":{},"geometry":{"type":"LineString","coordinates":[[85.31857367744107,27.706442865337138],[85.31854984138467,27.706446912525298]]}},{"type":"Feature","properties":{},"geometry":{"type":"LineString","coordinates":[[85.31857715070268,27.706677155205135],[85.3184925643724,27.70668066387813]]}},{"type":"Feature","properties":{},"geometry":{"type":"LineString","coordinates":[[85.31858366503212,27.70675982270437],[85.31858702266676,27.706788521128658]]}},{"type":"Feature","properties":{},"geometry":{"type":"LineString","coordinates":[[85.31858408482051,27.706762470458123],[85.31858920475469,27.70678833643933]]}},{"type":"Feature","properties":{},"geometry":{"type":"LineString","coordinates":[[85.31857301114457,27.703822408463022],[85.31857554030884,27.70383721476854]]}},{"type":"Feature","properties":{},"geometry":{"type":"LineString","coordinates":[[85.3185426834871,27.70382329552622],[85.31854502179505,27.703840099556388]]}},{"type":"Feature","properties":{},"geometry":{"type":"LineString","coordinates":[[85.31847796971778,27.703831300250567],[85.31847777473602,27.703825433136597]]}},{"type":"Feature","properties":{},"geometry":{"type":"LineString","coordinates":[[85.31836638116003,27.70383991604717],[85.31836651762148,27.70385568247962]]}},{"type":"Feature","properties":{},"geometry":{"type":"LineString","coordinates":[[85.3183141335261,27.703842603604908],[85.31831618371397,27.70385848805321]]}},{"type":"Feature","properties":{},"geometry":{"type":"LineString","coordinates":[[85.31822110022073,27.704002360345683],[85.31822978104009,27.704025931107203]]}},{"type":"Feature","properties":{},"geometry":{"type":"LineString","coordinates":[[85.3182213734706,27.70400477617129],[85.31822998353226,27.70402740652262]]}},{"type":"Feature","properties":{},"geometry":{"type":"LineString","coordinates":[[85.31822166583432,27.704008524387262],[85.31821131971651,27.70404474061409]]}},{"type":"Feature","properties":{},"geometry":{"type":"LineString","coordinates":[[85.31813514634203,27.70386045387423],[85.31813652191603,27.70387721372066]]}},{"type":"Feature","properties":{},"geometry":{"type":"LineString","coordinates":[[85.31808240828866,27.703770885241738],[85.3180717932685,27.70377107937987]]}},{"type":"Feature","properties":{},"geometry":{"type":"LineString","coordinates":[[85.31807491374752,27.703708981504377],[85.31806234200309,27.70371113385895]]}},{"type":"Feature","properties":{},"geometry":{"type":"LineString","coordinates":[[85.31805661274706,27.704062322564397],[85.31805878968709,27.70406875077442]]}},{"type":"Feature","properties":{},"geometry":{"type":"LineString","coordinates":[[85.31805293068196,27.70406358110265],[85.31805342114923,27.704069222559884]]}},{"type":"Feature","properties":{},"geometry":{"type":"LineString","coordinates":[[85.32772180718447,27.70934869997882],[85.32770994786681,27.709352580253274]]}},{"type":"Feature","properties":{},"geometry":{"type":"LineString","coordinates":[[85.32770820698694,27.709301099541772],[85.32769583011986,27.70930679851421]]}},{"type":"Feature","properties":{},"geometry":{"type":"LineString","coordinates":[[85.32747793632281,27.708952895843527],[85.32747424209919,27.70894151881106]]}},{"type":"Feature","properties":{},"geometry":{"type":"LineString","coordinates":[[85.32729024273043,27.709013422469248],[85.32729834144185,27.70903362279252]]}},{"type":"Feature","properties":{},"geometry":{"type":"LineString","coordinates":[[85.3272872355485,27.709013646061194],[85.32729655534122,27.70903443786952]]}},{"type":"Feature","properties":{},"geometry":{"type":"LineString","coordinates":[[85.32727054537062,27.709019367781035],[85.32726634857508,27.70901514277782]]}},{"type":"Feature","properties":{},"geometry":{"type":"LineString","coordinates":[[85.32723689971515,27.709031250256714],[85.32723385309698,27.709025750314442]]}},{"type":"Feature","properties":{},"geometry":{"type":"LineString","coordinates":[[85.32719145950419,27.70904815275271],[85.327200497142,27.709068892419282]]}},{"type":"Feature","properties":{},"geometry":{"type":"LineString","coordinates":[[85.32716203177908,27.709058753123028],[85.32713665948832,27.709090551906463]]}},{"type":"Feature","properties":{},"geometry":{"type":"LineString","coordinates":[[85.32747615306103,27.70868483016834],[85.3274770996108,27.70868799510887]]}},{"type":"Feature","properties":{},"geometry":{"type":"LineString","coordinates":[[85.32745913341851,27.708688287951713],[85.32745584112385,27.708679414930987]]}},{"type":"Feature","properties":{},"geometry":{"type":"LineString","coordinates":[[85.32730765461464,27.70873061370315],[85.32730214310715,27.70872043585246]]}},{"type":"Feature","properties":{},"geometry":{"type":"LineString","coordinates":[[85.32730439477123,27.708731578844457],[85.32729861152427,27.708720800222945]]}},{"type":"Feature","properties":{},"geometry":{"type":"LineString","coordinates":[[85.32730024509483,27.7087321758232],[85.32729574576838,27.708721525536053]]}},{"type":"Feature","properties":{},"geometry":{"type":"LineString","coordinates":[[85.32729613335734,27.708733343670612],[85.3272944872508,27.70872252388839]]}},{"type":"Feature","properties":{},"geometry":{"type":"LineString","coordinates":[[85.32729238600565,27.708734224398462],[85.32728701547771,27.708724377680962]]}},{"type":"Feature","properties":{},"geometry":{"type":"LineString","coordinates":[[85.32728787827274,27.70873549125308],[85.32728500567612,27.70872483354812]]}},{"type":"Feature","properties":{},"geometry":{"type":"LineString","coordinates":[[85.32751981373549,27.708585202883107],[85.32749688390001,27.70859085736065]]}},{"type":"Feature","properties":{},"geometry":{"type":"LineString","coordinates":[[85.32751623402136,27.708577687433174],[85.32749418852988,27.70858114496353]]}},{"type":"Feature","properties":{},"geometry":{"type":"LineString","coordinates":[[85.32749997140024,27.708507589482114],[85.32747533786845,27.708514176461]]}},{"type":"Feature","properties":{},"geometry":{"type":"LineString","coordinates":[[85.32748621464583,27.70846182111028],[85.32746347939579,27.708465756775237]]}},{"type":"Feature","properties":{},"geometry":{"type":"LineString","coordinates":[[85.32740755502817,27.70842560354469],[85.32740942336558,27.70843149539162]]}},{"type":"Feature","properties":{},"geometry":{"type":"LineString","coordinates":[[85.32732701808662,27.708456938825325],[85.32732398147215,27.708449853229002]]}},{"type":"Feature","properties":{},"geometry":{"type":"LineString","coordinates":[[85.32727149867183,27.708466220282165],[85.32727417980009,27.708475335926703]]}},{"type":"Feature","properties":{},"geometry":{"type":"LineString","coordinates":[[85.32718994323314,27.7084901296429],[85.32715042688478,27.70850481937788]]}},{"type":"Feature","properties":{},"geometry":{"type":"LineString","coordinates":[[85.3273944142906,27.70822851418026],[85.32738126752896,27.70823642680115]]}},{"type":"Feature","properties":{},"geometry":{"type":"LineString","coordinates":[[85.32733798420396,27.70796374128477],[85.32730709435742,27.707970294151256]]}},{"type":"Feature","properties":{},"geometry":{"type":"LineString","coordinates":[[85.32686184269579,27.707716985531572],[85.32686410338289,27.707725273879916]]}},{"type":"Feature","properties":{},"geometry":{"type":"LineString","coordinates":[[85.32678717208012,27.707731413592978],[85.32675536865005,27.70774168281688]]}},{"type":"Feature","properties":{},"geometry":{"type":"LineString","coordinates":[[85.32678232302072,27.707732588759217],[85.32675419849431,27.70773921735117]]}},{"type":"Feature","properties":{},"geometry":{"type":"LineString","coordinates":[[85.32677805448354,27.707733135549045],[85.32675204295555,27.707736997199795]]}},{"type":"Feature","properties":{},"geometry":{"type":"LineString","coordinates":[[85.3267738506967,27.70773389161006],[85.32675230192314,27.70773384953541]]}},{"type":"Feature","properties":{},"geometry":{"type":"LineString","coordinates":[[85.3270575340104,27.707318856885493],[85.3270565105126,27.7073268510194]]}},{"type":"Feature","properties":{},"geometry":{"type":"LineString","coordinates":[[85.32705236739544,27.70731864732531],[85.327048805896,27.707296184985584]]}},{"type":"Feature","properties":{},"geometry":{"type":"LineString","coordinates":[[85.32688434530189,27.70734749895472],[85.32688686252105,27.707353728983982]]}},{"type":"Feature","properties":{},"geometry":{"type":"LineString","coordinates":[[85.32684791250156,27.70739120670675],[85.32683693134797,27.707392509922926]]}},{"type":"Feature","properties":{},"geometry":{"type":"LineString","coordinates":[[85.32702382024236,27.707118440239622],[85.32702190695206,27.707111044199365]]}},{"type":"Feature","properties":{},"geometry":{"type":"LineString","coordinates":[[85.32677229964197,27.707166103379542],[85.32676386770078,27.707143033409785]]}},{"type":"Feature","properties":{},"geometry":{"type":"LineString","coordinates":[[85.32667039494123,27.707185195071762],[85.32666872190543,27.707178603394464]]}},{"type":"Feature","properties":{},"geometry":{"type":"LineString","coordinates":[[85.32664712394345,27.70730086318563],[85.32664031935724,27.70730246237061]]}},{"type":"Feature","properties":{},"geometry":{"type":"LineString","coordinates":[[85.3266756282278,27.70741459758673],[85.32666928584952,27.707418137423385]]}},{"type":"Feature","properties":{},"geometry":{"type":"LineString","coordinates":[[85.32670519771627,27.707533890113936],[85.32670170478154,27.707550263430967]]}},{"type":"Feature","properties":{},"geometry":{"type":"LineString","coordinates":[[85.32658429107684,27.707077883625793],[85.32657513955607,27.707079572668405]]}},{"type":"Feature","properties":{},"geometry":{"type":"LineString","coordinates":[[85.32657726196929,27.70704848118033],[85.32656763751399,27.707043151707012]]}},{"type":"Feature","properties":{},"geometry":{"type":"LineString","coordinates":[[85.32640830421983,27.707214656234694],[85.32640615578204,27.70720612554905]]}},{"type":"Feature","properties":{},"geometry":{"type":"LineString","coordinates":[[85.32639124404761,27.70721573338459],[85.32637477546754,27.707211935803635]]}},{"type":"Feature","properties":{},"geometry":{"type":"LineString","coordinates":[[85.32704969801189,27.706778259502325],[85.32702055364264,27.706782159161776]]}},{"type":"Feature","properties":{},"geometry":{"type":"LineString","coordinates":[[85.32704844230821,27.706773757758878],[85.3270199605194,27.706778961485416]]}},{"type":"Feature","properties":{},"geometry":{"type":"LineString","coordinates":[[85.3270192606587,27.706650100739612],[85.3270131023674,27.70665241264595]]}},{"type":"Feature","properties":{},"geometry":{"type":"LineString","coordinates":[[85.3268765796768,27.706511531835528],[85.32688561239125,27.706553379354865]]}},{"type":"Feature","properties":{},"geometry":{"type":"LineString","coordinates":[[85.32684458300764,27.70651794126673],[85.3268592266386,27.706557593921158]]}},{"type":"Feature","properties":{},"geometry":{"type":"LineString","coordinates":[[85.32676985863799,27.7065326232159],[85.32675465095285,27.706472586905935]]}},{"type":"Feature","properties":{},"geometry":{"type":"LineString","coordinates":[[85.3267650420867,27.70653313359839],[85.32673992708686,27.70642875898663]]}},{"type":"Feature","properties":{},"geometry":{"type":"LineString","coordinates":[[85.32674883764638,27.706536952250723],[85.32670744935004,27.70638861365278]]}},{"type":"Feature","properties":{},"geometry":{"type":"LineString","coordinates":[[85.3267463863691,27.706537832387646],[85.3267261238567,27.706476511115852]]}},{"type":"Feature","properties":{},"geometry":{"type":"LineString","coordinates":[[85.32669091008177,27.70654627659989],[85.32670372167502,27.70661447276898]]}},{"type":"Feature","properties":{},"geometry":{"type":"LineString","coordinates":[[85.32662901690668,27.70672574105619],[85.32658883559093,27.706732012670514]]}},{"type":"Feature","properties":{},"geometry":{"type":"LineString","coordinates":[[85.32663081326807,27.706730298076565],[85.32663574453125,27.706752837455344]]}},{"type":"Feature","properties":{},"geometry":{"type":"LineString","coordinates":[[85.32658795662682,27.70655472084909],[85.32659248102948,27.706533552128544]]}},{"type":"Feature","properties":{},"geometry":{"type":"LineString","coordinates":[[85.3265546937697,27.70654495658705],[85.32658528125465,27.706447360197323]]}},{"type":"Feature","properties":{},"geometry":{"type":"LineString","coordinates":[[85.32645187999617,27.706523453172213],[85.3264514999353,27.706568551609543]]}},{"type":"Feature","properties":{},"geometry":{"type":"LineString","coordinates":[[85.3264133726362,27.706517656248337],[85.32641236295154,27.706493649801544]]}},{"type":"Feature","properties":{},"geometry":{"type":"LineString","coordinates":[[85.32637500780345,27.706511490992455],[85.3263808058889,27.70648959398037]]}},{"type":"Feature","properties":{},"geometry":{"type":"LineString","coordinates":[[85.32622419613382,27.70669941824132],[85.3262412711427,27.706698891843107]]}},{"type":"Feature","properties":{},"geometry":{"type":"LineString","coordinates":[[85.32622425259021,27.706712061815608],[85.32620813354806,27.706716727123087]]}},{"type":"Feature","properties":{},"geometry":{"type":"LineString","coordinates":[[85.32622858404834,27.706750703531597],[85.32623883418624,27.706764400894684]]}},{"type":"Feature","properties":{},"geometry":{"type":"LineString","coordinates":[[85.32622882823433,27.70675470296658],[85.32623610918678,27.70676447805493]]}},{"type":"Feature","properties":{},"geometry":{"type":"LineString","coordinates":[[85.32594611620749,27.706735140242483],[85.32599086083174,27.70676328039125]]}},{"type":"Feature","properties":{},"geometry":{"type":"LineString","coordinates":[[85.3259511632585,27.706724647789503],[85.32599037199675,27.70673113565199]]}},{"type":"Feature","properties":{},"geometry":{"type":"LineString","coordinates":[[85.32591403077151,27.706775185436868],[85.32589138487958,27.706818319587274]]}},{"type":"Feature","properties":{},"geometry":{"type":"LineString","coordinates":[[85.32590991034263,27.7067777899963],[85.3258892620177,27.706816684669523]]}},{"type":"Feature","properties":{},"geometry":{"type":"LineString","coordinates":[[85.32590304524705,27.70678069710836],[85.3258577979674,27.70678634224344]]}},{"type":"Feature","properties":{},"geometry":{"type":"LineString","coordinates":[[85.32590034092888,27.70678134582489],[85.32585813701598,27.706788312093323]]}},{"type":"Feature","properties":{},"geometry":{"type":"LineString","coordinates":[[85.32589734970627,27.706781989266304],[85.32585896382933,27.706790614564913]]}},{"type":"Feature","properties":{},"geometry":{"type":"LineString","coordinates":[[85.32611526056299,27.706303117084182],[85.32611429288617,27.706293169231795]]}},{"type":"Feature","properties":{},"geometry":{"type":"LineString","coordinates":[[85.32618257869493,27.70629988410183],[85.32618011428032,27.70629106258165]]}},{"type":"Feature","properties":{},"geometry":{"type":"LineString","coordinates":[[85.32625657886854,27.706262286139367],[85.32626458708522,27.706301876667617]]}},{"type":"Feature","properties":{},"geometry":{"type":"LineString","coordinates":[[85.32626276812049,27.706260934951857],[85.3262663421698,27.706283160992854]]}},{"type":"Feature","properties":{},"geometry":{"type":"LineString","coordinates":[[85.3262843046651,27.70625744076256],[85.32628362231713,27.70624593946554]]}},{"type":"Feature","properties":{},"geometry":{"type":"LineString","coordinates":[[85.32636177497162,27.706251000044105],[85.32636254119332,27.706286039905258]]}},{"type":"Feature","properties":{},"geometry":{"type":"LineString","coordinates":[[85.32638310881666,27.706246302096993],[85.32638357280098,27.706233908501908]]}},{"type":"Feature","properties":{},"geometry":{"type":"LineString","coordinates":[[85.32634719738054,27.706252211905706],[85.32634565810655,27.70623871915474]]}},{"type":"Feature","properties":{},"geometry":{"type":"LineString","coordinates":[[85.32642973711908,27.706236996498028],[85.32643507935373,27.706275792132452]]}},{"type":"Feature","properties":{},"geometry":{"type":"LineString","coordinates":[[85.32645691308103,27.70623223018048],[85.32645384356762,27.706223121558754]]}},{"type":"Feature","properties":{},"geometry":{"type":"LineString","coordinates":[[85.32649405693228,27.706226299140777],[85.32649913876018,27.706266610613596]]}},{"type":"Feature","properties":{},"geometry":{"type":"LineString","coordinates":[[85.32659994595527,27.70620954096769],[85.32660059757825,27.706197874385552]]}},{"type":"Feature","properties":{},"geometry":{"type":"LineString","coordinates":[[85.3266128326212,27.70620722918987],[85.32662295527585,27.7062484833881]]}},{"type":"Feature","properties":{},"geometry":{"type":"LineString","coordinates":[[85.32666176707338,27.706200304333642],[85.32665859706111,27.706186749451508]]}},{"type":"Feature","properties":{},"geometry":{"type":"LineString","coordinates":[[85.32683321283596,27.706171063784172],[85.32683288760386,27.706163934235136]]}},{"type":"Feature","properties":{},"geometry":{"type":"LineString","coordinates":[[85.32683573016429,27.706170639328054],[85.32683428224063,27.706163516967123]]}},{"type":"Feature","properties":{},"geometry":{"type":"LineString","coordinates":[[85.32683851654492,27.706170193755227],[85.3268360512748,27.706163485099918]]}},{"type":"Feature","properties":{},"geometry":{"type":"LineString","coordinates":[[85.32689563638041,27.706203356957772],[85.32688451983199,27.70620569918327]]}},{"type":"Feature","properties":{},"geometry":{"type":"LineString","coordinates":[[85.32696674376507,27.706443323093453],[85.32695642560384,27.70644551070994]]}},{"type":"Feature","properties":{},"geometry":{"type":"LineString","coordinates":[[85.32591898400571,27.706160646329476],[85.32587001209333,27.70616789809379]]}},{"type":"Feature","properties":{},"geometry":{"type":"LineString","coordinates":[[85.32614430673055,27.706052616848424],[85.32615114653939,27.7060716900707]]}},{"type":"Feature","properties":{},"geometry":{"type":"LineString","coordinates":[[85.3262349696044,27.70602720261045],[85.32623264975393,27.706017679754055]]}},{"type":"Feature","properties":{},"geometry":{"type":"LineString","coordinates":[[85.32623932843265,27.706025851854147],[85.32623528437335,27.706016281072664]]}},{"type":"Feature","properties":{},"geometry":{"type":"LineString","coordinates":[[85.32627603796358,27.70601415646026],[85.32627384049356,27.706008972730082]]}},{"type":"Feature","properties":{},"geometry":{"type":"LineString","coordinates":[[85.32633834610634,27.70599659172798],[85.32634828422076,27.70601484949537]]}},{"type":"Feature","properties":{},"geometry":{"type":"LineString","coordinates":[[85.32634520800858,27.70599362408274],[85.32637110307972,27.706037494146393]]}},{"type":"Feature","properties":{},"geometry":{"type":"LineString","coordinates":[[85.32584403851487,27.705974629137756],[85.32579874673732,27.705987992316267]]}},{"type":"Feature","properties":{},"geometry":{"type":"LineString","coordinates":[[85.3257326483865,27.70574937147086],[85.3257699556293,27.705734723081935]]}},{"type":"Feature","properties":{},"geometry":{"type":"LineString","coordinates":[[85.32573531898139,27.70575391831729],[85.32577197169452,27.705736377467897]]}},{"type":"Feature","properties":{},"geometry":{"type":"LineString","coordinates":[[85.32571557684338,27.7057164079095],[85.32575491626959,27.70569890407393]]}},{"type":"Feature","properties":{},"geometry":{"type":"LineString","coordinates":[[85.3257091618349,27.705702793000654],[85.32568004985706,27.705714881594808]]}},{"type":"Feature","properties":{},"geometry":{"type":"LineString","coordinates":[[85.32566984757742,27.70563736109629],[85.32569100888821,27.705624962431912]]}},{"type":"Feature","properties":{},"geometry":{"type":"LineString","coordinates":[[85.32566690221181,27.705632811827698],[85.32568921388045,27.705622511963735]]}},{"type":"Feature","properties":{},"geometry":{"type":"LineString","coordinates":[[85.32566417215688,27.70562877239532],[85.32568889418263,27.705620869069747]]}},{"type":"Feature","properties":{},"geometry":{"type":"LineString","coordinates":[[85.32565889215672,27.705618859926524],[85.32567965707844,27.70561455593428]]}},{"type":"Feature","properties":{},"geometry":{"type":"LineString","coordinates":[[85.32581017888727,27.70548804411007],[85.3258134569564,27.705504409947686]]}},{"type":"Feature","properties":{},"geometry":{"type":"LineString","coordinates":[[85.3258598055659,27.705480727169295],[85.32586333640032,27.705495150169522]]}},{"type":"Feature","properties":{},"geometry":{"type":"LineString","coordinates":[[85.32585858473567,27.705481118550765],[85.3258625741427,27.705495261891986]]}},{"type":"Feature","properties":{},"geometry":{"type":"LineString","coordinates":[[85.32595801424523,27.70546271680324],[85.32596152386809,27.705476005944558]]}},{"type":"Feature","properties":{},"geometry":{"type":"LineString","coordinates":[[85.3259557219738,27.705463279347796],[85.32596118540508,27.705476056906758]]}},{"type":"Feature","properties":{},"geometry":{"type":"LineString","coordinates":[[85.32608139531939,27.70544861284052],[85.32608502002968,27.70545961180138]]}},{"type":"Feature","properties":{},"geometry":{"type":"LineString","coordinates":[[85.32607989937014,27.705449024363308],[85.32608421189157,27.705459673330125]]}},{"type":"Feature","properties":{},"geometry":{"type":"LineString","coordinates":[[85.32609530034179,27.70544621414261],[85.32609565569267,27.70545721328021]]}},{"type":"Feature","properties":{},"geometry":{"type":"LineString","coordinates":[[85.32612565090963,27.705445649727366],[85.32612610195562,27.70545376818619]]}},{"type":"Feature","properties":{},"geometry":{"type":"LineString","coordinates":[[85.3262134201848,27.705434648484932],[85.32621493276264,27.705444574045067]]}},{"type":"Feature","properties":{},"geometry":{"type":"LineString","coordinates":[[85.32629576253676,27.705427475161112],[85.32629451263834,27.705434288727428]]}},{"type":"Feature","properties":{},"geometry":{"type":"LineString","coordinates":[[85.32632793915963,27.705424670092224],[85.32632623119538,27.705430268705967]]}},{"type":"Feature","properties":{},"geometry":{"type":"LineString","coordinates":[[85.32634090797825,27.70542294959653],[85.32633915078755,27.705429049432034]]}},{"type":"Feature","properties":{},"geometry":{"type":"LineString","coordinates":[[85.32642611425076,27.70542074595496],[85.32642440330073,27.705428467327238]]}},{"type":"Feature","properties":{},"geometry":{"type":"LineString","coordinates":[[85.32643891119734,27.70541786179256],[85.32643776655148,27.70542581925896]]}},{"type":"Feature","properties":{},"geometry":{"type":"LineString","coordinates":[[85.32651683761179,27.70541113044587],[85.32651722473709,27.705421777974124]]}},{"type":"Feature","properties":{},"geometry":{"type":"LineString","coordinates":[[85.32652599744866,27.705410282677764],[85.32652589035777,27.705423080418797]]}},{"type":"Feature","properties":{},"geometry":{"type":"LineString","coordinates":[[85.32662192324918,27.705408223851634],[85.32661829366441,27.705419469047204]]}},{"type":"Feature","properties":{},"geometry":{"type":"LineString","coordinates":[[85.32666860414227,27.705387738930014],[85.32666247046677,27.705417082439787]]}},{"type":"Feature","properties":{},"geometry":{"type":"LineString","coordinates":[[85.32676574998183,27.70564265203782],[85.32675055818851,27.705644512672944]]}},{"type":"Feature","properties":{},"geometry":{"type":"LineString","coordinates":[[85.32675607675672,27.705449536002284],[85.32673222517064,27.70545496352403]]}},{"type":"Feature","properties":{},"geometry":{"type":"LineString","coordinates":[[85.3267332319981,27.705840534359755],[85.32673168912095,27.705873060694067]]}},{"type":"Feature","properties":{},"geometry":{"type":"LineString","coordinates":[[85.32668890405755,27.705843377651675],[85.32668500063629,27.705835553207777]]}},{"type":"Feature","properties":{},"geometry":{"type":"LineString","coordinates":[[85.3266621892674,27.70584165395428],[85.3266527655016,27.705873748367118]]}},{"type":"Feature","properties":{},"geometry":{"type":"LineString","coordinates":[[85.32648285169945,27.70580921984388],[85.3264544576705,27.705851543618873]]}},{"type":"Feature","properties":{},"geometry":{"type":"LineString","coordinates":[[85.3264339132109,27.705678754206858],[85.32643790611367,27.70565520084846]]}},{"type":"Feature","properties":{},"geometry":{"type":"LineString","coordinates":[[85.326433114599,27.70567460366066],[85.3264292771129,27.705650102723087]]}},{"type":"Feature","properties":{},"geometry":{"type":"LineString","coordinates":[[85.32643230841634,27.705671414236686],[85.32642251060798,27.705650143660684]]}},{"type":"Feature","properties":{},"geometry":{"type":"LineString","coordinates":[[85.3267700658571,27.705570948013637],[85.32674755964194,27.705574399875747]]}},{"type":"Feature","properties":{},"geometry":{"type":"LineString","coordinates":[[85.32677028309318,27.705574123096532],[85.32674854154065,27.705576641038963]]}},{"type":"Feature","properties":{},"geometry":{"type":"LineString","coordinates":[[85.32554515558036,27.70553688029746],[85.32554706328284,27.705545829572976]]}},{"type":"Feature","properties":{},"geometry":{"type":"LineString","coordinates":[[85.31808242762325,27.70583188452383],[85.31807895354987,27.70580761346678]]}},{"type":"Feature","properties":{},"geometry":{"type":"LineString","coordinates":[[85.31816085255622,27.7058265421574],[85.3181605584576,27.705799238374937]]}},{"type":"Feature","properties":{},"geometry":{"type":"LineString","coordinates":[[85.31816397581116,27.705826084607445],[85.31816332913404,27.7057990906271]]}},{"type":"Feature","properties":{},"geometry":{"type":"LineString","coordinates":[[85.3181704862622,27.70582515105309],[85.3181664885816,27.70580149639248]]}},{"type":"Feature","properties":{},"geometry":{"type":"LineString","coordinates":[[85.31817407479191,27.705825234365726],[85.31816920040099,27.70580115297949]]}},{"type":"Feature","properties":{},"geometry":{"type":"LineString","coordinates":[[85.31822029929816,27.705822513425346],[85.3182153459814,27.705782618476547]]}},{"type":"Feature","properties":{},"geometry":{"type":"LineString","coordinates":[[85.31822689826666,27.70582063507562],[85.31821931253684,27.70578119551896]]}},{"type":"Feature","properties":{},"geometry":{"type":"LineString","coordinates":[[85.31835239237289,27.705811979003133],[85.31834484874037,27.70577514741863]]}},{"type":"Feature","properties":{},"geometry":{"type":"LineString","coordinates":[[85.31840547928779,27.705805012759033],[85.31840351993598,27.705769449402688]]}},{"type":"Feature","properties":{},"geometry":{"type":"LineString","coordinates":[[85.31841012275677,27.705804414823387],[85.31840635444384,27.705769040687038]]}},{"type":"Feature","properties":{},"geometry":{"type":"LineString","coordinates":[[85.31847039801146,27.70580051608672],[85.31846046786096,27.705764436218505]]}},{"type":"Feature","properties":{},"geometry":{"type":"LineString","coordinates":[[85.31845347464767,27.70580161107228],[85.31844828281602,27.705765427208394]]}},{"type":"Feature","properties":{},"geometry":{"type":"LineString","coordinates":[[85.31847752873092,27.7058010593976],[85.31846596332174,27.7057633639636]]}},{"type":"Feature","properties":{},"geometry":{"type":"LineString","coordinates":[[85.31853454796438,27.705796092176893],[85.3185319145437,27.70575601061032]]}},{"type":"Feature","properties":{},"geometry":{"type":"LineString","coordinates":[[85.31858978438257,27.70579099767883],[85.31858628282563,27.705767519634982]]}},{"type":"Feature","properties":{},"geometry":{"type":"LineString","coordinates":[[85.31861280165901,27.705789812434777],[85.31860862510318,27.70576439203607]]}},{"type":"Feature","properties":{},"geometry":{"type":"LineString","coordinates":[[85.31864859955616,27.705786359091633],[85.318651171443,27.705760156927386]]}},{"type":"Feature","properties":{},"geometry":{"type":"LineString","coordinates":[[85.31868173685248,27.70578367849382],[85.31868124678655,27.7057618056552]]}},{"type":"Feature","properties":{},"geometry":{"type":"LineString","coordinates":[[85.31868412778972,27.705783429550646],[85.31868248215844,27.705761459641966]]}},{"type":"Feature","properties":{},"geometry":{"type":"LineString","coordinates":[[85.31868776390961,27.705782922260287],[85.31868307016771,27.705761469491726]]}},{"type":"Feature","properties":{},"geometry":{"type":"LineString","coordinates":[[85.31889950179092,27.70576809824687],[85.3188965576668,27.70575839351463]]}},{"type":"Feature","properties":{},"geometry":{"type":"LineString","coordinates":[[85.31873961077615,27.705777332550856],[85.31873467685752,27.705753223381073]]}},{"type":"Feature","properties":{},"geometry":{"type":"LineString","coordinates":[[85.31883437702078,27.705769236050394],[85.31882645530507,27.70574117986354]]}},{"type":"Feature","properties":{},"geometry":{"type":"LineString","coordinates":[[85.31883850801998,27.70576912466637],[85.31882848829808,27.705740664832135]]}},{"type":"Feature","properties":{},"geometry":{"type":"LineString","coordinates":[[85.31894409574375,27.70576173263522],[85.31894422414403,27.705749256494205]]}},{"type":"Feature","properties":{},"geometry":{"type":"LineString","coordinates":[[85.31909647992515,27.70575029227032],[85.31909340962963,27.70573558680628]]}},{"type":"Feature","properties":{},"geometry":{"type":"LineString","coordinates":[[85.31786721673326,27.70596652767354],[85.31786838872421,27.705973420217614]]}},{"type":"Feature","properties":{},"geometry":{"type":"LineString","coordinates":[[85.31787005054652,27.705967090100017],[85.31786999090298,27.705972233886442]]}},{"type":"Feature","properties":{},"geometry":{"type":"LineString","coordinates":[[85.31795084249303,27.705959561773156],[85.31795306261462,27.70597150596667]]}},{"type":"Feature","properties":{},"geometry":{"type":"LineString","coordinates":[[85.31820165347324,27.705938355192757],[85.31820310502353,27.705942361179247]]}},{"type":"Feature","properties":{},"geometry":{"type":"LineString","coordinates":[[85.3182082708672,27.705938846251104],[85.31820509262698,27.70594249182865]]}},{"type":"Feature","properties":{},"geometry":{"type":"LineString","coordinates":[[85.31821042174994,27.705938248724582],[85.3182070669803,27.705942097937843]]}},{"type":"Feature","properties":{},"geometry":{"type":"LineString","coordinates":[[85.31821756192076,27.70593645727764],[85.31823081485742,27.706032984026955]]}},{"type":"Feature","properties":{},"geometry":{"type":"LineString","coordinates":[[85.31822208191872,27.705934190846058],[85.31822138763161,27.705948448954157]]}},{"type":"Feature","properties":{},"geometry":{"type":"LineString","coordinates":[[85.32703873661112,27.707548433777617],[85.32704021947622,27.70755679034163]]}},{"type":"Feature","properties":{},"geometry":{"type":"LineString","coordinates":[[85.32703544822309,27.707548812815087],[85.32700922463583,27.70754225113316]]}},{"type":"Feature","properties":{},"geometry":{"type":"LineString","coordinates":[[85.32053160116838,27.7045594880983],[85.32055145048508,27.704555440920746]]}},{"type":"Feature","properties":{},"geometry":{"type":"LineString","coordinates":[[85.32053081709456,27.70455830978749],[85.32055213591462,27.704555048505938]]}},{"type":"Feature","properties":{},"geometry":{"type":"LineString","coordinates":[[85.32028494456209,27.704448600361086],[85.32029300525399,27.704449265873723]]}},{"type":"Feature","properties":{},"geometry":{"type":"LineString","coordinates":[[85.32053025126737,27.70439437246102],[85.32053024919315,27.704381596887014]]}},{"type":"Feature","properties":{},"geometry":{"type":"LineString","coordinates":[[85.32053086955015,27.70439313354533],[85.32053204868602,27.704381626842338]]}},{"type":"Feature","properties":{},"geometry":{"type":"LineString","coordinates":[[85.32053074405499,27.704392057992152],[85.32053124148445,27.704381495205126]]}},{"type":"Feature","properties":{},"geometry":{"type":"LineString","coordinates":[[85.32029682120299,27.704333212185418],[85.32030145632478,27.704333750388756]]}},{"type":"Feature","properties":{},"geometry":{"type":"LineString","coordinates":[[85.32029936100855,27.70430344813329],[85.32029441596586,27.70430255417606]]}},{"type":"Feature","properties":{},"geometry":{"type":"LineString","coordinates":[[85.32030005748635,27.704301076568917],[85.32029484473499,27.70429971906447]]}},{"type":"Feature","properties":{},"geometry":{"type":"LineString","coordinates":[[85.32038033596653,27.70431864127167],[85.32037859977372,27.704323416338507]]}},{"type":"Feature","properties":{},"geometry":{"type":"LineString","coordinates":[[85.32038705338267,27.704320938530046],[85.32038875979566,27.704316320144883]]}},{"type":"Feature","properties":{},"geometry":{"type":"LineString","coordinates":[[85.32044012913161,27.704341262547857],[85.32044240935971,27.70433658704337]]}},{"type":"Feature","properties":{},"geometry":{"type":"LineString","coordinates":[[85.32044103903755,27.704341375575694],[85.32044308073903,27.704336648439586]]}},{"type":"Feature","properties":{},"geometry":{"type":"LineString","coordinates":[[85.32033733917206,27.704224751104835],[85.32034442958765,27.704228184684585]]}},{"type":"Feature","properties":{},"geometry":{"type":"LineString","coordinates":[[85.32032284560904,27.704185934509592],[85.32032701634172,27.704195274127624]]}},{"type":"Feature","properties":{},"geometry":{"type":"LineString","coordinates":[[85.32032134478423,27.704187855871456],[85.3203255922545,27.70419516478806]]}},{"type":"Feature","properties":{},"geometry":{"type":"LineString","coordinates":[[85.32034381673377,27.7040745502618],[85.32035835220285,27.704075939654135]]}},{"type":"Feature","properties":{},"geometry":{"type":"LineString","coordinates":[[85.3203467789247,27.704055143543115],[85.32034068437851,27.704054817782694]]}},{"type":"Feature","properties":{},"geometry":{"type":"LineString","coordinates":[[85.32035426321977,27.704016840018262],[85.32035613413564,27.704016311263327]]}},{"type":"Feature","properties":{},"geometry":{"type":"LineString","coordinates":[[85.32035452775891,27.704005064090854],[85.3203631225284,27.704004755913022]]}},{"type":"Feature","properties":{},"geometry":{"type":"LineString","coordinates":[[85.32045125417,27.703964949801893],[85.32046289442117,27.70395376497313]]}},{"type":"Feature","properties":{},"geometry":{"type":"LineString","coordinates":[[85.32047558575988,27.7039761134825],[85.32047564544158,27.70398095636994]]}},{"type":"Feature","properties":{},"geometry":{"type":"LineString","coordinates":[[85.32051933392816,27.703982345651607],[85.32051330399169,27.704031696856532]]}},{"type":"Feature","properties":{},"geometry":{"type":"LineString","coordinates":[[85.32056597210762,27.70398646210017],[85.32056645579152,27.70399050235238]]}},{"type":"Feature","properties":{},"geometry":{"type":"LineString","coordinates":[[85.32060867959211,27.703987812375626],[85.32060690477255,27.703985244759266]]}},{"type":"Feature","properties":{},"geometry":{"type":"LineString","coordinates":[[85.3206204945762,27.703987531515722],[85.3206252202369,27.70399149326366]]}},{"type":"Feature","properties":{},"geometry":{"type":"LineString","coordinates":[[85.32067274668869,27.70395667736308],[85.32067060270839,27.703948484207558]]}},{"type":"Feature","properties":{},"geometry":{"type":"LineString","coordinates":[[85.32071794771903,27.703952333000107],[85.32072477334479,27.70392776363794]]}},{"type":"Feature","properties":{},"geometry":{"type":"LineString","coordinates":[[85.32072048269652,27.70395320402311],[85.32072797375861,27.703936103185256]]}},{"type":"Feature","properties":{},"geometry":{"type":"LineString","coordinates":[[85.32072497803496,27.703986641957982],[85.32072798168082,27.703986773162605]]}},{"type":"Feature","properties":{},"geometry":{"type":"LineString","coordinates":[[85.32072945041382,27.70406005250999],[85.3207316000723,27.704060061439097]]}},{"type":"Feature","properties":{},"geometry":{"type":"LineString","coordinates":[[85.32072982255826,27.704070648411335],[85.32071993456584,27.70407170447825]]}},{"type":"Feature","properties":{},"geometry":{"type":"LineString","coordinates":[[85.32073219647819,27.704122562820256],[85.32073431681425,27.70412197029747]]}},{"type":"Feature","properties":{},"geometry":{"type":"LineString","coordinates":[[85.32073473475722,27.704180232958578],[85.32072479984859,27.704189318415228]]}},{"type":"Feature","properties":{},"geometry":{"type":"LineString","coordinates":[[85.32080108543913,27.704172947412697],[85.32079979914445,27.704169865857732]]}},{"type":"Feature","properties":{},"geometry":{"type":"LineString","coordinates":[[85.32082806688415,27.704229006975055],[85.32081879630984,27.704235766511033]]}},{"type":"Feature","properties":{},"geometry":{"type":"LineString","coordinates":[[85.32084779695697,27.70427711197408],[85.32084323404031,27.70427940775936]]}},{"type":"Feature","properties":{},"geometry":{"type":"LineString","coordinates":[[85.32085288973688,27.704317164697354],[85.32084100149832,27.70431871727839]]}},{"type":"Feature","properties":{},"geometry":{"type":"LineString","coordinates":[[85.32086085827139,27.704364906803185],[85.32085556784645,27.70436517747438]]}},{"type":"Feature","properties":{},"geometry":{"type":"LineString","coordinates":[[85.32085924925859,27.704390184770133],[85.32085990400896,27.704404179480214]]}},{"type":"Feature","properties":{},"geometry":{"type":"LineString","coordinates":[[85.32076834946497,27.70439446851093],[85.32074092358341,27.704394315416796]]}},{"type":"Feature","properties":{},"geometry":{"type":"LineString","coordinates":[[85.32090948631482,27.704218883341767],[85.3209130119278,27.704229562621023]]}},{"type":"Feature","properties":{},"geometry":{"type":"LineString","coordinates":[[85.32096690230807,27.704316162212027],[85.32096424480864,27.704316338466583]]}},{"type":"Feature","properties":{},"geometry":{"type":"LineString","coordinates":[[85.32096422846334,27.704336479503663],[85.32097397421998,27.704340873077708]]}},{"type":"Feature","properties":{},"geometry":{"type":"LineString","coordinates":[[85.320367900178,27.70390959069049],[85.32037274757845,27.70390950961192]]}},{"type":"Feature","properties":{},"geometry":{"type":"LineString","coordinates":[[85.32036907787817,27.703880104337532],[85.32036149550444,27.703879594457085]]}},{"type":"Feature","properties":{},"geometry":{"type":"LineString","coordinates":[[85.32036825193114,27.703840282076577],[85.32037181874945,27.70384018997266]]}},{"type":"Feature","properties":{},"geometry":{"type":"LineString","coordinates":[[85.32036819734819,27.70383914510793],[85.32037183903056,27.70383893206858]]}},{"type":"Feature","properties":{},"geometry":{"type":"LineString","coordinates":[[85.32041361868234,27.70374646133673],[85.32041385192954,27.70375208793566]]}},{"type":"Feature","properties":{},"geometry":{"type":"LineString","coordinates":[[85.32048235255314,27.703716902017646],[85.32048370393967,27.703722883345293]]}},{"type":"Feature","properties":{},"geometry":{"type":"LineString","coordinates":[[85.32052517478154,27.703708435803602],[85.32053673705235,27.70371591378638]]}},{"type":"Feature","properties":{},"geometry":{"type":"LineString","coordinates":[[85.32063669507097,27.703670028868604],[85.32063671626024,27.70367539927934]]}},{"type":"Feature","properties":{},"geometry":{"type":"LineString","coordinates":[[85.32066842752774,27.703647993662834],[85.32067248589388,27.70364679286871]]}},{"type":"Feature","properties":{},"geometry":{"type":"LineString","coordinates":[[85.32065077796122,27.703587207825368],[85.32065412118236,27.703580460328517]]}},{"type":"Feature","properties":{},"geometry":{"type":"LineString","coordinates":[[85.32203493879143,27.702118422460025],[85.32186845133417,27.702134516686147]]}},{"type":"Feature","properties":{},"geometry":{"type":"LineString","coordinates":[[85.32204169572789,27.702117534122213],[85.32190124487929,27.70212751873932],[85.32189736878992,27.70210726913352]]}},{"type":"Feature","properties":{},"geometry":{"type":"LineString","coordinates":[[85.3220455785869,27.702117261684315],[85.32195354304615,27.702124587623903]]}},{"type":"Feature","properties":{},"geometry":{"type":"LineString","coordinates":[[85.32203830984018,27.70211786673663],[85.32189431942794,27.702135045970866]]}},{"type":"Feature","properties":{},"geometry":{"type":"LineString","coordinates":[[85.32361814099558,27.705704445299524],[85.3236167729465,27.70571048572708]]}},{"type":"Feature","properties":{},"geometry":{"type":"LineString","coordinates":[[85.32171642918534,27.70431769262874],[85.3217217465242,27.704301815407273]]}},{"type":"Feature","properties":{},"geometry":{"type":"LineString","coordinates":[[85.3272842242413,27.708736569863948],[85.32728304722662,27.708747779726433]]}},{"type":"Feature","properties":{},"geometry":{"type":"LineString","coordinates":[[85.32268155387887,27.706875471354955],[85.32267009883317,27.70687089652717]]}},{"type":"Feature","properties":{},"geometry":{"type":"LineString","coordinates":[[85.32266691482786,27.706903430864795],[85.3226555152776,27.706899868463395]]}},{"type":"Feature","properties":{},"geometry":{"type":"LineString","coordinates":[[85.32266799002645,27.70690195469132],[85.3226558287558,27.706898733247783]]}},{"type":"Feature","properties":{},"geometry":{"type":"LineString","coordinates":[[85.32266960706286,27.70690065656765],[85.32265619726965,27.706897977768847]]}},{"type":"Feature","properties":{},"geometry":{"type":"LineString","coordinates":[[85.32347369375307,27.707324890073206],[85.32348291510891,27.707318239879722]]}},{"type":"Feature","properties":{},"geometry":{"type":"LineString","coordinates":[[85.3234696031682,27.707326002105724],[85.32347968244936,27.70731882077548]]}},{"type":"Feature","properties":{},"geometry":{"type":"LineString","coordinates":[[85.32345546396719,27.70733056561133],[85.32346086709603,27.707339314461283]]}},{"type":"Feature","properties":{},"geometry":{"type":"LineString","coordinates":[[85.32344879416593,27.70733289733343],[85.32345158003679,27.70734190510289]]}},{"type":"Feature","properties":{},"geometry":{"type":"LineString","coordinates":[[85.32344420085948,27.707334058331426],[85.3234481471462,27.707343112647973]]}},{"type":"Feature","properties":{},"geometry":{"type":"LineString","coordinates":[[85.32343475511323,27.7073386705605],[85.32343785948171,27.707346811229986]]}},{"type":"Feature","properties":{},"geometry":{"type":"LineString","coordinates":[[85.3163378525022,27.705811676737127],[85.31636368290147,27.70581207124288]]}},{"type":"Feature","properties":{},"geometry":{"type":"LineString","coordinates":[[85.31633771496809,27.70580841597267],[85.31636321531471,27.70580996442979]]}},{"type":"Feature","properties":{},"geometry":{"type":"LineString","coordinates":[[85.3163388705507,27.705804879414526],[85.31636297314238,27.70580671593079]]}},{"type":"Feature","properties":{},"geometry":{"type":"LineString","coordinates":[[85.31644489036671,27.7045871656346],[85.31646633078175,27.704588408363495]]}},{"type":"Feature","properties":{},"geometry":{"type":"LineString","coordinates":[[85.31644483327996,27.7045885061231],[85.3164669172197,27.70459254915467]]}},{"type":"Feature","properties":{},"geometry":{"type":"LineString","coordinates":[[85.31770429683696,27.706305148651907],[85.3177107356925,27.706304455229887]]}},{"type":"Feature","properties":{},"geometry":{"type":"LineString","coordinates":[[85.32044805737965,27.705567767986942],[85.32045879843116,27.7055678315243]]}},{"type":"Feature","properties":{},"geometry":{"type":"LineString","coordinates":[[85.32044725347295,27.70556967163146],[85.32045925756915,27.705568442703935]]}},{"type":"Feature","properties":{},"geometry":{"type":"LineString","coordinates":[[85.32045320261852,27.705460922873126],[85.32041346692475,27.705431560150817]]}},{"type":"Feature","properties":{},"geometry":{"type":"LineString","coordinates":[[85.31740125741855,27.70600972916628],[85.31741001297432,27.706033977790188]]}},{"type":"Feature","properties":{},"geometry":{"type":"LineString","coordinates":[[85.32583012483167,27.708279899150174],[85.32583949919372,27.708278367191685]]}},{"type":"Feature","properties":{},"geometry":{"type":"LineString","coordinates":[[85.32700283997147,27.7092347970443],[85.32700214666247,27.709227331813853]]}},{"type":"Feature","properties":{},"geometry":{"type":"LineString","coordinates":[[85.31903684446861,27.703510097106854],[85.31907284598272,27.703512032498207]]}},{"type":"Feature","properties":{},"geometry":{"type":"LineString","coordinates":[[85.32026068297981,27.702252897036853],[85.3202635580549,27.70225228299135]]}},{"type":"Feature","properties":{},"geometry":{"type":"LineString","coordinates":[[85.32041361731191,27.70576639501091],[85.32041471694734,27.70577457910734]]}},{"type":"Feature","properties":{},"geometry":{"type":"LineString","coordinates":[[85.31696260473602,27.706053986742116],[85.31696119695148,27.706060213435443]]}},{"type":"Feature","properties":{},"geometry":{"type":"LineString","coordinates":[[85.32237106263706,27.702776585874048],[85.32236161037632,27.70277714011169]]}},{"type":"Feature","properties":{},"geometry":{"type":"LineString","coordinates":[[85.32188457980551,27.70964095107253],[85.32187863662239,27.709618856882233]]}},{"type":"Feature","properties":{},"geometry":{"type":"LineString","coordinates":[[85.3213509160204,27.708699030162066],[85.32135113791455,27.70869904278118]]}},{"type":"Feature","properties":{},"geometry":{"type":"LineString","coordinates":[[85.32135090734585,27.708698934386955],[85.32135112964065,27.708698920837072]]}},{"type":"Feature","properties":{},"geometry":{"type":"LineString","coordinates":[[85.32583383432524,27.709919428874915],[85.32583331665417,27.709910229264846]]}},{"type":"Feature","properties":{},"geometry":{"type":"LineString","coordinates":[[85.32582973373626,27.709919663577406],[85.3258309041672,27.709909825526662]]}},{"type":"Feature","properties":{},"geometry":{"type":"LineString","coordinates":[[85.32574985558324,27.709930869116487],[85.3257505795047,27.709928289367298]]}},{"type":"Feature","properties":{},"geometry":{"type":"LineString","coordinates":[[85.32571923804565,27.709935154090424],[85.32571895626955,27.70993003143288]]}},{"type":"Feature","properties":{},"geometry":{"type":"LineString","coordinates":[[85.3187707150147,27.7058893245997],[85.31932407678504,27.705842247282355]]}},{"type":"Feature","properties":{},"geometry":{"type":"LineString","coordinates":[[85.3164565997922,27.70651177875109],[85.31645965170041,27.706526734945495]]}},{"type":"Feature","properties":{},"geometry":{"type":"LineString","coordinates":[[85.31645965170041,27.706526734945495],[85.31646250749067,27.706540726641144]]}},{"type":"Feature","properties":{},"geometry":{"type":"LineString","coordinates":[[85.31678471567838,27.706000254062527],[85.31678511707331,27.706000133489688]]}},{"type":"Feature","properties":{},"geometry":{"type":"LineString","coordinates":[[85.31663867428936,27.706110493032376],[85.31665072833715,27.706107667540785]]}},{"type":"Feature","properties":{},"geometry":{"type":"LineString","coordinates":[[85.31665072833715,27.706107667540785],[85.31665752578625,27.70610607417794]]}},{"type":"Feature","properties":{},"geometry":{"type":"LineString","coordinates":[[85.31757445856101,27.70587412670189],[85.31756902340894,27.705848995140222]]}},{"type":"Feature","properties":{},"geometry":{"type":"LineString","coordinates":[[85.31760929793849,27.70587088942115],[85.31759182457648,27.70584927227199]]}},{"type":"Feature","properties":{},"geometry":{"type":"LineString","coordinates":[[85.31784890219616,27.705851802730244],[85.31784693636959,27.705831678242465]]}},{"type":"Feature","properties":{},"geometry":{"type":"LineString","coordinates":[[85.31827006624098,27.70581765766415],[85.31826015108427,27.705772273619605]]}},{"type":"Feature","properties":{},"geometry":{"type":"LineString","coordinates":[[85.31838739244793,27.705807386048058],[85.31838404210339,27.70576935628343]]}},{"type":"Feature","properties":{},"geometry":{"type":"LineString","coordinates":[[85.31863118148296,27.705788039257747],[85.31863227600748,27.705758852480066]]}},{"type":"Feature","properties":{},"geometry":{"type":"LineString","coordinates":[[85.31870651361689,27.705780900852954],[85.31870117155543,27.705758212747668]]}},{"type":"Feature","properties":{},"geometry":{"type":"LineString","coordinates":[[85.31895983092436,27.705760550955937],[85.31895637776326,27.705744031234808]]}},{"type":"Feature","properties":{},"geometry":{"type":"LineString","coordinates":[[85.31900614912938,27.70575707365298],[85.31900140243789,27.705738607677947]]}},{"type":"Feature","properties":{},"geometry":{"type":"LineString","coordinates":[[85.31879523234946,27.705772580200385],[85.31878935714724,27.705745839508495]]}},{"type":"Feature","properties":{},"geometry":{"type":"LineString","coordinates":[[85.319431248175,27.705719423098255],[85.31942706324581,27.705701682382617]]}},{"type":"Feature","properties":{},"geometry":{"type":"LineString","coordinates":[[85.31948966488599,27.70571464393127],[85.31948702152029,27.705690142004634]]}},{"type":"Feature","properties":{},"geometry":{"type":"LineString","coordinates":[[85.31997239517514,27.705674018896794],[85.3199689981299,27.705650980784217]]}},{"type":"Feature","properties":{},"geometry":{"type":"LineString","coordinates":[[85.32021591138749,27.70566007223585],[85.32021702552657,27.705631430807657]]}},{"type":"Feature","properties":{},"geometry":{"type":"LineString","coordinates":[[85.32025893080436,27.705656658272005],[85.32025360307284,27.70562566605976]]}},{"type":"Feature","properties":{},"geometry":{"type":"LineString","coordinates":[[85.32027295250542,27.705655257089244],[85.3202702640284,27.705623957546695]]}},{"type":"Feature","properties":{},"geometry":{"type":"LineString","coordinates":[[85.32032820861713,27.705651516853084],[85.32032879584082,27.705621324772135]]}},{"type":"Feature","properties":{},"geometry":{"type":"LineString","coordinates":[[85.32040313950046,27.705647722901105],[85.32039592059189,27.70562162301427]]}},{"type":"Feature","properties":{},"geometry":{"type":"LineString","coordinates":[[85.32006363069658,27.705666755970906],[85.32005978698776,27.705638849518852]]}},{"type":"Feature","properties":{},"geometry":{"type":"LineString","coordinates":[[85.32007989189238,27.705666121172506],[85.32007860124182,27.70564022408692]]}},{"type":"Feature","properties":{},"geometry":{"type":"LineString","coordinates":[[85.32013208162903,27.70566402524511],[85.32013015463592,27.70563769804536]]}},{"type":"Feature","properties":{},"geometry":{"type":"LineString","coordinates":[[85.3201568964821,27.705662994231922],[85.32015687342302,27.705638022296306]]}},{"type":"Feature","properties":{},"geometry":{"type":"LineString","coordinates":[[85.31973360956404,27.70507874236248],[85.31975045095922,27.70508020945305]]}},{"type":"Feature","properties":{},"geometry":{"type":"LineString","coordinates":[[85.31946211003101,27.703269974503083],[85.31946115037948,27.703291569817875]]}},{"type":"Feature","properties":{},"geometry":{"type":"LineString","coordinates":[[85.31947415181874,27.703269512372607],[85.31947523388435,27.70329174079007]]}},{"type":"Feature","properties":{},"geometry":{"type":"LineString","coordinates":[[85.31945066383422,27.70327041407895],[85.31945107715987,27.703292342855423]]}},{"type":"Feature","properties":{},"geometry":{"type":"LineString","coordinates":[[85.31994535582878,27.70349172217536],[85.31994880228633,27.70355673924059]]}},{"type":"Feature","properties":{},"geometry":{"type":"LineString","coordinates":[[85.31907323737602,27.70447629072999],[85.31910786662102,27.704480843088803]]}},{"type":"Feature","properties":{},"geometry":{"type":"LineString","coordinates":[[85.32059154125764,27.703987270512563],[85.32058898683438,27.703981445171987]]}},{"type":"Feature","properties":{},"geometry":{"type":"LineString","coordinates":[[85.32084964058629,27.704297702477096],[85.32084560761677,27.70429823660156]]}},{"type":"Feature","properties":{},"geometry":{"type":"LineString","coordinates":[[85.3207241003469,27.70396383117293],[85.32075613075114,27.703954593165793]]}},{"type":"Feature","properties":{},"geometry":{"type":"LineString","coordinates":[[85.32116304282056,27.703727481196545],[85.32114897907285,27.70365759339353]]}},{"type":"Feature","properties":{},"geometry":{"type":"LineString","coordinates":[[85.32139677507448,27.703644839932533],[85.32140846489833,27.70364418744207]]}},{"type":"Feature","properties":{},"geometry":{"type":"LineString","coordinates":[[85.32138443025491,27.70319600701731],[85.32137586086984,27.703214269937764]]}},{"type":"Feature","properties":{},"geometry":{"type":"LineString","coordinates":[[85.32138720987945,27.709117542455783],[85.32144558712582,27.709718462710608]]}},{"type":"Feature","properties":{},"geometry":{"type":"LineString","coordinates":[[85.31929935891402,27.703711728388406],[85.31929710527926,27.703733456909248]]}},{"type":"Feature","properties":{},"geometry":{"type":"LineString","coordinates":[[85.3180156594061,27.705838021028956],[85.31801248898263,27.705817490200392]]}},{"type":"Feature","properties":{},"geometry":{"type":"LineString","coordinates":[[85.31942499977288,27.705267435988276],[85.31945955569584,27.70526633563169]]}},{"type":"Feature","properties":{},"geometry":{"type":"LineString","coordinates":[[85.32036988220443,27.703231143251625],[85.3203857302725,27.70323123987098]]}},{"type":"Feature","properties":{},"geometry":{"type":"LineString","coordinates":[[85.32178328364692,27.7031467433619],[85.32177827491917,27.70312470110339]]}},{"type":"Feature","properties":{},"geometry":{"type":"LineString","coordinates":[[85.31942435030801,27.70327293043128],[85.31942384203606,27.703283532793037]]}},{"type":"Feature","properties":{},"geometry":{"type":"LineString","coordinates":[[85.31922774627648,27.703283824451045],[85.3192322363699,27.703303282815398]]}},{"type":"Feature","properties":{},"geometry":{"type":"LineString","coordinates":[[85.31919538542256,27.703286178885453],[85.31919999696754,27.70330611526986]]}},{"type":"Feature","properties":{},"geometry":{"type":"LineString","coordinates":[[85.31920958878857,27.70328514553787],[85.31921288394886,27.703305555118895]]}},{"type":"Feature","properties":{},"geometry":{"type":"LineString","coordinates":[[85.31907675824543,27.704094516666434],[85.31903950885619,27.704096973250778]]}},{"type":"Feature","properties":{},"geometry":{"type":"LineString","coordinates":[[85.31903485563174,27.704645019592306],[85.3190169494222,27.704641312002085]]}},{"type":"Feature","properties":{},"geometry":{"type":"LineString","coordinates":[[85.32126891480242,27.704332324471622],[85.32126341633136,27.704334328233234]]}},{"type":"Feature","properties":{},"geometry":{"type":"LineString","coordinates":[[85.32129225689795,27.70470959326314],[85.32129214073672,27.704717578491802]]}},{"type":"Feature","properties":{},"geometry":{"type":"LineString","coordinates":[[85.32036576032885,27.70564961506244],[85.32036437720598,27.705622733079547]]}},{"type":"Feature","properties":{},"geometry":{"type":"LineString","coordinates":[[85.32044969177907,27.70561446030538],[85.32046379297293,27.705611377720746]]}},{"type":"Feature","properties":{},"geometry":{"type":"LineString","coordinates":[[85.31941617223846,27.705839957430033],[85.31942187248035,27.705865486563848]]}},{"type":"Feature","properties":{},"geometry":{"type":"LineString","coordinates":[[85.31949943813073,27.70583376692007],[85.31949972985592,27.70586237215317]]}},{"type":"Feature","properties":{},"geometry":{"type":"LineString","coordinates":[[85.31958519199361,27.705826685965874],[85.31958543891666,27.705854576741533]]}},{"type":"Feature","properties":{},"geometry":{"type":"LineString","coordinates":[[85.31963918369006,27.705822017282053],[85.31963836232143,27.705850204663037]]}},{"type":"Feature","properties":{},"geometry":{"type":"LineString","coordinates":[[85.31766491191723,27.70586643888651],[85.31766514174541,27.705848617302983]]}},{"type":"Feature","properties":{},"geometry":{"type":"LineString","coordinates":[[85.31902127216507,27.705411766238086],[85.31905492868029,27.705400874168806]]}},{"type":"Feature","properties":{},"geometry":{"type":"LineString","coordinates":[[85.31772108931615,27.705863071913903],[85.31771930857276,27.705846748489744]]}},{"type":"Feature","properties":{},"geometry":{"type":"LineString","coordinates":[[85.31858250541016,27.70674511065772],[85.31855825573646,27.70674676468424]]}},{"type":"Feature","properties":{},"geometry":{"type":"LineString","coordinates":[[85.31877510139809,27.705950004602748],[85.31875022645261,27.70595316464425]]}},{"type":"Feature","properties":{},"geometry":{"type":"LineString","coordinates":[[85.3188194211984,27.705770513825307],[85.3188145178798,27.705742754230446]]}},{"type":"Feature","properties":{},"geometry":{"type":"LineString","coordinates":[[85.31880547773683,27.70577170461404],[85.31880172417785,27.70574422252658]]}},{"type":"Feature","properties":{},"geometry":{"type":"LineString","coordinates":[[85.3182587110005,27.705930698064407],[85.31826192355146,27.705947030756743]]}},{"type":"Feature","properties":{},"geometry":{"type":"LineString","coordinates":[[85.31879783717496,27.706677698548642],[85.31876429161872,27.706681987958905]]}},{"type":"Feature","properties":{},"geometry":{"type":"LineString","coordinates":[[85.31879934357967,27.706730046461374],[85.31876738427628,27.706732269354273]]}},{"type":"Feature","properties":{},"geometry":{"type":"LineString","coordinates":[[85.31879937160699,27.705078521046772],[85.31880147876701,27.705093472947468]]}},{"type":"Feature","properties":{},"geometry":{"type":"LineString","coordinates":[[85.31989969561207,27.704936665848763],[85.31987044472639,27.704935226862062]]}},{"type":"Feature","properties":{},"geometry":{"type":"LineString","coordinates":[[85.31810886349787,27.7047826684181],[85.31812937634848,27.704780788544657]]}},{"type":"Feature","properties":{},"geometry":{"type":"LineString","coordinates":[[85.31712063162715,27.7056064069433],[85.31711219314452,27.705593550479005]]}},{"type":"Feature","properties":{},"geometry":{"type":"LineString","coordinates":[[85.31735958908641,27.706465831336793],[85.31735196482192,27.706499032661398]]}},{"type":"Feature","properties":{},"geometry":{"type":"LineString","coordinates":[[85.32258952861615,27.704381845068685],[85.32256798428847,27.704384010047512]]}},{"type":"Feature","properties":{},"geometry":{"type":"LineString","coordinates":[[85.32139308905488,27.702038195453092],[85.32130650050249,27.702064961089096]]}},{"type":"Feature","properties":{},"geometry":{"type":"LineString","coordinates":[[85.32143848666975,27.702119138509442],[85.32143990745698,27.702146293527015]]}},{"type":"Feature","properties":{},"geometry":{"type":"LineString","coordinates":[[85.32153972289271,27.702176523385464],[85.321551994098,27.70217497718453]]}},{"type":"Feature","properties":{},"geometry":{"type":"LineString","coordinates":[[85.32196148313788,27.70846167838962],[85.32196954109773,27.70845816950276]]}},{"type":"Feature","properties":{},"geometry":{"type":"LineString","coordinates":[[85.32106857295358,27.701728690139092],[85.32106165549045,27.70170595321318]]}},{"type":"Feature","properties":{},"geometry":{"type":"LineString","coordinates":[[85.32247720793785,27.707167010490338],[85.32245851421818,27.707154821578307]]}},{"type":"Feature","properties":{},"geometry":{"type":"LineString","coordinates":[[85.32312737917061,27.707015660302666],[85.32314617776659,27.70703564930609]]}},{"type":"Feature","properties":{},"geometry":{"type":"LineString","coordinates":[[85.32309394663505,27.707035768369522],[85.32311145416074,27.70706054057933]]}},{"type":"Feature","properties":{},"geometry":{"type":"LineString","coordinates":[[85.32413568990744,27.70750832846242],[85.32411612033302,27.70751142824217]]}},{"type":"Feature","properties":{},"geometry":{"type":"LineString","coordinates":[[85.32424982612172,27.707603695265988],[85.3242575535202,27.707581398424193]]}},{"type":"Feature","properties":{},"geometry":{"type":"LineString","coordinates":[[85.32387551876114,27.707674430200537],[85.32380932859546,27.707662927165657]]}},{"type":"Feature","properties":{},"geometry":{"type":"LineString","coordinates":[[85.32346644133486,27.707916966999857],[85.32349500231274,27.707895869320843]]}},{"type":"Feature","properties":{},"geometry":{"type":"LineString","coordinates":[[85.32343151965073,27.707858106797303],[85.3234486015103,27.707851573479882]]}},{"type":"Feature","properties":{},"geometry":{"type":"LineString","coordinates":[[85.32341831918744,27.707839806611602],[85.32343226357979,27.707823317203193]]}},{"type":"Feature","properties":{},"geometry":{"type":"LineString","coordinates":[[85.32262739289898,27.707741899992254],[85.32262793787852,27.707723511788632]]}},{"type":"Feature","properties":{},"geometry":{"type":"LineString","coordinates":[[85.32334486178657,27.707556098288446],[85.323368265341,27.70755136090677]]}},{"type":"Feature","properties":{},"geometry":{"type":"LineString","coordinates":[[85.32333823776723,27.707537530276344],[85.32336212282098,27.7075319431134]]}},{"type":"Feature","properties":{},"geometry":{"type":"LineString","coordinates":[[85.32323998949285,27.70784437674312],[85.32324046769871,27.707850506317644]]}},{"type":"Feature","properties":{},"geometry":{"type":"LineString","coordinates":[[85.32266609578625,27.707946781427683],[85.32273673477869,27.70795324765337]]}},{"type":"Feature","properties":{},"geometry":{"type":"LineString","coordinates":[[85.32266313891297,27.707974674005847],[85.32272862400207,27.70798314912539]]}},{"type":"Feature","properties":{},"geometry":{"type":"LineString","coordinates":[[85.32479447046178,27.70734306261998],[85.32478468258668,27.707325402248184]]}},{"type":"Feature","properties":{},"geometry":{"type":"LineString","coordinates":[[85.32458177483805,27.707139206674224],[85.3246246095877,27.70714220353669]]}},{"type":"Feature","properties":{},"geometry":{"type":"LineString","coordinates":[[85.32360164664168,27.708335692352144],[85.32358870764845,27.708338023963442]]}},{"type":"Feature","properties":{},"geometry":{"type":"LineString","coordinates":[[85.32608746279611,27.709138772005364],[85.3261059671004,27.70913020587905]]}},{"type":"Feature","properties":{},"geometry":{"type":"LineString","coordinates":[[85.32608969248002,27.709157324662968],[85.32611564440809,27.709155397490388]]}},{"type":"Feature","properties":{},"geometry":{"type":"LineString","coordinates":[[85.32619988948969,27.708588030566755],[85.32620056101251,27.708570216077582]]}},{"type":"Feature","properties":{},"geometry":{"type":"LineString","coordinates":[[85.32622355400107,27.70828024018654],[85.32623378173327,27.70830238873805]]}},{"type":"Feature","properties":{},"geometry":{"type":"LineString","coordinates":[[85.32562733514996,27.70825560273197],[85.3256285851541,27.708289625846657]]}},{"type":"Feature","properties":{},"geometry":{"type":"LineString","coordinates":[[85.32568445376484,27.708256682671283],[85.32568411586321,27.708290297580053]]}},{"type":"Feature","properties":{},"geometry":{"type":"LineString","coordinates":[[85.32576591641362,27.70786417532196],[85.32605467756508,27.707812185468956]]}},{"type":"Feature","properties":{},"geometry":{"type":"LineString","coordinates":[[85.32576727662112,27.70787019822946],[85.32618364845973,27.70780050385157]]}},{"type":"Feature","properties":{},"geometry":{"type":"LineString","coordinates":[[85.32587987843611,27.70760100795929],[85.32587787308866,27.707578857746974]]}},{"type":"Feature","properties":{},"geometry":{"type":"LineString","coordinates":[[85.32576818432015,27.709928298345424],[85.32576769328936,27.70992505767575]]}},{"type":"Feature","properties":{},"geometry":{"type":"LineString","coordinates":[[85.32282291869312,27.7099354507511],[85.32281663188283,27.709938522652845]]}},{"type":"Feature","properties":{},"geometry":{"type":"LineString","coordinates":[[85.31822972206191,27.709273657744202],[85.3182167576993,27.70927591091811]]}},{"type":"Feature","properties":{},"geometry":{"type":"LineString","coordinates":[[85.32136906364283,27.699702567342875],[85.32137306660532,27.69971564324979]]}},{"type":"Feature","properties":{},"geometry":{"type":"LineString","coordinates":[[85.32138483793962,27.699699633084993],[85.32138707328714,27.699711992597653]]}},{"type":"Feature","properties":{},"geometry":{"type":"LineString","coordinates":[[85.32184426582215,27.70067545866586],[85.32184775449217,27.700687558087502]]}},{"type":"Feature","properties":{},"geometry":{"type":"LineString","coordinates":[[85.31776997892592,27.708362984703687],[85.31775487197844,27.708384266338356]]}},{"type":"Feature","properties":{},"geometry":{"type":"LineString","coordinates":[[85.31823003985085,27.709276674302494],[85.31826729284745,27.709272379553536]]}},{"type":"Feature","properties":{},"geometry":{"type":"LineString","coordinates":[[85.31823443945788,27.70931849305457],[85.31822380981113,27.709319936132278]]}},{"type":"Feature","properties":{},"geometry":{"type":"LineString","coordinates":[[85.31823095943693,27.709285413993822],[85.31822033303177,27.709287703698454]]}},{"type":"Feature","properties":{},"geometry":{"type":"LineString","coordinates":[[85.31823225514816,27.709297730530476],[85.31822177611663,27.709298610444655]]}},{"type":"Feature","properties":{},"geometry":{"type":"LineString","coordinates":[[85.31823323043021,27.70930700430292],[85.31822313369484,27.709308083812115]]}},{"type":"Feature","properties":{},"geometry":{"type":"LineString","coordinates":[[85.31776529923435,27.708340226100894],[85.31772074636218,27.70835395385732]]}},{"type":"Feature","properties":{},"geometry":{"type":"LineString","coordinates":[[85.31820762974405,27.70902357733806],[85.31818445161792,27.709026146847723]]}},{"type":"Feature","properties":{},"geometry":{"type":"LineString","coordinates":[[85.31820113067629,27.70896346555216],[85.3181794569416,27.708966863826724]]}},{"type":"Feature","properties":{},"geometry":{"type":"LineString","coordinates":[[85.31821784286839,27.709141507094518],[85.3181914947794,27.709144199643088]]}},{"type":"Feature","properties":{},"geometry":{"type":"LineString","coordinates":[[85.31821349746379,27.70909132962308],[85.31818878338308,27.709093541113017]]}},{"type":"Feature","properties":{},"geometry":{"type":"LineString","coordinates":[[85.31819461141295,27.708906455569444],[85.31818141699814,27.708909098553544]]}},{"type":"Feature","properties":{},"geometry":{"type":"LineString","coordinates":[[85.32568357305281,27.705660204534706],[85.32569420825716,27.70565564624263]]}},{"type":"Feature","properties":{},"geometry":{"type":"LineString","coordinates":[[85.32670504700096,27.705387255253612],[85.32670461719376,27.70539801023799]]}},{"type":"Feature","properties":{},"geometry":{"type":"LineString","coordinates":[[85.32673673498712,27.705381183275342],[85.32673694201048,27.705389612870732]]}},{"type":"Feature","properties":{},"geometry":{"type":"LineString","coordinates":[[85.32646534326695,27.705415578408076],[85.32646594229989,27.705425563320283]]}},{"type":"Feature","properties":{},"geometry":{"type":"LineString","coordinates":[[85.32636712185497,27.70542227193357],[85.32636570840177,27.705429370533505]]}},{"type":"Feature","properties":{},"geometry":{"type":"LineString","coordinates":[[85.3260885196588,27.705447383980434],[85.32609019460082,27.705458098526872]]}},{"type":"Feature","properties":{},"geometry":{"type":"LineString","coordinates":[[85.3260921331741,27.70544676069438],[85.32609283744041,27.705457223425004]]}},{"type":"Feature","properties":{},"geometry":{"type":"LineString","coordinates":[[85.32610138242742,27.705446100863337],[85.32610113236161,27.705455174765255]]}},{"type":"Feature","properties":{},"geometry":{"type":"LineString","coordinates":[[85.32610933599247,27.705445953354182],[85.32610915476637,27.705454304245034]]}},{"type":"Feature","properties":{},"geometry":{"type":"LineString","coordinates":[[85.32537849320728,27.70621933204517],[85.32535329235299,27.706242309284782]]}},{"type":"Feature","properties":{},"geometry":{"type":"LineString","coordinates":[[85.32446768676638,27.70655268341923],[85.3244569959536,27.706553572083312]]}},{"type":"Feature","properties":{},"geometry":{"type":"LineString","coordinates":[[85.32439641854117,27.70676455206154],[85.32440084737047,27.706778995890325]]}},{"type":"Feature","properties":{},"geometry":{"type":"LineString","coordinates":[[85.32395957483308,27.705702364903242],[85.3239584675483,27.70571244378188]]}},{"type":"Feature","properties":{},"geometry":{"type":"LineString","coordinates":[[85.32331705490729,27.705947595682797],[85.32333331023551,27.70594104694172]]}},{"type":"Feature","properties":{},"geometry":{"type":"LineString","coordinates":[[85.3235128212503,27.706038485061587],[85.32353512800822,27.706037876145942]]}},{"type":"Feature","properties":{},"geometry":{"type":"LineString","coordinates":[[85.31991734171959,27.70790005330235],[85.31987904471495,27.707900775296775]]}},{"type":"Feature","properties":{},"geometry":{"type":"LineString","coordinates":[[85.3198523817301,27.70674688119018],[85.31985151782136,27.70673761057931]]}},{"type":"Feature","properties":{},"geometry":{"type":"LineString","coordinates":[[85.31930389873875,27.70723856517897],[85.31930049621457,27.70726014977073]]}},{"type":"Feature","properties":{},"geometry":{"type":"LineString","coordinates":[[85.31931839420662,27.70723802546644],[85.31931378617816,27.707259594518685]]}},{"type":"Feature","properties":{},"geometry":{"type":"LineString","coordinates":[[85.31932357388317,27.70723777788275],[85.31932054560365,27.707223635220682]]}},{"type":"Feature","properties":{},"geometry":{"type":"LineString","coordinates":[[85.31933389617305,27.70723738515504],[85.31933056599088,27.70722196623749]]}},{"type":"Feature","properties":{},"geometry":{"type":"LineString","coordinates":[[85.31935009841695,27.70723690677743],[85.3193496935517,27.70722038346341]]}},{"type":"Feature","properties":{},"geometry":{"type":"LineString","coordinates":[[85.31955007753949,27.707933166154874],[85.3195481632455,27.7079162743286]]}},{"type":"Feature","properties":{},"geometry":{"type":"LineString","coordinates":[[85.3195813237015,27.70793190737894],[85.3195804049189,27.707913382297427]]}},{"type":"Feature","properties":{},"geometry":{"type":"LineString","coordinates":[[85.31968860259042,27.70792983332353],[85.31968748886524,27.707907220049517]]}},{"type":"Feature","properties":{},"geometry":{"type":"LineString","coordinates":[[85.31964377572251,27.707930299082992],[85.31964316654785,27.70791056203063]]}},{"type":"Feature","properties":{},"geometry":{"type":"LineString","coordinates":[[85.31974694942292,27.707929227514036],[85.31974988287512,27.707906484665532]]}},{"type":"Feature","properties":{},"geometry":{"type":"LineString","coordinates":[[85.31789188646242,27.707501170572307],[85.31793776482878,27.707493163846163]]}},{"type":"Feature","properties":{},"geometry":{"type":"LineString","coordinates":[[85.32245464686478,27.709201858200753],[85.32248981433438,27.70919142498527]]}},{"type":"Feature","properties":{},"geometry":{"type":"LineString","coordinates":[[85.3272165804394,27.70903880811802],[85.327207877236,27.709029448208323]]}},{"type":"Feature","properties":{},"geometry":{"type":"LineString","coordinates":[[85.32732974673479,27.70900068295754],[85.32733982563498,27.709022900937086]]}},{"type":"Feature","properties":{},"geometry":{"type":"LineString","coordinates":[[85.3268334994642,27.70715428781689],[85.32682228194984,27.707112934657268]]}},{"type":"Feature","properties":{},"geometry":{"type":"LineString","coordinates":[[85.32690955288179,27.706250321387184],[85.32689280879741,27.706255947657198]]}},{"type":"Feature","properties":{},"geometry":{"type":"LineString","coordinates":[[85.32691160963019,27.706502651781456],[85.32691876151904,27.70654375001419]]}},{"type":"Feature","properties":{},"geometry":{"type":"LineString","coordinates":[[85.32693095499012,27.706497748303736],[85.32693824427518,27.706519807138008]]}},{"type":"Feature","properties":{},"geometry":{"type":"LineString","coordinates":[[85.32021987115239,27.70200422940504],[85.32020716033601,27.701943778718075]]}},{"type":"Feature","properties":{},"geometry":{"type":"LineString","coordinates":[[85.3193427625486,27.703945605135836],[85.31934497236539,27.703927132470362]]}},{"type":"Feature","properties":{},"geometry":{"type":"LineString","coordinates":[[85.31906681138676,27.704534630911606],[85.31904825183055,27.704531803497815]]}},{"type":"Feature","properties":{},"geometry":{"type":"LineString","coordinates":[[85.32026366033472,27.704837597811345],[85.32028794283838,27.704840127172822]]}},{"type":"Feature","properties":{},"geometry":{"type":"LineString","coordinates":[[85.31942300866687,27.70572009744798],[85.31941836960357,27.705699765423446]]}},{"type":"Feature","properties":{},"geometry":{"type":"LineString","coordinates":[[85.31830945889875,27.705814940335934],[85.31830198306272,27.705771044443395]]}},{"type":"Feature","properties":{},"geometry":{"type":"LineString","coordinates":[[85.31847360608757,27.70579988356362],[85.31846193016,27.705764303257165]]}},{"type":"Feature","properties":{},"geometry":{"type":"LineString","coordinates":[[85.31792465136145,27.70584531424016],[85.31792369790136,27.70582437442053]]}},{"type":"Feature","properties":{},"geometry":{"type":"LineString","coordinates":[[85.31885894071112,27.705768780752962],[85.31885404173518,27.705736438082738]]}},{"type":"Feature","properties":{},"geometry":{"type":"LineString","coordinates":[[85.31964115610317,27.70501761609326],[85.31964144393918,27.705010876663106]]}},{"type":"Feature","properties":{},"geometry":{"type":"LineString","coordinates":[[85.31848229803813,27.703334102177188],[85.31847785540347,27.703415317993834]]}},{"type":"Feature","properties":{},"geometry":{"type":"LineString","coordinates":[[85.32225800524645,27.701925426702488],[85.32223827316413,27.701928871760256]]}},{"type":"Feature","properties":{},"geometry":{"type":"LineString","coordinates":[[85.3220771885177,27.709214600043794],[85.32211534865434,27.709211057142806]]}},{"type":"Feature","properties":{},"geometry":{"type":"LineString","coordinates":[[85.32208017960885,27.70923603568281],[85.3221215019933,27.70922975849237]]}},{"type":"Feature","properties":{},"geometry":{"type":"LineString","coordinates":[[85.3262274021928,27.708567290584543],[85.32630388296667,27.708539220163146]]}},{"type":"Feature","properties":{},"geometry":{"type":"LineString","coordinates":[[85.32681884762422,27.70652299764136],[85.32682977017889,27.70656261073458]]}},{"type":"Feature","properties":{},"geometry":{"type":"LineString","coordinates":[[85.32580257546272,27.705890455142615],[85.32574998776282,27.70591289724206]]}},{"type":"Feature","properties":{},"geometry":{"type":"LineString","coordinates":[[85.32304044418466,27.70570591734534],[85.32303802836367,27.70573232729657]]}},{"type":"Feature","properties":{},"geometry":{"type":"LineString","coordinates":[[85.32309727355357,27.705710369430435],[85.32309273808066,27.705733944977784]]}}]}