{"type":"FeatureCollection","features":[{"type":"Feature","properties":{},"geometry":{"type":"Point","coordinates":[85.31712577961844,27.708830780779657]}},{"type":"Feature","properties":{},"geometry":{"type":"Point","coordinates":[85.31704988585334,27.708598218859315]}},{"type":"Feature","properties":{},"geometry":{"type":"Point","coordinates":[85.31712813548907,27.70805282978205]}},{"type":"Feature","properties":{},"geometry":{"type":"Point","coordinates":[85.3170532053469,27.708068290919655]}},{"type":"Feature","properties":{},"geometry":{"type":"Point","coordinates":[85.32214287787205,27.701173471997276]}},{"type":"Feature","properties":{},"geometry":{"type":"Point","coordinates":[85.32205058385313,27.701069762597875]}},{"type":"Feature","properties":{},"geometry":{"type":"Point","coordinates":[85.32190004511143,27.701037444430245]}},{"type":"Feature","properties":{},"geometry":{"type":"Point","coordinates":[85.32174372925273,27.701136749470976]}},{"type":"Feature","properties":{},"geometry":{"type":"Point","coordinates":[85.32157554486903,27.70109108406749]}},{"type":"Feature","properties":{},"geometry":{"type":"Point","coordinates":[85.32146110975138,27.7011125590339]}},{"type":"Feature","properties":{},"geometry":{"type":"Point","coordinates":[85.32133396928474,27.701167128783165]}},{"type":"Feature","properties":{},"geometry":{"type":"Point","coordinates":[85.32134264333997,27.701162686026695]}},{"type":"Feature","properties":{},"geometry":{"type":"Point","coordinates":[85.32135672201342,27.701163155483222]}},{"type":"Feature","properties":{},"geometry":{"type":"Point","coordinates":[85.32132243873635,27.701070606840002]}},{"type":"Feature","properties":{},"geometry":{"type":"Point","coordinates":[85.32123622407416,27.701130563657237]}},{"type":"Feature","properties":{},"geometry":{"type":"Point","coordinates":[85.32207247664898,27.70083898300037]}},{"type":"Feature","properties":{},"geometry":{"type":"Point","coordinates":[85.32207221937352,27.70083657820306]}},{"type":"Feature","properties":{},"geometry":{"type":"Point","coordinates":[85.32207210152039,27.700835532527126]}},{"type":"Feature","properties":{},"geometry":{"type":"Point","coordinates":[85.32166593300101,27.70077721161005]}},{"type":"Feature","properties":{},"geometry":{"type":"Point","coordinates":[85.32172142198127,27.700710313285597]}},{"type":"Feature","properties":{},"geometry":{"type":"Point","coordinates":[85.32180986658162,27.700691397641343]}},{"type":"Feature","properties":{},"geometry":{"type":"Point","coordinates":[85.32168004116556,27.70052686344788]}},{"type":"Feature","properties":{},"geometry":{"type":"Point","coordinates":[85.32165374226504,27.700504879871534]}},{"type":"Feature","properties":{},"geometry":{"type":"Point","coordinates":[85.3216000121718,27.700517676433254]}},{"type":"Feature","properties":{},"geometry":{"type":"Point","coordinates":[85.32157935057451,27.700545233424396]}},{"type":"Feature","properties":{},"geometry":{"type":"Point","coordinates":[85.32147826769027,27.700610369480145]}},{"type":"Feature","properties":{},"geometry":{"type":"Point","coordinates":[85.32144180065025,27.700573316394458]}},{"type":"Feature","properties":{},"geometry":{"type":"Point","coordinates":[85.32165471752394,27.70071209944516]}},{"type":"Feature","properties":{},"geometry":{"type":"Point","coordinates":[85.32165625817079,27.70071234195468]}},{"type":"Feature","properties":{},"geometry":{"type":"Point","coordinates":[85.32157215624663,27.70070855331869]}},{"type":"Feature","properties":{},"geometry":{"type":"Point","coordinates":[85.32148794747366,27.700715722066924]}},{"type":"Feature","properties":{},"geometry":{"type":"Point","coordinates":[85.32136865207862,27.70077691059633]}},{"type":"Feature","properties":{},"geometry":{"type":"Point","coordinates":[85.3211832964496,27.70081050491627]}},{"type":"Feature","properties":{},"geometry":{"type":"Point","coordinates":[85.32105422992038,27.700811928029875]}},{"type":"Feature","properties":{},"geometry":{"type":"Point","coordinates":[85.32096472109006,27.700799004654385]}},{"type":"Feature","properties":{},"geometry":{"type":"Point","coordinates":[85.32093125220149,27.700831790805783]}},{"type":"Feature","properties":{},"geometry":{"type":"Point","coordinates":[85.32087089848321,27.700856428486734]}},{"type":"Feature","properties":{},"geometry":{"type":"Point","coordinates":[85.3208219921833,27.700851188978422]}},{"type":"Feature","properties":{},"geometry":{"type":"Point","coordinates":[85.32084691817685,27.70084428447377]}},{"type":"Feature","properties":{},"geometry":{"type":"Point","coordinates":[85.32084918043911,27.700844021293012]}},{"type":"Feature","properties":{},"geometry":{"type":"Point","coordinates":[85.32085299143982,27.700843074715383]}},{"type":"Feature","properties":{},"geometry":{"type":"Point","coordinates":[85.32125192628483,27.700892209911338]}},{"type":"Feature","properties":{},"geometry":{"type":"Point","coordinates":[85.32129176979748,27.700988439793754]}},{"type":"Feature","properties":{},"geometry":{"type":"Point","coordinates":[85.32116925140822,27.700992991215607]}},{"type":"Feature","properties":{},"geometry":{"type":"Point","coordinates":[85.32109248307786,27.701032766014954]}},{"type":"Feature","properties":{},"geometry":{"type":"Point","coordinates":[85.32101590082742,27.701050446864812]}},{"type":"Feature","properties":{},"geometry":{"type":"Point","coordinates":[85.3209780449836,27.701046618533205]}},{"type":"Feature","properties":{},"geometry":{"type":"Point","coordinates":[85.32097623046425,27.701057906345532]}},{"type":"Feature","properties":{},"geometry":{"type":"Point","coordinates":[85.3211686792235,27.70073273927279]}},{"type":"Feature","properties":{},"geometry":{"type":"Point","coordinates":[85.32116881008986,27.70073088070975]}},{"type":"Feature","properties":{},"geometry":{"type":"Point","coordinates":[85.32117348268469,27.700680073416233]}},{"type":"Feature","properties":{},"geometry":{"type":"Point","coordinates":[85.32114714450526,27.700689012346245]}},{"type":"Feature","properties":{},"geometry":{"type":"Point","coordinates":[85.32115183013507,27.70060390119245]}},{"type":"Feature","properties":{},"geometry":{"type":"Point","coordinates":[85.32104899044106,27.70062533413487]}},{"type":"Feature","properties":{},"geometry":{"type":"Point","coordinates":[85.32103626921165,27.7006364165691]}},{"type":"Feature","properties":{},"geometry":{"type":"Point","coordinates":[85.32201723646907,27.700571962650717]}},{"type":"Feature","properties":{},"geometry":{"type":"Point","coordinates":[85.32199624517007,27.70046704790178]}},{"type":"Feature","properties":{},"geometry":{"type":"Point","coordinates":[85.32199116675879,27.70045035871333]}},{"type":"Feature","properties":{},"geometry":{"type":"Point","coordinates":[85.3219833354581,27.700402839428858]}},{"type":"Feature","properties":{},"geometry":{"type":"Point","coordinates":[85.3219683545345,27.70040156576365]}},{"type":"Feature","properties":{},"geometry":{"type":"Point","coordinates":[85.32192654085716,27.700349111004304]}},{"type":"Feature","properties":{},"geometry":{"type":"Point","coordinates":[85.32194205033595,27.70030728901841]}},{"type":"Feature","properties":{},"geometry":{"type":"Point","coordinates":[85.32193869086771,27.700279985043014]}},{"type":"Feature","properties":{},"geometry":{"type":"Point","coordinates":[85.32193905281508,27.70026779420728]}},{"type":"Feature","properties":{},"geometry":{"type":"Point","coordinates":[85.32194113229558,27.7002031275095]}},{"type":"Feature","properties":{},"geometry":{"type":"Point","coordinates":[85.32193239809676,27.700164850195648]}},{"type":"Feature","properties":{},"geometry":{"type":"Point","coordinates":[85.32192327707222,27.70012295980718]}},{"type":"Feature","properties":{},"geometry":{"type":"Point","coordinates":[85.32191731698717,27.700093645923936]}},{"type":"Feature","properties":{},"geometry":{"type":"Point","coordinates":[85.32191692694357,27.70009090557434]}},{"type":"Feature","properties":{},"geometry":{"type":"Point","coordinates":[85.32190542987863,27.700050884441684]}},{"type":"Feature","properties":{},"geometry":{"type":"Point","coordinates":[85.32189635302935,27.69999073243866]}},{"type":"Feature","properties":{},"geometry":{"type":"Point","coordinates":[85.32187629118579,27.699901828398517]}},{"type":"Feature","properties":{},"geometry":{"type":"Point","coordinates":[85.32184077401861,27.69973609718018]}},{"type":"Feature","properties":{},"geometry":{"type":"Point","coordinates":[85.32183520906358,27.699706542589986]}},{"type":"Feature","properties":{},"geometry":{"type":"Point","coordinates":[85.32180920509762,27.69959584128723]}},{"type":"Feature","properties":{},"geometry":{"type":"Point","coordinates":[85.32180945890586,27.699599466287488]}},{"type":"Feature","properties":{},"geometry":{"type":"Point","coordinates":[85.32173017506513,27.69957449381789]}},{"type":"Feature","properties":{},"geometry":{"type":"Point","coordinates":[85.32168133284797,27.699577823290788]}},{"type":"Feature","properties":{},"geometry":{"type":"Point","coordinates":[85.32150730000262,27.699687138323508]}},{"type":"Feature","properties":{},"geometry":{"type":"Point","coordinates":[85.32141608276682,27.699700493885114]}},{"type":"Feature","properties":{},"geometry":{"type":"Point","coordinates":[85.32133926766821,27.6997152334308]}},{"type":"Feature","properties":{},"geometry":{"type":"Point","coordinates":[85.32120692475257,27.699790613256635]}},{"type":"Feature","properties":{},"geometry":{"type":"Point","coordinates":[85.32180585741406,27.699889250524496]}},{"type":"Feature","properties":{},"geometry":{"type":"Point","coordinates":[85.32176969969204,27.69988626432389]}},{"type":"Feature","properties":{},"geometry":{"type":"Point","coordinates":[85.32174388510916,27.699946420272674]}},{"type":"Feature","properties":{},"geometry":{"type":"Point","coordinates":[85.32170754494642,27.699953433875727]}},{"type":"Feature","properties":{},"geometry":{"type":"Point","coordinates":[85.32173852364609,27.70025498502358]}},{"type":"Feature","properties":{},"geometry":{"type":"Point","coordinates":[85.32527061239273,27.705714760800305]}},{"type":"Feature","properties":{},"geometry":{"type":"Point","coordinates":[85.32527052157366,27.70571393477282]}},{"type":"Feature","properties":{},"geometry":{"type":"Point","coordinates":[85.32522464895281,27.705675831974613]}},{"type":"Feature","properties":{},"geometry":{"type":"Point","coordinates":[85.32529522442711,27.70582879403564]}},{"type":"Feature","properties":{},"geometry":{"type":"Point","coordinates":[85.32529821395758,27.705840476681328]}},{"type":"Feature","properties":{},"geometry":{"type":"Point","coordinates":[85.32529578400919,27.706005816602175]}},{"type":"Feature","properties":{},"geometry":{"type":"Point","coordinates":[85.32535761936705,27.706086411305222]}},{"type":"Feature","properties":{},"geometry":{"type":"Point","coordinates":[85.32533906450271,27.706190079099713]}},{"type":"Feature","properties":{},"geometry":{"type":"Point","coordinates":[85.32525431763257,27.705842414063362]}},{"type":"Feature","properties":{},"geometry":{"type":"Point","coordinates":[85.3249551108402,27.70563780624395]}},{"type":"Feature","properties":{},"geometry":{"type":"Point","coordinates":[85.32462583752078,27.70579985852219]}},{"type":"Feature","properties":{},"geometry":{"type":"Point","coordinates":[85.32467177736228,27.705987000017306]}},{"type":"Feature","properties":{},"geometry":{"type":"Point","coordinates":[85.32467202022583,27.705987896478867]}},{"type":"Feature","properties":{},"geometry":{"type":"Point","coordinates":[85.32454310882905,27.705674209060263]}},{"type":"Feature","properties":{},"geometry":{"type":"Point","coordinates":[85.32456556474652,27.70567106742746]}},{"type":"Feature","properties":{},"geometry":{"type":"Point","coordinates":[85.32449755298542,27.705681027853217]}},{"type":"Feature","properties":{},"geometry":{"type":"Point","coordinates":[85.32446045348922,27.705686053641138]}},{"type":"Feature","properties":{},"geometry":{"type":"Point","coordinates":[85.32440172643236,27.705692305019063]}},{"type":"Feature","properties":{},"geometry":{"type":"Point","coordinates":[85.32429820394356,27.70570763886722]}},{"type":"Feature","properties":{},"geometry":{"type":"Point","coordinates":[85.32477514401259,27.706121997761368]}},{"type":"Feature","properties":{},"geometry":{"type":"Point","coordinates":[85.32477659966199,27.706124092140247]}},{"type":"Feature","properties":{},"geometry":{"type":"Point","coordinates":[85.3247761811152,27.7061219507446]}},{"type":"Feature","properties":{},"geometry":{"type":"Point","coordinates":[85.32409636719437,27.705955660400246]}},{"type":"Feature","properties":{},"geometry":{"type":"Point","coordinates":[85.32409461363353,27.70596927666183]}},{"type":"Feature","properties":{},"geometry":{"type":"Point","coordinates":[85.324190404576,27.705932412967766]}},{"type":"Feature","properties":{},"geometry":{"type":"Point","coordinates":[85.32418938554582,27.705932471932098]}},{"type":"Feature","properties":{},"geometry":{"type":"Point","coordinates":[85.32444391100563,27.706135452058966]}},{"type":"Feature","properties":{},"geometry":{"type":"Point","coordinates":[85.32444497321468,27.706136748339333]}},{"type":"Feature","properties":{},"geometry":{"type":"Point","coordinates":[85.32456127785896,27.706355263041814]}},{"type":"Feature","properties":{},"geometry":{"type":"Point","coordinates":[85.3248221682053,27.70639908217893]}},{"type":"Feature","properties":{},"geometry":{"type":"Point","coordinates":[85.32467629233953,27.706406372861164]}},{"type":"Feature","properties":{},"geometry":{"type":"Point","coordinates":[85.32467451101897,27.706406478560773]}},{"type":"Feature","properties":{},"geometry":{"type":"Point","coordinates":[85.3246017723222,27.706392538310297]}},{"type":"Feature","properties":{},"geometry":{"type":"Point","coordinates":[85.3245209199518,27.706235919864017]}},{"type":"Feature","properties":{},"geometry":{"type":"Point","coordinates":[85.32445610995987,27.70639236095845]}},{"type":"Feature","properties":{},"geometry":{"type":"Point","coordinates":[85.32445584257324,27.70639439657664]}},{"type":"Feature","properties":{},"geometry":{"type":"Point","coordinates":[85.32447839719019,27.706453357744987]}},{"type":"Feature","properties":{},"geometry":{"type":"Point","coordinates":[85.32447855644342,27.70645640757564]}},{"type":"Feature","properties":{},"geometry":{"type":"Point","coordinates":[85.32448260884678,27.706575716548507]}},{"type":"Feature","properties":{},"geometry":{"type":"Point","coordinates":[85.32446341207633,27.706756566792876]}},{"type":"Feature","properties":{},"geometry":{"type":"Point","coordinates":[85.32456429081373,27.706719665168002]}},{"type":"Feature","properties":{},"geometry":{"type":"Point","coordinates":[85.32465246335191,27.706732587346483]}},{"type":"Feature","properties":{},"geometry":{"type":"Point","coordinates":[85.32446047140681,27.70657897483497]}},{"type":"Feature","properties":{},"geometry":{"type":"Point","coordinates":[85.32446026695634,27.70658220077254]}},{"type":"Feature","properties":{},"geometry":{"type":"Point","coordinates":[85.32441623275301,27.70677297350936]}},{"type":"Feature","properties":{},"geometry":{"type":"Point","coordinates":[85.32437135669242,27.70678345488837]}},{"type":"Feature","properties":{},"geometry":{"type":"Point","coordinates":[85.32431145646771,27.706770018277414]}},{"type":"Feature","properties":{},"geometry":{"type":"Point","coordinates":[85.32427299931159,27.70693869912469]}},{"type":"Feature","properties":{},"geometry":{"type":"Point","coordinates":[85.32414126999237,27.706662165820713]}},{"type":"Feature","properties":{},"geometry":{"type":"Point","coordinates":[85.32414250819734,27.706640867154825]}},{"type":"Feature","properties":{},"geometry":{"type":"Point","coordinates":[85.32418850834316,27.706723838386264]}},{"type":"Feature","properties":{},"geometry":{"type":"Point","coordinates":[85.32408440032242,27.706496373384912]}},{"type":"Feature","properties":{},"geometry":{"type":"Point","coordinates":[85.32407878072003,27.706447648112402]}},{"type":"Feature","properties":{},"geometry":{"type":"Point","coordinates":[85.32407393242461,27.706431061060943]}},{"type":"Feature","properties":{},"geometry":{"type":"Point","coordinates":[85.32407381635886,27.706427840269047]}},{"type":"Feature","properties":{},"geometry":{"type":"Point","coordinates":[85.32396980100616,27.706592793987557]}},{"type":"Feature","properties":{},"geometry":{"type":"Point","coordinates":[85.32389795333019,27.706502984291298]}},{"type":"Feature","properties":{},"geometry":{"type":"Point","coordinates":[85.32385447737248,27.70650672598903]}},{"type":"Feature","properties":{},"geometry":{"type":"Point","coordinates":[85.3238278616902,27.706486638809825]}},{"type":"Feature","properties":{},"geometry":{"type":"Point","coordinates":[85.32467463974979,27.706724989150587]}},{"type":"Feature","properties":{},"geometry":{"type":"Point","coordinates":[85.32467440820534,27.70672720119978]}},{"type":"Feature","properties":{},"geometry":{"type":"Point","coordinates":[85.3240010119342,27.705709520202685]}},{"type":"Feature","properties":{},"geometry":{"type":"Point","coordinates":[85.32390136377818,27.705765147056916]}},{"type":"Feature","properties":{},"geometry":{"type":"Point","coordinates":[85.32361433210599,27.70580195190674]}},{"type":"Feature","properties":{},"geometry":{"type":"Point","coordinates":[85.32362365982283,27.705711525831383]}},{"type":"Feature","properties":{},"geometry":{"type":"Point","coordinates":[85.32362580869454,27.705712185443655]}},{"type":"Feature","properties":{},"geometry":{"type":"Point","coordinates":[85.32362484836,27.705803190300834]}},{"type":"Feature","properties":{},"geometry":{"type":"Point","coordinates":[85.3236339432684,27.70580340875077]}},{"type":"Feature","properties":{},"geometry":{"type":"Point","coordinates":[85.32351580391891,27.70576905485079]}},{"type":"Feature","properties":{},"geometry":{"type":"Point","coordinates":[85.32351078845812,27.70571499108882]}},{"type":"Feature","properties":{},"geometry":{"type":"Point","coordinates":[85.32341444528117,27.705717404612322]}},{"type":"Feature","properties":{},"geometry":{"type":"Point","coordinates":[85.32342522732924,27.705804654487505]}},{"type":"Feature","properties":{},"geometry":{"type":"Point","coordinates":[85.3234289074934,27.70580816303827]}},{"type":"Feature","properties":{},"geometry":{"type":"Point","coordinates":[85.32325715344327,27.70575695338964]}},{"type":"Feature","properties":{},"geometry":{"type":"Point","coordinates":[85.32317667525001,27.705725953476637]}},{"type":"Feature","properties":{},"geometry":{"type":"Point","coordinates":[85.32325901703655,27.705778523377422]}},{"type":"Feature","properties":{},"geometry":{"type":"Point","coordinates":[85.3232400875653,27.70585954679951]}},{"type":"Feature","properties":{},"geometry":{"type":"Point","coordinates":[85.32331431837088,27.705901675227143]}},{"type":"Feature","properties":{},"geometry":{"type":"Point","coordinates":[85.3233148917786,27.705903701170996]}},{"type":"Feature","properties":{},"geometry":{"type":"Point","coordinates":[85.3233155048718,27.705905917130476]}},{"type":"Feature","properties":{},"geometry":{"type":"Point","coordinates":[85.32331609544292,27.705908743841647]}},{"type":"Feature","properties":{},"geometry":{"type":"Point","coordinates":[85.32334606214624,27.70600232822077]}},{"type":"Feature","properties":{},"geometry":{"type":"Point","coordinates":[85.32333976633917,27.70625555726394]}},{"type":"Feature","properties":{},"geometry":{"type":"Point","coordinates":[85.32331415869149,27.70627752194778]}},{"type":"Feature","properties":{},"geometry":{"type":"Point","coordinates":[85.32349747857914,27.70612787254562]}},{"type":"Feature","properties":{},"geometry":{"type":"Point","coordinates":[85.32352013537611,27.70608586622256]}},{"type":"Feature","properties":{},"geometry":{"type":"Point","coordinates":[85.32351978578204,27.706072650500985]}},{"type":"Feature","properties":{},"geometry":{"type":"Point","coordinates":[85.32358934930227,27.706184605596555]}},{"type":"Feature","properties":{},"geometry":{"type":"Point","coordinates":[85.32379647424597,27.706159123218175]}},{"type":"Feature","properties":{},"geometry":{"type":"Point","coordinates":[85.3239110951283,27.70614054681656]}},{"type":"Feature","properties":{},"geometry":{"type":"Point","coordinates":[85.32391012804574,27.706129976204462]}},{"type":"Feature","properties":{},"geometry":{"type":"Point","coordinates":[85.32366139898902,27.706237691432918]}},{"type":"Feature","properties":{},"geometry":{"type":"Point","coordinates":[85.3237668592807,27.706242168995814]}},{"type":"Feature","properties":{},"geometry":{"type":"Point","coordinates":[85.323840710929,27.70622932742712]}},{"type":"Feature","properties":{},"geometry":{"type":"Point","coordinates":[85.32140775208758,27.709293092264737]}},{"type":"Feature","properties":{},"geometry":{"type":"Point","coordinates":[85.32141871135859,27.709393976424792]}},{"type":"Feature","properties":{},"geometry":{"type":"Point","coordinates":[85.31993729127774,27.707775280170495]}},{"type":"Feature","properties":{},"geometry":{"type":"Point","coordinates":[85.31993722664872,27.7077738064307]}},{"type":"Feature","properties":{},"geometry":{"type":"Point","coordinates":[85.31993728314393,27.70777230347452]}},{"type":"Feature","properties":{},"geometry":{"type":"Point","coordinates":[85.3198735361963,27.70780859006164]}},{"type":"Feature","properties":{},"geometry":{"type":"Point","coordinates":[85.31987848473706,27.70785850136168]}},{"type":"Feature","properties":{},"geometry":{"type":"Point","coordinates":[85.32030393827596,27.707491622762735]}},{"type":"Feature","properties":{},"geometry":{"type":"Point","coordinates":[85.32030619470903,27.707491418190305]}},{"type":"Feature","properties":{},"geometry":{"type":"Point","coordinates":[85.320495019055,27.707314955637464]}},{"type":"Feature","properties":{},"geometry":{"type":"Point","coordinates":[85.32042064141248,27.707103687641506]}},{"type":"Feature","properties":{},"geometry":{"type":"Point","coordinates":[85.32042895772344,27.70707079777478]}},{"type":"Feature","properties":{},"geometry":{"type":"Point","coordinates":[85.32044637420124,27.70730808637491]}},{"type":"Feature","properties":{},"geometry":{"type":"Point","coordinates":[85.32056243498357,27.70708716945049]}},{"type":"Feature","properties":{},"geometry":{"type":"Point","coordinates":[85.32056455245505,27.707087231243793]}},{"type":"Feature","properties":{},"geometry":{"type":"Point","coordinates":[85.32056639944115,27.707086944079972]}},{"type":"Feature","properties":{},"geometry":{"type":"Point","coordinates":[85.3206434329922,27.707076429909453]}},{"type":"Feature","properties":{},"geometry":{"type":"Point","coordinates":[85.32041028265851,27.707137178188663]}},{"type":"Feature","properties":{},"geometry":{"type":"Point","coordinates":[85.32042474935811,27.70709548550626]}},{"type":"Feature","properties":{},"geometry":{"type":"Point","coordinates":[85.31995540625466,27.707426223696775]}},{"type":"Feature","properties":{},"geometry":{"type":"Point","coordinates":[85.31989337196767,27.70742745814401]}},{"type":"Feature","properties":{},"geometry":{"type":"Point","coordinates":[85.31988700870811,27.707633263422444]}},{"type":"Feature","properties":{},"geometry":{"type":"Point","coordinates":[85.31995482524289,27.707310138371074]}},{"type":"Feature","properties":{},"geometry":{"type":"Point","coordinates":[85.31995404946605,27.7071106680428]}},{"type":"Feature","properties":{},"geometry":{"type":"Point","coordinates":[85.3198922794585,27.706929748405873]}},{"type":"Feature","properties":{},"geometry":{"type":"Point","coordinates":[85.31989225317459,27.706927625298064]}},{"type":"Feature","properties":{},"geometry":{"type":"Point","coordinates":[85.31995237532911,27.706966186169815]}},{"type":"Feature","properties":{},"geometry":{"type":"Point","coordinates":[85.3199523552233,27.70696888814929]}},{"type":"Feature","properties":{},"geometry":{"type":"Point","coordinates":[85.31995170863291,27.706770912191782]}},{"type":"Feature","properties":{},"geometry":{"type":"Point","coordinates":[85.31995152004309,27.70676799828849]}},{"type":"Feature","properties":{},"geometry":{"type":"Point","coordinates":[85.31950823721697,27.70722707473833]}},{"type":"Feature","properties":{},"geometry":{"type":"Point","coordinates":[85.31951049849246,27.707227083238415]}},{"type":"Feature","properties":{},"geometry":{"type":"Point","coordinates":[85.31967416088014,27.70725226194841]}},{"type":"Feature","properties":{},"geometry":{"type":"Point","coordinates":[85.31968121770497,27.707342265580213]}},{"type":"Feature","properties":{},"geometry":{"type":"Point","coordinates":[85.31978749927246,27.707253033073556]}},{"type":"Feature","properties":{},"geometry":{"type":"Point","coordinates":[85.31928394437105,27.707258229442797]}},{"type":"Feature","properties":{},"geometry":{"type":"Point","coordinates":[85.3193074552331,27.707226914975937]}},{"type":"Feature","properties":{},"geometry":{"type":"Point","coordinates":[85.31987887818919,27.706738701721495]}},{"type":"Feature","properties":{},"geometry":{"type":"Point","coordinates":[85.3198770935393,27.706738759483613]}},{"type":"Feature","properties":{},"geometry":{"type":"Point","coordinates":[85.31987564841374,27.706738763603873]}},{"type":"Feature","properties":{},"geometry":{"type":"Point","coordinates":[85.31966508895711,27.706747840602148]}},{"type":"Feature","properties":{},"geometry":{"type":"Point","coordinates":[85.31956769615843,27.70674920706113]}},{"type":"Feature","properties":{},"geometry":{"type":"Point","coordinates":[85.31947585364009,27.70677808275258]}},{"type":"Feature","properties":{},"geometry":{"type":"Point","coordinates":[85.31947840681525,27.70677796844033]}},{"type":"Feature","properties":{},"geometry":{"type":"Point","coordinates":[85.31944393347659,27.706754528656415]}},{"type":"Feature","properties":{},"geometry":{"type":"Point","coordinates":[85.31941489985508,27.706756350387696]}},{"type":"Feature","properties":{},"geometry":{"type":"Point","coordinates":[85.31941315628619,27.706756374345836]}},{"type":"Feature","properties":{},"geometry":{"type":"Point","coordinates":[85.31937046565972,27.706781179659064]}},{"type":"Feature","properties":{},"geometry":{"type":"Point","coordinates":[85.3193723592944,27.706781090735095]}},{"type":"Feature","properties":{},"geometry":{"type":"Point","coordinates":[85.31921412854477,27.706613056763654]}},{"type":"Feature","properties":{},"geometry":{"type":"Point","coordinates":[85.31921749427394,27.70661299022964]}},{"type":"Feature","properties":{},"geometry":{"type":"Point","coordinates":[85.31917384579121,27.706773709097764]}},{"type":"Feature","properties":{},"geometry":{"type":"Point","coordinates":[85.31985047390313,27.70814303379029]}},{"type":"Feature","properties":{},"geometry":{"type":"Point","coordinates":[85.31911183293708,27.708857656666876]}},{"type":"Feature","properties":{},"geometry":{"type":"Point","coordinates":[85.31913914026056,27.70890748480184]}},{"type":"Feature","properties":{},"geometry":{"type":"Point","coordinates":[85.32027183824874,27.70791672241012]}},{"type":"Feature","properties":{},"geometry":{"type":"Point","coordinates":[85.31961180258453,27.70792182321113]}},{"type":"Feature","properties":{},"geometry":{"type":"Point","coordinates":[85.31871706058214,27.70792847367955]}},{"type":"Feature","properties":{},"geometry":{"type":"Point","coordinates":[85.31870885333453,27.70793033973337]}},{"type":"Feature","properties":{},"geometry":{"type":"Point","coordinates":[85.31863377288207,27.70792903692877]}},{"type":"Feature","properties":{},"geometry":{"type":"Point","coordinates":[85.31852705536234,27.70789953329797]}},{"type":"Feature","properties":{},"geometry":{"type":"Point","coordinates":[85.3185292621638,27.707899788450323]}},{"type":"Feature","properties":{},"geometry":{"type":"Point","coordinates":[85.319527819884,27.707858825782456]}},{"type":"Feature","properties":{},"geometry":{"type":"Point","coordinates":[85.31933447103107,27.70749957183444]}},{"type":"Feature","properties":{},"geometry":{"type":"Point","coordinates":[85.31798476705688,27.70771630187596]}},{"type":"Feature","properties":{},"geometry":{"type":"Point","coordinates":[85.31797995207346,27.707796820834826]}},{"type":"Feature","properties":{},"geometry":{"type":"Point","coordinates":[85.31797939374582,27.70779262804336]}},{"type":"Feature","properties":{},"geometry":{"type":"Point","coordinates":[85.31791074160274,27.707781814321148]}},{"type":"Feature","properties":{},"geometry":{"type":"Point","coordinates":[85.31791048223917,27.70777902230326]}},{"type":"Feature","properties":{},"geometry":{"type":"Point","coordinates":[85.31793173937399,27.70778333035026]}},{"type":"Feature","properties":{},"geometry":{"type":"Point","coordinates":[85.31776134839978,27.707716169819722]}},{"type":"Feature","properties":{},"geometry":{"type":"Point","coordinates":[85.31785708005873,27.707576188665104]}},{"type":"Feature","properties":{},"geometry":{"type":"Point","coordinates":[85.31783799615391,27.707517218168892]}},{"type":"Feature","properties":{},"geometry":{"type":"Point","coordinates":[85.31793766723393,27.70751704221336]}},{"type":"Feature","properties":{},"geometry":{"type":"Point","coordinates":[85.31793474827985,27.707464056192578]}},{"type":"Feature","properties":{},"geometry":{"type":"Point","coordinates":[85.31900398325045,27.70765462964432]}},{"type":"Feature","properties":{},"geometry":{"type":"Point","coordinates":[85.31906313026532,27.70749578955203]}},{"type":"Feature","properties":{},"geometry":{"type":"Point","coordinates":[85.31847658715064,27.70729729400227]}},{"type":"Feature","properties":{},"geometry":{"type":"Point","coordinates":[85.31847481170797,27.707297742660153]}},{"type":"Feature","properties":{},"geometry":{"type":"Point","coordinates":[85.3184781287826,27.707298535679943]}},{"type":"Feature","properties":{},"geometry":{"type":"Point","coordinates":[85.31947542803222,27.707661463538827]}},{"type":"Feature","properties":{},"geometry":{"type":"Point","coordinates":[85.3194182585051,27.707531417428964]}},{"type":"Feature","properties":{},"geometry":{"type":"Point","coordinates":[85.31942374662177,27.707645814985803]}},{"type":"Feature","properties":{},"geometry":{"type":"Point","coordinates":[85.31720629404172,27.708068648559625]}},{"type":"Feature","properties":{},"geometry":{"type":"Point","coordinates":[85.31725177642393,27.70804965779171]}},{"type":"Feature","properties":{},"geometry":{"type":"Point","coordinates":[85.31736341797297,27.708045934577804]}},{"type":"Feature","properties":{},"geometry":{"type":"Point","coordinates":[85.31755215677228,27.708041086105098]}},{"type":"Feature","properties":{},"geometry":{"type":"Point","coordinates":[85.3175539353734,27.70804102739766]}},{"type":"Feature","properties":{},"geometry":{"type":"Point","coordinates":[85.31755606074236,27.70804156678013]}},{"type":"Feature","properties":{},"geometry":{"type":"Point","coordinates":[85.31812749870743,27.70832945859537]}},{"type":"Feature","properties":{},"geometry":{"type":"Point","coordinates":[85.31815577310928,27.7086397372195]}},{"type":"Feature","properties":{},"geometry":{"type":"Point","coordinates":[85.31820503467077,27.708653962418158]}},{"type":"Feature","properties":{},"geometry":{"type":"Point","coordinates":[85.31816000846538,27.708669453551302]}},{"type":"Feature","properties":{},"geometry":{"type":"Point","coordinates":[85.31816055235944,27.70867286907478]}},{"type":"Feature","properties":{},"geometry":{"type":"Point","coordinates":[85.3181653917019,27.708744326452944]}},{"type":"Feature","properties":{},"geometry":{"type":"Point","coordinates":[85.31821718339523,27.708752607540173]}},{"type":"Feature","properties":{},"geometry":{"type":"Point","coordinates":[85.31817289674477,27.708828037590596]}},{"type":"Feature","properties":{},"geometry":{"type":"Point","coordinates":[85.31817922723246,27.708855043763513]}},{"type":"Feature","properties":{},"geometry":{"type":"Point","coordinates":[85.31826425145452,27.709249181475947]}},{"type":"Feature","properties":{},"geometry":{"type":"Point","coordinates":[85.31826439962713,27.709251091257574]}},{"type":"Feature","properties":{},"geometry":{"type":"Point","coordinates":[85.31821957603042,27.70926710924199]}},{"type":"Feature","properties":{},"geometry":{"type":"Point","coordinates":[85.31826535980302,27.70971843286883]}},{"type":"Feature","properties":{},"geometry":{"type":"Point","coordinates":[85.3177429067102,27.708378581090535]}},{"type":"Feature","properties":{},"geometry":{"type":"Point","coordinates":[85.31774538941417,27.708379757497706]}},{"type":"Feature","properties":{},"geometry":{"type":"Point","coordinates":[85.31771526302775,27.708325014782034]}},{"type":"Feature","properties":{},"geometry":{"type":"Point","coordinates":[85.31774140476931,27.70819782448577]}},{"type":"Feature","properties":{},"geometry":{"type":"Point","coordinates":[85.31769260456515,27.708042319357617]}},{"type":"Feature","properties":{},"geometry":{"type":"Point","coordinates":[85.31778153588343,27.70803817808128]}},{"type":"Feature","properties":{},"geometry":{"type":"Point","coordinates":[85.31760678612012,27.70793493024836]}},{"type":"Feature","properties":{},"geometry":{"type":"Point","coordinates":[85.31762621819885,27.707934593321607]}},{"type":"Feature","properties":{},"geometry":{"type":"Point","coordinates":[85.32603068725885,27.709253871391205]}},{"type":"Feature","properties":{},"geometry":{"type":"Point","coordinates":[85.32610943718268,27.709254423956317]}},{"type":"Feature","properties":{},"geometry":{"type":"Point","coordinates":[85.32610439512213,27.70889495136446]}},{"type":"Feature","properties":{},"geometry":{"type":"Point","coordinates":[85.32630997652431,27.708868056784716]}},{"type":"Feature","properties":{},"geometry":{"type":"Point","coordinates":[85.32645418922671,27.70885075046199]}},{"type":"Feature","properties":{},"geometry":{"type":"Point","coordinates":[85.32650289662723,27.70887479027336]}},{"type":"Feature","properties":{},"geometry":{"type":"Point","coordinates":[85.32605739037656,27.70886148684589]}},{"type":"Feature","properties":{},"geometry":{"type":"Point","coordinates":[85.32603538241158,27.708960380883223]}},{"type":"Feature","properties":{},"geometry":{"type":"Point","coordinates":[85.32601275821331,27.708831637730917]}},{"type":"Feature","properties":{},"geometry":{"type":"Point","coordinates":[85.32601149745255,27.7088298598075]}},{"type":"Feature","properties":{},"geometry":{"type":"Point","coordinates":[85.3260408084647,27.70874919620545]}},{"type":"Feature","properties":{},"geometry":{"type":"Point","coordinates":[85.32627256415746,27.70871554946715]}},{"type":"Feature","properties":{},"geometry":{"type":"Point","coordinates":[85.32625482248501,27.708636899921853]}},{"type":"Feature","properties":{},"geometry":{"type":"Point","coordinates":[85.32616616892011,27.70864613766275]}},{"type":"Feature","properties":{},"geometry":{"type":"Point","coordinates":[85.32626428684343,27.708577926373508]}},{"type":"Feature","properties":{},"geometry":{"type":"Point","coordinates":[85.32617111465859,27.70860090401774]}},{"type":"Feature","properties":{},"geometry":{"type":"Point","coordinates":[85.32640383975502,27.708250216367773]}},{"type":"Feature","properties":{},"geometry":{"type":"Point","coordinates":[85.32623378173327,27.70830238873805]}},{"type":"Feature","properties":{},"geometry":{"type":"Point","coordinates":[85.32613274378313,27.708293925765318]}},{"type":"Feature","properties":{},"geometry":{"type":"Point","coordinates":[85.32593679413317,27.70847830211268]}},{"type":"Feature","properties":{},"geometry":{"type":"Point","coordinates":[85.32583949919372,27.708278367191685]}},{"type":"Feature","properties":{},"geometry":{"type":"Point","coordinates":[85.32552160264079,27.708284749446687]}},{"type":"Feature","properties":{},"geometry":{"type":"Point","coordinates":[85.3256254168971,27.707906424466383]}},{"type":"Feature","properties":{},"geometry":{"type":"Point","coordinates":[85.32559843718371,27.707822412075142]}},{"type":"Feature","properties":{},"geometry":{"type":"Point","coordinates":[85.32580114443935,27.708059189803038]}},{"type":"Feature","properties":{},"geometry":{"type":"Point","coordinates":[85.3259266604032,27.707861890200327]}},{"type":"Feature","properties":{},"geometry":{"type":"Point","coordinates":[85.32606394131626,27.70783808780319]}},{"type":"Feature","properties":{},"geometry":{"type":"Point","coordinates":[85.3261953721335,27.707805899352234]}},{"type":"Feature","properties":{},"geometry":{"type":"Point","coordinates":[85.3257612928769,27.707753954425748]}},{"type":"Feature","properties":{},"geometry":{"type":"Point","coordinates":[85.32586357966238,27.70776387773723]}},{"type":"Feature","properties":{},"geometry":{"type":"Point","coordinates":[85.32590034180893,27.707714839286858]}},{"type":"Feature","properties":{},"geometry":{"type":"Point","coordinates":[85.32586277216843,27.707576740943654]}},{"type":"Feature","properties":{},"geometry":{"type":"Point","coordinates":[85.32586016454933,27.707577696791944]}},{"type":"Feature","properties":{},"geometry":{"type":"Point","coordinates":[85.32585782508339,27.707578292156732]}},{"type":"Feature","properties":{},"geometry":{"type":"Point","coordinates":[85.32633765201449,27.70748117998025]}},{"type":"Feature","properties":{},"geometry":{"type":"Point","coordinates":[85.32633765516032,27.707478715160022]}},{"type":"Feature","properties":{},"geometry":{"type":"Point","coordinates":[85.32628629530075,27.707598116755058]}},{"type":"Feature","properties":{},"geometry":{"type":"Point","coordinates":[85.32628783897383,27.707597703100493]}},{"type":"Feature","properties":{},"geometry":{"type":"Point","coordinates":[85.32631901924431,27.707494660773808]}},{"type":"Feature","properties":{},"geometry":{"type":"Point","coordinates":[85.32522268967892,27.708332507807583]}},{"type":"Feature","properties":{},"geometry":{"type":"Point","coordinates":[85.32723899837784,27.70962289125501]}},{"type":"Feature","properties":{},"geometry":{"type":"Point","coordinates":[85.32724232665483,27.709623491058718]}},{"type":"Feature","properties":{},"geometry":{"type":"Point","coordinates":[85.32749556996141,27.709572684638903]}},{"type":"Feature","properties":{},"geometry":{"type":"Point","coordinates":[85.32758470490087,27.70955487045752]}},{"type":"Feature","properties":{},"geometry":{"type":"Point","coordinates":[85.3275868462598,27.709554699576174]}},{"type":"Feature","properties":{},"geometry":{"type":"Point","coordinates":[85.32706969152504,27.709425879309066]}},{"type":"Feature","properties":{},"geometry":{"type":"Point","coordinates":[85.32718719261867,27.709310653271768]}},{"type":"Feature","properties":{},"geometry":{"type":"Point","coordinates":[85.32697577236216,27.709298404555067]}},{"type":"Feature","properties":{},"geometry":{"type":"Point","coordinates":[85.32706675332983,27.709227257094135]}},{"type":"Feature","properties":{},"geometry":{"type":"Point","coordinates":[85.32697941107222,27.70920575958193]}},{"type":"Feature","properties":{},"geometry":{"type":"Point","coordinates":[85.32697340277821,27.709210194281596]}},{"type":"Feature","properties":{},"geometry":{"type":"Point","coordinates":[85.3269740500711,27.709212500895024]}},{"type":"Feature","properties":{},"geometry":{"type":"Point","coordinates":[85.32700214666247,27.709227331813853]}},{"type":"Feature","properties":{},"geometry":{"type":"Point","coordinates":[85.32697556129625,27.709270635119694]}},{"type":"Feature","properties":{},"geometry":{"type":"Point","coordinates":[85.32441546725666,27.70992503568219]}},{"type":"Feature","properties":{},"geometry":{"type":"Point","coordinates":[85.32440719802314,27.709871767427856]}},{"type":"Feature","properties":{},"geometry":{"type":"Point","coordinates":[85.32450146887415,27.70986803399114]}},{"type":"Feature","properties":{},"geometry":{"type":"Point","coordinates":[85.3245209308345,27.70983716600602]}},{"type":"Feature","properties":{},"geometry":{"type":"Point","coordinates":[85.32503982882953,27.709721424749652]}},{"type":"Feature","properties":{},"geometry":{"type":"Point","coordinates":[85.32504681242263,27.709899750613]}},{"type":"Feature","properties":{},"geometry":{"type":"Point","coordinates":[85.32504180919891,27.709938488767676]}},{"type":"Feature","properties":{},"geometry":{"type":"Point","coordinates":[85.32480735283075,27.709577794930066]}},{"type":"Feature","properties":{},"geometry":{"type":"Point","coordinates":[85.32480706129051,27.70957576969571]}},{"type":"Feature","properties":{},"geometry":{"type":"Point","coordinates":[85.32488322968389,27.709564429543278]}},{"type":"Feature","properties":{},"geometry":{"type":"Point","coordinates":[85.3249488656695,27.709587861582353]}},{"type":"Feature","properties":{},"geometry":{"type":"Point","coordinates":[85.32503817735339,27.70961970212672]}},{"type":"Feature","properties":{},"geometry":{"type":"Point","coordinates":[85.32507536119175,27.709723811461867]}},{"type":"Feature","properties":{},"geometry":{"type":"Point","coordinates":[85.32448550948125,27.710060219611748]}},{"type":"Feature","properties":{},"geometry":{"type":"Point","coordinates":[85.32409354147967,27.710078722761068]}},{"type":"Feature","properties":{},"geometry":{"type":"Point","coordinates":[85.3240891785949,27.710078668128233]}},{"type":"Feature","properties":{},"geometry":{"type":"Point","coordinates":[85.32416407289908,27.710082371955735]}},{"type":"Feature","properties":{},"geometry":{"type":"Point","coordinates":[85.32402485815501,27.710089841721317]}},{"type":"Feature","properties":{},"geometry":{"type":"Point","coordinates":[85.32397626407534,27.710096137016173]}},{"type":"Feature","properties":{},"geometry":{"type":"Point","coordinates":[85.3238090834123,27.710084952529144]}},{"type":"Feature","properties":{},"geometry":{"type":"Point","coordinates":[85.32365298931256,27.710090729201372]}},{"type":"Feature","properties":{},"geometry":{"type":"Point","coordinates":[85.32347573676327,27.710120115453737]}},{"type":"Feature","properties":{},"geometry":{"type":"Point","coordinates":[85.3231894735368,27.710152332571088]}},{"type":"Feature","properties":{},"geometry":{"type":"Point","coordinates":[85.32306417175086,27.71016534007178]}},{"type":"Feature","properties":{},"geometry":{"type":"Point","coordinates":[85.32345462279423,27.709764553187558]}},{"type":"Feature","properties":{},"geometry":{"type":"Point","coordinates":[85.32346099627024,27.70978910204437]}},{"type":"Feature","properties":{},"geometry":{"type":"Point","coordinates":[85.32348895974933,27.709919248658885]}},{"type":"Feature","properties":{},"geometry":{"type":"Point","coordinates":[85.32349052800406,27.709924524990104]}},{"type":"Feature","properties":{},"geometry":{"type":"Point","coordinates":[85.32353304401983,27.71010394551175]}},{"type":"Feature","properties":{},"geometry":{"type":"Point","coordinates":[85.32419606556601,27.710083997611147]}},{"type":"Feature","properties":{},"geometry":{"type":"Point","coordinates":[85.32351256190512,27.710047120370348]}},{"type":"Feature","properties":{},"geometry":{"type":"Point","coordinates":[85.32347295285267,27.709736233075695]}},{"type":"Feature","properties":{},"geometry":{"type":"Point","coordinates":[85.32340648605263,27.709693405378655]}},{"type":"Feature","properties":{},"geometry":{"type":"Point","coordinates":[85.32336828090774,27.709607378435418]}},{"type":"Feature","properties":{},"geometry":{"type":"Point","coordinates":[85.32348545852447,27.70962013471213]}},{"type":"Feature","properties":{},"geometry":{"type":"Point","coordinates":[85.32348746062048,27.709624428912164]}},{"type":"Feature","properties":{},"geometry":{"type":"Point","coordinates":[85.32325326968001,27.71000285307115]}},{"type":"Feature","properties":{},"geometry":{"type":"Point","coordinates":[85.32326180538271,27.71005417781071]}},{"type":"Feature","properties":{},"geometry":{"type":"Point","coordinates":[85.32325348030275,27.70992861122256]}},{"type":"Feature","properties":{},"geometry":{"type":"Point","coordinates":[85.3232694059508,27.709937159930327]}},{"type":"Feature","properties":{},"geometry":{"type":"Point","coordinates":[85.32325540281421,27.70981796242079]}},{"type":"Feature","properties":{},"geometry":{"type":"Point","coordinates":[85.32238495475079,27.710240532360903]}},{"type":"Feature","properties":{},"geometry":{"type":"Point","coordinates":[85.32238725665617,27.71024047451997]}},{"type":"Feature","properties":{},"geometry":{"type":"Point","coordinates":[85.3229627447718,27.7100377645487]}},{"type":"Feature","properties":{},"geometry":{"type":"Point","coordinates":[85.32296171177981,27.710036877464606]}},{"type":"Feature","properties":{},"geometry":{"type":"Point","coordinates":[85.32296129811402,27.710035413034394]}},{"type":"Feature","properties":{},"geometry":{"type":"Point","coordinates":[85.32296021473229,27.710034240134995]}},{"type":"Feature","properties":{},"geometry":{"type":"Point","coordinates":[85.3229579052904,27.710032404351352]}},{"type":"Feature","properties":{},"geometry":{"type":"Point","coordinates":[85.32298216178167,27.71004904518172]}},{"type":"Feature","properties":{},"geometry":{"type":"Point","coordinates":[85.32288356576711,27.710034602932613]}},{"type":"Feature","properties":{},"geometry":{"type":"Point","coordinates":[85.32283295743669,27.70995877957833]}},{"type":"Feature","properties":{},"geometry":{"type":"Point","coordinates":[85.32285278965408,27.70989777397924]}},{"type":"Feature","properties":{},"geometry":{"type":"Point","coordinates":[85.32278385908707,27.70989509299873]}},{"type":"Feature","properties":{},"geometry":{"type":"Point","coordinates":[85.32280082565565,27.709844282145585]}},{"type":"Feature","properties":{},"geometry":{"type":"Point","coordinates":[85.32274988011959,27.709850829208598]}},{"type":"Feature","properties":{},"geometry":{"type":"Point","coordinates":[85.32270462848976,27.709792371640614]}},{"type":"Feature","properties":{},"geometry":{"type":"Point","coordinates":[85.32269178803976,27.709775523434267]}},{"type":"Feature","properties":{},"geometry":{"type":"Point","coordinates":[85.32272869917072,27.709747840161576]}},{"type":"Feature","properties":{},"geometry":{"type":"Point","coordinates":[85.32272978867486,27.709749938247192]}},{"type":"Feature","properties":{},"geometry":{"type":"Point","coordinates":[85.3227312158849,27.709751903238075]}},{"type":"Feature","properties":{},"geometry":{"type":"Point","coordinates":[85.32261536290534,27.709672253884126]}},{"type":"Feature","properties":{},"geometry":{"type":"Point","coordinates":[85.32266872940555,27.70965653564624]}},{"type":"Feature","properties":{},"geometry":{"type":"Point","coordinates":[85.32258623939282,27.70963304178795]}},{"type":"Feature","properties":{},"geometry":{"type":"Point","coordinates":[85.32282468848351,27.709530081618265]}},{"type":"Feature","properties":{},"geometry":{"type":"Point","coordinates":[85.32282341205966,27.709538677349446]}},{"type":"Feature","properties":{},"geometry":{"type":"Point","coordinates":[85.32297218472839,27.709504514429685]}},{"type":"Feature","properties":{},"geometry":{"type":"Point","coordinates":[85.32299934051692,27.70948554881184]}},{"type":"Feature","properties":{},"geometry":{"type":"Point","coordinates":[85.32252339973238,27.70942377298171]}},{"type":"Feature","properties":{},"geometry":{"type":"Point","coordinates":[85.322497325769,27.709226619671856]}},{"type":"Feature","properties":{},"geometry":{"type":"Point","coordinates":[85.3224736249095,27.709143857708145]}},{"type":"Feature","properties":{},"geometry":{"type":"Point","coordinates":[85.32247394777329,27.709147478125693]}},{"type":"Feature","properties":{},"geometry":{"type":"Point","coordinates":[85.32245404364508,27.708891675382265]}},{"type":"Feature","properties":{},"geometry":{"type":"Point","coordinates":[85.32245383894944,27.70888941202191]}},{"type":"Feature","properties":{},"geometry":{"type":"Point","coordinates":[85.32237041067276,27.70868736670097]}},{"type":"Feature","properties":{},"geometry":{"type":"Point","coordinates":[85.32241067290713,27.708552263295033]}},{"type":"Feature","properties":{},"geometry":{"type":"Point","coordinates":[85.32241092440275,27.70855385392288]}},{"type":"Feature","properties":{},"geometry":{"type":"Point","coordinates":[85.32236837748422,27.70839728159591]}},{"type":"Feature","properties":{},"geometry":{"type":"Point","coordinates":[85.32237224712327,27.708397490053336]}},{"type":"Feature","properties":{},"geometry":{"type":"Point","coordinates":[85.3221872592081,27.70850025369564]}},{"type":"Feature","properties":{},"geometry":{"type":"Point","coordinates":[85.32218463663855,27.708500460177795]}},{"type":"Feature","properties":{},"geometry":{"type":"Point","coordinates":[85.3221157089247,27.70937987562274]}},{"type":"Feature","properties":{},"geometry":{"type":"Point","coordinates":[85.32207105367686,27.709107359099267]}},{"type":"Feature","properties":{},"geometry":{"type":"Point","coordinates":[85.3220400528385,27.708866157680898]}},{"type":"Feature","properties":{},"geometry":{"type":"Point","coordinates":[85.32196954109773,27.70845816950276]}},{"type":"Feature","properties":{},"geometry":{"type":"Point","coordinates":[85.32193911531708,27.70824752983943]}},{"type":"Feature","properties":{},"geometry":{"type":"Point","coordinates":[85.32192789158532,27.708126792779147]}},{"type":"Feature","properties":{},"geometry":{"type":"Point","coordinates":[85.32197625432515,27.707999332094268]}},{"type":"Feature","properties":{},"geometry":{"type":"Point","coordinates":[85.32208461476327,27.707830576135194]}},{"type":"Feature","properties":{},"geometry":{"type":"Point","coordinates":[85.32208441981403,27.707829598118966]}},{"type":"Feature","properties":{},"geometry":{"type":"Point","coordinates":[85.32208601651,27.707827510027986]}},{"type":"Feature","properties":{},"geometry":{"type":"Point","coordinates":[85.32225848323102,27.70764132213327]}},{"type":"Feature","properties":{},"geometry":{"type":"Point","coordinates":[85.32225951813732,27.70763969655492]}},{"type":"Feature","properties":{},"geometry":{"type":"Point","coordinates":[85.3223767536072,27.70751557415257]}},{"type":"Feature","properties":{},"geometry":{"type":"Point","coordinates":[85.32237394029774,27.707517179982567]}},{"type":"Feature","properties":{},"geometry":{"type":"Point","coordinates":[85.3224261452758,27.707459664317042]}},{"type":"Feature","properties":{},"geometry":{"type":"Point","coordinates":[85.32256949637203,27.70730092336359]}},{"type":"Feature","properties":{},"geometry":{"type":"Point","coordinates":[85.322574195489,27.7072968899678]}},{"type":"Feature","properties":{},"geometry":{"type":"Point","coordinates":[85.32257449745562,27.707296507337137]}},{"type":"Feature","properties":{},"geometry":{"type":"Point","coordinates":[85.32265778634363,27.707205489360597]}},{"type":"Feature","properties":{},"geometry":{"type":"Point","coordinates":[85.32267009883317,27.70687089652717]}},{"type":"Feature","properties":{},"geometry":{"type":"Point","coordinates":[85.3226555152776,27.706899868463395]}},{"type":"Feature","properties":{},"geometry":{"type":"Point","coordinates":[85.3226558287558,27.706898733247783]}},{"type":"Feature","properties":{},"geometry":{"type":"Point","coordinates":[85.32265619726965,27.706897977768847]}},{"type":"Feature","properties":{},"geometry":{"type":"Point","coordinates":[85.32244120168774,27.707182864185178]}},{"type":"Feature","properties":{},"geometry":{"type":"Point","coordinates":[85.3224407381087,27.70718293979604]}},{"type":"Feature","properties":{},"geometry":{"type":"Point","coordinates":[85.32243871449639,27.70718502813306]}},{"type":"Feature","properties":{},"geometry":{"type":"Point","coordinates":[85.32233623034486,27.70728993095906]}},{"type":"Feature","properties":{},"geometry":{"type":"Point","coordinates":[85.32232628485431,27.70730552917208]}},{"type":"Feature","properties":{},"geometry":{"type":"Point","coordinates":[85.32226628021012,27.70736770758769]}},{"type":"Feature","properties":{},"geometry":{"type":"Point","coordinates":[85.32226533541551,27.707368216002955]}},{"type":"Feature","properties":{},"geometry":{"type":"Point","coordinates":[85.32223766693878,27.707411104503983]}},{"type":"Feature","properties":{},"geometry":{"type":"Point","coordinates":[85.32217781072266,27.707469938032514]}},{"type":"Feature","properties":{},"geometry":{"type":"Point","coordinates":[85.32216677249335,27.70748981188906]}},{"type":"Feature","properties":{},"geometry":{"type":"Point","coordinates":[85.32210743252925,27.707553008234935]}},{"type":"Feature","properties":{},"geometry":{"type":"Point","coordinates":[85.32210451326013,27.70755497740372]}},{"type":"Feature","properties":{},"geometry":{"type":"Point","coordinates":[85.32204114759905,27.707625906676327]}},{"type":"Feature","properties":{},"geometry":{"type":"Point","coordinates":[85.32203880594363,27.70762883051984]}},{"type":"Feature","properties":{},"geometry":{"type":"Point","coordinates":[85.32203850958904,27.707627984851147]}},{"type":"Feature","properties":{},"geometry":{"type":"Point","coordinates":[85.321944655347,27.70772885830808]}},{"type":"Feature","properties":{},"geometry":{"type":"Point","coordinates":[85.32194367910098,27.707730626294858]}},{"type":"Feature","properties":{},"geometry":{"type":"Point","coordinates":[85.32193127972396,27.707744150458016]}},{"type":"Feature","properties":{},"geometry":{"type":"Point","coordinates":[85.32193005173207,27.707746001134616]}},{"type":"Feature","properties":{},"geometry":{"type":"Point","coordinates":[85.32176910048224,27.70790223189516]}},{"type":"Feature","properties":{},"geometry":{"type":"Point","coordinates":[85.32242594386146,27.707096099748284]}},{"type":"Feature","properties":{},"geometry":{"type":"Point","coordinates":[85.32229821225351,27.707023976978846]}},{"type":"Feature","properties":{},"geometry":{"type":"Point","coordinates":[85.32229673432956,27.707030896040894]}},{"type":"Feature","properties":{},"geometry":{"type":"Point","coordinates":[85.32216079587617,27.70711689374804]}},{"type":"Feature","properties":{},"geometry":{"type":"Point","coordinates":[85.32211237108969,27.707103328133446]}},{"type":"Feature","properties":{},"geometry":{"type":"Point","coordinates":[85.32224515119849,27.707175621473716]}},{"type":"Feature","properties":{},"geometry":{"type":"Point","coordinates":[85.32224802896242,27.7072042643821]}},{"type":"Feature","properties":{},"geometry":{"type":"Point","coordinates":[85.32221801590508,27.706950991623145]}},{"type":"Feature","properties":{},"geometry":{"type":"Point","coordinates":[85.32221648386823,27.70695203625341]}},{"type":"Feature","properties":{},"geometry":{"type":"Point","coordinates":[85.322262251619,27.70697236760784]}},{"type":"Feature","properties":{},"geometry":{"type":"Point","coordinates":[85.32226221224089,27.706972952883465]}},{"type":"Feature","properties":{},"geometry":{"type":"Point","coordinates":[85.3224284231143,27.70682065352386]}},{"type":"Feature","properties":{},"geometry":{"type":"Point","coordinates":[85.32248366392525,27.706751799813294]}},{"type":"Feature","properties":{},"geometry":{"type":"Point","coordinates":[85.32247780390587,27.706739316066763]}},{"type":"Feature","properties":{},"geometry":{"type":"Point","coordinates":[85.32247866863902,27.70673655031214]}},{"type":"Feature","properties":{},"geometry":{"type":"Point","coordinates":[85.32267929177009,27.706660539378795]}},{"type":"Feature","properties":{},"geometry":{"type":"Point","coordinates":[85.32236518297002,27.70653732038354]}},{"type":"Feature","properties":{},"geometry":{"type":"Point","coordinates":[85.32231350006442,27.706515212462946]}},{"type":"Feature","properties":{},"geometry":{"type":"Point","coordinates":[85.32228340306774,27.706432977643786]}},{"type":"Feature","properties":{},"geometry":{"type":"Point","coordinates":[85.32229531834041,27.70629340959887]}},{"type":"Feature","properties":{},"geometry":{"type":"Point","coordinates":[85.32223789803231,27.70653638776685]}},{"type":"Feature","properties":{},"geometry":{"type":"Point","coordinates":[85.32223567709921,27.70653944304504]}},{"type":"Feature","properties":{},"geometry":{"type":"Point","coordinates":[85.32220702375471,27.706569303082112]}},{"type":"Feature","properties":{},"geometry":{"type":"Point","coordinates":[85.32220516457356,27.706572707517456]}},{"type":"Feature","properties":{},"geometry":{"type":"Point","coordinates":[85.32220497862876,27.706574719748314]}},{"type":"Feature","properties":{},"geometry":{"type":"Point","coordinates":[85.32218133145912,27.70661884835263]}},{"type":"Feature","properties":{},"geometry":{"type":"Point","coordinates":[85.32219702099746,27.706634573165637]}},{"type":"Feature","properties":{},"geometry":{"type":"Point","coordinates":[85.32219681735802,27.70663813936769]}},{"type":"Feature","properties":{},"geometry":{"type":"Point","coordinates":[85.3221583293271,27.706689809366562]}},{"type":"Feature","properties":{},"geometry":{"type":"Point","coordinates":[85.32217271360021,27.706455572439484]}},{"type":"Feature","properties":{},"geometry":{"type":"Point","coordinates":[85.32217627756773,27.706455407150887]}},{"type":"Feature","properties":{},"geometry":{"type":"Point","coordinates":[85.32213044234122,27.706446524666067]}},{"type":"Feature","properties":{},"geometry":{"type":"Point","coordinates":[85.3221004330634,27.706451607773925]}},{"type":"Feature","properties":{},"geometry":{"type":"Point","coordinates":[85.32208222739683,27.706549016485997]}},{"type":"Feature","properties":{},"geometry":{"type":"Point","coordinates":[85.32208084980105,27.70655169840201]}},{"type":"Feature","properties":{},"geometry":{"type":"Point","coordinates":[85.32205880854275,27.706653103120946]}},{"type":"Feature","properties":{},"geometry":{"type":"Point","coordinates":[85.32206019843701,27.706655515328787]}},{"type":"Feature","properties":{},"geometry":{"type":"Point","coordinates":[85.3227547344697,27.70661703198693]}},{"type":"Feature","properties":{},"geometry":{"type":"Point","coordinates":[85.3227625371754,27.706594201837927]}},{"type":"Feature","properties":{},"geometry":{"type":"Point","coordinates":[85.32276936966677,27.706538207573878]}},{"type":"Feature","properties":{},"geometry":{"type":"Point","coordinates":[85.32276329780973,27.706480304201104]}},{"type":"Feature","properties":{},"geometry":{"type":"Point","coordinates":[85.32294629667236,27.707091164925828]}},{"type":"Feature","properties":{},"geometry":{"type":"Point","coordinates":[85.32297249693491,27.707122233042117]}},{"type":"Feature","properties":{},"geometry":{"type":"Point","coordinates":[85.32310224213485,27.707155629644017]}},{"type":"Feature","properties":{},"geometry":{"type":"Point","coordinates":[85.32318669313233,27.707228627240546]}},{"type":"Feature","properties":{},"geometry":{"type":"Point","coordinates":[85.32315768617735,27.707020027543017]}},{"type":"Feature","properties":{},"geometry":{"type":"Point","coordinates":[85.32323221226018,27.706986663348076]}},{"type":"Feature","properties":{},"geometry":{"type":"Point","coordinates":[85.32334511845362,27.70693690623648]}},{"type":"Feature","properties":{},"geometry":{"type":"Point","coordinates":[85.32345070733557,27.706876047520044]}},{"type":"Feature","properties":{},"geometry":{"type":"Point","coordinates":[85.32345329301222,27.70687606259226]}},{"type":"Feature","properties":{},"geometry":{"type":"Point","coordinates":[85.3235791467139,27.70693541489674]}},{"type":"Feature","properties":{},"geometry":{"type":"Point","coordinates":[85.32358183224015,27.70712164020369]}},{"type":"Feature","properties":{},"geometry":{"type":"Point","coordinates":[85.3236025927054,27.707123023431894]}},{"type":"Feature","properties":{},"geometry":{"type":"Point","coordinates":[85.3236319870572,27.707185959343093]}},{"type":"Feature","properties":{},"geometry":{"type":"Point","coordinates":[85.32385380475424,27.706765126170055]}},{"type":"Feature","properties":{},"geometry":{"type":"Point","coordinates":[85.32388312954134,27.706831356390257]}},{"type":"Feature","properties":{},"geometry":{"type":"Point","coordinates":[85.3236069242921,27.706806154557043]}},{"type":"Feature","properties":{},"geometry":{"type":"Point","coordinates":[85.32360374917153,27.706767554772075]}},{"type":"Feature","properties":{},"geometry":{"type":"Point","coordinates":[85.32354542536942,27.70653223485329]}},{"type":"Feature","properties":{},"geometry":{"type":"Point","coordinates":[85.32362131532501,27.70666638889398]}},{"type":"Feature","properties":{},"geometry":{"type":"Point","coordinates":[85.32358322723634,27.706963546171057]}},{"type":"Feature","properties":{},"geometry":{"type":"Point","coordinates":[85.3239432929734,27.707014517688588]}},{"type":"Feature","properties":{},"geometry":{"type":"Point","coordinates":[85.32397610504425,27.707007524936323]}},{"type":"Feature","properties":{},"geometry":{"type":"Point","coordinates":[85.32389011148584,27.707086424085034]}},{"type":"Feature","properties":{},"geometry":{"type":"Point","coordinates":[85.32398865956205,27.70718961965773]}},{"type":"Feature","properties":{},"geometry":{"type":"Point","coordinates":[85.32399084784653,27.7071965262723]}},{"type":"Feature","properties":{},"geometry":{"type":"Point","coordinates":[85.32401819406566,27.707264432908296]}},{"type":"Feature","properties":{},"geometry":{"type":"Point","coordinates":[85.32401947436318,27.707284102280266]}},{"type":"Feature","properties":{},"geometry":{"type":"Point","coordinates":[85.3240945162452,27.70739731393749]}},{"type":"Feature","properties":{},"geometry":{"type":"Point","coordinates":[85.32406750453312,27.707365104403443]}},{"type":"Feature","properties":{},"geometry":{"type":"Point","coordinates":[85.32410625713958,27.707445758618057]}},{"type":"Feature","properties":{},"geometry":{"type":"Point","coordinates":[85.32411947715359,27.707415878295205]}},{"type":"Feature","properties":{},"geometry":{"type":"Point","coordinates":[85.32421068752203,27.70761788511199]}},{"type":"Feature","properties":{},"geometry":{"type":"Point","coordinates":[85.32421375634519,27.707618270649046]}},{"type":"Feature","properties":{},"geometry":{"type":"Point","coordinates":[85.32405355602505,27.707655006088725]}},{"type":"Feature","properties":{},"geometry":{"type":"Point","coordinates":[85.32422741025515,27.707578645350743]}},{"type":"Feature","properties":{},"geometry":{"type":"Point","coordinates":[85.3239890542424,27.70769273136076]}},{"type":"Feature","properties":{},"geometry":{"type":"Point","coordinates":[85.32432666150062,27.70760376533067]}},{"type":"Feature","properties":{},"geometry":{"type":"Point","coordinates":[85.32432666789336,27.707601621858142]}},{"type":"Feature","properties":{},"geometry":{"type":"Point","coordinates":[85.32380308703746,27.707544645877324]}},{"type":"Feature","properties":{},"geometry":{"type":"Point","coordinates":[85.32383235792187,27.707522539548496]}},{"type":"Feature","properties":{},"geometry":{"type":"Point","coordinates":[85.32394264670266,27.70777112877146]}},{"type":"Feature","properties":{},"geometry":{"type":"Point","coordinates":[85.32384559722126,27.707806357820843]}},{"type":"Feature","properties":{},"geometry":{"type":"Point","coordinates":[85.32384397736317,27.707807508808763]}},{"type":"Feature","properties":{},"geometry":{"type":"Point","coordinates":[85.3237576934604,27.707807380006074]}},{"type":"Feature","properties":{},"geometry":{"type":"Point","coordinates":[85.32377429020919,27.707894794127366]}},{"type":"Feature","properties":{},"geometry":{"type":"Point","coordinates":[85.32379761731677,27.70792842573669]}},{"type":"Feature","properties":{},"geometry":{"type":"Point","coordinates":[85.3238231144294,27.707998020340966]}},{"type":"Feature","properties":{},"geometry":{"type":"Point","coordinates":[85.32364292123769,27.707888798743472]}},{"type":"Feature","properties":{},"geometry":{"type":"Point","coordinates":[85.32362863151698,27.707928074208663]}},{"type":"Feature","properties":{},"geometry":{"type":"Point","coordinates":[85.32351340852223,27.707955991600297]}},{"type":"Feature","properties":{},"geometry":{"type":"Point","coordinates":[85.32392101526759,27.70795334834378]}},{"type":"Feature","properties":{},"geometry":{"type":"Point","coordinates":[85.32396724208316,27.70799139539718]}},{"type":"Feature","properties":{},"geometry":{"type":"Point","coordinates":[85.32347165722022,27.707887228974354]}},{"type":"Feature","properties":{},"geometry":{"type":"Point","coordinates":[85.32345572310201,27.707868375814012]}},{"type":"Feature","properties":{},"geometry":{"type":"Point","coordinates":[85.3234026092627,27.70779488699153]}},{"type":"Feature","properties":{},"geometry":{"type":"Point","coordinates":[85.32337103233054,27.707862873346492]}},{"type":"Feature","properties":{},"geometry":{"type":"Point","coordinates":[85.32309790152564,27.70727128810456]}},{"type":"Feature","properties":{},"geometry":{"type":"Point","coordinates":[85.32311622381785,27.70729908288704]}},{"type":"Feature","properties":{},"geometry":{"type":"Point","coordinates":[85.32325416649573,27.70748775629034]}},{"type":"Feature","properties":{},"geometry":{"type":"Point","coordinates":[85.32343453339583,27.70796355989632]}},{"type":"Feature","properties":{},"geometry":{"type":"Point","coordinates":[85.32343520386738,27.70796388120129]}},{"type":"Feature","properties":{},"geometry":{"type":"Point","coordinates":[85.32343639136013,27.707964345955858]}},{"type":"Feature","properties":{},"geometry":{"type":"Point","coordinates":[85.32343781555132,27.707965513051406]}},{"type":"Feature","properties":{},"geometry":{"type":"Point","coordinates":[85.32340268355959,27.70774625955761]}},{"type":"Feature","properties":{},"geometry":{"type":"Point","coordinates":[85.32340321917387,27.70774803864784]}},{"type":"Feature","properties":{},"geometry":{"type":"Point","coordinates":[85.32340415811461,27.707749703487227]}},{"type":"Feature","properties":{},"geometry":{"type":"Point","coordinates":[85.32338470852012,27.707698863888616]}},{"type":"Feature","properties":{},"geometry":{"type":"Point","coordinates":[85.32338478629286,27.7077004758772]}},{"type":"Feature","properties":{},"geometry":{"type":"Point","coordinates":[85.32338492311892,27.707700945053944]}},{"type":"Feature","properties":{},"geometry":{"type":"Point","coordinates":[85.32338535721513,27.707702001779424]}},{"type":"Feature","properties":{},"geometry":{"type":"Point","coordinates":[85.32338560092859,27.70770383690208]}},{"type":"Feature","properties":{},"geometry":{"type":"Point","coordinates":[85.32338522467276,27.70770562931577]}},{"type":"Feature","properties":{},"geometry":{"type":"Point","coordinates":[85.32338660583595,27.707685537296655]}},{"type":"Feature","properties":{},"geometry":{"type":"Point","coordinates":[85.32331532563015,27.70772823711128]}},{"type":"Feature","properties":{},"geometry":{"type":"Point","coordinates":[85.32329902781862,27.707659960564374]}},{"type":"Feature","properties":{},"geometry":{"type":"Point","coordinates":[85.32337112851341,27.707585420710945]}},{"type":"Feature","properties":{},"geometry":{"type":"Point","coordinates":[85.32313906806905,27.707577109463795]}},{"type":"Feature","properties":{},"geometry":{"type":"Point","coordinates":[85.32312682949572,27.707583113860895]}},{"type":"Feature","properties":{},"geometry":{"type":"Point","coordinates":[85.32297184559192,27.707624145080544]}},{"type":"Feature","properties":{},"geometry":{"type":"Point","coordinates":[85.322895662344,27.707655827448164]}},{"type":"Feature","properties":{},"geometry":{"type":"Point","coordinates":[85.32289331213804,27.707656394653124]}},{"type":"Feature","properties":{},"geometry":{"type":"Point","coordinates":[85.32343785948171,27.707346811229986]}},{"type":"Feature","properties":{},"geometry":{"type":"Point","coordinates":[85.3234481471462,27.707343112647973]}},{"type":"Feature","properties":{},"geometry":{"type":"Point","coordinates":[85.32345158003679,27.70734190510289]}},{"type":"Feature","properties":{},"geometry":{"type":"Point","coordinates":[85.32346086709603,27.707339314461283]}},{"type":"Feature","properties":{},"geometry":{"type":"Point","coordinates":[85.32347968244936,27.70731882077548]}},{"type":"Feature","properties":{},"geometry":{"type":"Point","coordinates":[85.32348291510891,27.707318239879722]}},{"type":"Feature","properties":{},"geometry":{"type":"Point","coordinates":[85.32278126275109,27.707704438780834]}},{"type":"Feature","properties":{},"geometry":{"type":"Point","coordinates":[85.32278407467408,27.707703453878036]}},{"type":"Feature","properties":{},"geometry":{"type":"Point","coordinates":[85.3227432005023,27.70772130646742]}},{"type":"Feature","properties":{},"geometry":{"type":"Point","coordinates":[85.32269887941483,27.707739557718053]}},{"type":"Feature","properties":{},"geometry":{"type":"Point","coordinates":[85.32267554559407,27.707724685290362]}},{"type":"Feature","properties":{},"geometry":{"type":"Point","coordinates":[85.32300053968204,27.707809888514536]}},{"type":"Feature","properties":{},"geometry":{"type":"Point","coordinates":[85.32304869219298,27.707869329701904]}},{"type":"Feature","properties":{},"geometry":{"type":"Point","coordinates":[85.32307760286515,27.707864889242128]}},{"type":"Feature","properties":{},"geometry":{"type":"Point","coordinates":[85.32313306855963,27.707858389566645]}},{"type":"Feature","properties":{},"geometry":{"type":"Point","coordinates":[85.32320251376554,27.70783701827433]}},{"type":"Feature","properties":{},"geometry":{"type":"Point","coordinates":[85.323205665545,27.707837218011566]}},{"type":"Feature","properties":{},"geometry":{"type":"Point","coordinates":[85.32326086742897,27.707839347048044]}},{"type":"Feature","properties":{},"geometry":{"type":"Point","coordinates":[85.32325882606665,27.707850155591366]}},{"type":"Feature","properties":{},"geometry":{"type":"Point","coordinates":[85.3229599076472,27.70789027526144]}},{"type":"Feature","properties":{},"geometry":{"type":"Point","coordinates":[85.32298535799625,27.70791508956997]}},{"type":"Feature","properties":{},"geometry":{"type":"Point","coordinates":[85.32296883503645,27.707940573158258]}},{"type":"Feature","properties":{},"geometry":{"type":"Point","coordinates":[85.32296982504091,27.70794208157593]}},{"type":"Feature","properties":{},"geometry":{"type":"Point","coordinates":[85.32300601477091,27.70799612501426]}},{"type":"Feature","properties":{},"geometry":{"type":"Point","coordinates":[85.32298434670298,27.70759945213042]}},{"type":"Feature","properties":{},"geometry":{"type":"Point","coordinates":[85.32298006942557,27.707580812352873]}},{"type":"Feature","properties":{},"geometry":{"type":"Point","coordinates":[85.32256187861827,27.707730437948047]}},{"type":"Feature","properties":{},"geometry":{"type":"Point","coordinates":[85.32249943410561,27.707743956763668]}},{"type":"Feature","properties":{},"geometry":{"type":"Point","coordinates":[85.32253710753365,27.707799897400513]}},{"type":"Feature","properties":{},"geometry":{"type":"Point","coordinates":[85.32253645714837,27.707797600659692]}},{"type":"Feature","properties":{},"geometry":{"type":"Point","coordinates":[85.32271426596706,27.707888390933718]}},{"type":"Feature","properties":{},"geometry":{"type":"Point","coordinates":[85.32276623094504,27.70790178534392]}},{"type":"Feature","properties":{},"geometry":{"type":"Point","coordinates":[85.3226993800033,27.7079041098141]}},{"type":"Feature","properties":{},"geometry":{"type":"Point","coordinates":[85.3226975833408,27.707905879597902]}},{"type":"Feature","properties":{},"geometry":{"type":"Point","coordinates":[85.32264972273559,27.707863296894253]}},{"type":"Feature","properties":{},"geometry":{"type":"Point","coordinates":[85.32225456038378,27.707917363641826]}},{"type":"Feature","properties":{},"geometry":{"type":"Point","coordinates":[85.32225251796386,27.707917763984977]}},{"type":"Feature","properties":{},"geometry":{"type":"Point","coordinates":[85.32213983794298,27.707956487452634]}},{"type":"Feature","properties":{},"geometry":{"type":"Point","coordinates":[85.3221426288342,27.707955486062517]}},{"type":"Feature","properties":{},"geometry":{"type":"Point","coordinates":[85.32214515725032,27.70795480460237]}},{"type":"Feature","properties":{},"geometry":{"type":"Point","coordinates":[85.32214672688667,27.707976882773732]}},{"type":"Feature","properties":{},"geometry":{"type":"Point","coordinates":[85.32434185919884,27.707779034470462]}},{"type":"Feature","properties":{},"geometry":{"type":"Point","coordinates":[85.32432405728326,27.707848477561548]}},{"type":"Feature","properties":{},"geometry":{"type":"Point","coordinates":[85.32434151125145,27.70800676641022]}},{"type":"Feature","properties":{},"geometry":{"type":"Point","coordinates":[85.32436059434514,27.708127204093135]}},{"type":"Feature","properties":{},"geometry":{"type":"Point","coordinates":[85.32438345130015,27.708115439009994]}},{"type":"Feature","properties":{},"geometry":{"type":"Point","coordinates":[85.3244668021536,27.70774997046978]}},{"type":"Feature","properties":{},"geometry":{"type":"Point","coordinates":[85.32453105966437,27.707951593062646]}},{"type":"Feature","properties":{},"geometry":{"type":"Point","coordinates":[85.32448990190913,27.707892058332135]}},{"type":"Feature","properties":{},"geometry":{"type":"Point","coordinates":[85.32452363948113,27.707867784756314]}},{"type":"Feature","properties":{},"geometry":{"type":"Point","coordinates":[85.32446009872645,27.70783200849758]}},{"type":"Feature","properties":{},"geometry":{"type":"Point","coordinates":[85.32447876146371,27.70762673159682]}},{"type":"Feature","properties":{},"geometry":{"type":"Point","coordinates":[85.32463030657398,27.707580824808765]}},{"type":"Feature","properties":{},"geometry":{"type":"Point","coordinates":[85.32464579659624,27.707610302667895]}},{"type":"Feature","properties":{},"geometry":{"type":"Point","coordinates":[85.32472721760229,27.70773727654254]}},{"type":"Feature","properties":{},"geometry":{"type":"Point","coordinates":[85.32472678375247,27.707734941816685]}},{"type":"Feature","properties":{},"geometry":{"type":"Point","coordinates":[85.32471502729442,27.707727848105492]}},{"type":"Feature","properties":{},"geometry":{"type":"Point","coordinates":[85.32469284226393,27.707845570518547]}},{"type":"Feature","properties":{},"geometry":{"type":"Point","coordinates":[85.32453597326553,27.70801939232863]}},{"type":"Feature","properties":{},"geometry":{"type":"Point","coordinates":[85.32484539254995,27.707511337023995]}},{"type":"Feature","properties":{},"geometry":{"type":"Point","coordinates":[85.32494738183627,27.70772112654708]}},{"type":"Feature","properties":{},"geometry":{"type":"Point","coordinates":[85.32494562500091,27.707633204381207]}},{"type":"Feature","properties":{},"geometry":{"type":"Point","coordinates":[85.32450905771096,27.707482241276114]}},{"type":"Feature","properties":{},"geometry":{"type":"Point","coordinates":[85.32452411046806,27.707379536689302]}},{"type":"Feature","properties":{},"geometry":{"type":"Point","coordinates":[85.32450607421474,27.70733963516299]}},{"type":"Feature","properties":{},"geometry":{"type":"Point","coordinates":[85.32452907622479,27.707389041053545]}},{"type":"Feature","properties":{},"geometry":{"type":"Point","coordinates":[85.32486683960705,27.707315920671025]}},{"type":"Feature","properties":{},"geometry":{"type":"Point","coordinates":[85.32474881915797,27.707345863078377]}},{"type":"Feature","properties":{},"geometry":{"type":"Point","coordinates":[85.32469125860057,27.707386017520143]}},{"type":"Feature","properties":{},"geometry":{"type":"Point","coordinates":[85.32517565296932,27.707278284814958]}},{"type":"Feature","properties":{},"geometry":{"type":"Point","coordinates":[85.325071027812,27.707182953518927]}},{"type":"Feature","properties":{},"geometry":{"type":"Point","coordinates":[85.32490446275277,27.707059203183913]}},{"type":"Feature","properties":{},"geometry":{"type":"Point","coordinates":[85.32507588164272,27.707102534791716]}},{"type":"Feature","properties":{},"geometry":{"type":"Point","coordinates":[85.3245654711281,27.707183091555166]}},{"type":"Feature","properties":{},"geometry":{"type":"Point","coordinates":[85.32458067636792,27.707206647067565]}},{"type":"Feature","properties":{},"geometry":{"type":"Point","coordinates":[85.32455320681076,27.70721521007893]}},{"type":"Feature","properties":{},"geometry":{"type":"Point","coordinates":[85.324602958612,27.707084152265367]}},{"type":"Feature","properties":{},"geometry":{"type":"Point","coordinates":[85.32460564239146,27.70709851991097]}},{"type":"Feature","properties":{},"geometry":{"type":"Point","coordinates":[85.32456023580144,27.70706434139004]}},{"type":"Feature","properties":{},"geometry":{"type":"Point","coordinates":[85.32455778550415,27.70706303191888]}},{"type":"Feature","properties":{},"geometry":{"type":"Point","coordinates":[85.32446638374446,27.70701780090193]}},{"type":"Feature","properties":{},"geometry":{"type":"Point","coordinates":[85.3244278099985,27.70699703477299]}},{"type":"Feature","properties":{},"geometry":{"type":"Point","coordinates":[85.32434128025965,27.706970167216856]}},{"type":"Feature","properties":{},"geometry":{"type":"Point","coordinates":[85.32440531330865,27.707017225903996]}},{"type":"Feature","properties":{},"geometry":{"type":"Point","coordinates":[85.32440286769399,27.707015145711335]}},{"type":"Feature","properties":{},"geometry":{"type":"Point","coordinates":[85.32435084132356,27.706944733647806]}},{"type":"Feature","properties":{},"geometry":{"type":"Point","coordinates":[85.32421099839465,27.70696006002253]}},{"type":"Feature","properties":{},"geometry":{"type":"Point","coordinates":[85.32482857859753,27.707535190036893]}},{"type":"Feature","properties":{},"geometry":{"type":"Point","coordinates":[85.32482645913653,27.70753485932531]}},{"type":"Feature","properties":{},"geometry":{"type":"Point","coordinates":[85.32350415450976,27.70808109889615]}},{"type":"Feature","properties":{},"geometry":{"type":"Point","coordinates":[85.32350876909086,27.70809035354806]}},{"type":"Feature","properties":{},"geometry":{"type":"Point","coordinates":[85.32354996101029,27.70803779442654]}},{"type":"Feature","properties":{},"geometry":{"type":"Point","coordinates":[85.32360611197514,27.70810891469281]}},{"type":"Feature","properties":{},"geometry":{"type":"Point","coordinates":[85.32360797400695,27.70811374601546]}},{"type":"Feature","properties":{},"geometry":{"type":"Point","coordinates":[85.32355110756369,27.70820116933346]}},{"type":"Feature","properties":{},"geometry":{"type":"Point","coordinates":[85.32357143895703,27.70824190203809]}},{"type":"Feature","properties":{},"geometry":{"type":"Point","coordinates":[85.32368345067428,27.708299276129228]}},{"type":"Feature","properties":{},"geometry":{"type":"Point","coordinates":[85.3235901578711,27.708338749124792]}},{"type":"Feature","properties":{},"geometry":{"type":"Point","coordinates":[85.32358870763466,27.70833802486582]}},{"type":"Feature","properties":{},"geometry":{"type":"Point","coordinates":[85.32359958880154,27.708382134161315]}},{"type":"Feature","properties":{},"geometry":{"type":"Point","coordinates":[85.32362933890286,27.70844291368436]}},{"type":"Feature","properties":{},"geometry":{"type":"Point","coordinates":[85.3237643997688,27.70842987757677]}},{"type":"Feature","properties":{},"geometry":{"type":"Point","coordinates":[85.32388684499006,27.70841394031236]}},{"type":"Feature","properties":{},"geometry":{"type":"Point","coordinates":[85.32392538346586,27.708409508862992]}},{"type":"Feature","properties":{},"geometry":{"type":"Point","coordinates":[85.32369106492936,27.70860494551083]}},{"type":"Feature","properties":{},"geometry":{"type":"Point","coordinates":[85.32373699299387,27.708559868954158]}},{"type":"Feature","properties":{},"geometry":{"type":"Point","coordinates":[85.32370630928179,27.708635294158043]}},{"type":"Feature","properties":{},"geometry":{"type":"Point","coordinates":[85.3237230369554,27.70868456642089]}},{"type":"Feature","properties":{},"geometry":{"type":"Point","coordinates":[85.32374369560142,27.70871544544687]}},{"type":"Feature","properties":{},"geometry":{"type":"Point","coordinates":[85.323719802216,27.70875359736619]}},{"type":"Feature","properties":{},"geometry":{"type":"Point","coordinates":[85.32377286713313,27.70882316482234]}},{"type":"Feature","properties":{},"geometry":{"type":"Point","coordinates":[85.32396374803622,27.708432175177585]}},{"type":"Feature","properties":{},"geometry":{"type":"Point","coordinates":[85.32404105596689,27.708395597798624]}},{"type":"Feature","properties":{},"geometry":{"type":"Point","coordinates":[85.324193850231,27.708396958615317]}},{"type":"Feature","properties":{},"geometry":{"type":"Point","coordinates":[85.32419498078163,27.70839789831656]}},{"type":"Feature","properties":{},"geometry":{"type":"Point","coordinates":[85.32418664010682,27.708254374458594]}},{"type":"Feature","properties":{},"geometry":{"type":"Point","coordinates":[85.32416306879007,27.7081657179671]}},{"type":"Feature","properties":{},"geometry":{"type":"Point","coordinates":[85.32364267424003,27.70808051661486]}},{"type":"Feature","properties":{},"geometry":{"type":"Point","coordinates":[85.32380837361967,27.708067998627357]}},{"type":"Feature","properties":{},"geometry":{"type":"Point","coordinates":[85.323800014217,27.708083535829882]}},{"type":"Feature","properties":{},"geometry":{"type":"Point","coordinates":[85.32355798063148,27.708496859300123]}},{"type":"Feature","properties":{},"geometry":{"type":"Point","coordinates":[85.3235776914918,27.70852120777242]}},{"type":"Feature","properties":{},"geometry":{"type":"Point","coordinates":[85.32355917231683,27.708506600482952]}},{"type":"Feature","properties":{},"geometry":{"type":"Point","coordinates":[85.32349148104286,27.70850741872375]}},{"type":"Feature","properties":{},"geometry":{"type":"Point","coordinates":[85.3234888881733,27.708521930960544]}},{"type":"Feature","properties":{},"geometry":{"type":"Point","coordinates":[85.32342040080448,27.708526066311844]}},{"type":"Feature","properties":{},"geometry":{"type":"Point","coordinates":[85.32339427098117,27.708559064617095]}},{"type":"Feature","properties":{},"geometry":{"type":"Point","coordinates":[85.32331630880698,27.70836858085969]}},{"type":"Feature","properties":{},"geometry":{"type":"Point","coordinates":[85.32304991668765,27.708593640251237]}},{"type":"Feature","properties":{},"geometry":{"type":"Point","coordinates":[85.3231488996419,27.708587872688266]}},{"type":"Feature","properties":{},"geometry":{"type":"Point","coordinates":[85.32287802081505,27.708541754998276]}},{"type":"Feature","properties":{},"geometry":{"type":"Point","coordinates":[85.32386850896063,27.708973600722373]}},{"type":"Feature","properties":{},"geometry":{"type":"Point","coordinates":[85.32375487838627,27.708977021677185]}},{"type":"Feature","properties":{},"geometry":{"type":"Point","coordinates":[85.3237566680599,27.70897710201667]}},{"type":"Feature","properties":{},"geometry":{"type":"Point","coordinates":[85.3237067913439,27.708972538499815]}},{"type":"Feature","properties":{},"geometry":{"type":"Point","coordinates":[85.32402793630844,27.70881322349957]}},{"type":"Feature","properties":{},"geometry":{"type":"Point","coordinates":[85.32417454219487,27.70876634589732]}},{"type":"Feature","properties":{},"geometry":{"type":"Point","coordinates":[85.32396711947447,27.708726672904763]}},{"type":"Feature","properties":{},"geometry":{"type":"Point","coordinates":[85.32400496412656,27.708738911203543]}},{"type":"Feature","properties":{},"geometry":{"type":"Point","coordinates":[85.32424598587471,27.70895242348722]}},{"type":"Feature","properties":{},"geometry":{"type":"Point","coordinates":[85.32422510580201,27.708967467059736]}},{"type":"Feature","properties":{},"geometry":{"type":"Point","coordinates":[85.32424929973006,27.708964911538402]}},{"type":"Feature","properties":{},"geometry":{"type":"Point","coordinates":[85.32423646441556,27.709033835294562]}},{"type":"Feature","properties":{},"geometry":{"type":"Point","coordinates":[85.3241722713293,27.709169339995483]}},{"type":"Feature","properties":{},"geometry":{"type":"Point","coordinates":[85.32411490399741,27.709232997913436]}},{"type":"Feature","properties":{},"geometry":{"type":"Point","coordinates":[85.32412181925713,27.709299134551916]}},{"type":"Feature","properties":{},"geometry":{"type":"Point","coordinates":[85.32412209231336,27.709301572027552]}},{"type":"Feature","properties":{},"geometry":{"type":"Point","coordinates":[85.32415964657365,27.70937315827036]}},{"type":"Feature","properties":{},"geometry":{"type":"Point","coordinates":[85.32412152686896,27.709312357839163]}},{"type":"Feature","properties":{},"geometry":{"type":"Point","coordinates":[85.3241211651727,27.709315321034545]}},{"type":"Feature","properties":{},"geometry":{"type":"Point","coordinates":[85.3241918462635,27.709529872897118]}},{"type":"Feature","properties":{},"geometry":{"type":"Point","coordinates":[85.3241921242033,27.70953119488356]}},{"type":"Feature","properties":{},"geometry":{"type":"Point","coordinates":[85.3241950800564,27.709539107199998]}},{"type":"Feature","properties":{},"geometry":{"type":"Point","coordinates":[85.32419553193725,27.709541920495113]}},{"type":"Feature","properties":{},"geometry":{"type":"Point","coordinates":[85.3240720220633,27.709597569805588]}},{"type":"Feature","properties":{},"geometry":{"type":"Point","coordinates":[85.3241033655654,27.709681721933922]}},{"type":"Feature","properties":{},"geometry":{"type":"Point","coordinates":[85.32410343522353,27.70968360007519]}},{"type":"Feature","properties":{},"geometry":{"type":"Point","coordinates":[85.32421920181221,27.71006201731605]}},{"type":"Feature","properties":{},"geometry":{"type":"Point","coordinates":[85.32421436183948,27.71004792772003]}},{"type":"Feature","properties":{},"geometry":{"type":"Point","coordinates":[85.3240986149119,27.709759973904482]}},{"type":"Feature","properties":{},"geometry":{"type":"Point","coordinates":[85.32412194122216,27.70980874748842]}},{"type":"Feature","properties":{},"geometry":{"type":"Point","coordinates":[85.32420208232404,27.710010022795345]}},{"type":"Feature","properties":{},"geometry":{"type":"Point","coordinates":[85.32417190527882,27.70986792865625]}},{"type":"Feature","properties":{},"geometry":{"type":"Point","coordinates":[85.32440798973634,27.708900650722715]}},{"type":"Feature","properties":{},"geometry":{"type":"Point","coordinates":[85.32451135775406,27.708978901952133]}},{"type":"Feature","properties":{},"geometry":{"type":"Point","coordinates":[85.32451373922925,27.708981731384114]}},{"type":"Feature","properties":{},"geometry":{"type":"Point","coordinates":[85.32460548959197,27.709062454788135]}},{"type":"Feature","properties":{},"geometry":{"type":"Point","coordinates":[85.3247156480119,27.709069716079817]}},{"type":"Feature","properties":{},"geometry":{"type":"Point","coordinates":[85.32474094931129,27.70915264329723]}},{"type":"Feature","properties":{},"geometry":{"type":"Point","coordinates":[85.32485888990668,27.709215267957454]}},{"type":"Feature","properties":{},"geometry":{"type":"Point","coordinates":[85.3248846110672,27.709225857457696]}},{"type":"Feature","properties":{},"geometry":{"type":"Point","coordinates":[85.32488537567221,27.70922698767502]}},{"type":"Feature","properties":{},"geometry":{"type":"Point","coordinates":[85.32488820139018,27.70922828724443]}},{"type":"Feature","properties":{},"geometry":{"type":"Point","coordinates":[85.3249702370612,27.7092464889212]}},{"type":"Feature","properties":{},"geometry":{"type":"Point","coordinates":[85.32496553640343,27.709245910362124]}},{"type":"Feature","properties":{},"geometry":{"type":"Point","coordinates":[85.32505050216196,27.7092633613329]}},{"type":"Feature","properties":{},"geometry":{"type":"Point","coordinates":[85.3251342213431,27.70925852590939]}},{"type":"Feature","properties":{},"geometry":{"type":"Point","coordinates":[85.32524023412114,27.709287377906303]}},{"type":"Feature","properties":{},"geometry":{"type":"Point","coordinates":[85.32486551989064,27.708806699143324]}},{"type":"Feature","properties":{},"geometry":{"type":"Point","coordinates":[85.32482944551413,27.70873991810005]}},{"type":"Feature","properties":{},"geometry":{"type":"Point","coordinates":[85.32475685366018,27.709172940034613]}},{"type":"Feature","properties":{},"geometry":{"type":"Point","coordinates":[85.31636368290147,27.70581207124288]}},{"type":"Feature","properties":{},"geometry":{"type":"Point","coordinates":[85.31636321531471,27.70580996442979]}},{"type":"Feature","properties":{},"geometry":{"type":"Point","coordinates":[85.31636297314238,27.70580671593079]}},{"type":"Feature","properties":{},"geometry":{"type":"Point","coordinates":[85.3164669172197,27.70459254915467]}},{"type":"Feature","properties":{},"geometry":{"type":"Point","coordinates":[85.31646633078175,27.704588408363495]}},{"type":"Feature","properties":{},"geometry":{"type":"Point","coordinates":[85.32278692307449,27.706002427333203]}},{"type":"Feature","properties":{},"geometry":{"type":"Point","coordinates":[85.32278648194773,27.70600501320098]}},{"type":"Feature","properties":{},"geometry":{"type":"Point","coordinates":[85.32278494038141,27.706048183207102]}},{"type":"Feature","properties":{},"geometry":{"type":"Point","coordinates":[85.32278749474118,27.70607895039958]}},{"type":"Feature","properties":{},"geometry":{"type":"Point","coordinates":[85.32278587866222,27.706146548744968]}},{"type":"Feature","properties":{},"geometry":{"type":"Point","coordinates":[85.32278556830215,27.70621463765054]}},{"type":"Feature","properties":{},"geometry":{"type":"Point","coordinates":[85.31877182209665,27.7059883509602]}},{"type":"Feature","properties":{},"geometry":{"type":"Point","coordinates":[85.3187783121316,27.706090005930044]}},{"type":"Feature","properties":{},"geometry":{"type":"Point","coordinates":[85.31878580811905,27.70620528621857]}},{"type":"Feature","properties":{},"geometry":{"type":"Point","coordinates":[85.31878593192552,27.70620673540613]}},{"type":"Feature","properties":{},"geometry":{"type":"Point","coordinates":[85.31877851657245,27.70625140711229]}},{"type":"Feature","properties":{},"geometry":{"type":"Point","coordinates":[85.31877974377217,27.70625443832639]}},{"type":"Feature","properties":{},"geometry":{"type":"Point","coordinates":[85.31878253705523,27.70633667885304]}},{"type":"Feature","properties":{},"geometry":{"type":"Point","coordinates":[85.31878292013997,27.706339339698836]}},{"type":"Feature","properties":{},"geometry":{"type":"Point","coordinates":[85.3187875587331,27.706389656118358]}},{"type":"Feature","properties":{},"geometry":{"type":"Point","coordinates":[85.31878743769298,27.70639371430024]}},{"type":"Feature","properties":{},"geometry":{"type":"Point","coordinates":[85.31878726838107,27.70639549747985]}},{"type":"Feature","properties":{},"geometry":{"type":"Point","coordinates":[85.31882978211755,27.706519729426898]}},{"type":"Feature","properties":{},"geometry":{"type":"Point","coordinates":[85.31883015297296,27.706523187974703]}},{"type":"Feature","properties":{},"geometry":{"type":"Point","coordinates":[85.31881609295506,27.706634487958542]}},{"type":"Feature","properties":{},"geometry":{"type":"Point","coordinates":[85.31881865913368,27.706634252875162]}},{"type":"Feature","properties":{},"geometry":{"type":"Point","coordinates":[85.31879846755754,27.70677653138023]}},{"type":"Feature","properties":{},"geometry":{"type":"Point","coordinates":[85.31879853083228,27.706776240626382]}},{"type":"Feature","properties":{},"geometry":{"type":"Point","coordinates":[85.3187980704591,27.706771279154854]}},{"type":"Feature","properties":{},"geometry":{"type":"Point","coordinates":[85.31882143032666,27.70603651043625]}},{"type":"Feature","properties":{},"geometry":{"type":"Point","coordinates":[85.3188216610881,27.706033431044073]}},{"type":"Feature","properties":{},"geometry":{"type":"Point","coordinates":[85.31870454770124,27.705433598899088]}},{"type":"Feature","properties":{},"geometry":{"type":"Point","coordinates":[85.31870662733316,27.705421973190553]}},{"type":"Feature","properties":{},"geometry":{"type":"Point","coordinates":[85.31837675962497,27.70515761507973]}},{"type":"Feature","properties":{},"geometry":{"type":"Point","coordinates":[85.31838065344628,27.705136599665614]}},{"type":"Feature","properties":{},"geometry":{"type":"Point","coordinates":[85.31838252187691,27.705137094395432]}},{"type":"Feature","properties":{},"geometry":{"type":"Point","coordinates":[85.31838406507941,27.705136644721247]}},{"type":"Feature","properties":{},"geometry":{"type":"Point","coordinates":[85.31838616906013,27.70513559986132]}},{"type":"Feature","properties":{},"geometry":{"type":"Point","coordinates":[85.3185053417412,27.70512515650442]}},{"type":"Feature","properties":{},"geometry":{"type":"Point","coordinates":[85.31850274342688,27.705096805752735]}},{"type":"Feature","properties":{},"geometry":{"type":"Point","coordinates":[85.31856808693415,27.70509043688463]}},{"type":"Feature","properties":{},"geometry":{"type":"Point","coordinates":[85.31857528433297,27.705090067622326]}},{"type":"Feature","properties":{},"geometry":{"type":"Point","coordinates":[85.31862607015799,27.70512792806782]}},{"type":"Feature","properties":{},"geometry":{"type":"Point","coordinates":[85.31862726329317,27.705110099223237]}},{"type":"Feature","properties":{},"geometry":{"type":"Point","coordinates":[85.31876451048117,27.705075522681266]}},{"type":"Feature","properties":{},"geometry":{"type":"Point","coordinates":[85.31883031640115,27.705093823184267]}},{"type":"Feature","properties":{},"geometry":{"type":"Point","coordinates":[85.31885635664753,27.705066300403843]}},{"type":"Feature","properties":{},"geometry":{"type":"Point","coordinates":[85.31886836073987,27.70506553191167]}},{"type":"Feature","properties":{},"geometry":{"type":"Point","coordinates":[85.31885630477768,27.70509309817555]}},{"type":"Feature","properties":{},"geometry":{"type":"Point","coordinates":[85.31906545692505,27.705049071262387]}},{"type":"Feature","properties":{},"geometry":{"type":"Point","coordinates":[85.31911226498632,27.7050482822298]}},{"type":"Feature","properties":{},"geometry":{"type":"Point","coordinates":[85.31912228738173,27.705047924679043]}},{"type":"Feature","properties":{},"geometry":{"type":"Point","coordinates":[85.31918453194136,27.705046181343924]}},{"type":"Feature","properties":{},"geometry":{"type":"Point","coordinates":[85.31918713410026,27.705046242724517]}},{"type":"Feature","properties":{},"geometry":{"type":"Point","coordinates":[85.31920973672054,27.70507077581269]}},{"type":"Feature","properties":{},"geometry":{"type":"Point","coordinates":[85.31923896058565,27.705066304738768]}},{"type":"Feature","properties":{},"geometry":{"type":"Point","coordinates":[85.31923861783926,27.7049960445678]}},{"type":"Feature","properties":{},"geometry":{"type":"Point","coordinates":[85.31924071986523,27.70499565582192]}},{"type":"Feature","properties":{},"geometry":{"type":"Point","coordinates":[85.31925023850988,27.704995017771093]}},{"type":"Feature","properties":{},"geometry":{"type":"Point","coordinates":[85.3192839525913,27.705067558623547]}},{"type":"Feature","properties":{},"geometry":{"type":"Point","coordinates":[85.31929746087057,27.705036996350103]}},{"type":"Feature","properties":{},"geometry":{"type":"Point","coordinates":[85.31937940092475,27.70502867873868]}},{"type":"Feature","properties":{},"geometry":{"type":"Point","coordinates":[85.31938181544234,27.705028014897817]}},{"type":"Feature","properties":{},"geometry":{"type":"Point","coordinates":[85.31938375082616,27.705029037514137]}},{"type":"Feature","properties":{},"geometry":{"type":"Point","coordinates":[85.31941351858963,27.705025732778246]}},{"type":"Feature","properties":{},"geometry":{"type":"Point","coordinates":[85.31941553508769,27.70502596213813]}},{"type":"Feature","properties":{},"geometry":{"type":"Point","coordinates":[85.31946253005535,27.705013241787743]}},{"type":"Feature","properties":{},"geometry":{"type":"Point","coordinates":[85.31945921665931,27.705013205171838]}},{"type":"Feature","properties":{},"geometry":{"type":"Point","coordinates":[85.31941829363932,27.705072125675493]}},{"type":"Feature","properties":{},"geometry":{"type":"Point","coordinates":[85.31941263076182,27.70520580075251]}},{"type":"Feature","properties":{},"geometry":{"type":"Point","coordinates":[85.31942804239031,27.70519859690997]}},{"type":"Feature","properties":{},"geometry":{"type":"Point","coordinates":[85.31942629829202,27.70519885552469]}},{"type":"Feature","properties":{},"geometry":{"type":"Point","coordinates":[85.31942533124707,27.705199029708584]}},{"type":"Feature","properties":{},"geometry":{"type":"Point","coordinates":[85.31943097203481,27.705293212112814]}},{"type":"Feature","properties":{},"geometry":{"type":"Point","coordinates":[85.31950240647956,27.705017580674582]}},{"type":"Feature","properties":{},"geometry":{"type":"Point","coordinates":[85.31949976909019,27.705017171391887]}},{"type":"Feature","properties":{},"geometry":{"type":"Point","coordinates":[85.31954699964973,27.705012170644057]}},{"type":"Feature","properties":{},"geometry":{"type":"Point","coordinates":[85.31954942950001,27.70501235899015]}},{"type":"Feature","properties":{},"geometry":{"type":"Point","coordinates":[85.31955068630087,27.705011738854804]}},{"type":"Feature","properties":{},"geometry":{"type":"Point","coordinates":[85.31962128950819,27.7050116663224]}},{"type":"Feature","properties":{},"geometry":{"type":"Point","coordinates":[85.31962305367321,27.705011421486894]}},{"type":"Feature","properties":{},"geometry":{"type":"Point","coordinates":[85.31962444846432,27.70501152416055]}},{"type":"Feature","properties":{},"geometry":{"type":"Point","coordinates":[85.31963701096183,27.705011240729494]}},{"type":"Feature","properties":{},"geometry":{"type":"Point","coordinates":[85.31964572504546,27.705011158781314]}},{"type":"Feature","properties":{},"geometry":{"type":"Point","coordinates":[85.31964855611687,27.705011833053376]}},{"type":"Feature","properties":{},"geometry":{"type":"Point","coordinates":[85.31955348507674,27.705085852033466]}},{"type":"Feature","properties":{},"geometry":{"type":"Point","coordinates":[85.3195604852269,27.70516796494111]}},{"type":"Feature","properties":{},"geometry":{"type":"Point","coordinates":[85.3195640857469,27.70521100325199]}},{"type":"Feature","properties":{},"geometry":{"type":"Point","coordinates":[85.31963119345073,27.705069991766518]}},{"type":"Feature","properties":{},"geometry":{"type":"Point","coordinates":[85.31964845537983,27.70506816967998]}},{"type":"Feature","properties":{},"geometry":{"type":"Point","coordinates":[85.31963626818506,27.705135678421044]}},{"type":"Feature","properties":{},"geometry":{"type":"Point","coordinates":[85.3196535028238,27.705149468250564]}},{"type":"Feature","properties":{},"geometry":{"type":"Point","coordinates":[85.31964125222342,27.705204173600947]}},{"type":"Feature","properties":{},"geometry":{"type":"Point","coordinates":[85.31964485187379,27.705255740963327]}},{"type":"Feature","properties":{},"geometry":{"type":"Point","coordinates":[85.31965961805183,27.705248834320205]}},{"type":"Feature","properties":{},"geometry":{"type":"Point","coordinates":[85.31967723423904,27.705011275922548]}},{"type":"Feature","properties":{},"geometry":{"type":"Point","coordinates":[85.3197480071093,27.705008072646255]}},{"type":"Feature","properties":{},"geometry":{"type":"Point","coordinates":[85.31979684871939,27.705005340513882]}},{"type":"Feature","properties":{},"geometry":{"type":"Point","coordinates":[85.31979937268075,27.705005541731012]}},{"type":"Feature","properties":{},"geometry":{"type":"Point","coordinates":[85.31982493125946,27.705004275209888]}},{"type":"Feature","properties":{},"geometry":{"type":"Point","coordinates":[85.31975399590567,27.7050677161129]}},{"type":"Feature","properties":{},"geometry":{"type":"Point","coordinates":[85.31972744184196,27.70508623263965]}},{"type":"Feature","properties":{},"geometry":{"type":"Point","coordinates":[85.31975570008555,27.70514226276525]}},{"type":"Feature","properties":{},"geometry":{"type":"Point","coordinates":[85.31973595962425,27.705238397053446]}},{"type":"Feature","properties":{},"geometry":{"type":"Point","coordinates":[85.31987112292065,27.705065290235385]}},{"type":"Feature","properties":{},"geometry":{"type":"Point","coordinates":[85.31984745838722,27.70508013780682]}},{"type":"Feature","properties":{},"geometry":{"type":"Point","coordinates":[85.31985829140592,27.705146003557545]}},{"type":"Feature","properties":{},"geometry":{"type":"Point","coordinates":[85.31984113597582,27.705157684574917]}},{"type":"Feature","properties":{},"geometry":{"type":"Point","coordinates":[85.31985713500853,27.705203340933213]}},{"type":"Feature","properties":{},"geometry":{"type":"Point","coordinates":[85.31985746585784,27.705249849556974]}},{"type":"Feature","properties":{},"geometry":{"type":"Point","coordinates":[85.3198407206751,27.70526930196513]}},{"type":"Feature","properties":{},"geometry":{"type":"Point","coordinates":[85.31984080658417,27.705268195583404]}},{"type":"Feature","properties":{},"geometry":{"type":"Point","coordinates":[85.31983855183373,27.705305817940104]}},{"type":"Feature","properties":{},"geometry":{"type":"Point","coordinates":[85.31996844808467,27.70500721659967]}},{"type":"Feature","properties":{},"geometry":{"type":"Point","coordinates":[85.31998811867581,27.705006038337764]}},{"type":"Feature","properties":{},"geometry":{"type":"Point","coordinates":[85.32005250206272,27.70501215918538]}},{"type":"Feature","properties":{},"geometry":{"type":"Point","coordinates":[85.32007984861038,27.70503841671391]}},{"type":"Feature","properties":{},"geometry":{"type":"Point","coordinates":[85.32014540996197,27.70503595866915]}},{"type":"Feature","properties":{},"geometry":{"type":"Point","coordinates":[85.32024224157023,27.705038094947575]}},{"type":"Feature","properties":{},"geometry":{"type":"Point","coordinates":[85.32024126893155,27.705037707685424]}},{"type":"Feature","properties":{},"geometry":{"type":"Point","coordinates":[85.31988574755638,27.70495212866214]}},{"type":"Feature","properties":{},"geometry":{"type":"Point","coordinates":[85.3199069894673,27.70495925395735]}},{"type":"Feature","properties":{},"geometry":{"type":"Point","coordinates":[85.31988328061156,27.704915842525082]}},{"type":"Feature","properties":{},"geometry":{"type":"Point","coordinates":[85.31990363862536,27.704888130530875]}},{"type":"Feature","properties":{},"geometry":{"type":"Point","coordinates":[85.31987990995546,27.70489333452446]}},{"type":"Feature","properties":{},"geometry":{"type":"Point","coordinates":[85.31999970522135,27.705068727236675]}},{"type":"Feature","properties":{},"geometry":{"type":"Point","coordinates":[85.32001472354153,27.70506356191865]}},{"type":"Feature","properties":{},"geometry":{"type":"Point","coordinates":[85.31999348443901,27.705142626253316]}},{"type":"Feature","properties":{},"geometry":{"type":"Point","coordinates":[85.32034054948326,27.705519470611076]}},{"type":"Feature","properties":{},"geometry":{"type":"Point","coordinates":[85.32034252267627,27.705519350146808]}},{"type":"Feature","properties":{},"geometry":{"type":"Point","coordinates":[85.32034374034235,27.705519894717042]}},{"type":"Feature","properties":{},"geometry":{"type":"Point","coordinates":[85.32034550957934,27.70552110664421]}},{"type":"Feature","properties":{},"geometry":{"type":"Point","coordinates":[85.32039878317737,27.705479163699522]}},{"type":"Feature","properties":{},"geometry":{"type":"Point","coordinates":[85.32039858574257,27.70547907736706]}},{"type":"Feature","properties":{},"geometry":{"type":"Point","coordinates":[85.32031793923758,27.70546429885837]}},{"type":"Feature","properties":{},"geometry":{"type":"Point","coordinates":[85.32031793543275,27.705463355651073]}},{"type":"Feature","properties":{},"geometry":{"type":"Point","coordinates":[85.32030723808856,27.70546427911683]}},{"type":"Feature","properties":{},"geometry":{"type":"Point","coordinates":[85.32022684850087,27.705487342935804]}},{"type":"Feature","properties":{},"geometry":{"type":"Point","coordinates":[85.32027303761971,27.70545766180877]}},{"type":"Feature","properties":{},"geometry":{"type":"Point","coordinates":[85.32018789914962,27.705384280524544]}},{"type":"Feature","properties":{},"geometry":{"type":"Point","coordinates":[85.32018793138323,27.70529466707203]}},{"type":"Feature","properties":{},"geometry":{"type":"Point","coordinates":[85.3199587779511,27.705286589900883]}},{"type":"Feature","properties":{},"geometry":{"type":"Point","coordinates":[85.32015188801583,27.70529198142798]}},{"type":"Feature","properties":{},"geometry":{"type":"Point","coordinates":[85.32001795333116,27.705286418184517]}},{"type":"Feature","properties":{},"geometry":{"type":"Point","coordinates":[85.32008401012966,27.705305509971566]}},{"type":"Feature","properties":{},"geometry":{"type":"Point","coordinates":[85.32034919435303,27.70498854057421]}},{"type":"Feature","properties":{},"geometry":{"type":"Point","coordinates":[85.32024247614008,27.704894027894298]}},{"type":"Feature","properties":{},"geometry":{"type":"Point","coordinates":[85.32044232602397,27.704984625368375]}},{"type":"Feature","properties":{},"geometry":{"type":"Point","coordinates":[85.32058570155175,27.70500897641986]}},{"type":"Feature","properties":{},"geometry":{"type":"Point","coordinates":[85.32059661522356,27.70498293407164]}},{"type":"Feature","properties":{},"geometry":{"type":"Point","coordinates":[85.32049309425567,27.70494601396263]}},{"type":"Feature","properties":{},"geometry":{"type":"Point","coordinates":[85.32049943583401,27.704919422456268]}},{"type":"Feature","properties":{},"geometry":{"type":"Point","coordinates":[85.32050299963207,27.704920258131416]}},{"type":"Feature","properties":{},"geometry":{"type":"Point","coordinates":[85.32050794819908,27.70493813805279]}},{"type":"Feature","properties":{},"geometry":{"type":"Point","coordinates":[85.32063052558114,27.704986900606936]}},{"type":"Feature","properties":{},"geometry":{"type":"Point","coordinates":[85.3206802588714,27.70501195665877]}},{"type":"Feature","properties":{},"geometry":{"type":"Point","coordinates":[85.32055590313956,27.70501309242696]}},{"type":"Feature","properties":{},"geometry":{"type":"Point","coordinates":[85.32069944164535,27.704984626502295]}},{"type":"Feature","properties":{},"geometry":{"type":"Point","coordinates":[85.32072429299842,27.704983254662235]}},{"type":"Feature","properties":{},"geometry":{"type":"Point","coordinates":[85.32081049672166,27.704976747887866]}},{"type":"Feature","properties":{},"geometry":{"type":"Point","coordinates":[85.32082687290027,27.704995615720097]}},{"type":"Feature","properties":{},"geometry":{"type":"Point","coordinates":[85.32085233966207,27.704994053664574]}},{"type":"Feature","properties":{},"geometry":{"type":"Point","coordinates":[85.32056700439753,27.705448865612592]}},{"type":"Feature","properties":{},"geometry":{"type":"Point","coordinates":[85.32063123920477,27.70544272510636]}},{"type":"Feature","properties":{},"geometry":{"type":"Point","coordinates":[85.32074464281004,27.70538409236278]}},{"type":"Feature","properties":{},"geometry":{"type":"Point","coordinates":[85.32082396756671,27.705415188878728]}},{"type":"Feature","properties":{},"geometry":{"type":"Point","coordinates":[85.320839173562,27.705373863410376]}},{"type":"Feature","properties":{},"geometry":{"type":"Point","coordinates":[85.32096021105507,27.7054100534878]}},{"type":"Feature","properties":{},"geometry":{"type":"Point","coordinates":[85.32095928504197,27.705410461939742]}},{"type":"Feature","properties":{},"geometry":{"type":"Point","coordinates":[85.32091311459234,27.70518424175244]}},{"type":"Feature","properties":{},"geometry":{"type":"Point","coordinates":[85.3208621946535,27.705186208075652]}},{"type":"Feature","properties":{},"geometry":{"type":"Point","coordinates":[85.32075452323784,27.705188859607432]}},{"type":"Feature","properties":{},"geometry":{"type":"Point","coordinates":[85.32065224348354,27.705203702180643]}},{"type":"Feature","properties":{},"geometry":{"type":"Point","coordinates":[85.32039632028213,27.705041278684494]}},{"type":"Feature","properties":{},"geometry":{"type":"Point","coordinates":[85.32039803330092,27.705120506959634]}},{"type":"Feature","properties":{},"geometry":{"type":"Point","coordinates":[85.32039773681335,27.705117420262955]}},{"type":"Feature","properties":{},"geometry":{"type":"Point","coordinates":[85.32041306339387,27.70518885325878]}},{"type":"Feature","properties":{},"geometry":{"type":"Point","coordinates":[85.3203634889076,27.705198181549793]}},{"type":"Feature","properties":{},"geometry":{"type":"Point","coordinates":[85.32043417991866,27.705200859731065]}},{"type":"Feature","properties":{},"geometry":{"type":"Point","coordinates":[85.31832831823337,27.70512002942196]}},{"type":"Feature","properties":{},"geometry":{"type":"Point","coordinates":[85.31825258526523,27.705185465433583]}},{"type":"Feature","properties":{},"geometry":{"type":"Point","coordinates":[85.31825162470271,27.705185084622155]}},{"type":"Feature","properties":{},"geometry":{"type":"Point","coordinates":[85.31825065078706,27.705184847153326]}},{"type":"Feature","properties":{},"geometry":{"type":"Point","coordinates":[85.31813506681809,27.705201173363506]}},{"type":"Feature","properties":{},"geometry":{"type":"Point","coordinates":[85.31809982503059,27.705207587369514]}},{"type":"Feature","properties":{},"geometry":{"type":"Point","coordinates":[85.31798355737148,27.70519424206924]}},{"type":"Feature","properties":{},"geometry":{"type":"Point","coordinates":[85.31796649556267,27.705232001244887]}},{"type":"Feature","properties":{},"geometry":{"type":"Point","coordinates":[85.31796746237093,27.70523177652583]}},{"type":"Feature","properties":{},"geometry":{"type":"Point","coordinates":[85.3179053488261,27.70524440741007]}},{"type":"Feature","properties":{},"geometry":{"type":"Point","coordinates":[85.31790668287819,27.70524470160528]}},{"type":"Feature","properties":{},"geometry":{"type":"Point","coordinates":[85.31784427762607,27.705231925859692]}},{"type":"Feature","properties":{},"geometry":{"type":"Point","coordinates":[85.31778512507195,27.70527186038846]}},{"type":"Feature","properties":{},"geometry":{"type":"Point","coordinates":[85.3181314149584,27.704783278167003]}},{"type":"Feature","properties":{},"geometry":{"type":"Point","coordinates":[85.31813114974305,27.704783578200097]}},{"type":"Feature","properties":{},"geometry":{"type":"Point","coordinates":[85.31813238582433,27.70478682162565]}},{"type":"Feature","properties":{},"geometry":{"type":"Point","coordinates":[85.31813436870374,27.704987520509178]}},{"type":"Feature","properties":{},"geometry":{"type":"Point","coordinates":[85.31810097669928,27.705049465377062]}},{"type":"Feature","properties":{},"geometry":{"type":"Point","coordinates":[85.31810102369435,27.70505069882591]}},{"type":"Feature","properties":{},"geometry":{"type":"Point","coordinates":[85.31816010458742,27.704932313982134]}},{"type":"Feature","properties":{},"geometry":{"type":"Point","coordinates":[85.31809876427145,27.704866976183748]}},{"type":"Feature","properties":{},"geometry":{"type":"Point","coordinates":[85.31809857294783,27.70486840890729]}},{"type":"Feature","properties":{},"geometry":{"type":"Point","coordinates":[85.31809843000303,27.704870191503954]}},{"type":"Feature","properties":{},"geometry":{"type":"Point","coordinates":[85.31808647744049,27.70471937614566]}},{"type":"Feature","properties":{},"geometry":{"type":"Point","coordinates":[85.31806166015367,27.7046409141196]}},{"type":"Feature","properties":{},"geometry":{"type":"Point","coordinates":[85.31805962986564,27.70461785015793]}},{"type":"Feature","properties":{},"geometry":{"type":"Point","coordinates":[85.3180727543293,27.704546083925845]}},{"type":"Feature","properties":{},"geometry":{"type":"Point","coordinates":[85.31800966284732,27.70440433151332]}},{"type":"Feature","properties":{},"geometry":{"type":"Point","coordinates":[85.318008946396,27.704402580894012]}},{"type":"Feature","properties":{},"geometry":{"type":"Point","coordinates":[85.31803845705353,27.704365122787777]}},{"type":"Feature","properties":{},"geometry":{"type":"Point","coordinates":[85.3180371531437,27.704363657455595]}},{"type":"Feature","properties":{},"geometry":{"type":"Point","coordinates":[85.31797383556095,27.70428141075297]}},{"type":"Feature","properties":{},"geometry":{"type":"Point","coordinates":[85.31794181287442,27.70435015215662]}},{"type":"Feature","properties":{},"geometry":{"type":"Point","coordinates":[85.31798127468221,27.704162213436767]}},{"type":"Feature","properties":{},"geometry":{"type":"Point","coordinates":[85.31797253310388,27.70414849050592]}},{"type":"Feature","properties":{},"geometry":{"type":"Point","coordinates":[85.31779533403105,27.704495607216554]}},{"type":"Feature","properties":{},"geometry":{"type":"Point","coordinates":[85.3176833753347,27.704521957480456]}},{"type":"Feature","properties":{},"geometry":{"type":"Point","coordinates":[85.31767666917806,27.704557133936866]}},{"type":"Feature","properties":{},"geometry":{"type":"Point","coordinates":[85.31766570926585,27.704561758960544]}},{"type":"Feature","properties":{},"geometry":{"type":"Point","coordinates":[85.31758465530051,27.704577442985233]}},{"type":"Feature","properties":{},"geometry":{"type":"Point","coordinates":[85.31760407246622,27.704631179192358]}},{"type":"Feature","properties":{},"geometry":{"type":"Point","coordinates":[85.31752446145302,27.70465261278593]}},{"type":"Feature","properties":{},"geometry":{"type":"Point","coordinates":[85.31748472430735,27.7046315454376]}},{"type":"Feature","properties":{},"geometry":{"type":"Point","coordinates":[85.31744194401003,27.704652244306395]}},{"type":"Feature","properties":{},"geometry":{"type":"Point","coordinates":[85.31744087145323,27.70465354537631]}},{"type":"Feature","properties":{},"geometry":{"type":"Point","coordinates":[85.3174149699086,27.70466646186455]}},{"type":"Feature","properties":{},"geometry":{"type":"Point","coordinates":[85.31739066590634,27.704707306289272]}},{"type":"Feature","properties":{},"geometry":{"type":"Point","coordinates":[85.31735070897233,27.704726599886353]}},{"type":"Feature","properties":{},"geometry":{"type":"Point","coordinates":[85.31736443508727,27.70469568486118]}},{"type":"Feature","properties":{},"geometry":{"type":"Point","coordinates":[85.31731444227513,27.704745887786963]}},{"type":"Feature","properties":{},"geometry":{"type":"Point","coordinates":[85.31724098835485,27.70478649392654]}},{"type":"Feature","properties":{},"geometry":{"type":"Point","coordinates":[85.31722267405426,27.704781628593334]}},{"type":"Feature","properties":{},"geometry":{"type":"Point","coordinates":[85.31724912498122,27.704763114011946]}},{"type":"Feature","properties":{},"geometry":{"type":"Point","coordinates":[85.31725249455496,27.704762132389238]}},{"type":"Feature","properties":{},"geometry":{"type":"Point","coordinates":[85.31791364093249,27.704130638255524]}},{"type":"Feature","properties":{},"geometry":{"type":"Point","coordinates":[85.3179127309463,27.704129406955673]}},{"type":"Feature","properties":{},"geometry":{"type":"Point","coordinates":[85.31791263581,27.704128337185107]}},{"type":"Feature","properties":{},"geometry":{"type":"Point","coordinates":[85.3179112604988,27.70412597385341]}},{"type":"Feature","properties":{},"geometry":{"type":"Point","coordinates":[85.31787074226088,27.70395804295487]}},{"type":"Feature","properties":{},"geometry":{"type":"Point","coordinates":[85.31786903163442,27.703954996833527]}},{"type":"Feature","properties":{},"geometry":{"type":"Point","coordinates":[85.31785050876915,27.703924467862343]}},{"type":"Feature","properties":{},"geometry":{"type":"Point","coordinates":[85.31774223968179,27.703511512632545]}},{"type":"Feature","properties":{},"geometry":{"type":"Point","coordinates":[85.31776975992878,27.703378248583178]}},{"type":"Feature","properties":{},"geometry":{"type":"Point","coordinates":[85.31777203677447,27.703377963970862]}},{"type":"Feature","properties":{},"geometry":{"type":"Point","coordinates":[85.31806022258972,27.70334003437237]}},{"type":"Feature","properties":{},"geometry":{"type":"Point","coordinates":[85.31816084155528,27.703341081770375]}},{"type":"Feature","properties":{},"geometry":{"type":"Point","coordinates":[85.31828565402992,27.70338680482033]}},{"type":"Feature","properties":{},"geometry":{"type":"Point","coordinates":[85.31812736499725,27.70323435600595]}},{"type":"Feature","properties":{},"geometry":{"type":"Point","coordinates":[85.31794579456275,27.70343192396579]}},{"type":"Feature","properties":{},"geometry":{"type":"Point","coordinates":[85.31797668317394,27.703495212170203]}},{"type":"Feature","properties":{},"geometry":{"type":"Point","coordinates":[85.31798252912294,27.703575209981977]}},{"type":"Feature","properties":{},"geometry":{"type":"Point","coordinates":[85.31796963784184,27.703595022176504]}},{"type":"Feature","properties":{},"geometry":{"type":"Point","coordinates":[85.31841505173354,27.703354389557923]}},{"type":"Feature","properties":{},"geometry":{"type":"Point","coordinates":[85.31846745031324,27.70341551290843]}},{"type":"Feature","properties":{},"geometry":{"type":"Point","coordinates":[85.31846993856821,27.703415461001928]}},{"type":"Feature","properties":{},"geometry":{"type":"Point","coordinates":[85.31847196886714,27.70341544956238]}},{"type":"Feature","properties":{},"geometry":{"type":"Point","coordinates":[85.3185913679268,27.703360952824614]}},{"type":"Feature","properties":{},"geometry":{"type":"Point","coordinates":[85.31859380272513,27.703360683655404]}},{"type":"Feature","properties":{},"geometry":{"type":"Point","coordinates":[85.31859599789314,27.70336043504179]}},{"type":"Feature","properties":{},"geometry":{"type":"Point","coordinates":[85.31705777657504,27.705609320640242]}},{"type":"Feature","properties":{},"geometry":{"type":"Point","coordinates":[85.3171533128976,27.70558903584618]}},{"type":"Feature","properties":{},"geometry":{"type":"Point","coordinates":[85.31718329360135,27.705581318030397]}},{"type":"Feature","properties":{},"geometry":{"type":"Point","coordinates":[85.31723645277935,27.705565212129255]}},{"type":"Feature","properties":{},"geometry":{"type":"Point","coordinates":[85.31723341973063,27.705604064146836]}},{"type":"Feature","properties":{},"geometry":{"type":"Point","coordinates":[85.31725757836904,27.70559781979331]}},{"type":"Feature","properties":{},"geometry":{"type":"Point","coordinates":[85.31740390319186,27.705503454832904]}},{"type":"Feature","properties":{},"geometry":{"type":"Point","coordinates":[85.31743046831096,27.705568508323733]}},{"type":"Feature","properties":{},"geometry":{"type":"Point","coordinates":[85.31743107931857,27.705539858117632]}},{"type":"Feature","properties":{},"geometry":{"type":"Point","coordinates":[85.31741821134251,27.705512992666556]}},{"type":"Feature","properties":{},"geometry":{"type":"Point","coordinates":[85.31748366214788,27.705439047509728]}},{"type":"Feature","properties":{},"geometry":{"type":"Point","coordinates":[85.31751448329068,27.70540602793833]}},{"type":"Feature","properties":{},"geometry":{"type":"Point","coordinates":[85.31751444998291,27.705405092496044]}},{"type":"Feature","properties":{},"geometry":{"type":"Point","coordinates":[85.31748668385441,27.705304505633965]}},{"type":"Feature","properties":{},"geometry":{"type":"Point","coordinates":[85.31746130389755,27.70531500964206]}},{"type":"Feature","properties":{},"geometry":{"type":"Point","coordinates":[85.31745606051899,27.705287957081712]}},{"type":"Feature","properties":{},"geometry":{"type":"Point","coordinates":[85.31745380629465,27.705258809943796]}},{"type":"Feature","properties":{},"geometry":{"type":"Point","coordinates":[85.31745329784326,27.705233921478243]}},{"type":"Feature","properties":{},"geometry":{"type":"Point","coordinates":[85.31744968372621,27.70523478009434]}},{"type":"Feature","properties":{},"geometry":{"type":"Point","coordinates":[85.31755502215614,27.705339371258397]}},{"type":"Feature","properties":{},"geometry":{"type":"Point","coordinates":[85.31766861599452,27.70521634945865]}},{"type":"Feature","properties":{},"geometry":{"type":"Point","coordinates":[85.31769579835326,27.70514725418165]}},{"type":"Feature","properties":{},"geometry":{"type":"Point","coordinates":[85.31758931136102,27.705081768209563]}},{"type":"Feature","properties":{},"geometry":{"type":"Point","coordinates":[85.31759086885161,27.70508408863122]}},{"type":"Feature","properties":{},"geometry":{"type":"Point","coordinates":[85.31768770785176,27.70605793921643]}},{"type":"Feature","properties":{},"geometry":{"type":"Point","coordinates":[85.31768721141778,27.7060592310438]}},{"type":"Feature","properties":{},"geometry":{"type":"Point","coordinates":[85.31771103691213,27.70625851660443]}},{"type":"Feature","properties":{},"geometry":{"type":"Point","coordinates":[85.3177107356925,27.706304455229887]}},{"type":"Feature","properties":{},"geometry":{"type":"Point","coordinates":[85.31758200244205,27.70629986708612]}},{"type":"Feature","properties":{},"geometry":{"type":"Point","coordinates":[85.31758085727314,27.706299422652954]}},{"type":"Feature","properties":{},"geometry":{"type":"Point","coordinates":[85.31747253209605,27.70630991398736]}},{"type":"Feature","properties":{},"geometry":{"type":"Point","coordinates":[85.31741414113614,27.70628688787737]}},{"type":"Feature","properties":{},"geometry":{"type":"Point","coordinates":[85.31734193717858,27.706311526946077]}},{"type":"Feature","properties":{},"geometry":{"type":"Point","coordinates":[85.3173426555099,27.706312163849976]}},{"type":"Feature","properties":{},"geometry":{"type":"Point","coordinates":[85.31731110742494,27.706278875334597]}},{"type":"Feature","properties":{},"geometry":{"type":"Point","coordinates":[85.31721482038175,27.70631268747007]}},{"type":"Feature","properties":{},"geometry":{"type":"Point","coordinates":[85.31721440966348,27.70631367978985]}},{"type":"Feature","properties":{},"geometry":{"type":"Point","coordinates":[85.31721475201317,27.706315027842237]}},{"type":"Feature","properties":{},"geometry":{"type":"Point","coordinates":[85.31758235649734,27.70644789881312]}},{"type":"Feature","properties":{},"geometry":{"type":"Point","coordinates":[85.31758066791014,27.70644771041578]}},{"type":"Feature","properties":{},"geometry":{"type":"Point","coordinates":[85.31731481146768,27.706472313328]}},{"type":"Feature","properties":{},"geometry":{"type":"Point","coordinates":[85.31757188762141,27.706593992995824]}},{"type":"Feature","properties":{},"geometry":{"type":"Point","coordinates":[85.31757128095236,27.70659480242585]}},{"type":"Feature","properties":{},"geometry":{"type":"Point","coordinates":[85.31751749221945,27.706752224995167]}},{"type":"Feature","properties":{},"geometry":{"type":"Point","coordinates":[85.31751475212305,27.706753418248805]}},{"type":"Feature","properties":{},"geometry":{"type":"Point","coordinates":[85.31732510828482,27.706811504125028]}},{"type":"Feature","properties":{},"geometry":{"type":"Point","coordinates":[85.31732525903313,27.70680961061185]}},{"type":"Feature","properties":{},"geometry":{"type":"Point","coordinates":[85.31774914038786,27.706648837028023]}},{"type":"Feature","properties":{},"geometry":{"type":"Point","coordinates":[85.31774908276911,27.70664981649242]}},{"type":"Feature","properties":{},"geometry":{"type":"Point","coordinates":[85.31774955617321,27.70665042243874]}},{"type":"Feature","properties":{},"geometry":{"type":"Point","coordinates":[85.31774980610331,27.706650986859636]}},{"type":"Feature","properties":{},"geometry":{"type":"Point","coordinates":[85.3177509585892,27.706652144391562]}},{"type":"Feature","properties":{},"geometry":{"type":"Point","coordinates":[85.31777186208915,27.70682965841387]}},{"type":"Feature","properties":{},"geometry":{"type":"Point","coordinates":[85.31776871881011,27.706842721566353]}},{"type":"Feature","properties":{},"geometry":{"type":"Point","coordinates":[85.31777333737726,27.706882878704583]}},{"type":"Feature","properties":{},"geometry":{"type":"Point","coordinates":[85.31772182506647,27.706911372390085]}},{"type":"Feature","properties":{},"geometry":{"type":"Point","coordinates":[85.31772188708739,27.70691380730955]}},{"type":"Feature","properties":{},"geometry":{"type":"Point","coordinates":[85.31772184719101,27.70691250806144]}},{"type":"Feature","properties":{},"geometry":{"type":"Point","coordinates":[85.31772821205001,27.7069726877387]}},{"type":"Feature","properties":{},"geometry":{"type":"Point","coordinates":[85.31772823181986,27.706974241260077]}},{"type":"Feature","properties":{},"geometry":{"type":"Point","coordinates":[85.31772830893206,27.706974833364683]}},{"type":"Feature","properties":{},"geometry":{"type":"Point","coordinates":[85.31772796193839,27.706975836388434]}},{"type":"Feature","properties":{},"geometry":{"type":"Point","coordinates":[85.31772786744094,27.706976179109866]}},{"type":"Feature","properties":{},"geometry":{"type":"Point","coordinates":[85.31772863262438,27.706977926712522]}},{"type":"Feature","properties":{},"geometry":{"type":"Point","coordinates":[85.31780101747921,27.707094535345973]}},{"type":"Feature","properties":{},"geometry":{"type":"Point","coordinates":[85.31780001274002,27.707090291098645]}},{"type":"Feature","properties":{},"geometry":{"type":"Point","coordinates":[85.31779981015987,27.707088953771613]}},{"type":"Feature","properties":{},"geometry":{"type":"Point","coordinates":[85.31779910367736,27.707085957759514]}},{"type":"Feature","properties":{},"geometry":{"type":"Point","coordinates":[85.31750916382587,27.706601467233245]}},{"type":"Feature","properties":{},"geometry":{"type":"Point","coordinates":[85.31751235503697,27.706599556523802]}},{"type":"Feature","properties":{},"geometry":{"type":"Point","coordinates":[85.31751583962163,27.70659941024681]}},{"type":"Feature","properties":{},"geometry":{"type":"Point","coordinates":[85.32177637368693,27.70582416466009]}},{"type":"Feature","properties":{},"geometry":{"type":"Point","coordinates":[85.3217586345062,27.705907980313825]}},{"type":"Feature","properties":{},"geometry":{"type":"Point","coordinates":[85.32169288897781,27.705987100105844]}},{"type":"Feature","properties":{},"geometry":{"type":"Point","coordinates":[85.32165871270296,27.706044805230974]}},{"type":"Feature","properties":{},"geometry":{"type":"Point","coordinates":[85.32170513410122,27.706065729532522]}},{"type":"Feature","properties":{},"geometry":{"type":"Point","coordinates":[85.32174544135422,27.70605261955978]}},{"type":"Feature","properties":{},"geometry":{"type":"Point","coordinates":[85.32173164771969,27.706087615546647]}},{"type":"Feature","properties":{},"geometry":{"type":"Point","coordinates":[85.3216890019097,27.70618712414134]}},{"type":"Feature","properties":{},"geometry":{"type":"Point","coordinates":[85.32171590812443,27.706219801256072]}},{"type":"Feature","properties":{},"geometry":{"type":"Point","coordinates":[85.32171621347189,27.70622111906642]}},{"type":"Feature","properties":{},"geometry":{"type":"Point","coordinates":[85.32168028707368,27.706259794435596]}},{"type":"Feature","properties":{},"geometry":{"type":"Point","coordinates":[85.32171161688699,27.706338769879466]}},{"type":"Feature","properties":{},"geometry":{"type":"Point","coordinates":[85.32167490446821,27.70630172467515]}},{"type":"Feature","properties":{},"geometry":{"type":"Point","coordinates":[85.32171442707069,27.706439329613694]}},{"type":"Feature","properties":{},"geometry":{"type":"Point","coordinates":[85.32166620466275,27.706480605048746]}},{"type":"Feature","properties":{},"geometry":{"type":"Point","coordinates":[85.32168762685633,27.706492476053942]}},{"type":"Feature","properties":{},"geometry":{"type":"Point","coordinates":[85.32171955160501,27.706397762678094]}},{"type":"Feature","properties":{},"geometry":{"type":"Point","coordinates":[85.32179010848807,27.705770746970778]}},{"type":"Feature","properties":{},"geometry":{"type":"Point","coordinates":[85.3217802471215,27.705551207431217]}},{"type":"Feature","properties":{},"geometry":{"type":"Point","coordinates":[85.32184096205397,27.70555017271865]}},{"type":"Feature","properties":{},"geometry":{"type":"Point","coordinates":[85.32188211839183,27.70554975106922]}},{"type":"Feature","properties":{},"geometry":{"type":"Point","coordinates":[85.32191081290534,27.705550783063238]}},{"type":"Feature","properties":{},"geometry":{"type":"Point","coordinates":[85.32193787200394,27.705554977606248]}},{"type":"Feature","properties":{},"geometry":{"type":"Point","coordinates":[85.32198558596447,27.70555093497943]}},{"type":"Feature","properties":{},"geometry":{"type":"Point","coordinates":[85.32203537468149,27.70554941212607]}},{"type":"Feature","properties":{},"geometry":{"type":"Point","coordinates":[85.32203789015564,27.70555315118415]}},{"type":"Feature","properties":{},"geometry":{"type":"Point","coordinates":[85.32212772097846,27.70551984582053]}},{"type":"Feature","properties":{},"geometry":{"type":"Point","coordinates":[85.32255305225551,27.705590469703672]}},{"type":"Feature","properties":{},"geometry":{"type":"Point","coordinates":[85.32257256838619,27.705588059033147]}},{"type":"Feature","properties":{},"geometry":{"type":"Point","coordinates":[85.32261247597555,27.705587136463862]}},{"type":"Feature","properties":{},"geometry":{"type":"Point","coordinates":[85.32230241173943,27.70571587813143]}},{"type":"Feature","properties":{},"geometry":{"type":"Point","coordinates":[85.32235032188261,27.70582375449348]}},{"type":"Feature","properties":{},"geometry":{"type":"Point","coordinates":[85.32234762416758,27.7058231766593]}},{"type":"Feature","properties":{},"geometry":{"type":"Point","coordinates":[85.3223448301613,27.70582259585293]}},{"type":"Feature","properties":{},"geometry":{"type":"Point","coordinates":[85.3223817928877,27.705716027924435]}},{"type":"Feature","properties":{},"geometry":{"type":"Point","coordinates":[85.32238450134236,27.705715307122837]}},{"type":"Feature","properties":{},"geometry":{"type":"Point","coordinates":[85.32248335374132,27.705727117279174]}},{"type":"Feature","properties":{},"geometry":{"type":"Point","coordinates":[85.3225055135696,27.705783104571925]}},{"type":"Feature","properties":{},"geometry":{"type":"Point","coordinates":[85.32250927224631,27.705783799053354]}},{"type":"Feature","properties":{},"geometry":{"type":"Point","coordinates":[85.3225116652595,27.705784872300338]}},{"type":"Feature","properties":{},"geometry":{"type":"Point","coordinates":[85.32251958068186,27.705711189512737]}},{"type":"Feature","properties":{},"geometry":{"type":"Point","coordinates":[85.32254873989578,27.705708893900955]}},{"type":"Feature","properties":{},"geometry":{"type":"Point","coordinates":[85.32257615472942,27.70571071983558]}},{"type":"Feature","properties":{},"geometry":{"type":"Point","coordinates":[85.32262626503467,27.705798618718536]}},{"type":"Feature","properties":{},"geometry":{"type":"Point","coordinates":[85.32262918639687,27.70579869653867]}},{"type":"Feature","properties":{},"geometry":{"type":"Point","coordinates":[85.32265724566066,27.7057102692373]}},{"type":"Feature","properties":{},"geometry":{"type":"Point","coordinates":[85.32252007477217,27.704117020093065]}},{"type":"Feature","properties":{},"geometry":{"type":"Point","coordinates":[85.32252655318473,27.704260363537326]}},{"type":"Feature","properties":{},"geometry":{"type":"Point","coordinates":[85.3225258468082,27.70426345161707]}},{"type":"Feature","properties":{},"geometry":{"type":"Point","coordinates":[85.32257992143248,27.704416250182064]}},{"type":"Feature","properties":{},"geometry":{"type":"Point","coordinates":[85.32258058492876,27.704419743859635]}},{"type":"Feature","properties":{},"geometry":{"type":"Point","coordinates":[85.32257137812013,27.704510175833917]}},{"type":"Feature","properties":{},"geometry":{"type":"Point","coordinates":[85.32257134715648,27.704506565269742]}},{"type":"Feature","properties":{},"geometry":{"type":"Point","coordinates":[85.32261626585667,27.704803955560767]}},{"type":"Feature","properties":{},"geometry":{"type":"Point","coordinates":[85.32261771447696,27.704799876452675]}},{"type":"Feature","properties":{},"geometry":{"type":"Point","coordinates":[85.32264044395625,27.704880004742325]}},{"type":"Feature","properties":{},"geometry":{"type":"Point","coordinates":[85.3226410966239,27.704881886338995]}},{"type":"Feature","properties":{},"geometry":{"type":"Point","coordinates":[85.3226461161883,27.70493015040485]}},{"type":"Feature","properties":{},"geometry":{"type":"Point","coordinates":[85.3226548293297,27.704988136337946]}},{"type":"Feature","properties":{},"geometry":{"type":"Point","coordinates":[85.32265825660993,27.705013079144955]}},{"type":"Feature","properties":{},"geometry":{"type":"Point","coordinates":[85.32267035312412,27.705098879256823]}},{"type":"Feature","properties":{},"geometry":{"type":"Point","coordinates":[85.32266991935433,27.705102575346785]}},{"type":"Feature","properties":{},"geometry":{"type":"Point","coordinates":[85.32261396163965,27.704668008539258]}},{"type":"Feature","properties":{},"geometry":{"type":"Point","coordinates":[85.32261410322008,27.704672276595655]}},{"type":"Feature","properties":{},"geometry":{"type":"Point","coordinates":[85.32261598808081,27.704695894727926]}},{"type":"Feature","properties":{},"geometry":{"type":"Point","coordinates":[85.32261636239798,27.704696085188463]}},{"type":"Feature","properties":{},"geometry":{"type":"Point","coordinates":[85.32267215034055,27.705129620130645]}},{"type":"Feature","properties":{},"geometry":{"type":"Point","coordinates":[85.32267317142271,27.7051312164737]}},{"type":"Feature","properties":{},"geometry":{"type":"Point","coordinates":[85.32267321881265,27.705131234196333]}},{"type":"Feature","properties":{},"geometry":{"type":"Point","coordinates":[85.32268202412513,27.705196653720144]}},{"type":"Feature","properties":{},"geometry":{"type":"Point","coordinates":[85.32268254818405,27.705199253088352]}},{"type":"Feature","properties":{},"geometry":{"type":"Point","coordinates":[85.32268850571727,27.705254084620027]}},{"type":"Feature","properties":{},"geometry":{"type":"Point","coordinates":[85.32269248272452,27.705278424867632]}},{"type":"Feature","properties":{},"geometry":{"type":"Point","coordinates":[85.32269261445805,27.705281348009105]}},{"type":"Feature","properties":{},"geometry":{"type":"Point","coordinates":[85.3226976649676,27.705319171781024]}},{"type":"Feature","properties":{},"geometry":{"type":"Point","coordinates":[85.32271002582488,27.7054202443842]}},{"type":"Feature","properties":{},"geometry":{"type":"Point","coordinates":[85.32271223497092,27.705422465244748]}},{"type":"Feature","properties":{},"geometry":{"type":"Point","coordinates":[85.32269667448132,27.705493109500527]}},{"type":"Feature","properties":{},"geometry":{"type":"Point","coordinates":[85.32269659285255,27.705495263794035]}},{"type":"Feature","properties":{},"geometry":{"type":"Point","coordinates":[85.32245518017422,27.70456379873117]}},{"type":"Feature","properties":{},"geometry":{"type":"Point","coordinates":[85.32238045814653,27.70484364672298]}},{"type":"Feature","properties":{},"geometry":{"type":"Point","coordinates":[85.3223819320942,27.704843480466543]}},{"type":"Feature","properties":{},"geometry":{"type":"Point","coordinates":[85.3223676481294,27.704793231330672]}},{"type":"Feature","properties":{},"geometry":{"type":"Point","coordinates":[85.32236040029446,27.704756268122086]}},{"type":"Feature","properties":{},"geometry":{"type":"Point","coordinates":[85.32235995109701,27.704753283369904]}},{"type":"Feature","properties":{},"geometry":{"type":"Point","coordinates":[85.32235237937137,27.704709387380916]}},{"type":"Feature","properties":{},"geometry":{"type":"Point","coordinates":[85.32234435749106,27.704669263998273]}},{"type":"Feature","properties":{},"geometry":{"type":"Point","coordinates":[85.32233808297794,27.704635693526264]}},{"type":"Feature","properties":{},"geometry":{"type":"Point","coordinates":[85.32231947180968,27.70442552556514]}},{"type":"Feature","properties":{},"geometry":{"type":"Point","coordinates":[85.32229663214818,27.704403853874467]}},{"type":"Feature","properties":{},"geometry":{"type":"Point","coordinates":[85.32228113006883,27.70451779939998]}},{"type":"Feature","properties":{},"geometry":{"type":"Point","coordinates":[85.32220971198053,27.70451249326849]}},{"type":"Feature","properties":{},"geometry":{"type":"Point","coordinates":[85.32216507434954,27.70451174916097]}},{"type":"Feature","properties":{},"geometry":{"type":"Point","coordinates":[85.32221615798986,27.704561097746705]}},{"type":"Feature","properties":{},"geometry":{"type":"Point","coordinates":[85.3222192931822,27.704574570160684]}},{"type":"Feature","properties":{},"geometry":{"type":"Point","coordinates":[85.32221881394243,27.704572289933328]}},{"type":"Feature","properties":{},"geometry":{"type":"Point","coordinates":[85.32223544979277,27.70458957497757]}},{"type":"Feature","properties":{},"geometry":{"type":"Point","coordinates":[85.32219410156617,27.70460229613545]}},{"type":"Feature","properties":{},"geometry":{"type":"Point","coordinates":[85.3221961656193,27.704520880714337]}},{"type":"Feature","properties":{},"geometry":{"type":"Point","coordinates":[85.32227079460002,27.704313141601045]}},{"type":"Feature","properties":{},"geometry":{"type":"Point","coordinates":[85.3222481600392,27.704324130156202]}},{"type":"Feature","properties":{},"geometry":{"type":"Point","coordinates":[85.3221546401527,27.704334301960277]}},{"type":"Feature","properties":{},"geometry":{"type":"Point","coordinates":[85.32215167202708,27.704335162213596]}},{"type":"Feature","properties":{},"geometry":{"type":"Point","coordinates":[85.32216205775252,27.70434246876164]}},{"type":"Feature","properties":{},"geometry":{"type":"Point","coordinates":[85.32229521070865,27.704251391913193]}},{"type":"Feature","properties":{},"geometry":{"type":"Point","coordinates":[85.32229475555441,27.704248995549307]}},{"type":"Feature","properties":{},"geometry":{"type":"Point","coordinates":[85.32228182210545,27.704158335877725]}},{"type":"Feature","properties":{},"geometry":{"type":"Point","coordinates":[85.3222542604691,27.70411960296246]}},{"type":"Feature","properties":{},"geometry":{"type":"Point","coordinates":[85.31723666688343,27.70217587323752]}},{"type":"Feature","properties":{},"geometry":{"type":"Point","coordinates":[85.31709052075053,27.701023635523416]}},{"type":"Feature","properties":{},"geometry":{"type":"Point","coordinates":[85.31879775231279,27.699670775772645]}},{"type":"Feature","properties":{},"geometry":{"type":"Point","coordinates":[85.31892006806035,27.699691720894833]}},{"type":"Feature","properties":{},"geometry":{"type":"Point","coordinates":[85.32023343615838,27.701613607419826]}},{"type":"Feature","properties":{},"geometry":{"type":"Point","coordinates":[85.31925922327306,27.699782760362453]}},{"type":"Feature","properties":{},"geometry":{"type":"Point","coordinates":[85.32113708959871,27.70186710086379]}},{"type":"Feature","properties":{},"geometry":{"type":"Point","coordinates":[85.32120631116157,27.7018760740803]}},{"type":"Feature","properties":{},"geometry":{"type":"Point","coordinates":[85.32124506727519,27.70159779957674]}},{"type":"Feature","properties":{},"geometry":{"type":"Point","coordinates":[85.32112330629663,27.701709685618507]}},{"type":"Feature","properties":{},"geometry":{"type":"Point","coordinates":[85.3214061622853,27.70191488551102]}},{"type":"Feature","properties":{},"geometry":{"type":"Point","coordinates":[85.32193854295903,27.70159954831498]}},{"type":"Feature","properties":{},"geometry":{"type":"Point","coordinates":[85.32194144978176,27.701598580819944]}},{"type":"Feature","properties":{},"geometry":{"type":"Point","coordinates":[85.32204943129003,27.701740790872414]}},{"type":"Feature","properties":{},"geometry":{"type":"Point","coordinates":[85.32191361345593,27.701737228479324]}},{"type":"Feature","properties":{},"geometry":{"type":"Point","coordinates":[85.32185709332401,27.70181548826117]}},{"type":"Feature","properties":{},"geometry":{"type":"Point","coordinates":[85.32185681401556,27.701815318806617]}},{"type":"Feature","properties":{},"geometry":{"type":"Point","coordinates":[85.32137714782635,27.702015907798927]}},{"type":"Feature","properties":{},"geometry":{"type":"Point","coordinates":[85.32131695230777,27.702083236249045]}},{"type":"Feature","properties":{},"geometry":{"type":"Point","coordinates":[85.32141092261922,27.702113739189087]}},{"type":"Feature","properties":{},"geometry":{"type":"Point","coordinates":[85.32170579201042,27.70210103506963]}},{"type":"Feature","properties":{},"geometry":{"type":"Point","coordinates":[85.32141111762697,27.702134123777604]}},{"type":"Feature","properties":{},"geometry":{"type":"Point","coordinates":[85.32146304598538,27.70212421618669]}},{"type":"Feature","properties":{},"geometry":{"type":"Point","coordinates":[85.32161616545429,27.702108318688175]}},{"type":"Feature","properties":{},"geometry":{"type":"Point","coordinates":[85.32154084888454,27.702219893602376]}},{"type":"Feature","properties":{},"geometry":{"type":"Point","coordinates":[85.321538763796,27.70213152428896]}},{"type":"Feature","properties":{},"geometry":{"type":"Point","coordinates":[85.32159577660917,27.70222073195452]}},{"type":"Feature","properties":{},"geometry":{"type":"Point","coordinates":[85.32154869666026,27.702197622729887]}},{"type":"Feature","properties":{},"geometry":{"type":"Point","coordinates":[85.32165461884641,27.702198358197723]}},{"type":"Feature","properties":{},"geometry":{"type":"Point","coordinates":[85.32171739769305,27.702184721865212]}},{"type":"Feature","properties":{},"geometry":{"type":"Point","coordinates":[85.32174886528074,27.702173060664286]}},{"type":"Feature","properties":{},"geometry":{"type":"Point","coordinates":[85.32152007351256,27.701902121971724]}},{"type":"Feature","properties":{},"geometry":{"type":"Point","coordinates":[85.32153396229201,27.701965094120045]}},{"type":"Feature","properties":{},"geometry":{"type":"Point","coordinates":[85.32177631914472,27.701981766443975]}},{"type":"Feature","properties":{},"geometry":{"type":"Point","coordinates":[85.32177868592095,27.701981301442576]}},{"type":"Feature","properties":{},"geometry":{"type":"Point","coordinates":[85.32185068719959,27.70196422441971]}},{"type":"Feature","properties":{},"geometry":{"type":"Point","coordinates":[85.32168203129045,27.70200295690983]}},{"type":"Feature","properties":{},"geometry":{"type":"Point","coordinates":[85.32123548189658,27.701385733654824]}},{"type":"Feature","properties":{},"geometry":{"type":"Point","coordinates":[85.32112282180672,27.701426297066263]}},{"type":"Feature","properties":{},"geometry":{"type":"Point","coordinates":[85.32225372928573,27.701987055876995]}},{"type":"Feature","properties":{},"geometry":{"type":"Point","coordinates":[85.32225354254099,27.701985674521246]}},{"type":"Feature","properties":{},"geometry":{"type":"Point","coordinates":[85.32224860061763,27.70196410060428]}},{"type":"Feature","properties":{},"geometry":{"type":"Point","coordinates":[85.32203121125856,27.70212391891951]}},{"type":"Feature","properties":{},"geometry":{"type":"Point","coordinates":[85.32195354304615,27.702124587623903]}},{"type":"Feature","properties":{},"geometry":{"type":"Point","coordinates":[85.32189431942794,27.702135045970866]}},{"type":"Feature","properties":{},"geometry":{"type":"Point","coordinates":[85.32186845133417,27.702134516686147]}},{"type":"Feature","properties":{},"geometry":{"type":"Point","coordinates":[85.3202635580549,27.70225228299135]}},{"type":"Feature","properties":{},"geometry":{"type":"Point","coordinates":[85.32041657435767,27.70310571965316]}},{"type":"Feature","properties":{},"geometry":{"type":"Point","coordinates":[85.3203745679358,27.70349631149512]}},{"type":"Feature","properties":{},"geometry":{"type":"Point","coordinates":[85.3203788192072,27.703297865959918]}},{"type":"Feature","properties":{},"geometry":{"type":"Point","coordinates":[85.32037669540688,27.703260550567073]}},{"type":"Feature","properties":{},"geometry":{"type":"Point","coordinates":[85.3200492413921,27.703138889495758]}},{"type":"Feature","properties":{},"geometry":{"type":"Point","coordinates":[85.31950240401957,27.70333251825334]}},{"type":"Feature","properties":{},"geometry":{"type":"Point","coordinates":[85.3196063443416,27.70328424464601]}},{"type":"Feature","properties":{},"geometry":{"type":"Point","coordinates":[85.31968314824887,27.703279744510652]}},{"type":"Feature","properties":{},"geometry":{"type":"Point","coordinates":[85.31983703673099,27.70326447030576]}},{"type":"Feature","properties":{},"geometry":{"type":"Point","coordinates":[85.31986881447105,27.7032574181082]}},{"type":"Feature","properties":{},"geometry":{"type":"Point","coordinates":[85.32004605021493,27.703250623058963]}},{"type":"Feature","properties":{},"geometry":{"type":"Point","coordinates":[85.32004481434915,27.70325040769549]}},{"type":"Feature","properties":{},"geometry":{"type":"Point","coordinates":[85.32023473392168,27.703237512583726]}},{"type":"Feature","properties":{},"geometry":{"type":"Point","coordinates":[85.32070164063697,27.70318605430177]}},{"type":"Feature","properties":{},"geometry":{"type":"Point","coordinates":[85.32092527124061,27.703194403377186]}},{"type":"Feature","properties":{},"geometry":{"type":"Point","coordinates":[85.32094015940008,27.70321235601216]}},{"type":"Feature","properties":{},"geometry":{"type":"Point","coordinates":[85.32094286751091,27.703212713776338]}},{"type":"Feature","properties":{},"geometry":{"type":"Point","coordinates":[85.32103393832044,27.703190903597495]}},{"type":"Feature","properties":{},"geometry":{"type":"Point","coordinates":[85.32110398207591,27.70320000960857]}},{"type":"Feature","properties":{},"geometry":{"type":"Point","coordinates":[85.32034041885066,27.703313716272234]}},{"type":"Feature","properties":{},"geometry":{"type":"Point","coordinates":[85.32033985242593,27.703432658748753]}},{"type":"Feature","properties":{},"geometry":{"type":"Point","coordinates":[85.32033808070602,27.703515955857267]}},{"type":"Feature","properties":{},"geometry":{"type":"Point","coordinates":[85.32033622792956,27.70351675740148]}},{"type":"Feature","properties":{},"geometry":{"type":"Point","coordinates":[85.32007346418672,27.703512870289472]}},{"type":"Feature","properties":{},"geometry":{"type":"Point","coordinates":[85.32007801826511,27.70360355749033]}},{"type":"Feature","properties":{},"geometry":{"type":"Point","coordinates":[85.31996686952395,27.703513721111367]}},{"type":"Feature","properties":{},"geometry":{"type":"Point","coordinates":[85.31997492974033,27.70356756378215]}},{"type":"Feature","properties":{},"geometry":{"type":"Point","coordinates":[85.31992182495307,27.70353970027378]}},{"type":"Feature","properties":{},"geometry":{"type":"Point","coordinates":[85.31991646348115,27.70350350806541]}},{"type":"Feature","properties":{},"geometry":{"type":"Point","coordinates":[85.31978053042579,27.70349661171487]}},{"type":"Feature","properties":{},"geometry":{"type":"Point","coordinates":[85.31980404335603,27.703614671317627]}},{"type":"Feature","properties":{},"geometry":{"type":"Point","coordinates":[85.3201287332448,27.703710377411873]}},{"type":"Feature","properties":{},"geometry":{"type":"Point","coordinates":[85.3201290482116,27.703713117755658]}},{"type":"Feature","properties":{},"geometry":{"type":"Point","coordinates":[85.32018139123542,27.703782841085857]}},{"type":"Feature","properties":{},"geometry":{"type":"Point","coordinates":[85.32022416024002,27.704113018865492]}},{"type":"Feature","properties":{},"geometry":{"type":"Point","coordinates":[85.3200901119052,27.704031166603052]}},{"type":"Feature","properties":{},"geometry":{"type":"Point","coordinates":[85.32021866692907,27.70410813170413]}},{"type":"Feature","properties":{},"geometry":{"type":"Point","coordinates":[85.32021927552536,27.704109842194825]}},{"type":"Feature","properties":{},"geometry":{"type":"Point","coordinates":[85.3205602594091,27.703246829681955]}},{"type":"Feature","properties":{},"geometry":{"type":"Point","coordinates":[85.32053349865856,27.7033022535325]}},{"type":"Feature","properties":{},"geometry":{"type":"Point","coordinates":[85.32054632202195,27.70330578102247]}},{"type":"Feature","properties":{},"geometry":{"type":"Point","coordinates":[85.32056339386003,27.703304831073606]}},{"type":"Feature","properties":{},"geometry":{"type":"Point","coordinates":[85.32057511980274,27.70335697447178]}},{"type":"Feature","properties":{},"geometry":{"type":"Point","coordinates":[85.32059095288795,27.703486043929058]}},{"type":"Feature","properties":{},"geometry":{"type":"Point","coordinates":[85.32122958771554,27.703301042323183]}},{"type":"Feature","properties":{},"geometry":{"type":"Point","coordinates":[85.32122825740197,27.703359524776076]}},{"type":"Feature","properties":{},"geometry":{"type":"Point","coordinates":[85.32124914412653,27.70335579061896]}},{"type":"Feature","properties":{},"geometry":{"type":"Point","coordinates":[85.32119252395552,27.703338753430714]}},{"type":"Feature","properties":{},"geometry":{"type":"Point","coordinates":[85.32122376349662,27.703482045188252]}},{"type":"Feature","properties":{},"geometry":{"type":"Point","coordinates":[85.32118936496585,27.703462700710986]}},{"type":"Feature","properties":{},"geometry":{"type":"Point","coordinates":[85.3211519242541,27.70346170692062]}},{"type":"Feature","properties":{},"geometry":{"type":"Point","coordinates":[85.3211505508728,27.70345841853172]}},{"type":"Feature","properties":{},"geometry":{"type":"Point","coordinates":[85.32137586086984,27.703214269937764]}},{"type":"Feature","properties":{},"geometry":{"type":"Point","coordinates":[85.32139198572895,27.703213574654153]}},{"type":"Feature","properties":{},"geometry":{"type":"Point","coordinates":[85.3215107413058,27.703318281361863]}},{"type":"Feature","properties":{},"geometry":{"type":"Point","coordinates":[85.32151119572933,27.70331999539347]}},{"type":"Feature","properties":{},"geometry":{"type":"Point","coordinates":[85.32154581165769,27.70334925329721]}},{"type":"Feature","properties":{},"geometry":{"type":"Point","coordinates":[85.32168681421936,27.703042794453165]}},{"type":"Feature","properties":{},"geometry":{"type":"Point","coordinates":[85.32168810770733,27.703041696391892]}},{"type":"Feature","properties":{},"geometry":{"type":"Point","coordinates":[85.32168934444763,27.703042848595295]}},{"type":"Feature","properties":{},"geometry":{"type":"Point","coordinates":[85.32184030976441,27.70313228362417]}},{"type":"Feature","properties":{},"geometry":{"type":"Point","coordinates":[85.32191649985793,27.703236407190623]}},{"type":"Feature","properties":{},"geometry":{"type":"Point","coordinates":[85.32191778920568,27.70323544716676]}},{"type":"Feature","properties":{},"geometry":{"type":"Point","coordinates":[85.32202798601838,27.70293508034784]}},{"type":"Feature","properties":{},"geometry":{"type":"Point","coordinates":[85.32203845870846,27.703128753138905]}},{"type":"Feature","properties":{},"geometry":{"type":"Point","coordinates":[85.32201762688842,27.702936449399804]}},{"type":"Feature","properties":{},"geometry":{"type":"Point","coordinates":[85.32198349776516,27.70305775413164]}},{"type":"Feature","properties":{},"geometry":{"type":"Point","coordinates":[85.32198471623249,27.70280118012545]}},{"type":"Feature","properties":{},"geometry":{"type":"Point","coordinates":[85.32201556118443,27.702795163073443]}},{"type":"Feature","properties":{},"geometry":{"type":"Point","coordinates":[85.32197809504326,27.70270379443689]}},{"type":"Feature","properties":{},"geometry":{"type":"Point","coordinates":[85.32191072142103,27.70256401073394]}},{"type":"Feature","properties":{},"geometry":{"type":"Point","coordinates":[85.32193830540078,27.70246082563533]}},{"type":"Feature","properties":{},"geometry":{"type":"Point","coordinates":[85.32191377506877,27.702376047144668]}},{"type":"Feature","properties":{},"geometry":{"type":"Point","coordinates":[85.32175491659771,27.702788606280418]}},{"type":"Feature","properties":{},"geometry":{"type":"Point","coordinates":[85.32162277213119,27.702797317608407]}},{"type":"Feature","properties":{},"geometry":{"type":"Point","coordinates":[85.32184063422471,27.70273476062564]}},{"type":"Feature","properties":{},"geometry":{"type":"Point","coordinates":[85.32184008359496,27.702734959731362]}},{"type":"Feature","properties":{},"geometry":{"type":"Point","coordinates":[85.32183981709736,27.70273488068677]}},{"type":"Feature","properties":{},"geometry":{"type":"Point","coordinates":[85.32154955866707,27.702808486161597]}},{"type":"Feature","properties":{},"geometry":{"type":"Point","coordinates":[85.32145489727873,27.702782083313316]}},{"type":"Feature","properties":{},"geometry":{"type":"Point","coordinates":[85.32146846315077,27.70245566291227]}},{"type":"Feature","properties":{},"geometry":{"type":"Point","coordinates":[85.32147441096456,27.702477694003868]}},{"type":"Feature","properties":{},"geometry":{"type":"Point","coordinates":[85.32148629794109,27.70252430938744]}},{"type":"Feature","properties":{},"geometry":{"type":"Point","coordinates":[85.32151056677512,27.702587196197584]}},{"type":"Feature","properties":{},"geometry":{"type":"Point","coordinates":[85.32157381824375,27.70243668626023]}},{"type":"Feature","properties":{},"geometry":{"type":"Point","coordinates":[85.32162655517524,27.702410197792446]}},{"type":"Feature","properties":{},"geometry":{"type":"Point","coordinates":[85.32133078581353,27.702351335057507]}},{"type":"Feature","properties":{},"geometry":{"type":"Point","coordinates":[85.32133097551711,27.702349210054187]}},{"type":"Feature","properties":{},"geometry":{"type":"Point","coordinates":[85.32186835799087,27.702378054412893]}},{"type":"Feature","properties":{},"geometry":{"type":"Point","coordinates":[85.321776128844,27.702422733409445]}},{"type":"Feature","properties":{},"geometry":{"type":"Point","coordinates":[85.32176087079849,27.70242431020829]}},{"type":"Feature","properties":{},"geometry":{"type":"Point","coordinates":[85.32171790662548,27.70239882127644]}},{"type":"Feature","properties":{},"geometry":{"type":"Point","coordinates":[85.32219575275163,27.703403658547504]}},{"type":"Feature","properties":{},"geometry":{"type":"Point","coordinates":[85.32222108199377,27.7034487066147]}},{"type":"Feature","properties":{},"geometry":{"type":"Point","coordinates":[85.32221114426461,27.70350431756025]}},{"type":"Feature","properties":{},"geometry":{"type":"Point","coordinates":[85.32221037737703,27.70349419432076]}},{"type":"Feature","properties":{},"geometry":{"type":"Point","coordinates":[85.3224883112157,27.703851156307625]}},{"type":"Feature","properties":{},"geometry":{"type":"Point","coordinates":[85.32248024825759,27.7036685454816]}},{"type":"Feature","properties":{},"geometry":{"type":"Point","coordinates":[85.32247452146073,27.703620382946223]}},{"type":"Feature","properties":{},"geometry":{"type":"Point","coordinates":[85.32247014264708,27.703582939151936]}},{"type":"Feature","properties":{},"geometry":{"type":"Point","coordinates":[85.32245891568816,27.703506071233704]}},{"type":"Feature","properties":{},"geometry":{"type":"Point","coordinates":[85.32245447456557,27.70347309880566]}},{"type":"Feature","properties":{},"geometry":{"type":"Point","coordinates":[85.32244658844111,27.70340050431839]}},{"type":"Feature","properties":{},"geometry":{"type":"Point","coordinates":[85.32243845084305,27.70335183963089]}},{"type":"Feature","properties":{},"geometry":{"type":"Point","coordinates":[85.32235165810226,27.703248988595202]}},{"type":"Feature","properties":{},"geometry":{"type":"Point","coordinates":[85.32239475239474,27.70303638602352]}},{"type":"Feature","properties":{},"geometry":{"type":"Point","coordinates":[85.32236004868787,27.70277946419888]}},{"type":"Feature","properties":{},"geometry":{"type":"Point","coordinates":[85.32236161037632,27.70277714011169]}},{"type":"Feature","properties":{},"geometry":{"type":"Point","coordinates":[85.3223561603531,27.702754374094134]}},{"type":"Feature","properties":{},"geometry":{"type":"Point","coordinates":[85.322351347521,27.70268856428738]}},{"type":"Feature","properties":{},"geometry":{"type":"Point","coordinates":[85.3223392374747,27.70262700820132]}},{"type":"Feature","properties":{},"geometry":{"type":"Point","coordinates":[85.32233191738766,27.70257051478903]}},{"type":"Feature","properties":{},"geometry":{"type":"Point","coordinates":[85.32231224487356,27.702422243257192]}},{"type":"Feature","properties":{},"geometry":{"type":"Point","coordinates":[85.32229718008581,27.702310766659103]}},{"type":"Feature","properties":{},"geometry":{"type":"Point","coordinates":[85.32228038662393,27.702255284812818]}},{"type":"Feature","properties":{},"geometry":{"type":"Point","coordinates":[85.32228427830486,27.702253640603157]}},{"type":"Feature","properties":{},"geometry":{"type":"Point","coordinates":[85.3223146142333,27.702501748492455]}},{"type":"Feature","properties":{},"geometry":{"type":"Point","coordinates":[85.31945107715987,27.703292342855423]}},{"type":"Feature","properties":{},"geometry":{"type":"Point","coordinates":[85.31939892314843,27.703293107739796]}},{"type":"Feature","properties":{},"geometry":{"type":"Point","coordinates":[85.31940015943321,27.703295280737574]}},{"type":"Feature","properties":{},"geometry":{"type":"Point","coordinates":[85.31932863879138,27.70329997302034]}},{"type":"Feature","properties":{},"geometry":{"type":"Point","coordinates":[85.31930417013619,27.703303658884476]}},{"type":"Feature","properties":{},"geometry":{"type":"Point","coordinates":[85.31926045725841,27.703300043252106]}},{"type":"Feature","properties":{},"geometry":{"type":"Point","coordinates":[85.31917443208324,27.703309009805533]}},{"type":"Feature","properties":{},"geometry":{"type":"Point","coordinates":[85.31917712525038,27.703309019039782]}},{"type":"Feature","properties":{},"geometry":{"type":"Point","coordinates":[85.31857703815602,27.703237362780037]}},{"type":"Feature","properties":{},"geometry":{"type":"Point","coordinates":[85.31857568356118,27.70323761618804]}},{"type":"Feature","properties":{},"geometry":{"type":"Point","coordinates":[85.31900535893011,27.703370670274044]}},{"type":"Feature","properties":{},"geometry":{"type":"Point","coordinates":[85.31907067999822,27.703482393648304]}},{"type":"Feature","properties":{},"geometry":{"type":"Point","coordinates":[85.31907041005194,27.703481348831783]}},{"type":"Feature","properties":{},"geometry":{"type":"Point","coordinates":[85.31907349200321,27.70360662901417]}},{"type":"Feature","properties":{},"geometry":{"type":"Point","coordinates":[85.3190799717234,27.703715258759757]}},{"type":"Feature","properties":{},"geometry":{"type":"Point","coordinates":[85.31907569736772,27.703509526453768]}},{"type":"Feature","properties":{},"geometry":{"type":"Point","coordinates":[85.31911026297358,27.70378686998196]}},{"type":"Feature","properties":{},"geometry":{"type":"Point","coordinates":[85.3191802363072,27.703782322396247]}},{"type":"Feature","properties":{},"geometry":{"type":"Point","coordinates":[85.31904929447626,27.7039388684797]}},{"type":"Feature","properties":{},"geometry":{"type":"Point","coordinates":[85.31910048119303,27.703991436996187]}},{"type":"Feature","properties":{},"geometry":{"type":"Point","coordinates":[85.3185755413227,27.70383721478085]}},{"type":"Feature","properties":{},"geometry":{"type":"Point","coordinates":[85.31854502179505,27.703840099556388]}},{"type":"Feature","properties":{},"geometry":{"type":"Point","coordinates":[85.31847777574988,27.703825433148907]}},{"type":"Feature","properties":{},"geometry":{"type":"Point","coordinates":[85.31836651760766,27.703855683381992]}},{"type":"Feature","properties":{},"geometry":{"type":"Point","coordinates":[85.31831618372782,27.703858487150836]}},{"type":"Feature","properties":{},"geometry":{"type":"Point","coordinates":[85.31813652191603,27.70387721372066]}},{"type":"Feature","properties":{},"geometry":{"type":"Point","coordinates":[85.31923666073236,27.70374470523015]}},{"type":"Feature","properties":{},"geometry":{"type":"Point","coordinates":[85.3192368395522,27.703745873491354]}},{"type":"Feature","properties":{},"geometry":{"type":"Point","coordinates":[85.3192254393871,27.703747606954906]}},{"type":"Feature","properties":{},"geometry":{"type":"Point","coordinates":[85.31943927497458,27.703684441789765]}},{"type":"Feature","properties":{},"geometry":{"type":"Point","coordinates":[85.31955238918457,27.70368060908568]}},{"type":"Feature","properties":{},"geometry":{"type":"Point","coordinates":[85.31822978104009,27.704025931107203]}},{"type":"Feature","properties":{},"geometry":{"type":"Point","coordinates":[85.31822998353226,27.70402740652262]}},{"type":"Feature","properties":{},"geometry":{"type":"Point","coordinates":[85.31821131868881,27.70404474150415]}},{"type":"Feature","properties":{},"geometry":{"type":"Point","coordinates":[85.3180717932685,27.70377107937987]}},{"type":"Feature","properties":{},"geometry":{"type":"Point","coordinates":[85.31806234098921,27.703711133846628]}},{"type":"Feature","properties":{},"geometry":{"type":"Point","coordinates":[85.31805342114923,27.704069222559884]}},{"type":"Feature","properties":{},"geometry":{"type":"Point","coordinates":[85.31805878967326,27.7040687516768]}},{"type":"Feature","properties":{},"geometry":{"type":"Point","coordinates":[85.31926168305289,27.703883075182564]}},{"type":"Feature","properties":{},"geometry":{"type":"Point","coordinates":[85.3193107553927,27.703954841289047]}},{"type":"Feature","properties":{},"geometry":{"type":"Point","coordinates":[85.31940199008221,27.703938475659715]}},{"type":"Feature","properties":{},"geometry":{"type":"Point","coordinates":[85.31956598869161,27.703878529341782]}},{"type":"Feature","properties":{},"geometry":{"type":"Point","coordinates":[85.31961339169742,27.70386508822776]}},{"type":"Feature","properties":{},"geometry":{"type":"Point","coordinates":[85.31967338520222,27.703866005108562]}},{"type":"Feature","properties":{},"geometry":{"type":"Point","coordinates":[85.31985338504572,27.703868289213034]}},{"type":"Feature","properties":{},"geometry":{"type":"Point","coordinates":[85.31989690891936,27.70385758437216]}},{"type":"Feature","properties":{},"geometry":{"type":"Point","coordinates":[85.31996486436239,27.703772613946647]}},{"type":"Feature","properties":{},"geometry":{"type":"Point","coordinates":[85.31999069055881,27.703853344288557]}},{"type":"Feature","properties":{},"geometry":{"type":"Point","coordinates":[85.32007539194485,27.703906256922004]}},{"type":"Feature","properties":{},"geometry":{"type":"Point","coordinates":[85.32011221836257,27.703914923323207]}},{"type":"Feature","properties":{},"geometry":{"type":"Point","coordinates":[85.31920233022099,27.704353352886983]}},{"type":"Feature","properties":{},"geometry":{"type":"Point","coordinates":[85.31939265794973,27.704364439197224]}},{"type":"Feature","properties":{},"geometry":{"type":"Point","coordinates":[85.3193862488898,27.704406534672827]}},{"type":"Feature","properties":{},"geometry":{"type":"Point","coordinates":[85.31941175916333,27.704366064630616]}},{"type":"Feature","properties":{},"geometry":{"type":"Point","coordinates":[85.3195308844462,27.704370764512987]}},{"type":"Feature","properties":{},"geometry":{"type":"Point","coordinates":[85.31951549267976,27.704402553075667]}},{"type":"Feature","properties":{},"geometry":{"type":"Point","coordinates":[85.31959382336966,27.70437311614076]}},{"type":"Feature","properties":{},"geometry":{"type":"Point","coordinates":[85.31961748240192,27.704408382434114]}},{"type":"Feature","properties":{},"geometry":{"type":"Point","coordinates":[85.31968937854897,27.704447791200177]}},{"type":"Feature","properties":{},"geometry":{"type":"Point","coordinates":[85.32005248154665,27.704428438756995]}},{"type":"Feature","properties":{},"geometry":{"type":"Point","coordinates":[85.32005308656383,27.704424160808276]}},{"type":"Feature","properties":{},"geometry":{"type":"Point","coordinates":[85.32005183624729,27.70442032064197]}},{"type":"Feature","properties":{},"geometry":{"type":"Point","coordinates":[85.31905767324669,27.70425794635546]}},{"type":"Feature","properties":{},"geometry":{"type":"Point","coordinates":[85.31906552591661,27.704128033518725]}},{"type":"Feature","properties":{},"geometry":{"type":"Point","coordinates":[85.3190653563675,27.70412606210371]}},{"type":"Feature","properties":{},"geometry":{"type":"Point","coordinates":[85.31905209507772,27.704031760971812]}},{"type":"Feature","properties":{},"geometry":{"type":"Point","coordinates":[85.31906510183772,27.70445305516414]}},{"type":"Feature","properties":{},"geometry":{"type":"Point","coordinates":[85.31906495256648,27.704450422428994]}},{"type":"Feature","properties":{},"geometry":{"type":"Point","coordinates":[85.31910216044886,27.704459281463695]}},{"type":"Feature","properties":{},"geometry":{"type":"Point","coordinates":[85.31906027180628,27.704509024782862]}},{"type":"Feature","properties":{},"geometry":{"type":"Point","coordinates":[85.31909017096145,27.70459736174836]}},{"type":"Feature","properties":{},"geometry":{"type":"Point","coordinates":[85.31883071221039,27.704419744192624]}},{"type":"Feature","properties":{},"geometry":{"type":"Point","coordinates":[85.31874610027783,27.704417827561514]}},{"type":"Feature","properties":{},"geometry":{"type":"Point","coordinates":[85.31869074579483,27.70442240084476]}},{"type":"Feature","properties":{},"geometry":{"type":"Point","coordinates":[85.31862778551337,27.704441878431503]}},{"type":"Feature","properties":{},"geometry":{"type":"Point","coordinates":[85.31861400286775,27.70440488172201]}},{"type":"Feature","properties":{},"geometry":{"type":"Point","coordinates":[85.318608694082,27.704272030126827]}},{"type":"Feature","properties":{},"geometry":{"type":"Point","coordinates":[85.31860832941676,27.704271673704447]}},{"type":"Feature","properties":{},"geometry":{"type":"Point","coordinates":[85.31859266473039,27.704352063663066]}},{"type":"Feature","properties":{},"geometry":{"type":"Point","coordinates":[85.31859100917767,27.704351971350142]}},{"type":"Feature","properties":{},"geometry":{"type":"Point","coordinates":[85.3184987097156,27.704325191714723]}},{"type":"Feature","properties":{},"geometry":{"type":"Point","coordinates":[85.3184953395428,27.704315963758848]}},{"type":"Feature","properties":{},"geometry":{"type":"Point","coordinates":[85.31907284598272,27.703512032498207]}},{"type":"Feature","properties":{},"geometry":{"type":"Point","coordinates":[85.31902388949857,27.704626173030704]}},{"type":"Feature","properties":{},"geometry":{"type":"Point","coordinates":[85.31906156311881,27.704681918696124]}},{"type":"Feature","properties":{},"geometry":{"type":"Point","coordinates":[85.31922600876176,27.704573442022248]}},{"type":"Feature","properties":{},"geometry":{"type":"Point","coordinates":[85.31924490386827,27.704574556843564]}},{"type":"Feature","properties":{},"geometry":{"type":"Point","coordinates":[85.31924646193494,27.704574989127643]}},{"type":"Feature","properties":{},"geometry":{"type":"Point","coordinates":[85.31940351184664,27.704599298021726]}},{"type":"Feature","properties":{},"geometry":{"type":"Point","coordinates":[85.31952028635766,27.704596019752113]}},{"type":"Feature","properties":{},"geometry":{"type":"Point","coordinates":[85.31969660341952,27.704593267405613]}},{"type":"Feature","properties":{},"geometry":{"type":"Point","coordinates":[85.31978292517262,27.704593996606537]}},{"type":"Feature","properties":{},"geometry":{"type":"Point","coordinates":[85.31984869344153,27.70456994236483]}},{"type":"Feature","properties":{},"geometry":{"type":"Point","coordinates":[85.32005309964042,27.70458765998772]}},{"type":"Feature","properties":{},"geometry":{"type":"Point","coordinates":[85.3189400377967,27.704587422000913]}},{"type":"Feature","properties":{},"geometry":{"type":"Point","coordinates":[85.31879853241479,27.704617621120413]}},{"type":"Feature","properties":{},"geometry":{"type":"Point","coordinates":[85.31878848176157,27.704591912770493]}},{"type":"Feature","properties":{},"geometry":{"type":"Point","coordinates":[85.31878715531145,27.70459185063064]}},{"type":"Feature","properties":{},"geometry":{"type":"Point","coordinates":[85.31872566116293,27.70462046268475]}},{"type":"Feature","properties":{},"geometry":{"type":"Point","coordinates":[85.31864771432039,27.704622723597396]}},{"type":"Feature","properties":{},"geometry":{"type":"Point","coordinates":[85.31868359818051,27.704597898079797]}},{"type":"Feature","properties":{},"geometry":{"type":"Point","coordinates":[85.31857436784392,27.704684927894256]}},{"type":"Feature","properties":{},"geometry":{"type":"Point","coordinates":[85.31857957781186,27.70461524150747]}},{"type":"Feature","properties":{},"geometry":{"type":"Point","coordinates":[85.31861351282754,27.704598010728805]}},{"type":"Feature","properties":{},"geometry":{"type":"Point","coordinates":[85.31845630083633,27.70455909036228]}},{"type":"Feature","properties":{},"geometry":{"type":"Point","coordinates":[85.31849765474031,27.704562820210743]}},{"type":"Feature","properties":{},"geometry":{"type":"Point","coordinates":[85.3184819164716,27.704572678884254]}},{"type":"Feature","properties":{},"geometry":{"type":"Point","coordinates":[85.31840028405094,27.704463485494855]}},{"type":"Feature","properties":{},"geometry":{"type":"Point","coordinates":[85.31842128713077,27.704515267899975]}},{"type":"Feature","properties":{},"geometry":{"type":"Point","coordinates":[85.31901355976969,27.70495860881624]}},{"type":"Feature","properties":{},"geometry":{"type":"Point","coordinates":[85.31901457215811,27.70500489014383]}},{"type":"Feature","properties":{},"geometry":{"type":"Point","coordinates":[85.31901679558966,27.7049302341497]}},{"type":"Feature","properties":{},"geometry":{"type":"Point","coordinates":[85.31896999324589,27.704957707903226]}},{"type":"Feature","properties":{},"geometry":{"type":"Point","coordinates":[85.31901576314974,27.70488744362711]}},{"type":"Feature","properties":{},"geometry":{"type":"Point","coordinates":[85.31901622678548,27.704890009781057]}},{"type":"Feature","properties":{},"geometry":{"type":"Point","coordinates":[85.3190179001025,27.704860764136047]}},{"type":"Feature","properties":{},"geometry":{"type":"Point","coordinates":[85.31902524331359,27.70478235073673]}},{"type":"Feature","properties":{},"geometry":{"type":"Point","coordinates":[85.3189690134744,27.704787191479944]}},{"type":"Feature","properties":{},"geometry":{"type":"Point","coordinates":[85.31896916623299,27.704789199695373]}},{"type":"Feature","properties":{},"geometry":{"type":"Point","coordinates":[85.31904049824236,27.704726492373016]}},{"type":"Feature","properties":{},"geometry":{"type":"Point","coordinates":[85.32027485134391,27.704919629784676]}},{"type":"Feature","properties":{},"geometry":{"type":"Point","coordinates":[85.32027442934732,27.704918249182942]}},{"type":"Feature","properties":{},"geometry":{"type":"Point","coordinates":[85.32027947412502,27.704867486195056]}},{"type":"Feature","properties":{},"geometry":{"type":"Point","coordinates":[85.32027240304446,27.704792881630926]}},{"type":"Feature","properties":{},"geometry":{"type":"Point","coordinates":[85.32026063278015,27.704693520952894]}},{"type":"Feature","properties":{},"geometry":{"type":"Point","coordinates":[85.32025707486487,27.70468025366611]}},{"type":"Feature","properties":{},"geometry":{"type":"Point","coordinates":[85.32007779115726,27.70456110436926]}},{"type":"Feature","properties":{},"geometry":{"type":"Point","coordinates":[85.31993618512745,27.704591273658732]}},{"type":"Feature","properties":{},"geometry":{"type":"Point","coordinates":[85.32029300525399,27.704449265873723]}},{"type":"Feature","properties":{},"geometry":{"type":"Point","coordinates":[85.32030145632478,27.704333750388756]}},{"type":"Feature","properties":{},"geometry":{"type":"Point","coordinates":[85.32029441596586,27.70430255417606]}},{"type":"Feature","properties":{},"geometry":{"type":"Point","coordinates":[85.32029484473499,27.70429971906447]}},{"type":"Feature","properties":{},"geometry":{"type":"Point","coordinates":[85.32055145048508,27.704555440920746]}},{"type":"Feature","properties":{},"geometry":{"type":"Point","coordinates":[85.32055213591462,27.704555048505938]}},{"type":"Feature","properties":{},"geometry":{"type":"Point","coordinates":[85.32053024919315,27.704381596887014]}},{"type":"Feature","properties":{},"geometry":{"type":"Point","coordinates":[85.32053124148445,27.704381495205126]}},{"type":"Feature","properties":{},"geometry":{"type":"Point","coordinates":[85.32053204868602,27.704381626842338]}},{"type":"Feature","properties":{},"geometry":{"type":"Point","coordinates":[85.32016278103293,27.704554048950232]}},{"type":"Feature","properties":{},"geometry":{"type":"Point","coordinates":[85.32044308073903,27.704336648439586]}},{"type":"Feature","properties":{},"geometry":{"type":"Point","coordinates":[85.32044240935971,27.70433658704337]}},{"type":"Feature","properties":{},"geometry":{"type":"Point","coordinates":[85.32037859977372,27.704323416338507]}},{"type":"Feature","properties":{},"geometry":{"type":"Point","coordinates":[85.32038875979566,27.704316320144883]}},{"type":"Feature","properties":{},"geometry":{"type":"Point","coordinates":[85.32034442958765,27.704228184684585]}},{"type":"Feature","properties":{},"geometry":{"type":"Point","coordinates":[85.32035835220285,27.704075939654135]}},{"type":"Feature","properties":{},"geometry":{"type":"Point","coordinates":[85.32034068437851,27.704054817782694]}},{"type":"Feature","properties":{},"geometry":{"type":"Point","coordinates":[85.32032701634172,27.704195274127624]}},{"type":"Feature","properties":{},"geometry":{"type":"Point","coordinates":[85.3203255922545,27.70419516478806]}},{"type":"Feature","properties":{},"geometry":{"type":"Point","coordinates":[85.3203631225284,27.704004755913022]}},{"type":"Feature","properties":{},"geometry":{"type":"Point","coordinates":[85.32035613413564,27.704016311263327]}},{"type":"Feature","properties":{},"geometry":{"type":"Point","coordinates":[85.32047564544158,27.70398095636994]}},{"type":"Feature","properties":{},"geometry":{"type":"Point","coordinates":[85.32046289442117,27.70395376497313]}},{"type":"Feature","properties":{},"geometry":{"type":"Point","coordinates":[85.32051330399169,27.704031696856532]}},{"type":"Feature","properties":{},"geometry":{"type":"Point","coordinates":[85.32036149550444,27.703879594457085]}},{"type":"Feature","properties":{},"geometry":{"type":"Point","coordinates":[85.32056645579152,27.70399050235238]}},{"type":"Feature","properties":{},"geometry":{"type":"Point","coordinates":[85.32037181874945,27.70384018997266]}},{"type":"Feature","properties":{},"geometry":{"type":"Point","coordinates":[85.32037183903056,27.70383893206858]}},{"type":"Feature","properties":{},"geometry":{"type":"Point","coordinates":[85.32060690477255,27.703985244759266]}},{"type":"Feature","properties":{},"geometry":{"type":"Point","coordinates":[85.3206252202369,27.70399149326366]}},{"type":"Feature","properties":{},"geometry":{"type":"Point","coordinates":[85.32067060270839,27.703948484207558]}},{"type":"Feature","properties":{},"geometry":{"type":"Point","coordinates":[85.32072479984859,27.704189318415228]}},{"type":"Feature","properties":{},"geometry":{"type":"Point","coordinates":[85.32073431681425,27.70412197029747]}},{"type":"Feature","properties":{},"geometry":{"type":"Point","coordinates":[85.32071993456584,27.70407170447825]}},{"type":"Feature","properties":{},"geometry":{"type":"Point","coordinates":[85.3207316000723,27.704060061439097]}},{"type":"Feature","properties":{},"geometry":{"type":"Point","coordinates":[85.32072798168082,27.703986773162605]}},{"type":"Feature","properties":{},"geometry":{"type":"Point","coordinates":[85.32072477334479,27.70392776363794]}},{"type":"Feature","properties":{},"geometry":{"type":"Point","coordinates":[85.32072797375861,27.703936103185256]}},{"type":"Feature","properties":{},"geometry":{"type":"Point","coordinates":[85.32079979914445,27.704169865857732]}},{"type":"Feature","properties":{},"geometry":{"type":"Point","coordinates":[85.32081879630984,27.704235766511033]}},{"type":"Feature","properties":{},"geometry":{"type":"Point","coordinates":[85.32085556784645,27.70436517747438]}},{"type":"Feature","properties":{},"geometry":{"type":"Point","coordinates":[85.32084560761677,27.70429823660156]}},{"type":"Feature","properties":{},"geometry":{"type":"Point","coordinates":[85.32084323404031,27.70427940775936]}},{"type":"Feature","properties":{},"geometry":{"type":"Point","coordinates":[85.32085990400896,27.704404179480214]}},{"type":"Feature","properties":{},"geometry":{"type":"Point","coordinates":[85.32074092358341,27.704394315416796]}},{"type":"Feature","properties":{},"geometry":{"type":"Point","coordinates":[85.3209130119278,27.704229562621023]}},{"type":"Feature","properties":{},"geometry":{"type":"Point","coordinates":[85.32096424480864,27.704316338466583]}},{"type":"Feature","properties":{},"geometry":{"type":"Point","coordinates":[85.32097397421998,27.704340873077708]}},{"type":"Feature","properties":{},"geometry":{"type":"Point","coordinates":[85.32096062038227,27.704485296398968]}},{"type":"Feature","properties":{},"geometry":{"type":"Point","coordinates":[85.32041385192954,27.70375208793566]}},{"type":"Feature","properties":{},"geometry":{"type":"Point","coordinates":[85.32048370393967,27.703722883345293]}},{"type":"Feature","properties":{},"geometry":{"type":"Point","coordinates":[85.32053673705235,27.70371591378638]}},{"type":"Feature","properties":{},"geometry":{"type":"Point","coordinates":[85.32063671626024,27.70367539927934]}},{"type":"Feature","properties":{},"geometry":{"type":"Point","coordinates":[85.32067248589388,27.70364679286871]}},{"type":"Feature","properties":{},"geometry":{"type":"Point","coordinates":[85.32065412118236,27.703580460328517]}},{"type":"Feature","properties":{},"geometry":{"type":"Point","coordinates":[85.32063465331422,27.703573649100857]}},{"type":"Feature","properties":{},"geometry":{"type":"Point","coordinates":[85.32088118705654,27.703557359508263]}},{"type":"Feature","properties":{},"geometry":{"type":"Point","coordinates":[85.32088291459279,27.703641227973144]}},{"type":"Feature","properties":{},"geometry":{"type":"Point","coordinates":[85.3208714329637,27.703692853377927]}},{"type":"Feature","properties":{},"geometry":{"type":"Point","coordinates":[85.32100485383734,27.70371403710294]}},{"type":"Feature","properties":{},"geometry":{"type":"Point","coordinates":[85.32101754097484,27.703824620307138]}},{"type":"Feature","properties":{},"geometry":{"type":"Point","coordinates":[85.32098413641057,27.703856454119776]}},{"type":"Feature","properties":{},"geometry":{"type":"Point","coordinates":[85.32087173958962,27.703846272016712]}},{"type":"Feature","properties":{},"geometry":{"type":"Point","coordinates":[85.32087225986413,27.703845340581385]}},{"type":"Feature","properties":{},"geometry":{"type":"Point","coordinates":[85.32087170389512,27.703844497176586]}},{"type":"Feature","properties":{},"geometry":{"type":"Point","coordinates":[85.32087228195645,27.703843699116597]}},{"type":"Feature","properties":{},"geometry":{"type":"Point","coordinates":[85.32108639385085,27.70382318007511]}},{"type":"Feature","properties":{},"geometry":{"type":"Point","coordinates":[85.32105167317077,27.70384255543053]}},{"type":"Feature","properties":{},"geometry":{"type":"Point","coordinates":[85.32127293441245,27.703807311111863]}},{"type":"Feature","properties":{},"geometry":{"type":"Point","coordinates":[85.32129312431206,27.70378193264408]}},{"type":"Feature","properties":{},"geometry":{"type":"Point","coordinates":[85.3212950498138,27.703781547140537]}},{"type":"Feature","properties":{},"geometry":{"type":"Point","coordinates":[85.32142364905081,27.703773915042618]}},{"type":"Feature","properties":{},"geometry":{"type":"Point","coordinates":[85.32142649125613,27.703773595708444]}},{"type":"Feature","properties":{},"geometry":{"type":"Point","coordinates":[85.32094896389702,27.70391745665098]}},{"type":"Feature","properties":{},"geometry":{"type":"Point","coordinates":[85.32096354089437,27.703926663441642]}},{"type":"Feature","properties":{},"geometry":{"type":"Point","coordinates":[85.32097366742003,27.704025331752984]}},{"type":"Feature","properties":{},"geometry":{"type":"Point","coordinates":[85.3209873082643,27.704033359291053]}},{"type":"Feature","properties":{},"geometry":{"type":"Point","coordinates":[85.32098397907893,27.704080583485926]}},{"type":"Feature","properties":{},"geometry":{"type":"Point","coordinates":[85.32115432348228,27.70376758843007]}},{"type":"Feature","properties":{},"geometry":{"type":"Point","coordinates":[85.32114983180765,27.703740791489263]}},{"type":"Feature","properties":{},"geometry":{"type":"Point","coordinates":[85.32115471988028,27.703655257729366]}},{"type":"Feature","properties":{},"geometry":{"type":"Point","coordinates":[85.32115484460923,27.703654529081543]}},{"type":"Feature","properties":{},"geometry":{"type":"Point","coordinates":[85.32115495021452,27.703653128706858]}},{"type":"Feature","properties":{},"geometry":{"type":"Point","coordinates":[85.32115425273628,27.703652652728646]}},{"type":"Feature","properties":{},"geometry":{"type":"Point","coordinates":[85.3211819168961,27.703963912049684]}},{"type":"Feature","properties":{},"geometry":{"type":"Point","coordinates":[85.32123236041141,27.703937321941456]}},{"type":"Feature","properties":{},"geometry":{"type":"Point","coordinates":[85.32118062868842,27.7039408850898]}},{"type":"Feature","properties":{},"geometry":{"type":"Point","coordinates":[85.32121066041883,27.704079684660506]}},{"type":"Feature","properties":{},"geometry":{"type":"Point","coordinates":[85.32122107369624,27.704106381929254]}},{"type":"Feature","properties":{},"geometry":{"type":"Point","coordinates":[85.32125568113811,27.704153360411798]}},{"type":"Feature","properties":{},"geometry":{"type":"Point","coordinates":[85.32124506946265,27.704237059377792]}},{"type":"Feature","properties":{},"geometry":{"type":"Point","coordinates":[85.32126341633136,27.704334328233234]}},{"type":"Feature","properties":{},"geometry":{"type":"Point","coordinates":[85.3212634729291,27.704335532917188]}},{"type":"Feature","properties":{},"geometry":{"type":"Point","coordinates":[85.32129888644509,27.70441948587758]}},{"type":"Feature","properties":{},"geometry":{"type":"Point","coordinates":[85.32159779500809,27.70427182277758]}},{"type":"Feature","properties":{},"geometry":{"type":"Point","coordinates":[85.32159682196585,27.704234890488763]}},{"type":"Feature","properties":{},"geometry":{"type":"Point","coordinates":[85.32150124442445,27.70421141883244]}},{"type":"Feature","properties":{},"geometry":{"type":"Point","coordinates":[85.32139875799145,27.70424300805022]}},{"type":"Feature","properties":{},"geometry":{"type":"Point","coordinates":[85.32139689777117,27.704252046161784]}},{"type":"Feature","properties":{},"geometry":{"type":"Point","coordinates":[85.32135864860344,27.70430152838418]}},{"type":"Feature","properties":{},"geometry":{"type":"Point","coordinates":[85.32127748456558,27.70448520793008]}},{"type":"Feature","properties":{},"geometry":{"type":"Point","coordinates":[85.32128530495874,27.704532041160526]}},{"type":"Feature","properties":{},"geometry":{"type":"Point","coordinates":[85.3213622526112,27.704508932247297]}},{"type":"Feature","properties":{},"geometry":{"type":"Point","coordinates":[85.32145438433035,27.704519172401408]}},{"type":"Feature","properties":{},"geometry":{"type":"Point","coordinates":[85.32145655842257,27.70451944064677]}},{"type":"Feature","properties":{},"geometry":{"type":"Point","coordinates":[85.32153322764647,27.704453039400157]}},{"type":"Feature","properties":{},"geometry":{"type":"Point","coordinates":[85.32157808271072,27.70448721036971]}},{"type":"Feature","properties":{},"geometry":{"type":"Point","coordinates":[85.32161736781156,27.704496454939523]}},{"type":"Feature","properties":{},"geometry":{"type":"Point","coordinates":[85.32158181148623,27.70455590781724]}},{"type":"Feature","properties":{},"geometry":{"type":"Point","coordinates":[85.32156981963404,27.704599739016977]}},{"type":"Feature","properties":{},"geometry":{"type":"Point","coordinates":[85.32160176733767,27.704612740378302]}},{"type":"Feature","properties":{},"geometry":{"type":"Point","coordinates":[85.32158361053067,27.70465335686869]}},{"type":"Feature","properties":{},"geometry":{"type":"Point","coordinates":[85.32166956687337,27.704595546680455]}},{"type":"Feature","properties":{},"geometry":{"type":"Point","coordinates":[85.32167399408888,27.704489019484356]}},{"type":"Feature","properties":{},"geometry":{"type":"Point","coordinates":[85.32167892487728,27.70442293430344]}},{"type":"Feature","properties":{},"geometry":{"type":"Point","coordinates":[85.32175262077108,27.704422520902366]}},{"type":"Feature","properties":{},"geometry":{"type":"Point","coordinates":[85.32176955029918,27.70450588593157]}},{"type":"Feature","properties":{},"geometry":{"type":"Point","coordinates":[85.32179838805779,27.704569366003888]}},{"type":"Feature","properties":{},"geometry":{"type":"Point","coordinates":[85.3218020216715,27.70454986991235]}},{"type":"Feature","properties":{},"geometry":{"type":"Point","coordinates":[85.3217217465242,27.704301815407273]}},{"type":"Feature","properties":{},"geometry":{"type":"Point","coordinates":[85.32172054017639,27.70430119427001]}},{"type":"Feature","properties":{},"geometry":{"type":"Point","coordinates":[85.32128111234961,27.70407687109926]}},{"type":"Feature","properties":{},"geometry":{"type":"Point","coordinates":[85.32129876372889,27.70405343932879]}},{"type":"Feature","properties":{},"geometry":{"type":"Point","coordinates":[85.32133738389976,27.70405715502958]}},{"type":"Feature","properties":{},"geometry":{"type":"Point","coordinates":[85.32138428393564,27.704029529996916]}},{"type":"Feature","properties":{},"geometry":{"type":"Point","coordinates":[85.32139162133763,27.704046905454415]}},{"type":"Feature","properties":{},"geometry":{"type":"Point","coordinates":[85.321472758359,27.70404342802505]}},{"type":"Feature","properties":{},"geometry":{"type":"Point","coordinates":[85.32150654618731,27.70404054342266]}},{"type":"Feature","properties":{},"geometry":{"type":"Point","coordinates":[85.32152848093496,27.70404115686855]}},{"type":"Feature","properties":{},"geometry":{"type":"Point","coordinates":[85.32153958963853,27.70404170402751]}},{"type":"Feature","properties":{},"geometry":{"type":"Point","coordinates":[85.3216913718654,27.70404060563113]}},{"type":"Feature","properties":{},"geometry":{"type":"Point","coordinates":[85.32177299208169,27.704025167914086]}},{"type":"Feature","properties":{},"geometry":{"type":"Point","coordinates":[85.32175364592032,27.704028814323117]}},{"type":"Feature","properties":{},"geometry":{"type":"Point","coordinates":[85.32178414823439,27.704020825628486]}},{"type":"Feature","properties":{},"geometry":{"type":"Point","coordinates":[85.32129992140308,27.704627705169575]}},{"type":"Feature","properties":{},"geometry":{"type":"Point","coordinates":[85.3213338615094,27.704652907916707]}},{"type":"Feature","properties":{},"geometry":{"type":"Point","coordinates":[85.32139314603131,27.704697984308773]}},{"type":"Feature","properties":{},"geometry":{"type":"Point","coordinates":[85.32139323877817,27.704696628905445]}},{"type":"Feature","properties":{},"geometry":{"type":"Point","coordinates":[85.32139311746221,27.704695809726832]}},{"type":"Feature","properties":{},"geometry":{"type":"Point","coordinates":[85.3212921407229,27.70471757939418]}},{"type":"Feature","properties":{},"geometry":{"type":"Point","coordinates":[85.32115472890187,27.704718541132646]}},{"type":"Feature","properties":{},"geometry":{"type":"Point","coordinates":[85.32118231265333,27.704686464308647]}},{"type":"Feature","properties":{},"geometry":{"type":"Point","coordinates":[85.32109928022713,27.70472237234236]}},{"type":"Feature","properties":{},"geometry":{"type":"Point","coordinates":[85.32109634309623,27.704627356300445]}},{"type":"Feature","properties":{},"geometry":{"type":"Point","coordinates":[85.32107231743097,27.70463110199483]}},{"type":"Feature","properties":{},"geometry":{"type":"Point","coordinates":[85.32101677216143,27.70465879533914]}},{"type":"Feature","properties":{},"geometry":{"type":"Point","coordinates":[85.32101777235287,27.704658111606957]}},{"type":"Feature","properties":{},"geometry":{"type":"Point","coordinates":[85.32096213018899,27.704606433787138]}},{"type":"Feature","properties":{},"geometry":{"type":"Point","coordinates":[85.32094667263166,27.70461088718991]}},{"type":"Feature","properties":{},"geometry":{"type":"Point","coordinates":[85.32092786449479,27.70464349460874]}},{"type":"Feature","properties":{},"geometry":{"type":"Point","coordinates":[85.32078265103964,27.704637872037193]}},{"type":"Feature","properties":{},"geometry":{"type":"Point","coordinates":[85.32081342339788,27.70465020858387]}},{"type":"Feature","properties":{},"geometry":{"type":"Point","coordinates":[85.32075871698683,27.704564052114744]}},{"type":"Feature","properties":{},"geometry":{"type":"Point","coordinates":[85.32087329932764,27.70465426439465]}},{"type":"Feature","properties":{},"geometry":{"type":"Point","coordinates":[85.32087301027288,27.704747973222457]}},{"type":"Feature","properties":{},"geometry":{"type":"Point","coordinates":[85.32087311151113,27.704749441088993]}},{"type":"Feature","properties":{},"geometry":{"type":"Point","coordinates":[85.3213432377806,27.704848170309585]}},{"type":"Feature","properties":{},"geometry":{"type":"Point","coordinates":[85.32141865951209,27.70482929927932]}},{"type":"Feature","properties":{},"geometry":{"type":"Point","coordinates":[85.32145654253237,27.704832233436314]}},{"type":"Feature","properties":{},"geometry":{"type":"Point","coordinates":[85.32153585185073,27.70482649911997]}},{"type":"Feature","properties":{},"geometry":{"type":"Point","coordinates":[85.32166126102985,27.70481754383583]}},{"type":"Feature","properties":{},"geometry":{"type":"Point","coordinates":[85.32162959940574,27.704811686004106]}},{"type":"Feature","properties":{},"geometry":{"type":"Point","coordinates":[85.32169159824555,27.704864019170202]}},{"type":"Feature","properties":{},"geometry":{"type":"Point","coordinates":[85.32169890845984,27.70507452218402]}},{"type":"Feature","properties":{},"geometry":{"type":"Point","coordinates":[85.32170095491196,27.70510751252298]}},{"type":"Feature","properties":{},"geometry":{"type":"Point","coordinates":[85.3216735767141,27.70514603793252]}},{"type":"Feature","properties":{},"geometry":{"type":"Point","coordinates":[85.32171200790422,27.705177167015457]}},{"type":"Feature","properties":{},"geometry":{"type":"Point","coordinates":[85.32171043080112,27.70521541137165]}},{"type":"Feature","properties":{},"geometry":{"type":"Point","coordinates":[85.32171802241001,27.705285952617228]}},{"type":"Feature","properties":{},"geometry":{"type":"Point","coordinates":[85.32171980919829,27.70538997295728]}},{"type":"Feature","properties":{},"geometry":{"type":"Point","coordinates":[85.32171961179074,27.705390216056614]}},{"type":"Feature","properties":{},"geometry":{"type":"Point","coordinates":[85.32173763290515,27.70497524490203]}},{"type":"Feature","properties":{},"geometry":{"type":"Point","coordinates":[85.32173679093069,27.704975397152392]}},{"type":"Feature","properties":{},"geometry":{"type":"Point","coordinates":[85.32175767572909,27.70499095665187]}},{"type":"Feature","properties":{},"geometry":{"type":"Point","coordinates":[85.32178987860075,27.70496410368975]}},{"type":"Feature","properties":{},"geometry":{"type":"Point","coordinates":[85.321779169494,27.7049864057591]}},{"type":"Feature","properties":{},"geometry":{"type":"Point","coordinates":[85.32183574356826,27.704974578721906]}},{"type":"Feature","properties":{},"geometry":{"type":"Point","coordinates":[85.32189786867683,27.704955326010115]}},{"type":"Feature","properties":{},"geometry":{"type":"Point","coordinates":[85.32197102696144,27.7049472596083]}},{"type":"Feature","properties":{},"geometry":{"type":"Point","coordinates":[85.32182491772502,27.704893059398866]}},{"type":"Feature","properties":{},"geometry":{"type":"Point","coordinates":[85.32183053276835,27.704784910280107]}},{"type":"Feature","properties":{},"geometry":{"type":"Point","coordinates":[85.32185967929183,27.704747249249387]}},{"type":"Feature","properties":{},"geometry":{"type":"Point","coordinates":[85.32182255972242,27.704722525240744]}},{"type":"Feature","properties":{},"geometry":{"type":"Point","coordinates":[85.32186900089557,27.704632061871003]}},{"type":"Feature","properties":{},"geometry":{"type":"Point","coordinates":[85.3219047073832,27.704670334921225]}},{"type":"Feature","properties":{},"geometry":{"type":"Point","coordinates":[85.32190563155174,27.704671172857708]}},{"type":"Feature","properties":{},"geometry":{"type":"Point","coordinates":[85.32190336167696,27.70464509151501]}},{"type":"Feature","properties":{},"geometry":{"type":"Point","coordinates":[85.32204099384529,27.70460566965613]}},{"type":"Feature","properties":{},"geometry":{"type":"Point","coordinates":[85.3219898200003,27.704643264982312]}},{"type":"Feature","properties":{},"geometry":{"type":"Point","coordinates":[85.32200033395166,27.704623041801085]}},{"type":"Feature","properties":{},"geometry":{"type":"Point","coordinates":[85.32202454177747,27.70463031915495]}},{"type":"Feature","properties":{},"geometry":{"type":"Point","coordinates":[85.32190995744367,27.705407033064542]}},{"type":"Feature","properties":{},"geometry":{"type":"Point","coordinates":[85.32191195906539,27.705407241449468]}},{"type":"Feature","properties":{},"geometry":{"type":"Point","coordinates":[85.32054937439047,27.705638118806615]}},{"type":"Feature","properties":{},"geometry":{"type":"Point","coordinates":[85.32057835956468,27.705638248447197]}},{"type":"Feature","properties":{},"geometry":{"type":"Point","coordinates":[85.32060822022366,27.70563478032213]}},{"type":"Feature","properties":{},"geometry":{"type":"Point","coordinates":[85.32074237840686,27.705624589060506]}},{"type":"Feature","properties":{},"geometry":{"type":"Point","coordinates":[85.320746130434,27.705624127346443]}},{"type":"Feature","properties":{},"geometry":{"type":"Point","coordinates":[85.32081986990536,27.705612443994625]}},{"type":"Feature","properties":{},"geometry":{"type":"Point","coordinates":[85.32082072256941,27.705613050921446]}},{"type":"Feature","properties":{},"geometry":{"type":"Point","coordinates":[85.32090204649059,27.705603404518495]}},{"type":"Feature","properties":{},"geometry":{"type":"Point","coordinates":[85.32094188724874,27.70559764126345]}},{"type":"Feature","properties":{},"geometry":{"type":"Point","coordinates":[85.32094530467326,27.705596382146684]}},{"type":"Feature","properties":{},"geometry":{"type":"Point","coordinates":[85.32105886961563,27.705581652780875]}},{"type":"Feature","properties":{},"geometry":{"type":"Point","coordinates":[85.32115627560628,27.705592141251554]}},{"type":"Feature","properties":{},"geometry":{"type":"Point","coordinates":[85.3211598825401,27.705591221077764]}},{"type":"Feature","properties":{},"geometry":{"type":"Point","coordinates":[85.32045879843116,27.7055678315243]}},{"type":"Feature","properties":{},"geometry":{"type":"Point","coordinates":[85.32045925756915,27.705568442703935]}},{"type":"Feature","properties":{},"geometry":{"type":"Point","coordinates":[85.32041346692475,27.705431560150817]}},{"type":"Feature","properties":{},"geometry":{"type":"Point","coordinates":[85.32028850786233,27.705627484055558]}},{"type":"Feature","properties":{},"geometry":{"type":"Point","coordinates":[85.32024006609348,27.70563362109759]}},{"type":"Feature","properties":{},"geometry":{"type":"Point","coordinates":[85.3201939745181,27.70563468815779]}},{"type":"Feature","properties":{},"geometry":{"type":"Point","coordinates":[85.3201058004377,27.705640697682963]}},{"type":"Feature","properties":{},"geometry":{"type":"Point","coordinates":[85.32010456332868,27.705640760288446]}},{"type":"Feature","properties":{},"geometry":{"type":"Point","coordinates":[85.32001633347883,27.70565213020527]}},{"type":"Feature","properties":{},"geometry":{"type":"Point","coordinates":[85.32001289539672,27.705651692260666]}},{"type":"Feature","properties":{},"geometry":{"type":"Point","coordinates":[85.32001224715388,27.7056515102017]}},{"type":"Feature","properties":{},"geometry":{"type":"Point","coordinates":[85.3198756188633,27.705664134722095]}},{"type":"Feature","properties":{},"geometry":{"type":"Point","coordinates":[85.31985350465288,27.705667205727742]}},{"type":"Feature","properties":{},"geometry":{"type":"Point","coordinates":[85.31982470210441,27.705671967245436]}},{"type":"Feature","properties":{},"geometry":{"type":"Point","coordinates":[85.31979428340432,27.705670026686523]}},{"type":"Feature","properties":{},"geometry":{"type":"Point","coordinates":[85.31967888815852,27.705679706506412]}},{"type":"Feature","properties":{},"geometry":{"type":"Point","coordinates":[85.319557783867,27.705691293498415]}},{"type":"Feature","properties":{},"geometry":{"type":"Point","coordinates":[85.31950801685565,27.705683125080395]}},{"type":"Feature","properties":{},"geometry":{"type":"Point","coordinates":[85.31950870933777,27.705682736366956]}},{"type":"Feature","properties":{},"geometry":{"type":"Point","coordinates":[85.31940290813728,27.705704790812913]}},{"type":"Feature","properties":{},"geometry":{"type":"Point","coordinates":[85.32041471694734,27.70577457910734]}},{"type":"Feature","properties":{},"geometry":{"type":"Point","coordinates":[85.31996988106091,27.705900850642642]}},{"type":"Feature","properties":{},"geometry":{"type":"Point","coordinates":[85.3199714272546,27.706154950654934]}},{"type":"Feature","properties":{},"geometry":{"type":"Point","coordinates":[85.31997908258387,27.70632887760613]}},{"type":"Feature","properties":{},"geometry":{"type":"Point","coordinates":[85.31998091839641,27.70632825998218]}},{"type":"Feature","properties":{},"geometry":{"type":"Point","coordinates":[85.31977834608972,27.705820461904636]}},{"type":"Feature","properties":{},"geometry":{"type":"Point","coordinates":[85.31978039686962,27.705819910973208]}},{"type":"Feature","properties":{},"geometry":{"type":"Point","coordinates":[85.31978178956535,27.705819886361123]}},{"type":"Feature","properties":{},"geometry":{"type":"Point","coordinates":[85.32015973653547,27.70579593227454]}},{"type":"Feature","properties":{},"geometry":{"type":"Point","coordinates":[85.31952926715599,27.705860820054482]}},{"type":"Feature","properties":{},"geometry":{"type":"Point","coordinates":[85.31953188511265,27.705860248936045]}},{"type":"Feature","properties":{},"geometry":{"type":"Point","coordinates":[85.31928731529129,27.706198534121285]}},{"type":"Feature","properties":{},"geometry":{"type":"Point","coordinates":[85.31928720310309,27.706200825226386]}},{"type":"Feature","properties":{},"geometry":{"type":"Point","coordinates":[85.31933768439856,27.706022678057774]}},{"type":"Feature","properties":{},"geometry":{"type":"Point","coordinates":[85.31933776027988,27.706025401961007]}},{"type":"Feature","properties":{},"geometry":{"type":"Point","coordinates":[85.31931511656049,27.705716405676615]}},{"type":"Feature","properties":{},"geometry":{"type":"Point","coordinates":[85.31940488836383,27.7057059980931]}},{"type":"Feature","properties":{},"geometry":{"type":"Point","coordinates":[85.3194081790722,27.705705597603146]}},{"type":"Feature","properties":{},"geometry":{"type":"Point","coordinates":[85.31941050410029,27.705705281961222]}},{"type":"Feature","properties":{},"geometry":{"type":"Point","coordinates":[85.31959691588513,27.705688970659672]}},{"type":"Feature","properties":{},"geometry":{"type":"Point","coordinates":[85.3193799001222,27.70570801966652]}},{"type":"Feature","properties":{},"geometry":{"type":"Point","coordinates":[85.31924201806453,27.70571265614308]}},{"type":"Feature","properties":{},"geometry":{"type":"Point","coordinates":[85.31909340962963,27.70573558680628]}},{"type":"Feature","properties":{},"geometry":{"type":"Point","coordinates":[85.3188965576668,27.70575839351463]}},{"type":"Feature","properties":{},"geometry":{"type":"Point","coordinates":[85.31894422414403,27.705749256494205]}},{"type":"Feature","properties":{},"geometry":{"type":"Point","coordinates":[85.31915882530006,27.705680674196962]}},{"type":"Feature","properties":{},"geometry":{"type":"Point","coordinates":[85.31915011291979,27.705644191279035]}},{"type":"Feature","properties":{},"geometry":{"type":"Point","coordinates":[85.31910757721288,27.70562808959906]}},{"type":"Feature","properties":{},"geometry":{"type":"Point","coordinates":[85.31913871837921,27.7056021485983]}},{"type":"Feature","properties":{},"geometry":{"type":"Point","coordinates":[85.31910105782555,27.705613797135342]}},{"type":"Feature","properties":{},"geometry":{"type":"Point","coordinates":[85.31913019173598,27.705575380234322]}},{"type":"Feature","properties":{},"geometry":{"type":"Point","coordinates":[85.31912792677217,27.705571777745313]}},{"type":"Feature","properties":{},"geometry":{"type":"Point","coordinates":[85.31911306865086,27.705536121840925]}},{"type":"Feature","properties":{},"geometry":{"type":"Point","coordinates":[85.31911259096165,27.70553500139572]}},{"type":"Feature","properties":{},"geometry":{"type":"Point","coordinates":[85.31911249451211,27.70553467801552]}},{"type":"Feature","properties":{},"geometry":{"type":"Point","coordinates":[85.31910524864446,27.705510622010816]}},{"type":"Feature","properties":{},"geometry":{"type":"Point","coordinates":[85.31905190448461,27.70551638772718]}},{"type":"Feature","properties":{},"geometry":{"type":"Point","coordinates":[85.31903002421774,27.705467685074865]}},{"type":"Feature","properties":{},"geometry":{"type":"Point","coordinates":[85.31907137169704,27.705443148742766]}},{"type":"Feature","properties":{},"geometry":{"type":"Point","coordinates":[85.31902501326074,27.705450185225676]}},{"type":"Feature","properties":{},"geometry":{"type":"Point","coordinates":[85.31906161400111,27.705419820372676]}},{"type":"Feature","properties":{},"geometry":{"type":"Point","coordinates":[85.31904162725756,27.70538413286861]}},{"type":"Feature","properties":{},"geometry":{"type":"Point","coordinates":[85.31898511144807,27.705376451819674]}},{"type":"Feature","properties":{},"geometry":{"type":"Point","coordinates":[85.31898494239013,27.7053772927448]}},{"type":"Feature","properties":{},"geometry":{"type":"Point","coordinates":[85.31902495035531,27.705350633615623]}},{"type":"Feature","properties":{},"geometry":{"type":"Point","coordinates":[85.31890252154959,27.705332882941526]}},{"type":"Feature","properties":{},"geometry":{"type":"Point","coordinates":[85.31883994299316,27.70534641295092]}},{"type":"Feature","properties":{},"geometry":{"type":"Point","coordinates":[85.31879623379471,27.705372797825728]}},{"type":"Feature","properties":{},"geometry":{"type":"Point","coordinates":[85.31889533186637,27.705351003592252]}},{"type":"Feature","properties":{},"geometry":{"type":"Point","coordinates":[85.31889180499351,27.70535100047167]}},{"type":"Feature","properties":{},"geometry":{"type":"Point","coordinates":[85.31877712056738,27.705368241588957]}},{"type":"Feature","properties":{},"geometry":{"type":"Point","coordinates":[85.31900623852569,27.705309772850903]}},{"type":"Feature","properties":{},"geometry":{"type":"Point","coordinates":[85.31900640432035,27.705308946326863]}},{"type":"Feature","properties":{},"geometry":{"type":"Point","coordinates":[85.3190066905606,27.705307936243525]}},{"type":"Feature","properties":{},"geometry":{"type":"Point","coordinates":[85.31895156796048,27.705281744632696]}},{"type":"Feature","properties":{},"geometry":{"type":"Point","coordinates":[85.31894533985879,27.705219019655328]}},{"type":"Feature","properties":{},"geometry":{"type":"Point","coordinates":[85.31894442583513,27.705196156085318]}},{"type":"Feature","properties":{},"geometry":{"type":"Point","coordinates":[85.31894463351875,27.705194647745117]}},{"type":"Feature","properties":{},"geometry":{"type":"Point","coordinates":[85.31894411725341,27.705184865094964]}},{"type":"Feature","properties":{},"geometry":{"type":"Point","coordinates":[85.31899397121369,27.705134359331293]}},{"type":"Feature","properties":{},"geometry":{"type":"Point","coordinates":[85.31710729234267,27.705698990362478]}},{"type":"Feature","properties":{},"geometry":{"type":"Point","coordinates":[85.3171279338304,27.705755607094734]}},{"type":"Feature","properties":{},"geometry":{"type":"Point","coordinates":[85.31715235036324,27.70584145172755]}},{"type":"Feature","properties":{},"geometry":{"type":"Point","coordinates":[85.31696119695148,27.706060213435443]}},{"type":"Feature","properties":{},"geometry":{"type":"Point","coordinates":[85.31741001297432,27.706033977790188]}},{"type":"Feature","properties":{},"geometry":{"type":"Point","coordinates":[85.31746775671783,27.705866352200573]}},{"type":"Feature","properties":{},"geometry":{"type":"Point","coordinates":[85.3174379972313,27.705869364183794]}},{"type":"Feature","properties":{},"geometry":{"type":"Point","coordinates":[85.31735754639689,27.705880174404605]}},{"type":"Feature","properties":{},"geometry":{"type":"Point","coordinates":[85.31726216757087,27.705895864581553]}},{"type":"Feature","properties":{},"geometry":{"type":"Point","coordinates":[85.31754132547206,27.70586179233253]}},{"type":"Feature","properties":{},"geometry":{"type":"Point","coordinates":[85.31765114881325,27.705851312819703]}},{"type":"Feature","properties":{},"geometry":{"type":"Point","coordinates":[85.31768604798147,27.70585052304766]}},{"type":"Feature","properties":{},"geometry":{"type":"Point","coordinates":[85.3177621029524,27.70584598064211]}},{"type":"Feature","properties":{},"geometry":{"type":"Point","coordinates":[85.31782110687986,27.705836378895754]}},{"type":"Feature","properties":{},"geometry":{"type":"Point","coordinates":[85.31788426966446,27.705832252865775]}},{"type":"Feature","properties":{},"geometry":{"type":"Point","coordinates":[85.31788312346684,27.70583227233129]}},{"type":"Feature","properties":{},"geometry":{"type":"Point","coordinates":[85.31804212362134,27.705814087578258]}},{"type":"Feature","properties":{},"geometry":{"type":"Point","coordinates":[85.31804544364682,27.70581726336406]}},{"type":"Feature","properties":{},"geometry":{"type":"Point","coordinates":[85.3180475099915,27.705817020415886]}},{"type":"Feature","properties":{},"geometry":{"type":"Point","coordinates":[85.31807895354987,27.70580761346678]}},{"type":"Feature","properties":{},"geometry":{"type":"Point","coordinates":[85.31816332913404,27.7057990906271]}},{"type":"Feature","properties":{},"geometry":{"type":"Point","coordinates":[85.3181605584576,27.705799238374937]}},{"type":"Feature","properties":{},"geometry":{"type":"Point","coordinates":[85.3181664885816,27.70580149639248]}},{"type":"Feature","properties":{},"geometry":{"type":"Point","coordinates":[85.31816920040099,27.70580115297949]}},{"type":"Feature","properties":{},"geometry":{"type":"Point","coordinates":[85.31821931253684,27.70578119551896]}},{"type":"Feature","properties":{},"geometry":{"type":"Point","coordinates":[85.3182153459814,27.705782618476547]}},{"type":"Feature","properties":{},"geometry":{"type":"Point","coordinates":[85.31834484874037,27.70577514741863]}},{"type":"Feature","properties":{},"geometry":{"type":"Point","coordinates":[85.31840351993598,27.705769449402688]}},{"type":"Feature","properties":{},"geometry":{"type":"Point","coordinates":[85.31840635444384,27.705769040687038]}},{"type":"Feature","properties":{},"geometry":{"type":"Point","coordinates":[85.31846193016,27.705764303257165]}},{"type":"Feature","properties":{},"geometry":{"type":"Point","coordinates":[85.31846046786096,27.705764436218505]}},{"type":"Feature","properties":{},"geometry":{"type":"Point","coordinates":[85.31846596332174,27.7057633639636]}},{"type":"Feature","properties":{},"geometry":{"type":"Point","coordinates":[85.31786999090298,27.705972233886442]}},{"type":"Feature","properties":{},"geometry":{"type":"Point","coordinates":[85.31786838964118,27.70597342654658]}},{"type":"Feature","properties":{},"geometry":{"type":"Point","coordinates":[85.31795306261462,27.70597150596667]}},{"type":"Feature","properties":{},"geometry":{"type":"Point","coordinates":[85.31823081485742,27.706032984026955]}},{"type":"Feature","properties":{},"geometry":{"type":"Point","coordinates":[85.3182070669803,27.705942097937843]}},{"type":"Feature","properties":{},"geometry":{"type":"Point","coordinates":[85.31820509262698,27.70594249182865]}},{"type":"Feature","properties":{},"geometry":{"type":"Point","coordinates":[85.31820310502353,27.705942361179247]}},{"type":"Feature","properties":{},"geometry":{"type":"Point","coordinates":[85.3185319145437,27.70575601061032]}},{"type":"Feature","properties":{},"geometry":{"type":"Point","coordinates":[85.31854984238473,27.70644691343999]}},{"type":"Feature","properties":{},"geometry":{"type":"Point","coordinates":[85.3184925643724,27.70668066387813]}},{"type":"Feature","properties":{},"geometry":{"type":"Point","coordinates":[85.31858702265292,27.706788522031033]}},{"type":"Feature","properties":{},"geometry":{"type":"Point","coordinates":[85.31858920475469,27.70678833643933]}},{"type":"Feature","properties":{},"geometry":{"type":"Point","coordinates":[85.31858628282563,27.705767519634982]}},{"type":"Feature","properties":{},"geometry":{"type":"Point","coordinates":[85.31860862510318,27.70576439203607]}},{"type":"Feature","properties":{},"geometry":{"type":"Point","coordinates":[85.318651171443,27.705760156927386]}},{"type":"Feature","properties":{},"geometry":{"type":"Point","coordinates":[85.31868124678655,27.7057618056552]}},{"type":"Feature","properties":{},"geometry":{"type":"Point","coordinates":[85.31873467685752,27.705753223381073]}},{"type":"Feature","properties":{},"geometry":{"type":"Point","coordinates":[85.31882645530507,27.70574117986354]}},{"type":"Feature","properties":{},"geometry":{"type":"Point","coordinates":[85.31882848829808,27.705740664832135]}},{"type":"Feature","properties":{},"geometry":{"type":"Point","coordinates":[85.31822138763161,27.705948448954157]}},{"type":"Feature","properties":{},"geometry":{"type":"Point","coordinates":[85.32126627979223,27.703477126552087]}},{"type":"Feature","properties":{},"geometry":{"type":"Point","coordinates":[85.32127083795385,27.703476794635918]}},{"type":"Feature","properties":{},"geometry":{"type":"Point","coordinates":[85.3213415523741,27.703459590394104]}},{"type":"Feature","properties":{},"geometry":{"type":"Point","coordinates":[85.32138225293401,27.703460340262666]}},{"type":"Feature","properties":{},"geometry":{"type":"Point","coordinates":[85.32139689165737,27.703563226724757]}},{"type":"Feature","properties":{},"geometry":{"type":"Point","coordinates":[85.32137175697282,27.70358975375954]}},{"type":"Feature","properties":{},"geometry":{"type":"Point","coordinates":[85.32139690555398,27.703575766881936]}},{"type":"Feature","properties":{},"geometry":{"type":"Point","coordinates":[85.32131724277741,27.703638434040897]}},{"type":"Feature","properties":{},"geometry":{"type":"Point","coordinates":[85.32140710234815,27.703634029901256]}},{"type":"Feature","properties":{},"geometry":{"type":"Point","coordinates":[85.32140776661011,27.703637205896193]}},{"type":"Feature","properties":{},"geometry":{"type":"Point","coordinates":[85.3214076773847,27.703636807693552]}},{"type":"Feature","properties":{},"geometry":{"type":"Point","coordinates":[85.32096695193935,27.699896334570298]}},{"type":"Feature","properties":{},"geometry":{"type":"Point","coordinates":[85.32171559256318,27.70029282613209]}},{"type":"Feature","properties":{},"geometry":{"type":"Point","coordinates":[85.32171930376316,27.700298134779217]}},{"type":"Feature","properties":{},"geometry":{"type":"Point","coordinates":[85.32449625111873,27.706198917363622]}},{"type":"Feature","properties":{},"geometry":{"type":"Point","coordinates":[85.32429940024308,27.706843991325268]}},{"type":"Feature","properties":{},"geometry":{"type":"Point","coordinates":[85.32418516840019,27.70675207476048]}},{"type":"Feature","properties":{},"geometry":{"type":"Point","coordinates":[85.32400400226845,27.705709729698228]}},{"type":"Feature","properties":{},"geometry":{"type":"Point","coordinates":[85.32303802836367,27.70573232729657]}},{"type":"Feature","properties":{},"geometry":{"type":"Point","coordinates":[85.32322176880454,27.70579923871512]}},{"type":"Feature","properties":{},"geometry":{"type":"Point","coordinates":[85.32368375380682,27.706165156371732]}},{"type":"Feature","properties":{},"geometry":{"type":"Point","coordinates":[85.31989444594839,27.707160951992854]}},{"type":"Feature","properties":{},"geometry":{"type":"Point","coordinates":[85.3193233838266,27.70730290329865]}},{"type":"Feature","properties":{},"geometry":{"type":"Point","coordinates":[85.31992070817239,27.708857132370877]}},{"type":"Feature","properties":{},"geometry":{"type":"Point","coordinates":[85.31992020850758,27.708853606376312]}},{"type":"Feature","properties":{},"geometry":{"type":"Point","coordinates":[85.3200022617636,27.70854583590924]}},{"type":"Feature","properties":{},"geometry":{"type":"Point","coordinates":[85.31888329389204,27.707909644853792]}},{"type":"Feature","properties":{},"geometry":{"type":"Point","coordinates":[85.31930582208813,27.708024045444542]}},{"type":"Feature","properties":{},"geometry":{"type":"Point","coordinates":[85.31945474967787,27.707567323320948]}},{"type":"Feature","properties":{},"geometry":{"type":"Point","coordinates":[85.3190793663904,27.707565202973186]}},{"type":"Feature","properties":{},"geometry":{"type":"Point","coordinates":[85.31873966020055,27.70750730169502]}},{"type":"Feature","properties":{},"geometry":{"type":"Point","coordinates":[85.31908059606394,27.707568140350077]}},{"type":"Feature","properties":{},"geometry":{"type":"Point","coordinates":[85.31854487529583,27.707475981053207]}},{"type":"Feature","properties":{},"geometry":{"type":"Point","coordinates":[85.31851867125461,27.70736205387107]}},{"type":"Feature","properties":{},"geometry":{"type":"Point","coordinates":[85.31855791338614,27.707326338488013]}},{"type":"Feature","properties":{},"geometry":{"type":"Point","coordinates":[85.3185458789633,27.70728906246393]}},{"type":"Feature","properties":{},"geometry":{"type":"Point","coordinates":[85.31834843270322,27.70985420309134]}},{"type":"Feature","properties":{},"geometry":{"type":"Point","coordinates":[85.31904053998754,27.709925681185407]}},{"type":"Feature","properties":{},"geometry":{"type":"Point","coordinates":[85.32217898680574,27.70954932503593]}},{"type":"Feature","properties":{},"geometry":{"type":"Point","coordinates":[85.32222786574947,27.70954481454522]}},{"type":"Feature","properties":{},"geometry":{"type":"Point","coordinates":[85.32219717824466,27.709710122120335]}},{"type":"Feature","properties":{},"geometry":{"type":"Point","coordinates":[85.32220704598727,27.709751506164217]}},{"type":"Feature","properties":{},"geometry":{"type":"Point","coordinates":[85.32223816684603,27.710009946727233]}},{"type":"Feature","properties":{},"geometry":{"type":"Point","coordinates":[85.32223850883034,27.71001185344073]}},{"type":"Feature","properties":{},"geometry":{"type":"Point","coordinates":[85.32187863662239,27.709618856882233]}},{"type":"Feature","properties":{},"geometry":{"type":"Point","coordinates":[85.3263747687531,27.708535874131144]}},{"type":"Feature","properties":{},"geometry":{"type":"Point","coordinates":[85.3259636365954,27.708541574946587]}},{"type":"Feature","properties":{},"geometry":{"type":"Point","coordinates":[85.32596280966992,27.708543330328578]}},{"type":"Feature","properties":{},"geometry":{"type":"Point","coordinates":[85.32543193052581,27.707753829460227]}},{"type":"Feature","properties":{},"geometry":{"type":"Point","coordinates":[85.32542977429948,27.707757299843447]}},{"type":"Feature","properties":{},"geometry":{"type":"Point","coordinates":[85.32632198620904,27.707494146094888]}},{"type":"Feature","properties":{},"geometry":{"type":"Point","coordinates":[85.3262759725245,27.70747643949507]}},{"type":"Feature","properties":{},"geometry":{"type":"Point","coordinates":[85.32526545902958,27.70828903062183]}},{"type":"Feature","properties":{},"geometry":{"type":"Point","coordinates":[85.32723889124364,27.709371298421175]}},{"type":"Feature","properties":{},"geometry":{"type":"Point","coordinates":[85.32338529690301,27.710128165441308]}},{"type":"Feature","properties":{},"geometry":{"type":"Point","coordinates":[85.32254854173394,27.71019715037597]}},{"type":"Feature","properties":{},"geometry":{"type":"Point","coordinates":[85.32243228687749,27.709145063406254]}},{"type":"Feature","properties":{},"geometry":{"type":"Point","coordinates":[85.32246570773977,27.709257791302687]}},{"type":"Feature","properties":{},"geometry":{"type":"Point","coordinates":[85.32209684458165,27.709278229587845]}},{"type":"Feature","properties":{},"geometry":{"type":"Point","coordinates":[85.32202144705317,27.70871893616529]}},{"type":"Feature","properties":{},"geometry":{"type":"Point","coordinates":[85.3233515588658,27.707471145936413]}},{"type":"Feature","properties":{},"geometry":{"type":"Point","coordinates":[85.32356948628905,27.70790349453308]}},{"type":"Feature","properties":{},"geometry":{"type":"Point","coordinates":[85.32324129369087,27.707325492969026]}},{"type":"Feature","properties":{},"geometry":{"type":"Point","coordinates":[85.32334949821625,27.70751531329161]}},{"type":"Feature","properties":{},"geometry":{"type":"Point","coordinates":[85.32422561645602,27.70827755353435]}},{"type":"Feature","properties":{},"geometry":{"type":"Point","coordinates":[85.32389528505882,27.708709342392982]}},{"type":"Feature","properties":{},"geometry":{"type":"Point","coordinates":[85.32452034165269,27.708913806178142]}},{"type":"Feature","properties":{},"geometry":{"type":"Point","coordinates":[85.32451542247247,27.708911004692872]}},{"type":"Feature","properties":{},"geometry":{"type":"Point","coordinates":[85.32452312424421,27.708922572005893]}},{"type":"Feature","properties":{},"geometry":{"type":"Point","coordinates":[85.32486837598327,27.708739836900143]}},{"type":"Feature","properties":{},"geometry":{"type":"Point","coordinates":[85.31999797773551,27.705155269505163]}},{"type":"Feature","properties":{},"geometry":{"type":"Point","coordinates":[85.32012843943049,27.705450468332096]}},{"type":"Feature","properties":{},"geometry":{"type":"Point","coordinates":[85.31812020886348,27.703340607959483]}},{"type":"Feature","properties":{},"geometry":{"type":"Point","coordinates":[85.31750371003882,27.705534294060005]}},{"type":"Feature","properties":{},"geometry":{"type":"Point","coordinates":[85.32175751519512,27.705690448433238]}},{"type":"Feature","properties":{},"geometry":{"type":"Point","coordinates":[85.32206696593335,27.705682612982322]}},{"type":"Feature","properties":{},"geometry":{"type":"Point","coordinates":[85.3194662484131,27.702068814582702]}},{"type":"Feature","properties":{},"geometry":{"type":"Point","coordinates":[85.31957522662793,27.702040635038003]}},{"type":"Feature","properties":{},"geometry":{"type":"Point","coordinates":[85.3190205709228,27.702106442379034]}},{"type":"Feature","properties":{},"geometry":{"type":"Point","coordinates":[85.31719296280396,27.700501605244312]}},{"type":"Feature","properties":{},"geometry":{"type":"Point","coordinates":[85.32168707934673,27.701768909067084]}},{"type":"Feature","properties":{},"geometry":{"type":"Point","coordinates":[85.32146533650054,27.70212369882093]}},{"type":"Feature","properties":{},"geometry":{"type":"Point","coordinates":[85.3195047512693,27.70335675485235]}},{"type":"Feature","properties":{},"geometry":{"type":"Point","coordinates":[85.31950680668878,27.70337442639498]}},{"type":"Feature","properties":{},"geometry":{"type":"Point","coordinates":[85.31979863523418,27.70361554432463]}},{"type":"Feature","properties":{},"geometry":{"type":"Point","coordinates":[85.32196070011427,27.702610621209434]}},{"type":"Feature","properties":{},"geometry":{"type":"Point","coordinates":[85.3216820876034,27.702798441087882]}},{"type":"Feature","properties":{},"geometry":{"type":"Point","coordinates":[85.32160884873872,27.70240292880867]}},{"type":"Feature","properties":{},"geometry":{"type":"Point","coordinates":[85.32165937987827,27.70260140507411]}},{"type":"Feature","properties":{},"geometry":{"type":"Point","coordinates":[85.32165616636334,27.70258046853529]}},{"type":"Feature","properties":{},"geometry":{"type":"Point","coordinates":[85.31938232720312,27.703931884817955]}},{"type":"Feature","properties":{},"geometry":{"type":"Point","coordinates":[85.32037274757845,27.70390950961192]}},{"type":"Feature","properties":{},"geometry":{"type":"Point","coordinates":[85.32084901356956,27.70461817570055]}},{"type":"Feature","properties":{},"geometry":{"type":"Point","coordinates":[85.3201400993289,27.706218811337614]}},{"type":"Feature","properties":{},"geometry":{"type":"Point","coordinates":[85.31930975175779,27.706278381332886]}},{"type":"Feature","properties":{},"geometry":{"type":"Point","coordinates":[85.31935947411887,27.706057587757737]}},{"type":"Feature","properties":{},"geometry":{"type":"Point","coordinates":[85.31868248215844,27.705761459641966]}},{"type":"Feature","properties":{},"geometry":{"type":"Point","coordinates":[85.31868307016771,27.705761469491726]}},{"type":"Feature","properties":{},"geometry":{"type":"Point","coordinates":[85.32746347939579,27.708465756775237]}},{"type":"Feature","properties":{},"geometry":{"type":"Point","coordinates":[85.32747533786845,27.708514176461]}},{"type":"Feature","properties":{},"geometry":{"type":"Point","coordinates":[85.32738126752896,27.70823642680115]}},{"type":"Feature","properties":{},"geometry":{"type":"Point","coordinates":[85.32640615578204,27.70720612554905]}},{"type":"Feature","properties":{},"geometry":{"type":"Point","coordinates":[85.32637477546754,27.707211935803635]}},{"type":"Feature","properties":{},"geometry":{"type":"Point","coordinates":[85.32608502002968,27.70545961180138]}},{"type":"Feature","properties":{},"geometry":{"type":"Point","coordinates":[85.32608421189157,27.705459673330125]}},{"type":"Feature","properties":{},"geometry":{"type":"Point","coordinates":[85.32770994786681,27.709352580253274]}},{"type":"Feature","properties":{},"geometry":{"type":"Point","coordinates":[85.32769583011986,27.70930679851421]}},{"type":"Feature","properties":{},"geometry":{"type":"Point","coordinates":[85.32749418852988,27.70858114496353]}},{"type":"Feature","properties":{},"geometry":{"type":"Point","coordinates":[85.32749688390001,27.70859085736065]}},{"type":"Feature","properties":{},"geometry":{"type":"Point","coordinates":[85.3274770996108,27.70868799510887]}},{"type":"Feature","properties":{},"geometry":{"type":"Point","coordinates":[85.32745584112385,27.708679414930987]}},{"type":"Feature","properties":{},"geometry":{"type":"Point","coordinates":[85.32730214310715,27.70872043585246]}},{"type":"Feature","properties":{},"geometry":{"type":"Point","coordinates":[85.32729861152427,27.708720800222945]}},{"type":"Feature","properties":{},"geometry":{"type":"Point","coordinates":[85.32729574576838,27.708721525536053]}},{"type":"Feature","properties":{},"geometry":{"type":"Point","coordinates":[85.3272944872508,27.70872252388839]}},{"type":"Feature","properties":{},"geometry":{"type":"Point","coordinates":[85.32728701547771,27.708724377680962]}},{"type":"Feature","properties":{},"geometry":{"type":"Point","coordinates":[85.32728500567612,27.70872483354812]}},{"type":"Feature","properties":{},"geometry":{"type":"Point","coordinates":[85.32740942336558,27.70843149539162]}},{"type":"Feature","properties":{},"geometry":{"type":"Point","coordinates":[85.32732398147215,27.708449853229002]}},{"type":"Feature","properties":{},"geometry":{"type":"Point","coordinates":[85.32727417980009,27.708475335926703]}},{"type":"Feature","properties":{},"geometry":{"type":"Point","coordinates":[85.32715042688478,27.70850481937788]}},{"type":"Feature","properties":{},"geometry":{"type":"Point","coordinates":[85.32730709435742,27.707970294151256]}},{"type":"Feature","properties":{},"geometry":{"type":"Point","coordinates":[85.32686410338289,27.707725273879916]}},{"type":"Feature","properties":{},"geometry":{"type":"Point","coordinates":[85.32675536865005,27.70774168281688]}},{"type":"Feature","properties":{},"geometry":{"type":"Point","coordinates":[85.32675419849431,27.70773921735117]}},{"type":"Feature","properties":{},"geometry":{"type":"Point","coordinates":[85.32675204295555,27.707736997199795]}},{"type":"Feature","properties":{},"geometry":{"type":"Point","coordinates":[85.32675230192314,27.70773384953541]}},{"type":"Feature","properties":{},"geometry":{"type":"Point","coordinates":[85.32704021947622,27.70755679034163]}},{"type":"Feature","properties":{},"geometry":{"type":"Point","coordinates":[85.32700922463583,27.70754225113316]}},{"type":"Feature","properties":{},"geometry":{"type":"Point","coordinates":[85.327048805896,27.707296184985584]}},{"type":"Feature","properties":{},"geometry":{"type":"Point","coordinates":[85.3270565105126,27.7073268510194]}},{"type":"Feature","properties":{},"geometry":{"type":"Point","coordinates":[85.32688686252105,27.707353728983982]}},{"type":"Feature","properties":{},"geometry":{"type":"Point","coordinates":[85.32683693134797,27.707392509922926]}},{"type":"Feature","properties":{},"geometry":{"type":"Point","coordinates":[85.32702190695206,27.707111044199365]}},{"type":"Feature","properties":{},"geometry":{"type":"Point","coordinates":[85.32676386770078,27.707143033409785]}},{"type":"Feature","properties":{},"geometry":{"type":"Point","coordinates":[85.32666872190543,27.707178603394464]}},{"type":"Feature","properties":{},"geometry":{"type":"Point","coordinates":[85.32657513955607,27.707079572668405]}},{"type":"Feature","properties":{},"geometry":{"type":"Point","coordinates":[85.32656763751399,27.707043151707012]}},{"type":"Feature","properties":{},"geometry":{"type":"Point","coordinates":[85.32664031935724,27.70730246237061]}},{"type":"Feature","properties":{},"geometry":{"type":"Point","coordinates":[85.32666928584952,27.707418137423385]}},{"type":"Feature","properties":{},"geometry":{"type":"Point","coordinates":[85.32670170478154,27.707550263430967]}},{"type":"Feature","properties":{},"geometry":{"type":"Point","coordinates":[85.32702055364264,27.706782159161776]}},{"type":"Feature","properties":{},"geometry":{"type":"Point","coordinates":[85.3270199605194,27.706778961485416]}},{"type":"Feature","properties":{},"geometry":{"type":"Point","coordinates":[85.3270131023674,27.70665241264595]}},{"type":"Feature","properties":{},"geometry":{"type":"Point","coordinates":[85.32695642560384,27.70644551070994]}},{"type":"Feature","properties":{},"geometry":{"type":"Point","coordinates":[85.32688451983199,27.70620569918327]}},{"type":"Feature","properties":{},"geometry":{"type":"Point","coordinates":[85.32688561239125,27.706553379354865]}},{"type":"Feature","properties":{},"geometry":{"type":"Point","coordinates":[85.3268592266386,27.706557593921158]}},{"type":"Feature","properties":{},"geometry":{"type":"Point","coordinates":[85.32675465095285,27.706472586905935]}},{"type":"Feature","properties":{},"geometry":{"type":"Point","coordinates":[85.32673992708686,27.70642875898663]}},{"type":"Feature","properties":{},"geometry":{"type":"Point","coordinates":[85.3267261238567,27.706476511115852]}},{"type":"Feature","properties":{},"geometry":{"type":"Point","coordinates":[85.32670744935004,27.70638861365278]}},{"type":"Feature","properties":{},"geometry":{"type":"Point","coordinates":[85.32670372167502,27.70661447276898]}},{"type":"Feature","properties":{},"geometry":{"type":"Point","coordinates":[85.32659248102948,27.706533552128544]}},{"type":"Feature","properties":{},"geometry":{"type":"Point","coordinates":[85.32658528125465,27.706447360197323]}},{"type":"Feature","properties":{},"geometry":{"type":"Point","coordinates":[85.3264514999353,27.706568551609543]}},{"type":"Feature","properties":{},"geometry":{"type":"Point","coordinates":[85.32641236295154,27.706493649801544]}},{"type":"Feature","properties":{},"geometry":{"type":"Point","coordinates":[85.3263808058889,27.70648959398037]}},{"type":"Feature","properties":{},"geometry":{"type":"Point","coordinates":[85.3262412711427,27.706698891843107]}},{"type":"Feature","properties":{},"geometry":{"type":"Point","coordinates":[85.32620813354806,27.706716727123087]}},{"type":"Feature","properties":{},"geometry":{"type":"Point","coordinates":[85.32623610918678,27.70676447805493]}},{"type":"Feature","properties":{},"geometry":{"type":"Point","coordinates":[85.32623883418624,27.706764400894684]}},{"type":"Feature","properties":{},"geometry":{"type":"Point","coordinates":[85.32658883559093,27.706732012670514]}},{"type":"Feature","properties":{},"geometry":{"type":"Point","coordinates":[85.32663574453125,27.706752837455344]}},{"type":"Feature","properties":{},"geometry":{"type":"Point","coordinates":[85.32599037199675,27.70673113565199]}},{"type":"Feature","properties":{},"geometry":{"type":"Point","coordinates":[85.32599086083174,27.70676328039125]}},{"type":"Feature","properties":{},"geometry":{"type":"Point","coordinates":[85.3258577979674,27.70678634224344]}},{"type":"Feature","properties":{},"geometry":{"type":"Point","coordinates":[85.32585813701598,27.706788312093323]}},{"type":"Feature","properties":{},"geometry":{"type":"Point","coordinates":[85.32585896382933,27.706790614564913]}},{"type":"Feature","properties":{},"geometry":{"type":"Point","coordinates":[85.3258892620177,27.706816684669523]}},{"type":"Feature","properties":{},"geometry":{"type":"Point","coordinates":[85.32589138487958,27.706818319587274]}},{"type":"Feature","properties":{},"geometry":{"type":"Point","coordinates":[85.32611429288617,27.706293169231795]}},{"type":"Feature","properties":{},"geometry":{"type":"Point","coordinates":[85.32618011428032,27.70629106258165]}},{"type":"Feature","properties":{},"geometry":{"type":"Point","coordinates":[85.3262663421698,27.706283160992854]}},{"type":"Feature","properties":{},"geometry":{"type":"Point","coordinates":[85.32626458708522,27.706301876667617]}},{"type":"Feature","properties":{},"geometry":{"type":"Point","coordinates":[85.32628362231713,27.70624593946554]}},{"type":"Feature","properties":{},"geometry":{"type":"Point","coordinates":[85.32636254119332,27.706286039905258]}},{"type":"Feature","properties":{},"geometry":{"type":"Point","coordinates":[85.32643507935373,27.706275792132452]}},{"type":"Feature","properties":{},"geometry":{"type":"Point","coordinates":[85.32649913876018,27.706266610613596]}},{"type":"Feature","properties":{},"geometry":{"type":"Point","coordinates":[85.32662295527585,27.7062484833881]}},{"type":"Feature","properties":{},"geometry":{"type":"Point","coordinates":[85.32638357280098,27.706233908501908]}},{"type":"Feature","properties":{},"geometry":{"type":"Point","coordinates":[85.32634565810655,27.70623871915474]}},{"type":"Feature","properties":{},"geometry":{"type":"Point","coordinates":[85.32615114653939,27.7060716900707]}},{"type":"Feature","properties":{},"geometry":{"type":"Point","coordinates":[85.32623528437335,27.706016281072664]}},{"type":"Feature","properties":{},"geometry":{"type":"Point","coordinates":[85.32623264975393,27.706017679754055]}},{"type":"Feature","properties":{},"geometry":{"type":"Point","coordinates":[85.32627384049356,27.706008972730082]}},{"type":"Feature","properties":{},"geometry":{"type":"Point","coordinates":[85.32634828422076,27.70601484949537]}},{"type":"Feature","properties":{},"geometry":{"type":"Point","coordinates":[85.32637110307972,27.706037494146393]}},{"type":"Feature","properties":{},"geometry":{"type":"Point","coordinates":[85.32587001209333,27.70616789809379]}},{"type":"Feature","properties":{},"geometry":{"type":"Point","coordinates":[85.32579874673732,27.705987992316267]}},{"type":"Feature","properties":{},"geometry":{"type":"Point","coordinates":[85.3257699556293,27.705734723081935]}},{"type":"Feature","properties":{},"geometry":{"type":"Point","coordinates":[85.32577197169452,27.705736377467897]}},{"type":"Feature","properties":{},"geometry":{"type":"Point","coordinates":[85.32575491626959,27.70569890407393]}},{"type":"Feature","properties":{},"geometry":{"type":"Point","coordinates":[85.32568004985706,27.705714881594808]}},{"type":"Feature","properties":{},"geometry":{"type":"Point","coordinates":[85.32567965707844,27.70561455593428]}},{"type":"Feature","properties":{},"geometry":{"type":"Point","coordinates":[85.32569100888821,27.705624962431912]}},{"type":"Feature","properties":{},"geometry":{"type":"Point","coordinates":[85.32568921388045,27.705622511963735]}},{"type":"Feature","properties":{},"geometry":{"type":"Point","coordinates":[85.32568889418263,27.705620869069747]}},{"type":"Feature","properties":{},"geometry":{"type":"Point","coordinates":[85.32683288760386,27.706163934235136]}},{"type":"Feature","properties":{},"geometry":{"type":"Point","coordinates":[85.32683428224063,27.706163516967123]}},{"type":"Feature","properties":{},"geometry":{"type":"Point","coordinates":[85.3268360512748,27.706163485099918]}},{"type":"Feature","properties":{},"geometry":{"type":"Point","coordinates":[85.32665859706111,27.706186749451508]}},{"type":"Feature","properties":{},"geometry":{"type":"Point","coordinates":[85.32660059757825,27.706197874385552]}},{"type":"Feature","properties":{},"geometry":{"type":"Point","coordinates":[85.32645384356762,27.706223121558754]}},{"type":"Feature","properties":{},"geometry":{"type":"Point","coordinates":[85.3264544576705,27.705851543618873]}},{"type":"Feature","properties":{},"geometry":{"type":"Point","coordinates":[85.3266527655016,27.705873748367118]}},{"type":"Feature","properties":{},"geometry":{"type":"Point","coordinates":[85.32668500063629,27.705835553207777]}},{"type":"Feature","properties":{},"geometry":{"type":"Point","coordinates":[85.32673168912095,27.705873060694067]}},{"type":"Feature","properties":{},"geometry":{"type":"Point","coordinates":[85.32675055818851,27.705644512672944]}},{"type":"Feature","properties":{},"geometry":{"type":"Point","coordinates":[85.32673222517064,27.70545496352403]}},{"type":"Feature","properties":{},"geometry":{"type":"Point","coordinates":[85.32643790611367,27.70565520084846]}},{"type":"Feature","properties":{},"geometry":{"type":"Point","coordinates":[85.3264292771129,27.705650102723087]}},{"type":"Feature","properties":{},"geometry":{"type":"Point","coordinates":[85.32642251060798,27.705650143660684]}},{"type":"Feature","properties":{},"geometry":{"type":"Point","coordinates":[85.32747424209919,27.70894151881106]}},{"type":"Feature","properties":{},"geometry":{"type":"Point","coordinates":[85.32729655534122,27.70903443786952]}},{"type":"Feature","properties":{},"geometry":{"type":"Point","coordinates":[85.32729834144185,27.70903362279252]}},{"type":"Feature","properties":{},"geometry":{"type":"Point","coordinates":[85.32726634857508,27.70901514277782]}},{"type":"Feature","properties":{},"geometry":{"type":"Point","coordinates":[85.327200497142,27.709068892419282]}},{"type":"Feature","properties":{},"geometry":{"type":"Point","coordinates":[85.32713665948832,27.709090551906463]}},{"type":"Feature","properties":{},"geometry":{"type":"Point","coordinates":[85.32723385309698,27.709025750314442]}},{"type":"Feature","properties":{},"geometry":{"type":"Point","coordinates":[85.32674755964194,27.705574399875747]}},{"type":"Feature","properties":{},"geometry":{"type":"Point","coordinates":[85.32674854154065,27.705576641038963]}},{"type":"Feature","properties":{},"geometry":{"type":"Point","coordinates":[85.32666247046677,27.705417082439787]}},{"type":"Feature","properties":{},"geometry":{"type":"Point","coordinates":[85.32661829366441,27.705419469047204]}},{"type":"Feature","properties":{},"geometry":{"type":"Point","coordinates":[85.32652589035777,27.705423080418797]}},{"type":"Feature","properties":{},"geometry":{"type":"Point","coordinates":[85.32651722473709,27.705421777974124]}},{"type":"Feature","properties":{},"geometry":{"type":"Point","coordinates":[85.32643776655148,27.70542581925896]}},{"type":"Feature","properties":{},"geometry":{"type":"Point","coordinates":[85.32642440330073,27.705428467327238]}},{"type":"Feature","properties":{},"geometry":{"type":"Point","coordinates":[85.32633915078755,27.705429049432034]}},{"type":"Feature","properties":{},"geometry":{"type":"Point","coordinates":[85.32632623119538,27.705430268705967]}},{"type":"Feature","properties":{},"geometry":{"type":"Point","coordinates":[85.32629451263834,27.705434288727428]}},{"type":"Feature","properties":{},"geometry":{"type":"Point","coordinates":[85.32612610195562,27.70545376818619]}},{"type":"Feature","properties":{},"geometry":{"type":"Point","coordinates":[85.32609565569267,27.70545721328021]}},{"type":"Feature","properties":{},"geometry":{"type":"Point","coordinates":[85.32621493276264,27.705444574045067]}},{"type":"Feature","properties":{},"geometry":{"type":"Point","coordinates":[85.32596118540508,27.705476056906758]}},{"type":"Feature","properties":{},"geometry":{"type":"Point","coordinates":[85.32596152386809,27.705476005944558]}},{"type":"Feature","properties":{},"geometry":{"type":"Point","coordinates":[85.32586333640032,27.705495150169522]}},{"type":"Feature","properties":{},"geometry":{"type":"Point","coordinates":[85.3258625741427,27.705495261891986]}},{"type":"Feature","properties":{},"geometry":{"type":"Point","coordinates":[85.3258134569564,27.705504409947686]}},{"type":"Feature","properties":{},"geometry":{"type":"Point","coordinates":[85.32554706328284,27.705545829572976]}},{"type":"Feature","properties":{},"geometry":{"type":"Point","coordinates":[85.32189736878992,27.70210726913352]}},{"type":"Feature","properties":{},"geometry":{"type":"Point","coordinates":[85.32115215800152,27.70060368043418]}},{"type":"Feature","properties":{},"geometry":{"type":"Point","coordinates":[85.3236167729465,27.70571048572708]}},{"type":"Feature","properties":{},"geometry":{"type":"Point","coordinates":[85.32728304722662,27.708747779726433]}},{"type":"Feature","properties":{},"geometry":{"type":"Point","coordinates":[85.32135113791455,27.70869904278118]}},{"type":"Feature","properties":{},"geometry":{"type":"Point","coordinates":[85.32135112964065,27.708698920837072]}},{"type":"Feature","properties":{},"geometry":{"type":"Point","coordinates":[85.32583331665417,27.709910229264846]}},{"type":"Feature","properties":{},"geometry":{"type":"Point","coordinates":[85.32583090418099,27.709909824624287]}},{"type":"Feature","properties":{},"geometry":{"type":"Point","coordinates":[85.32571895628332,27.7099300305305]}},{"type":"Feature","properties":{},"geometry":{"type":"Point","coordinates":[85.32575057849077,27.709928289355037]}},{"type":"Feature","properties":{},"geometry":{"type":"Point","coordinates":[85.31756902340894,27.705848995140222]}},{"type":"Feature","properties":{},"geometry":{"type":"Point","coordinates":[85.31759182457648,27.70584927227199]}},{"type":"Feature","properties":{},"geometry":{"type":"Point","coordinates":[85.31784693636959,27.705831678242465]}},{"type":"Feature","properties":{},"geometry":{"type":"Point","coordinates":[85.31826015108427,27.705772273619605]}},{"type":"Feature","properties":{},"geometry":{"type":"Point","coordinates":[85.31838404210339,27.70576935628343]}},{"type":"Feature","properties":{},"geometry":{"type":"Point","coordinates":[85.31863227600748,27.705758852480066]}},{"type":"Feature","properties":{},"geometry":{"type":"Point","coordinates":[85.31870117155543,27.705758212747668]}},{"type":"Feature","properties":{},"geometry":{"type":"Point","coordinates":[85.31895637776326,27.705744031234808]}},{"type":"Feature","properties":{},"geometry":{"type":"Point","coordinates":[85.31900140243789,27.705738607677947]}},{"type":"Feature","properties":{},"geometry":{"type":"Point","coordinates":[85.31878935714724,27.705745839508495]}},{"type":"Feature","properties":{},"geometry":{"type":"Point","coordinates":[85.31942706324581,27.705701682382617]}},{"type":"Feature","properties":{},"geometry":{"type":"Point","coordinates":[85.31948702152029,27.705690142004634]}},{"type":"Feature","properties":{},"geometry":{"type":"Point","coordinates":[85.3199689981299,27.705650980784217]}},{"type":"Feature","properties":{},"geometry":{"type":"Point","coordinates":[85.32021702552657,27.705631430807657]}},{"type":"Feature","properties":{},"geometry":{"type":"Point","coordinates":[85.32025360307284,27.70562566605976]}},{"type":"Feature","properties":{},"geometry":{"type":"Point","coordinates":[85.3202702640284,27.705623957546695]}},{"type":"Feature","properties":{},"geometry":{"type":"Point","coordinates":[85.32032879584082,27.705621324772135]}},{"type":"Feature","properties":{},"geometry":{"type":"Point","coordinates":[85.32039592059189,27.70562162301427]}},{"type":"Feature","properties":{},"geometry":{"type":"Point","coordinates":[85.32005978698776,27.705638849518852]}},{"type":"Feature","properties":{},"geometry":{"type":"Point","coordinates":[85.32007860124182,27.70564022408692]}},{"type":"Feature","properties":{},"geometry":{"type":"Point","coordinates":[85.32013015463592,27.70563769804536]}},{"type":"Feature","properties":{},"geometry":{"type":"Point","coordinates":[85.32015687342302,27.705638022296306]}},{"type":"Feature","properties":{},"geometry":{"type":"Point","coordinates":[85.31975045095922,27.70508020945305]}},{"type":"Feature","properties":{},"geometry":{"type":"Point","coordinates":[85.31946115037948,27.703291569817875]}},{"type":"Feature","properties":{},"geometry":{"type":"Point","coordinates":[85.31947523388435,27.70329174079007]}},{"type":"Feature","properties":{},"geometry":{"type":"Point","coordinates":[85.31948532438511,27.703289773891434]}},{"type":"Feature","properties":{},"geometry":{"type":"Point","coordinates":[85.31994880228633,27.70355673924059]}},{"type":"Feature","properties":{},"geometry":{"type":"Point","coordinates":[85.31910786662102,27.704480843088803]}},{"type":"Feature","properties":{},"geometry":{"type":"Point","coordinates":[85.32058898683438,27.703981445171987]}},{"type":"Feature","properties":{},"geometry":{"type":"Point","coordinates":[85.32084100149832,27.70431871727839]}},{"type":"Feature","properties":{},"geometry":{"type":"Point","coordinates":[85.32075613075114,27.703954593165793]}},{"type":"Feature","properties":{},"geometry":{"type":"Point","coordinates":[85.32114897907285,27.70365759339353]}},{"type":"Feature","properties":{},"geometry":{"type":"Point","coordinates":[85.32140846489833,27.70364418744207]}},{"type":"Feature","properties":{},"geometry":{"type":"Point","coordinates":[85.32132995949082,27.703211325186878]}},{"type":"Feature","properties":{},"geometry":{"type":"Point","coordinates":[85.31929710527926,27.703733456909248]}},{"type":"Feature","properties":{},"geometry":{"type":"Point","coordinates":[85.31801248898263,27.705817490200392]}},{"type":"Feature","properties":{},"geometry":{"type":"Point","coordinates":[85.31945955569584,27.70526633563169]}},{"type":"Feature","properties":{},"geometry":{"type":"Point","coordinates":[85.3203857302725,27.70323123987098]}},{"type":"Feature","properties":{},"geometry":{"type":"Point","coordinates":[85.32177827491917,27.70312470110339]}},{"type":"Feature","properties":{},"geometry":{"type":"Point","coordinates":[85.31942384203606,27.703283532793037]}},{"type":"Feature","properties":{},"geometry":{"type":"Point","coordinates":[85.3192322363699,27.703303282815398]}},{"type":"Feature","properties":{},"geometry":{"type":"Point","coordinates":[85.31921288394886,27.703305555118895]}},{"type":"Feature","properties":{},"geometry":{"type":"Point","coordinates":[85.31919999696754,27.70330611526986]}},{"type":"Feature","properties":{},"geometry":{"type":"Point","coordinates":[85.31903950885619,27.704096973250778]}},{"type":"Feature","properties":{},"geometry":{"type":"Point","coordinates":[85.3190169494222,27.704641312002085]}},{"type":"Feature","properties":{},"geometry":{"type":"Point","coordinates":[85.32126479395038,27.70434509066356]}},{"type":"Feature","properties":{},"geometry":{"type":"Point","coordinates":[85.32125422947647,27.704722850807364]}},{"type":"Feature","properties":{},"geometry":{"type":"Point","coordinates":[85.32036437720598,27.705622733079547]}},{"type":"Feature","properties":{},"geometry":{"type":"Point","coordinates":[85.32046379297293,27.705611377720746]}},{"type":"Feature","properties":{},"geometry":{"type":"Point","coordinates":[85.31949972985592,27.70586237215317]}},{"type":"Feature","properties":{},"geometry":{"type":"Point","coordinates":[85.31942187248035,27.705865486563848]}},{"type":"Feature","properties":{},"geometry":{"type":"Point","coordinates":[85.31958543891666,27.705854576741533]}},{"type":"Feature","properties":{},"geometry":{"type":"Point","coordinates":[85.31963836232143,27.705850204663037]}},{"type":"Feature","properties":{},"geometry":{"type":"Point","coordinates":[85.31766514174541,27.705848617302983]}},{"type":"Feature","properties":{},"geometry":{"type":"Point","coordinates":[85.31905492868029,27.705400874168806]}},{"type":"Feature","properties":{},"geometry":{"type":"Point","coordinates":[85.31771930857276,27.705846748489744]}},{"type":"Feature","properties":{},"geometry":{"type":"Point","coordinates":[85.31855825573646,27.70674676468424]}},{"type":"Feature","properties":{},"geometry":{"type":"Point","coordinates":[85.31875022645261,27.70595316464425]}},{"type":"Feature","properties":{},"geometry":{"type":"Point","coordinates":[85.3188145178798,27.705742754230446]}},{"type":"Feature","properties":{},"geometry":{"type":"Point","coordinates":[85.31880172417785,27.70574422252658]}},{"type":"Feature","properties":{},"geometry":{"type":"Point","coordinates":[85.31826192355146,27.705947030756743]}},{"type":"Feature","properties":{},"geometry":{"type":"Point","coordinates":[85.31876738427628,27.706732269354273]}},{"type":"Feature","properties":{},"geometry":{"type":"Point","coordinates":[85.31876429161872,27.706681987958905]}},{"type":"Feature","properties":{},"geometry":{"type":"Point","coordinates":[85.31880147876701,27.705093472947468]}},{"type":"Feature","properties":{},"geometry":{"type":"Point","coordinates":[85.31987044472639,27.704935226862062]}},{"type":"Feature","properties":{},"geometry":{"type":"Point","coordinates":[85.31812937634848,27.704780788544657]}},{"type":"Feature","properties":{},"geometry":{"type":"Point","coordinates":[85.31711219314452,27.705593550479005]}},{"type":"Feature","properties":{},"geometry":{"type":"Point","coordinates":[85.31735196482192,27.706499032661398]}},{"type":"Feature","properties":{},"geometry":{"type":"Point","coordinates":[85.32256798428847,27.704384010047512]}},{"type":"Feature","properties":{},"geometry":{"type":"Point","coordinates":[85.32130650050249,27.702064961089096]}},{"type":"Feature","properties":{},"geometry":{"type":"Point","coordinates":[85.32143990745698,27.702146293527015]}},{"type":"Feature","properties":{},"geometry":{"type":"Point","coordinates":[85.321551994098,27.70217497718453]}},{"type":"Feature","properties":{},"geometry":{"type":"Point","coordinates":[85.32198245313243,27.708403402466633]}},{"type":"Feature","properties":{},"geometry":{"type":"Point","coordinates":[85.32106165549045,27.70170595321318]}},{"type":"Feature","properties":{},"geometry":{"type":"Point","coordinates":[85.32245851421818,27.707154821578307]}},{"type":"Feature","properties":{},"geometry":{"type":"Point","coordinates":[85.32314617776659,27.70703564930609]}},{"type":"Feature","properties":{},"geometry":{"type":"Point","coordinates":[85.32311145416074,27.70706054057933]}},{"type":"Feature","properties":{},"geometry":{"type":"Point","coordinates":[85.32411612033302,27.70751142824217]}},{"type":"Feature","properties":{},"geometry":{"type":"Point","coordinates":[85.3242575535202,27.707581398424193]}},{"type":"Feature","properties":{},"geometry":{"type":"Point","coordinates":[85.32380932859546,27.707662927165657]}},{"type":"Feature","properties":{},"geometry":{"type":"Point","coordinates":[85.32349500231274,27.707895869320843]}},{"type":"Feature","properties":{},"geometry":{"type":"Point","coordinates":[85.3234486015103,27.707851573479882]}},{"type":"Feature","properties":{},"geometry":{"type":"Point","coordinates":[85.32343226357979,27.707823317203193]}},{"type":"Feature","properties":{},"geometry":{"type":"Point","coordinates":[85.32262793787852,27.707723511788632]}},{"type":"Feature","properties":{},"geometry":{"type":"Point","coordinates":[85.32336212282098,27.7075319431134]}},{"type":"Feature","properties":{},"geometry":{"type":"Point","coordinates":[85.323368265341,27.70755136090677]}},{"type":"Feature","properties":{},"geometry":{"type":"Point","coordinates":[85.32324046769871,27.707850506317644]}},{"type":"Feature","properties":{},"geometry":{"type":"Point","coordinates":[85.32273673477869,27.70795324765337]}},{"type":"Feature","properties":{},"geometry":{"type":"Point","coordinates":[85.32272862400207,27.70798314912539]}},{"type":"Feature","properties":{},"geometry":{"type":"Point","coordinates":[85.32478468258668,27.707325402248184]}},{"type":"Feature","properties":{},"geometry":{"type":"Point","coordinates":[85.3246246095877,27.70714220353669]}},{"type":"Feature","properties":{},"geometry":{"type":"Point","coordinates":[85.32357904443606,27.708320773875673]}},{"type":"Feature","properties":{},"geometry":{"type":"Point","coordinates":[85.32611564440809,27.709155397490388]}},{"type":"Feature","properties":{},"geometry":{"type":"Point","coordinates":[85.3261059671004,27.70913020587905]}},{"type":"Feature","properties":{},"geometry":{"type":"Point","coordinates":[85.32620056101251,27.708570216077582]}},{"type":"Feature","properties":{},"geometry":{"type":"Point","coordinates":[85.32628716077396,27.70828584067556]}},{"type":"Feature","properties":{},"geometry":{"type":"Point","coordinates":[85.3256285851541,27.708289625846657]}},{"type":"Feature","properties":{},"geometry":{"type":"Point","coordinates":[85.32568411586321,27.708290297580053]}},{"type":"Feature","properties":{},"geometry":{"type":"Point","coordinates":[85.32605467756508,27.707812185468956]}},{"type":"Feature","properties":{},"geometry":{"type":"Point","coordinates":[85.32618364845973,27.70780050385157]}},{"type":"Feature","properties":{},"geometry":{"type":"Point","coordinates":[85.32587787308866,27.707578857746974]}},{"type":"Feature","properties":{},"geometry":{"type":"Point","coordinates":[85.32576769328936,27.70992505767575]}},{"type":"Feature","properties":{},"geometry":{"type":"Point","coordinates":[85.32281663188283,27.709938522652845]}},{"type":"Feature","properties":{},"geometry":{"type":"Point","coordinates":[85.31987904471495,27.707900775296775]}},{"type":"Feature","properties":{},"geometry":{"type":"Point","coordinates":[85.32609019460082,27.705458098526872]}},{"type":"Feature","properties":{},"geometry":{"type":"Point","coordinates":[85.32569420825716,27.70565564624263]}},{"type":"Feature","properties":{},"geometry":{"type":"Point","coordinates":[85.32137306660532,27.69971564324979]}},{"type":"Feature","properties":{},"geometry":{"type":"Point","coordinates":[85.32138707328714,27.699711992597653]}},{"type":"Feature","properties":{},"geometry":{"type":"Point","coordinates":[85.32184775449217,27.700687558087502]}},{"type":"Feature","properties":{},"geometry":{"type":"Point","coordinates":[85.31775487197844,27.708384266338356]}},{"type":"Feature","properties":{},"geometry":{"type":"Point","coordinates":[85.31826729284745,27.709272379553536]}},{"type":"Feature","properties":{},"geometry":{"type":"Point","coordinates":[85.3182167576993,27.70927591091811]}},{"type":"Feature","properties":{},"geometry":{"type":"Point","coordinates":[85.31822033303177,27.709287703698454]}},{"type":"Feature","properties":{},"geometry":{"type":"Point","coordinates":[85.31822177611663,27.709298610444655]}},{"type":"Feature","properties":{},"geometry":{"type":"Point","coordinates":[85.31822313369484,27.709308083812115]}},{"type":"Feature","properties":{},"geometry":{"type":"Point","coordinates":[85.31822380981113,27.709319936132278]}},{"type":"Feature","properties":{},"geometry":{"type":"Point","coordinates":[85.31772074636218,27.70835395385732]}},{"type":"Feature","properties":{},"geometry":{"type":"Point","coordinates":[85.31818445161792,27.709026146847723]}},{"type":"Feature","properties":{},"geometry":{"type":"Point","coordinates":[85.3181794569416,27.708966863826724]}},{"type":"Feature","properties":{},"geometry":{"type":"Point","coordinates":[85.31818878338308,27.709093541113017]}},{"type":"Feature","properties":{},"geometry":{"type":"Point","coordinates":[85.31818141699814,27.708909098553544]}},{"type":"Feature","properties":{},"geometry":{"type":"Point","coordinates":[85.3181914947794,27.709144199643088]}},{"type":"Feature","properties":{},"geometry":{"type":"Point","coordinates":[85.32670461719376,27.70539801023799]}},{"type":"Feature","properties":{},"geometry":{"type":"Point","coordinates":[85.32673694201048,27.705389612870732]}},{"type":"Feature","properties":{},"geometry":{"type":"Point","coordinates":[85.32646594229989,27.705425563320283]}},{"type":"Feature","properties":{},"geometry":{"type":"Point","coordinates":[85.32636570840177,27.705429370533505]}},{"type":"Feature","properties":{},"geometry":{"type":"Point","coordinates":[85.32610113236161,27.705455174765255]}},{"type":"Feature","properties":{},"geometry":{"type":"Point","coordinates":[85.32609283744041,27.705457223425004]}},{"type":"Feature","properties":{},"geometry":{"type":"Point","coordinates":[85.32610915476637,27.705454304245034]}},{"type":"Feature","properties":{},"geometry":{"type":"Point","coordinates":[85.32535329235299,27.706242309284782]}},{"type":"Feature","properties":{},"geometry":{"type":"Point","coordinates":[85.3244569959536,27.706553572083312]}},{"type":"Feature","properties":{},"geometry":{"type":"Point","coordinates":[85.32440084737047,27.706778995890325]}},{"type":"Feature","properties":{},"geometry":{"type":"Point","coordinates":[85.3239584675483,27.70571244378188]}},{"type":"Feature","properties":{},"geometry":{"type":"Point","coordinates":[85.32333331023551,27.70594104694172]}},{"type":"Feature","properties":{},"geometry":{"type":"Point","coordinates":[85.32353512800822,27.706037876145942]}},{"type":"Feature","properties":{},"geometry":{"type":"Point","coordinates":[85.31985151782136,27.70673761057931]}},{"type":"Feature","properties":{},"geometry":{"type":"Point","coordinates":[85.31930049621457,27.70726014977073]}},{"type":"Feature","properties":{},"geometry":{"type":"Point","coordinates":[85.31931378617816,27.707259594518685]}},{"type":"Feature","properties":{},"geometry":{"type":"Point","coordinates":[85.31932054560365,27.707223635220682]}},{"type":"Feature","properties":{},"geometry":{"type":"Point","coordinates":[85.31933056599088,27.70722196623749]}},{"type":"Feature","properties":{},"geometry":{"type":"Point","coordinates":[85.3193496935517,27.70722038346341]}},{"type":"Feature","properties":{},"geometry":{"type":"Point","coordinates":[85.3195481632455,27.7079162743286]}},{"type":"Feature","properties":{},"geometry":{"type":"Point","coordinates":[85.3195804049189,27.707913382297427]}},{"type":"Feature","properties":{},"geometry":{"type":"Point","coordinates":[85.31964316654785,27.70791056203063]}},{"type":"Feature","properties":{},"geometry":{"type":"Point","coordinates":[85.31968748886524,27.707907220049517]}},{"type":"Feature","properties":{},"geometry":{"type":"Point","coordinates":[85.31974988287512,27.707906484665532]}},{"type":"Feature","properties":{},"geometry":{"type":"Point","coordinates":[85.31793776482878,27.707493163846163]}},{"type":"Feature","properties":{},"geometry":{"type":"Point","coordinates":[85.32248981433438,27.70919142498527]}},{"type":"Feature","properties":{},"geometry":{"type":"Point","coordinates":[85.327207877236,27.709029448208323]}},{"type":"Feature","properties":{},"geometry":{"type":"Point","coordinates":[85.32733982563498,27.709022900937086]}},{"type":"Feature","properties":{},"geometry":{"type":"Point","coordinates":[85.32682228194984,27.707112934657268]}},{"type":"Feature","properties":{},"geometry":{"type":"Point","coordinates":[85.32689280879741,27.706255947657198]}},{"type":"Feature","properties":{},"geometry":{"type":"Point","coordinates":[85.32691876151904,27.70654375001419]}},{"type":"Feature","properties":{},"geometry":{"type":"Point","coordinates":[85.32693824427518,27.706519807138008]}},{"type":"Feature","properties":{},"geometry":{"type":"Point","coordinates":[85.31934497236539,27.703927132470362]}},{"type":"Feature","properties":{},"geometry":{"type":"Point","coordinates":[85.31904825183055,27.704531803497815]}},{"type":"Feature","properties":{},"geometry":{"type":"Point","coordinates":[85.32028794283838,27.704840127172822]}},{"type":"Feature","properties":{},"geometry":{"type":"Point","coordinates":[85.31941836960357,27.705699765423446]}},{"type":"Feature","properties":{},"geometry":{"type":"Point","coordinates":[85.31830198306272,27.705771044443395]}},{"type":"Feature","properties":{},"geometry":{"type":"Point","coordinates":[85.31844828281602,27.705765427208394]}},{"type":"Feature","properties":{},"geometry":{"type":"Point","coordinates":[85.31792369790136,27.70582437442053]}},{"type":"Feature","properties":{},"geometry":{"type":"Point","coordinates":[85.31885404173518,27.705736438082738]}},{"type":"Feature","properties":{},"geometry":{"type":"Point","coordinates":[85.31964144393918,27.705010876663106]}},{"type":"Feature","properties":{},"geometry":{"type":"Point","coordinates":[85.31847785540347,27.703415317993834]}},{"type":"Feature","properties":{},"geometry":{"type":"Point","coordinates":[85.32223827316413,27.701928871760256]}},{"type":"Feature","properties":{},"geometry":{"type":"Point","coordinates":[85.32211534865434,27.709211057142806]}},{"type":"Feature","properties":{},"geometry":{"type":"Point","coordinates":[85.3221215019933,27.70922975849237]}},{"type":"Feature","properties":{},"geometry":{"type":"Point","coordinates":[85.32630388296667,27.708539220163146]}},{"type":"Feature","properties":{},"geometry":{"type":"Point","coordinates":[85.32682977017889,27.70656261073458]}},{"type":"Feature","properties":{},"geometry":{"type":"Point","coordinates":[85.32574998776282,27.70591289724206]}},{"type":"Feature","properties":{},"geometry":{"type":"Point","coordinates":[85.32309273808066,27.705733944977784]}}]}