{"type":"FeatureCollection","features":[{"type":"Feature","properties":{},"geometry":{"type":"Point","coordinates":[85.34087999785497,27.688055390368017]}},{"type":"Feature","properties":{},"geometry":{"type":"Point","coordinates":[85.34087957057453,27.68805749722526]}},{"type":"Feature","properties":{},"geometry":{"type":"Point","coordinates":[85.33943983081711,27.687650454729674]}},{"type":"Feature","properties":{},"geometry":{"type":"Point","coordinates":[85.34079056120271,27.690079242647485]}},{"type":"Feature","properties":{},"geometry":{"type":"Point","coordinates":[85.34093534527979,27.690054980211634]}},{"type":"Feature","properties":{},"geometry":{"type":"Point","coordinates":[85.3410458628646,27.690070931057104]}},{"type":"Feature","properties":{},"geometry":{"type":"Point","coordinates":[85.34100754564878,27.690110480411594]}},{"type":"Feature","properties":{},"geometry":{"type":"Point","coordinates":[85.34113255149555,27.690134873060142]}},{"type":"Feature","properties":{},"geometry":{"type":"Point","coordinates":[85.34051567147057,27.689913109014626]}},{"type":"Feature","properties":{},"geometry":{"type":"Point","coordinates":[85.34129027423147,27.690164075497993]}},{"type":"Feature","properties":{},"geometry":{"type":"Point","coordinates":[85.34133296354696,27.690107012928507]}},{"type":"Feature","properties":{},"geometry":{"type":"Point","coordinates":[85.34137221346751,27.690182899561485]}},{"type":"Feature","properties":{},"geometry":{"type":"Point","coordinates":[85.34138527806215,27.69018591262903]}},{"type":"Feature","properties":{},"geometry":{"type":"Point","coordinates":[85.34142188143568,27.690133966820266]}},{"type":"Feature","properties":{},"geometry":{"type":"Point","coordinates":[85.34159712141461,27.690226197378202]}},{"type":"Feature","properties":{},"geometry":{"type":"Point","coordinates":[85.34187445932676,27.690272292391153]}},{"type":"Feature","properties":{},"geometry":{"type":"Point","coordinates":[85.34146042636007,27.690338870481142]}},{"type":"Feature","properties":{},"geometry":{"type":"Point","coordinates":[85.34160886776719,27.690316161124596]}},{"type":"Feature","properties":{},"geometry":{"type":"Point","coordinates":[85.34162363554857,27.690315232356095]}},{"type":"Feature","properties":{},"geometry":{"type":"Point","coordinates":[85.34170514524239,27.690312978253434]}},{"type":"Feature","properties":{},"geometry":{"type":"Point","coordinates":[85.34171450429399,27.69031516259569]}},{"type":"Feature","properties":{},"geometry":{"type":"Point","coordinates":[85.34176548803427,27.690311933670653]}},{"type":"Feature","properties":{},"geometry":{"type":"Point","coordinates":[85.34154786481092,27.690068739978834]}},{"type":"Feature","properties":{},"geometry":{"type":"Point","coordinates":[85.3415559064357,27.690033646613177]}},{"type":"Feature","properties":{},"geometry":{"type":"Point","coordinates":[85.34157051765548,27.690070846170926]}},{"type":"Feature","properties":{},"geometry":{"type":"Point","coordinates":[85.34153905630143,27.689979553311307]}},{"type":"Feature","properties":{},"geometry":{"type":"Point","coordinates":[85.34173066726756,27.69004922908595]}},{"type":"Feature","properties":{},"geometry":{"type":"Point","coordinates":[85.34173959596689,27.69002655103267]}},{"type":"Feature","properties":{},"geometry":{"type":"Point","coordinates":[85.34186970552504,27.690019845261986]}},{"type":"Feature","properties":{},"geometry":{"type":"Point","coordinates":[85.34194709627928,27.690228892768832]}},{"type":"Feature","properties":{},"geometry":{"type":"Point","coordinates":[85.34199050829977,27.69033413951775]}},{"type":"Feature","properties":{},"geometry":{"type":"Point","coordinates":[85.34197321259298,27.690333269051447]}},{"type":"Feature","properties":{},"geometry":{"type":"Point","coordinates":[85.34200889379713,27.690329117619186]}},{"type":"Feature","properties":{},"geometry":{"type":"Point","coordinates":[85.34236068307715,27.690350933548956]}},{"type":"Feature","properties":{},"geometry":{"type":"Point","coordinates":[85.34243460599251,27.690347105301065]}},{"type":"Feature","properties":{},"geometry":{"type":"Point","coordinates":[85.34259356314288,27.690315979886336]}},{"type":"Feature","properties":{},"geometry":{"type":"Point","coordinates":[85.3426332161659,27.69030422578142]}},{"type":"Feature","properties":{},"geometry":{"type":"Point","coordinates":[85.34203926333177,27.690092637514987]}},{"type":"Feature","properties":{},"geometry":{"type":"Point","coordinates":[85.3420378976336,27.69005565976917]}},{"type":"Feature","properties":{},"geometry":{"type":"Point","coordinates":[85.34201859915011,27.689896516913812]}},{"type":"Feature","properties":{},"geometry":{"type":"Point","coordinates":[85.3420303346394,27.68982543778176]}},{"type":"Feature","properties":{},"geometry":{"type":"Point","coordinates":[85.34205799618078,27.689947932374142]}},{"type":"Feature","properties":{},"geometry":{"type":"Point","coordinates":[85.34215843252544,27.690459924495368]}},{"type":"Feature","properties":{},"geometry":{"type":"Point","coordinates":[85.34218731643438,27.690530591893385]}},{"type":"Feature","properties":{},"geometry":{"type":"Point","coordinates":[85.34220688852422,27.690575682243473]}},{"type":"Feature","properties":{},"geometry":{"type":"Point","coordinates":[85.34222853371453,27.690653414810644]}},{"type":"Feature","properties":{},"geometry":{"type":"Point","coordinates":[85.34227000821306,27.690661305049602]}},{"type":"Feature","properties":{},"geometry":{"type":"Point","coordinates":[85.34223028349467,27.690740070116533]}},{"type":"Feature","properties":{},"geometry":{"type":"Point","coordinates":[85.34244355822369,27.69065254381409]}},{"type":"Feature","properties":{},"geometry":{"type":"Point","coordinates":[85.34248209708424,27.69064656088999]}},{"type":"Feature","properties":{},"geometry":{"type":"Point","coordinates":[85.34263566003347,27.69061721298632]}},{"type":"Feature","properties":{},"geometry":{"type":"Point","coordinates":[85.34215373729107,27.69075724991065]}},{"type":"Feature","properties":{},"geometry":{"type":"Point","coordinates":[85.34207337218183,27.690754996175816]}},{"type":"Feature","properties":{},"geometry":{"type":"Point","coordinates":[85.34207356309598,27.690770275993152]}},{"type":"Feature","properties":{},"geometry":{"type":"Point","coordinates":[85.34231525310709,27.6908980757737]}},{"type":"Feature","properties":{},"geometry":{"type":"Point","coordinates":[85.34231064660464,27.691059557041875]}},{"type":"Feature","properties":{},"geometry":{"type":"Point","coordinates":[85.34242388333399,27.690873990928523]}},{"type":"Feature","properties":{},"geometry":{"type":"Point","coordinates":[85.3426397951107,27.690235922503433]}},{"type":"Feature","properties":{},"geometry":{"type":"Point","coordinates":[85.34247384112292,27.690263545349506]}},{"type":"Feature","properties":{},"geometry":{"type":"Point","coordinates":[85.34246935486912,27.69028110409148]}},{"type":"Feature","properties":{},"geometry":{"type":"Point","coordinates":[85.3426664733233,27.690011003979745]}},{"type":"Feature","properties":{},"geometry":{"type":"Point","coordinates":[85.34250705678222,27.69002176056761]}},{"type":"Feature","properties":{},"geometry":{"type":"Point","coordinates":[85.342691529026,27.689857852481534]}},{"type":"Feature","properties":{},"geometry":{"type":"Point","coordinates":[85.34268121691626,27.68983566251473]}},{"type":"Feature","properties":{},"geometry":{"type":"Point","coordinates":[85.3425417874486,27.68957280805772]}},{"type":"Feature","properties":{},"geometry":{"type":"Point","coordinates":[85.34240120593185,27.689734063454434]}},{"type":"Feature","properties":{},"geometry":{"type":"Point","coordinates":[85.34238287762285,27.689740207066148]}},{"type":"Feature","properties":{},"geometry":{"type":"Point","coordinates":[85.34224103639899,27.689789249793833]}},{"type":"Feature","properties":{},"geometry":{"type":"Point","coordinates":[85.3424820570146,27.68948185935676]}},{"type":"Feature","properties":{},"geometry":{"type":"Point","coordinates":[85.34245340737738,27.689434549311375]}},{"type":"Feature","properties":{},"geometry":{"type":"Point","coordinates":[85.34243099091832,27.68940123035543]}},{"type":"Feature","properties":{},"geometry":{"type":"Point","coordinates":[85.34232427542597,27.68932987862718]}},{"type":"Feature","properties":{},"geometry":{"type":"Point","coordinates":[85.34227485949312,27.68927848951924]}},{"type":"Feature","properties":{},"geometry":{"type":"Point","coordinates":[85.34226256864058,27.689281312690618]}},{"type":"Feature","properties":{},"geometry":{"type":"Point","coordinates":[85.34213350026259,27.689315129612034]}},{"type":"Feature","properties":{},"geometry":{"type":"Point","coordinates":[85.34199315908403,27.689391080759005]}},{"type":"Feature","properties":{},"geometry":{"type":"Point","coordinates":[85.34197548640094,27.689392353862864]}},{"type":"Feature","properties":{},"geometry":{"type":"Point","coordinates":[85.34193915808032,27.689363393668025]}},{"type":"Feature","properties":{},"geometry":{"type":"Point","coordinates":[85.34183329827762,27.68942371189752]}},{"type":"Feature","properties":{},"geometry":{"type":"Point","coordinates":[85.34175385352053,27.689431740996298]}},{"type":"Feature","properties":{},"geometry":{"type":"Point","coordinates":[85.34176993025257,27.68940712229978]}},{"type":"Feature","properties":{},"geometry":{"type":"Point","coordinates":[85.34220984598308,27.68943436755899]}},{"type":"Feature","properties":{},"geometry":{"type":"Point","coordinates":[85.34222032194138,27.689473487825847]}},{"type":"Feature","properties":{},"geometry":{"type":"Point","coordinates":[85.34221799148192,27.689497141143637]}},{"type":"Feature","properties":{},"geometry":{"type":"Point","coordinates":[85.34223988875969,27.689532138083063]}},{"type":"Feature","properties":{},"geometry":{"type":"Point","coordinates":[85.34210084197773,27.689089637093055]}},{"type":"Feature","properties":{},"geometry":{"type":"Point","coordinates":[85.3418528867783,27.68917488664529]}},{"type":"Feature","properties":{},"geometry":{"type":"Point","coordinates":[85.34182661122885,27.68886226933115]}},{"type":"Feature","properties":{},"geometry":{"type":"Point","coordinates":[85.34178822376545,27.688908527676897]}},{"type":"Feature","properties":{},"geometry":{"type":"Point","coordinates":[85.3417384894384,27.68890158446458]}},{"type":"Feature","properties":{},"geometry":{"type":"Point","coordinates":[85.34167066228206,27.688931771355886]}},{"type":"Feature","properties":{},"geometry":{"type":"Point","coordinates":[85.34192755141198,27.68874407907158]}},{"type":"Feature","properties":{},"geometry":{"type":"Point","coordinates":[85.3418212765119,27.68866872852474]}},{"type":"Feature","properties":{},"geometry":{"type":"Point","coordinates":[85.34170046185817,27.688621443804863]}},{"type":"Feature","properties":{},"geometry":{"type":"Point","coordinates":[85.34154889835294,27.68859166130737]}},{"type":"Feature","properties":{},"geometry":{"type":"Point","coordinates":[85.34157554107357,27.68867538450383]}},{"type":"Feature","properties":{},"geometry":{"type":"Point","coordinates":[85.34155303375833,27.688391567648686]}},{"type":"Feature","properties":{},"geometry":{"type":"Point","coordinates":[85.34155816276744,27.688406352439312]}},{"type":"Feature","properties":{},"geometry":{"type":"Point","coordinates":[85.34102576707821,27.688205679059266]}},{"type":"Feature","properties":{},"geometry":{"type":"Point","coordinates":[85.34108165438325,27.68820283672534]}},{"type":"Feature","properties":{},"geometry":{"type":"Point","coordinates":[85.34115070492362,27.68820478305446]}},{"type":"Feature","properties":{},"geometry":{"type":"Point","coordinates":[85.34127949798892,27.688213860306767]}},{"type":"Feature","properties":{},"geometry":{"type":"Point","coordinates":[85.3413708985395,27.688242484769447]}},{"type":"Feature","properties":{},"geometry":{"type":"Point","coordinates":[85.34142302800731,27.688277964865332]}},{"type":"Feature","properties":{},"geometry":{"type":"Point","coordinates":[85.34147131773469,27.688302381477378]}},{"type":"Feature","properties":{},"geometry":{"type":"Point","coordinates":[85.34067986772342,27.689873716203156]}},{"type":"Feature","properties":{},"geometry":{"type":"Point","coordinates":[85.3407346585589,27.689911254691875]}},{"type":"Feature","properties":{},"geometry":{"type":"Point","coordinates":[85.34080470491236,27.689823881094334]}},{"type":"Feature","properties":{},"geometry":{"type":"Point","coordinates":[85.34087277138363,27.68979602430723]}},{"type":"Feature","properties":{},"geometry":{"type":"Point","coordinates":[85.34094859207131,27.68983034886937]}},{"type":"Feature","properties":{},"geometry":{"type":"Point","coordinates":[85.34095064810981,27.68976417569221]}},{"type":"Feature","properties":{},"geometry":{"type":"Point","coordinates":[85.34102596576754,27.689808500799938]}},{"type":"Feature","properties":{},"geometry":{"type":"Point","coordinates":[85.34108983955322,27.68978547468594]}},{"type":"Feature","properties":{},"geometry":{"type":"Point","coordinates":[85.34105060114474,27.689733996783993]}},{"type":"Feature","properties":{},"geometry":{"type":"Point","coordinates":[85.34122703682641,27.68975089330066]}},{"type":"Feature","properties":{},"geometry":{"type":"Point","coordinates":[85.34124030400407,27.689748952883516]}},{"type":"Feature","properties":{},"geometry":{"type":"Point","coordinates":[85.34091990010099,27.689669800909286]}},{"type":"Feature","properties":{},"geometry":{"type":"Point","coordinates":[85.34087504279553,27.68961160652697]}},{"type":"Feature","properties":{},"geometry":{"type":"Point","coordinates":[85.34083074831057,27.689574330144048]}},{"type":"Feature","properties":{},"geometry":{"type":"Point","coordinates":[85.34077748202122,27.68957538150243]}},{"type":"Feature","properties":{},"geometry":{"type":"Point","coordinates":[85.3409168128533,27.68954613570701]}},{"type":"Feature","properties":{},"geometry":{"type":"Point","coordinates":[85.3410990411873,27.689496609730455]}},{"type":"Feature","properties":{},"geometry":{"type":"Point","coordinates":[85.34118380595828,27.689410588265606]}},{"type":"Feature","properties":{},"geometry":{"type":"Point","coordinates":[85.34116797423484,27.689381969973866]}},{"type":"Feature","properties":{},"geometry":{"type":"Point","coordinates":[85.34115343155474,27.68938042478623]}},{"type":"Feature","properties":{},"geometry":{"type":"Point","coordinates":[85.34118236113069,27.68970796969206]}},{"type":"Feature","properties":{},"geometry":{"type":"Point","coordinates":[85.3413334592776,27.689721812468836]}},{"type":"Feature","properties":{},"geometry":{"type":"Point","coordinates":[85.34133267032135,27.689665343757433]}},{"type":"Feature","properties":{},"geometry":{"type":"Point","coordinates":[85.34144660338498,27.68970048737842]}},{"type":"Feature","properties":{},"geometry":{"type":"Point","coordinates":[85.34163085358362,27.689644518119415]}},{"type":"Feature","properties":{},"geometry":{"type":"Point","coordinates":[85.34164382520004,27.689562239594608]}},{"type":"Feature","properties":{},"geometry":{"type":"Point","coordinates":[85.34169366375536,27.689600680526194]}},{"type":"Feature","properties":{},"geometry":{"type":"Point","coordinates":[85.3417083925084,27.689587299642522]}},{"type":"Feature","properties":{},"geometry":{"type":"Point","coordinates":[85.34191739129797,27.689584473607884]}},{"type":"Feature","properties":{},"geometry":{"type":"Point","coordinates":[85.34194375973455,27.68957955812925]}},{"type":"Feature","properties":{},"geometry":{"type":"Point","coordinates":[85.34043635116898,27.68971109744233]}},{"type":"Feature","properties":{},"geometry":{"type":"Point","coordinates":[85.34046378583797,27.689655332515436]}},{"type":"Feature","properties":{},"geometry":{"type":"Point","coordinates":[85.34043542193739,27.689542929719646]}},{"type":"Feature","properties":{},"geometry":{"type":"Point","coordinates":[85.34059663966714,27.689492949536522]}},{"type":"Feature","properties":{},"geometry":{"type":"Point","coordinates":[85.34057106249202,27.689490394776172]}},{"type":"Feature","properties":{},"geometry":{"type":"Point","coordinates":[85.34062583845814,27.689244557409705]}},{"type":"Feature","properties":{},"geometry":{"type":"Point","coordinates":[85.34062397058682,27.689239342635094]}},{"type":"Feature","properties":{},"geometry":{"type":"Point","coordinates":[85.34060666900247,27.6892869453899]}},{"type":"Feature","properties":{},"geometry":{"type":"Point","coordinates":[85.34064845828281,27.68937930897582]}},{"type":"Feature","properties":{},"geometry":{"type":"Point","coordinates":[85.34086809074397,27.688619805150577]}},{"type":"Feature","properties":{},"geometry":{"type":"Point","coordinates":[85.34082757061822,27.68872286607475]}},{"type":"Feature","properties":{},"geometry":{"type":"Point","coordinates":[85.34070543306999,27.68894520261823]}},{"type":"Feature","properties":{},"geometry":{"type":"Point","coordinates":[85.34067002256481,27.689005503041066]}},{"type":"Feature","properties":{},"geometry":{"type":"Point","coordinates":[85.34065170050162,27.689042681715822]}},{"type":"Feature","properties":{},"geometry":{"type":"Point","coordinates":[85.34062335195524,27.689079511895525]}},{"type":"Feature","properties":{},"geometry":{"type":"Point","coordinates":[85.34053319597662,27.689147232309768]}},{"type":"Feature","properties":{},"geometry":{"type":"Point","coordinates":[85.3404743419565,27.689172298536697]}},{"type":"Feature","properties":{},"geometry":{"type":"Point","coordinates":[85.34047264965308,27.689173174492012]}},{"type":"Feature","properties":{},"geometry":{"type":"Point","coordinates":[85.34011977129218,27.689222567663386]}},{"type":"Feature","properties":{},"geometry":{"type":"Point","coordinates":[85.33992073615946,27.689255612415778]}},{"type":"Feature","properties":{},"geometry":{"type":"Point","coordinates":[85.33993104915132,27.689253710717438]}},{"type":"Feature","properties":{},"geometry":{"type":"Point","coordinates":[85.34080576163788,27.68882925595758]}},{"type":"Feature","properties":{},"geometry":{"type":"Point","coordinates":[85.34085657870621,27.688499706071966]}},{"type":"Feature","properties":{},"geometry":{"type":"Point","coordinates":[85.34084192638839,27.688436082783415]}},{"type":"Feature","properties":{},"geometry":{"type":"Point","coordinates":[85.340896246603,27.688244715230773]}},{"type":"Feature","properties":{},"geometry":{"type":"Point","coordinates":[85.34091116324075,27.688237208694183]}},{"type":"Feature","properties":{},"geometry":{"type":"Point","coordinates":[85.34097621778305,27.688223272828925]}},{"type":"Feature","properties":{},"geometry":{"type":"Point","coordinates":[85.339673444507,27.68940623970653]}},{"type":"Feature","properties":{},"geometry":{"type":"Point","coordinates":[85.33967841728962,27.68943200495658]}},{"type":"Feature","properties":{},"geometry":{"type":"Point","coordinates":[85.33974547425419,27.68975727061814]}},{"type":"Feature","properties":{},"geometry":{"type":"Point","coordinates":[85.33974610323736,27.689759391939624]}},{"type":"Feature","properties":{},"geometry":{"type":"Point","coordinates":[85.33918329519594,27.68995949473905]}},{"type":"Feature","properties":{},"geometry":{"type":"Point","coordinates":[85.33931832654265,27.689755482732743]}},{"type":"Feature","properties":{},"geometry":{"type":"Point","coordinates":[85.33928944894426,27.68974455848882]}},{"type":"Feature","properties":{},"geometry":{"type":"Point","coordinates":[85.33928971410266,27.68973702083517]}},{"type":"Feature","properties":{},"geometry":{"type":"Point","coordinates":[85.3393092834755,27.68973229328521]}},{"type":"Feature","properties":{},"geometry":{"type":"Point","coordinates":[85.34062210283705,27.69060774151874]}},{"type":"Feature","properties":{},"geometry":{"type":"Point","coordinates":[85.34066306589528,27.690491145906293]}},{"type":"Feature","properties":{},"geometry":{"type":"Point","coordinates":[85.34060076327083,27.69034950979081]}},{"type":"Feature","properties":{},"geometry":{"type":"Point","coordinates":[85.3405909760704,27.690322069499242]}},{"type":"Feature","properties":{},"geometry":{"type":"Point","coordinates":[85.34059572563055,27.691136010458173]}},{"type":"Feature","properties":{},"geometry":{"type":"Point","coordinates":[85.34065432641997,27.690724889220636]}},{"type":"Feature","properties":{},"geometry":{"type":"Point","coordinates":[85.3406539029489,27.690723055572455]}},{"type":"Feature","properties":{},"geometry":{"type":"Point","coordinates":[85.34051445471711,27.690965902485193]}},{"type":"Feature","properties":{},"geometry":{"type":"Point","coordinates":[85.34051313027415,27.69096638752998]}},{"type":"Feature","properties":{},"geometry":{"type":"Point","coordinates":[85.34047480583288,27.690954225726177]}},{"type":"Feature","properties":{},"geometry":{"type":"Point","coordinates":[85.340343715364,27.69085390171481]}},{"type":"Feature","properties":{},"geometry":{"type":"Point","coordinates":[85.3402984040419,27.69089140216546]}},{"type":"Feature","properties":{},"geometry":{"type":"Point","coordinates":[85.34029531439316,27.69089188319936]}},{"type":"Feature","properties":{},"geometry":{"type":"Point","coordinates":[85.34017488409224,27.690883490935818]}},{"type":"Feature","properties":{},"geometry":{"type":"Point","coordinates":[85.33977534629747,27.69086349231089]}},{"type":"Feature","properties":{},"geometry":{"type":"Point","coordinates":[85.33997301406806,27.69097878959994]}},{"type":"Feature","properties":{},"geometry":{"type":"Point","coordinates":[85.33995740961778,27.69098515145835]}},{"type":"Feature","properties":{},"geometry":{"type":"Point","coordinates":[85.33996516133719,27.691017174922635]}},{"type":"Feature","properties":{},"geometry":{"type":"Point","coordinates":[85.34073545224467,27.691170840134152]}},{"type":"Feature","properties":{},"geometry":{"type":"Point","coordinates":[85.34080556659178,27.69119817473609]}},{"type":"Feature","properties":{},"geometry":{"type":"Point","coordinates":[85.3408512423592,27.691216966243182]}},{"type":"Feature","properties":{},"geometry":{"type":"Point","coordinates":[85.34091145534553,27.691172839803233]}},{"type":"Feature","properties":{},"geometry":{"type":"Point","coordinates":[85.3409768547398,27.691221107615767]}},{"type":"Feature","properties":{},"geometry":{"type":"Point","coordinates":[85.34100988492854,27.69115894283738]}},{"type":"Feature","properties":{},"geometry":{"type":"Point","coordinates":[85.34111446398846,27.691141226757036]}},{"type":"Feature","properties":{},"geometry":{"type":"Point","coordinates":[85.34114911621145,27.69113902808867]}},{"type":"Feature","properties":{},"geometry":{"type":"Point","coordinates":[85.34118586023207,27.69119108260528]}},{"type":"Feature","properties":{},"geometry":{"type":"Point","coordinates":[85.34114661527913,27.691303370306056]}},{"type":"Feature","properties":{},"geometry":{"type":"Point","coordinates":[85.34122715798219,27.69142602196784]}},{"type":"Feature","properties":{},"geometry":{"type":"Point","coordinates":[85.34117995441278,27.691451737056706]}},{"type":"Feature","properties":{},"geometry":{"type":"Point","coordinates":[85.34134820847588,27.69169284084707]}},{"type":"Feature","properties":{},"geometry":{"type":"Point","coordinates":[85.34128346336492,27.691577590793933]}},{"type":"Feature","properties":{},"geometry":{"type":"Point","coordinates":[85.34122917016575,27.6916124315319]}},{"type":"Feature","properties":{},"geometry":{"type":"Point","coordinates":[85.34119378191977,27.69160596229841]}},{"type":"Feature","properties":{},"geometry":{"type":"Point","coordinates":[85.34102827395446,27.691669377629804]}},{"type":"Feature","properties":{},"geometry":{"type":"Point","coordinates":[85.34099288751068,27.691566227725588]}},{"type":"Feature","properties":{},"geometry":{"type":"Point","coordinates":[85.3410708042071,27.691741580610724]}},{"type":"Feature","properties":{},"geometry":{"type":"Point","coordinates":[85.34112651755835,27.691855448150452]}},{"type":"Feature","properties":{},"geometry":{"type":"Point","coordinates":[85.34115708070632,27.691964375250265]}},{"type":"Feature","properties":{},"geometry":{"type":"Point","coordinates":[85.34116589652682,27.691983920964717]}},{"type":"Feature","properties":{},"geometry":{"type":"Point","coordinates":[85.34061838431175,27.690059817998367]}},{"type":"Feature","properties":{},"geometry":{"type":"Point","coordinates":[85.34210350561658,27.69025968781795]}},{"type":"Feature","properties":{},"geometry":{"type":"Point","coordinates":[85.34218841144765,27.690533412848563]}},{"type":"Feature","properties":{},"geometry":{"type":"Point","coordinates":[85.34219034180316,27.690536578652008]}},{"type":"Feature","properties":{},"geometry":{"type":"Point","coordinates":[85.3422666546633,27.69070542687283]}},{"type":"Feature","properties":{},"geometry":{"type":"Point","coordinates":[85.34228858590244,27.690800067693246]}},{"type":"Feature","properties":{},"geometry":{"type":"Point","coordinates":[85.34267873793344,27.690614608440473]}},{"type":"Feature","properties":{},"geometry":{"type":"Point","coordinates":[85.34219965315988,27.68929543811438]}},{"type":"Feature","properties":{},"geometry":{"type":"Point","coordinates":[85.34039087922973,27.689752816361025]}},{"type":"Feature","properties":{},"geometry":{"type":"Point","coordinates":[85.34035126869419,27.689714233108536]}},{"type":"Feature","properties":{},"geometry":{"type":"Point","coordinates":[85.33963185847053,27.689641828329354]}},{"type":"Feature","properties":{},"geometry":{"type":"Point","coordinates":[85.34114632380775,27.691296493867927]}},{"type":"Feature","properties":{},"geometry":{"type":"Point","coordinates":[85.34120966603568,27.69130224560483]}},{"type":"Feature","properties":{},"geometry":{"type":"Point","coordinates":[85.34156471855876,27.691518691532867]}},{"type":"Feature","properties":{},"geometry":{"type":"Point","coordinates":[85.34166878294944,27.691469168297385]}},{"type":"Feature","properties":{},"geometry":{"type":"Point","coordinates":[85.34166107347278,27.691308666883472]}},{"type":"Feature","properties":{},"geometry":{"type":"Point","coordinates":[85.34161772349205,27.691127670344954]}},{"type":"Feature","properties":{},"geometry":{"type":"Point","coordinates":[85.34156172214048,27.69090371324109]}},{"type":"Feature","properties":{},"geometry":{"type":"Point","coordinates":[85.34154515724151,27.690807934395533]}},{"type":"Feature","properties":{},"geometry":{"type":"Point","coordinates":[85.34153887303113,27.690746946673755]}},{"type":"Feature","properties":{},"geometry":{"type":"Point","coordinates":[85.3415426959541,27.690710496791848]}},{"type":"Feature","properties":{},"geometry":{"type":"Point","coordinates":[85.34163183099321,27.691213836434436]}},{"type":"Feature","properties":{},"geometry":{"type":"Point","coordinates":[85.34176651046307,27.69139278580912]}},{"type":"Feature","properties":{},"geometry":{"type":"Point","coordinates":[85.34185303598795,27.691386166489302]}},{"type":"Feature","properties":{},"geometry":{"type":"Point","coordinates":[85.34189012674916,27.6913900105545]}},{"type":"Feature","properties":{},"geometry":{"type":"Point","coordinates":[85.34184937340005,27.691188193468015]}},{"type":"Feature","properties":{},"geometry":{"type":"Point","coordinates":[85.34183405045205,27.691124809546753]}},{"type":"Feature","properties":{},"geometry":{"type":"Point","coordinates":[85.34182524792935,27.691143359927523]}},{"type":"Feature","properties":{},"geometry":{"type":"Point","coordinates":[85.3418071711063,27.691037643935633]}},{"type":"Feature","properties":{},"geometry":{"type":"Point","coordinates":[85.34177569382483,27.690972937465936]}},{"type":"Feature","properties":{},"geometry":{"type":"Point","coordinates":[85.3417695393333,27.6909076515382]}},{"type":"Feature","properties":{},"geometry":{"type":"Point","coordinates":[85.34179646093378,27.69090171381157]}},{"type":"Feature","properties":{},"geometry":{"type":"Point","coordinates":[85.3417779483472,27.69080866625851]}},{"type":"Feature","properties":{},"geometry":{"type":"Point","coordinates":[85.34176700346312,27.690809231964177]}},{"type":"Feature","properties":{},"geometry":{"type":"Point","coordinates":[85.34200407104483,27.691323289866098]}},{"type":"Feature","properties":{},"geometry":{"type":"Point","coordinates":[85.34208855386215,27.691275507529625]}},{"type":"Feature","properties":{},"geometry":{"type":"Point","coordinates":[85.342122926451,27.691254642259413]}},{"type":"Feature","properties":{},"geometry":{"type":"Point","coordinates":[85.34196984674247,27.691017574964366]}},{"type":"Feature","properties":{},"geometry":{"type":"Point","coordinates":[85.34197410095364,27.690997933981105]}},{"type":"Feature","properties":{},"geometry":{"type":"Point","coordinates":[85.34193925947433,27.69091584017687]}},{"type":"Feature","properties":{},"geometry":{"type":"Point","coordinates":[85.34199416096615,27.691091319544174]}},{"type":"Feature","properties":{},"geometry":{"type":"Point","coordinates":[85.34214724000927,27.691183697479122]}},{"type":"Feature","properties":{},"geometry":{"type":"Point","coordinates":[85.34228201492904,27.69115384797212]}},{"type":"Feature","properties":{},"geometry":{"type":"Point","coordinates":[85.34232937568191,27.691113811745794]}},{"type":"Feature","properties":{},"geometry":{"type":"Point","coordinates":[85.34227643244095,27.69112168451559]}},{"type":"Feature","properties":{},"geometry":{"type":"Point","coordinates":[85.34241674596112,27.691091730596234]}},{"type":"Feature","properties":{},"geometry":{"type":"Point","coordinates":[85.34244504262708,27.69103524451537]}},{"type":"Feature","properties":{},"geometry":{"type":"Point","coordinates":[85.34268448408602,27.690942309787317]}},{"type":"Feature","properties":{},"geometry":{"type":"Point","coordinates":[85.3427471686529,27.6909631337226]}},{"type":"Feature","properties":{},"geometry":{"type":"Point","coordinates":[85.34281948932089,27.69095531938056]}},{"type":"Feature","properties":{},"geometry":{"type":"Point","coordinates":[85.34283707697274,27.690955261802227]}},{"type":"Feature","properties":{},"geometry":{"type":"Point","coordinates":[85.34257192272257,27.69105721512512]}},{"type":"Feature","properties":{},"geometry":{"type":"Point","coordinates":[85.3426236119552,27.69114222261231]}},{"type":"Feature","properties":{},"geometry":{"type":"Point","coordinates":[85.34261994813708,27.691250924794524]}},{"type":"Feature","properties":{},"geometry":{"type":"Point","coordinates":[85.34266872047321,27.691284239670768]}},{"type":"Feature","properties":{},"geometry":{"type":"Point","coordinates":[85.34271112607489,27.691375834770955]}},{"type":"Feature","properties":{},"geometry":{"type":"Point","coordinates":[85.34268900529398,27.691459646540206]}},{"type":"Feature","properties":{},"geometry":{"type":"Point","coordinates":[85.34273271912069,27.691514848260496]}},{"type":"Feature","properties":{},"geometry":{"type":"Point","coordinates":[85.3427124371238,27.691669712140953]}},{"type":"Feature","properties":{},"geometry":{"type":"Point","coordinates":[85.34258723017794,27.691650502721817]}},{"type":"Feature","properties":{},"geometry":{"type":"Point","coordinates":[85.34252221577258,27.691700518454713]}},{"type":"Feature","properties":{},"geometry":{"type":"Point","coordinates":[85.34241132142702,27.691698843529725]}},{"type":"Feature","properties":{},"geometry":{"type":"Point","coordinates":[85.34233501826458,27.69184525488759]}},{"type":"Feature","properties":{},"geometry":{"type":"Point","coordinates":[85.34230504587292,27.691826001108645]}},{"type":"Feature","properties":{},"geometry":{"type":"Point","coordinates":[85.34227205059354,27.691837235507943]}},{"type":"Feature","properties":{},"geometry":{"type":"Point","coordinates":[85.3422298171466,27.691863440072606]}},{"type":"Feature","properties":{},"geometry":{"type":"Point","coordinates":[85.3427885000599,27.691878231578926]}},{"type":"Feature","properties":{},"geometry":{"type":"Point","coordinates":[85.3427842819219,27.69189300735134]}},{"type":"Feature","properties":{},"geometry":{"type":"Point","coordinates":[85.3428043519821,27.69194677983606]}},{"type":"Feature","properties":{},"geometry":{"type":"Point","coordinates":[85.34281412008009,27.6919677430308]}},{"type":"Feature","properties":{},"geometry":{"type":"Point","coordinates":[85.34286626108077,27.691989984111334]}},{"type":"Feature","properties":{},"geometry":{"type":"Point","coordinates":[85.34284685595969,27.692032354235064]}},{"type":"Feature","properties":{},"geometry":{"type":"Point","coordinates":[85.34292890124884,27.692119994830872]}},{"type":"Feature","properties":{},"geometry":{"type":"Point","coordinates":[85.34297376416924,27.692214073309067]}},{"type":"Feature","properties":{},"geometry":{"type":"Point","coordinates":[85.34297458077357,27.692345364983563]}},{"type":"Feature","properties":{},"geometry":{"type":"Point","coordinates":[85.34301861316118,27.692341237434015]}},{"type":"Feature","properties":{},"geometry":{"type":"Point","coordinates":[85.3431440301994,27.692289454999862]}},{"type":"Feature","properties":{},"geometry":{"type":"Point","coordinates":[85.34311117380899,27.692316733255158]}},{"type":"Feature","properties":{},"geometry":{"type":"Point","coordinates":[85.3432530728025,27.69226117489581]}},{"type":"Feature","properties":{},"geometry":{"type":"Point","coordinates":[85.34324106301263,27.69236985305305]}},{"type":"Feature","properties":{},"geometry":{"type":"Point","coordinates":[85.3432210541288,27.69240856517427]}},{"type":"Feature","properties":{},"geometry":{"type":"Point","coordinates":[85.34277347251687,27.692158074531363]}},{"type":"Feature","properties":{},"geometry":{"type":"Point","coordinates":[85.34269023081734,27.692214283926397]}},{"type":"Feature","properties":{},"geometry":{"type":"Point","coordinates":[85.34264303812826,27.692198265546455]}},{"type":"Feature","properties":{},"geometry":{"type":"Point","coordinates":[85.34266302049006,27.69222609308536]}},{"type":"Feature","properties":{},"geometry":{"type":"Point","coordinates":[85.34251201815646,27.692264325647123]}},{"type":"Feature","properties":{},"geometry":{"type":"Point","coordinates":[85.34245949540099,27.69223916190538]}},{"type":"Feature","properties":{},"geometry":{"type":"Point","coordinates":[85.34232614427914,27.692130666170872]}},{"type":"Feature","properties":{},"geometry":{"type":"Point","coordinates":[85.34234578508634,27.692254780431707]}},{"type":"Feature","properties":{},"geometry":{"type":"Point","coordinates":[85.34233875457362,27.692301339349065]}},{"type":"Feature","properties":{},"geometry":{"type":"Point","coordinates":[85.34223777942003,27.69228018405538]}},{"type":"Feature","properties":{},"geometry":{"type":"Point","coordinates":[85.342242158436,27.69228946058201]}},{"type":"Feature","properties":{},"geometry":{"type":"Point","coordinates":[85.3428818700651,27.691757958188116]}},{"type":"Feature","properties":{},"geometry":{"type":"Point","coordinates":[85.34294417531213,27.691766334897498]}},{"type":"Feature","properties":{},"geometry":{"type":"Point","coordinates":[85.34298225512667,27.6917560619287]}},{"type":"Feature","properties":{},"geometry":{"type":"Point","coordinates":[85.34308480325045,27.691701036455296]}},{"type":"Feature","properties":{},"geometry":{"type":"Point","coordinates":[85.34311661839149,27.691690257967633]}},{"type":"Feature","properties":{},"geometry":{"type":"Point","coordinates":[85.34312758964852,27.691687078676512]}},{"type":"Feature","properties":{},"geometry":{"type":"Point","coordinates":[85.34315157347747,27.691753823425042]}},{"type":"Feature","properties":{},"geometry":{"type":"Point","coordinates":[85.34314643315906,27.691831414970917]}},{"type":"Feature","properties":{},"geometry":{"type":"Point","coordinates":[85.34317286812534,27.691898268469604]}},{"type":"Feature","properties":{},"geometry":{"type":"Point","coordinates":[85.34320762867239,27.691893275377936]}},{"type":"Feature","properties":{},"geometry":{"type":"Point","coordinates":[85.34323319704485,27.69195030683108]}},{"type":"Feature","properties":{},"geometry":{"type":"Point","coordinates":[85.34321990123635,27.69199146035921]}},{"type":"Feature","properties":{},"geometry":{"type":"Point","coordinates":[85.3432564197196,27.69207646301113]}},{"type":"Feature","properties":{},"geometry":{"type":"Point","coordinates":[85.34339099352458,27.692054818776402]}},{"type":"Feature","properties":{},"geometry":{"type":"Point","coordinates":[85.34340268511433,27.692022938736066]}},{"type":"Feature","properties":{},"geometry":{"type":"Point","coordinates":[85.3434187295308,27.692059021655258]}},{"type":"Feature","properties":{},"geometry":{"type":"Point","coordinates":[85.34347765836361,27.691993068499396]}},{"type":"Feature","properties":{},"geometry":{"type":"Point","coordinates":[85.34350487151772,27.69200947034648]}},{"type":"Feature","properties":{},"geometry":{"type":"Point","coordinates":[85.34369699493605,27.691919855149372]}},{"type":"Feature","properties":{},"geometry":{"type":"Point","coordinates":[85.3437227786177,27.691954581563785]}},{"type":"Feature","properties":{},"geometry":{"type":"Point","coordinates":[85.34182662466122,27.691642124968805]}},{"type":"Feature","properties":{},"geometry":{"type":"Point","coordinates":[85.34184276521877,27.6916886481433]}},{"type":"Feature","properties":{},"geometry":{"type":"Point","coordinates":[85.3418512048989,27.691795617897505]}},{"type":"Feature","properties":{},"geometry":{"type":"Point","coordinates":[85.34187182954143,27.691841377953523]}},{"type":"Feature","properties":{},"geometry":{"type":"Point","coordinates":[85.34192099305545,27.69189107822552]}},{"type":"Feature","properties":{},"geometry":{"type":"Point","coordinates":[85.34195870485145,27.691986216715943]}},{"type":"Feature","properties":{},"geometry":{"type":"Point","coordinates":[85.34195956491659,27.692080670245932]}},{"type":"Feature","properties":{},"geometry":{"type":"Point","coordinates":[85.3420324588196,27.692161788223963]}},{"type":"Feature","properties":{},"geometry":{"type":"Point","coordinates":[85.34202498186397,27.692195543563276]}},{"type":"Feature","properties":{},"geometry":{"type":"Point","coordinates":[85.34196107043375,27.692228693558636]}},{"type":"Feature","properties":{},"geometry":{"type":"Point","coordinates":[85.34198093991604,27.692295715042658]}},{"type":"Feature","properties":{},"geometry":{"type":"Point","coordinates":[85.3420043384821,27.692342171672625]}},{"type":"Feature","properties":{},"geometry":{"type":"Point","coordinates":[85.34183652857294,27.692182420211495]}},{"type":"Feature","properties":{},"geometry":{"type":"Point","coordinates":[85.3417978884519,27.692170578092078]}},{"type":"Feature","properties":{},"geometry":{"type":"Point","coordinates":[85.34170890853794,27.69238743861184]}},{"type":"Feature","properties":{},"geometry":{"type":"Point","coordinates":[85.34171120364618,27.69239491667892]}},{"type":"Feature","properties":{},"geometry":{"type":"Point","coordinates":[85.34160158873956,27.692228663104235]}},{"type":"Feature","properties":{},"geometry":{"type":"Point","coordinates":[85.34162839677121,27.69226413683599]}},{"type":"Feature","properties":{},"geometry":{"type":"Point","coordinates":[85.34158227663481,27.692277120065974]}},{"type":"Feature","properties":{},"geometry":{"type":"Point","coordinates":[85.34156801258224,27.69225148186891]}},{"type":"Feature","properties":{},"geometry":{"type":"Point","coordinates":[85.34159098617239,27.692408078417177]}},{"type":"Feature","properties":{},"geometry":{"type":"Point","coordinates":[85.34150750198026,27.69183011023669]}},{"type":"Feature","properties":{},"geometry":{"type":"Point","coordinates":[85.34146529542672,27.691832456779558]}},{"type":"Feature","properties":{},"geometry":{"type":"Point","coordinates":[85.34143772323962,27.691910256991804]}},{"type":"Feature","properties":{},"geometry":{"type":"Point","coordinates":[85.34148467525822,27.691949419783786]}},{"type":"Feature","properties":{},"geometry":{"type":"Point","coordinates":[85.34144420851955,27.6919961070563]}},{"type":"Feature","properties":{},"geometry":{"type":"Point","coordinates":[85.34143002619267,27.692032609743684]}},{"type":"Feature","properties":{},"geometry":{"type":"Point","coordinates":[85.34147756622471,27.692078488263753]}},{"type":"Feature","properties":{},"geometry":{"type":"Point","coordinates":[85.34143607954125,27.69206828799268]}},{"type":"Feature","properties":{},"geometry":{"type":"Point","coordinates":[85.34133203544334,27.692234129676]}},{"type":"Feature","properties":{},"geometry":{"type":"Point","coordinates":[85.34123450846634,27.692245336309547]}},{"type":"Feature","properties":{},"geometry":{"type":"Point","coordinates":[85.34111286490393,27.692279728468343]}},{"type":"Feature","properties":{},"geometry":{"type":"Point","coordinates":[85.34148439205937,27.692208015172053]}},{"type":"Feature","properties":{},"geometry":{"type":"Point","coordinates":[85.34146973286813,27.692324019907364]}},{"type":"Feature","properties":{},"geometry":{"type":"Point","coordinates":[85.34120983538185,27.69235965331163]}},{"type":"Feature","properties":{},"geometry":{"type":"Point","coordinates":[85.34109075489475,27.692417519979184]}},{"type":"Feature","properties":{},"geometry":{"type":"Point","coordinates":[85.34111135848559,27.692418386872795]}},{"type":"Feature","properties":{},"geometry":{"type":"Point","coordinates":[85.3414696434891,27.692380036731777]}},{"type":"Feature","properties":{},"geometry":{"type":"Point","coordinates":[85.34148402534301,27.69255577462995]}},{"type":"Feature","properties":{},"geometry":{"type":"Point","coordinates":[85.34149106341411,27.6926705915465]}},{"type":"Feature","properties":{},"geometry":{"type":"Point","coordinates":[85.34146432982966,27.692704708271197]}},{"type":"Feature","properties":{},"geometry":{"type":"Point","coordinates":[85.34148308134768,27.692769136926575]}},{"type":"Feature","properties":{},"geometry":{"type":"Point","coordinates":[85.34149533475498,27.69281825174009]}},{"type":"Feature","properties":{},"geometry":{"type":"Point","coordinates":[85.34129596622888,27.692600712907698]}},{"type":"Feature","properties":{},"geometry":{"type":"Point","coordinates":[85.3411984267351,27.692690383749916]}},{"type":"Feature","properties":{},"geometry":{"type":"Point","coordinates":[85.34110712197332,27.6927388085076]}},{"type":"Feature","properties":{},"geometry":{"type":"Point","coordinates":[85.34099840314282,27.69292162958019]}},{"type":"Feature","properties":{},"geometry":{"type":"Point","coordinates":[85.34043325860912,27.69125796505373]}},{"type":"Feature","properties":{},"geometry":{"type":"Point","coordinates":[85.34044509361232,27.69126270630721]}},{"type":"Feature","properties":{},"geometry":{"type":"Point","coordinates":[85.34034947963637,27.691263328461062]}},{"type":"Feature","properties":{},"geometry":{"type":"Point","coordinates":[85.34002586699984,27.69130588308796]}},{"type":"Feature","properties":{},"geometry":{"type":"Point","coordinates":[85.33984000470605,27.691148249625524]}},{"type":"Feature","properties":{},"geometry":{"type":"Point","coordinates":[85.3397564738202,27.69115993803609]}},{"type":"Feature","properties":{},"geometry":{"type":"Point","coordinates":[85.33968578787156,27.691178169585477]}},{"type":"Feature","properties":{},"geometry":{"type":"Point","coordinates":[85.33982443880842,27.691300019593672]}},{"type":"Feature","properties":{},"geometry":{"type":"Point","coordinates":[85.33964259343666,27.691325143316828]}},{"type":"Feature","properties":{},"geometry":{"type":"Point","coordinates":[85.33961599143728,27.69136696635774]}},{"type":"Feature","properties":{},"geometry":{"type":"Point","coordinates":[85.3395321020378,27.6912200302002]}},{"type":"Feature","properties":{},"geometry":{"type":"Point","coordinates":[85.3395378286528,27.691155116838644]}},{"type":"Feature","properties":{},"geometry":{"type":"Point","coordinates":[85.33952226822824,27.69113203517825]}},{"type":"Feature","properties":{},"geometry":{"type":"Point","coordinates":[85.33942946997766,27.691160601923897]}},{"type":"Feature","properties":{},"geometry":{"type":"Point","coordinates":[85.33937618315618,27.691180511321438]}},{"type":"Feature","properties":{},"geometry":{"type":"Point","coordinates":[85.33948374214509,27.691385374777745]}},{"type":"Feature","properties":{},"geometry":{"type":"Point","coordinates":[85.33938951139164,27.691418401876728]}},{"type":"Feature","properties":{},"geometry":{"type":"Point","coordinates":[85.33934422674356,27.691464151650447]}},{"type":"Feature","properties":{},"geometry":{"type":"Point","coordinates":[85.33933381322949,27.691431481596688]}},{"type":"Feature","properties":{},"geometry":{"type":"Point","coordinates":[85.33954516376937,27.69158040486091]}},{"type":"Feature","properties":{},"geometry":{"type":"Point","coordinates":[85.33957561854974,27.691688812896828]}},{"type":"Feature","properties":{},"geometry":{"type":"Point","coordinates":[85.33959033361646,27.69172353998811]}},{"type":"Feature","properties":{},"geometry":{"type":"Point","coordinates":[85.33960001890932,27.69181009816126]}},{"type":"Feature","properties":{},"geometry":{"type":"Point","coordinates":[85.3397265530258,27.691854611215618]}},{"type":"Feature","properties":{},"geometry":{"type":"Point","coordinates":[85.34072357204272,27.69133375310825]}},{"type":"Feature","properties":{},"geometry":{"type":"Point","coordinates":[85.34074723325672,27.691341808523177]}},{"type":"Feature","properties":{},"geometry":{"type":"Point","coordinates":[85.3407882565812,27.691339447113346]}},{"type":"Feature","properties":{},"geometry":{"type":"Point","coordinates":[85.34062619648216,27.691440053291164]}},{"type":"Feature","properties":{},"geometry":{"type":"Point","coordinates":[85.34061316378686,27.6914570465323]}},{"type":"Feature","properties":{},"geometry":{"type":"Point","coordinates":[85.3406169447369,27.691500626511544]}},{"type":"Feature","properties":{},"geometry":{"type":"Point","coordinates":[85.34061334664447,27.69151454499381]}},{"type":"Feature","properties":{},"geometry":{"type":"Point","coordinates":[85.340181847142,27.69153146156462]}},{"type":"Feature","properties":{},"geometry":{"type":"Point","coordinates":[85.34009991950214,27.691537020295385]}},{"type":"Feature","properties":{},"geometry":{"type":"Point","coordinates":[85.33996501339675,27.691529033739368]}},{"type":"Feature","properties":{},"geometry":{"type":"Point","coordinates":[85.33988514806231,27.691498878661726]}},{"type":"Feature","properties":{},"geometry":{"type":"Point","coordinates":[85.33986592128957,27.691496021721864]}},{"type":"Feature","properties":{},"geometry":{"type":"Point","coordinates":[85.33981018515999,27.69150417323773]}},{"type":"Feature","properties":{},"geometry":{"type":"Point","coordinates":[85.3398299021491,27.691527503264435]}},{"type":"Feature","properties":{},"geometry":{"type":"Point","coordinates":[85.34057457531834,27.6915897721136]}},{"type":"Feature","properties":{},"geometry":{"type":"Point","coordinates":[85.34056170974807,27.691736160128464]}},{"type":"Feature","properties":{},"geometry":{"type":"Point","coordinates":[85.34056194826142,27.6917285021128]}},{"type":"Feature","properties":{},"geometry":{"type":"Point","coordinates":[85.34048016025572,27.69178267155991]}},{"type":"Feature","properties":{},"geometry":{"type":"Point","coordinates":[85.34047875145991,27.691763594551876]}},{"type":"Feature","properties":{},"geometry":{"type":"Point","coordinates":[85.34048191215162,27.69175600495248]}},{"type":"Feature","properties":{},"geometry":{"type":"Point","coordinates":[85.34056678856936,27.69190597144686]}},{"type":"Feature","properties":{},"geometry":{"type":"Point","coordinates":[85.34045021685341,27.69194533189689]}},{"type":"Feature","properties":{},"geometry":{"type":"Point","coordinates":[85.34045455710067,27.691941809802945]}},{"type":"Feature","properties":{},"geometry":{"type":"Point","coordinates":[85.34048639152229,27.692031267941953]}},{"type":"Feature","properties":{},"geometry":{"type":"Point","coordinates":[85.34007209524802,27.692326605043768]}},{"type":"Feature","properties":{},"geometry":{"type":"Point","coordinates":[85.34004965336263,27.692327348677626]}},{"type":"Feature","properties":{},"geometry":{"type":"Point","coordinates":[85.34005006994315,27.692328498109156]}},{"type":"Feature","properties":{},"geometry":{"type":"Point","coordinates":[85.34005102531239,27.692330158526953]}},{"type":"Feature","properties":{},"geometry":{"type":"Point","coordinates":[85.33997796961248,27.69223858333518]}},{"type":"Feature","properties":{},"geometry":{"type":"Point","coordinates":[85.33995379355116,27.692108003615633]}},{"type":"Feature","properties":{},"geometry":{"type":"Point","coordinates":[85.3400266697908,27.692082360264703]}},{"type":"Feature","properties":{},"geometry":{"type":"Point","coordinates":[85.33989025027333,27.692140710286104]}},{"type":"Feature","properties":{},"geometry":{"type":"Point","coordinates":[85.3397985978414,27.692188318616175]}},{"type":"Feature","properties":{},"geometry":{"type":"Point","coordinates":[85.33979860873963,27.69215932151645]}},{"type":"Feature","properties":{},"geometry":{"type":"Point","coordinates":[85.33947464047718,27.692207432929216]}},{"type":"Feature","properties":{},"geometry":{"type":"Point","coordinates":[85.3394601012607,27.692188285100553]}},{"type":"Feature","properties":{},"geometry":{"type":"Point","coordinates":[85.33951706187858,27.69203439962323]}},{"type":"Feature","properties":{},"geometry":{"type":"Point","coordinates":[85.33956303178994,27.6920135287747]}},{"type":"Feature","properties":{},"geometry":{"type":"Point","coordinates":[85.3395934436911,27.691963980455274]}},{"type":"Feature","properties":{},"geometry":{"type":"Point","coordinates":[85.33956071814836,27.69198021847922]}},{"type":"Feature","properties":{},"geometry":{"type":"Point","coordinates":[85.34053958803075,27.69226363877948]}},{"type":"Feature","properties":{},"geometry":{"type":"Point","coordinates":[85.34053361211274,27.69231114706987]}},{"type":"Feature","properties":{},"geometry":{"type":"Point","coordinates":[85.34048895673504,27.69246190330641]}},{"type":"Feature","properties":{},"geometry":{"type":"Point","coordinates":[85.34053702660658,27.692595211616556]}},{"type":"Feature","properties":{},"geometry":{"type":"Point","coordinates":[85.34064533979722,27.692633251703416]}},{"type":"Feature","properties":{},"geometry":{"type":"Point","coordinates":[85.3406719583029,27.6927203936205]}},{"type":"Feature","properties":{},"geometry":{"type":"Point","coordinates":[85.34069378339268,27.692800595218973]}},{"type":"Feature","properties":{},"geometry":{"type":"Point","coordinates":[85.34061361213448,27.692881965385446]}},{"type":"Feature","properties":{},"geometry":{"type":"Point","coordinates":[85.34072544117541,27.692921403187317]}},{"type":"Feature","properties":{},"geometry":{"type":"Point","coordinates":[85.34069711313239,27.69308948288901]}},{"type":"Feature","properties":{},"geometry":{"type":"Point","coordinates":[85.34076556038379,27.69306253334831]}},{"type":"Feature","properties":{},"geometry":{"type":"Point","coordinates":[85.34083268334838,27.69303525020549]}},{"type":"Feature","properties":{},"geometry":{"type":"Point","coordinates":[85.34085437289185,27.692978463308144]}},{"type":"Feature","properties":{},"geometry":{"type":"Point","coordinates":[85.34094039192911,27.693008238513215]}},{"type":"Feature","properties":{},"geometry":{"type":"Point","coordinates":[85.34110254683556,27.693104017092]}},{"type":"Feature","properties":{},"geometry":{"type":"Point","coordinates":[85.34112087153053,27.69316078702151]}},{"type":"Feature","properties":{},"geometry":{"type":"Point","coordinates":[85.34111300643139,27.693159903059392]}},{"type":"Feature","properties":{},"geometry":{"type":"Point","coordinates":[85.34115093968424,27.692962076442303]}},{"type":"Feature","properties":{},"geometry":{"type":"Point","coordinates":[85.34116725847169,27.69299881543224]}},{"type":"Feature","properties":{},"geometry":{"type":"Point","coordinates":[85.34140694821491,27.692958761282522]}},{"type":"Feature","properties":{},"geometry":{"type":"Point","coordinates":[85.34140019697908,27.693092250216633]}},{"type":"Feature","properties":{},"geometry":{"type":"Point","coordinates":[85.3414254487897,27.693076141560248]}},{"type":"Feature","properties":{},"geometry":{"type":"Point","coordinates":[85.34140443336547,27.693110153470982]}},{"type":"Feature","properties":{},"geometry":{"type":"Point","coordinates":[85.34147374948785,27.69319065034798]}},{"type":"Feature","properties":{},"geometry":{"type":"Point","coordinates":[85.34141238679987,27.69291089180771]}},{"type":"Feature","properties":{},"geometry":{"type":"Point","coordinates":[85.34159614710873,27.69291573369285]}},{"type":"Feature","properties":{},"geometry":{"type":"Point","coordinates":[85.34173617334747,27.692815460958116]}},{"type":"Feature","properties":{},"geometry":{"type":"Point","coordinates":[85.34171991337725,27.692734032788707]}},{"type":"Feature","properties":{},"geometry":{"type":"Point","coordinates":[85.34179010700387,27.692711793308344]}},{"type":"Feature","properties":{},"geometry":{"type":"Point","coordinates":[85.34177725002158,27.693003415084778]}},{"type":"Feature","properties":{},"geometry":{"type":"Point","coordinates":[85.34189319193513,27.69304911349054]}},{"type":"Feature","properties":{},"geometry":{"type":"Point","coordinates":[85.34191201793176,27.693048521214312]}},{"type":"Feature","properties":{},"geometry":{"type":"Point","coordinates":[85.34190202322942,27.693012367074328]}},{"type":"Feature","properties":{},"geometry":{"type":"Point","coordinates":[85.34193196881814,27.69300342033451]}},{"type":"Feature","properties":{},"geometry":{"type":"Point","coordinates":[85.34205835822021,27.692783644706495]}},{"type":"Feature","properties":{},"geometry":{"type":"Point","coordinates":[85.34202958979563,27.692778508584325]}},{"type":"Feature","properties":{},"geometry":{"type":"Point","coordinates":[85.34202644127441,27.69269807320149]}},{"type":"Feature","properties":{},"geometry":{"type":"Point","coordinates":[85.3420148033728,27.69265538205178]}},{"type":"Feature","properties":{},"geometry":{"type":"Point","coordinates":[85.34200434463355,27.692664560343918]}},{"type":"Feature","properties":{},"geometry":{"type":"Point","coordinates":[85.34218157834219,27.69298849970125]}},{"type":"Feature","properties":{},"geometry":{"type":"Point","coordinates":[85.34225464645698,27.6931560418933]}},{"type":"Feature","properties":{},"geometry":{"type":"Point","coordinates":[85.34224207144645,27.693158516870064]}},{"type":"Feature","properties":{},"geometry":{"type":"Point","coordinates":[85.34223007372272,27.692970731397995]}},{"type":"Feature","properties":{},"geometry":{"type":"Point","coordinates":[85.34220907161688,27.692934227073312]}},{"type":"Feature","properties":{},"geometry":{"type":"Point","coordinates":[85.3422020036178,27.692935415052027]}},{"type":"Feature","properties":{},"geometry":{"type":"Point","coordinates":[85.3423306987439,27.69293323006488]}},{"type":"Feature","properties":{},"geometry":{"type":"Point","coordinates":[85.34243381373294,27.692857289813595]}},{"type":"Feature","properties":{},"geometry":{"type":"Point","coordinates":[85.34242464973768,27.692858286643048]}},{"type":"Feature","properties":{},"geometry":{"type":"Point","coordinates":[85.34249151997645,27.693022060374016]}},{"type":"Feature","properties":{},"geometry":{"type":"Point","coordinates":[85.3425537382873,27.69308945965055]}},{"type":"Feature","properties":{},"geometry":{"type":"Point","coordinates":[85.34257581136343,27.693157973182593]}},{"type":"Feature","properties":{},"geometry":{"type":"Point","coordinates":[85.34253209194333,27.69255544010765]}},{"type":"Feature","properties":{},"geometry":{"type":"Point","coordinates":[85.34253234801868,27.692622788134763]}},{"type":"Feature","properties":{},"geometry":{"type":"Point","coordinates":[85.34229945473326,27.692582055009968]}},{"type":"Feature","properties":{},"geometry":{"type":"Point","coordinates":[85.3422675211841,27.69260299644135]}},{"type":"Feature","properties":{},"geometry":{"type":"Point","coordinates":[85.34220429498208,27.69258642493315]}},{"type":"Feature","properties":{},"geometry":{"type":"Point","coordinates":[85.34264975320308,27.69255295846746]}},{"type":"Feature","properties":{},"geometry":{"type":"Point","coordinates":[85.34272308542957,27.692476570340517]}},{"type":"Feature","properties":{},"geometry":{"type":"Point","coordinates":[85.34270947120855,27.692459981815787]}},{"type":"Feature","properties":{},"geometry":{"type":"Point","coordinates":[85.34264580678285,27.692443893546255]}},{"type":"Feature","properties":{},"geometry":{"type":"Point","coordinates":[85.34270738484864,27.692793763712324]}},{"type":"Feature","properties":{},"geometry":{"type":"Point","coordinates":[85.34276767309065,27.69300222792544]}},{"type":"Feature","properties":{},"geometry":{"type":"Point","coordinates":[85.3427639933237,27.692995388555584]}},{"type":"Feature","properties":{},"geometry":{"type":"Point","coordinates":[85.34273201194345,27.69302875678425]}},{"type":"Feature","properties":{},"geometry":{"type":"Point","coordinates":[85.34273459811052,27.69303455866716]}},{"type":"Feature","properties":{},"geometry":{"type":"Point","coordinates":[85.34178656723992,27.690831180786244]}},{"type":"Feature","properties":{},"geometry":{"type":"Point","coordinates":[85.34254228534276,27.69222373817197]}},{"type":"Feature","properties":{},"geometry":{"type":"Point","coordinates":[85.33989177192588,27.691286129675643]}},{"type":"Feature","properties":{},"geometry":{"type":"Point","coordinates":[85.33946278845139,27.691435256726102]}},{"type":"Feature","properties":{},"geometry":{"type":"Point","coordinates":[85.33957018523748,27.691548690434864]}},{"type":"Feature","properties":{},"geometry":{"type":"Point","coordinates":[85.34019913674523,27.691528389833824]}},{"type":"Feature","properties":{},"geometry":{"type":"Point","coordinates":[85.34013245808258,27.691497873089656]}},{"type":"Feature","properties":{},"geometry":{"type":"Point","coordinates":[85.3404856119888,27.691563146538986]}},{"type":"Feature","properties":{},"geometry":{"type":"Point","coordinates":[85.3405539369467,27.691924530071926]}},{"type":"Feature","properties":{},"geometry":{"type":"Point","coordinates":[85.34030711852454,27.692288703564614]}},{"type":"Feature","properties":{},"geometry":{"type":"Point","coordinates":[85.3401471482434,27.692277324585532]}},{"type":"Feature","properties":{},"geometry":{"type":"Point","coordinates":[85.33998994451368,27.692278715420844]}},{"type":"Feature","properties":{},"geometry":{"type":"Point","coordinates":[85.34092487137198,27.69294882518766]}},{"type":"Feature","properties":{},"geometry":{"type":"Point","coordinates":[85.34175611627786,27.69289378692992]}},{"type":"Feature","properties":{},"geometry":{"type":"Point","coordinates":[85.34286333138634,27.692907681304646]}},{"type":"Feature","properties":{},"geometry":{"type":"Point","coordinates":[85.3431256733244,27.692507145296545]}},{"type":"Feature","properties":{},"geometry":{"type":"Point","coordinates":[85.34380539537206,27.692532021231607]}},{"type":"Feature","properties":{},"geometry":{"type":"Point","coordinates":[85.34396935656659,27.692488781435923]}},{"type":"Feature","properties":{},"geometry":{"type":"Point","coordinates":[85.34411742486955,27.69245481647275]}},{"type":"Feature","properties":{},"geometry":{"type":"Point","coordinates":[85.34112424858218,27.693506768092494]}},{"type":"Feature","properties":{},"geometry":{"type":"Point","coordinates":[85.34122785665927,27.69335062477058]}},{"type":"Feature","properties":{},"geometry":{"type":"Point","coordinates":[85.34122313026658,27.693296728127237]}},{"type":"Feature","properties":{},"geometry":{"type":"Point","coordinates":[85.34085404152194,27.694842184980164]}},{"type":"Feature","properties":{},"geometry":{"type":"Point","coordinates":[85.34353683989298,27.693038620123286]}},{"type":"Feature","properties":{},"geometry":{"type":"Point","coordinates":[85.34337345200755,27.693758425237604]}},{"type":"Feature","properties":{},"geometry":{"type":"Point","coordinates":[85.34393358999716,27.6944430233439]}},{"type":"Feature","properties":{},"geometry":{"type":"Point","coordinates":[85.34016054022479,27.6931213300044]}},{"type":"Feature","properties":{},"geometry":{"type":"Point","coordinates":[85.33951329834895,27.69355990206971]}},{"type":"Feature","properties":{},"geometry":{"type":"Point","coordinates":[85.33924196212295,27.693642611537243]}},{"type":"Feature","properties":{},"geometry":{"type":"Point","coordinates":[85.34283461540699,27.692773605313025]}},{"type":"Feature","properties":{},"geometry":{"type":"Point","coordinates":[85.34286467292705,27.69269547984685]}},{"type":"Feature","properties":{},"geometry":{"type":"Point","coordinates":[85.34286487858752,27.692694081544357]}},{"type":"Feature","properties":{},"geometry":{"type":"Point","coordinates":[85.34284285956942,27.692652592969576]}},{"type":"Feature","properties":{},"geometry":{"type":"Point","coordinates":[85.34298061009265,27.69274432359345]}},{"type":"Feature","properties":{},"geometry":{"type":"Point","coordinates":[85.34308864545926,27.692718988349853]}},{"type":"Feature","properties":{},"geometry":{"type":"Point","coordinates":[85.34310472128129,27.692760711738035]}},{"type":"Feature","properties":{},"geometry":{"type":"Point","coordinates":[85.34314007717424,27.69275189987003]}},{"type":"Feature","properties":{},"geometry":{"type":"Point","coordinates":[85.34313313170033,27.692526969789]}},{"type":"Feature","properties":{},"geometry":{"type":"Point","coordinates":[85.34311184463311,27.692521203173982]}},{"type":"Feature","properties":{},"geometry":{"type":"Point","coordinates":[85.3433106614267,27.69271018150369]}},{"type":"Feature","properties":{},"geometry":{"type":"Point","coordinates":[85.34337576968437,27.692713799912667]}},{"type":"Feature","properties":{},"geometry":{"type":"Point","coordinates":[85.3434894796868,27.692790833144212]}},{"type":"Feature","properties":{},"geometry":{"type":"Point","coordinates":[85.3433306996034,27.692880512079345]}},{"type":"Feature","properties":{},"geometry":{"type":"Point","coordinates":[85.34365560475895,27.692604766959175]}},{"type":"Feature","properties":{},"geometry":{"type":"Point","coordinates":[85.34362762957892,27.69257569679715]}},{"type":"Feature","properties":{},"geometry":{"type":"Point","coordinates":[85.34366512469265,27.6926004745667]}},{"type":"Feature","properties":{},"geometry":{"type":"Point","coordinates":[85.34370639177213,27.69252920520661]}},{"type":"Feature","properties":{},"geometry":{"type":"Point","coordinates":[85.34384946117024,27.692510637883927]}},{"type":"Feature","properties":{},"geometry":{"type":"Point","coordinates":[85.34395872649607,27.69244846175559]}},{"type":"Feature","properties":{},"geometry":{"type":"Point","coordinates":[85.34060934475312,27.69303699998782]}},{"type":"Feature","properties":{},"geometry":{"type":"Point","coordinates":[85.34060767503432,27.69317615189713]}},{"type":"Feature","properties":{},"geometry":{"type":"Point","coordinates":[85.34060475704337,27.693166821530628]}},{"type":"Feature","properties":{},"geometry":{"type":"Point","coordinates":[85.34054815866814,27.69324546503271]}},{"type":"Feature","properties":{},"geometry":{"type":"Point","coordinates":[85.34054630284248,27.693240053645532]}},{"type":"Feature","properties":{},"geometry":{"type":"Point","coordinates":[85.34061631960938,27.693472218069875]}},{"type":"Feature","properties":{},"geometry":{"type":"Point","coordinates":[85.34071611462824,27.69346800499622]}},{"type":"Feature","properties":{},"geometry":{"type":"Point","coordinates":[85.34070962649508,27.693479119809332]}},{"type":"Feature","properties":{},"geometry":{"type":"Point","coordinates":[85.34080955205859,27.6935637582912]}},{"type":"Feature","properties":{},"geometry":{"type":"Point","coordinates":[85.34127806503552,27.693444711832132]}},{"type":"Feature","properties":{},"geometry":{"type":"Point","coordinates":[85.34126287213577,27.693436308469646]}},{"type":"Feature","properties":{},"geometry":{"type":"Point","coordinates":[85.34123792332717,27.69332030855563]}},{"type":"Feature","properties":{},"geometry":{"type":"Point","coordinates":[85.34068232189763,27.693680145021787]}},{"type":"Feature","properties":{},"geometry":{"type":"Point","coordinates":[85.34059099470672,27.693759008641436]}},{"type":"Feature","properties":{},"geometry":{"type":"Point","coordinates":[85.34048280024936,27.693795429644695]}},{"type":"Feature","properties":{},"geometry":{"type":"Point","coordinates":[85.34042332953302,27.693798756687684]}},{"type":"Feature","properties":{},"geometry":{"type":"Point","coordinates":[85.34043906958631,27.693961820092884]}},{"type":"Feature","properties":{},"geometry":{"type":"Point","coordinates":[85.34047232334298,27.694118488520573]}},{"type":"Feature","properties":{},"geometry":{"type":"Point","coordinates":[85.34048180198769,27.69413805665977]}},{"type":"Feature","properties":{},"geometry":{"type":"Point","coordinates":[85.34078156017232,27.693704510000984]}},{"type":"Feature","properties":{},"geometry":{"type":"Point","coordinates":[85.34072620790627,27.69380104537075]}},{"type":"Feature","properties":{},"geometry":{"type":"Point","coordinates":[85.34082887990438,27.693853011835223]}},{"type":"Feature","properties":{},"geometry":{"type":"Point","coordinates":[85.34083604835104,27.69388796156205]}},{"type":"Feature","properties":{},"geometry":{"type":"Point","coordinates":[85.3408854382579,27.694086713470398]}},{"type":"Feature","properties":{},"geometry":{"type":"Point","coordinates":[85.34081156158696,27.69412137348332]}},{"type":"Feature","properties":{},"geometry":{"type":"Point","coordinates":[85.34088450955085,27.69413772999752]}},{"type":"Feature","properties":{},"geometry":{"type":"Point","coordinates":[85.34090329013902,27.694202305278214]}},{"type":"Feature","properties":{},"geometry":{"type":"Point","coordinates":[85.34083820462614,27.69426786485572]}},{"type":"Feature","properties":{},"geometry":{"type":"Point","coordinates":[85.34085844649925,27.69442689540837]}},{"type":"Feature","properties":{},"geometry":{"type":"Point","coordinates":[85.3410762748941,27.694397994573205]}},{"type":"Feature","properties":{},"geometry":{"type":"Point","coordinates":[85.34113657366329,27.69440376498947]}},{"type":"Feature","properties":{},"geometry":{"type":"Point","coordinates":[85.34114479666228,27.694399426554526]}},{"type":"Feature","properties":{},"geometry":{"type":"Point","coordinates":[85.34087131360745,27.69452264803034]}},{"type":"Feature","properties":{},"geometry":{"type":"Point","coordinates":[85.34095014128377,27.69457712661749]}},{"type":"Feature","properties":{},"geometry":{"type":"Point","coordinates":[85.34087697116577,27.69459481538538]}},{"type":"Feature","properties":{},"geometry":{"type":"Point","coordinates":[85.34091560215239,27.6947340945787]}},{"type":"Feature","properties":{},"geometry":{"type":"Point","coordinates":[85.34077203290619,27.69482068812497]}},{"type":"Feature","properties":{},"geometry":{"type":"Point","coordinates":[85.34073514137376,27.69488116295455]}},{"type":"Feature","properties":{},"geometry":{"type":"Point","coordinates":[85.34073472192892,27.694883419726235]}},{"type":"Feature","properties":{},"geometry":{"type":"Point","coordinates":[85.34079120624928,27.694950473076876]}},{"type":"Feature","properties":{},"geometry":{"type":"Point","coordinates":[85.341256480353,27.69416545986544]}},{"type":"Feature","properties":{},"geometry":{"type":"Point","coordinates":[85.34123556991099,27.694138258214966]}},{"type":"Feature","properties":{},"geometry":{"type":"Point","coordinates":[85.341263142866,27.694080309759332]}},{"type":"Feature","properties":{},"geometry":{"type":"Point","coordinates":[85.34117775685054,27.693930686834882]}},{"type":"Feature","properties":{},"geometry":{"type":"Point","coordinates":[85.3410352717489,27.693956869550654]}},{"type":"Feature","properties":{},"geometry":{"type":"Point","coordinates":[85.34107103814789,27.69401327984901]}},{"type":"Feature","properties":{},"geometry":{"type":"Point","coordinates":[85.34095605456014,27.693972225027267]}},{"type":"Feature","properties":{},"geometry":{"type":"Point","coordinates":[85.34090541500468,27.693992206403582]}},{"type":"Feature","properties":{},"geometry":{"type":"Point","coordinates":[85.34131053147541,27.6939036096445]}},{"type":"Feature","properties":{},"geometry":{"type":"Point","coordinates":[85.34137448152538,27.693803063180543]}},{"type":"Feature","properties":{},"geometry":{"type":"Point","coordinates":[85.34136596648068,27.6937575762796]}},{"type":"Feature","properties":{},"geometry":{"type":"Point","coordinates":[85.34133512998362,27.693759104959565]}},{"type":"Feature","properties":{},"geometry":{"type":"Point","coordinates":[85.34160027207207,27.69384641510185]}},{"type":"Feature","properties":{},"geometry":{"type":"Point","coordinates":[85.3416062117945,27.693710390198138]}},{"type":"Feature","properties":{},"geometry":{"type":"Point","coordinates":[85.34163762158265,27.69372037136822]}},{"type":"Feature","properties":{},"geometry":{"type":"Point","coordinates":[85.3416060966964,27.69355500791075]}},{"type":"Feature","properties":{},"geometry":{"type":"Point","coordinates":[85.34156353316385,27.693535179861506]}},{"type":"Feature","properties":{},"geometry":{"type":"Point","coordinates":[85.34155782156735,27.69351304130981]}},{"type":"Feature","properties":{},"geometry":{"type":"Point","coordinates":[85.3415315570071,27.693417318694085]}},{"type":"Feature","properties":{},"geometry":{"type":"Point","coordinates":[85.3415417169615,27.69336197846992]}},{"type":"Feature","properties":{},"geometry":{"type":"Point","coordinates":[85.3415609404366,27.693524784785144]}},{"type":"Feature","properties":{},"geometry":{"type":"Point","coordinates":[85.34156046853543,27.693522866622054]}},{"type":"Feature","properties":{},"geometry":{"type":"Point","coordinates":[85.3416548415025,27.69392665314189]}},{"type":"Feature","properties":{},"geometry":{"type":"Point","coordinates":[85.34162514838142,27.69393491147975]}},{"type":"Feature","properties":{},"geometry":{"type":"Point","coordinates":[85.34162460715059,27.694064220154576]}},{"type":"Feature","properties":{},"geometry":{"type":"Point","coordinates":[85.34181972640057,27.693812359990535]}},{"type":"Feature","properties":{},"geometry":{"type":"Point","coordinates":[85.34196564526185,27.693799071740546]}},{"type":"Feature","properties":{},"geometry":{"type":"Point","coordinates":[85.34227091134015,27.69369737354108]}},{"type":"Feature","properties":{},"geometry":{"type":"Point","coordinates":[85.3422754881927,27.693642964635767]}},{"type":"Feature","properties":{},"geometry":{"type":"Point","coordinates":[85.34217949875149,27.69344176346208]}},{"type":"Feature","properties":{},"geometry":{"type":"Point","coordinates":[85.3421710436407,27.69339490633731]}},{"type":"Feature","properties":{},"geometry":{"type":"Point","coordinates":[85.34215938296151,27.693362706211218]}},{"type":"Feature","properties":{},"geometry":{"type":"Point","coordinates":[85.34201997451666,27.693314859646136]}},{"type":"Feature","properties":{},"geometry":{"type":"Point","coordinates":[85.34200457214314,27.693289518338275]}},{"type":"Feature","properties":{},"geometry":{"type":"Point","coordinates":[85.34187012174142,27.69332267290831]}},{"type":"Feature","properties":{},"geometry":{"type":"Point","coordinates":[85.34184158201572,27.693330573258915]}},{"type":"Feature","properties":{},"geometry":{"type":"Point","coordinates":[85.3417964030256,27.69336135985504]}},{"type":"Feature","properties":{},"geometry":{"type":"Point","coordinates":[85.34176784139657,27.69336192036164]}},{"type":"Feature","properties":{},"geometry":{"type":"Point","coordinates":[85.34177143624693,27.693325134712868]}},{"type":"Feature","properties":{},"geometry":{"type":"Point","coordinates":[85.3423373952093,27.693506038366046]}},{"type":"Feature","properties":{},"geometry":{"type":"Point","coordinates":[85.34237391343382,27.69346971002235]}},{"type":"Feature","properties":{},"geometry":{"type":"Point","coordinates":[85.34247904190761,27.6934642869231]}},{"type":"Feature","properties":{},"geometry":{"type":"Point","coordinates":[85.34250125371143,27.693431606892183]}},{"type":"Feature","properties":{},"geometry":{"type":"Point","coordinates":[85.34255119142777,27.693447240310263]}},{"type":"Feature","properties":{},"geometry":{"type":"Point","coordinates":[85.34253581151644,27.69336261688476]}},{"type":"Feature","properties":{},"geometry":{"type":"Point","coordinates":[85.34252053143592,27.69332984366124]}},{"type":"Feature","properties":{},"geometry":{"type":"Point","coordinates":[85.34248655716732,27.693325110128296]}},{"type":"Feature","properties":{},"geometry":{"type":"Point","coordinates":[85.34204156468049,27.69393897859103]}},{"type":"Feature","properties":{},"geometry":{"type":"Point","coordinates":[85.34197465540566,27.693916478206713]}},{"type":"Feature","properties":{},"geometry":{"type":"Point","coordinates":[85.34201515191887,27.694076916383413]}},{"type":"Feature","properties":{},"geometry":{"type":"Point","coordinates":[85.34204233295802,27.69413041670139]}},{"type":"Feature","properties":{},"geometry":{"type":"Point","coordinates":[85.34204733659017,27.694172034695203]}},{"type":"Feature","properties":{},"geometry":{"type":"Point","coordinates":[85.34210481716416,27.69428423977401]}},{"type":"Feature","properties":{},"geometry":{"type":"Point","coordinates":[85.34180922534495,27.694348858267922]}},{"type":"Feature","properties":{},"geometry":{"type":"Point","coordinates":[85.34176315515866,27.694380414871386]}},{"type":"Feature","properties":{},"geometry":{"type":"Point","coordinates":[85.34179035517748,27.6943771114535]}},{"type":"Feature","properties":{},"geometry":{"type":"Point","coordinates":[85.34211776157854,27.69411763535237]}},{"type":"Feature","properties":{},"geometry":{"type":"Point","coordinates":[85.34226016121391,27.694018464593395]}},{"type":"Feature","properties":{},"geometry":{"type":"Point","coordinates":[85.3423752017258,27.694040020259457]}},{"type":"Feature","properties":{},"geometry":{"type":"Point","coordinates":[85.34238320549943,27.694036294665377]}},{"type":"Feature","properties":{},"geometry":{"type":"Point","coordinates":[85.3424797737912,27.69400575843778]}},{"type":"Feature","properties":{},"geometry":{"type":"Point","coordinates":[85.3424672602722,27.693955233505974]}},{"type":"Feature","properties":{},"geometry":{"type":"Point","coordinates":[85.34247253952611,27.69384177981355]}},{"type":"Feature","properties":{},"geometry":{"type":"Point","coordinates":[85.34248883624286,27.693804381730516]}},{"type":"Feature","properties":{},"geometry":{"type":"Point","coordinates":[85.34247269547224,27.6937550182867]}},{"type":"Feature","properties":{},"geometry":{"type":"Point","coordinates":[85.34246087340031,27.693725304592196]}},{"type":"Feature","properties":{},"geometry":{"type":"Point","coordinates":[85.34254768619836,27.693926906585098]}},{"type":"Feature","properties":{},"geometry":{"type":"Point","coordinates":[85.34269041824435,27.693918183352164]}},{"type":"Feature","properties":{},"geometry":{"type":"Point","coordinates":[85.34275441684099,27.693794540439583]}},{"type":"Feature","properties":{},"geometry":{"type":"Point","coordinates":[85.34291128861346,27.693771307072225]}},{"type":"Feature","properties":{},"geometry":{"type":"Point","coordinates":[85.3429217612014,27.693843246810026]}},{"type":"Feature","properties":{},"geometry":{"type":"Point","coordinates":[85.34305134657748,27.693720626925575]}},{"type":"Feature","properties":{},"geometry":{"type":"Point","coordinates":[85.34305469628984,27.693788394654955]}},{"type":"Feature","properties":{},"geometry":{"type":"Point","coordinates":[85.34292056293216,27.69352161191024]}},{"type":"Feature","properties":{},"geometry":{"type":"Point","coordinates":[85.34290118526607,27.69347138664281]}},{"type":"Feature","properties":{},"geometry":{"type":"Point","coordinates":[85.34288962513301,27.693365050192657]}},{"type":"Feature","properties":{},"geometry":{"type":"Point","coordinates":[85.34285334709467,27.693377166935807]}},{"type":"Feature","properties":{},"geometry":{"type":"Point","coordinates":[85.34283194828662,27.69331568879749]}},{"type":"Feature","properties":{},"geometry":{"type":"Point","coordinates":[85.34282164868672,27.69328922629972]}},{"type":"Feature","properties":{},"geometry":{"type":"Point","coordinates":[85.34312970853448,27.69374676484419]}},{"type":"Feature","properties":{},"geometry":{"type":"Point","coordinates":[85.34324004341924,27.693546126899825]}},{"type":"Feature","properties":{},"geometry":{"type":"Point","coordinates":[85.3431335816801,27.693473389696347]}},{"type":"Feature","properties":{},"geometry":{"type":"Point","coordinates":[85.34316466043752,27.693455075104637]}},{"type":"Feature","properties":{},"geometry":{"type":"Point","coordinates":[85.34311171178715,27.693337886606884]}},{"type":"Feature","properties":{},"geometry":{"type":"Point","coordinates":[85.34310025548852,27.693330471323613]}},{"type":"Feature","properties":{},"geometry":{"type":"Point","coordinates":[85.34311341827289,27.693428389866252]}},{"type":"Feature","properties":{},"geometry":{"type":"Point","coordinates":[85.3432994352567,27.69363966520342]}},{"type":"Feature","properties":{},"geometry":{"type":"Point","coordinates":[85.34346133323007,27.69364488478565]}},{"type":"Feature","properties":{},"geometry":{"type":"Point","coordinates":[85.34351230125272,27.69374822955927]}},{"type":"Feature","properties":{},"geometry":{"type":"Point","coordinates":[85.34353425845406,27.693801565123522]}},{"type":"Feature","properties":{},"geometry":{"type":"Point","coordinates":[85.34344761502851,27.693568820384407]}},{"type":"Feature","properties":{},"geometry":{"type":"Point","coordinates":[85.34336834126756,27.693398668342372]}},{"type":"Feature","properties":{},"geometry":{"type":"Point","coordinates":[85.34325546638792,27.693208554975254]}},{"type":"Feature","properties":{},"geometry":{"type":"Point","coordinates":[85.34329468823157,27.693189698774674]}},{"type":"Feature","properties":{},"geometry":{"type":"Point","coordinates":[85.343347023546,27.693107123000214]}},{"type":"Feature","properties":{},"geometry":{"type":"Point","coordinates":[85.34345206949929,27.693066781954133]}},{"type":"Feature","properties":{},"geometry":{"type":"Point","coordinates":[85.34335741797057,27.69385298171028]}},{"type":"Feature","properties":{},"geometry":{"type":"Point","coordinates":[85.3434492317205,27.693925968611293]}},{"type":"Feature","properties":{},"geometry":{"type":"Point","coordinates":[85.34358398347338,27.693913238212037]}},{"type":"Feature","properties":{},"geometry":{"type":"Point","coordinates":[85.34339457454408,27.693946132096436]}},{"type":"Feature","properties":{},"geometry":{"type":"Point","coordinates":[85.34347280308184,27.69404431189483]}},{"type":"Feature","properties":{},"geometry":{"type":"Point","coordinates":[85.34315780827164,27.694104433007613]}},{"type":"Feature","properties":{},"geometry":{"type":"Point","coordinates":[85.3431260849723,27.694143524790686]}},{"type":"Feature","properties":{},"geometry":{"type":"Point","coordinates":[85.34310182480995,27.69411700175692]}},{"type":"Feature","properties":{},"geometry":{"type":"Point","coordinates":[85.34304457530298,27.69413719635345]}},{"type":"Feature","properties":{},"geometry":{"type":"Point","coordinates":[85.3430016582937,27.694185045209977]}},{"type":"Feature","properties":{},"geometry":{"type":"Point","coordinates":[85.3434211229337,27.694151428755386]}},{"type":"Feature","properties":{},"geometry":{"type":"Point","coordinates":[85.34342327677327,27.694170756542864]}},{"type":"Feature","properties":{},"geometry":{"type":"Point","coordinates":[85.3434821666389,27.694167631559658]}},{"type":"Feature","properties":{},"geometry":{"type":"Point","coordinates":[85.34349651983258,27.694247848079137]}},{"type":"Feature","properties":{},"geometry":{"type":"Point","coordinates":[85.34350742185863,27.694309774570442]}},{"type":"Feature","properties":{},"geometry":{"type":"Point","coordinates":[85.34345776632271,27.69439145371086]}},{"type":"Feature","properties":{},"geometry":{"type":"Point","coordinates":[85.34344918679281,27.694381737963766]}},{"type":"Feature","properties":{},"geometry":{"type":"Point","coordinates":[85.34347861687047,27.69441702160685]}},{"type":"Feature","properties":{},"geometry":{"type":"Point","coordinates":[85.34356645629845,27.694455496871573]}},{"type":"Feature","properties":{},"geometry":{"type":"Point","coordinates":[85.34355727823862,27.69452638377063]}},{"type":"Feature","properties":{},"geometry":{"type":"Point","coordinates":[85.34385358004738,27.69452022663596]}},{"type":"Feature","properties":{},"geometry":{"type":"Point","coordinates":[85.3439773114278,27.694480439969936]}},{"type":"Feature","properties":{},"geometry":{"type":"Point","coordinates":[85.34362921319784,27.694625864593462]}},{"type":"Feature","properties":{},"geometry":{"type":"Point","coordinates":[85.34370990956654,27.694744248581536]}},{"type":"Feature","properties":{},"geometry":{"type":"Point","coordinates":[85.3437124135215,27.694758658023908]}},{"type":"Feature","properties":{},"geometry":{"type":"Point","coordinates":[85.34365551133875,27.694792366446553]}},{"type":"Feature","properties":{},"geometry":{"type":"Point","coordinates":[85.34395167643355,27.69485475827077]}},{"type":"Feature","properties":{},"geometry":{"type":"Point","coordinates":[85.3437360899014,27.695001505322836]}},{"type":"Feature","properties":{},"geometry":{"type":"Point","coordinates":[85.34367161329841,27.694882892982434]}},{"type":"Feature","properties":{},"geometry":{"type":"Point","coordinates":[85.3397681799351,27.693233012096712]}},{"type":"Feature","properties":{},"geometry":{"type":"Point","coordinates":[85.33981993286838,27.69316195816767]}},{"type":"Feature","properties":{},"geometry":{"type":"Point","coordinates":[85.33988910515916,27.693147015401284]}},{"type":"Feature","properties":{},"geometry":{"type":"Point","coordinates":[85.34004100460993,27.693041918240702]}},{"type":"Feature","properties":{},"geometry":{"type":"Point","coordinates":[85.34001485785552,27.692965778583073]}},{"type":"Feature","properties":{},"geometry":{"type":"Point","coordinates":[85.34002715514623,27.692868539613773]}},{"type":"Feature","properties":{},"geometry":{"type":"Point","coordinates":[85.33997166522136,27.69283021804851]}},{"type":"Feature","properties":{},"geometry":{"type":"Point","coordinates":[85.33995662495936,27.69269185503347]}},{"type":"Feature","properties":{},"geometry":{"type":"Point","coordinates":[85.33996327802194,27.692688940123656]}},{"type":"Feature","properties":{},"geometry":{"type":"Point","coordinates":[85.34008109986961,27.693046856616878]}},{"type":"Feature","properties":{},"geometry":{"type":"Point","coordinates":[85.34016108682883,27.693232978778873]}},{"type":"Feature","properties":{},"geometry":{"type":"Point","coordinates":[85.34020434292206,27.693287161310458]}},{"type":"Feature","properties":{},"geometry":{"type":"Point","coordinates":[85.34021603203342,27.693341101723185]}},{"type":"Feature","properties":{},"geometry":{"type":"Point","coordinates":[85.34028965542268,27.693297891799006]}},{"type":"Feature","properties":{},"geometry":{"type":"Point","coordinates":[85.34031401305718,27.693189761844025]}},{"type":"Feature","properties":{},"geometry":{"type":"Point","coordinates":[85.34037026638478,27.693168053684097]}},{"type":"Feature","properties":{},"geometry":{"type":"Point","coordinates":[85.34040891651797,27.693086409858093]}},{"type":"Feature","properties":{},"geometry":{"type":"Point","coordinates":[85.34038575357036,27.693083063553253]}},{"type":"Feature","properties":{},"geometry":{"type":"Point","coordinates":[85.34052172455544,27.693070920238863]}},{"type":"Feature","properties":{},"geometry":{"type":"Point","coordinates":[85.33961386161795,27.693222743580172]}},{"type":"Feature","properties":{},"geometry":{"type":"Point","coordinates":[85.33958231024828,27.693194001599704]}},{"type":"Feature","properties":{},"geometry":{"type":"Point","coordinates":[85.33957960191111,27.69319407201342]}},{"type":"Feature","properties":{},"geometry":{"type":"Point","coordinates":[85.33947947472792,27.69313134876236]}},{"type":"Feature","properties":{},"geometry":{"type":"Point","coordinates":[85.3392893914383,27.69321571508023]}},{"type":"Feature","properties":{},"geometry":{"type":"Point","coordinates":[85.33927600651037,27.69321750044868]}},{"type":"Feature","properties":{},"geometry":{"type":"Point","coordinates":[85.33918862872677,27.693404630203265]}},{"type":"Feature","properties":{},"geometry":{"type":"Point","coordinates":[85.33916064131057,27.69342017311877]}},{"type":"Feature","properties":{},"geometry":{"type":"Point","coordinates":[85.33917703967536,27.69347854024989]}},{"type":"Feature","properties":{},"geometry":{"type":"Point","coordinates":[85.33922195533079,27.693591658024832]}},{"type":"Feature","properties":{},"geometry":{"type":"Point","coordinates":[85.33926901305699,27.69362979030529]}},{"type":"Feature","properties":{},"geometry":{"type":"Point","coordinates":[85.33967101363258,27.693482152053353]}},{"type":"Feature","properties":{},"geometry":{"type":"Point","coordinates":[85.33971074301738,27.693465983560888]}},{"type":"Feature","properties":{},"geometry":{"type":"Point","coordinates":[85.33970988712724,27.69350170176345]}},{"type":"Feature","properties":{},"geometry":{"type":"Point","coordinates":[85.33898321547656,27.69317812822393]}},{"type":"Feature","properties":{},"geometry":{"type":"Point","coordinates":[85.3388338020596,27.693222758597603]}},{"type":"Feature","properties":{},"geometry":{"type":"Point","coordinates":[85.33878377674048,27.693154563543253]}},{"type":"Feature","properties":{},"geometry":{"type":"Point","coordinates":[85.33878944879284,27.69315248983485]}},{"type":"Feature","properties":{},"geometry":{"type":"Point","coordinates":[85.33864895029522,27.693218464932798]}},{"type":"Feature","properties":{},"geometry":{"type":"Point","coordinates":[85.33863901849574,27.69322061207732]}},{"type":"Feature","properties":{},"geometry":{"type":"Point","coordinates":[85.34297772295454,27.690696148248684]}},{"type":"Feature","properties":{},"geometry":{"type":"Point","coordinates":[85.34302522215401,27.69075581678744]}},{"type":"Feature","properties":{},"geometry":{"type":"Point","coordinates":[85.34323621522589,27.690988641639574]}},{"type":"Feature","properties":{},"geometry":{"type":"Point","coordinates":[85.34326953799179,27.691031037983766]}},{"type":"Feature","properties":{},"geometry":{"type":"Point","coordinates":[85.34330070338999,27.691098933647122]}},{"type":"Feature","properties":{},"geometry":{"type":"Point","coordinates":[85.34330150616664,27.69110015989481]}},{"type":"Feature","properties":{},"geometry":{"type":"Point","coordinates":[85.34330253972855,27.691101277889462]}},{"type":"Feature","properties":{},"geometry":{"type":"Point","coordinates":[85.34337289202334,27.691205769812047]}},{"type":"Feature","properties":{},"geometry":{"type":"Point","coordinates":[85.3433720232085,27.69120381351082]}},{"type":"Feature","properties":{},"geometry":{"type":"Point","coordinates":[85.34350371180115,27.691399794608795]}},{"type":"Feature","properties":{},"geometry":{"type":"Point","coordinates":[85.34350333992299,27.69139856990671]}},{"type":"Feature","properties":{},"geometry":{"type":"Point","coordinates":[85.34355279195424,27.691459017076664]}},{"type":"Feature","properties":{},"geometry":{"type":"Point","coordinates":[85.34362702490006,27.691553580271655]}},{"type":"Feature","properties":{},"geometry":{"type":"Point","coordinates":[85.34364156811809,27.691574656490765]}},{"type":"Feature","properties":{},"geometry":{"type":"Point","coordinates":[85.3437023678947,27.69169948136109]}},{"type":"Feature","properties":{},"geometry":{"type":"Point","coordinates":[85.34377005034189,27.691807053169693]}},{"type":"Feature","properties":{},"geometry":{"type":"Point","coordinates":[85.34391949850678,27.692070620198205]}},{"type":"Feature","properties":{},"geometry":{"type":"Point","coordinates":[85.34406004162867,27.692287442893686]}},{"type":"Feature","properties":{},"geometry":{"type":"Point","coordinates":[85.3443656597732,27.692833051560804]}},{"type":"Feature","properties":{},"geometry":{"type":"Point","coordinates":[85.34432232964626,27.69276295193419]}},{"type":"Feature","properties":{},"geometry":{"type":"Point","coordinates":[85.34428284307049,27.692620249849714]}},{"type":"Feature","properties":{},"geometry":{"type":"Point","coordinates":[85.34421575841033,27.69250249828914]}},{"type":"Feature","properties":{},"geometry":{"type":"Point","coordinates":[85.34402230005553,27.692437466295814]}},{"type":"Feature","properties":{},"geometry":{"type":"Point","coordinates":[85.34411153134792,27.69277166801191]}},{"type":"Feature","properties":{},"geometry":{"type":"Point","coordinates":[85.34394800546951,27.692816271513394]}},{"type":"Feature","properties":{},"geometry":{"type":"Point","coordinates":[85.34385721666725,27.692811643129204]}},{"type":"Feature","properties":{},"geometry":{"type":"Point","coordinates":[85.34385922315586,27.692810039822728]}},{"type":"Feature","properties":{},"geometry":{"type":"Point","coordinates":[85.34383397794461,27.692843672106175]}},{"type":"Feature","properties":{},"geometry":{"type":"Point","coordinates":[85.34386393980022,27.692924113202736]}},{"type":"Feature","properties":{},"geometry":{"type":"Point","coordinates":[85.3438828918861,27.69296977626348]}},{"type":"Feature","properties":{},"geometry":{"type":"Point","coordinates":[85.34389254160072,27.692971598408196]}},{"type":"Feature","properties":{},"geometry":{"type":"Point","coordinates":[85.3439081121551,27.693020015329136]}},{"type":"Feature","properties":{},"geometry":{"type":"Point","coordinates":[85.34390057158862,27.693026850439978]}},{"type":"Feature","properties":{},"geometry":{"type":"Point","coordinates":[85.34391059026862,27.693074021319777]}},{"type":"Feature","properties":{},"geometry":{"type":"Point","coordinates":[85.34394595824452,27.693060851860054]}},{"type":"Feature","properties":{},"geometry":{"type":"Point","coordinates":[85.34426272474632,27.69298792201667]}},{"type":"Feature","properties":{},"geometry":{"type":"Point","coordinates":[85.34425059619593,27.69298567674247]}},{"type":"Feature","properties":{},"geometry":{"type":"Point","coordinates":[85.34425049003431,27.692992375133585]}},{"type":"Feature","properties":{},"geometry":{"type":"Point","coordinates":[85.34445163653247,27.693117800221437]}},{"type":"Feature","properties":{},"geometry":{"type":"Point","coordinates":[85.34445469660443,27.69321174036673]}},{"type":"Feature","properties":{},"geometry":{"type":"Point","coordinates":[85.34445672708988,27.69338089700526]}},{"type":"Feature","properties":{},"geometry":{"type":"Point","coordinates":[85.34438054126304,27.693689950286405]}},{"type":"Feature","properties":{},"geometry":{"type":"Point","coordinates":[85.34431852991325,27.693909062883844]}},{"type":"Feature","properties":{},"geometry":{"type":"Point","coordinates":[85.34410134974638,27.69419453306468]}},{"type":"Feature","properties":{},"geometry":{"type":"Point","coordinates":[85.34437832350571,27.694342900079036]}},{"type":"Feature","properties":{},"geometry":{"type":"Point","coordinates":[85.34440150349165,27.694602811392297]}},{"type":"Feature","properties":{},"geometry":{"type":"Point","coordinates":[85.34438692672492,27.69462255646442]}},{"type":"Feature","properties":{},"geometry":{"type":"Point","coordinates":[85.34441083550047,27.694725940203554]}},{"type":"Feature","properties":{},"geometry":{"type":"Point","coordinates":[85.34440734147421,27.69473997375662]}},{"type":"Feature","properties":{},"geometry":{"type":"Point","coordinates":[85.34440949493306,27.694808117071098]}},{"type":"Feature","properties":{},"geometry":{"type":"Point","coordinates":[85.34441981793773,27.694916039763868]}},{"type":"Feature","properties":{},"geometry":{"type":"Point","coordinates":[85.34442348637765,27.694963953292884]}},{"type":"Feature","properties":{},"geometry":{"type":"Point","coordinates":[85.34443410284004,27.695047863430098]}},{"type":"Feature","properties":{},"geometry":{"type":"Point","coordinates":[85.34443201952611,27.695034398586607]}},{"type":"Feature","properties":{},"geometry":{"type":"Point","coordinates":[85.34440164057618,27.6953082628583]}},{"type":"Feature","properties":{},"geometry":{"type":"Point","coordinates":[85.3443140978647,27.695131955395713]}},{"type":"Feature","properties":{},"geometry":{"type":"Point","coordinates":[85.34419870689823,27.6951194731894]}},{"type":"Feature","properties":{},"geometry":{"type":"Point","coordinates":[85.34420378316528,27.6951198570097]}},{"type":"Feature","properties":{},"geometry":{"type":"Point","coordinates":[85.34412594126663,27.695174993653048]}},{"type":"Feature","properties":{},"geometry":{"type":"Point","coordinates":[85.3440708679931,27.695123069935327]}},{"type":"Feature","properties":{},"geometry":{"type":"Point","coordinates":[85.3440750852658,27.695122725054006]}},{"type":"Feature","properties":{},"geometry":{"type":"Point","coordinates":[85.34401103523241,27.69517915206132]}},{"type":"Feature","properties":{},"geometry":{"type":"Point","coordinates":[85.34388268961376,27.69523061493405]}},{"type":"Feature","properties":{},"geometry":{"type":"Point","coordinates":[85.34387898468178,27.69522993341581]}},{"type":"Feature","properties":{},"geometry":{"type":"Point","coordinates":[85.34386697841431,27.6951264148887]}},{"type":"Feature","properties":{},"geometry":{"type":"Point","coordinates":[85.34363474005434,27.695171931601557]}},{"type":"Feature","properties":{},"geometry":{"type":"Point","coordinates":[85.34346815168509,27.69511705528667]}},{"type":"Feature","properties":{},"geometry":{"type":"Point","coordinates":[85.34339012482074,27.695170316492185]}},{"type":"Feature","properties":{},"geometry":{"type":"Point","coordinates":[85.34335603686047,27.695111029637]}},{"type":"Feature","properties":{},"geometry":{"type":"Point","coordinates":[85.34334692979424,27.69510381306045]}},{"type":"Feature","properties":{},"geometry":{"type":"Point","coordinates":[85.34333457284336,27.69528178329931]}},{"type":"Feature","properties":{},"geometry":{"type":"Point","coordinates":[85.34332252039147,27.695291068069544]}},{"type":"Feature","properties":{},"geometry":{"type":"Point","coordinates":[85.34336069367123,27.69530738539208]}},{"type":"Feature","properties":{},"geometry":{"type":"Point","coordinates":[85.34315575627802,27.69509878539455]}},{"type":"Feature","properties":{},"geometry":{"type":"Point","coordinates":[85.34307917317193,27.69514285042832]}},{"type":"Feature","properties":{},"geometry":{"type":"Point","coordinates":[85.34308513550575,27.695142908240484]}},{"type":"Feature","properties":{},"geometry":{"type":"Point","coordinates":[85.3430710979302,27.695081149987026]}},{"type":"Feature","properties":{},"geometry":{"type":"Point","coordinates":[85.34295263799453,27.695263532882922]}},{"type":"Feature","properties":{},"geometry":{"type":"Point","coordinates":[85.34289267140923,27.695066442080932]}},{"type":"Feature","properties":{},"geometry":{"type":"Point","coordinates":[85.34288163355635,27.695054204926898]}},{"type":"Feature","properties":{},"geometry":{"type":"Point","coordinates":[85.34285620310898,27.695123939634144]}},{"type":"Feature","properties":{},"geometry":{"type":"Point","coordinates":[85.34280826297628,27.695058177110266]}},{"type":"Feature","properties":{},"geometry":{"type":"Point","coordinates":[85.34280449549213,27.69521091630273]}},{"type":"Feature","properties":{},"geometry":{"type":"Point","coordinates":[85.34279851217119,27.69528198667541]}},{"type":"Feature","properties":{},"geometry":{"type":"Point","coordinates":[85.34285804692433,27.695346629815088]}},{"type":"Feature","properties":{},"geometry":{"type":"Point","coordinates":[85.34285580528939,27.695343255414446]}},{"type":"Feature","properties":{},"geometry":{"type":"Point","coordinates":[85.3429166972127,27.695579579576293]}},{"type":"Feature","properties":{},"geometry":{"type":"Point","coordinates":[85.34287010841692,27.695597122697905]}},{"type":"Feature","properties":{},"geometry":{"type":"Point","coordinates":[85.34286808712099,27.69557808801883]}},{"type":"Feature","properties":{},"geometry":{"type":"Point","coordinates":[85.34265450147167,27.695031191535957]}},{"type":"Feature","properties":{},"geometry":{"type":"Point","coordinates":[85.34256343784774,27.695013631682503]}},{"type":"Feature","properties":{},"geometry":{"type":"Point","coordinates":[85.3424826718065,27.69500448680432]}},{"type":"Feature","properties":{},"geometry":{"type":"Point","coordinates":[85.34228433816564,27.695019836724565]}},{"type":"Feature","properties":{},"geometry":{"type":"Point","coordinates":[85.34232532674653,27.69541214490069]}},{"type":"Feature","properties":{},"geometry":{"type":"Point","coordinates":[85.34234300180479,27.695485128499666]}},{"type":"Feature","properties":{},"geometry":{"type":"Point","coordinates":[85.34235309808774,27.695533974628663]}},{"type":"Feature","properties":{},"geometry":{"type":"Point","coordinates":[85.34221162004879,27.695186893382772]}},{"type":"Feature","properties":{},"geometry":{"type":"Point","coordinates":[85.3435343895374,27.69517986041569]}},{"type":"Feature","properties":{},"geometry":{"type":"Point","coordinates":[85.34353188785204,27.695180075078568]}},{"type":"Feature","properties":{},"geometry":{"type":"Point","coordinates":[85.34259724323081,27.695512390343296]}},{"type":"Feature","properties":{},"geometry":{"type":"Point","coordinates":[85.34218603357819,27.6945856163418]}},{"type":"Feature","properties":{},"geometry":{"type":"Point","coordinates":[85.34218513987982,27.694585776224017]}},{"type":"Feature","properties":{},"geometry":{"type":"Point","coordinates":[85.34218395019691,27.69458653366301]}},{"type":"Feature","properties":{},"geometry":{"type":"Point","coordinates":[85.34218351630469,27.694586863315298]}},{"type":"Feature","properties":{},"geometry":{"type":"Point","coordinates":[85.3420715804086,27.69499353860239]}},{"type":"Feature","properties":{},"geometry":{"type":"Point","coordinates":[85.34182805212127,27.69485631968954]}},{"type":"Feature","properties":{},"geometry":{"type":"Point","coordinates":[85.3417759928964,27.694694634661893]}},{"type":"Feature","properties":{},"geometry":{"type":"Point","coordinates":[85.34138753348525,27.69475988641885]}},{"type":"Feature","properties":{},"geometry":{"type":"Point","coordinates":[85.34400854119548,27.69579830131098]}},{"type":"Feature","properties":{},"geometry":{"type":"Point","coordinates":[85.34383436494893,27.695819929885054]}},{"type":"Feature","properties":{},"geometry":{"type":"Point","coordinates":[85.3427718283387,27.695906932965734]}},{"type":"Feature","properties":{},"geometry":{"type":"Point","coordinates":[85.3427629685299,27.695958118135806]}},{"type":"Feature","properties":{},"geometry":{"type":"Point","coordinates":[85.34230300045887,27.694954208047037]}},{"type":"Feature","properties":{},"geometry":{"type":"Point","coordinates":[85.34226951200243,27.694828183382253]}},{"type":"Feature","properties":{},"geometry":{"type":"Point","coordinates":[85.34229650356014,27.69481351873554]}},{"type":"Feature","properties":{},"geometry":{"type":"Point","coordinates":[85.34215863212275,27.69462720645403]}},{"type":"Feature","properties":{},"geometry":{"type":"Point","coordinates":[85.34202723359353,27.69462799508767]}},{"type":"Feature","properties":{},"geometry":{"type":"Point","coordinates":[85.34204500305242,27.6946199720632]}},{"type":"Feature","properties":{},"geometry":{"type":"Point","coordinates":[85.34232368506012,27.694684018146273]}},{"type":"Feature","properties":{},"geometry":{"type":"Point","coordinates":[85.34238847526362,27.69481780674863]}},{"type":"Feature","properties":{},"geometry":{"type":"Point","coordinates":[85.34249272705281,27.694785263182094]}},{"type":"Feature","properties":{},"geometry":{"type":"Point","coordinates":[85.34258011867651,27.694751896756312]}},{"type":"Feature","properties":{},"geometry":{"type":"Point","coordinates":[85.34258888017756,27.69462963160365]}},{"type":"Feature","properties":{},"geometry":{"type":"Point","coordinates":[85.34256311859971,27.694640273008815]}},{"type":"Feature","properties":{},"geometry":{"type":"Point","coordinates":[85.34257145498157,27.69458399839429]}},{"type":"Feature","properties":{},"geometry":{"type":"Point","coordinates":[85.34256866189183,27.694478334590116]}},{"type":"Feature","properties":{},"geometry":{"type":"Point","coordinates":[85.34250799302998,27.69440148335987]}},{"type":"Feature","properties":{},"geometry":{"type":"Point","coordinates":[85.34249850185549,27.694355001949862]}},{"type":"Feature","properties":{},"geometry":{"type":"Point","coordinates":[85.34267322030985,27.694316871965672]}},{"type":"Feature","properties":{},"geometry":{"type":"Point","coordinates":[85.34267067005216,27.69428768353924]}},{"type":"Feature","properties":{},"geometry":{"type":"Point","coordinates":[85.34286110462716,27.69464527658844]}},{"type":"Feature","properties":{},"geometry":{"type":"Point","coordinates":[85.3428698816128,27.694673803051288]}},{"type":"Feature","properties":{},"geometry":{"type":"Point","coordinates":[85.34294325197847,27.694661839613268]}},{"type":"Feature","properties":{},"geometry":{"type":"Point","coordinates":[85.34297087369067,27.694630688201826]}},{"type":"Feature","properties":{},"geometry":{"type":"Point","coordinates":[85.34309230980745,27.694640718407385]}},{"type":"Feature","properties":{},"geometry":{"type":"Point","coordinates":[85.34313562004347,27.69461256344703]}},{"type":"Feature","properties":{},"geometry":{"type":"Point","coordinates":[85.343111746492,27.694507801746568]}},{"type":"Feature","properties":{},"geometry":{"type":"Point","coordinates":[85.34302981994071,27.694339943663433]}},{"type":"Feature","properties":{},"geometry":{"type":"Point","coordinates":[85.3421738519883,27.69495818809888]}},{"type":"Feature","properties":{},"geometry":{"type":"Point","coordinates":[85.34212471017383,27.69501571872711]}},{"type":"Feature","properties":{},"geometry":{"type":"Point","coordinates":[85.34208027011364,27.694936514627493]}},{"type":"Feature","properties":{},"geometry":{"type":"Point","coordinates":[85.3419522937173,27.694773385387382]}},{"type":"Feature","properties":{},"geometry":{"type":"Point","coordinates":[85.34184297349817,27.695021296520153]}},{"type":"Feature","properties":{},"geometry":{"type":"Point","coordinates":[85.34178940519452,27.69497782160685]}},{"type":"Feature","properties":{},"geometry":{"type":"Point","coordinates":[85.34174626831468,27.69506464146858]}},{"type":"Feature","properties":{},"geometry":{"type":"Point","coordinates":[85.34163867282946,27.694906165014913]}},{"type":"Feature","properties":{},"geometry":{"type":"Point","coordinates":[85.34170105954293,27.695070248211973]}},{"type":"Feature","properties":{},"geometry":{"type":"Point","coordinates":[85.34181422006472,27.69481421960004]}},{"type":"Feature","properties":{},"geometry":{"type":"Point","coordinates":[85.34176492662512,27.69461781126027]}},{"type":"Feature","properties":{},"geometry":{"type":"Point","coordinates":[85.34182456474672,27.694597131360197]}},{"type":"Feature","properties":{},"geometry":{"type":"Point","coordinates":[85.34182792029092,27.694593220166364]}},{"type":"Feature","properties":{},"geometry":{"type":"Point","coordinates":[85.34186993204622,27.694582968455972]}},{"type":"Feature","properties":{},"geometry":{"type":"Point","coordinates":[85.34165914707984,27.694533686363222]}},{"type":"Feature","properties":{},"geometry":{"type":"Point","coordinates":[85.34165630626639,27.69450736998261]}},{"type":"Feature","properties":{},"geometry":{"type":"Point","coordinates":[85.3416176130963,27.69528737695475]}},{"type":"Feature","properties":{},"geometry":{"type":"Point","coordinates":[85.34156939139297,27.69513431208236]}},{"type":"Feature","properties":{},"geometry":{"type":"Point","coordinates":[85.34140870976113,27.695092168698846]}},{"type":"Feature","properties":{},"geometry":{"type":"Point","coordinates":[85.34135678863876,27.695105876567307]}},{"type":"Feature","properties":{},"geometry":{"type":"Point","coordinates":[85.34105212154716,27.695094163114728]}},{"type":"Feature","properties":{},"geometry":{"type":"Point","coordinates":[85.34092976204118,27.69510990689114]}},{"type":"Feature","properties":{},"geometry":{"type":"Point","coordinates":[85.34083266181966,27.695170359763146]}},{"type":"Feature","properties":{},"geometry":{"type":"Point","coordinates":[85.34093184859694,27.695183202062626]}},{"type":"Feature","properties":{},"geometry":{"type":"Point","coordinates":[85.34109508494547,27.695145849935248]}},{"type":"Feature","properties":{},"geometry":{"type":"Point","coordinates":[85.34142581810877,27.694986303766587]}},{"type":"Feature","properties":{},"geometry":{"type":"Point","coordinates":[85.34136833545776,27.694922144925034]}},{"type":"Feature","properties":{},"geometry":{"type":"Point","coordinates":[85.34140126165467,27.69488389291932]}},{"type":"Feature","properties":{},"geometry":{"type":"Point","coordinates":[85.3413648321716,27.694911481711014]}},{"type":"Feature","properties":{},"geometry":{"type":"Point","coordinates":[85.34136052294045,27.69475635157198]}},{"type":"Feature","properties":{},"geometry":{"type":"Point","coordinates":[85.34136872466667,27.694692258423032]}},{"type":"Feature","properties":{},"geometry":{"type":"Point","coordinates":[85.341308884932,27.694568600279645]}},{"type":"Feature","properties":{},"geometry":{"type":"Point","coordinates":[85.34132278716804,27.694531201648044]}},{"type":"Feature","properties":{},"geometry":{"type":"Point","coordinates":[85.34441190297156,27.695507141510237]}},{"type":"Feature","properties":{},"geometry":{"type":"Point","coordinates":[85.34442236314969,27.695859403453607]}},{"type":"Feature","properties":{},"geometry":{"type":"Point","coordinates":[85.34442392837767,27.695913646711404]}},{"type":"Feature","properties":{},"geometry":{"type":"Point","coordinates":[85.34438200383369,27.695741404714735]}},{"type":"Feature","properties":{},"geometry":{"type":"Point","coordinates":[85.34407361364366,27.695848278702353]}},{"type":"Feature","properties":{},"geometry":{"type":"Point","coordinates":[85.34395538317813,27.695860556368782]}},{"type":"Feature","properties":{},"geometry":{"type":"Point","coordinates":[85.34393718195422,27.695811403098244]}},{"type":"Feature","properties":{},"geometry":{"type":"Point","coordinates":[85.34389376127477,27.69586042131335]}},{"type":"Feature","properties":{},"geometry":{"type":"Point","coordinates":[85.34382013837016,27.69582438710486]}},{"type":"Feature","properties":{},"geometry":{"type":"Point","coordinates":[85.34381853478843,27.695870826882487]}},{"type":"Feature","properties":{},"geometry":{"type":"Point","coordinates":[85.3437191900941,27.695833520110924]}},{"type":"Feature","properties":{},"geometry":{"type":"Point","coordinates":[85.34367322990039,27.695882497043723]}},{"type":"Feature","properties":{},"geometry":{"type":"Point","coordinates":[85.3435492685729,27.69589093042058]}},{"type":"Feature","properties":{},"geometry":{"type":"Point","coordinates":[85.34322189850057,27.695872656551668]}},{"type":"Feature","properties":{},"geometry":{"type":"Point","coordinates":[85.34317369283835,27.695884391445645]}},{"type":"Feature","properties":{},"geometry":{"type":"Point","coordinates":[85.34316403373732,27.69589015690015]}},{"type":"Feature","properties":{},"geometry":{"type":"Point","coordinates":[85.34297625148746,27.69587648154385]}},{"type":"Feature","properties":{},"geometry":{"type":"Point","coordinates":[85.34295994139754,27.695880719689622]}},{"type":"Feature","properties":{},"geometry":{"type":"Point","coordinates":[85.34296074133873,27.695919994858397]}},{"type":"Feature","properties":{},"geometry":{"type":"Point","coordinates":[85.3428250883797,27.695762994895915]}},{"type":"Feature","properties":{},"geometry":{"type":"Point","coordinates":[85.34284183679476,27.69581525374415]}},{"type":"Feature","properties":{},"geometry":{"type":"Point","coordinates":[85.34360997779615,27.69615202723189]}},{"type":"Feature","properties":{},"geometry":{"type":"Point","coordinates":[85.34359521291479,27.69627613675714]}},{"type":"Feature","properties":{},"geometry":{"type":"Point","coordinates":[85.3436638344973,27.69633611377413]}},{"type":"Feature","properties":{},"geometry":{"type":"Point","coordinates":[85.34385882226029,27.696315119774237]}},{"type":"Feature","properties":{},"geometry":{"type":"Point","coordinates":[85.34338392470994,27.695743438872228]}},{"type":"Feature","properties":{},"geometry":{"type":"Point","coordinates":[85.3424005554124,27.696210721413532]}},{"type":"Feature","properties":{},"geometry":{"type":"Point","coordinates":[85.3424233417452,27.69620374309764]}},{"type":"Feature","properties":{},"geometry":{"type":"Point","coordinates":[85.34241280352855,27.6960321480252]}},{"type":"Feature","properties":{},"geometry":{"type":"Point","coordinates":[85.3420618417932,27.69597584327862]}},{"type":"Feature","properties":{},"geometry":{"type":"Point","coordinates":[85.34204063338086,27.69587862349551]}},{"type":"Feature","properties":{},"geometry":{"type":"Point","coordinates":[85.34179139807695,27.696071935094043]}},{"type":"Feature","properties":{},"geometry":{"type":"Point","coordinates":[85.34171073341561,27.695875738595138]}},{"type":"Feature","properties":{},"geometry":{"type":"Point","coordinates":[85.34161474140163,27.69575488142022]}},{"type":"Feature","properties":{},"geometry":{"type":"Point","coordinates":[85.34339236096031,27.695962670831854]}},{"type":"Feature","properties":{},"geometry":{"type":"Point","coordinates":[85.34339118968204,27.695961201901056]}},{"type":"Feature","properties":{},"geometry":{"type":"Point","coordinates":[85.34339580833608,27.696084212957818]}},{"type":"Feature","properties":{},"geometry":{"type":"Point","coordinates":[85.3432084609596,27.69617948314013]}},{"type":"Feature","properties":{},"geometry":{"type":"Point","coordinates":[85.34329449062436,27.69616384781532]}},{"type":"Feature","properties":{},"geometry":{"type":"Point","coordinates":[85.34350484482034,27.69613253244919]}},{"type":"Feature","properties":{},"geometry":{"type":"Point","coordinates":[85.3434397076887,27.69613566028176]}},{"type":"Feature","properties":{},"geometry":{"type":"Point","coordinates":[85.34389934093666,27.69633193343981]}},{"type":"Feature","properties":{},"geometry":{"type":"Point","coordinates":[85.34390872215019,27.696385343258598]}},{"type":"Feature","properties":{},"geometry":{"type":"Point","coordinates":[85.34388289244406,27.696468580095036]}},{"type":"Feature","properties":{},"geometry":{"type":"Point","coordinates":[85.34335127673332,27.695694406008577]}},{"type":"Feature","properties":{},"geometry":{"type":"Point","coordinates":[85.34333632934378,27.695643126373202]}},{"type":"Feature","properties":{},"geometry":{"type":"Point","coordinates":[85.34327196900506,27.69557664404579]}},{"type":"Feature","properties":{},"geometry":{"type":"Point","coordinates":[85.34313013967846,27.6954983354308]}},{"type":"Feature","properties":{},"geometry":{"type":"Point","coordinates":[85.3435733990654,27.695610124144746]}},{"type":"Feature","properties":{},"geometry":{"type":"Point","coordinates":[85.3436210652851,27.69557897142732]}},{"type":"Feature","properties":{},"geometry":{"type":"Point","coordinates":[85.34379218737607,27.695590701070333]}},{"type":"Feature","properties":{},"geometry":{"type":"Point","coordinates":[85.34378551868431,27.695580676059077]}},{"type":"Feature","properties":{},"geometry":{"type":"Point","coordinates":[85.34383169908031,27.69558856261009]}},{"type":"Feature","properties":{},"geometry":{"type":"Point","coordinates":[85.34389983304237,27.695565766773232]}},{"type":"Feature","properties":{},"geometry":{"type":"Point","coordinates":[85.34303830948451,27.69604664979277]}},{"type":"Feature","properties":{},"geometry":{"type":"Point","coordinates":[85.34305728418038,27.696120696730706]}},{"type":"Feature","properties":{},"geometry":{"type":"Point","coordinates":[85.3427102638359,27.69614763635751]}},{"type":"Feature","properties":{},"geometry":{"type":"Point","coordinates":[85.34269346617391,27.696142129178934]}},{"type":"Feature","properties":{},"geometry":{"type":"Point","coordinates":[85.34262638399653,27.6959754756658]}},{"type":"Feature","properties":{},"geometry":{"type":"Point","coordinates":[85.3425973175128,27.695811761024814]}},{"type":"Feature","properties":{},"geometry":{"type":"Point","coordinates":[85.34255515122315,27.69573114471047]}},{"type":"Feature","properties":{},"geometry":{"type":"Point","coordinates":[85.34251818763862,27.695616980475492]}},{"type":"Feature","properties":{},"geometry":{"type":"Point","coordinates":[85.34244798098075,27.695961873052998]}},{"type":"Feature","properties":{},"geometry":{"type":"Point","coordinates":[85.34231223435536,27.695778037671708]}},{"type":"Feature","properties":{},"geometry":{"type":"Point","coordinates":[85.34231148579289,27.695777919500483]}},{"type":"Feature","properties":{},"geometry":{"type":"Point","coordinates":[85.34229360318244,27.695979888200057]}},{"type":"Feature","properties":{},"geometry":{"type":"Point","coordinates":[85.34216897857884,27.69599677292717]}},{"type":"Feature","properties":{},"geometry":{"type":"Point","coordinates":[85.34206314618065,27.6959098001137]}},{"type":"Feature","properties":{},"geometry":{"type":"Point","coordinates":[85.34204024705033,27.695783826394976]}},{"type":"Feature","properties":{},"geometry":{"type":"Point","coordinates":[85.34204068838484,27.69579172631428]}},{"type":"Feature","properties":{},"geometry":{"type":"Point","coordinates":[85.34175424309656,27.69608196152693]}},{"type":"Feature","properties":{},"geometry":{"type":"Point","coordinates":[85.34173040021062,27.695964309741296]}},{"type":"Feature","properties":{},"geometry":{"type":"Point","coordinates":[85.34168434366538,27.695919725253347]}},{"type":"Feature","properties":{},"geometry":{"type":"Point","coordinates":[85.34168509621743,27.69592179299084]}},{"type":"Feature","properties":{},"geometry":{"type":"Point","coordinates":[85.34167821464543,27.695878104609466]}},{"type":"Feature","properties":{},"geometry":{"type":"Point","coordinates":[85.34167356342357,27.695772936641912]}},{"type":"Feature","properties":{},"geometry":{"type":"Point","coordinates":[85.34157956711796,27.69557554697281]}},{"type":"Feature","properties":{},"geometry":{"type":"Point","coordinates":[85.34159658473028,27.69565415831864]}},{"type":"Feature","properties":{},"geometry":{"type":"Point","coordinates":[85.34181663384162,27.69556503123813]}},{"type":"Feature","properties":{},"geometry":{"type":"Point","coordinates":[85.34179456650077,27.69554618518642]}},{"type":"Feature","properties":{},"geometry":{"type":"Point","coordinates":[85.34189127146482,27.695565941334355]}},{"type":"Feature","properties":{},"geometry":{"type":"Point","coordinates":[85.34193104121395,27.695562898539478]}},{"type":"Feature","properties":{},"geometry":{"type":"Point","coordinates":[85.34205677186377,27.695525131338677]}},{"type":"Feature","properties":{},"geometry":{"type":"Point","coordinates":[85.34206689007544,27.69556151528929]}},{"type":"Feature","properties":{},"geometry":{"type":"Point","coordinates":[85.34185699029541,27.695474001952334]}},{"type":"Feature","properties":{},"geometry":{"type":"Point","coordinates":[85.34179546823133,27.69534210700811]}},{"type":"Feature","properties":{},"geometry":{"type":"Point","coordinates":[85.34187811476052,27.695306346607424]}},{"type":"Feature","properties":{},"geometry":{"type":"Point","coordinates":[85.34194391949646,27.695293298500186]}},{"type":"Feature","properties":{},"geometry":{"type":"Point","coordinates":[85.34194426852743,27.695314214842693]}},{"type":"Feature","properties":{},"geometry":{"type":"Point","coordinates":[85.34393770789222,27.69613583598508]}},{"type":"Feature","properties":{},"geometry":{"type":"Point","coordinates":[85.34210574541376,27.69658489122117]}},{"type":"Feature","properties":{},"geometry":{"type":"Point","coordinates":[85.34249706135626,27.69670800496364]}},{"type":"Feature","properties":{},"geometry":{"type":"Point","coordinates":[85.34249574480901,27.69670675541204]}},{"type":"Feature","properties":{},"geometry":{"type":"Point","coordinates":[85.34263620484012,27.696560805296553]}},{"type":"Feature","properties":{},"geometry":{"type":"Point","coordinates":[85.34367110455233,27.69660226185326]}},{"type":"Feature","properties":{},"geometry":{"type":"Point","coordinates":[85.34359809485986,27.696519883304404]}},{"type":"Feature","properties":{},"geometry":{"type":"Point","coordinates":[85.34360157378474,27.69650370513187]}},{"type":"Feature","properties":{},"geometry":{"type":"Point","coordinates":[85.34206894968246,27.69612190827582]}},{"type":"Feature","properties":{},"geometry":{"type":"Point","coordinates":[85.34201356472236,27.696204356683204]}},{"type":"Feature","properties":{},"geometry":{"type":"Point","coordinates":[85.34203043826133,27.696293196698782]}},{"type":"Feature","properties":{},"geometry":{"type":"Point","coordinates":[85.34205697482112,27.696391853066714]}},{"type":"Feature","properties":{},"geometry":{"type":"Point","coordinates":[85.34211536971301,27.69637908982645]}},{"type":"Feature","properties":{},"geometry":{"type":"Point","coordinates":[85.34213984647384,27.69646711019634]}},{"type":"Feature","properties":{},"geometry":{"type":"Point","coordinates":[85.34218815301317,27.696635311721757]}},{"type":"Feature","properties":{},"geometry":{"type":"Point","coordinates":[85.34219918454161,27.696690106952442]}},{"type":"Feature","properties":{},"geometry":{"type":"Point","coordinates":[85.34226489537937,27.696826576386044]}},{"type":"Feature","properties":{},"geometry":{"type":"Point","coordinates":[85.34225409140278,27.696925869592466]}},{"type":"Feature","properties":{},"geometry":{"type":"Point","coordinates":[85.34215993973032,27.69685396311644]}},{"type":"Feature","properties":{},"geometry":{"type":"Point","coordinates":[85.34209666501886,27.696883983418207]}},{"type":"Feature","properties":{},"geometry":{"type":"Point","coordinates":[85.3420233613005,27.69690880853557]}},{"type":"Feature","properties":{},"geometry":{"type":"Point","coordinates":[85.3419835820886,27.69695014656167]}},{"type":"Feature","properties":{},"geometry":{"type":"Point","coordinates":[85.34192301518465,27.696943906639692]}},{"type":"Feature","properties":{},"geometry":{"type":"Point","coordinates":[85.34236551669905,27.696969655279677]}},{"type":"Feature","properties":{},"geometry":{"type":"Point","coordinates":[85.3422755030034,27.69698665298997]}},{"type":"Feature","properties":{},"geometry":{"type":"Point","coordinates":[85.34213924692902,27.697034855073987]}},{"type":"Feature","properties":{},"geometry":{"type":"Point","coordinates":[85.34245352545328,27.696946164906965]}},{"type":"Feature","properties":{},"geometry":{"type":"Point","coordinates":[85.3425403317074,27.69686971810486]}},{"type":"Feature","properties":{},"geometry":{"type":"Point","coordinates":[85.3426598267698,27.69675905684172]}},{"type":"Feature","properties":{},"geometry":{"type":"Point","coordinates":[85.3426842379652,27.696747156456542]}},{"type":"Feature","properties":{},"geometry":{"type":"Point","coordinates":[85.34267528953943,27.696705475022465]}},{"type":"Feature","properties":{},"geometry":{"type":"Point","coordinates":[85.3426322217877,27.696657922008654]}},{"type":"Feature","properties":{},"geometry":{"type":"Point","coordinates":[85.34259751036832,27.696557017092086]}},{"type":"Feature","properties":{},"geometry":{"type":"Point","coordinates":[85.34260166619787,27.696461553219088]}},{"type":"Feature","properties":{},"geometry":{"type":"Point","coordinates":[85.34258712302235,27.69641494636096]}},{"type":"Feature","properties":{},"geometry":{"type":"Point","coordinates":[85.34253677713198,27.696353560306033]}},{"type":"Feature","properties":{},"geometry":{"type":"Point","coordinates":[85.34291893534943,27.69677161969737]}},{"type":"Feature","properties":{},"geometry":{"type":"Point","coordinates":[85.34297734014949,27.696775996609496]}},{"type":"Feature","properties":{},"geometry":{"type":"Point","coordinates":[85.34297260881638,27.696757137086955]}},{"type":"Feature","properties":{},"geometry":{"type":"Point","coordinates":[85.34307933872839,27.696728203227877]}},{"type":"Feature","properties":{},"geometry":{"type":"Point","coordinates":[85.34305921639888,27.696613321868664]}},{"type":"Feature","properties":{},"geometry":{"type":"Point","coordinates":[85.34305372453504,27.696429931269517]}},{"type":"Feature","properties":{},"geometry":{"type":"Point","coordinates":[85.34308050139548,27.69657570995951]}},{"type":"Feature","properties":{},"geometry":{"type":"Point","coordinates":[85.34322070527058,27.69654158796065]}},{"type":"Feature","properties":{},"geometry":{"type":"Point","coordinates":[85.3432015921173,27.69645843623088]}},{"type":"Feature","properties":{},"geometry":{"type":"Point","coordinates":[85.34319326007568,27.696407553444583]}},{"type":"Feature","properties":{},"geometry":{"type":"Point","coordinates":[85.34291085126898,27.69663338171295]}},{"type":"Feature","properties":{},"geometry":{"type":"Point","coordinates":[85.34292009283735,27.69653893630071]}},{"type":"Feature","properties":{},"geometry":{"type":"Point","coordinates":[85.34287885372696,27.6964366482273]}},{"type":"Feature","properties":{},"geometry":{"type":"Point","coordinates":[85.34287901350015,27.69641795013293]}},{"type":"Feature","properties":{},"geometry":{"type":"Point","coordinates":[85.34327226488264,27.696665445013082]}},{"type":"Feature","properties":{},"geometry":{"type":"Point","coordinates":[85.34330287682613,27.696636675074334]}},{"type":"Feature","properties":{},"geometry":{"type":"Point","coordinates":[85.34335551801514,27.69663903966128]}},{"type":"Feature","properties":{},"geometry":{"type":"Point","coordinates":[85.34342287795674,27.696626119592537]}},{"type":"Feature","properties":{},"geometry":{"type":"Point","coordinates":[85.34340091288166,27.696640956504776]}},{"type":"Feature","properties":{},"geometry":{"type":"Point","coordinates":[85.34352249050343,27.69662726266636]}},{"type":"Feature","properties":{},"geometry":{"type":"Point","coordinates":[85.3437863450934,27.696582763460903]}},{"type":"Feature","properties":{},"geometry":{"type":"Point","coordinates":[85.34387980989618,27.696564354722565]}},{"type":"Feature","properties":{},"geometry":{"type":"Point","coordinates":[85.34353809321583,27.69651362016963]}},{"type":"Feature","properties":{},"geometry":{"type":"Point","coordinates":[85.34343814022657,27.696517569757553]}},{"type":"Feature","properties":{},"geometry":{"type":"Point","coordinates":[85.34397873484312,27.696570002913]}},{"type":"Feature","properties":{},"geometry":{"type":"Point","coordinates":[85.34392571310951,27.696534479601155]}},{"type":"Feature","properties":{},"geometry":{"type":"Point","coordinates":[85.34420936861966,27.696454843525082]}},{"type":"Feature","properties":{},"geometry":{"type":"Point","coordinates":[85.3442478485359,27.696301209775875]}},{"type":"Feature","properties":{},"geometry":{"type":"Point","coordinates":[85.34443308877987,27.696198914565958]}},{"type":"Feature","properties":{},"geometry":{"type":"Point","coordinates":[85.34442628839365,27.69600129306743]}},{"type":"Feature","properties":{},"geometry":{"type":"Point","coordinates":[85.34189386006729,27.696075714609318]}},{"type":"Feature","properties":{},"geometry":{"type":"Point","coordinates":[85.3418519564856,27.696016788696305]}},{"type":"Feature","properties":{},"geometry":{"type":"Point","coordinates":[85.34108798367465,27.695992264956782]}},{"type":"Feature","properties":{},"geometry":{"type":"Point","coordinates":[85.34159804623374,27.696979914575813]}},{"type":"Feature","properties":{},"geometry":{"type":"Point","coordinates":[85.34220707179175,27.697554240010344]}},{"type":"Feature","properties":{},"geometry":{"type":"Point","coordinates":[85.34067920296907,27.695268122910427]}},{"type":"Feature","properties":{},"geometry":{"type":"Point","coordinates":[85.34085776470287,27.69533838021803]}},{"type":"Feature","properties":{},"geometry":{"type":"Point","coordinates":[85.34080966660645,27.695422581567097]}},{"type":"Feature","properties":{},"geometry":{"type":"Point","coordinates":[85.34094357656785,27.695431319975373]}},{"type":"Feature","properties":{},"geometry":{"type":"Point","coordinates":[85.34099987042586,27.69549315872226]}},{"type":"Feature","properties":{},"geometry":{"type":"Point","coordinates":[85.34101098813939,27.69551639639271]}},{"type":"Feature","properties":{},"geometry":{"type":"Point","coordinates":[85.34090944975611,27.695506897900675]}},{"type":"Feature","properties":{},"geometry":{"type":"Point","coordinates":[85.34098963681011,27.695629701602055]}},{"type":"Feature","properties":{},"geometry":{"type":"Point","coordinates":[85.34108563532153,27.695632736366555]}},{"type":"Feature","properties":{},"geometry":{"type":"Point","coordinates":[85.34104034169918,27.695707700369844]}},{"type":"Feature","properties":{},"geometry":{"type":"Point","coordinates":[85.34112317152905,27.69574286345708]}},{"type":"Feature","properties":{},"geometry":{"type":"Point","coordinates":[85.34112903350001,27.695823787109525]}},{"type":"Feature","properties":{},"geometry":{"type":"Point","coordinates":[85.3410510863196,27.695851021871462]}},{"type":"Feature","properties":{},"geometry":{"type":"Point","coordinates":[85.34107077870156,27.695961668045424]}},{"type":"Feature","properties":{},"geometry":{"type":"Point","coordinates":[85.34115600332572,27.69599793294744]}},{"type":"Feature","properties":{},"geometry":{"type":"Point","coordinates":[85.34127317975661,27.69613156353798]}},{"type":"Feature","properties":{},"geometry":{"type":"Point","coordinates":[85.34127054151796,27.696132089709092]}},{"type":"Feature","properties":{},"geometry":{"type":"Point","coordinates":[85.3415460899655,27.696066530274816]}},{"type":"Feature","properties":{},"geometry":{"type":"Point","coordinates":[85.34167314352453,27.696107443128454]}},{"type":"Feature","properties":{},"geometry":{"type":"Point","coordinates":[85.3413782286447,27.6959394418641]}},{"type":"Feature","properties":{},"geometry":{"type":"Point","coordinates":[85.34136022485048,27.69591560005302]}},{"type":"Feature","properties":{},"geometry":{"type":"Point","coordinates":[85.34131954318082,27.69563277871388]}},{"type":"Feature","properties":{},"geometry":{"type":"Point","coordinates":[85.34128297668974,27.695524830317485]}},{"type":"Feature","properties":{},"geometry":{"type":"Point","coordinates":[85.34129383175414,27.695528358473425]}},{"type":"Feature","properties":{},"geometry":{"type":"Point","coordinates":[85.34121088986795,27.696340148227343]}},{"type":"Feature","properties":{},"geometry":{"type":"Point","coordinates":[85.34121800665075,27.69636719816813]}},{"type":"Feature","properties":{},"geometry":{"type":"Point","coordinates":[85.34131703304077,27.69638656466524]}},{"type":"Feature","properties":{},"geometry":{"type":"Point","coordinates":[85.34129025150953,27.696498821978253]}},{"type":"Feature","properties":{},"geometry":{"type":"Point","coordinates":[85.34135166708697,27.696458438318107]}},{"type":"Feature","properties":{},"geometry":{"type":"Point","coordinates":[85.34137636873183,27.696592772400727]}},{"type":"Feature","properties":{},"geometry":{"type":"Point","coordinates":[85.34145931382055,27.696602121862973]}},{"type":"Feature","properties":{},"geometry":{"type":"Point","coordinates":[85.3418216545775,27.696550201218685]}},{"type":"Feature","properties":{},"geometry":{"type":"Point","coordinates":[85.34182218376935,27.696552891749825]}},{"type":"Feature","properties":{},"geometry":{"type":"Point","coordinates":[85.341505945,27.696689324650514]}},{"type":"Feature","properties":{},"geometry":{"type":"Point","coordinates":[85.34131422649635,27.69684932146372]}},{"type":"Feature","properties":{},"geometry":{"type":"Point","coordinates":[85.34132458643002,27.69687172148921]}},{"type":"Feature","properties":{},"geometry":{"type":"Point","coordinates":[85.3412652330167,27.69688501804204]}},{"type":"Feature","properties":{},"geometry":{"type":"Point","coordinates":[85.34119944048777,27.696871039888823]}},{"type":"Feature","properties":{},"geometry":{"type":"Point","coordinates":[85.34096172199703,27.696913398659635]}},{"type":"Feature","properties":{},"geometry":{"type":"Point","coordinates":[85.34093245969984,27.69694098293198]}},{"type":"Feature","properties":{},"geometry":{"type":"Point","coordinates":[85.34090099874274,27.69695524624569]}},{"type":"Feature","properties":{},"geometry":{"type":"Point","coordinates":[85.34087820668776,27.69693737965849]}},{"type":"Feature","properties":{},"geometry":{"type":"Point","coordinates":[85.34156947011533,27.696888482109884]}},{"type":"Feature","properties":{},"geometry":{"type":"Point","coordinates":[85.3415506266363,27.697139541624118]}},{"type":"Feature","properties":{},"geometry":{"type":"Point","coordinates":[85.34163322992352,27.697123639782188]}},{"type":"Feature","properties":{},"geometry":{"type":"Point","coordinates":[85.34130793307068,27.697201275152086]}},{"type":"Feature","properties":{},"geometry":{"type":"Point","coordinates":[85.34123459862077,27.697261768364616]}},{"type":"Feature","properties":{},"geometry":{"type":"Point","coordinates":[85.34115664821884,27.697243688633073]}},{"type":"Feature","properties":{},"geometry":{"type":"Point","coordinates":[85.34111764803744,27.697287593563075]}},{"type":"Feature","properties":{},"geometry":{"type":"Point","coordinates":[85.34108399208574,27.697264955009235]}},{"type":"Feature","properties":{},"geometry":{"type":"Point","coordinates":[85.34100363705325,27.697326956979122]}},{"type":"Feature","properties":{},"geometry":{"type":"Point","coordinates":[85.34101666049123,27.697340255105438]}},{"type":"Feature","properties":{},"geometry":{"type":"Point","coordinates":[85.34093186482866,27.697436061287537]}},{"type":"Feature","properties":{},"geometry":{"type":"Point","coordinates":[85.34092741661318,27.697442886339868]}},{"type":"Feature","properties":{},"geometry":{"type":"Point","coordinates":[85.34092789798079,27.69720135631182]}},{"type":"Feature","properties":{},"geometry":{"type":"Point","coordinates":[85.34090714547354,27.697204711526194]}},{"type":"Feature","properties":{},"geometry":{"type":"Point","coordinates":[85.34090444367915,27.69722063357811]}},{"type":"Feature","properties":{},"geometry":{"type":"Point","coordinates":[85.3415712581687,27.697304476718635]}},{"type":"Feature","properties":{},"geometry":{"type":"Point","coordinates":[85.34165268932401,27.697263428335052]}},{"type":"Feature","properties":{},"geometry":{"type":"Point","coordinates":[85.34179639787617,27.697261098013012]}},{"type":"Feature","properties":{},"geometry":{"type":"Point","coordinates":[85.34170123838041,27.697249419164038]}},{"type":"Feature","properties":{},"geometry":{"type":"Point","coordinates":[85.34170584004734,27.697298238323054]}},{"type":"Feature","properties":{},"geometry":{"type":"Point","coordinates":[85.34172506002778,27.697309194469156]}},{"type":"Feature","properties":{},"geometry":{"type":"Point","coordinates":[85.34172911720148,27.69737880553996]}},{"type":"Feature","properties":{},"geometry":{"type":"Point","coordinates":[85.34165344202565,27.697384536511205]}},{"type":"Feature","properties":{},"geometry":{"type":"Point","coordinates":[85.34167278210602,27.697485808078977]}},{"type":"Feature","properties":{},"geometry":{"type":"Point","coordinates":[85.34167610495915,27.69749962625466]}},{"type":"Feature","properties":{},"geometry":{"type":"Point","coordinates":[85.34159165650827,27.69743037991259]}},{"type":"Feature","properties":{},"geometry":{"type":"Point","coordinates":[85.34167067030533,27.697543464952226]}},{"type":"Feature","properties":{},"geometry":{"type":"Point","coordinates":[85.34167406312083,27.697604903568983]}},{"type":"Feature","properties":{},"geometry":{"type":"Point","coordinates":[85.34167650832369,27.69765155513868]}},{"type":"Feature","properties":{},"geometry":{"type":"Point","coordinates":[85.34159904537461,27.697622001912574]}},{"type":"Feature","properties":{},"geometry":{"type":"Point","coordinates":[85.34168862147354,27.697749620014108]}},{"type":"Feature","properties":{},"geometry":{"type":"Point","coordinates":[85.34148656018394,27.697824064663585]}},{"type":"Feature","properties":{},"geometry":{"type":"Point","coordinates":[85.34141380031764,27.697836141969244]}},{"type":"Feature","properties":{},"geometry":{"type":"Point","coordinates":[85.34134991041806,27.697857708440637]}},{"type":"Feature","properties":{},"geometry":{"type":"Point","coordinates":[85.34127299541446,27.697867353151878]}},{"type":"Feature","properties":{},"geometry":{"type":"Point","coordinates":[85.34160384479956,27.69791165527759]}},{"type":"Feature","properties":{},"geometry":{"type":"Point","coordinates":[85.34168362304091,27.697901495022904]}},{"type":"Feature","properties":{},"geometry":{"type":"Point","coordinates":[85.34190305455637,27.697737946875204]}},{"type":"Feature","properties":{},"geometry":{"type":"Point","coordinates":[85.34198376864582,27.697878784861498]}},{"type":"Feature","properties":{},"geometry":{"type":"Point","coordinates":[85.34203602471185,27.697754248188847]}},{"type":"Feature","properties":{},"geometry":{"type":"Point","coordinates":[85.34202255262952,27.697597072391936]}},{"type":"Feature","properties":{},"geometry":{"type":"Point","coordinates":[85.34199594109435,27.69751033965956]}},{"type":"Feature","properties":{},"geometry":{"type":"Point","coordinates":[85.34201365531467,27.697529348365748]}},{"type":"Feature","properties":{},"geometry":{"type":"Point","coordinates":[85.34198662819334,27.697472660260264]}},{"type":"Feature","properties":{},"geometry":{"type":"Point","coordinates":[85.34198857848425,27.69742373183912]}},{"type":"Feature","properties":{},"geometry":{"type":"Point","coordinates":[85.34210385868485,27.697861772064687]}},{"type":"Feature","properties":{},"geometry":{"type":"Point","coordinates":[85.34211562828024,27.69784586831422]}},{"type":"Feature","properties":{},"geometry":{"type":"Point","coordinates":[85.34209906812755,27.697693745041693]}},{"type":"Feature","properties":{},"geometry":{"type":"Point","coordinates":[85.3422609712204,27.697714915293126]}},{"type":"Feature","properties":{},"geometry":{"type":"Point","coordinates":[85.34223714630116,27.697663383050855]}},{"type":"Feature","properties":{},"geometry":{"type":"Point","coordinates":[85.34219861009232,27.697542758397084]}},{"type":"Feature","properties":{},"geometry":{"type":"Point","coordinates":[85.34218668968626,27.697446939605175]}},{"type":"Feature","properties":{},"geometry":{"type":"Point","coordinates":[85.3421932719706,27.697525409681873]}},{"type":"Feature","properties":{},"geometry":{"type":"Point","coordinates":[85.34214990620131,27.697330648324957]}},{"type":"Feature","properties":{},"geometry":{"type":"Point","coordinates":[85.34212432453106,27.697295326546538]}},{"type":"Feature","properties":{},"geometry":{"type":"Point","coordinates":[85.3421267534956,27.697264771713034]}},{"type":"Feature","properties":{},"geometry":{"type":"Point","coordinates":[85.3420717102483,27.69725970001041]}},{"type":"Feature","properties":{},"geometry":{"type":"Point","coordinates":[85.34205174777054,27.69726418853645]}},{"type":"Feature","properties":{},"geometry":{"type":"Point","coordinates":[85.34202444602082,27.697178041422315]}},{"type":"Feature","properties":{},"geometry":{"type":"Point","coordinates":[85.3420155252314,27.697182043016944]}},{"type":"Feature","properties":{},"geometry":{"type":"Point","coordinates":[85.34233144821187,27.69764340324632]}},{"type":"Feature","properties":{},"geometry":{"type":"Point","coordinates":[85.3424359715945,27.697603201297373]}},{"type":"Feature","properties":{},"geometry":{"type":"Point","coordinates":[85.34248980520793,27.697578956986607]}},{"type":"Feature","properties":{},"geometry":{"type":"Point","coordinates":[85.34248818862373,27.697577431271643]}},{"type":"Feature","properties":{},"geometry":{"type":"Point","coordinates":[85.3424871804548,27.697578051891846]}},{"type":"Feature","properties":{},"geometry":{"type":"Point","coordinates":[85.34267386990393,27.697513172920832]}},{"type":"Feature","properties":{},"geometry":{"type":"Point","coordinates":[85.34263204535085,27.697365134565604]}},{"type":"Feature","properties":{},"geometry":{"type":"Point","coordinates":[85.34376076336055,27.69679093291596]}},{"type":"Feature","properties":{},"geometry":{"type":"Point","coordinates":[85.34368262504864,27.69683417636742]}},{"type":"Feature","properties":{},"geometry":{"type":"Point","coordinates":[85.34379220332659,27.69713665674596]}},{"type":"Feature","properties":{},"geometry":{"type":"Point","coordinates":[85.34370360638867,27.69715055491532]}},{"type":"Feature","properties":{},"geometry":{"type":"Point","coordinates":[85.3436735270492,27.69711738995655]}},{"type":"Feature","properties":{},"geometry":{"type":"Point","coordinates":[85.34371726903714,27.69759464026972]}},{"type":"Feature","properties":{},"geometry":{"type":"Point","coordinates":[85.34330598832054,27.69781208161786]}},{"type":"Feature","properties":{},"geometry":{"type":"Point","coordinates":[85.34290965293432,27.6977849046271]}},{"type":"Feature","properties":{},"geometry":{"type":"Point","coordinates":[85.34287490214349,27.697701804877692]}},{"type":"Feature","properties":{},"geometry":{"type":"Point","coordinates":[85.34281802648424,27.69773135514028]}},{"type":"Feature","properties":{},"geometry":{"type":"Point","coordinates":[85.34259334304664,27.697186961215866]}},{"type":"Feature","properties":{},"geometry":{"type":"Point","coordinates":[85.34400277851675,27.69677319000119]}},{"type":"Feature","properties":{},"geometry":{"type":"Point","coordinates":[85.34392467532506,27.69680900960577]}},{"type":"Feature","properties":{},"geometry":{"type":"Point","coordinates":[85.34350109031037,27.696814459805022]}},{"type":"Feature","properties":{},"geometry":{"type":"Point","coordinates":[85.34349328881777,27.696814716656032]}},{"type":"Feature","properties":{},"geometry":{"type":"Point","coordinates":[85.34341743010489,27.696828131656368]}},{"type":"Feature","properties":{},"geometry":{"type":"Point","coordinates":[85.34320432698081,27.696861168512797]}},{"type":"Feature","properties":{},"geometry":{"type":"Point","coordinates":[85.34320174784787,27.69686959638162]}},{"type":"Feature","properties":{},"geometry":{"type":"Point","coordinates":[85.34395579812282,27.697086112070608]}},{"type":"Feature","properties":{},"geometry":{"type":"Point","coordinates":[85.34383835829763,27.697130756502006]}},{"type":"Feature","properties":{},"geometry":{"type":"Point","coordinates":[85.34362940027637,27.697129790232133]}},{"type":"Feature","properties":{},"geometry":{"type":"Point","coordinates":[85.34339309307167,27.697274700162026]}},{"type":"Feature","properties":{},"geometry":{"type":"Point","coordinates":[85.34337601029813,27.697321023300052]}},{"type":"Feature","properties":{},"geometry":{"type":"Point","coordinates":[85.34390521989535,27.697385121524455]}},{"type":"Feature","properties":{},"geometry":{"type":"Point","coordinates":[85.34390423716887,27.697458405251368]}},{"type":"Feature","properties":{},"geometry":{"type":"Point","coordinates":[85.34377867756787,27.697558738428445]}},{"type":"Feature","properties":{},"geometry":{"type":"Point","coordinates":[85.34376431644183,27.69758471631853]}},{"type":"Feature","properties":{},"geometry":{"type":"Point","coordinates":[85.34350993674839,27.69759406689726]}},{"type":"Feature","properties":{},"geometry":{"type":"Point","coordinates":[85.34361319529874,27.697578839716464]}},{"type":"Feature","properties":{},"geometry":{"type":"Point","coordinates":[85.34387494976508,27.697698168493396]}},{"type":"Feature","properties":{},"geometry":{"type":"Point","coordinates":[85.3436706232807,27.697744970246116]}},{"type":"Feature","properties":{},"geometry":{"type":"Point","coordinates":[85.34376597162013,27.697745061230364]}},{"type":"Feature","properties":{},"geometry":{"type":"Point","coordinates":[85.34385230043446,27.6979454165754]}},{"type":"Feature","properties":{},"geometry":{"type":"Point","coordinates":[85.34375755151876,27.698023270122277]}},{"type":"Feature","properties":{},"geometry":{"type":"Point","coordinates":[85.34368202478332,27.69808495326243]}},{"type":"Feature","properties":{},"geometry":{"type":"Point","coordinates":[85.34363613880657,27.698038699895037]}},{"type":"Feature","properties":{},"geometry":{"type":"Point","coordinates":[85.34355094691502,27.698051070040158]}},{"type":"Feature","properties":{},"geometry":{"type":"Point","coordinates":[85.34352447548537,27.698150363642167]}},{"type":"Feature","properties":{},"geometry":{"type":"Point","coordinates":[85.34355373478462,27.698277460202902]}},{"type":"Feature","properties":{},"geometry":{"type":"Point","coordinates":[85.34355680968207,27.698279312027115]}},{"type":"Feature","properties":{},"geometry":{"type":"Point","coordinates":[85.34358110526348,27.69826051369915]}},{"type":"Feature","properties":{},"geometry":{"type":"Point","coordinates":[85.34331824693514,27.698025956575773]}},{"type":"Feature","properties":{},"geometry":{"type":"Point","coordinates":[85.34331155714433,27.697984090105678]}},{"type":"Feature","properties":{},"geometry":{"type":"Point","coordinates":[85.34332701022406,27.697939333269513]}},{"type":"Feature","properties":{},"geometry":{"type":"Point","coordinates":[85.34331440340335,27.697881845000165]}},{"type":"Feature","properties":{},"geometry":{"type":"Point","coordinates":[85.34328837351784,27.697894292020475]}},{"type":"Feature","properties":{},"geometry":{"type":"Point","coordinates":[85.34324927510758,27.69774340459661]}},{"type":"Feature","properties":{},"geometry":{"type":"Point","coordinates":[85.34325771383854,27.697657593317082]}},{"type":"Feature","properties":{},"geometry":{"type":"Point","coordinates":[85.34323592191667,27.697648329575227]}},{"type":"Feature","properties":{},"geometry":{"type":"Point","coordinates":[85.34324413039717,27.698162160323445]}},{"type":"Feature","properties":{},"geometry":{"type":"Point","coordinates":[85.3432541480857,27.6981064184612]}},{"type":"Feature","properties":{},"geometry":{"type":"Point","coordinates":[85.34323218634312,27.698291394814685]}},{"type":"Feature","properties":{},"geometry":{"type":"Point","coordinates":[85.3430175870507,27.698216404821785]}},{"type":"Feature","properties":{},"geometry":{"type":"Point","coordinates":[85.3429138313567,27.69795164992753]}},{"type":"Feature","properties":{},"geometry":{"type":"Point","coordinates":[85.34288627702837,27.697432600136707]}},{"type":"Feature","properties":{},"geometry":{"type":"Point","coordinates":[85.34289058782898,27.697444528432754]}},{"type":"Feature","properties":{},"geometry":{"type":"Point","coordinates":[85.3428013247463,27.69737604830862]}},{"type":"Feature","properties":{},"geometry":{"type":"Point","coordinates":[85.34297987992066,27.697254077999283]}},{"type":"Feature","properties":{},"geometry":{"type":"Point","coordinates":[85.34304722495735,27.69723626520709]}},{"type":"Feature","properties":{},"geometry":{"type":"Point","coordinates":[85.34274842155041,27.697246639655994]}},{"type":"Feature","properties":{},"geometry":{"type":"Point","coordinates":[85.34273549360911,27.697200899644816]}},{"type":"Feature","properties":{},"geometry":{"type":"Point","coordinates":[85.34290860974252,27.697152678744914]}},{"type":"Feature","properties":{},"geometry":{"type":"Point","coordinates":[85.34238169973567,27.69726256963708]}},{"type":"Feature","properties":{},"geometry":{"type":"Point","coordinates":[85.3424509637115,27.69724869177914]}},{"type":"Feature","properties":{},"geometry":{"type":"Point","coordinates":[85.3424828914504,27.697237351652824]}},{"type":"Feature","properties":{},"geometry":{"type":"Point","coordinates":[85.34276622626444,27.69709758036861]}},{"type":"Feature","properties":{},"geometry":{"type":"Point","coordinates":[85.34269936951462,27.6970781116816]}},{"type":"Feature","properties":{},"geometry":{"type":"Point","coordinates":[85.34275045378271,27.697044275404156]}},{"type":"Feature","properties":{},"geometry":{"type":"Point","coordinates":[85.34226049205797,27.698179373355423]}},{"type":"Feature","properties":{},"geometry":{"type":"Point","coordinates":[85.34202643214927,27.69836518704646]}},{"type":"Feature","properties":{},"geometry":{"type":"Point","coordinates":[85.34203242849928,27.698435657092556]}},{"type":"Feature","properties":{},"geometry":{"type":"Point","coordinates":[85.34210976857443,27.699066623044825]}},{"type":"Feature","properties":{},"geometry":{"type":"Point","coordinates":[85.34257624663978,27.699001333554403]}},{"type":"Feature","properties":{},"geometry":{"type":"Point","coordinates":[85.34302049341865,27.69872410960538]}},{"type":"Feature","properties":{},"geometry":{"type":"Point","coordinates":[85.3430200388429,27.698731042994588]}},{"type":"Feature","properties":{},"geometry":{"type":"Point","coordinates":[85.34290872296333,27.698415433506025]}},{"type":"Feature","properties":{},"geometry":{"type":"Point","coordinates":[85.34292434709742,27.698194926368465]}},{"type":"Feature","properties":{},"geometry":{"type":"Point","coordinates":[85.34285918669347,27.698211728194224]}},{"type":"Feature","properties":{},"geometry":{"type":"Point","coordinates":[85.34267103468079,27.698293133668418]}},{"type":"Feature","properties":{},"geometry":{"type":"Point","coordinates":[85.34263088975987,27.698126394665397]}},{"type":"Feature","properties":{},"geometry":{"type":"Point","coordinates":[85.34264585347158,27.698055660184334]}},{"type":"Feature","properties":{},"geometry":{"type":"Point","coordinates":[85.34252193190851,27.697812675090265]}},{"type":"Feature","properties":{},"geometry":{"type":"Point","coordinates":[85.34256145689467,27.69825388307224]}},{"type":"Feature","properties":{},"geometry":{"type":"Point","coordinates":[85.34257319663047,27.69830913983249]}},{"type":"Feature","properties":{},"geometry":{"type":"Point","coordinates":[85.34245988825211,27.698273853637218]}},{"type":"Feature","properties":{},"geometry":{"type":"Point","coordinates":[85.34245141790868,27.698334065345147]}},{"type":"Feature","properties":{},"geometry":{"type":"Point","coordinates":[85.34238889620957,27.698291324610448]}},{"type":"Feature","properties":{},"geometry":{"type":"Point","coordinates":[85.34230836166012,27.698298910250337]}},{"type":"Feature","properties":{},"geometry":{"type":"Point","coordinates":[85.34214327675764,27.69834247996995]}},{"type":"Feature","properties":{},"geometry":{"type":"Point","coordinates":[85.34215154644865,27.698394711365967]}},{"type":"Feature","properties":{},"geometry":{"type":"Point","coordinates":[85.34208734152895,27.69823658690705]}},{"type":"Feature","properties":{},"geometry":{"type":"Point","coordinates":[85.34206373332833,27.698129190097482]}},{"type":"Feature","properties":{},"geometry":{"type":"Point","coordinates":[85.34199237816838,27.69837320636938]}},{"type":"Feature","properties":{},"geometry":{"type":"Point","coordinates":[85.34198553861314,27.698430766914914]}},{"type":"Feature","properties":{},"geometry":{"type":"Point","coordinates":[85.34182039866702,27.698393778209283]}},{"type":"Feature","properties":{},"geometry":{"type":"Point","coordinates":[85.34159788003878,27.698371353350087]}},{"type":"Feature","properties":{},"geometry":{"type":"Point","coordinates":[85.34166698533176,27.698315106368955]}},{"type":"Feature","properties":{},"geometry":{"type":"Point","coordinates":[85.3413977112532,27.698304804725023]}},{"type":"Feature","properties":{},"geometry":{"type":"Point","coordinates":[85.34127030135453,27.698344761437788]}},{"type":"Feature","properties":{},"geometry":{"type":"Point","coordinates":[85.34124930952852,27.698334358020777]}},{"type":"Feature","properties":{},"geometry":{"type":"Point","coordinates":[85.34120631124512,27.69833048986637]}},{"type":"Feature","properties":{},"geometry":{"type":"Point","coordinates":[85.34115099518617,27.698353348524616]}},{"type":"Feature","properties":{},"geometry":{"type":"Point","coordinates":[85.34111563528202,27.69827600658532]}},{"type":"Feature","properties":{},"geometry":{"type":"Point","coordinates":[85.3411293646507,27.698252692982198]}},{"type":"Feature","properties":{},"geometry":{"type":"Point","coordinates":[85.34158628338047,27.698236984955745]}},{"type":"Feature","properties":{},"geometry":{"type":"Point","coordinates":[85.34169469972292,27.69810071374761]}},{"type":"Feature","properties":{},"geometry":{"type":"Point","coordinates":[85.34170385313043,27.698084618044888]}},{"type":"Feature","properties":{},"geometry":{"type":"Point","coordinates":[85.34158090153237,27.698095175444816]}},{"type":"Feature","properties":{},"geometry":{"type":"Point","coordinates":[85.34165518537087,27.698622944983377]}},{"type":"Feature","properties":{},"geometry":{"type":"Point","coordinates":[85.34173652980895,27.69864182326127]}},{"type":"Feature","properties":{},"geometry":{"type":"Point","coordinates":[85.3417370482385,27.698642811448433]}},{"type":"Feature","properties":{},"geometry":{"type":"Point","coordinates":[85.3416849101545,27.698752381444503]}},{"type":"Feature","properties":{},"geometry":{"type":"Point","coordinates":[85.34168584680788,27.698750657054415]}},{"type":"Feature","properties":{},"geometry":{"type":"Point","coordinates":[85.34168490960349,27.698749735152663]}},{"type":"Feature","properties":{},"geometry":{"type":"Point","coordinates":[85.34164715536026,27.698857616354964]}},{"type":"Feature","properties":{},"geometry":{"type":"Point","coordinates":[85.34171833145386,27.698869653341816]}},{"type":"Feature","properties":{},"geometry":{"type":"Point","coordinates":[85.34171741624291,27.698898598082906]}},{"type":"Feature","properties":{},"geometry":{"type":"Point","coordinates":[85.34203006808012,27.698804733310432]}},{"type":"Feature","properties":{},"geometry":{"type":"Point","coordinates":[85.34211035297025,27.698806981781498]}},{"type":"Feature","properties":{},"geometry":{"type":"Point","coordinates":[85.34213794496607,27.69880418303995]}},{"type":"Feature","properties":{},"geometry":{"type":"Point","coordinates":[85.34194951347396,27.698850244667668]}},{"type":"Feature","properties":{},"geometry":{"type":"Point","coordinates":[85.34186077641269,27.6988445987495]}},{"type":"Feature","properties":{},"geometry":{"type":"Point","coordinates":[85.34222840300893,27.6990485882107]}},{"type":"Feature","properties":{},"geometry":{"type":"Point","coordinates":[85.34231803018,27.699012125112063]}},{"type":"Feature","properties":{},"geometry":{"type":"Point","coordinates":[85.34234112879078,27.699034844566366]}},{"type":"Feature","properties":{},"geometry":{"type":"Point","coordinates":[85.34235022988618,27.69900295351697]}},{"type":"Feature","properties":{},"geometry":{"type":"Point","coordinates":[85.34253118050995,27.69896397798685]}},{"type":"Feature","properties":{},"geometry":{"type":"Point","coordinates":[85.34253417142304,27.698962529996514]}},{"type":"Feature","properties":{},"geometry":{"type":"Point","coordinates":[85.34261751350188,27.69895304819195]}},{"type":"Feature","properties":{},"geometry":{"type":"Point","coordinates":[85.34263260208417,27.698998005386404]}},{"type":"Feature","properties":{},"geometry":{"type":"Point","coordinates":[85.3426243385526,27.699190956261962]}},{"type":"Feature","properties":{},"geometry":{"type":"Point","coordinates":[85.34267069650335,27.699200271401896]}},{"type":"Feature","properties":{},"geometry":{"type":"Point","coordinates":[85.34271804005506,27.699222406456677]}},{"type":"Feature","properties":{},"geometry":{"type":"Point","coordinates":[85.34273434123529,27.699278251214402]}},{"type":"Feature","properties":{},"geometry":{"type":"Point","coordinates":[85.34269093674911,27.698988914619814]}},{"type":"Feature","properties":{},"geometry":{"type":"Point","coordinates":[85.34275788678332,27.698956783688146]}},{"type":"Feature","properties":{},"geometry":{"type":"Point","coordinates":[85.34279741627581,27.69897395138942]}},{"type":"Feature","properties":{},"geometry":{"type":"Point","coordinates":[85.34283443802451,27.698967568525855]}},{"type":"Feature","properties":{},"geometry":{"type":"Point","coordinates":[85.3429457982932,27.6989446633691]}},{"type":"Feature","properties":{},"geometry":{"type":"Point","coordinates":[85.34311073515883,27.698910801512906]}},{"type":"Feature","properties":{},"geometry":{"type":"Point","coordinates":[85.34298621176725,27.69886056338818]}},{"type":"Feature","properties":{},"geometry":{"type":"Point","coordinates":[85.34295845023954,27.69874967375775]}},{"type":"Feature","properties":{},"geometry":{"type":"Point","coordinates":[85.34295932959695,27.69875167351002]}},{"type":"Feature","properties":{},"geometry":{"type":"Point","coordinates":[85.34302329518228,27.698712091343655]}},{"type":"Feature","properties":{},"geometry":{"type":"Point","coordinates":[85.34295137695663,27.698713599786988]}},{"type":"Feature","properties":{},"geometry":{"type":"Point","coordinates":[85.34297811849378,27.69858311460592]}},{"type":"Feature","properties":{},"geometry":{"type":"Point","coordinates":[85.34297655702555,27.698558339782807]}},{"type":"Feature","properties":{},"geometry":{"type":"Point","coordinates":[85.34297257344686,27.69851387474902]}},{"type":"Feature","properties":{},"geometry":{"type":"Point","coordinates":[85.34290732047981,27.698470813636]}},{"type":"Feature","properties":{},"geometry":{"type":"Point","coordinates":[85.34296750546879,27.698354258009328]}},{"type":"Feature","properties":{},"geometry":{"type":"Point","coordinates":[85.34308887294956,27.699095735679823]}},{"type":"Feature","properties":{},"geometry":{"type":"Point","coordinates":[85.34302840301983,27.69919622789643]}},{"type":"Feature","properties":{},"geometry":{"type":"Point","coordinates":[85.34304391293402,27.69920733441902]}},{"type":"Feature","properties":{},"geometry":{"type":"Point","coordinates":[85.34300928162749,27.69920818170578]}},{"type":"Feature","properties":{},"geometry":{"type":"Point","coordinates":[85.34316351659389,27.699181056533305]}},{"type":"Feature","properties":{},"geometry":{"type":"Point","coordinates":[85.34312706107153,27.699288231674597]}},{"type":"Feature","properties":{},"geometry":{"type":"Point","coordinates":[85.3431621367692,27.69939732337186]}},{"type":"Feature","properties":{},"geometry":{"type":"Point","coordinates":[85.34324367635153,27.69946375684971]}},{"type":"Feature","properties":{},"geometry":{"type":"Point","coordinates":[85.34324915874781,27.699493656355283]}},{"type":"Feature","properties":{},"geometry":{"type":"Point","coordinates":[85.34319351298666,27.699500064648515]}},{"type":"Feature","properties":{},"geometry":{"type":"Point","coordinates":[85.3431657170319,27.699681553155912]}},{"type":"Feature","properties":{},"geometry":{"type":"Point","coordinates":[85.34322310637639,27.69966310311873]}},{"type":"Feature","properties":{},"geometry":{"type":"Point","coordinates":[85.34319457178343,27.699822803277364]}},{"type":"Feature","properties":{},"geometry":{"type":"Point","coordinates":[85.3432530652243,27.699814103187634]}},{"type":"Feature","properties":{},"geometry":{"type":"Point","coordinates":[85.34321417658404,27.699913848285586]}},{"type":"Feature","properties":{},"geometry":{"type":"Point","coordinates":[85.3432733229475,27.69997108029458]}},{"type":"Feature","properties":{},"geometry":{"type":"Point","coordinates":[85.3432208367416,27.70009394854191]}},{"type":"Feature","properties":{},"geometry":{"type":"Point","coordinates":[85.3432296477725,27.70014461862531]}},{"type":"Feature","properties":{},"geometry":{"type":"Point","coordinates":[85.34326886142675,27.700172390132902]}},{"type":"Feature","properties":{},"geometry":{"type":"Point","coordinates":[85.3432313647503,27.700163533221037]}},{"type":"Feature","properties":{},"geometry":{"type":"Point","coordinates":[85.34321024635095,27.69906144169211]}},{"type":"Feature","properties":{},"geometry":{"type":"Point","coordinates":[85.3432191434467,27.699059754790564]}},{"type":"Feature","properties":{},"geometry":{"type":"Point","coordinates":[85.34329926171331,27.699005313014478]}},{"type":"Feature","properties":{},"geometry":{"type":"Point","coordinates":[85.34331436469375,27.699038460405276]}},{"type":"Feature","properties":{},"geometry":{"type":"Point","coordinates":[85.34339261621156,27.698981997079205]}},{"type":"Feature","properties":{},"geometry":{"type":"Point","coordinates":[85.34340883459224,27.699005546516396]}},{"type":"Feature","properties":{},"geometry":{"type":"Point","coordinates":[85.34341734492826,27.69897864304829]}},{"type":"Feature","properties":{},"geometry":{"type":"Point","coordinates":[85.34351757505272,27.698979521913987]}},{"type":"Feature","properties":{},"geometry":{"type":"Point","coordinates":[85.34350974058994,27.69896771754553]}},{"type":"Feature","properties":{},"geometry":{"type":"Point","coordinates":[85.34371409034391,27.698927455390475]}},{"type":"Feature","properties":{},"geometry":{"type":"Point","coordinates":[85.34375850861318,27.69896053375676]}},{"type":"Feature","properties":{},"geometry":{"type":"Point","coordinates":[85.34382322977329,27.698948331994586]}},{"type":"Feature","properties":{},"geometry":{"type":"Point","coordinates":[85.34379528798337,27.699648240202244]}},{"type":"Feature","properties":{},"geometry":{"type":"Point","coordinates":[85.34381595976578,27.698239948101985]}},{"type":"Feature","properties":{},"geometry":{"type":"Point","coordinates":[85.3438201511961,27.698347093441438]}},{"type":"Feature","properties":{},"geometry":{"type":"Point","coordinates":[85.3437718128943,27.698487949838675]}},{"type":"Feature","properties":{},"geometry":{"type":"Point","coordinates":[85.34373969488557,27.698469366523135]}},{"type":"Feature","properties":{},"geometry":{"type":"Point","coordinates":[85.34372328811983,27.698507246271607]}},{"type":"Feature","properties":{},"geometry":{"type":"Point","coordinates":[85.34358918041676,27.69850374468164]}},{"type":"Feature","properties":{},"geometry":{"type":"Point","coordinates":[85.34351155291577,27.698516837079033]}},{"type":"Feature","properties":{},"geometry":{"type":"Point","coordinates":[85.34348261797601,27.698497243022413]}},{"type":"Feature","properties":{},"geometry":{"type":"Point","coordinates":[85.34342441832538,27.698527963637112]}},{"type":"Feature","properties":{},"geometry":{"type":"Point","coordinates":[85.34332263302,27.698503393034375]}},{"type":"Feature","properties":{},"geometry":{"type":"Point","coordinates":[85.34308038526514,27.698700463777083]}},{"type":"Feature","properties":{},"geometry":{"type":"Point","coordinates":[85.34385036014712,27.69874656669109]}},{"type":"Feature","properties":{},"geometry":{"type":"Point","coordinates":[85.34377801138548,27.698762953520703]}},{"type":"Feature","properties":{},"geometry":{"type":"Point","coordinates":[85.3437066170359,27.698764685235915]}},{"type":"Feature","properties":{},"geometry":{"type":"Point","coordinates":[85.34377352470776,27.698744196231118]}},{"type":"Feature","properties":{},"geometry":{"type":"Point","coordinates":[85.34394174318462,27.699076033153894]}},{"type":"Feature","properties":{},"geometry":{"type":"Point","coordinates":[85.34395523328058,27.699178811240515]}},{"type":"Feature","properties":{},"geometry":{"type":"Point","coordinates":[85.34395415627279,27.69917828209706]}},{"type":"Feature","properties":{},"geometry":{"type":"Point","coordinates":[85.34395334715197,27.69917680035384]}},{"type":"Feature","properties":{},"geometry":{"type":"Point","coordinates":[85.344030853786,27.699351401301737]}},{"type":"Feature","properties":{},"geometry":{"type":"Point","coordinates":[85.34403703469208,27.699420413170206]}},{"type":"Feature","properties":{},"geometry":{"type":"Point","coordinates":[85.34414212829984,27.69962871323894]}},{"type":"Feature","properties":{},"geometry":{"type":"Point","coordinates":[85.34416223372737,27.699722918551064]}},{"type":"Feature","properties":{},"geometry":{"type":"Point","coordinates":[85.34396249621085,27.69955291988305]}},{"type":"Feature","properties":{},"geometry":{"type":"Point","coordinates":[85.34372350661233,27.699610495008738]}},{"type":"Feature","properties":{},"geometry":{"type":"Point","coordinates":[85.3437223087512,27.699607291957037]}},{"type":"Feature","properties":{},"geometry":{"type":"Point","coordinates":[85.34372134377551,27.699603977067177]}},{"type":"Feature","properties":{},"geometry":{"type":"Point","coordinates":[85.3438194934498,27.699711915192317]}},{"type":"Feature","properties":{},"geometry":{"type":"Point","coordinates":[85.34385098645099,27.6996036930996]}},{"type":"Feature","properties":{},"geometry":{"type":"Point","coordinates":[85.34180536297804,27.698946730431597]}},{"type":"Feature","properties":{},"geometry":{"type":"Point","coordinates":[85.34186834299668,27.699175077006682]}},{"type":"Feature","properties":{},"geometry":{"type":"Point","coordinates":[85.3418168136484,27.699142823555096]}},{"type":"Feature","properties":{},"geometry":{"type":"Point","coordinates":[85.341750522932,27.69914433197697]}},{"type":"Feature","properties":{},"geometry":{"type":"Point","coordinates":[85.3414847821404,27.699178324925235]}},{"type":"Feature","properties":{},"geometry":{"type":"Point","coordinates":[85.34143345922537,27.69922409498642]}},{"type":"Feature","properties":{},"geometry":{"type":"Point","coordinates":[85.34125932709271,27.69927882718613]}},{"type":"Feature","properties":{},"geometry":{"type":"Point","coordinates":[85.3412569491576,27.69927755768547]}},{"type":"Feature","properties":{},"geometry":{"type":"Point","coordinates":[85.34123089000028,27.69910570808691]}},{"type":"Feature","properties":{},"geometry":{"type":"Point","coordinates":[85.34117799203729,27.699120583752595]}},{"type":"Feature","properties":{},"geometry":{"type":"Point","coordinates":[85.34097984790814,27.699142008905202]}},{"type":"Feature","properties":{},"geometry":{"type":"Point","coordinates":[85.34071154323223,27.69918962706322]}},{"type":"Feature","properties":{},"geometry":{"type":"Point","coordinates":[85.34060041156063,27.699184846433724]}},{"type":"Feature","properties":{},"geometry":{"type":"Point","coordinates":[85.34058571827246,27.699165356596456]}},{"type":"Feature","properties":{},"geometry":{"type":"Point","coordinates":[85.34061670036338,27.699205109927146]}},{"type":"Feature","properties":{},"geometry":{"type":"Point","coordinates":[85.34051450827646,27.69919174840531]}},{"type":"Feature","properties":{},"geometry":{"type":"Point","coordinates":[85.34052507486437,27.699215906427458]}},{"type":"Feature","properties":{},"geometry":{"type":"Point","coordinates":[85.34053302164804,27.69926510324977]}},{"type":"Feature","properties":{},"geometry":{"type":"Point","coordinates":[85.3414783387287,27.69937657469397]}},{"type":"Feature","properties":{},"geometry":{"type":"Point","coordinates":[85.3415655068681,27.699428736797557]}},{"type":"Feature","properties":{},"geometry":{"type":"Point","coordinates":[85.34148043495748,27.699429400048192]}},{"type":"Feature","properties":{},"geometry":{"type":"Point","coordinates":[85.34156797861793,27.69964195479808]}},{"type":"Feature","properties":{},"geometry":{"type":"Point","coordinates":[85.34147740196151,27.699630646525787]}},{"type":"Feature","properties":{},"geometry":{"type":"Point","coordinates":[85.34127190292953,27.699710226587737]}},{"type":"Feature","properties":{},"geometry":{"type":"Point","coordinates":[85.34117346879395,27.699695755293746]}},{"type":"Feature","properties":{},"geometry":{"type":"Point","coordinates":[85.34108330783994,27.699708451522408]}},{"type":"Feature","properties":{},"geometry":{"type":"Point","coordinates":[85.34108788542284,27.69974463465468]}},{"type":"Feature","properties":{},"geometry":{"type":"Point","coordinates":[85.34088865843971,27.69974975378334]}},{"type":"Feature","properties":{},"geometry":{"type":"Point","coordinates":[85.34089004816217,27.699831233031507]}},{"type":"Feature","properties":{},"geometry":{"type":"Point","coordinates":[85.3407563584374,27.699809459673926]}},{"type":"Feature","properties":{},"geometry":{"type":"Point","coordinates":[85.34071021029503,27.700052366519664]}},{"type":"Feature","properties":{},"geometry":{"type":"Point","coordinates":[85.34076571877111,27.700039239895546]}},{"type":"Feature","properties":{},"geometry":{"type":"Point","coordinates":[85.34072949305896,27.699875408513822]}},{"type":"Feature","properties":{},"geometry":{"type":"Point","coordinates":[85.34064499871434,27.69949906661368]}},{"type":"Feature","properties":{},"geometry":{"type":"Point","coordinates":[85.34067732856211,27.699504903719408]}},{"type":"Feature","properties":{},"geometry":{"type":"Point","coordinates":[85.34067604799462,27.69960985704182]}},{"type":"Feature","properties":{},"geometry":{"type":"Point","coordinates":[85.34059622716686,27.699802900382426]}},{"type":"Feature","properties":{},"geometry":{"type":"Point","coordinates":[85.34055083136091,27.699850023661703]}},{"type":"Feature","properties":{},"geometry":{"type":"Point","coordinates":[85.34059879806328,27.700025389635467]}},{"type":"Feature","properties":{},"geometry":{"type":"Point","coordinates":[85.34175775194775,27.699648489837227]}},{"type":"Feature","properties":{},"geometry":{"type":"Point","coordinates":[85.34195026823605,27.699571714829066]}},{"type":"Feature","properties":{},"geometry":{"type":"Point","coordinates":[85.34207115997995,27.69957718980598]}},{"type":"Feature","properties":{},"geometry":{"type":"Point","coordinates":[85.34204853977386,27.69954898039068]}},{"type":"Feature","properties":{},"geometry":{"type":"Point","coordinates":[85.34218705175563,27.699515031565973]}},{"type":"Feature","properties":{},"geometry":{"type":"Point","coordinates":[85.34218603869762,27.69951557179745]}},{"type":"Feature","properties":{},"geometry":{"type":"Point","coordinates":[85.34230497302029,27.69966390629527]}},{"type":"Feature","properties":{},"geometry":{"type":"Point","coordinates":[85.34225627985435,27.699699660028227]}},{"type":"Feature","properties":{},"geometry":{"type":"Point","coordinates":[85.34227066868426,27.699768703431626]}},{"type":"Feature","properties":{},"geometry":{"type":"Point","coordinates":[85.34223206283106,27.699766559701157]}},{"type":"Feature","properties":{},"geometry":{"type":"Point","coordinates":[85.34233826130736,27.699732539690025]}},{"type":"Feature","properties":{},"geometry":{"type":"Point","coordinates":[85.34246588987915,27.69970349471866]}},{"type":"Feature","properties":{},"geometry":{"type":"Point","coordinates":[85.34257603688722,27.69969148000818]}},{"type":"Feature","properties":{},"geometry":{"type":"Point","coordinates":[85.34261042840286,27.699639608638844]}},{"type":"Feature","properties":{},"geometry":{"type":"Point","coordinates":[85.34275522787544,27.699637161414152]}},{"type":"Feature","properties":{},"geometry":{"type":"Point","coordinates":[85.34158844284131,27.699833465318957]}},{"type":"Feature","properties":{},"geometry":{"type":"Point","coordinates":[85.34152582805424,27.699924128493453]}},{"type":"Feature","properties":{},"geometry":{"type":"Point","coordinates":[85.34160566812308,27.69988871835444]}},{"type":"Feature","properties":{},"geometry":{"type":"Point","coordinates":[85.34180681049597,27.70011897352403]}},{"type":"Feature","properties":{},"geometry":{"type":"Point","coordinates":[85.3418220599821,27.700117592952676]}},{"type":"Feature","properties":{},"geometry":{"type":"Point","coordinates":[85.34197877862005,27.700056136909822]}},{"type":"Feature","properties":{},"geometry":{"type":"Point","coordinates":[85.34207960348287,27.700091589941625]}},{"type":"Feature","properties":{},"geometry":{"type":"Point","coordinates":[85.34208025123063,27.700092006555217]}},{"type":"Feature","properties":{},"geometry":{"type":"Point","coordinates":[85.34144461878167,27.700256408775346]}},{"type":"Feature","properties":{},"geometry":{"type":"Point","coordinates":[85.34121714455247,27.70027518040662]}},{"type":"Feature","properties":{},"geometry":{"type":"Point","coordinates":[85.34115361346348,27.700320191227398]}},{"type":"Feature","properties":{},"geometry":{"type":"Point","coordinates":[85.34112618859054,27.700333568775708]}},{"type":"Feature","properties":{},"geometry":{"type":"Point","coordinates":[85.3415175972983,27.700428940453843]}},{"type":"Feature","properties":{},"geometry":{"type":"Point","coordinates":[85.3414041136255,27.700436039631132]}},{"type":"Feature","properties":{},"geometry":{"type":"Point","coordinates":[85.34140343469771,27.700462896879916]}},{"type":"Feature","properties":{},"geometry":{"type":"Point","coordinates":[85.34141139284412,27.700457662649004]}},{"type":"Feature","properties":{},"geometry":{"type":"Point","coordinates":[85.34141464984795,27.700456861392862]}},{"type":"Feature","properties":{},"geometry":{"type":"Point","coordinates":[85.34170839670402,27.700560046491326]}},{"type":"Feature","properties":{},"geometry":{"type":"Point","coordinates":[85.34172008016112,27.700593121491266]}},{"type":"Feature","properties":{},"geometry":{"type":"Point","coordinates":[85.34174876624749,27.700704637933747]}},{"type":"Feature","properties":{},"geometry":{"type":"Point","coordinates":[85.34171661800045,27.70081022969191]}},{"type":"Feature","properties":{},"geometry":{"type":"Point","coordinates":[85.34158510049872,27.700894576375934]}},{"type":"Feature","properties":{},"geometry":{"type":"Point","coordinates":[85.34139526514201,27.700829643330447]}},{"type":"Feature","properties":{},"geometry":{"type":"Point","coordinates":[85.34132835823651,27.7007495967016]}},{"type":"Feature","properties":{},"geometry":{"type":"Point","coordinates":[85.34136023188061,27.700773691345955]}},{"type":"Feature","properties":{},"geometry":{"type":"Point","coordinates":[85.34134555286414,27.7007994331777]}},{"type":"Feature","properties":{},"geometry":{"type":"Point","coordinates":[85.34153128150746,27.69769290345397]}},{"type":"Feature","properties":{},"geometry":{"type":"Point","coordinates":[85.34135685867875,27.69771586161652]}},{"type":"Feature","properties":{},"geometry":{"type":"Point","coordinates":[85.34132378164033,27.69771990500515]}},{"type":"Feature","properties":{},"geometry":{"type":"Point","coordinates":[85.3412039036444,27.697698627955447]}},{"type":"Feature","properties":{},"geometry":{"type":"Point","coordinates":[85.34117105022145,27.697739513489804]}},{"type":"Feature","properties":{},"geometry":{"type":"Point","coordinates":[85.34114515634417,27.697705876474988]}},{"type":"Feature","properties":{},"geometry":{"type":"Point","coordinates":[85.34094140534737,27.697727568422494]}},{"type":"Feature","properties":{},"geometry":{"type":"Point","coordinates":[85.34093412162082,27.69776491993632]}},{"type":"Feature","properties":{},"geometry":{"type":"Point","coordinates":[85.34090638550869,27.697731407919385]}},{"type":"Feature","properties":{},"geometry":{"type":"Point","coordinates":[85.34078118864647,27.69778135490279]}},{"type":"Feature","properties":{},"geometry":{"type":"Point","coordinates":[85.34077131134042,27.697923191841777]}},{"type":"Feature","properties":{},"geometry":{"type":"Point","coordinates":[85.34062353987055,27.697952398231102]}},{"type":"Feature","properties":{},"geometry":{"type":"Point","coordinates":[85.34053488287033,27.697945335438508]}},{"type":"Feature","properties":{},"geometry":{"type":"Point","coordinates":[85.34045491621005,27.697948572895925]}},{"type":"Feature","properties":{},"geometry":{"type":"Point","coordinates":[85.34078725977132,27.698018099571524]}},{"type":"Feature","properties":{},"geometry":{"type":"Point","coordinates":[85.34075890000587,27.698023736401787]}},{"type":"Feature","properties":{},"geometry":{"type":"Point","coordinates":[85.34065844801567,27.69813156177529]}},{"type":"Feature","properties":{},"geometry":{"type":"Point","coordinates":[85.34056530973784,27.698163255055583]}},{"type":"Feature","properties":{},"geometry":{"type":"Point","coordinates":[85.34046425861165,27.69821448484644]}},{"type":"Feature","properties":{},"geometry":{"type":"Point","coordinates":[85.34089974355064,27.698104426521333]}},{"type":"Feature","properties":{},"geometry":{"type":"Point","coordinates":[85.34083303699472,27.698121066252916]}},{"type":"Feature","properties":{},"geometry":{"type":"Point","coordinates":[85.34098930619977,27.698084539781078]}},{"type":"Feature","properties":{},"geometry":{"type":"Point","coordinates":[85.34102846662304,27.698048165015994]}},{"type":"Feature","properties":{},"geometry":{"type":"Point","coordinates":[85.34113413459283,27.698019229922338]}},{"type":"Feature","properties":{},"geometry":{"type":"Point","coordinates":[85.34116419850828,27.698037152012322]}},{"type":"Feature","properties":{},"geometry":{"type":"Point","coordinates":[85.34118270817626,27.698031518022624]}},{"type":"Feature","properties":{},"geometry":{"type":"Point","coordinates":[85.33988480845943,27.697567120040734]}},{"type":"Feature","properties":{},"geometry":{"type":"Point","coordinates":[85.33983812336443,27.697534595444083]}},{"type":"Feature","properties":{},"geometry":{"type":"Point","coordinates":[85.33977702536181,27.697581723363054]}},{"type":"Feature","properties":{},"geometry":{"type":"Point","coordinates":[85.33975671532738,27.697531185071973]}},{"type":"Feature","properties":{},"geometry":{"type":"Point","coordinates":[85.33971804123458,27.697540774835915]}},{"type":"Feature","properties":{},"geometry":{"type":"Point","coordinates":[85.33955760693209,27.69755070857073]}},{"type":"Feature","properties":{},"geometry":{"type":"Point","coordinates":[85.33954000211361,27.697587466888425]}},{"type":"Feature","properties":{},"geometry":{"type":"Point","coordinates":[85.33932565689733,27.697580556571474]}},{"type":"Feature","properties":{},"geometry":{"type":"Point","coordinates":[85.33917443644803,27.69763229829811]}},{"type":"Feature","properties":{},"geometry":{"type":"Point","coordinates":[85.33909583788137,27.697612835045792]}},{"type":"Feature","properties":{},"geometry":{"type":"Point","coordinates":[85.33908494534788,27.697615456256575]}},{"type":"Feature","properties":{},"geometry":{"type":"Point","coordinates":[85.33893522648407,27.69763036993257]}},{"type":"Feature","properties":{},"geometry":{"type":"Point","coordinates":[85.33882077213649,27.697688158115543]}},{"type":"Feature","properties":{},"geometry":{"type":"Point","coordinates":[85.33874132967865,27.69770004642471]}},{"type":"Feature","properties":{},"geometry":{"type":"Point","coordinates":[85.33877250623051,27.697529310126395]}},{"type":"Feature","properties":{},"geometry":{"type":"Point","coordinates":[85.33877689014314,27.697538858480655]}},{"type":"Feature","properties":{},"geometry":{"type":"Point","coordinates":[85.3387831347818,27.697395950163664]}},{"type":"Feature","properties":{},"geometry":{"type":"Point","coordinates":[85.33931491006093,27.69773972005124]}},{"type":"Feature","properties":{},"geometry":{"type":"Point","coordinates":[85.33931884500467,27.69777818981033]}},{"type":"Feature","properties":{},"geometry":{"type":"Point","coordinates":[85.33935547545454,27.69776414862973]}},{"type":"Feature","properties":{},"geometry":{"type":"Point","coordinates":[85.33936271857152,27.697805935235955]}},{"type":"Feature","properties":{},"geometry":{"type":"Point","coordinates":[85.33947028816198,27.69794055319782]}},{"type":"Feature","properties":{},"geometry":{"type":"Point","coordinates":[85.33951804637408,27.697918336540845]}},{"type":"Feature","properties":{},"geometry":{"type":"Point","coordinates":[85.33952669630848,27.697922256274804]}},{"type":"Feature","properties":{},"geometry":{"type":"Point","coordinates":[85.33949977707383,27.698094097107337]}},{"type":"Feature","properties":{},"geometry":{"type":"Point","coordinates":[85.3395616503651,27.698117089803418]}},{"type":"Feature","properties":{},"geometry":{"type":"Point","coordinates":[85.3395920969389,27.69810851155843]}},{"type":"Feature","properties":{},"geometry":{"type":"Point","coordinates":[85.33929635047632,27.698110306579384]}},{"type":"Feature","properties":{},"geometry":{"type":"Point","coordinates":[85.33927110659975,27.698238238417275]}},{"type":"Feature","properties":{},"geometry":{"type":"Point","coordinates":[85.33930282965451,27.69795508210466]}},{"type":"Feature","properties":{},"geometry":{"type":"Point","coordinates":[85.33922559998197,27.69799380032788]}},{"type":"Feature","properties":{},"geometry":{"type":"Point","coordinates":[85.33904261157268,27.697967101764885]}},{"type":"Feature","properties":{},"geometry":{"type":"Point","coordinates":[85.33902456650988,27.69797559671456]}},{"type":"Feature","properties":{},"geometry":{"type":"Point","coordinates":[85.33905809972627,27.698109181437573]}},{"type":"Feature","properties":{},"geometry":{"type":"Point","coordinates":[85.33906504978836,27.698190269790263]}},{"type":"Feature","properties":{},"geometry":{"type":"Point","coordinates":[85.3390644597268,27.698191201365855]}},{"type":"Feature","properties":{},"geometry":{"type":"Point","coordinates":[85.33900914514584,27.698176173637822]}},{"type":"Feature","properties":{},"geometry":{"type":"Point","coordinates":[85.3390817219331,27.698305992888596]}},{"type":"Feature","properties":{},"geometry":{"type":"Point","coordinates":[85.33908673798906,27.698392325332577]}},{"type":"Feature","properties":{},"geometry":{"type":"Point","coordinates":[85.3390607580297,27.69845614631559]}},{"type":"Feature","properties":{},"geometry":{"type":"Point","coordinates":[85.33892917183508,27.69821994645743]}},{"type":"Feature","properties":{},"geometry":{"type":"Point","coordinates":[85.3387999519945,27.698226175145443]}},{"type":"Feature","properties":{},"geometry":{"type":"Point","coordinates":[85.33857561681238,27.69806608625097]}},{"type":"Feature","properties":{},"geometry":{"type":"Point","coordinates":[85.33861671962585,27.698049875053474]}},{"type":"Feature","properties":{},"geometry":{"type":"Point","coordinates":[85.3385286936483,27.6977732198826]}},{"type":"Feature","properties":{},"geometry":{"type":"Point","coordinates":[85.33847526156853,27.697755499663128]}},{"type":"Feature","properties":{},"geometry":{"type":"Point","coordinates":[85.3385192169212,27.697806414846642]}},{"type":"Feature","properties":{},"geometry":{"type":"Point","coordinates":[85.33885321463102,27.69911131177782]}},{"type":"Feature","properties":{},"geometry":{"type":"Point","coordinates":[85.33878417694135,27.699123535213403]}},{"type":"Feature","properties":{},"geometry":{"type":"Point","coordinates":[85.33876798636742,27.69912519658775]}},{"type":"Feature","properties":{},"geometry":{"type":"Point","coordinates":[85.3385405720424,27.699139615199616]}},{"type":"Feature","properties":{},"geometry":{"type":"Point","coordinates":[85.33854639633309,27.69913420660475]}},{"type":"Feature","properties":{},"geometry":{"type":"Point","coordinates":[85.33856645047106,27.69918581963083]}},{"type":"Feature","properties":{},"geometry":{"type":"Point","coordinates":[85.33868164345819,27.69913206687216]}},{"type":"Feature","properties":{},"geometry":{"type":"Point","coordinates":[85.33892860164697,27.699073873169453]}},{"type":"Feature","properties":{},"geometry":{"type":"Point","coordinates":[85.33896827333947,27.699042574795264]}},{"type":"Feature","properties":{},"geometry":{"type":"Point","coordinates":[85.33920147880727,27.698980184793186]}},{"type":"Feature","properties":{},"geometry":{"type":"Point","coordinates":[85.33922043128293,27.698927643524726]}},{"type":"Feature","properties":{},"geometry":{"type":"Point","coordinates":[85.33925305674276,27.698891371412394]}},{"type":"Feature","properties":{},"geometry":{"type":"Point","coordinates":[85.3393334829082,27.698935251610536]}},{"type":"Feature","properties":{},"geometry":{"type":"Point","coordinates":[85.33944090821703,27.698841763119496]}},{"type":"Feature","properties":{},"geometry":{"type":"Point","coordinates":[85.33948576959823,27.698880913283126]}},{"type":"Feature","properties":{},"geometry":{"type":"Point","coordinates":[85.33958641158193,27.69878363472606]}},{"type":"Feature","properties":{},"geometry":{"type":"Point","coordinates":[85.33964956460946,27.698770946793992]}},{"type":"Feature","properties":{},"geometry":{"type":"Point","coordinates":[85.3396893987945,27.698814771393465]}},{"type":"Feature","properties":{},"geometry":{"type":"Point","coordinates":[85.33938283376217,27.698617930336614]}},{"type":"Feature","properties":{},"geometry":{"type":"Point","coordinates":[85.33939520129356,27.698602883308094]}},{"type":"Feature","properties":{},"geometry":{"type":"Point","coordinates":[85.33914023674596,27.69858614310838]}},{"type":"Feature","properties":{},"geometry":{"type":"Point","coordinates":[85.33890174533508,27.698624075433123]}},{"type":"Feature","properties":{},"geometry":{"type":"Point","coordinates":[85.3388294682453,27.69862832840653]}},{"type":"Feature","properties":{},"geometry":{"type":"Point","coordinates":[85.33859957482959,27.698645951248025]}},{"type":"Feature","properties":{},"geometry":{"type":"Point","coordinates":[85.33843438797216,27.69876353625698]}},{"type":"Feature","properties":{},"geometry":{"type":"Point","coordinates":[85.34052434828449,27.696271523311243]}},{"type":"Feature","properties":{},"geometry":{"type":"Point","coordinates":[85.34027648340575,27.696098723397363]}},{"type":"Feature","properties":{},"geometry":{"type":"Point","coordinates":[85.34054233855588,27.695316691649246]}},{"type":"Feature","properties":{},"geometry":{"type":"Point","coordinates":[85.33990778999363,27.695707148678473]}},{"type":"Feature","properties":{},"geometry":{"type":"Point","coordinates":[85.33987363314345,27.695485092011268]}},{"type":"Feature","properties":{},"geometry":{"type":"Point","coordinates":[85.33980590303811,27.695460586985515]}},{"type":"Feature","properties":{},"geometry":{"type":"Point","coordinates":[85.34024216293747,27.69664972844886]}},{"type":"Feature","properties":{},"geometry":{"type":"Point","coordinates":[85.34065599287922,27.696169396858767]}},{"type":"Feature","properties":{},"geometry":{"type":"Point","coordinates":[85.34061289643022,27.696172209872064]}},{"type":"Feature","properties":{},"geometry":{"type":"Point","coordinates":[85.34053224831119,27.696186864666508]}},{"type":"Feature","properties":{},"geometry":{"type":"Point","coordinates":[85.34027900157643,27.696085156624367]}},{"type":"Feature","properties":{},"geometry":{"type":"Point","coordinates":[85.34038065656178,27.69596995847373]}},{"type":"Feature","properties":{},"geometry":{"type":"Point","coordinates":[85.34042657287029,27.695888523645376]}},{"type":"Feature","properties":{},"geometry":{"type":"Point","coordinates":[85.3404339288179,27.695851627000323]}},{"type":"Feature","properties":{},"geometry":{"type":"Point","coordinates":[85.34044844133065,27.695826200034652]}},{"type":"Feature","properties":{},"geometry":{"type":"Point","coordinates":[85.34043356468298,27.695770132933305]}},{"type":"Feature","properties":{},"geometry":{"type":"Point","coordinates":[85.3404818217688,27.695752465332337]}},{"type":"Feature","properties":{},"geometry":{"type":"Point","coordinates":[85.34047522161194,27.695733640198213]}},{"type":"Feature","properties":{},"geometry":{"type":"Point","coordinates":[85.34061786354053,27.695766093477268]}},{"type":"Feature","properties":{},"geometry":{"type":"Point","coordinates":[85.34051951007254,27.69562835842044]}},{"type":"Feature","properties":{},"geometry":{"type":"Point","coordinates":[85.34051002357893,27.695603201581065]}},{"type":"Feature","properties":{},"geometry":{"type":"Point","coordinates":[85.3405112347612,27.695579843584913]}},{"type":"Feature","properties":{},"geometry":{"type":"Point","coordinates":[85.34061525639062,27.695621451574244]}},{"type":"Feature","properties":{},"geometry":{"type":"Point","coordinates":[85.34075301163335,27.69563756137975]}},{"type":"Feature","properties":{},"geometry":{"type":"Point","coordinates":[85.34079218639839,27.695641411802328]}},{"type":"Feature","properties":{},"geometry":{"type":"Point","coordinates":[85.34086853693529,27.6956441137878]}},{"type":"Feature","properties":{},"geometry":{"type":"Point","coordinates":[85.34055302815327,27.695415881282006]}},{"type":"Feature","properties":{},"geometry":{"type":"Point","coordinates":[85.3405837001086,27.695227182975145]}},{"type":"Feature","properties":{},"geometry":{"type":"Point","coordinates":[85.3403008030454,27.695682725024366]}},{"type":"Feature","properties":{},"geometry":{"type":"Point","coordinates":[85.34031074956432,27.695638870069114]}},{"type":"Feature","properties":{},"geometry":{"type":"Point","coordinates":[85.3402701316266,27.69569937679964]}},{"type":"Feature","properties":{},"geometry":{"type":"Point","coordinates":[85.3402220466274,27.695676183305686]}},{"type":"Feature","properties":{},"geometry":{"type":"Point","coordinates":[85.34020976322216,27.695739246349383]}},{"type":"Feature","properties":{},"geometry":{"type":"Point","coordinates":[85.33998522852829,27.695795016449324]}},{"type":"Feature","properties":{},"geometry":{"type":"Point","coordinates":[85.34003732154605,27.69566497842583]}},{"type":"Feature","properties":{},"geometry":{"type":"Point","coordinates":[85.33987484853725,27.695688066350936]}},{"type":"Feature","properties":{},"geometry":{"type":"Point","coordinates":[85.3398945579019,27.695601794783506]}},{"type":"Feature","properties":{},"geometry":{"type":"Point","coordinates":[85.34035430645437,27.696422189867643]}},{"type":"Feature","properties":{},"geometry":{"type":"Point","coordinates":[85.34031962545286,27.696425978235094]}},{"type":"Feature","properties":{},"geometry":{"type":"Point","coordinates":[85.3402318520482,27.696580409728835]}},{"type":"Feature","properties":{},"geometry":{"type":"Point","coordinates":[85.34022070191978,27.69660381644462]}},{"type":"Feature","properties":{},"geometry":{"type":"Point","coordinates":[85.3401969304388,27.696739549788585]}},{"type":"Feature","properties":{},"geometry":{"type":"Point","coordinates":[85.34047614047364,27.696734715085235]}},{"type":"Feature","properties":{},"geometry":{"type":"Point","coordinates":[85.34059192182568,27.69670511185167]}},{"type":"Feature","properties":{},"geometry":{"type":"Point","coordinates":[85.34061485670588,27.696780560362946]}},{"type":"Feature","properties":{},"geometry":{"type":"Point","coordinates":[85.34061118811,27.696790746831258]}},{"type":"Feature","properties":{},"geometry":{"type":"Point","coordinates":[85.34015275301137,27.696766274561003]}},{"type":"Feature","properties":{},"geometry":{"type":"Point","coordinates":[85.34007363978189,27.696671358612804]}},{"type":"Feature","properties":{},"geometry":{"type":"Point","coordinates":[85.33997487300779,27.696720601884596]}},{"type":"Feature","properties":{},"geometry":{"type":"Point","coordinates":[85.33986370702517,27.696769176539004]}},{"type":"Feature","properties":{},"geometry":{"type":"Point","coordinates":[85.33988155315532,27.696796119622054]}},{"type":"Feature","properties":{},"geometry":{"type":"Point","coordinates":[85.34003046304828,27.696838736528345]}},{"type":"Feature","properties":{},"geometry":{"type":"Point","coordinates":[85.34015365836419,27.6968582898397]}},{"type":"Feature","properties":{},"geometry":{"type":"Point","coordinates":[85.34018365655008,27.69707693546694]}},{"type":"Feature","properties":{},"geometry":{"type":"Point","coordinates":[85.34015632019282,27.697137851364644]}},{"type":"Feature","properties":{},"geometry":{"type":"Point","coordinates":[85.34014216877058,27.699269760069864]}},{"type":"Feature","properties":{},"geometry":{"type":"Point","coordinates":[85.34053376306294,27.697636243726897]}},{"type":"Feature","properties":{},"geometry":{"type":"Point","coordinates":[85.34046334239352,27.697078173481145]}},{"type":"Feature","properties":{},"geometry":{"type":"Point","coordinates":[85.34046274060822,27.69707391614669]}},{"type":"Feature","properties":{},"geometry":{"type":"Point","coordinates":[85.34037817988401,27.696964848021096]}},{"type":"Feature","properties":{},"geometry":{"type":"Point","coordinates":[85.34038298006293,27.696925176990423]}},{"type":"Feature","properties":{},"geometry":{"type":"Point","coordinates":[85.34157191643827,27.698502795216843]}},{"type":"Feature","properties":{},"geometry":{"type":"Point","coordinates":[85.34146395144961,27.69852636000158]}},{"type":"Feature","properties":{},"geometry":{"type":"Point","coordinates":[85.34131746615657,27.698498431967344]}},{"type":"Feature","properties":{},"geometry":{"type":"Point","coordinates":[85.34132024707932,27.698497325360098]}},{"type":"Feature","properties":{},"geometry":{"type":"Point","coordinates":[85.34132433338314,27.698597246304566]}},{"type":"Feature","properties":{},"geometry":{"type":"Point","coordinates":[85.34136042166988,27.698768996730436]}},{"type":"Feature","properties":{},"geometry":{"type":"Point","coordinates":[85.34125599661225,27.698564901403383]}},{"type":"Feature","properties":{},"geometry":{"type":"Point","coordinates":[85.34114220686634,27.698582442907405]}},{"type":"Feature","properties":{},"geometry":{"type":"Point","coordinates":[85.3410818270071,27.698536426622518]}},{"type":"Feature","properties":{},"geometry":{"type":"Point","coordinates":[85.34108304174906,27.698537166830366]}},{"type":"Feature","properties":{},"geometry":{"type":"Point","coordinates":[85.34106364861258,27.69853697958243]}},{"type":"Feature","properties":{},"geometry":{"type":"Point","coordinates":[85.34105991616893,27.698593422028353]}},{"type":"Feature","properties":{},"geometry":{"type":"Point","coordinates":[85.3409973188003,27.69860518854475]}},{"type":"Feature","properties":{},"geometry":{"type":"Point","coordinates":[85.34091166468122,27.698564543674774]}},{"type":"Feature","properties":{},"geometry":{"type":"Point","coordinates":[85.34089190812993,27.69862766522085]}},{"type":"Feature","properties":{},"geometry":{"type":"Point","coordinates":[85.34082265145024,27.69862946168075]}},{"type":"Feature","properties":{},"geometry":{"type":"Point","coordinates":[85.3407840751131,27.69863565208492]}},{"type":"Feature","properties":{},"geometry":{"type":"Point","coordinates":[85.340707924598,27.69859271207283]}},{"type":"Feature","properties":{},"geometry":{"type":"Point","coordinates":[85.34065046005145,27.698661254553766]}},{"type":"Feature","properties":{},"geometry":{"type":"Point","coordinates":[85.34065131008133,27.698661101379713]}},{"type":"Feature","properties":{},"geometry":{"type":"Point","coordinates":[85.34113951483474,27.698528057115567]}},{"type":"Feature","properties":{},"geometry":{"type":"Point","coordinates":[85.34051153816705,27.698508207895102]}},{"type":"Feature","properties":{},"geometry":{"type":"Point","coordinates":[85.34049867648713,27.698417997023796]}},{"type":"Feature","properties":{},"geometry":{"type":"Point","coordinates":[85.34043503972163,27.698637593358978]}},{"type":"Feature","properties":{},"geometry":{"type":"Point","coordinates":[85.34048562633241,27.69868352321767]}},{"type":"Feature","properties":{},"geometry":{"type":"Point","coordinates":[85.34050148180516,27.69868644529764]}},{"type":"Feature","properties":{},"geometry":{"type":"Point","coordinates":[85.34027830310215,27.6986633316744]}},{"type":"Feature","properties":{},"geometry":{"type":"Point","coordinates":[85.3402563336743,27.69871639652162]}},{"type":"Feature","properties":{},"geometry":{"type":"Point","coordinates":[85.34018939625615,27.698734859925228]}},{"type":"Feature","properties":{},"geometry":{"type":"Point","coordinates":[85.34015559670328,27.698741596603075]}},{"type":"Feature","properties":{},"geometry":{"type":"Point","coordinates":[85.34010351026258,27.698519593135185]}},{"type":"Feature","properties":{},"geometry":{"type":"Point","coordinates":[85.3401038785893,27.698517500019044]}},{"type":"Feature","properties":{},"geometry":{"type":"Point","coordinates":[85.34014595374519,27.698450568446283]}},{"type":"Feature","properties":{},"geometry":{"type":"Point","coordinates":[85.34001376830193,27.69876737345063]}},{"type":"Feature","properties":{},"geometry":{"type":"Point","coordinates":[85.33992061802687,27.698729732948113]}},{"type":"Feature","properties":{},"geometry":{"type":"Point","coordinates":[85.33987362819613,27.6988169986827]}},{"type":"Feature","properties":{},"geometry":{"type":"Point","coordinates":[85.33991350694819,27.6988608336832]}},{"type":"Feature","properties":{},"geometry":{"type":"Point","coordinates":[85.33988325036508,27.698912921811633]}},{"type":"Feature","properties":{},"geometry":{"type":"Point","coordinates":[85.33992860972027,27.698952748404906]}},{"type":"Feature","properties":{},"geometry":{"type":"Point","coordinates":[85.3398925186487,27.699041003152075]}},{"type":"Feature","properties":{},"geometry":{"type":"Point","coordinates":[85.33992063872388,27.699055443622754]}},{"type":"Feature","properties":{},"geometry":{"type":"Point","coordinates":[85.33986104048849,27.699110216997635]}},{"type":"Feature","properties":{},"geometry":{"type":"Point","coordinates":[85.33988359365827,27.69915125302292]}},{"type":"Feature","properties":{},"geometry":{"type":"Point","coordinates":[85.33998610840983,27.699158763115932]}},{"type":"Feature","properties":{},"geometry":{"type":"Point","coordinates":[85.34012880954938,27.69914979327977]}},{"type":"Feature","properties":{},"geometry":{"type":"Point","coordinates":[85.34014707003152,27.699120839908343]}},{"type":"Feature","properties":{},"geometry":{"type":"Point","coordinates":[85.34026137497614,27.699126323220664]}},{"type":"Feature","properties":{},"geometry":{"type":"Point","coordinates":[85.34025524360142,27.69913333475248]}},{"type":"Feature","properties":{},"geometry":{"type":"Point","coordinates":[85.33960921162951,27.69927275038849]}},{"type":"Feature","properties":{},"geometry":{"type":"Point","coordinates":[85.33962108296402,27.699300129987297]}},{"type":"Feature","properties":{},"geometry":{"type":"Point","coordinates":[85.33968233032992,27.69943679521955]}},{"type":"Feature","properties":{},"geometry":{"type":"Point","coordinates":[85.33970795023646,27.699500650276228]}},{"type":"Feature","properties":{},"geometry":{"type":"Point","coordinates":[85.33988696671068,27.69927610202837]}},{"type":"Feature","properties":{},"geometry":{"type":"Point","coordinates":[85.33991422690629,27.69931680819932]}},{"type":"Feature","properties":{},"geometry":{"type":"Point","coordinates":[85.33998759157643,27.699451836967604]}},{"type":"Feature","properties":{},"geometry":{"type":"Point","coordinates":[85.33999541322984,27.699498901385557]}},{"type":"Feature","properties":{},"geometry":{"type":"Point","coordinates":[85.34004923546169,27.69954123291561]}},{"type":"Feature","properties":{},"geometry":{"type":"Point","coordinates":[85.3400781202757,27.699546224680393]}},{"type":"Feature","properties":{},"geometry":{"type":"Point","coordinates":[85.33998129958287,27.69929499538768]}},{"type":"Feature","properties":{},"geometry":{"type":"Point","coordinates":[85.34027481483034,27.699239161707162]}},{"type":"Feature","properties":{},"geometry":{"type":"Point","coordinates":[85.34000313669708,27.699418322052576]}},{"type":"Feature","properties":{},"geometry":{"type":"Point","coordinates":[85.34011261005159,27.69956659544265]}},{"type":"Feature","properties":{},"geometry":{"type":"Point","coordinates":[85.34006124335421,27.69957299871707]}},{"type":"Feature","properties":{},"geometry":{"type":"Point","coordinates":[85.34011254330389,27.69966353689637]}},{"type":"Feature","properties":{},"geometry":{"type":"Point","coordinates":[85.34016331375108,27.699715564920705]}},{"type":"Feature","properties":{},"geometry":{"type":"Point","coordinates":[85.34019386711233,27.699798522900803]}},{"type":"Feature","properties":{},"geometry":{"type":"Point","coordinates":[85.34020809687492,27.699820165224217]}},{"type":"Feature","properties":{},"geometry":{"type":"Point","coordinates":[85.34021907127389,27.699904683642647]}},{"type":"Feature","properties":{},"geometry":{"type":"Point","coordinates":[85.34023044032362,27.699930826993047]}},{"type":"Feature","properties":{},"geometry":{"type":"Point","coordinates":[85.33989555679365,27.700004572016656]}},{"type":"Feature","properties":{},"geometry":{"type":"Point","coordinates":[85.33989413789477,27.70000445662401]}},{"type":"Feature","properties":{},"geometry":{"type":"Point","coordinates":[85.33986461026834,27.700045341966494]}},{"type":"Feature","properties":{},"geometry":{"type":"Point","coordinates":[85.3399119914412,27.700040991221037]}},{"type":"Feature","properties":{},"geometry":{"type":"Point","coordinates":[85.33996030284113,27.700208459669884]}},{"type":"Feature","properties":{},"geometry":{"type":"Point","coordinates":[85.33991187181,27.700230916578]}},{"type":"Feature","properties":{},"geometry":{"type":"Point","coordinates":[85.33992134289423,27.700274523240747]}},{"type":"Feature","properties":{},"geometry":{"type":"Point","coordinates":[85.3399721135482,27.700339278229713]}},{"type":"Feature","properties":{},"geometry":{"type":"Point","coordinates":[85.3399599252957,27.700451204708227]}},{"type":"Feature","properties":{},"geometry":{"type":"Point","coordinates":[85.33995977327231,27.700452338296106]}},{"type":"Feature","properties":{},"geometry":{"type":"Point","coordinates":[85.33996038127219,27.70045430863783]}},{"type":"Feature","properties":{},"geometry":{"type":"Point","coordinates":[85.3398970437353,27.700168813754]}},{"type":"Feature","properties":{},"geometry":{"type":"Point","coordinates":[85.33997628367219,27.70054592967391]}},{"type":"Feature","properties":{},"geometry":{"type":"Point","coordinates":[85.33982728041184,27.700609839692824]}},{"type":"Feature","properties":{},"geometry":{"type":"Point","coordinates":[85.3399046131429,27.700664511321605]}},{"type":"Feature","properties":{},"geometry":{"type":"Point","coordinates":[85.34014819350702,27.700667422956386]}},{"type":"Feature","properties":{},"geometry":{"type":"Point","coordinates":[85.34012136795221,27.700604270145366]}},{"type":"Feature","properties":{},"geometry":{"type":"Point","coordinates":[85.34025173333681,27.70063925375449]}},{"type":"Feature","properties":{},"geometry":{"type":"Point","coordinates":[85.3403793016633,27.700577636925416]}},{"type":"Feature","properties":{},"geometry":{"type":"Point","coordinates":[85.34043817469436,27.70060065016582]}},{"type":"Feature","properties":{},"geometry":{"type":"Point","coordinates":[85.3404572621713,27.70056007819249]}},{"type":"Feature","properties":{},"geometry":{"type":"Point","coordinates":[85.34045422166719,27.700560576958303]}},{"type":"Feature","properties":{},"geometry":{"type":"Point","coordinates":[85.34051121200697,27.70054871824517]}},{"type":"Feature","properties":{},"geometry":{"type":"Point","coordinates":[85.34051181459255,27.700549639753966]}},{"type":"Feature","properties":{},"geometry":{"type":"Point","coordinates":[85.3397390132512,27.698741424775097]}},{"type":"Feature","properties":{},"geometry":{"type":"Point","coordinates":[85.33970935511151,27.69859139342342]}},{"type":"Feature","properties":{},"geometry":{"type":"Point","coordinates":[85.33966775880803,27.698504418327403]}},{"type":"Feature","properties":{},"geometry":{"type":"Point","coordinates":[85.33971010827094,27.698451804667123]}},{"type":"Feature","properties":{},"geometry":{"type":"Point","coordinates":[85.33990716521257,27.698392331992967]}},{"type":"Feature","properties":{},"geometry":{"type":"Point","coordinates":[85.33995620527963,27.698336814637912]}},{"type":"Feature","properties":{},"geometry":{"type":"Point","coordinates":[85.33997961293261,27.698213914929745]}},{"type":"Feature","properties":{},"geometry":{"type":"Point","coordinates":[85.33997098486577,27.698191998587134]}},{"type":"Feature","properties":{},"geometry":{"type":"Point","coordinates":[85.33993073787708,27.69810008202116]}},{"type":"Feature","properties":{},"geometry":{"type":"Point","coordinates":[85.34017543035013,27.69809104162289]}},{"type":"Feature","properties":{},"geometry":{"type":"Point","coordinates":[85.34026045950917,27.69809795826686]}},{"type":"Feature","properties":{},"geometry":{"type":"Point","coordinates":[85.34025210130756,27.69808916377789]}},{"type":"Feature","properties":{},"geometry":{"type":"Point","coordinates":[85.34029893980825,27.698088386792225]}},{"type":"Feature","properties":{},"geometry":{"type":"Point","coordinates":[85.33993084303698,27.698048780389072]}},{"type":"Feature","properties":{},"geometry":{"type":"Point","coordinates":[85.34000616800694,27.697818583151825]}},{"type":"Feature","properties":{},"geometry":{"type":"Point","coordinates":[85.34004265161383,27.69770495688138]}},{"type":"Feature","properties":{},"geometry":{"type":"Point","coordinates":[85.33999168716879,27.697562424843515]}},{"type":"Feature","properties":{},"geometry":{"type":"Point","coordinates":[85.34010773544075,27.697521279796863]}},{"type":"Feature","properties":{},"geometry":{"type":"Point","coordinates":[85.34008195710133,27.697821629979526]}},{"type":"Feature","properties":{},"geometry":{"type":"Point","coordinates":[85.34027169372287,27.697798205377612]}},{"type":"Feature","properties":{},"geometry":{"type":"Point","coordinates":[85.34031666508459,27.697832157887913]}},{"type":"Feature","properties":{},"geometry":{"type":"Point","coordinates":[85.34034329838407,27.697792248576228]}},{"type":"Feature","properties":{},"geometry":{"type":"Point","coordinates":[85.34054605187534,27.697805404856876]}},{"type":"Feature","properties":{},"geometry":{"type":"Point","coordinates":[85.34036517616737,27.697825041540174]}},{"type":"Feature","properties":{},"geometry":{"type":"Point","coordinates":[85.34048884131998,27.697634735043252]}},{"type":"Feature","properties":{},"geometry":{"type":"Point","coordinates":[85.34047524026846,27.69745902008644]}},{"type":"Feature","properties":{},"geometry":{"type":"Point","coordinates":[85.34050639118227,27.697427998170593]}},{"type":"Feature","properties":{},"geometry":{"type":"Point","coordinates":[85.34045263016294,27.697364918781595]}},{"type":"Feature","properties":{},"geometry":{"type":"Point","coordinates":[85.34040859677256,27.697061150377404]}},{"type":"Feature","properties":{},"geometry":{"type":"Point","coordinates":[85.3404107262854,27.697071128353155]}},{"type":"Feature","properties":{},"geometry":{"type":"Point","coordinates":[85.34003865134558,27.69615725662319]}},{"type":"Feature","properties":{},"geometry":{"type":"Point","coordinates":[85.3395816301842,27.69602395164048]}},{"type":"Feature","properties":{},"geometry":{"type":"Point","coordinates":[85.33956157806743,27.696033701521607]}},{"type":"Feature","properties":{},"geometry":{"type":"Point","coordinates":[85.33943616652346,27.696532241411756]}},{"type":"Feature","properties":{},"geometry":{"type":"Point","coordinates":[85.33943414176626,27.696532966246256]}},{"type":"Feature","properties":{},"geometry":{"type":"Point","coordinates":[85.33977616842496,27.697109085093107]}},{"type":"Feature","properties":{},"geometry":{"type":"Point","coordinates":[85.3391123997685,27.697168625031637]}},{"type":"Feature","properties":{},"geometry":{"type":"Point","coordinates":[85.3390627520578,27.696714286528085]}},{"type":"Feature","properties":{},"geometry":{"type":"Point","coordinates":[85.33889804307309,27.696763115198227]}},{"type":"Feature","properties":{},"geometry":{"type":"Point","coordinates":[85.33887202632569,27.696767517089402]}},{"type":"Feature","properties":{},"geometry":{"type":"Point","coordinates":[85.33866224680628,27.69678939332917]}},{"type":"Feature","properties":{},"geometry":{"type":"Point","coordinates":[85.33851672303389,27.696811395028977]}},{"type":"Feature","properties":{},"geometry":{"type":"Point","coordinates":[85.33840071314543,27.696845335037526]}},{"type":"Feature","properties":{},"geometry":{"type":"Point","coordinates":[85.34027117792733,27.695225697955173]}},{"type":"Feature","properties":{},"geometry":{"type":"Point","coordinates":[85.34047528024999,27.695084093343368]}},{"type":"Feature","properties":{},"geometry":{"type":"Point","coordinates":[85.33947027860695,27.695076015288176]}},{"type":"Feature","properties":{},"geometry":{"type":"Point","coordinates":[85.33944517042903,27.695084930131337]}},{"type":"Feature","properties":{},"geometry":{"type":"Point","coordinates":[85.3401969515957,27.696227510162505]}},{"type":"Feature","properties":{},"geometry":{"type":"Point","coordinates":[85.33995303656653,27.696140560026052]}},{"type":"Feature","properties":{},"geometry":{"type":"Point","coordinates":[85.339918494682,27.695990836562196]}},{"type":"Feature","properties":{},"geometry":{"type":"Point","coordinates":[85.33991123979617,27.695976620111832]}},{"type":"Feature","properties":{},"geometry":{"type":"Point","coordinates":[85.33986928833701,27.695947464665167]}},{"type":"Feature","properties":{},"geometry":{"type":"Point","coordinates":[85.3398750028199,27.69589951376384]}},{"type":"Feature","properties":{},"geometry":{"type":"Point","coordinates":[85.33984251465591,27.695888063433756]}},{"type":"Feature","properties":{},"geometry":{"type":"Point","coordinates":[85.33976558335097,27.69626098825032]}},{"type":"Feature","properties":{},"geometry":{"type":"Point","coordinates":[85.33961012700296,27.69617087697052]}},{"type":"Feature","properties":{},"geometry":{"type":"Point","coordinates":[85.33963516523023,27.696129553306772]}},{"type":"Feature","properties":{},"geometry":{"type":"Point","coordinates":[85.33957072187921,27.69606266127664]}},{"type":"Feature","properties":{},"geometry":{"type":"Point","coordinates":[85.3400289711952,27.696289838393458]}},{"type":"Feature","properties":{},"geometry":{"type":"Point","coordinates":[85.34004734372955,27.696334392961873]}},{"type":"Feature","properties":{},"geometry":{"type":"Point","coordinates":[85.33992757348257,27.69638490970995]}},{"type":"Feature","properties":{},"geometry":{"type":"Point","coordinates":[85.33992953159682,27.69638389795976]}},{"type":"Feature","properties":{},"geometry":{"type":"Point","coordinates":[85.33965561976294,27.696435680028298]}},{"type":"Feature","properties":{},"geometry":{"type":"Point","coordinates":[85.33991514208402,27.696337733144677]}},{"type":"Feature","properties":{},"geometry":{"type":"Point","coordinates":[85.33968443209265,27.696479839963477]}},{"type":"Feature","properties":{},"geometry":{"type":"Point","coordinates":[85.33954393622878,27.696529576225057]}},{"type":"Feature","properties":{},"geometry":{"type":"Point","coordinates":[85.33938288341714,27.696612681352324]}},{"type":"Feature","properties":{},"geometry":{"type":"Point","coordinates":[85.33938396044225,27.69661220147647]}},{"type":"Feature","properties":{},"geometry":{"type":"Point","coordinates":[85.33918400785619,27.696632003182163]}},{"type":"Feature","properties":{},"geometry":{"type":"Point","coordinates":[85.33920958451071,27.696675418601117]}},{"type":"Feature","properties":{},"geometry":{"type":"Point","coordinates":[85.3389791399774,27.696476052050905]}},{"type":"Feature","properties":{},"geometry":{"type":"Point","coordinates":[85.33891710179346,27.69646877148571]}},{"type":"Feature","properties":{},"geometry":{"type":"Point","coordinates":[85.33909224674035,27.696350466725153]}},{"type":"Feature","properties":{},"geometry":{"type":"Point","coordinates":[85.3390900661974,27.696352774568137]}},{"type":"Feature","properties":{},"geometry":{"type":"Point","coordinates":[85.3388066967358,27.696244923462473]}},{"type":"Feature","properties":{},"geometry":{"type":"Point","coordinates":[85.33881180636918,27.696250270115588]}},{"type":"Feature","properties":{},"geometry":{"type":"Point","coordinates":[85.33885052800876,27.696710981400923]}},{"type":"Feature","properties":{},"geometry":{"type":"Point","coordinates":[85.33877952210896,27.696723443011816]}},{"type":"Feature","properties":{},"geometry":{"type":"Point","coordinates":[85.33852649335181,27.696475161693847]}},{"type":"Feature","properties":{},"geometry":{"type":"Point","coordinates":[85.3385242016745,27.696467868646558]}},{"type":"Feature","properties":{},"geometry":{"type":"Point","coordinates":[85.33855495309899,27.696458417895954]}},{"type":"Feature","properties":{},"geometry":{"type":"Point","coordinates":[85.33848733716644,27.69637280176571]}},{"type":"Feature","properties":{},"geometry":{"type":"Point","coordinates":[85.3384703887748,27.696251136485447]}},{"type":"Feature","properties":{},"geometry":{"type":"Point","coordinates":[85.33844585330452,27.696264593333282]}},{"type":"Feature","properties":{},"geometry":{"type":"Point","coordinates":[85.33854800497015,27.696808097031305]}},{"type":"Feature","properties":{},"geometry":{"type":"Point","coordinates":[85.3384660453283,27.69676931368742]}},{"type":"Feature","properties":{},"geometry":{"type":"Point","coordinates":[85.33842010667534,27.696773714688582]}},{"type":"Feature","properties":{},"geometry":{"type":"Point","coordinates":[85.33837553193187,27.696836011820366]}},{"type":"Feature","properties":{},"geometry":{"type":"Point","coordinates":[85.33818042796022,27.696866440035276]}},{"type":"Feature","properties":{},"geometry":{"type":"Point","coordinates":[85.33810932844678,27.696827979980494]}},{"type":"Feature","properties":{},"geometry":{"type":"Point","coordinates":[85.33807481154662,27.69683129861581]}},{"type":"Feature","properties":{},"geometry":{"type":"Point","coordinates":[85.33806447822053,27.696834560052334]}},{"type":"Feature","properties":{},"geometry":{"type":"Point","coordinates":[85.33795307031568,27.696870332045748]}},{"type":"Feature","properties":{},"geometry":{"type":"Point","coordinates":[85.33793585787518,27.696972916184734]}},{"type":"Feature","properties":{},"geometry":{"type":"Point","coordinates":[85.3379016709032,27.696977477939935]}},{"type":"Feature","properties":{},"geometry":{"type":"Point","coordinates":[85.33804717488766,27.697088713222104]}},{"type":"Feature","properties":{},"geometry":{"type":"Point","coordinates":[85.33807244001474,27.69715795343439]}},{"type":"Feature","properties":{},"geometry":{"type":"Point","coordinates":[85.33810172875779,27.696880305382617]}},{"type":"Feature","properties":{},"geometry":{"type":"Point","coordinates":[85.33994102514251,27.69533447693226]}},{"type":"Feature","properties":{},"geometry":{"type":"Point","coordinates":[85.34003560320548,27.69532186858463]}},{"type":"Feature","properties":{},"geometry":{"type":"Point","coordinates":[85.34008880795652,27.69531180035988]}},{"type":"Feature","properties":{},"geometry":{"type":"Point","coordinates":[85.34012943831695,27.69529416148213]}},{"type":"Feature","properties":{},"geometry":{"type":"Point","coordinates":[85.34053353534844,27.69511492148821]}},{"type":"Feature","properties":{},"geometry":{"type":"Point","coordinates":[85.34034181531757,27.695136987053697]}},{"type":"Feature","properties":{},"geometry":{"type":"Point","coordinates":[85.34034201983982,27.695196321535764]}},{"type":"Feature","properties":{},"geometry":{"type":"Point","coordinates":[85.34006252335388,27.695262295205637]}},{"type":"Feature","properties":{},"geometry":{"type":"Point","coordinates":[85.33993237191781,27.6952809348311]}},{"type":"Feature","properties":{},"geometry":{"type":"Point","coordinates":[85.33991238162078,27.695279508295517]}},{"type":"Feature","properties":{},"geometry":{"type":"Point","coordinates":[85.33966812045325,27.695374760032703]}},{"type":"Feature","properties":{},"geometry":{"type":"Point","coordinates":[85.33963250500126,27.69538249292155]}},{"type":"Feature","properties":{},"geometry":{"type":"Point","coordinates":[85.33960343351792,27.69564648486]}},{"type":"Feature","properties":{},"geometry":{"type":"Point","coordinates":[85.3396078682021,27.695535578202662]}},{"type":"Feature","properties":{},"geometry":{"type":"Point","coordinates":[85.3396429235051,27.695733411247165]}},{"type":"Feature","properties":{},"geometry":{"type":"Point","coordinates":[85.33964422692138,27.695596716305463]}},{"type":"Feature","properties":{},"geometry":{"type":"Point","coordinates":[85.33950433525456,27.695310795024525]}},{"type":"Feature","properties":{},"geometry":{"type":"Point","coordinates":[85.33949023182836,27.69513522016471]}},{"type":"Feature","properties":{},"geometry":{"type":"Point","coordinates":[85.33987182010839,27.695281406509245]}},{"type":"Feature","properties":{},"geometry":{"type":"Point","coordinates":[85.33909463189227,27.695825207024896]}},{"type":"Feature","properties":{},"geometry":{"type":"Point","coordinates":[85.33791658875181,27.695601235053825]}},{"type":"Feature","properties":{},"geometry":{"type":"Point","coordinates":[85.33772839954571,27.695234628109]}},{"type":"Feature","properties":{},"geometry":{"type":"Point","coordinates":[85.33828234829237,27.695274355125257]}},{"type":"Feature","properties":{},"geometry":{"type":"Point","coordinates":[85.33822921142243,27.695288033674995]}},{"type":"Feature","properties":{},"geometry":{"type":"Point","coordinates":[85.33850061708769,27.69462155348837]}},{"type":"Feature","properties":{},"geometry":{"type":"Point","coordinates":[85.33943609133618,27.69458232856922]}},{"type":"Feature","properties":{},"geometry":{"type":"Point","coordinates":[85.33903252132008,27.69496191493355]}},{"type":"Feature","properties":{},"geometry":{"type":"Point","coordinates":[85.33967675465591,27.69419441193329]}},{"type":"Feature","properties":{},"geometry":{"type":"Point","coordinates":[85.33931296993195,27.695366932960336]}},{"type":"Feature","properties":{},"geometry":{"type":"Point","coordinates":[85.33912454824542,27.695472279712433]}},{"type":"Feature","properties":{},"geometry":{"type":"Point","coordinates":[85.33905857161126,27.695676133054864]}},{"type":"Feature","properties":{},"geometry":{"type":"Point","coordinates":[85.33912754456448,27.69581242998449]}},{"type":"Feature","properties":{},"geometry":{"type":"Point","coordinates":[85.33896492315512,27.695519574704022]}},{"type":"Feature","properties":{},"geometry":{"type":"Point","coordinates":[85.33890281795004,27.695552380218476]}},{"type":"Feature","properties":{},"geometry":{"type":"Point","coordinates":[85.33869656657507,27.695583282923597]}},{"type":"Feature","properties":{},"geometry":{"type":"Point","coordinates":[85.33855188382499,27.695658386554282]}},{"type":"Feature","properties":{},"geometry":{"type":"Point","coordinates":[85.33856804506742,27.695719417937845]}},{"type":"Feature","properties":{},"geometry":{"type":"Point","coordinates":[85.33862258506892,27.69587454966365]}},{"type":"Feature","properties":{},"geometry":{"type":"Point","coordinates":[85.33867676315961,27.69592282835058]}},{"type":"Feature","properties":{},"geometry":{"type":"Point","coordinates":[85.33867900012744,27.695954221598633]}},{"type":"Feature","properties":{},"geometry":{"type":"Point","coordinates":[85.33864872828609,27.695960671734536]}},{"type":"Feature","properties":{},"geometry":{"type":"Point","coordinates":[85.33880239342695,27.695891582993553]}},{"type":"Feature","properties":{},"geometry":{"type":"Point","coordinates":[85.3384236482049,27.695741354587796]}},{"type":"Feature","properties":{},"geometry":{"type":"Point","coordinates":[85.33820113120501,27.69562994543698]}},{"type":"Feature","properties":{},"geometry":{"type":"Point","coordinates":[85.3376879311769,27.695260893004793]}},{"type":"Feature","properties":{},"geometry":{"type":"Point","coordinates":[85.33776191026327,27.69526783458798]}},{"type":"Feature","properties":{},"geometry":{"type":"Point","coordinates":[85.33785351184245,27.69530940471462]}},{"type":"Feature","properties":{},"geometry":{"type":"Point","coordinates":[85.33805966695816,27.69525679030047]}},{"type":"Feature","properties":{},"geometry":{"type":"Point","coordinates":[85.33808390216278,27.69528609825858]}},{"type":"Feature","properties":{},"geometry":{"type":"Point","coordinates":[85.33809781349628,27.695284521504774]}},{"type":"Feature","properties":{},"geometry":{"type":"Point","coordinates":[85.3381341155936,27.695238361157053]}},{"type":"Feature","properties":{},"geometry":{"type":"Point","coordinates":[85.33815663286686,27.69519573310458]}},{"type":"Feature","properties":{},"geometry":{"type":"Point","coordinates":[85.33810407350997,27.695083745331903]}},{"type":"Feature","properties":{},"geometry":{"type":"Point","coordinates":[85.33812245540408,27.694988933509485]}},{"type":"Feature","properties":{},"geometry":{"type":"Point","coordinates":[85.3382338765384,27.695037434598273]}},{"type":"Feature","properties":{},"geometry":{"type":"Point","coordinates":[85.33835574184934,27.695054933710075]}},{"type":"Feature","properties":{},"geometry":{"type":"Point","coordinates":[85.33843239537083,27.695122350068125]}},{"type":"Feature","properties":{},"geometry":{"type":"Point","coordinates":[85.33848641968005,27.6950745746253]}},{"type":"Feature","properties":{},"geometry":{"type":"Point","coordinates":[85.33853901506251,27.69505888039236]}},{"type":"Feature","properties":{},"geometry":{"type":"Point","coordinates":[85.3386825900313,27.69506075660508]}},{"type":"Feature","properties":{},"geometry":{"type":"Point","coordinates":[85.33866453032527,27.694978922982834]}},{"type":"Feature","properties":{},"geometry":{"type":"Point","coordinates":[85.33861954373167,27.694920978139905]}},{"type":"Feature","properties":{},"geometry":{"type":"Point","coordinates":[85.33865400989619,27.69490577031644]}},{"type":"Feature","properties":{},"geometry":{"type":"Point","coordinates":[85.33861913688472,27.69481721671296]}},{"type":"Feature","properties":{},"geometry":{"type":"Point","coordinates":[85.33854047711364,27.694789413787138]}},{"type":"Feature","properties":{},"geometry":{"type":"Point","coordinates":[85.33853081347742,27.69464181982935]}},{"type":"Feature","properties":{},"geometry":{"type":"Point","coordinates":[85.33852120007121,27.694508986817194]}},{"type":"Feature","properties":{},"geometry":{"type":"Point","coordinates":[85.3385348000052,27.694566594777854]}},{"type":"Feature","properties":{},"geometry":{"type":"Point","coordinates":[85.33851265529883,27.694565628668396]}},{"type":"Feature","properties":{},"geometry":{"type":"Point","coordinates":[85.33781076298754,27.6955473386257]}},{"type":"Feature","properties":{},"geometry":{"type":"Point","coordinates":[85.33781229283713,27.695547020339646]}},{"type":"Feature","properties":{},"geometry":{"type":"Point","coordinates":[85.33796199633468,27.695559976616813]}},{"type":"Feature","properties":{},"geometry":{"type":"Point","coordinates":[85.33804253140087,27.695579476346012]}},{"type":"Feature","properties":{},"geometry":{"type":"Point","coordinates":[85.33830492359216,27.695557368672073]}},{"type":"Feature","properties":{},"geometry":{"type":"Point","coordinates":[85.33842597017174,27.69553450208466]}},{"type":"Feature","properties":{},"geometry":{"type":"Point","coordinates":[85.33840807958389,27.695539383196422]}},{"type":"Feature","properties":{},"geometry":{"type":"Point","coordinates":[85.33855633346438,27.69541641327255]}},{"type":"Feature","properties":{},"geometry":{"type":"Point","coordinates":[85.33858237370484,27.69543099329441]}},{"type":"Feature","properties":{},"geometry":{"type":"Point","coordinates":[85.33884830518964,27.695495806757048]}},{"type":"Feature","properties":{},"geometry":{"type":"Point","coordinates":[85.33892080123448,27.695471331934343]}},{"type":"Feature","properties":{},"geometry":{"type":"Point","coordinates":[85.34044957876277,27.69495829792265]}},{"type":"Feature","properties":{},"geometry":{"type":"Point","coordinates":[85.34046059472962,27.694960568106083]}},{"type":"Feature","properties":{},"geometry":{"type":"Point","coordinates":[85.34041177135892,27.694837671627518]}},{"type":"Feature","properties":{},"geometry":{"type":"Point","coordinates":[85.34029477000041,27.69468451662699]}},{"type":"Feature","properties":{},"geometry":{"type":"Point","coordinates":[85.34051067350909,27.69454876834484]}},{"type":"Feature","properties":{},"geometry":{"type":"Point","coordinates":[85.3405101186357,27.69455548661798]}},{"type":"Feature","properties":{},"geometry":{"type":"Point","coordinates":[85.34048534210932,27.69457727874727]}},{"type":"Feature","properties":{},"geometry":{"type":"Point","coordinates":[85.34012030351784,27.694751611312164]}},{"type":"Feature","properties":{},"geometry":{"type":"Point","coordinates":[85.34005353145314,27.6946536979239]}},{"type":"Feature","properties":{},"geometry":{"type":"Point","coordinates":[85.3400619384172,27.69458185350311]}},{"type":"Feature","properties":{},"geometry":{"type":"Point","coordinates":[85.34001984155215,27.69461822532769]}},{"type":"Feature","properties":{},"geometry":{"type":"Point","coordinates":[85.3398029688274,27.694721555034466]}},{"type":"Feature","properties":{},"geometry":{"type":"Point","coordinates":[85.33981663800854,27.694758553021213]}},{"type":"Feature","properties":{},"geometry":{"type":"Point","coordinates":[85.33983758285171,27.69479385028631]}},{"type":"Feature","properties":{},"geometry":{"type":"Point","coordinates":[85.34000436338974,27.69443755804122]}},{"type":"Feature","properties":{},"geometry":{"type":"Point","coordinates":[85.34007076330172,27.694408540053224]}},{"type":"Feature","properties":{},"geometry":{"type":"Point","coordinates":[85.34001581966541,27.694295399780508]}},{"type":"Feature","properties":{},"geometry":{"type":"Point","coordinates":[85.33997803698315,27.69428348167575]}},{"type":"Feature","properties":{},"geometry":{"type":"Point","coordinates":[85.34001752481736,27.694207035008493]}},{"type":"Feature","properties":{},"geometry":{"type":"Point","coordinates":[85.33993996321902,27.694090580136574]}},{"type":"Feature","properties":{},"geometry":{"type":"Point","coordinates":[85.33992722710667,27.6940641568278]}},{"type":"Feature","properties":{},"geometry":{"type":"Point","coordinates":[85.33994076953802,27.694049891881715]}},{"type":"Feature","properties":{},"geometry":{"type":"Point","coordinates":[85.33982884328867,27.69453851164623]}},{"type":"Feature","properties":{},"geometry":{"type":"Point","coordinates":[85.33955844547573,27.6945192796296]}},{"type":"Feature","properties":{},"geometry":{"type":"Point","coordinates":[85.33935020498181,27.69463054810289]}},{"type":"Feature","properties":{},"geometry":{"type":"Point","coordinates":[85.33927346347453,27.694629476941344]}},{"type":"Feature","properties":{},"geometry":{"type":"Point","coordinates":[85.33919595788514,27.69468389995821]}},{"type":"Feature","properties":{},"geometry":{"type":"Point","coordinates":[85.33902050152363,27.694743201356893]}},{"type":"Feature","properties":{},"geometry":{"type":"Point","coordinates":[85.33879438462269,27.694738634806658]}},{"type":"Feature","properties":{},"geometry":{"type":"Point","coordinates":[85.33895270321499,27.694697394869316]}},{"type":"Feature","properties":{},"geometry":{"type":"Point","coordinates":[85.33880768356428,27.694746156485394]}},{"type":"Feature","properties":{},"geometry":{"type":"Point","coordinates":[85.3395604964827,27.69436977016303]}},{"type":"Feature","properties":{},"geometry":{"type":"Point","coordinates":[85.33963935783791,27.69420912638489]}},{"type":"Feature","properties":{},"geometry":{"type":"Point","coordinates":[85.33966849544285,27.694189550123113]}},{"type":"Feature","properties":{},"geometry":{"type":"Point","coordinates":[85.33951737453235,27.694320855439308]}},{"type":"Feature","properties":{},"geometry":{"type":"Point","coordinates":[85.33941322977913,27.69431073526293]}},{"type":"Feature","properties":{},"geometry":{"type":"Point","coordinates":[85.33836398785252,27.69560108955973]}},{"type":"Feature","properties":{},"geometry":{"type":"Point","coordinates":[85.33829411195558,27.69560761036718]}},{"type":"Feature","properties":{},"geometry":{"type":"Point","coordinates":[85.33892319616848,27.695470801986374]}},{"type":"Feature","properties":{},"geometry":{"type":"Point","coordinates":[85.33863177474882,27.694401250069298]}},{"type":"Feature","properties":{},"geometry":{"type":"Point","coordinates":[85.33903331355253,27.69390033826162]}},{"type":"Feature","properties":{},"geometry":{"type":"Point","coordinates":[85.33749299667828,27.694437410409787]}},{"type":"Feature","properties":{},"geometry":{"type":"Point","coordinates":[85.33759725289197,27.693455058715404]}},{"type":"Feature","properties":{},"geometry":{"type":"Point","coordinates":[85.33725624298852,27.69300056518098]}},{"type":"Feature","properties":{},"geometry":{"type":"Point","coordinates":[85.33646295997644,27.69256809366059]}},{"type":"Feature","properties":{},"geometry":{"type":"Point","coordinates":[85.33722726832781,27.691544612973697]}},{"type":"Feature","properties":{},"geometry":{"type":"Point","coordinates":[85.33753757332525,27.692994684825287]}},{"type":"Feature","properties":{},"geometry":{"type":"Point","coordinates":[85.33740666303446,27.69299029163353]}},{"type":"Feature","properties":{},"geometry":{"type":"Point","coordinates":[85.33740507466817,27.692991128181365]}},{"type":"Feature","properties":{},"geometry":{"type":"Point","coordinates":[85.3373718198782,27.692996283186066]}},{"type":"Feature","properties":{},"geometry":{"type":"Point","coordinates":[85.3373501566325,27.69299608624126]}},{"type":"Feature","properties":{},"geometry":{"type":"Point","coordinates":[85.33733785038326,27.692928367975824]}},{"type":"Feature","properties":{},"geometry":{"type":"Point","coordinates":[85.33727811627107,27.693000016446685]}},{"type":"Feature","properties":{},"geometry":{"type":"Point","coordinates":[85.3371462731836,27.692874334931744]}},{"type":"Feature","properties":{},"geometry":{"type":"Point","coordinates":[85.33705378342488,27.692829500028076]}},{"type":"Feature","properties":{},"geometry":{"type":"Point","coordinates":[85.33696792879708,27.692799867021144]}},{"type":"Feature","properties":{},"geometry":{"type":"Point","coordinates":[85.33656112817998,27.692679953007886]}},{"type":"Feature","properties":{},"geometry":{"type":"Point","coordinates":[85.33663481016686,27.692722286964916]}},{"type":"Feature","properties":{},"geometry":{"type":"Point","coordinates":[85.33667408361592,27.692744961529925]}},{"type":"Feature","properties":{},"geometry":{"type":"Point","coordinates":[85.33686377794346,27.69283581478762]}},{"type":"Feature","properties":{},"geometry":{"type":"Point","coordinates":[85.33704559622616,27.692936565362075]}},{"type":"Feature","properties":{},"geometry":{"type":"Point","coordinates":[85.3370357202646,27.692933423202206]}},{"type":"Feature","properties":{},"geometry":{"type":"Point","coordinates":[85.33677617022818,27.692541590009917]}},{"type":"Feature","properties":{},"geometry":{"type":"Point","coordinates":[85.3367506500368,27.692552359589936]}},{"type":"Feature","properties":{},"geometry":{"type":"Point","coordinates":[85.33695701708517,27.692546653043756]}},{"type":"Feature","properties":{},"geometry":{"type":"Point","coordinates":[85.33697730311202,27.692518031252575]}},{"type":"Feature","properties":{},"geometry":{"type":"Point","coordinates":[85.3371567119656,27.692513808441962]}},{"type":"Feature","properties":{},"geometry":{"type":"Point","coordinates":[85.33712212531006,27.692211141789766]}},{"type":"Feature","properties":{},"geometry":{"type":"Point","coordinates":[85.33713470697306,27.692150225276166]}},{"type":"Feature","properties":{},"geometry":{"type":"Point","coordinates":[85.3370773416148,27.692070228170774]}},{"type":"Feature","properties":{},"geometry":{"type":"Point","coordinates":[85.33711583182411,27.69201358320129]}},{"type":"Feature","properties":{},"geometry":{"type":"Point","coordinates":[85.33720611321607,27.692175654767862]}},{"type":"Feature","properties":{},"geometry":{"type":"Point","coordinates":[85.3372769548983,27.69216949351954]}},{"type":"Feature","properties":{},"geometry":{"type":"Point","coordinates":[85.33737407949414,27.6921933517317]}},{"type":"Feature","properties":{},"geometry":{"type":"Point","coordinates":[85.33739214711382,27.69216404166473]}},{"type":"Feature","properties":{},"geometry":{"type":"Point","coordinates":[85.33753901177538,27.69220625200423]}},{"type":"Feature","properties":{},"geometry":{"type":"Point","coordinates":[85.33752643486224,27.692180080411585]}},{"type":"Feature","properties":{},"geometry":{"type":"Point","coordinates":[85.33772213818892,27.692187646674213]}},{"type":"Feature","properties":{},"geometry":{"type":"Point","coordinates":[85.33769891659392,27.692154595312083]}},{"type":"Feature","properties":{},"geometry":{"type":"Point","coordinates":[85.33778768978307,27.69213479127143]}},{"type":"Feature","properties":{},"geometry":{"type":"Point","coordinates":[85.337799541979,27.69216570156995]}},{"type":"Feature","properties":{},"geometry":{"type":"Point","coordinates":[85.33786057816704,27.692348316670632]}},{"type":"Feature","properties":{},"geometry":{"type":"Point","coordinates":[85.33786542549059,27.692379061648943]}},{"type":"Feature","properties":{},"geometry":{"type":"Point","coordinates":[85.33779240165526,27.69244331507503]}},{"type":"Feature","properties":{},"geometry":{"type":"Point","coordinates":[85.33829829712073,27.692003387888164]}},{"type":"Feature","properties":{},"geometry":{"type":"Point","coordinates":[85.33830910873493,27.6920085502677]}},{"type":"Feature","properties":{},"geometry":{"type":"Point","coordinates":[85.33832833497219,27.692132486690877]}},{"type":"Feature","properties":{},"geometry":{"type":"Point","coordinates":[85.33833056666603,27.692164488212043]}},{"type":"Feature","properties":{},"geometry":{"type":"Point","coordinates":[85.3384404079441,27.691975071604077]}},{"type":"Feature","properties":{},"geometry":{"type":"Point","coordinates":[85.33841976536988,27.691941971878848]}},{"type":"Feature","properties":{},"geometry":{"type":"Point","coordinates":[85.33846627186166,27.69207609512699]}},{"type":"Feature","properties":{},"geometry":{"type":"Point","coordinates":[85.33850642474341,27.692066017962873]}},{"type":"Feature","properties":{},"geometry":{"type":"Point","coordinates":[85.33858201199266,27.692058758618536]}},{"type":"Feature","properties":{},"geometry":{"type":"Point","coordinates":[85.33809750637364,27.692173723142194]}},{"type":"Feature","properties":{},"geometry":{"type":"Point","coordinates":[85.3380375863317,27.692260250132954]}},{"type":"Feature","properties":{},"geometry":{"type":"Point","coordinates":[85.33813567455363,27.692304183132283]}},{"type":"Feature","properties":{},"geometry":{"type":"Point","coordinates":[85.33806491799334,27.69233658304963]}},{"type":"Feature","properties":{},"geometry":{"type":"Point","coordinates":[85.33807872549984,27.69238460843653]}},{"type":"Feature","properties":{},"geometry":{"type":"Point","coordinates":[85.33797525132113,27.692523723353883]}},{"type":"Feature","properties":{},"geometry":{"type":"Point","coordinates":[85.33790628457899,27.692539164942445]}},{"type":"Feature","properties":{},"geometry":{"type":"Point","coordinates":[85.33802358402485,27.692521272711794]}},{"type":"Feature","properties":{},"geometry":{"type":"Point","coordinates":[85.33800214682293,27.692490899027028]}},{"type":"Feature","properties":{},"geometry":{"type":"Point","coordinates":[85.3382437529466,27.692571263070967]}},{"type":"Feature","properties":{},"geometry":{"type":"Point","coordinates":[85.33823574511831,27.692555105138723]}},{"type":"Feature","properties":{},"geometry":{"type":"Point","coordinates":[85.33820291359126,27.6927156795994]}},{"type":"Feature","properties":{},"geometry":{"type":"Point","coordinates":[85.33828703953083,27.692715401262667]}},{"type":"Feature","properties":{},"geometry":{"type":"Point","coordinates":[85.33805251705094,27.69250006160759]}},{"type":"Feature","properties":{},"geometry":{"type":"Point","coordinates":[85.3379232304212,27.692068463268583]}},{"type":"Feature","properties":{},"geometry":{"type":"Point","coordinates":[85.33789480492388,27.691975327007633]}},{"type":"Feature","properties":{},"geometry":{"type":"Point","coordinates":[85.33794345353682,27.691880589643045]}},{"type":"Feature","properties":{},"geometry":{"type":"Point","coordinates":[85.3378607096355,27.691866652928653]}},{"type":"Feature","properties":{},"geometry":{"type":"Point","coordinates":[85.3378572782068,27.691856026600053]}},{"type":"Feature","properties":{},"geometry":{"type":"Point","coordinates":[85.33791653019327,27.691788225047212]}},{"type":"Feature","properties":{},"geometry":{"type":"Point","coordinates":[85.3376623833645,27.69181019479695]}},{"type":"Feature","properties":{},"geometry":{"type":"Point","coordinates":[85.337675880365,27.69190519977632]}},{"type":"Feature","properties":{},"geometry":{"type":"Point","coordinates":[85.33759548016387,27.691837564785438]}},{"type":"Feature","properties":{},"geometry":{"type":"Point","coordinates":[85.33757532154904,27.691812895179595]}},{"type":"Feature","properties":{},"geometry":{"type":"Point","coordinates":[85.33745008458155,27.691850663436313]}},{"type":"Feature","properties":{},"geometry":{"type":"Point","coordinates":[85.33779513984688,27.691655156770235]}},{"type":"Feature","properties":{},"geometry":{"type":"Point","coordinates":[85.33787210019733,27.6916390313641]}},{"type":"Feature","properties":{},"geometry":{"type":"Point","coordinates":[85.33743957840596,27.691616313140344]}},{"type":"Feature","properties":{},"geometry":{"type":"Point","coordinates":[85.33783299324632,27.691541725243564]}},{"type":"Feature","properties":{},"geometry":{"type":"Point","coordinates":[85.33784696830412,27.691521386996474]}},{"type":"Feature","properties":{},"geometry":{"type":"Point","coordinates":[85.33787736704733,27.69138225693541]}},{"type":"Feature","properties":{},"geometry":{"type":"Point","coordinates":[85.3379793412275,27.691382993556097]}},{"type":"Feature","properties":{},"geometry":{"type":"Point","coordinates":[85.33802522048697,27.691343340004135]}},{"type":"Feature","properties":{},"geometry":{"type":"Point","coordinates":[85.33801365155439,27.691374255286163]}},{"type":"Feature","properties":{},"geometry":{"type":"Point","coordinates":[85.33807204353774,27.691331944960805]}},{"type":"Feature","properties":{},"geometry":{"type":"Point","coordinates":[85.33812763148154,27.69134556013882]}},{"type":"Feature","properties":{},"geometry":{"type":"Point","coordinates":[85.33819916351739,27.691306366929407]}},{"type":"Feature","properties":{},"geometry":{"type":"Point","coordinates":[85.33831515985594,27.691284380129726]}},{"type":"Feature","properties":{},"geometry":{"type":"Point","coordinates":[85.33822320618073,27.691334880099717]}},{"type":"Feature","properties":{},"geometry":{"type":"Point","coordinates":[85.33835906451628,27.69130111864418]}},{"type":"Feature","properties":{},"geometry":{"type":"Point","coordinates":[85.33840569295292,27.691268827049342]}},{"type":"Feature","properties":{},"geometry":{"type":"Point","coordinates":[85.33845691319618,27.691286035096457]}},{"type":"Feature","properties":{},"geometry":{"type":"Point","coordinates":[85.33845887831558,27.69125998301769]}},{"type":"Feature","properties":{},"geometry":{"type":"Point","coordinates":[85.3377208482152,27.69124316298718]}},{"type":"Feature","properties":{},"geometry":{"type":"Point","coordinates":[85.3378528799578,27.69118959018606]}},{"type":"Feature","properties":{},"geometry":{"type":"Point","coordinates":[85.3379866996731,27.69115726856367]}},{"type":"Feature","properties":{},"geometry":{"type":"Point","coordinates":[85.3380646768844,27.691141193149456]}},{"type":"Feature","properties":{},"geometry":{"type":"Point","coordinates":[85.33805179204207,27.691088358297197]}},{"type":"Feature","properties":{},"geometry":{"type":"Point","coordinates":[85.33773391635576,27.691453076742985]}},{"type":"Feature","properties":{},"geometry":{"type":"Point","coordinates":[85.3376881462016,27.691375028692914]}},{"type":"Feature","properties":{},"geometry":{"type":"Point","coordinates":[85.33758616880002,27.691379524820046]}},{"type":"Feature","properties":{},"geometry":{"type":"Point","coordinates":[85.33753462823599,27.69137068288206]}},{"type":"Feature","properties":{},"geometry":{"type":"Point","coordinates":[85.33755858159633,27.69144703670361]}},{"type":"Feature","properties":{},"geometry":{"type":"Point","coordinates":[85.33743940346253,27.691366026857672]}},{"type":"Feature","properties":{},"geometry":{"type":"Point","coordinates":[85.33744929294087,27.691430498507117]}},{"type":"Feature","properties":{},"geometry":{"type":"Point","coordinates":[85.33745745128259,27.691430153306673]}},{"type":"Feature","properties":{},"geometry":{"type":"Point","coordinates":[85.3373121716429,27.69137662317305]}},{"type":"Feature","properties":{},"geometry":{"type":"Point","coordinates":[85.33731111330943,27.691412605168573]}},{"type":"Feature","properties":{},"geometry":{"type":"Point","coordinates":[85.3373241484443,27.691531508737597]}},{"type":"Feature","properties":{},"geometry":{"type":"Point","coordinates":[85.3370039353889,27.69156218967486]}},{"type":"Feature","properties":{},"geometry":{"type":"Point","coordinates":[85.33698729354046,27.69158727481958]}},{"type":"Feature","properties":{},"geometry":{"type":"Point","coordinates":[85.3369221603271,27.691581422021297]}},{"type":"Feature","properties":{},"geometry":{"type":"Point","coordinates":[85.33693180164936,27.691606323715014]}},{"type":"Feature","properties":{},"geometry":{"type":"Point","coordinates":[85.3369541480807,27.6917186963482]}},{"type":"Feature","properties":{},"geometry":{"type":"Point","coordinates":[85.33697400531727,27.691719489905324]}},{"type":"Feature","properties":{},"geometry":{"type":"Point","coordinates":[85.33687614955201,27.691742295441294]}},{"type":"Feature","properties":{},"geometry":{"type":"Point","coordinates":[85.33685299208136,27.69174557155289]}},{"type":"Feature","properties":{},"geometry":{"type":"Point","coordinates":[85.3368516004889,27.69174794299255]}},{"type":"Feature","properties":{},"geometry":{"type":"Point","coordinates":[85.33696985167262,27.691852843603787]}},{"type":"Feature","properties":{},"geometry":{"type":"Point","coordinates":[85.33709379529323,27.69156900185593]}},{"type":"Feature","properties":{},"geometry":{"type":"Point","coordinates":[85.3371800720204,27.69096772483324]}},{"type":"Feature","properties":{},"geometry":{"type":"Point","coordinates":[85.33819461191256,27.69162448476732]}},{"type":"Feature","properties":{},"geometry":{"type":"Point","coordinates":[85.33823264513835,27.69161911793427]}},{"type":"Feature","properties":{},"geometry":{"type":"Point","coordinates":[85.338331403254,27.691562885376005]}},{"type":"Feature","properties":{},"geometry":{"type":"Point","coordinates":[85.3383363233269,27.6915994120686]}},{"type":"Feature","properties":{},"geometry":{"type":"Point","coordinates":[85.33845815176346,27.691545715352433]}},{"type":"Feature","properties":{},"geometry":{"type":"Point","coordinates":[85.33849685158604,27.691564019577864]}},{"type":"Feature","properties":{},"geometry":{"type":"Point","coordinates":[85.33855911980007,27.6916524786224]}},{"type":"Feature","properties":{},"geometry":{"type":"Point","coordinates":[85.33858429831528,27.691691968673638]}},{"type":"Feature","properties":{},"geometry":{"type":"Point","coordinates":[85.33860487323417,27.69171688140823]}},{"type":"Feature","properties":{},"geometry":{"type":"Point","coordinates":[85.33863827320461,27.69181788521322]}},{"type":"Feature","properties":{},"geometry":{"type":"Point","coordinates":[85.3387304684511,27.69179490671666]}},{"type":"Feature","properties":{},"geometry":{"type":"Point","coordinates":[85.33872485364718,27.691540613635226]}},{"type":"Feature","properties":{},"geometry":{"type":"Point","coordinates":[85.33890472341028,27.691519907096463]}},{"type":"Feature","properties":{},"geometry":{"type":"Point","coordinates":[85.33897889668287,27.69151151861442]}},{"type":"Feature","properties":{},"geometry":{"type":"Point","coordinates":[85.33892947807387,27.691588404572826]}},{"type":"Feature","properties":{},"geometry":{"type":"Point","coordinates":[85.33900428688578,27.691649888532574]}},{"type":"Feature","properties":{},"geometry":{"type":"Point","coordinates":[85.33899359624314,27.69174536954761]}},{"type":"Feature","properties":{},"geometry":{"type":"Point","coordinates":[85.33911651382739,27.691842090372397]}},{"type":"Feature","properties":{},"geometry":{"type":"Point","coordinates":[85.33918832353261,27.69185180482439]}},{"type":"Feature","properties":{},"geometry":{"type":"Point","coordinates":[85.33918876671633,27.691856286803404]}},{"type":"Feature","properties":{},"geometry":{"type":"Point","coordinates":[85.3391258538165,27.691949023170277]}},{"type":"Feature","properties":{},"geometry":{"type":"Point","coordinates":[85.3391307813295,27.692084140316556]}},{"type":"Feature","properties":{},"geometry":{"type":"Point","coordinates":[85.33915308867279,27.69221880796157]}},{"type":"Feature","properties":{},"geometry":{"type":"Point","coordinates":[85.33923109331009,27.69225052964573]}},{"type":"Feature","properties":{},"geometry":{"type":"Point","coordinates":[85.33923694476891,27.692231978352027]}},{"type":"Feature","properties":{},"geometry":{"type":"Point","coordinates":[85.33919804873162,27.692346778691753]}},{"type":"Feature","properties":{},"geometry":{"type":"Point","coordinates":[85.33923038701384,27.692428476660563]}},{"type":"Feature","properties":{},"geometry":{"type":"Point","coordinates":[85.33927903449857,27.69241118867285]}},{"type":"Feature","properties":{},"geometry":{"type":"Point","coordinates":[85.33931877322274,27.69249365500296]}},{"type":"Feature","properties":{},"geometry":{"type":"Point","coordinates":[85.33927994198642,27.692567398097772]}},{"type":"Feature","properties":{},"geometry":{"type":"Point","coordinates":[85.33928896467022,27.692621353529738]}},{"type":"Feature","properties":{},"geometry":{"type":"Point","coordinates":[85.3393278118064,27.692720391771473]}},{"type":"Feature","properties":{},"geometry":{"type":"Point","coordinates":[85.33954181001806,27.692667131631673]}},{"type":"Feature","properties":{},"geometry":{"type":"Point","coordinates":[85.33949353807932,27.69263910160608]}},{"type":"Feature","properties":{},"geometry":{"type":"Point","coordinates":[85.33955265658406,27.692698600149612]}},{"type":"Feature","properties":{},"geometry":{"type":"Point","coordinates":[85.33950155352125,27.69277267811016]}},{"type":"Feature","properties":{},"geometry":{"type":"Point","coordinates":[85.33950079683576,27.69278033351676]}},{"type":"Feature","properties":{},"geometry":{"type":"Point","coordinates":[85.33960233526204,27.69284043640807]}},{"type":"Feature","properties":{},"geometry":{"type":"Point","coordinates":[85.3395536486328,27.692944313172664]}},{"type":"Feature","properties":{},"geometry":{"type":"Point","coordinates":[85.33958889716583,27.693035606708992]}},{"type":"Feature","properties":{},"geometry":{"type":"Point","coordinates":[85.33967623990017,27.69312093807092]}},{"type":"Feature","properties":{},"geometry":{"type":"Point","coordinates":[85.33734129473716,27.691217267969904]}},{"type":"Feature","properties":{},"geometry":{"type":"Point","coordinates":[85.33727064377162,27.691256315166317]}},{"type":"Feature","properties":{},"geometry":{"type":"Point","coordinates":[85.33700454359108,27.69132559010903]}},{"type":"Feature","properties":{},"geometry":{"type":"Point","coordinates":[85.33664535792835,27.691665548265863]}},{"type":"Feature","properties":{},"geometry":{"type":"Point","coordinates":[85.33664691959409,27.691664733066684]}},{"type":"Feature","properties":{},"geometry":{"type":"Point","coordinates":[85.33655192308912,27.691451866631464]}},{"type":"Feature","properties":{},"geometry":{"type":"Point","coordinates":[85.33645892919287,27.691431548564026]}},{"type":"Feature","properties":{},"geometry":{"type":"Point","coordinates":[85.3364303704998,27.69143796829204]}},{"type":"Feature","properties":{},"geometry":{"type":"Point","coordinates":[85.3363694700736,27.69144913678256]}},{"type":"Feature","properties":{},"geometry":{"type":"Point","coordinates":[85.33631837035627,27.690948428463994]}},{"type":"Feature","properties":{},"geometry":{"type":"Point","coordinates":[85.33631732510858,27.690948420418582]}},{"type":"Feature","properties":{},"geometry":{"type":"Point","coordinates":[85.33654829168309,27.69090175967454]}},{"type":"Feature","properties":{},"geometry":{"type":"Point","coordinates":[85.3367028584035,27.69103726184933]}},{"type":"Feature","properties":{},"geometry":{"type":"Point","coordinates":[85.33671195002648,27.69114958541539]}},{"type":"Feature","properties":{},"geometry":{"type":"Point","coordinates":[85.33667428825137,27.69113072456463]}},{"type":"Feature","properties":{},"geometry":{"type":"Point","coordinates":[85.33681211714003,27.690879687033743]}},{"type":"Feature","properties":{},"geometry":{"type":"Point","coordinates":[85.33681031995434,27.69087991996766]}},{"type":"Feature","properties":{},"geometry":{"type":"Point","coordinates":[85.33695513198961,27.69086503510691]}},{"type":"Feature","properties":{},"geometry":{"type":"Point","coordinates":[85.33722282295086,27.690926761383597]}},{"type":"Feature","properties":{},"geometry":{"type":"Point","coordinates":[85.33726661846775,27.69100708376417]}},{"type":"Feature","properties":{},"geometry":{"type":"Point","coordinates":[85.33730844169011,27.691027471902903]}},{"type":"Feature","properties":{},"geometry":{"type":"Point","coordinates":[85.3373125887874,27.691113243448353]}},{"type":"Feature","properties":{},"geometry":{"type":"Point","coordinates":[85.337331531781,27.691165327972055]}},{"type":"Feature","properties":{},"geometry":{"type":"Point","coordinates":[85.33726360541844,27.691223636766228]}},{"type":"Feature","properties":{},"geometry":{"type":"Point","coordinates":[85.33708829848091,27.691104266551097]}},{"type":"Feature","properties":{},"geometry":{"type":"Point","coordinates":[85.33706299814703,27.691054528102647]}},{"type":"Feature","properties":{},"geometry":{"type":"Point","coordinates":[85.33860244812122,27.690713325248137]}},{"type":"Feature","properties":{},"geometry":{"type":"Point","coordinates":[85.33880939157295,27.690869224880153]}},{"type":"Feature","properties":{},"geometry":{"type":"Point","coordinates":[85.33884332648935,27.690978089982135]}},{"type":"Feature","properties":{},"geometry":{"type":"Point","coordinates":[85.33902307813739,27.69066057180665]}},{"type":"Feature","properties":{},"geometry":{"type":"Point","coordinates":[85.33903708498832,27.69062223689647]}},{"type":"Feature","properties":{},"geometry":{"type":"Point","coordinates":[85.33738063130082,27.69081788866328]}},{"type":"Feature","properties":{},"geometry":{"type":"Point","coordinates":[85.3374473166892,27.690818036781398]}},{"type":"Feature","properties":{},"geometry":{"type":"Point","coordinates":[85.33762339686791,27.69081047989505]}},{"type":"Feature","properties":{},"geometry":{"type":"Point","coordinates":[85.33765555469843,27.690881966353036]}},{"type":"Feature","properties":{},"geometry":{"type":"Point","coordinates":[85.33768048995108,27.690905825031656]}},{"type":"Feature","properties":{},"geometry":{"type":"Point","coordinates":[85.33766565695485,27.690915334967503]}},{"type":"Feature","properties":{},"geometry":{"type":"Point","coordinates":[85.33766619985995,27.690913966897003]}},{"type":"Feature","properties":{},"geometry":{"type":"Point","coordinates":[85.3377117016121,27.69101266304181]}},{"type":"Feature","properties":{},"geometry":{"type":"Point","coordinates":[85.33771176142155,27.691012596970875]}},{"type":"Feature","properties":{},"geometry":{"type":"Point","coordinates":[85.33777316824312,27.691025068204343]}},{"type":"Feature","properties":{},"geometry":{"type":"Point","coordinates":[85.33784523377206,27.690778305245743]}},{"type":"Feature","properties":{},"geometry":{"type":"Point","coordinates":[85.33798243190682,27.69088169862583]}},{"type":"Feature","properties":{},"geometry":{"type":"Point","coordinates":[85.33796687169001,27.690935938511622]}},{"type":"Feature","properties":{},"geometry":{"type":"Point","coordinates":[85.33801757621679,27.690772508094796]}},{"type":"Feature","properties":{},"geometry":{"type":"Point","coordinates":[85.3380472187252,27.690762730002746]}},{"type":"Feature","properties":{},"geometry":{"type":"Point","coordinates":[85.33807788663331,27.690761968079084]}},{"type":"Feature","properties":{},"geometry":{"type":"Point","coordinates":[85.33825102165957,27.690835455890962]}},{"type":"Feature","properties":{},"geometry":{"type":"Point","coordinates":[85.33827729109852,27.690848420416255]}},{"type":"Feature","properties":{},"geometry":{"type":"Point","coordinates":[85.33839193650392,27.690729208751073]}},{"type":"Feature","properties":{},"geometry":{"type":"Point","coordinates":[85.33845541677161,27.690746834671412]}},{"type":"Feature","properties":{},"geometry":{"type":"Point","coordinates":[85.33844350534882,27.690751434661564]}},{"type":"Feature","properties":{},"geometry":{"type":"Point","coordinates":[85.3386084250183,27.69071253863063]}},{"type":"Feature","properties":{},"geometry":{"type":"Point","coordinates":[85.33872692662565,27.690795922105153]}},{"type":"Feature","properties":{},"geometry":{"type":"Point","coordinates":[85.33876246469379,27.69077860516202]}},{"type":"Feature","properties":{},"geometry":{"type":"Point","coordinates":[85.33875538646649,27.690874833494686]}},{"type":"Feature","properties":{},"geometry":{"type":"Point","coordinates":[85.33877654016472,27.69101132044466]}},{"type":"Feature","properties":{},"geometry":{"type":"Point","coordinates":[85.33877576668696,27.691008698274157]}},{"type":"Feature","properties":{},"geometry":{"type":"Point","coordinates":[85.33879872971099,27.691063656740422]}},{"type":"Feature","properties":{},"geometry":{"type":"Point","coordinates":[85.3387017747773,27.69103680510621]}},{"type":"Feature","properties":{},"geometry":{"type":"Point","coordinates":[85.33863656370016,27.691056531444584]}},{"type":"Feature","properties":{},"geometry":{"type":"Point","coordinates":[85.33861411027492,27.69106126851246]}},{"type":"Feature","properties":{},"geometry":{"type":"Point","coordinates":[85.33854675788064,27.691073016721116]}},{"type":"Feature","properties":{},"geometry":{"type":"Point","coordinates":[85.33853471044907,27.691097711331928]}},{"type":"Feature","properties":{},"geometry":{"type":"Point","coordinates":[85.33848726962675,27.691087775406622]}},{"type":"Feature","properties":{},"geometry":{"type":"Point","coordinates":[85.338285105114,27.691116173494834]}},{"type":"Feature","properties":{},"geometry":{"type":"Point","coordinates":[85.33903922860065,27.691045066362324]}},{"type":"Feature","properties":{},"geometry":{"type":"Point","coordinates":[85.3389878955001,27.690960701806308]}},{"type":"Feature","properties":{},"geometry":{"type":"Point","coordinates":[85.3390168545072,27.69096365484492]}},{"type":"Feature","properties":{},"geometry":{"type":"Point","coordinates":[85.33899771489345,27.690997511988655]}},{"type":"Feature","properties":{},"geometry":{"type":"Point","coordinates":[85.33882847667614,27.691184202085932]}},{"type":"Feature","properties":{},"geometry":{"type":"Point","coordinates":[85.33882586039164,27.691177191256603]}},{"type":"Feature","properties":{},"geometry":{"type":"Point","coordinates":[85.33891246489905,27.69121035655771]}},{"type":"Feature","properties":{},"geometry":{"type":"Point","coordinates":[85.33884728695486,27.691253003726334]}},{"type":"Feature","properties":{},"geometry":{"type":"Point","coordinates":[85.33887627349655,27.691375361291662]}},{"type":"Feature","properties":{},"geometry":{"type":"Point","coordinates":[85.33893380001413,27.691327308094905]}},{"type":"Feature","properties":{},"geometry":{"type":"Point","coordinates":[85.33896170632727,27.691447956789332]}},{"type":"Feature","properties":{},"geometry":{"type":"Point","coordinates":[85.33906588180004,27.690668920290793]}},{"type":"Feature","properties":{},"geometry":{"type":"Point","coordinates":[85.33906152489968,27.690562221439112]}},{"type":"Feature","properties":{},"geometry":{"type":"Point","coordinates":[85.33903553032296,27.690475571399443]}},{"type":"Feature","properties":{},"geometry":{"type":"Point","coordinates":[85.33899486105132,27.69000252564252]}},{"type":"Feature","properties":{},"geometry":{"type":"Point","coordinates":[85.3388999746481,27.689921406794248]}},{"type":"Feature","properties":{},"geometry":{"type":"Point","coordinates":[85.33886904846531,27.689716352976056]}},{"type":"Feature","properties":{},"geometry":{"type":"Point","coordinates":[85.33887803638838,27.689684575389993]}},{"type":"Feature","properties":{},"geometry":{"type":"Point","coordinates":[85.33887668127086,27.689684140349694]}},{"type":"Feature","properties":{},"geometry":{"type":"Point","coordinates":[85.33887585515588,27.689684526660766]}},{"type":"Feature","properties":{},"geometry":{"type":"Point","coordinates":[85.33894667690426,27.68963563377794]}},{"type":"Feature","properties":{},"geometry":{"type":"Point","coordinates":[85.33908465032056,27.689590864989288]}},{"type":"Feature","properties":{},"geometry":{"type":"Point","coordinates":[85.33912272117149,27.689486303208827]}},{"type":"Feature","properties":{},"geometry":{"type":"Point","coordinates":[85.33627580016662,27.69158386536274]}},{"type":"Feature","properties":{},"geometry":{"type":"Point","coordinates":[85.33635167166632,27.691789545319857]}},{"type":"Feature","properties":{},"geometry":{"type":"Point","coordinates":[85.33639184315528,27.691793023527406]}},{"type":"Feature","properties":{},"geometry":{"type":"Point","coordinates":[85.33657272335385,27.69194808351583]}},{"type":"Feature","properties":{},"geometry":{"type":"Point","coordinates":[85.33654405484963,27.69179762298931]}},{"type":"Feature","properties":{},"geometry":{"type":"Point","coordinates":[85.33653888041411,27.691797841521744]}},{"type":"Feature","properties":{},"geometry":{"type":"Point","coordinates":[85.33626336707887,27.69203594795947]}},{"type":"Feature","properties":{},"geometry":{"type":"Point","coordinates":[85.33626608126139,27.69203101021534]}},{"type":"Feature","properties":{},"geometry":{"type":"Point","coordinates":[85.33626129497668,27.692095898567196]}},{"type":"Feature","properties":{},"geometry":{"type":"Point","coordinates":[85.33626427676646,27.69218196838877]}},{"type":"Feature","properties":{},"geometry":{"type":"Point","coordinates":[85.33687907630184,27.69333821658069]}},{"type":"Feature","properties":{},"geometry":{"type":"Point","coordinates":[85.33693651190995,27.693254548479555]}},{"type":"Feature","properties":{},"geometry":{"type":"Point","coordinates":[85.3370483179269,27.69320840622064]}},{"type":"Feature","properties":{},"geometry":{"type":"Point","coordinates":[85.33706863784266,27.693200233055958]}},{"type":"Feature","properties":{},"geometry":{"type":"Point","coordinates":[85.3370812520613,27.693193773352842]}},{"type":"Feature","properties":{},"geometry":{"type":"Point","coordinates":[85.33720659653486,27.69314982519888]}},{"type":"Feature","properties":{},"geometry":{"type":"Point","coordinates":[85.337232323608,27.693230446873386]}},{"type":"Feature","properties":{},"geometry":{"type":"Point","coordinates":[85.33735730879819,27.690820761248897]}},{"type":"Feature","properties":{},"geometry":{"type":"Point","coordinates":[85.33820004666089,27.690800933433373]}},{"type":"Feature","properties":{},"geometry":{"type":"Point","coordinates":[85.34400692536651,27.699941046579955]}},{"type":"Feature","properties":{},"geometry":{"type":"Point","coordinates":[85.34089635690191,27.701094698061993]}},{"type":"Feature","properties":{},"geometry":{"type":"Point","coordinates":[85.34405970018486,27.69990619034125]}},{"type":"Feature","properties":{},"geometry":{"type":"Point","coordinates":[85.34385821648976,27.700016350279338]}},{"type":"Feature","properties":{},"geometry":{"type":"Point","coordinates":[85.34376615049634,27.700068374086175]}},{"type":"Feature","properties":{},"geometry":{"type":"Point","coordinates":[85.34361960843,27.700119763213515]}},{"type":"Feature","properties":{},"geometry":{"type":"Point","coordinates":[85.3435796359498,27.70012544578906]}},{"type":"Feature","properties":{},"geometry":{"type":"Point","coordinates":[85.34340616513654,27.700193225065153]}},{"type":"Feature","properties":{},"geometry":{"type":"Point","coordinates":[85.34314707676042,27.70028759309628]}},{"type":"Feature","properties":{},"geometry":{"type":"Point","coordinates":[85.3430762084202,27.70032290482272]}},{"type":"Feature","properties":{},"geometry":{"type":"Point","coordinates":[85.34288690178084,27.70029391800944]}},{"type":"Feature","properties":{},"geometry":{"type":"Point","coordinates":[85.34291883131446,27.700244663385224]}},{"type":"Feature","properties":{},"geometry":{"type":"Point","coordinates":[85.34288119170185,27.700218354706486]}},{"type":"Feature","properties":{},"geometry":{"type":"Point","coordinates":[85.34287604998633,27.70014584522519]}},{"type":"Feature","properties":{},"geometry":{"type":"Point","coordinates":[85.34275097029303,27.70000147835307]}},{"type":"Feature","properties":{},"geometry":{"type":"Point","coordinates":[85.34283468673421,27.699957808603166]}},{"type":"Feature","properties":{},"geometry":{"type":"Point","coordinates":[85.34274534711837,27.70044347971586]}},{"type":"Feature","properties":{},"geometry":{"type":"Point","coordinates":[85.34274740794393,27.700443257086103]}},{"type":"Feature","properties":{},"geometry":{"type":"Point","coordinates":[85.34274956153696,27.700442666422635]}},{"type":"Feature","properties":{},"geometry":{"type":"Point","coordinates":[85.34265077043071,27.70048551211928]}},{"type":"Feature","properties":{},"geometry":{"type":"Point","coordinates":[85.3426308903757,27.700497526280078]}},{"type":"Feature","properties":{},"geometry":{"type":"Point","coordinates":[85.34259177703002,27.700507005058824]}},{"type":"Feature","properties":{},"geometry":{"type":"Point","coordinates":[85.34253077683117,27.700532860353587]}},{"type":"Feature","properties":{},"geometry":{"type":"Point","coordinates":[85.3424863263892,27.700549467648166]}},{"type":"Feature","properties":{},"geometry":{"type":"Point","coordinates":[85.34245133530831,27.700559398279463]}},{"type":"Feature","properties":{},"geometry":{"type":"Point","coordinates":[85.34237361855732,27.700591508412977]}},{"type":"Feature","properties":{},"geometry":{"type":"Point","coordinates":[85.34235493038841,27.700597253230203]}},{"type":"Feature","properties":{},"geometry":{"type":"Point","coordinates":[85.34231880176581,27.700608443708578]}},{"type":"Feature","properties":{},"geometry":{"type":"Point","coordinates":[85.3423194316638,27.700608230125493]}},{"type":"Feature","properties":{},"geometry":{"type":"Point","coordinates":[85.3422651484126,27.70063387510519]}},{"type":"Feature","properties":{},"geometry":{"type":"Point","coordinates":[85.34220687213082,27.700659235778243]}},{"type":"Feature","properties":{},"geometry":{"type":"Point","coordinates":[85.34218329644737,27.70066832647391]}},{"type":"Feature","properties":{},"geometry":{"type":"Point","coordinates":[85.34220084138877,27.700702861559975]}},{"type":"Feature","properties":{},"geometry":{"type":"Point","coordinates":[85.34217238339951,27.700714618595523]}},{"type":"Feature","properties":{},"geometry":{"type":"Point","coordinates":[85.34187214792173,27.70078360532653]}},{"type":"Feature","properties":{},"geometry":{"type":"Point","coordinates":[85.34127183639161,27.701015158063772]}},{"type":"Feature","properties":{},"geometry":{"type":"Point","coordinates":[85.34127388357985,27.701014161805478]}},{"type":"Feature","properties":{},"geometry":{"type":"Point","coordinates":[85.34109083537882,27.700798038248138]}},{"type":"Feature","properties":{},"geometry":{"type":"Point","coordinates":[85.34110142804533,27.70079333832742]}},{"type":"Feature","properties":{},"geometry":{"type":"Point","coordinates":[85.34111707833188,27.70078738850356]}},{"type":"Feature","properties":{},"geometry":{"type":"Point","coordinates":[85.34086991359997,27.70101877704141]}},{"type":"Feature","properties":{},"geometry":{"type":"Point","coordinates":[85.34081886972078,27.70093000036053]}},{"type":"Feature","properties":{},"geometry":{"type":"Point","coordinates":[85.34079248190874,27.70082715865667]}},{"type":"Feature","properties":{},"geometry":{"type":"Point","coordinates":[85.3408045113476,27.700801755179437]}},{"type":"Feature","properties":{},"geometry":{"type":"Point","coordinates":[85.34089718639684,27.700994216909024]}},{"type":"Feature","properties":{},"geometry":{"type":"Point","coordinates":[85.34089578204988,27.70099240129178]}},{"type":"Feature","properties":{},"geometry":{"type":"Point","coordinates":[85.34082804536835,27.7011728662504]}},{"type":"Feature","properties":{},"geometry":{"type":"Point","coordinates":[85.34073630842184,27.701223293479295]}},{"type":"Feature","properties":{},"geometry":{"type":"Point","coordinates":[85.34059152841542,27.701276994703694]}},{"type":"Feature","properties":{},"geometry":{"type":"Point","coordinates":[85.34059216807967,27.701276605248086]}},{"type":"Feature","properties":{},"geometry":{"type":"Point","coordinates":[85.34056273716517,27.70129165632849]}},{"type":"Feature","properties":{},"geometry":{"type":"Point","coordinates":[85.34045980689105,27.701327286327945]}},{"type":"Feature","properties":{},"geometry":{"type":"Point","coordinates":[85.3403958645432,27.701354046740516]}},{"type":"Feature","properties":{},"geometry":{"type":"Point","coordinates":[85.34037528488614,27.701360668451578]}},{"type":"Feature","properties":{},"geometry":{"type":"Point","coordinates":[85.34028402186229,27.701392688080418]}},{"type":"Feature","properties":{},"geometry":{"type":"Point","coordinates":[85.34024198968983,27.70141127494024]}},{"type":"Feature","properties":{},"geometry":{"type":"Point","coordinates":[85.34005690626465,27.701329380311186]}},{"type":"Feature","properties":{},"geometry":{"type":"Point","coordinates":[85.34003825379922,27.701308832986744]}},{"type":"Feature","properties":{},"geometry":{"type":"Point","coordinates":[85.33999678664169,27.70121988023155]}},{"type":"Feature","properties":{},"geometry":{"type":"Point","coordinates":[85.34021180030538,27.701063563044595]}},{"type":"Feature","properties":{},"geometry":{"type":"Point","coordinates":[85.33993375467419,27.701066041624863]}},{"type":"Feature","properties":{},"geometry":{"type":"Point","coordinates":[85.33993414328648,27.701066494853286]}},{"type":"Feature","properties":{},"geometry":{"type":"Point","coordinates":[85.33993408208853,27.70106685333523]}},{"type":"Feature","properties":{},"geometry":{"type":"Point","coordinates":[85.33993916543122,27.701079448033692]}},{"type":"Feature","properties":{},"geometry":{"type":"Point","coordinates":[85.33988148728587,27.700855497461777]}},{"type":"Feature","properties":{},"geometry":{"type":"Point","coordinates":[85.33966999985043,27.700548064649453]}},{"type":"Feature","properties":{},"geometry":{"type":"Point","coordinates":[85.33946047633661,27.700427383211885]}},{"type":"Feature","properties":{},"geometry":{"type":"Point","coordinates":[85.3393706919008,27.700399022106517]}},{"type":"Feature","properties":{},"geometry":{"type":"Point","coordinates":[85.33937254965845,27.700400089546072]}},{"type":"Feature","properties":{},"geometry":{"type":"Point","coordinates":[85.33913711534163,27.700300236404253]}},{"type":"Feature","properties":{},"geometry":{"type":"Point","coordinates":[85.33925879820856,27.70017494986485]}},{"type":"Feature","properties":{},"geometry":{"type":"Point","coordinates":[85.339259223028,27.700177498352886]}},{"type":"Feature","properties":{},"geometry":{"type":"Point","coordinates":[85.3392523354157,27.70013881537934]}},{"type":"Feature","properties":{},"geometry":{"type":"Point","coordinates":[85.33925140805367,27.700138114704874]}},{"type":"Feature","properties":{},"geometry":{"type":"Point","coordinates":[85.3391483431318,27.700188241638926]}},{"type":"Feature","properties":{},"geometry":{"type":"Point","coordinates":[85.33911725366795,27.699182229700416]}},{"type":"Feature","properties":{},"geometry":{"type":"Point","coordinates":[85.33911679310063,27.699181171799253]}},{"type":"Feature","properties":{},"geometry":{"type":"Point","coordinates":[85.33911753047316,27.69918055698169]}},{"type":"Feature","properties":{},"geometry":{"type":"Point","coordinates":[85.33820387543837,27.695838018506276]}},{"type":"Feature","properties":{},"geometry":{"type":"Point","coordinates":[85.33753265026486,27.695383023068775]}},{"type":"Feature","properties":{},"geometry":{"type":"Point","coordinates":[85.33883033304451,27.699278046381167]}},{"type":"Feature","properties":{},"geometry":{"type":"Point","coordinates":[85.33911706467632,27.699183058683744]}},{"type":"Feature","properties":{},"geometry":{"type":"Point","coordinates":[85.33832462836087,27.69882592196062]}},{"type":"Feature","properties":{},"geometry":{"type":"Point","coordinates":[85.33823978353392,27.698409318089055]}},{"type":"Feature","properties":{},"geometry":{"type":"Point","coordinates":[85.33817004325765,27.69824038698612]}},{"type":"Feature","properties":{},"geometry":{"type":"Point","coordinates":[85.33797239492773,27.697614105444153]}},{"type":"Feature","properties":{},"geometry":{"type":"Point","coordinates":[85.3380728982935,27.697448615032364]}},{"type":"Feature","properties":{},"geometry":{"type":"Point","coordinates":[85.3384221865087,27.697386276617653]}},{"type":"Feature","properties":{},"geometry":{"type":"Point","coordinates":[85.33842238294466,27.697385157102673]}},{"type":"Feature","properties":{},"geometry":{"type":"Point","coordinates":[85.33845957300079,27.697510894824415]}},{"type":"Feature","properties":{},"geometry":{"type":"Point","coordinates":[85.33843164140458,27.697510893560054]}},{"type":"Feature","properties":{},"geometry":{"type":"Point","coordinates":[85.33843751706723,27.697531072938663]}},{"type":"Feature","properties":{},"geometry":{"type":"Point","coordinates":[85.33817907874698,27.697429564980823]}},{"type":"Feature","properties":{},"geometry":{"type":"Point","coordinates":[85.33819346544806,27.697401514856036]}},{"type":"Feature","properties":{},"geometry":{"type":"Point","coordinates":[85.3378793333418,27.697167478603404]}},{"type":"Feature","properties":{},"geometry":{"type":"Point","coordinates":[85.33778771627902,27.696891155360966]}},{"type":"Feature","properties":{},"geometry":{"type":"Point","coordinates":[85.33774745639681,27.696760693670086]}},{"type":"Feature","properties":{},"geometry":{"type":"Point","coordinates":[85.33772663656062,27.696673408798684]}},{"type":"Feature","properties":{},"geometry":{"type":"Point","coordinates":[85.33770829018077,27.69659058695704]}},{"type":"Feature","properties":{},"geometry":{"type":"Point","coordinates":[85.33790674288927,27.69647744999804]}},{"type":"Feature","properties":{},"geometry":{"type":"Point","coordinates":[85.33793976161431,27.696469875031127]}},{"type":"Feature","properties":{},"geometry":{"type":"Point","coordinates":[85.33793997833328,27.696036166972643]}},{"type":"Feature","properties":{},"geometry":{"type":"Point","coordinates":[85.33809501638798,27.695819333256388]}},{"type":"Feature","properties":{},"geometry":{"type":"Point","coordinates":[85.33808042021266,27.695859818039608]}},{"type":"Feature","properties":{},"geometry":{"type":"Point","coordinates":[85.33789325380492,27.695894433354162]}},{"type":"Feature","properties":{},"geometry":{"type":"Point","coordinates":[85.33782083674785,27.695906301718857]}},{"type":"Feature","properties":{},"geometry":{"type":"Point","coordinates":[85.33779314176249,27.695878868297726]}},{"type":"Feature","properties":{},"geometry":{"type":"Point","coordinates":[85.33766808531469,27.69577105978457]}},{"type":"Feature","properties":{},"geometry":{"type":"Point","coordinates":[85.33736923821208,27.69502952670729]}},{"type":"Feature","properties":{},"geometry":{"type":"Point","coordinates":[85.3373556764688,27.69487316455]}},{"type":"Feature","properties":{},"geometry":{"type":"Point","coordinates":[85.33733847838248,27.694762446822658]}},{"type":"Feature","properties":{},"geometry":{"type":"Point","coordinates":[85.33733959847189,27.694760462924766]}},{"type":"Feature","properties":{},"geometry":{"type":"Point","coordinates":[85.33732779155326,27.69470856157525]}},{"type":"Feature","properties":{},"geometry":{"type":"Point","coordinates":[85.33713734122743,27.69380085836234]}},{"type":"Feature","properties":{},"geometry":{"type":"Point","coordinates":[85.33713174535465,27.69376458797911]}},{"type":"Feature","properties":{},"geometry":{"type":"Point","coordinates":[85.33701623364924,27.6935162154446]}},{"type":"Feature","properties":{},"geometry":{"type":"Point","coordinates":[85.33697680048517,27.693464188047553]}},{"type":"Feature","properties":{},"geometry":{"type":"Point","coordinates":[85.33803370766262,27.69780863654728]}},{"type":"Feature","properties":{},"geometry":{"type":"Point","coordinates":[85.34016183353559,27.699771027974272]}},{"type":"Feature","properties":{},"geometry":{"type":"Point","coordinates":[85.33745421707343,27.694503401510097]}},{"type":"Feature","properties":{},"geometry":{"type":"Point","coordinates":[85.33619975679638,27.691264234257005]}},{"type":"Feature","properties":{},"geometry":{"type":"Point","coordinates":[85.33619423387258,27.691258750776754]}},{"type":"Feature","properties":{},"geometry":{"type":"Point","coordinates":[85.33619232879231,27.691316981325762]}},{"type":"Feature","properties":{},"geometry":{"type":"Point","coordinates":[85.33657505516355,27.692899751008014]}},{"type":"Feature","properties":{},"geometry":{"type":"Point","coordinates":[85.33647818542418,27.69280669660047]}},{"type":"Feature","properties":{},"geometry":{"type":"Point","coordinates":[85.3365113357287,27.692848354137436]}},{"type":"Feature","properties":{},"geometry":{"type":"Point","coordinates":[85.33661153306998,27.692976402543703]}},{"type":"Feature","properties":{},"geometry":{"type":"Point","coordinates":[85.33667014159283,27.693061819253863]}},{"type":"Feature","properties":{},"geometry":{"type":"Point","coordinates":[85.33672062493946,27.693087539199684]}},{"type":"Feature","properties":{},"geometry":{"type":"Point","coordinates":[85.33674270185058,27.693113488322872]}},{"type":"Feature","properties":{},"geometry":{"type":"Point","coordinates":[85.33979547197717,27.70071409924571]}},{"type":"Feature","properties":{},"geometry":{"type":"Point","coordinates":[85.34021624038962,27.701057221695155]}},{"type":"Feature","properties":{},"geometry":{"type":"Point","coordinates":[85.33991363169385,27.700980326822773]}},{"type":"Feature","properties":{},"geometry":{"type":"Point","coordinates":[85.33985534050312,27.700805791746294]}},{"type":"Feature","properties":{},"geometry":{"type":"Point","coordinates":[85.3398651335768,27.700780564613673]}},{"type":"Feature","properties":{},"geometry":{"type":"Point","coordinates":[85.33990892838418,27.700766638116203]}},{"type":"Feature","properties":{},"geometry":{"type":"Point","coordinates":[85.33921785956103,27.700353778718558]}},{"type":"Feature","properties":{},"geometry":{"type":"Point","coordinates":[85.3371891313604,27.69426493372602]}},{"type":"Feature","properties":{},"geometry":{"type":"Point","coordinates":[85.33718752015714,27.69426607144881]}},{"type":"Feature","properties":{},"geometry":{"type":"Point","coordinates":[85.33840216095652,27.69909625437158]}},{"type":"Feature","properties":{},"geometry":{"type":"Point","coordinates":[85.33839870359611,27.699082236858466]}},{"type":"Feature","properties":{},"geometry":{"type":"Point","coordinates":[85.33836640948658,27.698979882545917]}},{"type":"Feature","properties":{},"geometry":{"type":"Point","coordinates":[85.33836204499293,27.69896885061729]}},{"type":"Feature","properties":{},"geometry":{"type":"Point","coordinates":[85.3382546698667,27.698571711548695]}},{"type":"Feature","properties":{},"geometry":{"type":"Point","coordinates":[85.33810140969132,27.698026466985805]}},{"type":"Feature","properties":{},"geometry":{"type":"Point","coordinates":[85.338097113312,27.697955797029504]}},{"type":"Feature","properties":{},"geometry":{"type":"Point","coordinates":[85.33722268020601,27.694416479831006]}},{"type":"Feature","properties":{},"geometry":{"type":"Point","coordinates":[85.33716377190434,27.693961298491562]}},{"type":"Feature","properties":{},"geometry":{"type":"Point","coordinates":[85.3371628949461,27.693967043536148]}},{"type":"Feature","properties":{},"geometry":{"type":"Point","coordinates":[85.33716043215884,27.69396823872328]}},{"type":"Feature","properties":{},"geometry":{"type":"Point","coordinates":[85.33715753320978,27.693969310437993]}},{"type":"Feature","properties":{},"geometry":{"type":"Point","coordinates":[85.3371385036937,27.693833740571687]}},{"type":"Feature","properties":{},"geometry":{"type":"Point","coordinates":[85.33692022795897,27.69339453010655]}},{"type":"Feature","properties":{},"geometry":{"type":"Point","coordinates":[85.33803622198296,27.697812678573573]}},{"type":"Feature","properties":{},"geometry":{"type":"Point","coordinates":[85.33807231796351,27.697895627695207]}},{"type":"Feature","properties":{},"geometry":{"type":"Point","coordinates":[85.3438011916789,27.693717303462755]}},{"type":"Feature","properties":{},"geometry":{"type":"Point","coordinates":[85.34408802361054,27.69361261707343]}},{"type":"Feature","properties":{},"geometry":{"type":"Point","coordinates":[85.34417166805058,27.69357718125223]}},{"type":"Feature","properties":{},"geometry":{"type":"Point","coordinates":[85.34408849306098,27.69425166983274]}},{"type":"Feature","properties":{},"geometry":{"type":"Point","coordinates":[85.33961487825465,27.69376664505842]}},{"type":"Feature","properties":{},"geometry":{"type":"Point","coordinates":[85.33960989957568,27.693772682101848]}},{"type":"Feature","properties":{},"geometry":{"type":"Point","coordinates":[85.33964179002788,27.693828742106838]}},{"type":"Feature","properties":{},"geometry":{"type":"Point","coordinates":[85.34005750991882,27.693735981829963]}},{"type":"Feature","properties":{},"geometry":{"type":"Point","coordinates":[85.33997502707061,27.693644638383322]}},{"type":"Feature","properties":{},"geometry":{"type":"Point","coordinates":[85.34000443478611,27.693758040235753]}},{"type":"Feature","properties":{},"geometry":{"type":"Point","coordinates":[85.33994068320769,27.693815773094602]}},{"type":"Feature","properties":{},"geometry":{"type":"Point","coordinates":[85.33981045348696,27.693841575287628]}},{"type":"Feature","properties":{},"geometry":{"type":"Point","coordinates":[85.33976159119919,27.693895129959163]}},{"type":"Feature","properties":{},"geometry":{"type":"Point","coordinates":[85.33969901792526,27.693897905031797]}},{"type":"Feature","properties":{},"geometry":{"type":"Point","coordinates":[85.33967755648946,27.693916988495115]}},{"type":"Feature","properties":{},"geometry":{"type":"Point","coordinates":[85.3391956238253,27.694055546802694]}},{"type":"Feature","properties":{},"geometry":{"type":"Point","coordinates":[85.33894726187684,27.693963453114172]}},{"type":"Feature","properties":{},"geometry":{"type":"Point","coordinates":[85.33933159057776,27.694202587000795]}},{"type":"Feature","properties":{},"geometry":{"type":"Point","coordinates":[85.33937605396089,27.69416120030287]}},{"type":"Feature","properties":{},"geometry":{"type":"Point","coordinates":[85.3393574203672,27.694110151361265]}},{"type":"Feature","properties":{},"geometry":{"type":"Point","coordinates":[85.33948684788169,27.694034211296394]}},{"type":"Feature","properties":{},"geometry":{"type":"Point","coordinates":[85.33957336959293,27.69402155625287]}},{"type":"Feature","properties":{},"geometry":{"type":"Point","coordinates":[85.34154892205306,27.697689016272264]}},{"type":"Feature","properties":{},"geometry":{"type":"Point","coordinates":[85.3399751770814,27.69752591809802]}},{"type":"Feature","properties":{},"geometry":{"type":"Point","coordinates":[85.33950760345654,27.697550849863998]}},{"type":"Feature","properties":{},"geometry":{"type":"Point","coordinates":[85.33937686152673,27.6975725414428]}},{"type":"Feature","properties":{},"geometry":{"type":"Point","coordinates":[85.33902001170003,27.69765356644399]}},{"type":"Feature","properties":{},"geometry":{"type":"Point","coordinates":[85.3393755986473,27.69811387996232]}},{"type":"Feature","properties":{},"geometry":{"type":"Point","coordinates":[85.33880081334911,27.698185437051308]}},{"type":"Feature","properties":{},"geometry":{"type":"Point","coordinates":[85.33836418622839,27.69809765179699]}},{"type":"Feature","properties":{},"geometry":{"type":"Point","coordinates":[85.33851876170462,27.697851261716707]}},{"type":"Feature","properties":{},"geometry":{"type":"Point","coordinates":[85.33882954798995,27.69905832327657]}},{"type":"Feature","properties":{},"geometry":{"type":"Point","coordinates":[85.3391518387409,27.69893606010831]}},{"type":"Feature","properties":{},"geometry":{"type":"Point","coordinates":[85.33760853019758,27.694410998062747]}},{"type":"Feature","properties":{},"geometry":{"type":"Point","coordinates":[85.3376377929249,27.694468440346405]}},{"type":"Feature","properties":{},"geometry":{"type":"Point","coordinates":[85.3376572819283,27.694411596916165]}},{"type":"Feature","properties":{},"geometry":{"type":"Point","coordinates":[85.33767878033589,27.694463576689994]}},{"type":"Feature","properties":{},"geometry":{"type":"Point","coordinates":[85.33777424538934,27.694439102027932]}},{"type":"Feature","properties":{},"geometry":{"type":"Point","coordinates":[85.33794786293221,27.694394230006377]}},{"type":"Feature","properties":{},"geometry":{"type":"Point","coordinates":[85.33800786130156,27.694282206949776]}},{"type":"Feature","properties":{},"geometry":{"type":"Point","coordinates":[85.33786327846511,27.694053659962755]}},{"type":"Feature","properties":{},"geometry":{"type":"Point","coordinates":[85.3378630352415,27.69405505690196]}},{"type":"Feature","properties":{},"geometry":{"type":"Point","coordinates":[85.33786221532047,27.694054028077627]}},{"type":"Feature","properties":{},"geometry":{"type":"Point","coordinates":[85.33797156823124,27.69399214310587]}},{"type":"Feature","properties":{},"geometry":{"type":"Point","coordinates":[85.33798633315465,27.69398668479731]}},{"type":"Feature","properties":{},"geometry":{"type":"Point","coordinates":[85.33747290031745,27.69366772332865]}},{"type":"Feature","properties":{},"geometry":{"type":"Point","coordinates":[85.33741074695595,27.69363363133817]}},{"type":"Feature","properties":{},"geometry":{"type":"Point","coordinates":[85.33754395548698,27.693466671868077]}},{"type":"Feature","properties":{},"geometry":{"type":"Point","coordinates":[85.3377496216732,27.69348672455634]}},{"type":"Feature","properties":{},"geometry":{"type":"Point","coordinates":[85.33781466134586,27.693596538199127]}},{"type":"Feature","properties":{},"geometry":{"type":"Point","coordinates":[85.3377712184445,27.69360963349256]}},{"type":"Feature","properties":{},"geometry":{"type":"Point","coordinates":[85.33770244986077,27.69361235134304]}},{"type":"Feature","properties":{},"geometry":{"type":"Point","coordinates":[85.3383226179681,27.693682234758256]}},{"type":"Feature","properties":{},"geometry":{"type":"Point","coordinates":[85.33848418501518,27.6937246765604]}},{"type":"Feature","properties":{},"geometry":{"type":"Point","coordinates":[85.33843456295475,27.693698009965022]}},{"type":"Feature","properties":{},"geometry":{"type":"Point","coordinates":[85.33860466508544,27.693857256825442]}},{"type":"Feature","properties":{},"geometry":{"type":"Point","coordinates":[85.33858890305191,27.69385999828685]}},{"type":"Feature","properties":{},"geometry":{"type":"Point","coordinates":[85.33814219349985,27.694586789952986]}},{"type":"Feature","properties":{},"geometry":{"type":"Point","coordinates":[85.3381830964146,27.694692328065763]}},{"type":"Feature","properties":{},"geometry":{"type":"Point","coordinates":[85.33815313705773,27.694780113568417]}},{"type":"Feature","properties":{},"geometry":{"type":"Point","coordinates":[85.33812526676273,27.69479706203318]}},{"type":"Feature","properties":{},"geometry":{"type":"Point","coordinates":[85.33822328137666,27.694285130086797]}},{"type":"Feature","properties":{},"geometry":{"type":"Point","coordinates":[85.33817847018341,27.694298774978392]}},{"type":"Feature","properties":{},"geometry":{"type":"Point","coordinates":[85.33829009036724,27.69419753138049]}},{"type":"Feature","properties":{},"geometry":{"type":"Point","coordinates":[85.33829158795159,27.694197333643256]}},{"type":"Feature","properties":{},"geometry":{"type":"Point","coordinates":[85.33845810847149,27.694154248584642]}},{"type":"Feature","properties":{},"geometry":{"type":"Point","coordinates":[85.33853252877852,27.694189255391578]}},{"type":"Feature","properties":{},"geometry":{"type":"Point","coordinates":[85.33853619835818,27.694183629588707]}},{"type":"Feature","properties":{},"geometry":{"type":"Point","coordinates":[85.33860525141485,27.694083144825125]}},{"type":"Feature","properties":{},"geometry":{"type":"Point","coordinates":[85.33866700340327,27.694128718269152]}},{"type":"Feature","properties":{},"geometry":{"type":"Point","coordinates":[85.33862836647744,27.69407325853292]}},{"type":"Feature","properties":{},"geometry":{"type":"Point","coordinates":[85.33878085866144,27.694057078626635]}},{"type":"Feature","properties":{},"geometry":{"type":"Point","coordinates":[85.3388000736708,27.693843981788742]}},{"type":"Feature","properties":{},"geometry":{"type":"Point","coordinates":[85.33880003322098,27.693823617907682]}},{"type":"Feature","properties":{},"geometry":{"type":"Point","coordinates":[85.33879618119047,27.693713596538846]}},{"type":"Feature","properties":{},"geometry":{"type":"Point","coordinates":[85.33874780707731,27.693720488399762]}},{"type":"Feature","properties":{},"geometry":{"type":"Point","coordinates":[85.33874171993298,27.69371374640492]}},{"type":"Feature","properties":{},"geometry":{"type":"Point","coordinates":[85.33876755045952,27.69369293477237]}},{"type":"Feature","properties":{},"geometry":{"type":"Point","coordinates":[85.33820812523652,27.693622928554852]}},{"type":"Feature","properties":{},"geometry":{"type":"Point","coordinates":[85.33817124285122,27.693588956972242]}},{"type":"Feature","properties":{},"geometry":{"type":"Point","coordinates":[85.33818751329117,27.693538659842194]}},{"type":"Feature","properties":{},"geometry":{"type":"Point","coordinates":[85.3380364245436,27.69346023324696]}},{"type":"Feature","properties":{},"geometry":{"type":"Point","coordinates":[85.33795083319156,27.693305614892623]}},{"type":"Feature","properties":{},"geometry":{"type":"Point","coordinates":[85.33801661459529,27.693315671889415]}},{"type":"Feature","properties":{},"geometry":{"type":"Point","coordinates":[85.33799077793391,27.693208176425053]}},{"type":"Feature","properties":{},"geometry":{"type":"Point","coordinates":[85.33808297154476,27.693115913027633]}},{"type":"Feature","properties":{},"geometry":{"type":"Point","coordinates":[85.33808503710127,27.69312641374819]}},{"type":"Feature","properties":{},"geometry":{"type":"Point","coordinates":[85.3376092599081,27.69267095148655]}},{"type":"Feature","properties":{},"geometry":{"type":"Point","coordinates":[85.33763118363382,27.692642777969468]}},{"type":"Feature","properties":{},"geometry":{"type":"Point","coordinates":[85.33768043326646,27.69282822193316]}},{"type":"Feature","properties":{},"geometry":{"type":"Point","coordinates":[85.33763190171325,27.69278342685032]}},{"type":"Feature","properties":{},"geometry":{"type":"Point","coordinates":[85.3376549763896,27.692721453014716]}},{"type":"Feature","properties":{},"geometry":{"type":"Point","coordinates":[85.33773281332763,27.69298668374346]}},{"type":"Feature","properties":{},"geometry":{"type":"Point","coordinates":[85.33794730808084,27.692958554627758]}},{"type":"Feature","properties":{},"geometry":{"type":"Point","coordinates":[85.33815760012517,27.692906311777683]}},{"type":"Feature","properties":{},"geometry":{"type":"Point","coordinates":[85.33805589159753,27.692848988377882]}},{"type":"Feature","properties":{},"geometry":{"type":"Point","coordinates":[85.33804790023096,27.692851423218794]}},{"type":"Feature","properties":{},"geometry":{"type":"Point","coordinates":[85.33791651980187,27.69287512675112]}},{"type":"Feature","properties":{},"geometry":{"type":"Point","coordinates":[85.33855722334864,27.69275427531097]}},{"type":"Feature","properties":{},"geometry":{"type":"Point","coordinates":[85.33859597694553,27.69317628662942]}},{"type":"Feature","properties":{},"geometry":{"type":"Point","coordinates":[85.3385809631012,27.693118648165118]}},{"type":"Feature","properties":{},"geometry":{"type":"Point","coordinates":[85.33864721872888,27.693030427963]}},{"type":"Feature","properties":{},"geometry":{"type":"Point","coordinates":[85.33856906363548,27.693019196596996]}},{"type":"Feature","properties":{},"geometry":{"type":"Point","coordinates":[85.33855277486623,27.69296372791227]}},{"type":"Feature","properties":{},"geometry":{"type":"Point","coordinates":[85.3386313284507,27.692918041865013]}},{"type":"Feature","properties":{},"geometry":{"type":"Point","coordinates":[85.33861681666173,27.692850283686617]}},{"type":"Feature","properties":{},"geometry":{"type":"Point","coordinates":[85.33855829494316,27.692833359920574]}},{"type":"Feature","properties":{},"geometry":{"type":"Point","coordinates":[85.33873029623282,27.692547903681152]}},{"type":"Feature","properties":{},"geometry":{"type":"Point","coordinates":[85.33869044801983,27.692449728754003]}},{"type":"Feature","properties":{},"geometry":{"type":"Point","coordinates":[85.33865547451227,27.692440372064453]}},{"type":"Feature","properties":{},"geometry":{"type":"Point","coordinates":[85.33866758186772,27.692462887102803]}},{"type":"Feature","properties":{},"geometry":{"type":"Point","coordinates":[85.33860434802546,27.692335313408623]}},{"type":"Feature","properties":{},"geometry":{"type":"Point","coordinates":[85.33861280858895,27.692287896413546]}},{"type":"Feature","properties":{},"geometry":{"type":"Point","coordinates":[85.33861548532202,27.692288438472303]}},{"type":"Feature","properties":{},"geometry":{"type":"Point","coordinates":[85.33883405983799,27.692302019626336]}},{"type":"Feature","properties":{},"geometry":{"type":"Point","coordinates":[85.3388360786714,27.692220248177268]}},{"type":"Feature","properties":{},"geometry":{"type":"Point","coordinates":[85.33890176800979,27.691992375315046]}},{"type":"Feature","properties":{},"geometry":{"type":"Point","coordinates":[85.33882153486904,27.691999771344562]}},{"type":"Feature","properties":{},"geometry":{"type":"Point","coordinates":[85.33877600658204,27.692140733719857]}},{"type":"Feature","properties":{},"geometry":{"type":"Point","coordinates":[85.33877757495169,27.692165190060066]}},{"type":"Feature","properties":{},"geometry":{"type":"Point","coordinates":[85.33909549545211,27.692573646327848]}},{"type":"Feature","properties":{},"geometry":{"type":"Point","coordinates":[85.33888673013084,27.69271082655176]}},{"type":"Feature","properties":{},"geometry":{"type":"Point","coordinates":[85.33889163325173,27.69268854989436]}},{"type":"Feature","properties":{},"geometry":{"type":"Point","coordinates":[85.33892471960928,27.692703014901884]}},{"type":"Feature","properties":{},"geometry":{"type":"Point","coordinates":[85.33892264501287,27.69267040334043]}},{"type":"Feature","properties":{},"geometry":{"type":"Point","coordinates":[85.33877072682643,27.69281440628576]}},{"type":"Feature","properties":{},"geometry":{"type":"Point","coordinates":[85.33878194020303,27.69285819820213]}},{"type":"Feature","properties":{},"geometry":{"type":"Point","coordinates":[85.33974475203094,27.6918570451919]}},{"type":"Feature","properties":{},"geometry":{"type":"Point","coordinates":[85.34097209046936,27.70034145623915]}},{"type":"Feature","properties":{},"geometry":{"type":"Point","coordinates":[85.34102260679659,27.700362198448644]}},{"type":"Feature","properties":{},"geometry":{"type":"Point","coordinates":[85.34103957170495,27.700318271433737]}},{"type":"Feature","properties":{},"geometry":{"type":"Point","coordinates":[85.33823434066106,27.69079707591233]}},{"type":"Feature","properties":{},"geometry":{"type":"Point","coordinates":[85.34045610201382,27.694511535606182]}},{"type":"Feature","properties":{},"geometry":{"type":"Point","coordinates":[85.33901083169656,27.694173727097038]}},{"type":"Feature","properties":{},"geometry":{"type":"Point","coordinates":[85.33890900958731,27.694270120291534]}},{"type":"Feature","properties":{},"geometry":{"type":"Point","coordinates":[85.33876027162876,27.694350596294854]}},{"type":"Feature","properties":{},"geometry":{"type":"Point","coordinates":[85.33903425790247,27.693873928258192]}},{"type":"Feature","properties":{},"geometry":{"type":"Point","coordinates":[85.33903685327496,27.69387288174355]}},{"type":"Feature","properties":{},"geometry":{"type":"Point","coordinates":[85.33901870324698,27.69379131332211]}},{"type":"Feature","properties":{},"geometry":{"type":"Point","coordinates":[85.33746202163208,27.69377992167727]}},{"type":"Feature","properties":{},"geometry":{"type":"Point","coordinates":[85.33747243216759,27.69378071366337]}},{"type":"Feature","properties":{},"geometry":{"type":"Point","coordinates":[85.33754373373428,27.69376006374412]}},{"type":"Feature","properties":{},"geometry":{"type":"Point","coordinates":[85.33757310699023,27.693740810263613]}},{"type":"Feature","properties":{},"geometry":{"type":"Point","coordinates":[85.33799859646696,27.69775157721204]}},{"type":"Feature","properties":{},"geometry":{"type":"Point","coordinates":[85.3407198798849,27.69994714370106]}},{"type":"Feature","properties":{},"geometry":{"type":"Point","coordinates":[85.34152519998456,27.700150210432998]}},{"type":"Feature","properties":{},"geometry":{"type":"Point","coordinates":[85.34169007465465,27.700140258225883]}},{"type":"Feature","properties":{},"geometry":{"type":"Point","coordinates":[85.34075402827267,27.699169529164816]}},{"type":"Feature","properties":{},"geometry":{"type":"Point","coordinates":[85.34307695153471,27.699023284949124]}},{"type":"Feature","properties":{},"geometry":{"type":"Point","coordinates":[85.34304497850717,27.69920962702162]}},{"type":"Feature","properties":{},"geometry":{"type":"Point","coordinates":[85.34312369191727,27.699283773355212]}},{"type":"Feature","properties":{},"geometry":{"type":"Point","coordinates":[85.3428786569824,27.697146389567347]}},{"type":"Feature","properties":{},"geometry":{"type":"Point","coordinates":[85.34245229094226,27.697283591354655]}},{"type":"Feature","properties":{},"geometry":{"type":"Point","coordinates":[85.34182533217867,27.696547125136437]}},{"type":"Feature","properties":{},"geometry":{"type":"Point","coordinates":[85.34046319468929,27.69706984024558]}},{"type":"Feature","properties":{},"geometry":{"type":"Point","coordinates":[85.34046297220503,27.697066851934068]}},{"type":"Feature","properties":{},"geometry":{"type":"Point","coordinates":[85.3404630390333,27.697062434738996]}},{"type":"Feature","properties":{},"geometry":{"type":"Point","coordinates":[85.33978424580593,27.69879189820583]}},{"type":"Feature","properties":{},"geometry":{"type":"Point","coordinates":[85.34010348871067,27.698519007120183]}},{"type":"Feature","properties":{},"geometry":{"type":"Point","coordinates":[85.34135366752042,27.69886219103997]}},{"type":"Feature","properties":{},"geometry":{"type":"Point","coordinates":[85.34176902203058,27.69911177463436]}},{"type":"Feature","properties":{},"geometry":{"type":"Point","coordinates":[85.3408561871392,27.699150766456924]}},{"type":"Feature","properties":{},"geometry":{"type":"Point","coordinates":[85.34176133426654,27.700809722864125]}},{"type":"Feature","properties":{},"geometry":{"type":"Point","coordinates":[85.3412908349593,27.70078514001946]}},{"type":"Feature","properties":{},"geometry":{"type":"Point","coordinates":[85.34067079322965,27.701239544805627]}},{"type":"Feature","properties":{},"geometry":{"type":"Point","coordinates":[85.34034206730514,27.701368965416645]}},{"type":"Feature","properties":{},"geometry":{"type":"Point","coordinates":[85.34039330084106,27.701354262403434]}},{"type":"Feature","properties":{},"geometry":{"type":"Point","coordinates":[85.34005661017707,27.700681915561248]}},{"type":"Feature","properties":{},"geometry":{"type":"Point","coordinates":[85.3399684577039,27.700233041893025]}},{"type":"Feature","properties":{},"geometry":{"type":"Point","coordinates":[85.33989921801243,27.700182198503157]}},{"type":"Feature","properties":{},"geometry":{"type":"Point","coordinates":[85.33985726346958,27.700019563617865]}},{"type":"Feature","properties":{},"geometry":{"type":"Point","coordinates":[85.34333540826282,27.695804225706887]}},{"type":"Feature","properties":{},"geometry":{"type":"Point","coordinates":[85.34224237474321,27.69606220596282]}},{"type":"Feature","properties":{},"geometry":{"type":"Point","coordinates":[85.34169840468917,27.69582594779473]}},{"type":"Feature","properties":{},"geometry":{"type":"Point","coordinates":[85.34442413298765,27.69605213072407]}},{"type":"Feature","properties":{},"geometry":{"type":"Point","coordinates":[85.3426251797317,27.696843073263924]}},{"type":"Feature","properties":{},"geometry":{"type":"Point","coordinates":[85.34113355841437,27.695899723478927]}},{"type":"Feature","properties":{},"geometry":{"type":"Point","coordinates":[85.33851494004708,27.69275912009047]}},{"type":"Feature","properties":{},"geometry":{"type":"Point","coordinates":[85.33849218119155,27.692773891653854]}},{"type":"Feature","properties":{},"geometry":{"type":"Point","coordinates":[85.33804315171213,27.692060257984604]}},{"type":"Feature","properties":{},"geometry":{"type":"Point","coordinates":[85.3380256725843,27.692045242716137]}},{"type":"Feature","properties":{},"geometry":{"type":"Point","coordinates":[85.33653303933698,27.69179815854664]}},{"type":"Feature","properties":{},"geometry":{"type":"Point","coordinates":[85.33639920128662,27.692544644707002]}},{"type":"Feature","properties":{},"geometry":{"type":"Point","coordinates":[85.33806495346305,27.695257149792525]}},{"type":"Feature","properties":{},"geometry":{"type":"Point","coordinates":[85.33990382396892,27.695280156614576]}},{"type":"Feature","properties":{},"geometry":{"type":"Point","coordinates":[85.3387945875936,27.694733199362023]}},{"type":"Feature","properties":{},"geometry":{"type":"Point","coordinates":[85.33964338495818,27.694211160292454]}},{"type":"Feature","properties":{},"geometry":{"type":"Point","coordinates":[85.33931366824699,27.694195113714365]}},{"type":"Feature","properties":{},"geometry":{"type":"Point","coordinates":[85.33930228279077,27.694191872376802]}},{"type":"Feature","properties":{},"geometry":{"type":"Point","coordinates":[85.3421749314101,27.700713561531867]}},{"type":"Feature","properties":{},"geometry":{"type":"Point","coordinates":[85.34218624886933,27.700665805799332]}},{"type":"Feature","properties":{},"geometry":{"type":"Point","coordinates":[85.3424440010935,27.700561595730836]}},{"type":"Feature","properties":{},"geometry":{"type":"Point","coordinates":[85.34262505054409,27.700498535820785]}},{"type":"Feature","properties":{},"geometry":{"type":"Point","coordinates":[85.34200587507505,27.69880605464153]}},{"type":"Feature","properties":{},"geometry":{"type":"Point","coordinates":[85.34290667545046,27.698461022237854]}},{"type":"Feature","properties":{},"geometry":{"type":"Point","coordinates":[85.34381957628743,27.69833963688712]}},{"type":"Feature","properties":{},"geometry":{"type":"Point","coordinates":[85.34322607511642,27.698549435705512]}},{"type":"Feature","properties":{},"geometry":{"type":"Point","coordinates":[85.34395395535289,27.69917775440759]}},{"type":"Feature","properties":{},"geometry":{"type":"Point","coordinates":[85.34087386325056,27.689556308265]}},{"type":"Feature","properties":{},"geometry":{"type":"Point","coordinates":[85.34147842664376,27.68969417338056]}},{"type":"Feature","properties":{},"geometry":{"type":"Point","coordinates":[85.34175068839194,27.69018340695084]}},{"type":"Feature","properties":{},"geometry":{"type":"Point","coordinates":[85.34221642038231,27.690437113509688]}},{"type":"Feature","properties":{},"geometry":{"type":"Point","coordinates":[85.34218449606837,27.690525062476258]}},{"type":"Feature","properties":{},"geometry":{"type":"Point","coordinates":[85.33872736598728,27.695607873372936]}},{"type":"Feature","properties":{},"geometry":{"type":"Point","coordinates":[85.33846809128949,27.69778316438619]}},{"type":"Feature","properties":{},"geometry":{"type":"Point","coordinates":[85.33907923369239,27.6984615413945]}},{"type":"Feature","properties":{},"geometry":{"type":"Point","coordinates":[85.33832849989231,27.697916090299298]}},{"type":"Feature","properties":{},"geometry":{"type":"Point","coordinates":[85.3421837645557,27.699516558132473]}},{"type":"Feature","properties":{},"geometry":{"type":"Point","coordinates":[85.34067008244274,27.699493840928795]}},{"type":"Feature","properties":{},"geometry":{"type":"Point","coordinates":[85.34062436550632,27.69951508330541]}},{"type":"Feature","properties":{},"geometry":{"type":"Point","coordinates":[85.34135842913666,27.69389214696481]}},{"type":"Feature","properties":{},"geometry":{"type":"Point","coordinates":[85.34094449925558,27.694479054366195]}},{"type":"Feature","properties":{},"geometry":{"type":"Point","coordinates":[85.34071480861242,27.693468074185596]}},{"type":"Feature","properties":{},"geometry":{"type":"Point","coordinates":[85.34402471611222,27.69281481252185]}},{"type":"Feature","properties":{},"geometry":{"type":"Point","coordinates":[85.34207081137119,27.69492660956478]}},{"type":"Feature","properties":{},"geometry":{"type":"Point","coordinates":[85.34384858053923,27.6944880954818]}},{"type":"Feature","properties":{},"geometry":{"type":"Point","coordinates":[85.34393413232485,27.69490381073274]}},{"type":"Feature","properties":{},"geometry":{"type":"Point","coordinates":[85.34389303245368,27.694478667486674]}},{"type":"Feature","properties":{},"geometry":{"type":"Point","coordinates":[85.34312036117461,27.695097051332628]}},{"type":"Feature","properties":{},"geometry":{"type":"Point","coordinates":[85.33850920848616,27.691081264084172]}},{"type":"Feature","properties":{},"geometry":{"type":"Point","coordinates":[85.33963213575579,27.691811298278605]}},{"type":"Feature","properties":{},"geometry":{"type":"Point","coordinates":[85.3400195938234,27.69214526282718]}},{"type":"Feature","properties":{},"geometry":{"type":"Point","coordinates":[85.34001735430681,27.692138072413996]}},{"type":"Feature","properties":{},"geometry":{"type":"Point","coordinates":[85.3395465509753,27.69119790227322]}},{"type":"Feature","properties":{},"geometry":{"type":"Point","coordinates":[85.33956882075246,27.692780824328555]}},{"type":"Feature","properties":{},"geometry":{"type":"Point","coordinates":[85.33973242321746,27.69350406229954]}},{"type":"Feature","properties":{},"geometry":{"type":"Point","coordinates":[85.33942657848893,27.69354708647156]}},{"type":"Feature","properties":{},"geometry":{"type":"Point","coordinates":[85.3386037395792,27.69171166278334]}},{"type":"Feature","properties":{},"geometry":{"type":"Point","coordinates":[85.34235351381488,27.691054265885278]}},{"type":"Feature","properties":{},"geometry":{"type":"Point","coordinates":[85.34118442904708,27.69296017433094]}},{"type":"Feature","properties":{},"geometry":{"type":"Point","coordinates":[85.34276454974916,27.693037223173615]}},{"type":"Feature","properties":{},"geometry":{"type":"Point","coordinates":[85.34186835207562,27.691227528389728]}},{"type":"Feature","properties":{},"geometry":{"type":"Point","coordinates":[85.34198780456832,27.693043937580907]}},{"type":"Feature","properties":{},"geometry":{"type":"Point","coordinates":[85.34277786951515,27.69303578687607]}},{"type":"Feature","properties":{},"geometry":{"type":"Point","coordinates":[85.34247627994063,27.69289576860631]}},{"type":"Feature","properties":{},"geometry":{"type":"Point","coordinates":[85.34232963127718,27.69260995589949]}},{"type":"Feature","properties":{},"geometry":{"type":"Point","coordinates":[85.34286149400361,27.692146768390963]}},{"type":"Feature","properties":{},"geometry":{"type":"Point","coordinates":[85.34166726068021,27.692892008864053]}},{"type":"Feature","properties":{},"geometry":{"type":"Point","coordinates":[85.3414842178316,27.69235315364254]}},{"type":"Feature","properties":{},"geometry":{"type":"Point","coordinates":[85.33813006756135,27.69808769805027]}},{"type":"Feature","properties":{},"geometry":{"type":"Point","coordinates":[85.34409153470689,27.69584580071712]}},{"type":"Feature","properties":{},"geometry":{"type":"Point","coordinates":[85.34050820056709,27.700549574771344]}},{"type":"Feature","properties":{},"geometry":{"type":"Point","coordinates":[85.34156740605204,27.68859087931538]}},{"type":"Feature","properties":{},"geometry":{"type":"Point","coordinates":[85.34171826933446,27.69886832945515]}},{"type":"Feature","properties":{},"geometry":{"type":"Point","coordinates":[85.34173511940975,27.69863920160018]}},{"type":"Feature","properties":{},"geometry":{"type":"Point","coordinates":[85.33988357829938,27.696793694376417]}},{"type":"Feature","properties":{},"geometry":{"type":"Point","coordinates":[85.3443384814587,27.695149729443983]}},{"type":"Feature","properties":{},"geometry":{"type":"Point","coordinates":[85.34052175175911,27.69195519580302]}},{"type":"Feature","properties":{},"geometry":{"type":"Point","coordinates":[85.33887055862131,27.691268762587793]}},{"type":"Feature","properties":{},"geometry":{"type":"Point","coordinates":[85.34253014570744,27.692224919615114]}},{"type":"Feature","properties":{},"geometry":{"type":"Point","coordinates":[85.34161588151011,27.689647833505525]}},{"type":"Feature","properties":{},"geometry":{"type":"Point","coordinates":[85.34354476071331,27.69144939905555]}},{"type":"Feature","properties":{},"geometry":{"type":"Point","coordinates":[85.34081544355755,27.688814905827247]}},{"type":"Feature","properties":{},"geometry":{"type":"Point","coordinates":[85.34082454460598,27.68879853694385]}},{"type":"Feature","properties":{},"geometry":{"type":"Point","coordinates":[85.34083282888466,27.688782875804144]}},{"type":"Feature","properties":{},"geometry":{"type":"Point","coordinates":[85.3408403526037,27.688764339040144]}}]}