{"type":"FeatureCollection","features":[{"type":"Feature","properties":{},"geometry":{"type":"Point","coordinates":[85.32784207124342,27.709290237302483]}},{"type":"Feature","properties":{},"geometry":{"type":"Point","coordinates":[85.32783933678708,27.709007352919887]}},{"type":"Feature","properties":{},"geometry":{"type":"Point","coordinates":[85.3278422595304,27.70904803809321]}},{"type":"Feature","properties":{},"geometry":{"type":"Point","coordinates":[85.32784917013178,27.709046143194797]}},{"type":"Feature","properties":{},"geometry":{"type":"Point","coordinates":[85.32828798875455,27.708881991332113]}},{"type":"Feature","properties":{},"geometry":{"type":"Point","coordinates":[85.32828462960292,27.708871446002238]}},{"type":"Feature","properties":{},"geometry":{"type":"Point","coordinates":[85.32765281818837,27.708591825401815]}},{"type":"Feature","properties":{},"geometry":{"type":"Point","coordinates":[85.32741263841807,27.707810597403085]}},{"type":"Feature","properties":{},"geometry":{"type":"Point","coordinates":[85.32759695740798,27.707972427556996]}},{"type":"Feature","properties":{},"geometry":{"type":"Point","coordinates":[85.32759350823655,27.707973773098878]}},{"type":"Feature","properties":{},"geometry":{"type":"Point","coordinates":[85.32789725076427,27.707888096781787]}},{"type":"Feature","properties":{},"geometry":{"type":"Point","coordinates":[85.32801108977667,27.707887359078367]}},{"type":"Feature","properties":{},"geometry":{"type":"Point","coordinates":[85.32800396009381,27.707868181351756]}},{"type":"Feature","properties":{},"geometry":{"type":"Point","coordinates":[85.32753040226791,27.7072492680503]}},{"type":"Feature","properties":{},"geometry":{"type":"Point","coordinates":[85.32753152474208,27.707255059726613]}},{"type":"Feature","properties":{},"geometry":{"type":"Point","coordinates":[85.32768874553771,27.70721915967387]}},{"type":"Feature","properties":{},"geometry":{"type":"Point","coordinates":[85.32786282623938,27.707186064257584]}},{"type":"Feature","properties":{},"geometry":{"type":"Point","coordinates":[85.32788146693761,27.70714910715896]}},{"type":"Feature","properties":{},"geometry":{"type":"Point","coordinates":[85.32820286047547,27.70756441235477]}},{"type":"Feature","properties":{},"geometry":{"type":"Point","coordinates":[85.32859926556911,27.707680713939865]}},{"type":"Feature","properties":{},"geometry":{"type":"Point","coordinates":[85.32860321685325,27.707679757115766]}},{"type":"Feature","properties":{},"geometry":{"type":"Point","coordinates":[85.32889116021121,27.707600744444466]}},{"type":"Feature","properties":{},"geometry":{"type":"Point","coordinates":[85.32895679048943,27.707466243852714]}},{"type":"Feature","properties":{},"geometry":{"type":"Point","coordinates":[85.32909431186395,27.70799992571245]}},{"type":"Feature","properties":{},"geometry":{"type":"Point","coordinates":[85.3293017350361,27.707960294020616]}},{"type":"Feature","properties":{},"geometry":{"type":"Point","coordinates":[85.32937853930024,27.707949319130634]}},{"type":"Feature","properties":{},"geometry":{"type":"Point","coordinates":[85.32777734115746,27.708383197704823]}},{"type":"Feature","properties":{},"geometry":{"type":"Point","coordinates":[85.32801197941842,27.70830767842138]}},{"type":"Feature","properties":{},"geometry":{"type":"Point","coordinates":[85.32808380343884,27.70828595432222]}},{"type":"Feature","properties":{},"geometry":{"type":"Point","coordinates":[85.32810849516298,27.708244755209236]}},{"type":"Feature","properties":{},"geometry":{"type":"Point","coordinates":[85.32811238507993,27.7082433021598]}},{"type":"Feature","properties":{},"geometry":{"type":"Point","coordinates":[85.32812686193635,27.708276511191574]}},{"type":"Feature","properties":{},"geometry":{"type":"Point","coordinates":[85.3282093628474,27.70824949799137]}},{"type":"Feature","properties":{},"geometry":{"type":"Point","coordinates":[85.32829963702532,27.708224329565972]}},{"type":"Feature","properties":{},"geometry":{"type":"Point","coordinates":[85.32830345019258,27.70816066834409]}},{"type":"Feature","properties":{},"geometry":{"type":"Point","coordinates":[85.32848660008906,27.708169558159806]}},{"type":"Feature","properties":{},"geometry":{"type":"Point","coordinates":[85.32869848875067,27.70807065680847]}},{"type":"Feature","properties":{},"geometry":{"type":"Point","coordinates":[85.32891959158543,27.708033733353247]}},{"type":"Feature","properties":{},"geometry":{"type":"Point","coordinates":[85.32887350415344,27.70801982282706]}},{"type":"Feature","properties":{},"geometry":{"type":"Point","coordinates":[85.32876326704586,27.70809300987041]}},{"type":"Feature","properties":{},"geometry":{"type":"Point","coordinates":[85.32876569334435,27.708092505759613]}},{"type":"Feature","properties":{},"geometry":{"type":"Point","coordinates":[85.32851596673854,27.708546483942516]}},{"type":"Feature","properties":{},"geometry":{"type":"Point","coordinates":[85.3287000606953,27.708527681174203]}},{"type":"Feature","properties":{},"geometry":{"type":"Point","coordinates":[85.32779152988478,27.708754837176112]}},{"type":"Feature","properties":{},"geometry":{"type":"Point","coordinates":[85.32779480008459,27.708753857707553]}},{"type":"Feature","properties":{},"geometry":{"type":"Point","coordinates":[85.32806499387625,27.70871342305695]}},{"type":"Feature","properties":{},"geometry":{"type":"Point","coordinates":[85.32812065148852,27.708657975806993]}},{"type":"Feature","properties":{},"geometry":{"type":"Point","coordinates":[85.32838437249875,27.708589636772544]}},{"type":"Feature","properties":{},"geometry":{"type":"Point","coordinates":[85.32819460902272,27.708918054786462]}},{"type":"Feature","properties":{},"geometry":{"type":"Point","coordinates":[85.32755127505145,27.707244224999148]}},{"type":"Feature","properties":{},"geometry":{"type":"Point","coordinates":[85.32793602918315,27.707164507592864]}},{"type":"Feature","properties":{},"geometry":{"type":"Point","coordinates":[85.3277521823184,27.707176563145214]}},{"type":"Feature","properties":{},"geometry":{"type":"Point","coordinates":[85.32746981447093,27.707583403910448]}},{"type":"Feature","properties":{},"geometry":{"type":"Point","coordinates":[85.32847826161024,27.707717410686758]}},{"type":"Feature","properties":{},"geometry":{"type":"Point","coordinates":[85.32848244059298,27.707716351920272]}},{"type":"Feature","properties":{},"geometry":{"type":"Point","coordinates":[85.32903604218619,27.707744736992225]}},{"type":"Feature","properties":{},"geometry":{"type":"Point","coordinates":[85.3290046259917,27.707502511720392]}},{"type":"Feature","properties":{},"geometry":{"type":"Point","coordinates":[85.3292929609043,27.707923504929667]}},{"type":"Feature","properties":{},"geometry":{"type":"Point","coordinates":[85.32793995123903,27.708296772898436]}},{"type":"Feature","properties":{},"geometry":{"type":"Point","coordinates":[85.32837812465038,27.70820047093589]}},{"type":"Feature","properties":{},"geometry":{"type":"Point","coordinates":[85.32865870199622,27.708083948381702]}},{"type":"Feature","properties":{},"geometry":{"type":"Point","coordinates":[85.32877032226759,27.708051218612596]}},{"type":"Feature","properties":{},"geometry":{"type":"Point","coordinates":[85.32772194289852,27.708396109052256]}},{"type":"Feature","properties":{},"geometry":{"type":"Point","coordinates":[85.32840139819224,27.708617240146324]}},{"type":"Feature","properties":{},"geometry":{"type":"Point","coordinates":[85.32854666047145,27.708570229696367]}},{"type":"Feature","properties":{},"geometry":{"type":"Point","coordinates":[85.32850982186636,27.708548509064226]}},{"type":"Feature","properties":{},"geometry":{"type":"Point","coordinates":[85.3277819676113,27.708759379701764]}},{"type":"Feature","properties":{},"geometry":{"type":"Point","coordinates":[85.32807476698703,27.7087103487962]}},{"type":"Feature","properties":{},"geometry":{"type":"Point","coordinates":[85.32810550555554,27.708662189172234]}},{"type":"Feature","properties":{},"geometry":{"type":"Point","coordinates":[85.32829909209315,27.708639172083156]}},{"type":"Feature","properties":{},"geometry":{"type":"Point","coordinates":[85.33264165049556,27.70405479841704]}},{"type":"Feature","properties":{},"geometry":{"type":"Point","coordinates":[85.33266573625335,27.70409462382334]}},{"type":"Feature","properties":{},"geometry":{"type":"Point","coordinates":[85.3327850720745,27.70431910018972]}},{"type":"Feature","properties":{},"geometry":{"type":"Point","coordinates":[85.33276000477107,27.704247116858944]}},{"type":"Feature","properties":{},"geometry":{"type":"Point","coordinates":[85.33273823404451,27.704222965053955]}},{"type":"Feature","properties":{},"geometry":{"type":"Point","coordinates":[85.3329764730784,27.70464294231978]}},{"type":"Feature","properties":{},"geometry":{"type":"Point","coordinates":[85.33276930395392,27.704379893773307]}},{"type":"Feature","properties":{},"geometry":{"type":"Point","coordinates":[85.33244279394997,27.704415813872224]}},{"type":"Feature","properties":{},"geometry":{"type":"Point","coordinates":[85.33242581833272,27.704401959211623]}},{"type":"Feature","properties":{},"geometry":{"type":"Point","coordinates":[85.33294751301027,27.704672588003653]}},{"type":"Feature","properties":{},"geometry":{"type":"Point","coordinates":[85.33285069982611,27.70472151358296]}},{"type":"Feature","properties":{},"geometry":{"type":"Point","coordinates":[85.33285701492905,27.704758897442765]}},{"type":"Feature","properties":{},"geometry":{"type":"Point","coordinates":[85.33285749906427,27.70476120387321]}},{"type":"Feature","properties":{},"geometry":{"type":"Point","coordinates":[85.3328769741157,27.704810365651543]}},{"type":"Feature","properties":{},"geometry":{"type":"Point","coordinates":[85.3328477718201,27.704650438614678]}},{"type":"Feature","properties":{},"geometry":{"type":"Point","coordinates":[85.33282002127127,27.704687502454565]}},{"type":"Feature","properties":{},"geometry":{"type":"Point","coordinates":[85.33276810690934,27.704708803746712]}},{"type":"Feature","properties":{},"geometry":{"type":"Point","coordinates":[85.33276266821544,27.704684944319]}},{"type":"Feature","properties":{},"geometry":{"type":"Point","coordinates":[85.33274396948819,27.70471018184421]}},{"type":"Feature","properties":{},"geometry":{"type":"Point","coordinates":[85.33267674427098,27.704697835751816]}},{"type":"Feature","properties":{},"geometry":{"type":"Point","coordinates":[85.33267316636267,27.704725932356535]}},{"type":"Feature","properties":{},"geometry":{"type":"Point","coordinates":[85.33268548372064,27.704721228608683]}},{"type":"Feature","properties":{},"geometry":{"type":"Point","coordinates":[85.33312954918266,27.704878751002106]}},{"type":"Feature","properties":{},"geometry":{"type":"Point","coordinates":[85.3331049798888,27.705033082713058]}},{"type":"Feature","properties":{},"geometry":{"type":"Point","coordinates":[85.33308936497134,27.70501902790267]}},{"type":"Feature","properties":{},"geometry":{"type":"Point","coordinates":[85.33307983235548,27.705039465978547]}},{"type":"Feature","properties":{},"geometry":{"type":"Point","coordinates":[85.33294546652724,27.70509088802902]}},{"type":"Feature","properties":{},"geometry":{"type":"Point","coordinates":[85.33299944481837,27.705036424770526]}},{"type":"Feature","properties":{},"geometry":{"type":"Point","coordinates":[85.33294049357264,27.70505399959086]}},{"type":"Feature","properties":{},"geometry":{"type":"Point","coordinates":[85.33273423450373,27.705091404548007]}},{"type":"Feature","properties":{},"geometry":{"type":"Point","coordinates":[85.33322353948232,27.7050524331738]}},{"type":"Feature","properties":{},"geometry":{"type":"Point","coordinates":[85.33326576714389,27.70517833289875]}},{"type":"Feature","properties":{},"geometry":{"type":"Point","coordinates":[85.33314689310345,27.70525090520016]}},{"type":"Feature","properties":{},"geometry":{"type":"Point","coordinates":[85.33321303533624,27.70518929031222]}},{"type":"Feature","properties":{},"geometry":{"type":"Point","coordinates":[85.33312349382821,27.705215591860753]}},{"type":"Feature","properties":{},"geometry":{"type":"Point","coordinates":[85.3330240090825,27.7052462457438]}},{"type":"Feature","properties":{},"geometry":{"type":"Point","coordinates":[85.33305381358095,27.705273662204217]}},{"type":"Feature","properties":{},"geometry":{"type":"Point","coordinates":[85.3328720088335,27.705283426114168]}},{"type":"Feature","properties":{},"geometry":{"type":"Point","coordinates":[85.33290820948883,27.705335892289714]}},{"type":"Feature","properties":{},"geometry":{"type":"Point","coordinates":[85.33276812891923,27.705345230730174]}},{"type":"Feature","properties":{},"geometry":{"type":"Point","coordinates":[85.3327748415876,27.705406821252765]}},{"type":"Feature","properties":{},"geometry":{"type":"Point","coordinates":[85.3325529906529,27.7052634279838]}},{"type":"Feature","properties":{},"geometry":{"type":"Point","coordinates":[85.33272728849767,27.705445522052155]}},{"type":"Feature","properties":{},"geometry":{"type":"Point","coordinates":[85.33257815003397,27.705440593799793]}},{"type":"Feature","properties":{},"geometry":{"type":"Point","coordinates":[85.33244578732928,27.705559361554126]}},{"type":"Feature","properties":{},"geometry":{"type":"Point","coordinates":[85.33282501419188,27.705789028111084]}},{"type":"Feature","properties":{},"geometry":{"type":"Point","coordinates":[85.33277412230034,27.7059749424082]}},{"type":"Feature","properties":{},"geometry":{"type":"Point","coordinates":[85.3327365736914,27.705993311019032]}},{"type":"Feature","properties":{},"geometry":{"type":"Point","coordinates":[85.33270532419017,27.705842639332097]}},{"type":"Feature","properties":{},"geometry":{"type":"Point","coordinates":[85.33246741921165,27.70496003577893]}},{"type":"Feature","properties":{},"geometry":{"type":"Point","coordinates":[85.33248538372564,27.70495888031003]}},{"type":"Feature","properties":{},"geometry":{"type":"Point","coordinates":[85.33253359421619,27.704987771338708]}},{"type":"Feature","properties":{},"geometry":{"type":"Point","coordinates":[85.3324589866324,27.705114180856505]}},{"type":"Feature","properties":{},"geometry":{"type":"Point","coordinates":[85.33251516835418,27.70514009834655]}},{"type":"Feature","properties":{},"geometry":{"type":"Point","coordinates":[85.33250973179439,27.705268475617967]}},{"type":"Feature","properties":{},"geometry":{"type":"Point","coordinates":[85.33250945417988,27.70526625922175]}},{"type":"Feature","properties":{},"geometry":{"type":"Point","coordinates":[85.33233083902498,27.705066165680975]}},{"type":"Feature","properties":{},"geometry":{"type":"Point","coordinates":[85.33220097340445,27.70504043891459]}},{"type":"Feature","properties":{},"geometry":{"type":"Point","coordinates":[85.33218662883637,27.70497473917099]}},{"type":"Feature","properties":{},"geometry":{"type":"Point","coordinates":[85.33217826162323,27.70491847810514]}},{"type":"Feature","properties":{},"geometry":{"type":"Point","coordinates":[85.33204140880801,27.705763503760274]}},{"type":"Feature","properties":{},"geometry":{"type":"Point","coordinates":[85.33207683119156,27.70576738464301]}},{"type":"Feature","properties":{},"geometry":{"type":"Point","coordinates":[85.33226326726158,27.705692932304228]}},{"type":"Feature","properties":{},"geometry":{"type":"Point","coordinates":[85.33239145939098,27.705637113366006]}},{"type":"Feature","properties":{},"geometry":{"type":"Point","coordinates":[85.33246737371589,27.705588378637245]}},{"type":"Feature","properties":{},"geometry":{"type":"Point","coordinates":[85.3319407191908,27.705632530890284]}},{"type":"Feature","properties":{},"geometry":{"type":"Point","coordinates":[85.3320082969093,27.70558380336351]}},{"type":"Feature","properties":{},"geometry":{"type":"Point","coordinates":[85.33205093392658,27.705566646110437]}},{"type":"Feature","properties":{},"geometry":{"type":"Point","coordinates":[85.33218771665203,27.705433125675906]}},{"type":"Feature","properties":{},"geometry":{"type":"Point","coordinates":[85.33216151626075,27.705461584181652]}},{"type":"Feature","properties":{},"geometry":{"type":"Point","coordinates":[85.33214625154288,27.70542184331364]}},{"type":"Feature","properties":{},"geometry":{"type":"Point","coordinates":[85.33208717205395,27.705308559150534]}},{"type":"Feature","properties":{},"geometry":{"type":"Point","coordinates":[85.33208465480608,27.705310314062725]}},{"type":"Feature","properties":{},"geometry":{"type":"Point","coordinates":[85.3333526161756,27.705551610061406]}},{"type":"Feature","properties":{},"geometry":{"type":"Point","coordinates":[85.3332384725804,27.705566198202202]}},{"type":"Feature","properties":{},"geometry":{"type":"Point","coordinates":[85.33322419227393,27.705602565985462]}},{"type":"Feature","properties":{},"geometry":{"type":"Point","coordinates":[85.33321924642092,27.705603514579952]}},{"type":"Feature","properties":{},"geometry":{"type":"Point","coordinates":[85.33308041778217,27.705592048380563]}},{"type":"Feature","properties":{},"geometry":{"type":"Point","coordinates":[85.33305017214292,27.705667086780238]}},{"type":"Feature","properties":{},"geometry":{"type":"Point","coordinates":[85.33349173202072,27.70575935969583]}},{"type":"Feature","properties":{},"geometry":{"type":"Point","coordinates":[85.33350508284944,27.705781475859535]}},{"type":"Feature","properties":{},"geometry":{"type":"Point","coordinates":[85.33350073725333,27.705775089446522]}},{"type":"Feature","properties":{},"geometry":{"type":"Point","coordinates":[85.33349970242557,27.705768915279428]}},{"type":"Feature","properties":{},"geometry":{"type":"Point","coordinates":[85.33347706497358,27.70572216141798]}},{"type":"Feature","properties":{},"geometry":{"type":"Point","coordinates":[85.33322633194959,27.705839995767764]}},{"type":"Feature","properties":{},"geometry":{"type":"Point","coordinates":[85.33319190385252,27.70585295519258]}},{"type":"Feature","properties":{},"geometry":{"type":"Point","coordinates":[85.33318826407854,27.70585337256742]}},{"type":"Feature","properties":{},"geometry":{"type":"Point","coordinates":[85.33335827880812,27.70579499216628]}},{"type":"Feature","properties":{},"geometry":{"type":"Point","coordinates":[85.33346762719138,27.706085112948028]}},{"type":"Feature","properties":{},"geometry":{"type":"Point","coordinates":[85.3334681491181,27.70608653533259]}},{"type":"Feature","properties":{},"geometry":{"type":"Point","coordinates":[85.33347600517862,27.706104149311987]}},{"type":"Feature","properties":{},"geometry":{"type":"Point","coordinates":[85.33350707967735,27.706104674154307]}},{"type":"Feature","properties":{},"geometry":{"type":"Point","coordinates":[85.33356904489993,27.706090725738264]}},{"type":"Feature","properties":{},"geometry":{"type":"Point","coordinates":[85.33359390877249,27.706075130259418]}},{"type":"Feature","properties":{},"geometry":{"type":"Point","coordinates":[85.33358607296108,27.706190234694485]}},{"type":"Feature","properties":{},"geometry":{"type":"Point","coordinates":[85.33360591295725,27.706197269741548]}},{"type":"Feature","properties":{},"geometry":{"type":"Point","coordinates":[85.3336298259563,27.70618752577442]}},{"type":"Feature","properties":{},"geometry":{"type":"Point","coordinates":[85.33373696957426,27.706211669034953]}},{"type":"Feature","properties":{},"geometry":{"type":"Point","coordinates":[85.33373805721898,27.706216036931217]}},{"type":"Feature","properties":{},"geometry":{"type":"Point","coordinates":[85.33368591103157,27.706308007222237]}},{"type":"Feature","properties":{},"geometry":{"type":"Point","coordinates":[85.33367321198826,27.706328942430133]}},{"type":"Feature","properties":{},"geometry":{"type":"Point","coordinates":[85.33365924772583,27.706357661339705]}},{"type":"Feature","properties":{},"geometry":{"type":"Point","coordinates":[85.33361437238801,27.70642907780914]}},{"type":"Feature","properties":{},"geometry":{"type":"Point","coordinates":[85.33331616745821,27.707987246980203]}},{"type":"Feature","properties":{},"geometry":{"type":"Point","coordinates":[85.33343192469518,27.706816944374104]}},{"type":"Feature","properties":{},"geometry":{"type":"Point","coordinates":[85.33345668229025,27.706767187941583]}},{"type":"Feature","properties":{},"geometry":{"type":"Point","coordinates":[85.33346485383098,27.70673215637751]}},{"type":"Feature","properties":{},"geometry":{"type":"Point","coordinates":[85.33348073787826,27.706666206055292]}},{"type":"Feature","properties":{},"geometry":{"type":"Point","coordinates":[85.33352180927855,27.706595877443412]}},{"type":"Feature","properties":{},"geometry":{"type":"Point","coordinates":[85.33353643686664,27.70657783106598]}},{"type":"Feature","properties":{},"geometry":{"type":"Point","coordinates":[85.3334734548889,27.706610284831772]}},{"type":"Feature","properties":{},"geometry":{"type":"Point","coordinates":[85.33342490691072,27.706626686312255]}},{"type":"Feature","properties":{},"geometry":{"type":"Point","coordinates":[85.33339862779563,27.706645179951046]}},{"type":"Feature","properties":{},"geometry":{"type":"Point","coordinates":[85.33335451845203,27.70663956389438]}},{"type":"Feature","properties":{},"geometry":{"type":"Point","coordinates":[85.33335611937284,27.706642520067348]}},{"type":"Feature","properties":{},"geometry":{"type":"Point","coordinates":[85.33348979527338,27.70662853436515]}},{"type":"Feature","properties":{},"geometry":{"type":"Point","coordinates":[85.33345270027597,27.706559271938463]}},{"type":"Feature","properties":{},"geometry":{"type":"Point","coordinates":[85.33344842420087,27.706561653729928]}},{"type":"Feature","properties":{},"geometry":{"type":"Point","coordinates":[85.33351215876564,27.706509573160123]}},{"type":"Feature","properties":{},"geometry":{"type":"Point","coordinates":[85.33338652629902,27.706310157564555]}},{"type":"Feature","properties":{},"geometry":{"type":"Point","coordinates":[85.33338370560195,27.706330608777286]}},{"type":"Feature","properties":{},"geometry":{"type":"Point","coordinates":[85.33341079616892,27.706398230873667]}},{"type":"Feature","properties":{},"geometry":{"type":"Point","coordinates":[85.33310958888534,27.7067046271461]}},{"type":"Feature","properties":{},"geometry":{"type":"Point","coordinates":[85.33314092593547,27.70677434379955]}},{"type":"Feature","properties":{},"geometry":{"type":"Point","coordinates":[85.33319234348545,27.70679692560965]}},{"type":"Feature","properties":{},"geometry":{"type":"Point","coordinates":[85.33321181715311,27.70692759388817]}},{"type":"Feature","properties":{},"geometry":{"type":"Point","coordinates":[85.33310270603991,27.70667896329317]}},{"type":"Feature","properties":{},"geometry":{"type":"Point","coordinates":[85.33310617545473,27.70658015692058]}},{"type":"Feature","properties":{},"geometry":{"type":"Point","coordinates":[85.33305673968569,27.70656236802035]}},{"type":"Feature","properties":{},"geometry":{"type":"Point","coordinates":[85.33284723466934,27.706441310312435]}},{"type":"Feature","properties":{},"geometry":{"type":"Point","coordinates":[85.33292800198124,27.706270968285594]}},{"type":"Feature","properties":{},"geometry":{"type":"Point","coordinates":[85.33302859393834,27.706383400030926]}},{"type":"Feature","properties":{},"geometry":{"type":"Point","coordinates":[85.33286775360664,27.706417897101986]}},{"type":"Feature","properties":{},"geometry":{"type":"Point","coordinates":[85.33282073718462,27.706418072726876]}},{"type":"Feature","properties":{},"geometry":{"type":"Point","coordinates":[85.33278754768956,27.706417117911233]}},{"type":"Feature","properties":{},"geometry":{"type":"Point","coordinates":[85.33278885459787,27.706451814124566]}},{"type":"Feature","properties":{},"geometry":{"type":"Point","coordinates":[85.33257947825818,27.7064683684178]}},{"type":"Feature","properties":{},"geometry":{"type":"Point","coordinates":[85.33260766193207,27.706469945312136]}},{"type":"Feature","properties":{},"geometry":{"type":"Point","coordinates":[85.33254654507466,27.706190825778464]}},{"type":"Feature","properties":{},"geometry":{"type":"Point","coordinates":[85.332519333011,27.706155303952418]}},{"type":"Feature","properties":{},"geometry":{"type":"Point","coordinates":[85.33256508482405,27.706322902591033]}},{"type":"Feature","properties":{},"geometry":{"type":"Point","coordinates":[85.33253763733062,27.706337868364447]}},{"type":"Feature","properties":{},"geometry":{"type":"Point","coordinates":[85.33252241207471,27.70627317792723]}},{"type":"Feature","properties":{},"geometry":{"type":"Point","coordinates":[85.33250400032931,27.706177098137488]}},{"type":"Feature","properties":{},"geometry":{"type":"Point","coordinates":[85.33319153692389,27.70710340644727]}},{"type":"Feature","properties":{},"geometry":{"type":"Point","coordinates":[85.33326298159369,27.707049620071494]}},{"type":"Feature","properties":{},"geometry":{"type":"Point","coordinates":[85.33322229741903,27.70711826819404]}},{"type":"Feature","properties":{},"geometry":{"type":"Point","coordinates":[85.33335152100477,27.70729068498167]}},{"type":"Feature","properties":{},"geometry":{"type":"Point","coordinates":[85.33295323343096,27.70704653528787]}},{"type":"Feature","properties":{},"geometry":{"type":"Point","coordinates":[85.33291374932314,27.707226060647198]}},{"type":"Feature","properties":{},"geometry":{"type":"Point","coordinates":[85.33291811221814,27.707227041916724]}},{"type":"Feature","properties":{},"geometry":{"type":"Point","coordinates":[85.33293986658781,27.707099838638058]}},{"type":"Feature","properties":{},"geometry":{"type":"Point","coordinates":[85.33288416060196,27.707122795572488]}},{"type":"Feature","properties":{},"geometry":{"type":"Point","coordinates":[85.3328059510814,27.70704670911602]}},{"type":"Feature","properties":{},"geometry":{"type":"Point","coordinates":[85.33272442857395,27.70707773069514]}},{"type":"Feature","properties":{},"geometry":{"type":"Point","coordinates":[85.3330692984985,27.70706461670054]}},{"type":"Feature","properties":{},"geometry":{"type":"Point","coordinates":[85.33272446400521,27.707129085291843]}},{"type":"Feature","properties":{},"geometry":{"type":"Point","coordinates":[85.33268561951832,27.707089800544587]}},{"type":"Feature","properties":{},"geometry":{"type":"Point","coordinates":[85.33263481759106,27.707154103579008]}},{"type":"Feature","properties":{},"geometry":{"type":"Point","coordinates":[85.33256169239507,27.707101719617494]}},{"type":"Feature","properties":{},"geometry":{"type":"Point","coordinates":[85.33248378615072,27.707133799079436]}},{"type":"Feature","properties":{},"geometry":{"type":"Point","coordinates":[85.3324153455228,27.70707985410885]}},{"type":"Feature","properties":{},"geometry":{"type":"Point","coordinates":[85.33233772397851,27.707390442930116]}},{"type":"Feature","properties":{},"geometry":{"type":"Point","coordinates":[85.33240610535807,27.707398019650956]}},{"type":"Feature","properties":{},"geometry":{"type":"Point","coordinates":[85.33236678824254,27.70740707960013]}},{"type":"Feature","properties":{},"geometry":{"type":"Point","coordinates":[85.3323980529366,27.70732958068893]}},{"type":"Feature","properties":{},"geometry":{"type":"Point","coordinates":[85.33243757526162,27.706876755844224]}},{"type":"Feature","properties":{},"geometry":{"type":"Point","coordinates":[85.33264001587449,27.706840941775056]}},{"type":"Feature","properties":{},"geometry":{"type":"Point","coordinates":[85.33261399607761,27.706718869890043]}},{"type":"Feature","properties":{},"geometry":{"type":"Point","coordinates":[85.33257483776808,27.706706368105152]}},{"type":"Feature","properties":{},"geometry":{"type":"Point","coordinates":[85.33229925790859,27.70661208921365]}},{"type":"Feature","properties":{},"geometry":{"type":"Point","coordinates":[85.33228576830875,27.706800457553918]}},{"type":"Feature","properties":{},"geometry":{"type":"Point","coordinates":[85.33232212833228,27.706772916588456]}},{"type":"Feature","properties":{},"geometry":{"type":"Point","coordinates":[85.33136960980158,27.70624687325353]}},{"type":"Feature","properties":{},"geometry":{"type":"Point","coordinates":[85.33164591039906,27.70643342665022]}},{"type":"Feature","properties":{},"geometry":{"type":"Point","coordinates":[85.33163095646529,27.706511290761526]}},{"type":"Feature","properties":{},"geometry":{"type":"Point","coordinates":[85.33183604196084,27.70670772667653]}},{"type":"Feature","properties":{},"geometry":{"type":"Point","coordinates":[85.33180055282124,27.706732675956946]}},{"type":"Feature","properties":{},"geometry":{"type":"Point","coordinates":[85.3319924948456,27.706942618754802]}},{"type":"Feature","properties":{},"geometry":{"type":"Point","coordinates":[85.33193264913194,27.706869730626853]}},{"type":"Feature","properties":{},"geometry":{"type":"Point","coordinates":[85.33185686975031,27.70672182008118]}},{"type":"Feature","properties":{},"geometry":{"type":"Point","coordinates":[85.33193594547949,27.70695114871904]}},{"type":"Feature","properties":{},"geometry":{"type":"Point","coordinates":[85.33197284855046,27.70699250869974]}},{"type":"Feature","properties":{},"geometry":{"type":"Point","coordinates":[85.33201269372196,27.706958728074778]}},{"type":"Feature","properties":{},"geometry":{"type":"Point","coordinates":[85.33210539290738,27.70705027874481]}},{"type":"Feature","properties":{},"geometry":{"type":"Point","coordinates":[85.33175122048073,27.706872194076404]}},{"type":"Feature","properties":{},"geometry":{"type":"Point","coordinates":[85.33171693140939,27.706916506649154]}},{"type":"Feature","properties":{},"geometry":{"type":"Point","coordinates":[85.33157186336304,27.706918191452157]}},{"type":"Feature","properties":{},"geometry":{"type":"Point","coordinates":[85.33190939121637,27.70729865861401]}},{"type":"Feature","properties":{},"geometry":{"type":"Point","coordinates":[85.33195292036201,27.707206308142954]}},{"type":"Feature","properties":{},"geometry":{"type":"Point","coordinates":[85.3317676517307,27.707327415071568]}},{"type":"Feature","properties":{},"geometry":{"type":"Point","coordinates":[85.33220809881553,27.70700078757934]}},{"type":"Feature","properties":{},"geometry":{"type":"Point","coordinates":[85.33211660037198,27.707226086915902]}},{"type":"Feature","properties":{},"geometry":{"type":"Point","coordinates":[85.33198101381693,27.707253489001754]}},{"type":"Feature","properties":{},"geometry":{"type":"Point","coordinates":[85.33139817032759,27.70630531193408]}},{"type":"Feature","properties":{},"geometry":{"type":"Point","coordinates":[85.33105905414531,27.706163355620724]}},{"type":"Feature","properties":{},"geometry":{"type":"Point","coordinates":[85.3311704027072,27.70620007622672]}},{"type":"Feature","properties":{},"geometry":{"type":"Point","coordinates":[85.3309360913761,27.70612917094426]}},{"type":"Feature","properties":{},"geometry":{"type":"Point","coordinates":[85.33086886240575,27.706168458750362]}},{"type":"Feature","properties":{},"geometry":{"type":"Point","coordinates":[85.33071146708417,27.70617255185964]}},{"type":"Feature","properties":{},"geometry":{"type":"Point","coordinates":[85.3307132897611,27.7061741921108]}},{"type":"Feature","properties":{},"geometry":{"type":"Point","coordinates":[85.33067632652386,27.70614362738112]}},{"type":"Feature","properties":{},"geometry":{"type":"Point","coordinates":[85.33114649525504,27.706318845074993]}},{"type":"Feature","properties":{},"geometry":{"type":"Point","coordinates":[85.33114343334202,27.706321403891188]}},{"type":"Feature","properties":{},"geometry":{"type":"Point","coordinates":[85.33110984583526,27.706343804558507]}},{"type":"Feature","properties":{},"geometry":{"type":"Point","coordinates":[85.33111429992236,27.706340456551487]}},{"type":"Feature","properties":{},"geometry":{"type":"Point","coordinates":[85.33111149006945,27.70638595177212]}},{"type":"Feature","properties":{},"geometry":{"type":"Point","coordinates":[85.3309870180791,27.706448901141858]}},{"type":"Feature","properties":{},"geometry":{"type":"Point","coordinates":[85.33124739299684,27.706196976333914]}},{"type":"Feature","properties":{},"geometry":{"type":"Point","coordinates":[85.33131545733772,27.70606920525165]}},{"type":"Feature","properties":{},"geometry":{"type":"Point","coordinates":[85.33131295969889,27.706071602097662]}},{"type":"Feature","properties":{},"geometry":{"type":"Point","coordinates":[85.33101716378326,27.706320709117865]}},{"type":"Feature","properties":{},"geometry":{"type":"Point","coordinates":[85.3309527811242,27.70636719932573]}},{"type":"Feature","properties":{},"geometry":{"type":"Point","coordinates":[85.33076217940236,27.70606181772271]}},{"type":"Feature","properties":{},"geometry":{"type":"Point","coordinates":[85.3310828497241,27.70575318926812]}},{"type":"Feature","properties":{},"geometry":{"type":"Point","coordinates":[85.33124214074526,27.705756959918865]}},{"type":"Feature","properties":{},"geometry":{"type":"Point","coordinates":[85.33127003838474,27.70579224385065]}},{"type":"Feature","properties":{},"geometry":{"type":"Point","coordinates":[85.33052558217871,27.70610192301278]}},{"type":"Feature","properties":{},"geometry":{"type":"Point","coordinates":[85.33055929239178,27.706008790287573]}},{"type":"Feature","properties":{},"geometry":{"type":"Point","coordinates":[85.3305021221264,27.706213109395115]}},{"type":"Feature","properties":{},"geometry":{"type":"Point","coordinates":[85.33064918371272,27.70638621573539]}},{"type":"Feature","properties":{},"geometry":{"type":"Point","coordinates":[85.3307176981126,27.70646087322878]}},{"type":"Feature","properties":{},"geometry":{"type":"Point","coordinates":[85.33071591739349,27.706459007846277]}},{"type":"Feature","properties":{},"geometry":{"type":"Point","coordinates":[85.33036622190569,27.705895354217308]}},{"type":"Feature","properties":{},"geometry":{"type":"Point","coordinates":[85.33031255609225,27.70586139019861]}},{"type":"Feature","properties":{},"geometry":{"type":"Point","coordinates":[85.33018850913983,27.70583224787653]}},{"type":"Feature","properties":{},"geometry":{"type":"Point","coordinates":[85.33015631261199,27.70580992031849]}},{"type":"Feature","properties":{},"geometry":{"type":"Point","coordinates":[85.33005601360927,27.705730554102583]}},{"type":"Feature","properties":{},"geometry":{"type":"Point","coordinates":[85.33002250931466,27.70570454277853]}},{"type":"Feature","properties":{},"geometry":{"type":"Point","coordinates":[85.3303005326421,27.705635538389384]}},{"type":"Feature","properties":{},"geometry":{"type":"Point","coordinates":[85.33008664119271,27.705676248974257]}},{"type":"Feature","properties":{},"geometry":{"type":"Point","coordinates":[85.33001279085055,27.705695261048547]}},{"type":"Feature","properties":{},"geometry":{"type":"Point","coordinates":[85.33000939458748,27.705693871666444]}},{"type":"Feature","properties":{},"geometry":{"type":"Point","coordinates":[85.3300064230159,27.705692562319474]}},{"type":"Feature","properties":{},"geometry":{"type":"Point","coordinates":[85.32996177342227,27.70566626218358]}},{"type":"Feature","properties":{},"geometry":{"type":"Point","coordinates":[85.32995233470072,27.705656457638497]}},{"type":"Feature","properties":{},"geometry":{"type":"Point","coordinates":[85.32993594436775,27.705646929339487]}},{"type":"Feature","properties":{},"geometry":{"type":"Point","coordinates":[85.32991420784867,27.70562694819717]}},{"type":"Feature","properties":{},"geometry":{"type":"Point","coordinates":[85.32987984289238,27.705596794586853]}},{"type":"Feature","properties":{},"geometry":{"type":"Point","coordinates":[85.32988358773216,27.70559939939848]}},{"type":"Feature","properties":{},"geometry":{"type":"Point","coordinates":[85.32960379994076,27.70540618305239]}},{"type":"Feature","properties":{},"geometry":{"type":"Point","coordinates":[85.32970277411412,27.705453916399467]}},{"type":"Feature","properties":{},"geometry":{"type":"Point","coordinates":[85.32970093664147,27.705401789170555]}},{"type":"Feature","properties":{},"geometry":{"type":"Point","coordinates":[85.32975669056549,27.705427394833045]}},{"type":"Feature","properties":{},"geometry":{"type":"Point","coordinates":[85.32968502513167,27.70544690784063]}},{"type":"Feature","properties":{},"geometry":{"type":"Point","coordinates":[85.32969100573463,27.70539926765561]}},{"type":"Feature","properties":{},"geometry":{"type":"Point","coordinates":[85.32952363022444,27.705302835861612]}},{"type":"Feature","properties":{},"geometry":{"type":"Point","coordinates":[85.32949588904606,27.705283420296247]}},{"type":"Feature","properties":{},"geometry":{"type":"Point","coordinates":[85.32938082211722,27.70519313867374]}},{"type":"Feature","properties":{},"geometry":{"type":"Point","coordinates":[85.3292947172831,27.705130467106454]}},{"type":"Feature","properties":{},"geometry":{"type":"Point","coordinates":[85.32928196849436,27.705127934116703]}},{"type":"Feature","properties":{},"geometry":{"type":"Point","coordinates":[85.32999724707632,27.705615765633247]}},{"type":"Feature","properties":{},"geometry":{"type":"Point","coordinates":[85.33074775388478,27.707003785944096]}},{"type":"Feature","properties":{},"geometry":{"type":"Point","coordinates":[85.33059362769224,27.706685320187958]}},{"type":"Feature","properties":{},"geometry":{"type":"Point","coordinates":[85.3305789744806,27.70680752099564]}},{"type":"Feature","properties":{},"geometry":{"type":"Point","coordinates":[85.33056039923008,27.706617721043553]}},{"type":"Feature","properties":{},"geometry":{"type":"Point","coordinates":[85.33049184341974,27.70662463987324]}},{"type":"Feature","properties":{},"geometry":{"type":"Point","coordinates":[85.33053570008776,27.706583699406206]}},{"type":"Feature","properties":{},"geometry":{"type":"Point","coordinates":[85.33049126906872,27.706526828214695]}},{"type":"Feature","properties":{},"geometry":{"type":"Point","coordinates":[85.33042479309185,27.706452370294546]}},{"type":"Feature","properties":{},"geometry":{"type":"Point","coordinates":[85.33004655311045,27.70659802513789]}},{"type":"Feature","properties":{},"geometry":{"type":"Point","coordinates":[85.33004762575074,27.70659697668106]}},{"type":"Feature","properties":{},"geometry":{"type":"Point","coordinates":[85.33004887761521,27.70659860915175]}},{"type":"Feature","properties":{},"geometry":{"type":"Point","coordinates":[85.33005040350606,27.70660022687742]}},{"type":"Feature","properties":{},"geometry":{"type":"Point","coordinates":[85.33030725264454,27.706383281194828]}},{"type":"Feature","properties":{},"geometry":{"type":"Point","coordinates":[85.3302301741099,27.706302535396347]}},{"type":"Feature","properties":{},"geometry":{"type":"Point","coordinates":[85.32992973878416,27.706314156784202]}},{"type":"Feature","properties":{},"geometry":{"type":"Point","coordinates":[85.32992700224597,27.706315058808173]}},{"type":"Feature","properties":{},"geometry":{"type":"Point","coordinates":[85.32992460726872,27.706315906287383]}},{"type":"Feature","properties":{},"geometry":{"type":"Point","coordinates":[85.32992163225241,27.7063166862975]}},{"type":"Feature","properties":{},"geometry":{"type":"Point","coordinates":[85.33002450609412,27.706193861263234]}},{"type":"Feature","properties":{},"geometry":{"type":"Point","coordinates":[85.3294811649206,27.705441565036054]}},{"type":"Feature","properties":{},"geometry":{"type":"Point","coordinates":[85.32947870047957,27.705440316853736]}},{"type":"Feature","properties":{},"geometry":{"type":"Point","coordinates":[85.32885221212138,27.705095461556933]}},{"type":"Feature","properties":{},"geometry":{"type":"Point","coordinates":[85.32901224725842,27.705071754796283]}},{"type":"Feature","properties":{},"geometry":{"type":"Point","coordinates":[85.3292464686334,27.705204033672764]}},{"type":"Feature","properties":{},"geometry":{"type":"Point","coordinates":[85.32924399577891,27.705201674347204]}},{"type":"Feature","properties":{},"geometry":{"type":"Point","coordinates":[85.32924215808093,27.7051995582531]}},{"type":"Feature","properties":{},"geometry":{"type":"Point","coordinates":[85.32848281112783,27.705195844206976]}},{"type":"Feature","properties":{},"geometry":{"type":"Point","coordinates":[85.32852072602758,27.70518693357912]}},{"type":"Feature","properties":{},"geometry":{"type":"Point","coordinates":[85.3285597806399,27.70517723072637]}},{"type":"Feature","properties":{},"geometry":{"type":"Point","coordinates":[85.328615455049,27.705157731003446]}},{"type":"Feature","properties":{},"geometry":{"type":"Point","coordinates":[85.32844608640616,27.70520278088146]}},{"type":"Feature","properties":{},"geometry":{"type":"Point","coordinates":[85.32830709549961,27.705245006899958]}},{"type":"Feature","properties":{},"geometry":{"type":"Point","coordinates":[85.32815341186794,27.705289746721647]}},{"type":"Feature","properties":{},"geometry":{"type":"Point","coordinates":[85.32812070021811,27.705300178609715]}},{"type":"Feature","properties":{},"geometry":{"type":"Point","coordinates":[85.32804224529963,27.70532435525947]}},{"type":"Feature","properties":{},"geometry":{"type":"Point","coordinates":[85.32802898376812,27.705329113969146]}},{"type":"Feature","properties":{},"geometry":{"type":"Point","coordinates":[85.32803166125387,27.705328891790703]}},{"type":"Feature","properties":{},"geometry":{"type":"Point","coordinates":[85.3279982529386,27.705336529066827]}},{"type":"Feature","properties":{},"geometry":{"type":"Point","coordinates":[85.32785999927941,27.70537800087581]}},{"type":"Feature","properties":{},"geometry":{"type":"Point","coordinates":[85.32789354630889,27.70536811796361]}},{"type":"Feature","properties":{},"geometry":{"type":"Point","coordinates":[85.32792817864654,27.70535874996984]}},{"type":"Feature","properties":{},"geometry":{"type":"Point","coordinates":[85.32769529079434,27.705476702142573]}},{"type":"Feature","properties":{},"geometry":{"type":"Point","coordinates":[85.3277404529255,27.705511442596066]}},{"type":"Feature","properties":{},"geometry":{"type":"Point","coordinates":[85.32774194651502,27.705513047319954]}},{"type":"Feature","properties":{},"geometry":{"type":"Point","coordinates":[85.3278836621498,27.705631324319242]}},{"type":"Feature","properties":{},"geometry":{"type":"Point","coordinates":[85.32798954058313,27.705749414703686]}},{"type":"Feature","properties":{},"geometry":{"type":"Point","coordinates":[85.3280288491203,27.705811659025123]}},{"type":"Feature","properties":{},"geometry":{"type":"Point","coordinates":[85.3281487448618,27.705930251647057]}},{"type":"Feature","properties":{},"geometry":{"type":"Point","coordinates":[85.32810563315195,27.705711268163032]}},{"type":"Feature","properties":{},"geometry":{"type":"Point","coordinates":[85.32814295753886,27.705672596195]}},{"type":"Feature","properties":{},"geometry":{"type":"Point","coordinates":[85.32812132418034,27.705636825939894]}},{"type":"Feature","properties":{},"geometry":{"type":"Point","coordinates":[85.32833195060057,27.705990308607362]}},{"type":"Feature","properties":{},"geometry":{"type":"Point","coordinates":[85.32832631635254,27.70599164222262]}},{"type":"Feature","properties":{},"geometry":{"type":"Point","coordinates":[85.32844887743781,27.70583983885206]}},{"type":"Feature","properties":{},"geometry":{"type":"Point","coordinates":[85.32876532707753,27.70585480903026]}},{"type":"Feature","properties":{},"geometry":{"type":"Point","coordinates":[85.32875046229069,27.705891767634732]}},{"type":"Feature","properties":{},"geometry":{"type":"Point","coordinates":[85.32860863784963,27.705894438916452]}},{"type":"Feature","properties":{},"geometry":{"type":"Point","coordinates":[85.32860239582027,27.70589240321075]}},{"type":"Feature","properties":{},"geometry":{"type":"Point","coordinates":[85.32849286149084,27.70597989227]}},{"type":"Feature","properties":{},"geometry":{"type":"Point","coordinates":[85.32864823137959,27.70592184633076]}},{"type":"Feature","properties":{},"geometry":{"type":"Point","coordinates":[85.32836387032353,27.705637185649543]}},{"type":"Feature","properties":{},"geometry":{"type":"Point","coordinates":[85.32836745293984,27.705583245674934]}},{"type":"Feature","properties":{},"geometry":{"type":"Point","coordinates":[85.32839313901049,27.70560781366343]}},{"type":"Feature","properties":{},"geometry":{"type":"Point","coordinates":[85.32843994959529,27.70552552317013]}},{"type":"Feature","properties":{},"geometry":{"type":"Point","coordinates":[85.32851264850731,27.705536285753674]}},{"type":"Feature","properties":{},"geometry":{"type":"Point","coordinates":[85.32928538147254,27.705349855229517]}},{"type":"Feature","properties":{},"geometry":{"type":"Point","coordinates":[85.32921767185363,27.70536750775043]}},{"type":"Feature","properties":{},"geometry":{"type":"Point","coordinates":[85.32917944763216,27.70532963392167]}},{"type":"Feature","properties":{},"geometry":{"type":"Point","coordinates":[85.32910966369687,27.705408413550106]}},{"type":"Feature","properties":{},"geometry":{"type":"Point","coordinates":[85.3290856515813,27.70536628695266]}},{"type":"Feature","properties":{},"geometry":{"type":"Point","coordinates":[85.32902521453232,27.705388217699074]}},{"type":"Feature","properties":{},"geometry":{"type":"Point","coordinates":[85.3290245307812,27.705440406551997]}},{"type":"Feature","properties":{},"geometry":{"type":"Point","coordinates":[85.32873804231642,27.70543911765485]}},{"type":"Feature","properties":{},"geometry":{"type":"Point","coordinates":[85.32889084525083,27.705378440175046]}},{"type":"Feature","properties":{},"geometry":{"type":"Point","coordinates":[85.3289552946475,27.705472315225858]}},{"type":"Feature","properties":{},"geometry":{"type":"Point","coordinates":[85.3289235918273,27.705472245691855]}},{"type":"Feature","properties":{},"geometry":{"type":"Point","coordinates":[85.32884860771154,27.70547049837199]}},{"type":"Feature","properties":{},"geometry":{"type":"Point","coordinates":[85.32886516796489,27.705337056093192]}},{"type":"Feature","properties":{},"geometry":{"type":"Point","coordinates":[85.32888997010427,27.70526405862462]}},{"type":"Feature","properties":{},"geometry":{"type":"Point","coordinates":[85.32884572188875,27.70527253367933]}},{"type":"Feature","properties":{},"geometry":{"type":"Point","coordinates":[85.32873238515592,27.70548387263168]}},{"type":"Feature","properties":{},"geometry":{"type":"Point","coordinates":[85.32867223162013,27.705445479382135]}},{"type":"Feature","properties":{},"geometry":{"type":"Point","coordinates":[85.3306293468798,27.70723713444688]}},{"type":"Feature","properties":{},"geometry":{"type":"Point","coordinates":[85.3306857160838,27.70727508864143]}},{"type":"Feature","properties":{},"geometry":{"type":"Point","coordinates":[85.33094435352558,27.707185714323263]}},{"type":"Feature","properties":{},"geometry":{"type":"Point","coordinates":[85.33117208209549,27.707281838742865]}},{"type":"Feature","properties":{},"geometry":{"type":"Point","coordinates":[85.33121305787506,27.707302855825045]}},{"type":"Feature","properties":{},"geometry":{"type":"Point","coordinates":[85.33103143331859,27.707191097448217]}},{"type":"Feature","properties":{},"geometry":{"type":"Point","coordinates":[85.33106132469402,27.707191686203327]}},{"type":"Feature","properties":{},"geometry":{"type":"Point","coordinates":[85.33114872461613,27.707510697214982]}},{"type":"Feature","properties":{},"geometry":{"type":"Point","coordinates":[85.33095746511465,27.707321984051184]}},{"type":"Feature","properties":{},"geometry":{"type":"Point","coordinates":[85.3312559640194,27.707561504874736]}},{"type":"Feature","properties":{},"geometry":{"type":"Point","coordinates":[85.33194837149212,27.707562303635523]}},{"type":"Feature","properties":{},"geometry":{"type":"Point","coordinates":[85.33231486938075,27.70760459798076]}},{"type":"Feature","properties":{},"geometry":{"type":"Point","coordinates":[85.33193745233255,27.70752393915639]}},{"type":"Feature","properties":{},"geometry":{"type":"Point","coordinates":[85.33197512784479,27.707565063857334]}},{"type":"Feature","properties":{},"geometry":{"type":"Point","coordinates":[85.33224984257009,27.70759481608655]}},{"type":"Feature","properties":{},"geometry":{"type":"Point","coordinates":[85.33151801653527,27.7080273449308]}},{"type":"Feature","properties":{},"geometry":{"type":"Point","coordinates":[85.33169421515848,27.707895003350693]}},{"type":"Feature","properties":{},"geometry":{"type":"Point","coordinates":[85.33175688739715,27.70792604375583]}},{"type":"Feature","properties":{},"geometry":{"type":"Point","coordinates":[85.33184805579786,27.707837970655408]}},{"type":"Feature","properties":{},"geometry":{"type":"Point","coordinates":[85.331865510474,27.707832031042322]}},{"type":"Feature","properties":{},"geometry":{"type":"Point","coordinates":[85.33190272362589,27.707913282046018]}},{"type":"Feature","properties":{},"geometry":{"type":"Point","coordinates":[85.33196416251204,27.707949140647305]}},{"type":"Feature","properties":{},"geometry":{"type":"Point","coordinates":[85.33194493049969,27.707855137620093]}},{"type":"Feature","properties":{},"geometry":{"type":"Point","coordinates":[85.33194671085369,27.707869627843156]}},{"type":"Feature","properties":{},"geometry":{"type":"Point","coordinates":[85.33197596324253,27.707923829160794]}},{"type":"Feature","properties":{},"geometry":{"type":"Point","coordinates":[85.33139714336909,27.70789402542187]}},{"type":"Feature","properties":{},"geometry":{"type":"Point","coordinates":[85.3313535479925,27.70776232789093]}},{"type":"Feature","properties":{},"geometry":{"type":"Point","coordinates":[85.33159020791194,27.70801934576757]}},{"type":"Feature","properties":{},"geometry":{"type":"Point","coordinates":[85.33164305588616,27.70812054570284]}},{"type":"Feature","properties":{},"geometry":{"type":"Point","coordinates":[85.3313870804865,27.707949200592612]}},{"type":"Feature","properties":{},"geometry":{"type":"Point","coordinates":[85.33134652718073,27.707965039729597]}},{"type":"Feature","properties":{},"geometry":{"type":"Point","coordinates":[85.33102489130827,27.70805456671322]}},{"type":"Feature","properties":{},"geometry":{"type":"Point","coordinates":[85.33099454735297,27.70802420371067]}},{"type":"Feature","properties":{},"geometry":{"type":"Point","coordinates":[85.33100022588869,27.708018100551666]}},{"type":"Feature","properties":{},"geometry":{"type":"Point","coordinates":[85.33109130129559,27.708006200188414]}},{"type":"Feature","properties":{},"geometry":{"type":"Point","coordinates":[85.33115891933171,27.70790264738947]}},{"type":"Feature","properties":{},"geometry":{"type":"Point","coordinates":[85.3311385237772,27.707817576309992]}},{"type":"Feature","properties":{},"geometry":{"type":"Point","coordinates":[85.33109683047202,27.70778286068548]}},{"type":"Feature","properties":{},"geometry":{"type":"Point","coordinates":[85.33112283371104,27.70777314056925]}},{"type":"Feature","properties":{},"geometry":{"type":"Point","coordinates":[85.33170328224483,27.7082340929739]}},{"type":"Feature","properties":{},"geometry":{"type":"Point","coordinates":[85.3313036220196,27.708389729613323]}},{"type":"Feature","properties":{},"geometry":{"type":"Point","coordinates":[85.33150245452114,27.708358715994923]}},{"type":"Feature","properties":{},"geometry":{"type":"Point","coordinates":[85.33153668016976,27.708338999908328]}},{"type":"Feature","properties":{},"geometry":{"type":"Point","coordinates":[85.33090612164601,27.708259267735684]}},{"type":"Feature","properties":{},"geometry":{"type":"Point","coordinates":[85.33088989366483,27.708280144760824]}},{"type":"Feature","properties":{},"geometry":{"type":"Point","coordinates":[85.33099061388702,27.70840877122674]}},{"type":"Feature","properties":{},"geometry":{"type":"Point","coordinates":[85.33189774573432,27.708416563850317]}},{"type":"Feature","properties":{},"geometry":{"type":"Point","coordinates":[85.33180896258587,27.708419222279876]}},{"type":"Feature","properties":{},"geometry":{"type":"Point","coordinates":[85.33181476056143,27.708456454621526]}},{"type":"Feature","properties":{},"geometry":{"type":"Point","coordinates":[85.33186574223437,27.708249306730483]}},{"type":"Feature","properties":{},"geometry":{"type":"Point","coordinates":[85.33186108721561,27.708248527687513]}},{"type":"Feature","properties":{},"geometry":{"type":"Point","coordinates":[85.33183385442585,27.708248743719363]}},{"type":"Feature","properties":{},"geometry":{"type":"Point","coordinates":[85.33189552282197,27.708304054154514]}},{"type":"Feature","properties":{},"geometry":{"type":"Point","coordinates":[85.33254727063422,27.708375279674126]}},{"type":"Feature","properties":{},"geometry":{"type":"Point","coordinates":[85.33260958573474,27.7083311492838]}},{"type":"Feature","properties":{},"geometry":{"type":"Point","coordinates":[85.33258859033043,27.70835852430434]}},{"type":"Feature","properties":{},"geometry":{"type":"Point","coordinates":[85.33251286065779,27.708386589255635]}},{"type":"Feature","properties":{},"geometry":{"type":"Point","coordinates":[85.33240381944927,27.70839907917514]}},{"type":"Feature","properties":{},"geometry":{"type":"Point","coordinates":[85.33311403805746,27.70819976778183]}},{"type":"Feature","properties":{},"geometry":{"type":"Point","coordinates":[85.33322775997561,27.708168539867025]}},{"type":"Feature","properties":{},"geometry":{"type":"Point","coordinates":[85.33262427320234,27.708223237795416]}},{"type":"Feature","properties":{},"geometry":{"type":"Point","coordinates":[85.33264306241554,27.70821163261242]}},{"type":"Feature","properties":{},"geometry":{"type":"Point","coordinates":[85.33287025492875,27.708065612799206]}},{"type":"Feature","properties":{},"geometry":{"type":"Point","coordinates":[85.33298912266382,27.70815995108438]}},{"type":"Feature","properties":{},"geometry":{"type":"Point","coordinates":[85.33297753639343,27.708139623315642]}},{"type":"Feature","properties":{},"geometry":{"type":"Point","coordinates":[85.33297967337079,27.708141739357366]}},{"type":"Feature","properties":{},"geometry":{"type":"Point","coordinates":[85.33268764106191,27.70803118316259]}},{"type":"Feature","properties":{},"geometry":{"type":"Point","coordinates":[85.33268441092187,27.708028998893102]}},{"type":"Feature","properties":{},"geometry":{"type":"Point","coordinates":[85.33268572152114,27.70802557235651]}},{"type":"Feature","properties":{},"geometry":{"type":"Point","coordinates":[85.33272991287518,27.707848507292194]}},{"type":"Feature","properties":{},"geometry":{"type":"Point","coordinates":[85.3327721033405,27.707834359885442]}},{"type":"Feature","properties":{},"geometry":{"type":"Point","coordinates":[85.33269488608812,27.707742477156682]}},{"type":"Feature","properties":{},"geometry":{"type":"Point","coordinates":[85.33278042002,27.707674497594567]}},{"type":"Feature","properties":{},"geometry":{"type":"Point","coordinates":[85.332715329583,27.707684832076904]}},{"type":"Feature","properties":{},"geometry":{"type":"Point","coordinates":[85.33264035222642,27.707696135003324]}},{"type":"Feature","properties":{},"geometry":{"type":"Point","coordinates":[85.33267481038324,27.70754640284324]}},{"type":"Feature","properties":{},"geometry":{"type":"Point","coordinates":[85.33270388827462,27.70742904168738]}},{"type":"Feature","properties":{},"geometry":{"type":"Point","coordinates":[85.33157335360029,27.70857759580594]}},{"type":"Feature","properties":{},"geometry":{"type":"Point","coordinates":[85.33156436504616,27.708581299825845]}},{"type":"Feature","properties":{},"geometry":{"type":"Point","coordinates":[85.33169473873622,27.708526181271868]}},{"type":"Feature","properties":{},"geometry":{"type":"Point","coordinates":[85.33149673668744,27.708606361603316]}},{"type":"Feature","properties":{},"geometry":{"type":"Point","coordinates":[85.33131224667737,27.70867491905536]}},{"type":"Feature","properties":{},"geometry":{"type":"Point","coordinates":[85.33127408687307,27.708688859171584]}},{"type":"Feature","properties":{},"geometry":{"type":"Point","coordinates":[85.3311843696928,27.70872515115363]}},{"type":"Feature","properties":{},"geometry":{"type":"Point","coordinates":[85.3311481621254,27.70873648474385]}},{"type":"Feature","properties":{},"geometry":{"type":"Point","coordinates":[85.3311512454102,27.70873585764302]}},{"type":"Feature","properties":{},"geometry":{"type":"Point","coordinates":[85.33103448312033,27.708759623684447]}},{"type":"Feature","properties":{},"geometry":{"type":"Point","coordinates":[85.3309702593191,27.708774797307225]}},{"type":"Feature","properties":{},"geometry":{"type":"Point","coordinates":[85.33093570487482,27.708783454860754]}},{"type":"Feature","properties":{},"geometry":{"type":"Point","coordinates":[85.33089187834098,27.708792922096922]}},{"type":"Feature","properties":{},"geometry":{"type":"Point","coordinates":[85.33086671776356,27.708799098084153]}},{"type":"Feature","properties":{},"geometry":{"type":"Point","coordinates":[85.3308072375153,27.708787452731432]}},{"type":"Feature","properties":{},"geometry":{"type":"Point","coordinates":[85.33072645948607,27.708824605838377]}},{"type":"Feature","properties":{},"geometry":{"type":"Point","coordinates":[85.33046663623756,27.708858258180513]}},{"type":"Feature","properties":{},"geometry":{"type":"Point","coordinates":[85.33031975864309,27.708887902381974]}},{"type":"Feature","properties":{},"geometry":{"type":"Point","coordinates":[85.3304986716857,27.708741583104214]}},{"type":"Feature","properties":{},"geometry":{"type":"Point","coordinates":[85.33049512586622,27.708712714731018]}},{"type":"Feature","properties":{},"geometry":{"type":"Point","coordinates":[85.33046485486112,27.7085061433721]}},{"type":"Feature","properties":{},"geometry":{"type":"Point","coordinates":[85.33039323609391,27.708463264041125]}},{"type":"Feature","properties":{},"geometry":{"type":"Point","coordinates":[85.33037724870077,27.708273951110122]}},{"type":"Feature","properties":{},"geometry":{"type":"Point","coordinates":[85.32968842817367,27.709018392238857]}},{"type":"Feature","properties":{},"geometry":{"type":"Point","coordinates":[85.32971356021528,27.708923568705405]}},{"type":"Feature","properties":{},"geometry":{"type":"Point","coordinates":[85.32961051172857,27.70882529213558]}},{"type":"Feature","properties":{},"geometry":{"type":"Point","coordinates":[85.32962605373517,27.708744360436217]}},{"type":"Feature","properties":{},"geometry":{"type":"Point","coordinates":[85.32954198285701,27.70864398607141]}},{"type":"Feature","properties":{},"geometry":{"type":"Point","coordinates":[85.32953971167139,27.708640698655802]}},{"type":"Feature","properties":{},"geometry":{"type":"Point","coordinates":[85.3294404231914,27.708340406575296]}},{"type":"Feature","properties":{},"geometry":{"type":"Point","coordinates":[85.32929257894718,27.708411422592818]}},{"type":"Feature","properties":{},"geometry":{"type":"Point","coordinates":[85.32920467504485,27.708449881425267]}},{"type":"Feature","properties":{},"geometry":{"type":"Point","coordinates":[85.3300424488946,27.708938737796537]}},{"type":"Feature","properties":{},"geometry":{"type":"Point","coordinates":[85.3296499828808,27.709029683983342]}},{"type":"Feature","properties":{},"geometry":{"type":"Point","coordinates":[85.32948142539526,27.70906857760422]}},{"type":"Feature","properties":{},"geometry":{"type":"Point","coordinates":[85.32939362661914,27.70908965743123]}},{"type":"Feature","properties":{},"geometry":{"type":"Point","coordinates":[85.32937464487027,27.70909403402847]}},{"type":"Feature","properties":{},"geometry":{"type":"Point","coordinates":[85.32938627213785,27.709091467625758]}},{"type":"Feature","properties":{},"geometry":{"type":"Point","coordinates":[85.33020403682102,27.708787467894883]}},{"type":"Feature","properties":{},"geometry":{"type":"Point","coordinates":[85.33020682449754,27.7087866080018]}},{"type":"Feature","properties":{},"geometry":{"type":"Point","coordinates":[85.33018398999347,27.708753981570652]}},{"type":"Feature","properties":{},"geometry":{"type":"Point","coordinates":[85.33014814472173,27.70865742768756]}},{"type":"Feature","properties":{},"geometry":{"type":"Point","coordinates":[85.33010681547655,27.708568316840104]}},{"type":"Feature","properties":{},"geometry":{"type":"Point","coordinates":[85.3301049466756,27.708565308662664]}},{"type":"Feature","properties":{},"geometry":{"type":"Point","coordinates":[85.33005528628026,27.70843820739072]}},{"type":"Feature","properties":{},"geometry":{"type":"Point","coordinates":[85.32970913656894,27.708146760300266]}},{"type":"Feature","properties":{},"geometry":{"type":"Point","coordinates":[85.32970059041054,27.708147051584934]}},{"type":"Feature","properties":{},"geometry":{"type":"Point","coordinates":[85.32962100712616,27.708194122136145]}},{"type":"Feature","properties":{},"geometry":{"type":"Point","coordinates":[85.3296251202725,27.708194057149534]}},{"type":"Feature","properties":{},"geometry":{"type":"Point","coordinates":[85.32993428382771,27.708297556396975]}},{"type":"Feature","properties":{},"geometry":{"type":"Point","coordinates":[85.32975760530869,27.70779447480067]}},{"type":"Feature","properties":{},"geometry":{"type":"Point","coordinates":[85.32984897239237,27.707567031170722]}},{"type":"Feature","properties":{},"geometry":{"type":"Point","coordinates":[85.32996577396273,27.707525036887056]}},{"type":"Feature","properties":{},"geometry":{"type":"Point","coordinates":[85.33011311230312,27.707670634739074]}},{"type":"Feature","properties":{},"geometry":{"type":"Point","coordinates":[85.33009677810276,27.707696351661266]}},{"type":"Feature","properties":{},"geometry":{"type":"Point","coordinates":[85.33017833027995,27.707523426977737]}},{"type":"Feature","properties":{},"geometry":{"type":"Point","coordinates":[85.33023271204625,27.707472738810377]}},{"type":"Feature","properties":{},"geometry":{"type":"Point","coordinates":[85.3302574733775,27.70746406075986]}},{"type":"Feature","properties":{},"geometry":{"type":"Point","coordinates":[85.33035201983327,27.70743170134297]}},{"type":"Feature","properties":{},"geometry":{"type":"Point","coordinates":[85.33047160246416,27.70742042592947]}},{"type":"Feature","properties":{},"geometry":{"type":"Point","coordinates":[85.32968458145821,27.70742484017691]}},{"type":"Feature","properties":{},"geometry":{"type":"Point","coordinates":[85.32966100553296,27.70736675465045]}},{"type":"Feature","properties":{},"geometry":{"type":"Point","coordinates":[85.3296437714983,27.70732272974191]}},{"type":"Feature","properties":{},"geometry":{"type":"Point","coordinates":[85.32964345513865,27.707319132877586]}},{"type":"Feature","properties":{},"geometry":{"type":"Point","coordinates":[85.32958577725783,27.70717074014733]}},{"type":"Feature","properties":{},"geometry":{"type":"Point","coordinates":[85.32956664910067,27.707125308764684]}},{"type":"Feature","properties":{},"geometry":{"type":"Point","coordinates":[85.32951662223748,27.707167042690774]}},{"type":"Feature","properties":{},"geometry":{"type":"Point","coordinates":[85.3297553688156,27.70715736570525]}},{"type":"Feature","properties":{},"geometry":{"type":"Point","coordinates":[85.32977678185709,27.70713342585075]}},{"type":"Feature","properties":{},"geometry":{"type":"Point","coordinates":[85.32992312030314,27.706988099564594]}},{"type":"Feature","properties":{},"geometry":{"type":"Point","coordinates":[85.32985633370298,27.707018725908785]}},{"type":"Feature","properties":{},"geometry":{"type":"Point","coordinates":[85.33001837885641,27.706980606055133]}},{"type":"Feature","properties":{},"geometry":{"type":"Point","coordinates":[85.33001888924007,27.70696766966139]}},{"type":"Feature","properties":{},"geometry":{"type":"Point","coordinates":[85.32954638548031,27.706900872006933]}},{"type":"Feature","properties":{},"geometry":{"type":"Point","coordinates":[85.32954604615855,27.706898383195124]}},{"type":"Feature","properties":{},"geometry":{"type":"Point","coordinates":[85.32947836751201,27.70673090176749]}},{"type":"Feature","properties":{},"geometry":{"type":"Point","coordinates":[85.32947555753877,27.70672384331794]}},{"type":"Feature","properties":{},"geometry":{"type":"Point","coordinates":[85.32842880364623,27.706363628796094]}},{"type":"Feature","properties":{},"geometry":{"type":"Point","coordinates":[85.32835473155029,27.706260581128]}},{"type":"Feature","properties":{},"geometry":{"type":"Point","coordinates":[85.32825620554377,27.70614280814451]}},{"type":"Feature","properties":{},"geometry":{"type":"Point","coordinates":[85.32819880390643,27.706076089846274]}},{"type":"Feature","properties":{},"geometry":{"type":"Point","coordinates":[85.32820207817653,27.706083484259576]}},{"type":"Feature","properties":{},"geometry":{"type":"Point","coordinates":[85.3290215065039,27.70625286160724]}},{"type":"Feature","properties":{},"geometry":{"type":"Point","coordinates":[85.3289686981782,27.70630311702823]}},{"type":"Feature","properties":{},"geometry":{"type":"Point","coordinates":[85.32855571766062,27.70649334220646]}},{"type":"Feature","properties":{},"geometry":{"type":"Point","coordinates":[85.3285350589298,27.706518615016666]}},{"type":"Feature","properties":{},"geometry":{"type":"Point","coordinates":[85.32854939249974,27.706611577311605]}},{"type":"Feature","properties":{},"geometry":{"type":"Point","coordinates":[85.32850423838683,27.706594225702087]}},{"type":"Feature","properties":{},"geometry":{"type":"Point","coordinates":[85.32877228270003,27.70659465078159]}},{"type":"Feature","properties":{},"geometry":{"type":"Point","coordinates":[85.32847495556241,27.706738723913777]}},{"type":"Feature","properties":{},"geometry":{"type":"Point","coordinates":[85.32842192305085,27.70671132563832]}},{"type":"Feature","properties":{},"geometry":{"type":"Point","coordinates":[85.32833537407784,27.706763418877106]}},{"type":"Feature","properties":{},"geometry":{"type":"Point","coordinates":[85.32824740127393,27.706746871394806]}},{"type":"Feature","properties":{},"geometry":{"type":"Point","coordinates":[85.32814539421247,27.706813684305743]}},{"type":"Feature","properties":{},"geometry":{"type":"Point","coordinates":[85.32801750482419,27.706843241392153]}},{"type":"Feature","properties":{},"geometry":{"type":"Point","coordinates":[85.32800012673668,27.70657336355184]}},{"type":"Feature","properties":{},"geometry":{"type":"Point","coordinates":[85.32805786122569,27.706598177018925]}},{"type":"Feature","properties":{},"geometry":{"type":"Point","coordinates":[85.3286341112892,27.706873259921398]}},{"type":"Feature","properties":{},"geometry":{"type":"Point","coordinates":[85.32862758948839,27.70687540414971]}},{"type":"Feature","properties":{},"geometry":{"type":"Point","coordinates":[85.32851382129061,27.706911078195304]}},{"type":"Feature","properties":{},"geometry":{"type":"Point","coordinates":[85.3285258847608,27.706956316997193]}},{"type":"Feature","properties":{},"geometry":{"type":"Point","coordinates":[85.32839783145108,27.70700367161196]}},{"type":"Feature","properties":{},"geometry":{"type":"Point","coordinates":[85.32839623236835,27.7070047940246]}},{"type":"Feature","properties":{},"geometry":{"type":"Point","coordinates":[85.32912117334459,27.707021582217884]}},{"type":"Feature","properties":{},"geometry":{"type":"Point","coordinates":[85.32909503649978,27.707090045432853]}},{"type":"Feature","properties":{},"geometry":{"type":"Point","coordinates":[85.32913707587166,27.706638963565524]}},{"type":"Feature","properties":{},"geometry":{"type":"Point","coordinates":[85.32908742005957,27.706633462420676]}},{"type":"Feature","properties":{},"geometry":{"type":"Point","coordinates":[85.32909163250477,27.706629273096606]}},{"type":"Feature","properties":{},"geometry":{"type":"Point","coordinates":[85.32891876258577,27.70681967819056]}},{"type":"Feature","properties":{},"geometry":{"type":"Point","coordinates":[85.32801253624075,27.705889434956575]}},{"type":"Feature","properties":{},"geometry":{"type":"Point","coordinates":[85.32800662226029,27.705882312813188]}},{"type":"Feature","properties":{},"geometry":{"type":"Point","coordinates":[85.32779725038871,27.70564766444702]}},{"type":"Feature","properties":{},"geometry":{"type":"Point","coordinates":[85.32767484388036,27.705505840293853]}},{"type":"Feature","properties":{},"geometry":{"type":"Point","coordinates":[85.32763586528857,27.70546220860968]}},{"type":"Feature","properties":{},"geometry":{"type":"Point","coordinates":[85.32921520168196,27.70500944580743]}},{"type":"Feature","properties":{},"geometry":{"type":"Point","coordinates":[85.32971383948771,27.704876472683413]}},{"type":"Feature","properties":{},"geometry":{"type":"Point","coordinates":[85.32971467299836,27.70487634284567]}},{"type":"Feature","properties":{},"geometry":{"type":"Point","coordinates":[85.32971521868019,27.704875869273923]}},{"type":"Feature","properties":{},"geometry":{"type":"Point","coordinates":[85.3297196308071,27.704871945880562]}},{"type":"Feature","properties":{},"geometry":{"type":"Point","coordinates":[85.32971901215684,27.70487234997816]}},{"type":"Feature","properties":{},"geometry":{"type":"Point","coordinates":[85.32971825637645,27.704873235284854]}},{"type":"Feature","properties":{},"geometry":{"type":"Point","coordinates":[85.3296786482972,27.704882404704836]}},{"type":"Feature","properties":{},"geometry":{"type":"Point","coordinates":[85.3295891661703,27.704907038557753]}},{"type":"Feature","properties":{},"geometry":{"type":"Point","coordinates":[85.3296068024005,27.70490985974335]}},{"type":"Feature","properties":{},"geometry":{"type":"Point","coordinates":[85.32955599292802,27.704914303594503]}},{"type":"Feature","properties":{},"geometry":{"type":"Point","coordinates":[85.32945706600495,27.70495003665402]}},{"type":"Feature","properties":{},"geometry":{"type":"Point","coordinates":[85.3294480551419,27.70495289097748]}},{"type":"Feature","properties":{},"geometry":{"type":"Point","coordinates":[85.33025894226667,27.704889363214097]}},{"type":"Feature","properties":{},"geometry":{"type":"Point","coordinates":[85.33020725113943,27.70492087404959]}},{"type":"Feature","properties":{},"geometry":{"type":"Point","coordinates":[85.33019244627702,27.704888744317284]}},{"type":"Feature","properties":{},"geometry":{"type":"Point","coordinates":[85.33083311156149,27.704533309568312]}},{"type":"Feature","properties":{},"geometry":{"type":"Point","coordinates":[85.33076930552147,27.70454751617594]}},{"type":"Feature","properties":{},"geometry":{"type":"Point","coordinates":[85.3309118096787,27.704495412768136]}},{"type":"Feature","properties":{},"geometry":{"type":"Point","coordinates":[85.33092537522622,27.704493984237175]}},{"type":"Feature","properties":{},"geometry":{"type":"Point","coordinates":[85.3309809227239,27.704477510961365]}},{"type":"Feature","properties":{},"geometry":{"type":"Point","coordinates":[85.3310257941139,27.704460575001278]}},{"type":"Feature","properties":{},"geometry":{"type":"Point","coordinates":[85.33109999490598,27.704445122620857]}},{"type":"Feature","properties":{},"geometry":{"type":"Point","coordinates":[85.3311435928848,27.704442227575065]}},{"type":"Feature","properties":{},"geometry":{"type":"Point","coordinates":[85.33114682488107,27.704441615801233]}},{"type":"Feature","properties":{},"geometry":{"type":"Point","coordinates":[85.33136270097827,27.704359930894704]}},{"type":"Feature","properties":{},"geometry":{"type":"Point","coordinates":[85.33137475131984,27.70435538199136]}},{"type":"Feature","properties":{},"geometry":{"type":"Point","coordinates":[85.33157035665565,27.704295250780188]}},{"type":"Feature","properties":{},"geometry":{"type":"Point","coordinates":[85.3316198008868,27.70428134093014]}},{"type":"Feature","properties":{},"geometry":{"type":"Point","coordinates":[85.33168778449857,27.704334061393865]}},{"type":"Feature","properties":{},"geometry":{"type":"Point","coordinates":[85.33168881287679,27.704443365330782]}},{"type":"Feature","properties":{},"geometry":{"type":"Point","coordinates":[85.33176015455206,27.704509192444544]}},{"type":"Feature","properties":{},"geometry":{"type":"Point","coordinates":[85.33173174256255,27.704245637672336]}},{"type":"Feature","properties":{},"geometry":{"type":"Point","coordinates":[85.3317931512606,27.704227953077528]}},{"type":"Feature","properties":{},"geometry":{"type":"Point","coordinates":[85.33184997284212,27.704207168876867]}},{"type":"Feature","properties":{},"geometry":{"type":"Point","coordinates":[85.33189895556126,27.704196328349845]}},{"type":"Feature","properties":{},"geometry":{"type":"Point","coordinates":[85.33194872242586,27.704180935767653]}},{"type":"Feature","properties":{},"geometry":{"type":"Point","coordinates":[85.33200329538481,27.7041638447165]}},{"type":"Feature","properties":{},"geometry":{"type":"Point","coordinates":[85.33204273744188,27.704151094907576]}},{"type":"Feature","properties":{},"geometry":{"type":"Point","coordinates":[85.33209574436414,27.704135023784183]}},{"type":"Feature","properties":{},"geometry":{"type":"Point","coordinates":[85.33224330803905,27.7040899557332]}},{"type":"Feature","properties":{},"geometry":{"type":"Point","coordinates":[85.33224534507156,27.7040911030469]}},{"type":"Feature","properties":{},"geometry":{"type":"Point","coordinates":[85.33241977378495,27.7040355838237]}},{"type":"Feature","properties":{},"geometry":{"type":"Point","coordinates":[85.33245125755278,27.70403342872893]}},{"type":"Feature","properties":{},"geometry":{"type":"Point","coordinates":[85.33253784420168,27.70399826234696]}},{"type":"Feature","properties":{},"geometry":{"type":"Point","coordinates":[85.33247312784982,27.704025552084936]}},{"type":"Feature","properties":{},"geometry":{"type":"Point","coordinates":[85.33257299642158,27.703988130451506]}},{"type":"Feature","properties":{},"geometry":{"type":"Point","coordinates":[85.33181303749099,27.704428294312127]}},{"type":"Feature","properties":{},"geometry":{"type":"Point","coordinates":[85.33137804376913,27.704636686809284]}},{"type":"Feature","properties":{},"geometry":{"type":"Point","coordinates":[85.33137974178325,27.704639454638272]}},{"type":"Feature","properties":{},"geometry":{"type":"Point","coordinates":[85.33138248059282,27.70464479735134]}},{"type":"Feature","properties":{},"geometry":{"type":"Point","coordinates":[85.33140615991695,27.704635404744927]}},{"type":"Feature","properties":{},"geometry":{"type":"Point","coordinates":[85.33139926620464,27.704620417847256]}},{"type":"Feature","properties":{},"geometry":{"type":"Point","coordinates":[85.33133300151306,27.704554095782928]}},{"type":"Feature","properties":{},"geometry":{"type":"Point","coordinates":[85.331309405309,27.70445087285746]}},{"type":"Feature","properties":{},"geometry":{"type":"Point","coordinates":[85.33127392790493,27.704446372882185]}},{"type":"Feature","properties":{},"geometry":{"type":"Point","coordinates":[85.33164287456147,27.704670201837065]}},{"type":"Feature","properties":{},"geometry":{"type":"Point","coordinates":[85.33150980842849,27.704829334878976]}},{"type":"Feature","properties":{},"geometry":{"type":"Point","coordinates":[85.33151215799063,27.704836267703048]}},{"type":"Feature","properties":{},"geometry":{"type":"Point","coordinates":[85.3315273480098,27.70486077089223]}},{"type":"Feature","properties":{},"geometry":{"type":"Point","coordinates":[85.33159442993473,27.70507827796625]}},{"type":"Feature","properties":{},"geometry":{"type":"Point","coordinates":[85.33171587991315,27.705265956650006]}},{"type":"Feature","properties":{},"geometry":{"type":"Point","coordinates":[85.331508424205,27.704898714327065]}},{"type":"Feature","properties":{},"geometry":{"type":"Point","coordinates":[85.33147798119093,27.704829655240808]}},{"type":"Feature","properties":{},"geometry":{"type":"Point","coordinates":[85.33178592909066,27.704730884953296]}},{"type":"Feature","properties":{},"geometry":{"type":"Point","coordinates":[85.33189711498844,27.70472809296788]}},{"type":"Feature","properties":{},"geometry":{"type":"Point","coordinates":[85.33189947204511,27.704728735105277]}},{"type":"Feature","properties":{},"geometry":{"type":"Point","coordinates":[85.33190155750977,27.704728765651353]}},{"type":"Feature","properties":{},"geometry":{"type":"Point","coordinates":[85.33160620899413,27.704675272701135]}},{"type":"Feature","properties":{},"geometry":{"type":"Point","coordinates":[85.3316997722769,27.704926906600765]}},{"type":"Feature","properties":{},"geometry":{"type":"Point","coordinates":[85.33170034760789,27.704927949661574]}},{"type":"Feature","properties":{},"geometry":{"type":"Point","coordinates":[85.3317008601951,27.70492831776162]}},{"type":"Feature","properties":{},"geometry":{"type":"Point","coordinates":[85.33139084539738,27.705409174392784]}},{"type":"Feature","properties":{},"geometry":{"type":"Point","coordinates":[85.33138837171184,27.705405933303183]}},{"type":"Feature","properties":{},"geometry":{"type":"Point","coordinates":[85.33138712038185,27.705404465114608]}},{"type":"Feature","properties":{},"geometry":{"type":"Point","coordinates":[85.33146085310676,27.70537376285825]}},{"type":"Feature","properties":{},"geometry":{"type":"Point","coordinates":[85.3314655950727,27.705347760705727]}},{"type":"Feature","properties":{},"geometry":{"type":"Point","coordinates":[85.33146355936098,27.70534932465482]}},{"type":"Feature","properties":{},"geometry":{"type":"Point","coordinates":[85.33158846969879,27.7052853231963]}},{"type":"Feature","properties":{},"geometry":{"type":"Point","coordinates":[85.33161912914129,27.705302313176503]}},{"type":"Feature","properties":{},"geometry":{"type":"Point","coordinates":[85.33175433249747,27.705255417993435]}},{"type":"Feature","properties":{},"geometry":{"type":"Point","coordinates":[85.33178450474259,27.70521744762723]}},{"type":"Feature","properties":{},"geometry":{"type":"Point","coordinates":[85.331932531284,27.705181387572964]}},{"type":"Feature","properties":{},"geometry":{"type":"Point","coordinates":[85.33185961202645,27.705209294768764]}},{"type":"Feature","properties":{},"geometry":{"type":"Point","coordinates":[85.33164125586926,27.70510571304548]}},{"type":"Feature","properties":{},"geometry":{"type":"Point","coordinates":[85.33050640494658,27.70489159976254]}},{"type":"Feature","properties":{},"geometry":{"type":"Point","coordinates":[85.33047722930199,27.704855632387435]}},{"type":"Feature","properties":{},"geometry":{"type":"Point","coordinates":[85.33060780399992,27.70486717671684]}},{"type":"Feature","properties":{},"geometry":{"type":"Point","coordinates":[85.33056588340379,27.704811304267974]}},{"type":"Feature","properties":{},"geometry":{"type":"Point","coordinates":[85.33066736775388,27.70490317207575]}},{"type":"Feature","properties":{},"geometry":{"type":"Point","coordinates":[85.33066853569342,27.7049037222747]}},{"type":"Feature","properties":{},"geometry":{"type":"Point","coordinates":[85.33065321947322,27.704943208222307]}},{"type":"Feature","properties":{},"geometry":{"type":"Point","coordinates":[85.33071722957631,27.70507342015316]}},{"type":"Feature","properties":{},"geometry":{"type":"Point","coordinates":[85.33066522333316,27.705046564912156]}},{"type":"Feature","properties":{},"geometry":{"type":"Point","coordinates":[85.33078325708065,27.70515531764741]}},{"type":"Feature","properties":{},"geometry":{"type":"Point","coordinates":[85.33060746619394,27.70494271963051]}},{"type":"Feature","properties":{},"geometry":{"type":"Point","coordinates":[85.33092085094887,27.705215202038712]}},{"type":"Feature","properties":{},"geometry":{"type":"Point","coordinates":[85.33075575565869,27.705190217930028]}},{"type":"Feature","properties":{},"geometry":{"type":"Point","coordinates":[85.33098489433759,27.705189423942723]}},{"type":"Feature","properties":{},"geometry":{"type":"Point","coordinates":[85.33100579561035,27.705181141444932]}},{"type":"Feature","properties":{},"geometry":{"type":"Point","coordinates":[85.33099363172796,27.705193809180034]}},{"type":"Feature","properties":{},"geometry":{"type":"Point","coordinates":[85.33108000304297,27.705151693338767]}},{"type":"Feature","properties":{},"geometry":{"type":"Point","coordinates":[85.33117112378115,27.705087015908077]}},{"type":"Feature","properties":{},"geometry":{"type":"Point","coordinates":[85.33112356285172,27.70503152508883]}},{"type":"Feature","properties":{},"geometry":{"type":"Point","coordinates":[85.3310545793245,27.704987527165112]}},{"type":"Feature","properties":{},"geometry":{"type":"Point","coordinates":[85.33104461331682,27.70497645186342]}},{"type":"Feature","properties":{},"geometry":{"type":"Point","coordinates":[85.3310441859206,27.704941703973088]}},{"type":"Feature","properties":{},"geometry":{"type":"Point","coordinates":[85.33032812193942,27.70509580560112]}},{"type":"Feature","properties":{},"geometry":{"type":"Point","coordinates":[85.33035691866291,27.70517097788219]}},{"type":"Feature","properties":{},"geometry":{"type":"Point","coordinates":[85.33038305025846,27.705277531237446]}},{"type":"Feature","properties":{},"geometry":{"type":"Point","coordinates":[85.33003580944374,27.704986647799362]}},{"type":"Feature","properties":{},"geometry":{"type":"Point","coordinates":[85.32997223757685,27.705091656001617]}},{"type":"Feature","properties":{},"geometry":{"type":"Point","coordinates":[85.33005530102011,27.705193984578635]}},{"type":"Feature","properties":{},"geometry":{"type":"Point","coordinates":[85.33006829666289,27.705248695036108]}},{"type":"Feature","properties":{},"geometry":{"type":"Point","coordinates":[85.33032857413585,27.70523280177925]}},{"type":"Feature","properties":{},"geometry":{"type":"Point","coordinates":[85.33035422100879,27.70531098307331]}},{"type":"Feature","properties":{},"geometry":{"type":"Point","coordinates":[85.33029914654851,27.705464112242332]}},{"type":"Feature","properties":{},"geometry":{"type":"Point","coordinates":[85.33034158627964,27.705450467669884]}},{"type":"Feature","properties":{},"geometry":{"type":"Point","coordinates":[85.33030868347171,27.70543390433419]}},{"type":"Feature","properties":{},"geometry":{"type":"Point","coordinates":[85.33051106297978,27.70560151001994]}},{"type":"Feature","properties":{},"geometry":{"type":"Point","coordinates":[85.33052404690484,27.705655475696016]}},{"type":"Feature","properties":{},"geometry":{"type":"Point","coordinates":[85.33058216569555,27.705389228746252]}},{"type":"Feature","properties":{},"geometry":{"type":"Point","coordinates":[85.33063241405107,27.70536290537825]}},{"type":"Feature","properties":{},"geometry":{"type":"Point","coordinates":[85.3308056827264,27.705526133298452]}},{"type":"Feature","properties":{},"geometry":{"type":"Point","coordinates":[85.33082407128994,27.705368091211874]}},{"type":"Feature","properties":{},"geometry":{"type":"Point","coordinates":[85.33083275743873,27.705581356436817]}},{"type":"Feature","properties":{},"geometry":{"type":"Point","coordinates":[85.33099125550665,27.705493166080288]}},{"type":"Feature","properties":{},"geometry":{"type":"Point","coordinates":[85.33098796308944,27.70553212283207]}},{"type":"Feature","properties":{},"geometry":{"type":"Point","coordinates":[85.3310362482781,27.705535641004364]}},{"type":"Feature","properties":{},"geometry":{"type":"Point","coordinates":[85.33116892696192,27.705488556221212]}},{"type":"Feature","properties":{},"geometry":{"type":"Point","coordinates":[85.3311253006249,27.70545397616667]}},{"type":"Feature","properties":{},"geometry":{"type":"Point","coordinates":[85.3309878229588,27.705189557631538]}},{"type":"Feature","properties":{},"geometry":{"type":"Point","coordinates":[85.33188440403147,27.70473627032774]}},{"type":"Feature","properties":{},"geometry":{"type":"Point","coordinates":[85.33188537895465,27.70473637684381]}},{"type":"Feature","properties":{},"geometry":{"type":"Point","coordinates":[85.32746656527975,27.705456299301257]}},{"type":"Feature","properties":{},"geometry":{"type":"Point","coordinates":[85.32737454337729,27.705446539178467]}},{"type":"Feature","properties":{},"geometry":{"type":"Point","coordinates":[85.32733812856902,27.705442922189867]}},{"type":"Feature","properties":{},"geometry":{"type":"Point","coordinates":[85.32727110953809,27.705440476922885]}},{"type":"Feature","properties":{},"geometry":{"type":"Point","coordinates":[85.32718208956166,27.7054346889619]}},{"type":"Feature","properties":{},"geometry":{"type":"Point","coordinates":[85.32717762948997,27.705435831842067]}},{"type":"Feature","properties":{},"geometry":{"type":"Point","coordinates":[85.32709868989183,27.705433598940342]}},{"type":"Feature","properties":{},"geometry":{"type":"Point","coordinates":[85.3270824377163,27.705433445848357]}},{"type":"Feature","properties":{},"geometry":{"type":"Point","coordinates":[85.327205501906,27.706891694724536]}},{"type":"Feature","properties":{},"geometry":{"type":"Point","coordinates":[85.32731083562834,27.70699267033809]}},{"type":"Feature","properties":{},"geometry":{"type":"Point","coordinates":[85.32731539783018,27.70699201606604]}},{"type":"Feature","properties":{},"geometry":{"type":"Point","coordinates":[85.32738263329392,27.706975217115975]}},{"type":"Feature","properties":{},"geometry":{"type":"Point","coordinates":[85.32746126114307,27.706963524317295]}},{"type":"Feature","properties":{},"geometry":{"type":"Point","coordinates":[85.3274573118114,27.70699294028394]}},{"type":"Feature","properties":{},"geometry":{"type":"Point","coordinates":[85.3275325984104,27.7069779136732]}},{"type":"Feature","properties":{},"geometry":{"type":"Point","coordinates":[85.32765557680413,27.706925422625048]}},{"type":"Feature","properties":{},"geometry":{"type":"Point","coordinates":[85.32765076770045,27.706911282061466]}},{"type":"Feature","properties":{},"geometry":{"type":"Point","coordinates":[85.32761471409256,27.706726845748264]}},{"type":"Feature","properties":{},"geometry":{"type":"Point","coordinates":[85.3276157508437,27.706736130153043]}},{"type":"Feature","properties":{},"geometry":{"type":"Point","coordinates":[85.32913130916864,27.709145240641003]}},{"type":"Feature","properties":{},"geometry":{"type":"Point","coordinates":[85.32920929003049,27.709127119258028]}},{"type":"Feature","properties":{},"geometry":{"type":"Point","coordinates":[85.329141637702,27.70914238691418]}},{"type":"Feature","properties":{},"geometry":{"type":"Point","coordinates":[85.32894767238103,27.70918448316567]}},{"type":"Feature","properties":{},"geometry":{"type":"Point","coordinates":[85.32894631670733,27.70918606791932]}},{"type":"Feature","properties":{},"geometry":{"type":"Point","coordinates":[85.32887559118733,27.709135562133522]}},{"type":"Feature","properties":{},"geometry":{"type":"Point","coordinates":[85.32887128923754,27.709117274204043]}},{"type":"Feature","properties":{},"geometry":{"type":"Point","coordinates":[85.3288740928418,27.709130339949308]}},{"type":"Feature","properties":{},"geometry":{"type":"Point","coordinates":[85.32887089414794,27.709115251335763]}},{"type":"Feature","properties":{},"geometry":{"type":"Point","coordinates":[85.32862808384166,27.70926694860939]}},{"type":"Feature","properties":{},"geometry":{"type":"Point","coordinates":[85.32855740691221,27.70928769582563]}},{"type":"Feature","properties":{},"geometry":{"type":"Point","coordinates":[85.32844277124035,27.70931671017253]}},{"type":"Feature","properties":{},"geometry":{"type":"Point","coordinates":[85.32884170335836,27.709021432792266]}},{"type":"Feature","properties":{},"geometry":{"type":"Point","coordinates":[85.32870726029923,27.709178923340982]}},{"type":"Feature","properties":{},"geometry":{"type":"Point","coordinates":[85.32870594281303,27.709176805397572]}},{"type":"Feature","properties":{},"geometry":{"type":"Point","coordinates":[85.32865898563898,27.709030862227923]}},{"type":"Feature","properties":{},"geometry":{"type":"Point","coordinates":[85.32866123633443,27.709064828831814]}},{"type":"Feature","properties":{},"geometry":{"type":"Point","coordinates":[85.32864981822135,27.70926787443225]}},{"type":"Feature","properties":{},"geometry":{"type":"Point","coordinates":[85.32834981695608,27.709314673272875]}},{"type":"Feature","properties":{},"geometry":{"type":"Point","coordinates":[85.32838084190784,27.709296421181516]}},{"type":"Feature","properties":{},"geometry":{"type":"Point","coordinates":[85.32820326463563,27.709353439363994]}},{"type":"Feature","properties":{},"geometry":{"type":"Point","coordinates":[85.32836117492897,27.709029079026855]}},{"type":"Feature","properties":{},"geometry":{"type":"Point","coordinates":[85.32840385462994,27.70901037741747]}},{"type":"Feature","properties":{},"geometry":{"type":"Point","coordinates":[85.32845366241294,27.709069499261172]}},{"type":"Feature","properties":{},"geometry":{"type":"Point","coordinates":[85.32807495184056,27.709385228702214]}},{"type":"Feature","properties":{},"geometry":{"type":"Point","coordinates":[85.32966643315983,27.707546134925103]}},{"type":"Feature","properties":{},"geometry":{"type":"Point","coordinates":[85.32962067584303,27.707423096952652]}},{"type":"Feature","properties":{},"geometry":{"type":"Point","coordinates":[85.32928555551396,27.707098308273416]}},{"type":"Feature","properties":{},"geometry":{"type":"Point","coordinates":[85.32928077492676,27.70709978490429]}},{"type":"Feature","properties":{},"geometry":{"type":"Point","coordinates":[85.33660568286422,27.70766958072334]}},{"type":"Feature","properties":{},"geometry":{"type":"Point","coordinates":[85.33658485238229,27.707572458742614]}},{"type":"Feature","properties":{},"geometry":{"type":"Point","coordinates":[85.33658739382419,27.70756269119525]}},{"type":"Feature","properties":{},"geometry":{"type":"Point","coordinates":[85.33627322224694,27.707535756775698]}},{"type":"Feature","properties":{},"geometry":{"type":"Point","coordinates":[85.33620413913526,27.707521200416423]}},{"type":"Feature","properties":{},"geometry":{"type":"Point","coordinates":[85.33623557646916,27.70748701692871]}},{"type":"Feature","properties":{},"geometry":{"type":"Point","coordinates":[85.33621602239079,27.70740277158819]}},{"type":"Feature","properties":{},"geometry":{"type":"Point","coordinates":[85.33623181172239,27.707375575285944]}},{"type":"Feature","properties":{},"geometry":{"type":"Point","coordinates":[85.33643612128418,27.70746246993367]}},{"type":"Feature","properties":{},"geometry":{"type":"Point","coordinates":[85.33654657339589,27.7072637217465]}},{"type":"Feature","properties":{},"geometry":{"type":"Point","coordinates":[85.33651982730629,27.707139631753396]}},{"type":"Feature","properties":{},"geometry":{"type":"Point","coordinates":[85.3364650318599,27.70692562831572]}},{"type":"Feature","properties":{},"geometry":{"type":"Point","coordinates":[85.3364092349521,27.706684204163924]}},{"type":"Feature","properties":{},"geometry":{"type":"Point","coordinates":[85.3363437766278,27.70666483934135]}},{"type":"Feature","properties":{},"geometry":{"type":"Point","coordinates":[85.33643954182821,27.706556609285144]}},{"type":"Feature","properties":{},"geometry":{"type":"Point","coordinates":[85.33642140148882,27.70641233335675]}},{"type":"Feature","properties":{},"geometry":{"type":"Point","coordinates":[85.33642044310014,27.706399372041787]}},{"type":"Feature","properties":{},"geometry":{"type":"Point","coordinates":[85.3363891775565,27.706231904370114]}},{"type":"Feature","properties":{},"geometry":{"type":"Point","coordinates":[85.3363385541205,27.705947021366676]}},{"type":"Feature","properties":{},"geometry":{"type":"Point","coordinates":[85.3362730777454,27.705748423278553]}},{"type":"Feature","properties":{},"geometry":{"type":"Point","coordinates":[85.33625261408612,27.705702952311523]}},{"type":"Feature","properties":{},"geometry":{"type":"Point","coordinates":[85.3362191448275,27.70560515939654]}},{"type":"Feature","properties":{},"geometry":{"type":"Point","coordinates":[85.33605468693402,27.705505024800615]}},{"type":"Feature","properties":{},"geometry":{"type":"Point","coordinates":[85.33615972119323,27.70537900241953]}},{"type":"Feature","properties":{},"geometry":{"type":"Point","coordinates":[85.33614500089017,27.70527214398883]}},{"type":"Feature","properties":{},"geometry":{"type":"Point","coordinates":[85.33613811713536,27.70522738408332]}},{"type":"Feature","properties":{},"geometry":{"type":"Point","coordinates":[85.33611538184681,27.705109286417567]}},{"type":"Feature","properties":{},"geometry":{"type":"Point","coordinates":[85.336116673982,27.70511174515396]}},{"type":"Feature","properties":{},"geometry":{"type":"Point","coordinates":[85.33611489475815,27.705028043776196]}},{"type":"Feature","properties":{},"geometry":{"type":"Point","coordinates":[85.33610603996645,27.704966624361226]}},{"type":"Feature","properties":{},"geometry":{"type":"Point","coordinates":[85.33601168431403,27.704874788328173]}},{"type":"Feature","properties":{},"geometry":{"type":"Point","coordinates":[85.33608702667213,27.70469506739954]}},{"type":"Feature","properties":{},"geometry":{"type":"Point","coordinates":[85.33598250318107,27.70489191905035]}},{"type":"Feature","properties":{},"geometry":{"type":"Point","coordinates":[85.33598727132063,27.704998237274005]}},{"type":"Feature","properties":{},"geometry":{"type":"Point","coordinates":[85.33605769625274,27.704442163080603]}},{"type":"Feature","properties":{},"geometry":{"type":"Point","coordinates":[85.3359653166815,27.704564352785827]}},{"type":"Feature","properties":{},"geometry":{"type":"Point","coordinates":[85.33592652732071,27.70461690322604]}},{"type":"Feature","properties":{},"geometry":{"type":"Point","coordinates":[85.33590566745636,27.70468509920124]}},{"type":"Feature","properties":{},"geometry":{"type":"Point","coordinates":[85.33606951189412,27.704503125298142]}},{"type":"Feature","properties":{},"geometry":{"type":"Point","coordinates":[85.33605468066946,27.704369905620005]}},{"type":"Feature","properties":{},"geometry":{"type":"Point","coordinates":[85.33604698628088,27.704362734424897]}},{"type":"Feature","properties":{},"geometry":{"type":"Point","coordinates":[85.33602290676814,27.704093860297682]}},{"type":"Feature","properties":{},"geometry":{"type":"Point","coordinates":[85.33592921511571,27.703804823044983]}},{"type":"Feature","properties":{},"geometry":{"type":"Point","coordinates":[85.33594788497547,27.70365920518579]}},{"type":"Feature","properties":{},"geometry":{"type":"Point","coordinates":[85.3359424157172,27.7036196077127]}},{"type":"Feature","properties":{},"geometry":{"type":"Point","coordinates":[85.33591894933132,27.703554529692063]}},{"type":"Feature","properties":{},"geometry":{"type":"Point","coordinates":[85.33556744343393,27.70356076072554]}},{"type":"Feature","properties":{},"geometry":{"type":"Point","coordinates":[85.33564961458471,27.703536619875177]}},{"type":"Feature","properties":{},"geometry":{"type":"Point","coordinates":[85.33582402186683,27.703499257141427]}},{"type":"Feature","properties":{},"geometry":{"type":"Point","coordinates":[85.33580538702087,27.703526225168783]}},{"type":"Feature","properties":{},"geometry":{"type":"Point","coordinates":[85.33572697449748,27.703546123282095]}},{"type":"Feature","properties":{},"geometry":{"type":"Point","coordinates":[85.33581268552506,27.703194500917352]}},{"type":"Feature","properties":{},"geometry":{"type":"Point","coordinates":[85.33560683853078,27.703827334335774]}},{"type":"Feature","properties":{},"geometry":{"type":"Point","coordinates":[85.33556803749975,27.703873980056144]}},{"type":"Feature","properties":{},"geometry":{"type":"Point","coordinates":[85.33574251973708,27.70397771140119]}},{"type":"Feature","properties":{},"geometry":{"type":"Point","coordinates":[85.33561221500946,27.703967575940183]}},{"type":"Feature","properties":{},"geometry":{"type":"Point","coordinates":[85.33557860499276,27.70395441969036]}},{"type":"Feature","properties":{},"geometry":{"type":"Point","coordinates":[85.33581427909414,27.70407737002244]}},{"type":"Feature","properties":{},"geometry":{"type":"Point","coordinates":[85.33579235316127,27.7041974399107]}},{"type":"Feature","properties":{},"geometry":{"type":"Point","coordinates":[85.33578793514062,27.70434195195942]}},{"type":"Feature","properties":{},"geometry":{"type":"Point","coordinates":[85.33577417644607,27.704363661670566]}},{"type":"Feature","properties":{},"geometry":{"type":"Point","coordinates":[85.33568964821222,27.70445112878085]}},{"type":"Feature","properties":{},"geometry":{"type":"Point","coordinates":[85.33572248058893,27.70447190311473]}},{"type":"Feature","properties":{},"geometry":{"type":"Point","coordinates":[85.33568669860054,27.704531753370457]}},{"type":"Feature","properties":{},"geometry":{"type":"Point","coordinates":[85.33554309409047,27.704448643743536]}},{"type":"Feature","properties":{},"geometry":{"type":"Point","coordinates":[85.33556233018432,27.704611366647267]}},{"type":"Feature","properties":{},"geometry":{"type":"Point","coordinates":[85.33557108531106,27.704094482766898]}},{"type":"Feature","properties":{},"geometry":{"type":"Point","coordinates":[85.33557679981851,27.704102681653257]}},{"type":"Feature","properties":{},"geometry":{"type":"Point","coordinates":[85.335536514986,27.704213337367253]}},{"type":"Feature","properties":{},"geometry":{"type":"Point","coordinates":[85.33554738920999,27.704280850747637]}},{"type":"Feature","properties":{},"geometry":{"type":"Point","coordinates":[85.33552663412334,27.70425301201878]}},{"type":"Feature","properties":{},"geometry":{"type":"Point","coordinates":[85.33549294847211,27.70430168587528]}},{"type":"Feature","properties":{},"geometry":{"type":"Point","coordinates":[85.33549294146898,27.70434256501817]}},{"type":"Feature","properties":{},"geometry":{"type":"Point","coordinates":[85.33542293150674,27.70452167642723]}},{"type":"Feature","properties":{},"geometry":{"type":"Point","coordinates":[85.33557133549478,27.704650288214236]}},{"type":"Feature","properties":{},"geometry":{"type":"Point","coordinates":[85.3355199601567,27.704649807661074]}},{"type":"Feature","properties":{},"geometry":{"type":"Point","coordinates":[85.33555163462341,27.704689413370044]}},{"type":"Feature","properties":{},"geometry":{"type":"Point","coordinates":[85.3357082238644,27.704800696991065]}},{"type":"Feature","properties":{},"geometry":{"type":"Point","coordinates":[85.33573335413932,27.704807398212846]}},{"type":"Feature","properties":{},"geometry":{"type":"Point","coordinates":[85.33540537797077,27.70473651878568]}},{"type":"Feature","properties":{},"geometry":{"type":"Point","coordinates":[85.33539808224867,27.704786187764746]}},{"type":"Feature","properties":{},"geometry":{"type":"Point","coordinates":[85.33562814929405,27.70490357810162]}},{"type":"Feature","properties":{},"geometry":{"type":"Point","coordinates":[85.33567088873171,27.704966476274677]}},{"type":"Feature","properties":{},"geometry":{"type":"Point","coordinates":[85.33561983331461,27.70502888842461]}},{"type":"Feature","properties":{},"geometry":{"type":"Point","coordinates":[85.33571358341861,27.705125397161453]}},{"type":"Feature","properties":{},"geometry":{"type":"Point","coordinates":[85.33575504860836,27.705166226166057]}},{"type":"Feature","properties":{},"geometry":{"type":"Point","coordinates":[85.33578351500796,27.705138266223454]}},{"type":"Feature","properties":{},"geometry":{"type":"Point","coordinates":[85.3357422052093,27.705108111756704]}},{"type":"Feature","properties":{},"geometry":{"type":"Point","coordinates":[85.33568428484844,27.703073666211477]}},{"type":"Feature","properties":{},"geometry":{"type":"Point","coordinates":[85.33573933501143,27.7031260225513]}},{"type":"Feature","properties":{},"geometry":{"type":"Point","coordinates":[85.33579503006904,27.70349631738337]}},{"type":"Feature","properties":{},"geometry":{"type":"Point","coordinates":[85.3355832126933,27.70359111267226]}},{"type":"Feature","properties":{},"geometry":{"type":"Point","coordinates":[85.33553326153921,27.703724587794856]}},{"type":"Feature","properties":{},"geometry":{"type":"Point","coordinates":[85.3355000655053,27.7037352042769]}},{"type":"Feature","properties":{},"geometry":{"type":"Point","coordinates":[85.33544368255936,27.7035934043799]}},{"type":"Feature","properties":{},"geometry":{"type":"Point","coordinates":[85.33536901435691,27.70365582044395]}},{"type":"Feature","properties":{},"geometry":{"type":"Point","coordinates":[85.33531091216842,27.703637041853717]}},{"type":"Feature","properties":{},"geometry":{"type":"Point","coordinates":[85.33527905311078,27.703522914778436]}},{"type":"Feature","properties":{},"geometry":{"type":"Point","coordinates":[85.33518637264865,27.703567201208756]}},{"type":"Feature","properties":{},"geometry":{"type":"Point","coordinates":[85.33515021151854,27.703588238900082]}},{"type":"Feature","properties":{},"geometry":{"type":"Point","coordinates":[85.3363527001858,27.706691397642857]}},{"type":"Feature","properties":{},"geometry":{"type":"Point","coordinates":[85.33626510395108,27.70671517126977]}},{"type":"Feature","properties":{},"geometry":{"type":"Point","coordinates":[85.33617918297143,27.706589247181967]}},{"type":"Feature","properties":{},"geometry":{"type":"Point","coordinates":[85.33605987510907,27.706630882755256]}},{"type":"Feature","properties":{},"geometry":{"type":"Point","coordinates":[85.33602506899717,27.706569322868663]}},{"type":"Feature","properties":{},"geometry":{"type":"Point","coordinates":[85.3360065649949,27.70659511915439]}},{"type":"Feature","properties":{},"geometry":{"type":"Point","coordinates":[85.33598718349329,27.706501259180904]}},{"type":"Feature","properties":{},"geometry":{"type":"Point","coordinates":[85.33619387564578,27.70677592503106]}},{"type":"Feature","properties":{},"geometry":{"type":"Point","coordinates":[85.33623245353277,27.706825306069646]}},{"type":"Feature","properties":{},"geometry":{"type":"Point","coordinates":[85.33623289508316,27.7068423867309]}},{"type":"Feature","properties":{},"geometry":{"type":"Point","coordinates":[85.3362336910732,27.706959678229314]}},{"type":"Feature","properties":{},"geometry":{"type":"Point","coordinates":[85.33604029088778,27.706890105334466]}},{"type":"Feature","properties":{},"geometry":{"type":"Point","coordinates":[85.33594074992907,27.706878237848226]}},{"type":"Feature","properties":{},"geometry":{"type":"Point","coordinates":[85.33594927966621,27.706880692437803]}},{"type":"Feature","properties":{},"geometry":{"type":"Point","coordinates":[85.33620266829777,27.706966886763798]}},{"type":"Feature","properties":{},"geometry":{"type":"Point","coordinates":[85.33625169357951,27.707126524396323]}},{"type":"Feature","properties":{},"geometry":{"type":"Point","coordinates":[85.33622590132954,27.707147171602212]}},{"type":"Feature","properties":{},"geometry":{"type":"Point","coordinates":[85.33624617760553,27.707142185941354]}},{"type":"Feature","properties":{},"geometry":{"type":"Point","coordinates":[85.3362261998848,27.707102970071542]}},{"type":"Feature","properties":{},"geometry":{"type":"Point","coordinates":[85.3361050693144,27.707049770826107]}},{"type":"Feature","properties":{},"geometry":{"type":"Point","coordinates":[85.33609352916211,27.707052233255187]}},{"type":"Feature","properties":{},"geometry":{"type":"Point","coordinates":[85.33592435447443,27.707070721727767]}},{"type":"Feature","properties":{},"geometry":{"type":"Point","coordinates":[85.33591510284042,27.707104672757637]}},{"type":"Feature","properties":{},"geometry":{"type":"Point","coordinates":[85.33574501225593,27.707112476435174]}},{"type":"Feature","properties":{},"geometry":{"type":"Point","coordinates":[85.33572775216057,27.70700172814776]}},{"type":"Feature","properties":{},"geometry":{"type":"Point","coordinates":[85.33573429780891,27.706930994548824]}},{"type":"Feature","properties":{},"geometry":{"type":"Point","coordinates":[85.33577017510643,27.70697028160825]}},{"type":"Feature","properties":{},"geometry":{"type":"Point","coordinates":[85.33575866991465,27.707248306604424]}},{"type":"Feature","properties":{},"geometry":{"type":"Point","coordinates":[85.33583347880756,27.707226819172536]}},{"type":"Feature","properties":{},"geometry":{"type":"Point","coordinates":[85.33585701385353,27.70722440801321]}},{"type":"Feature","properties":{},"geometry":{"type":"Point","coordinates":[85.33585591920806,27.707250294439262]}},{"type":"Feature","properties":{},"geometry":{"type":"Point","coordinates":[85.33593295707428,27.707229473659233]}},{"type":"Feature","properties":{},"geometry":{"type":"Point","coordinates":[85.33597317439232,27.707213797883618]}},{"type":"Feature","properties":{},"geometry":{"type":"Point","coordinates":[85.33573343719507,27.706781650916277]}},{"type":"Feature","properties":{},"geometry":{"type":"Point","coordinates":[85.33569013960235,27.706715327181982]}},{"type":"Feature","properties":{},"geometry":{"type":"Point","coordinates":[85.33551769388555,27.706677639916336]}},{"type":"Feature","properties":{},"geometry":{"type":"Point","coordinates":[85.33553920925371,27.706747543934636]}},{"type":"Feature","properties":{},"geometry":{"type":"Point","coordinates":[85.33553998121693,27.706778657811093]}},{"type":"Feature","properties":{},"geometry":{"type":"Point","coordinates":[85.33551624878828,27.706819194786345]}},{"type":"Feature","properties":{},"geometry":{"type":"Point","coordinates":[85.33554393503265,27.706867311432646]}},{"type":"Feature","properties":{},"geometry":{"type":"Point","coordinates":[85.33553190988647,27.7069048627516]}},{"type":"Feature","properties":{},"geometry":{"type":"Point","coordinates":[85.33617306756163,27.708025791256368]}},{"type":"Feature","properties":{},"geometry":{"type":"Point","coordinates":[85.33594074726588,27.7079545066149]}},{"type":"Feature","properties":{},"geometry":{"type":"Point","coordinates":[85.33589821649092,27.707791655371032]}},{"type":"Feature","properties":{},"geometry":{"type":"Point","coordinates":[85.33583627597702,27.707632888556816]}},{"type":"Feature","properties":{},"geometry":{"type":"Point","coordinates":[85.33580456723783,27.70756200911634]}},{"type":"Feature","properties":{},"geometry":{"type":"Point","coordinates":[85.33589899063828,27.707456952067226]}},{"type":"Feature","properties":{},"geometry":{"type":"Point","coordinates":[85.33577144371569,27.707474638407295]}},{"type":"Feature","properties":{},"geometry":{"type":"Point","coordinates":[85.33577671845568,27.70740472438945]}},{"type":"Feature","properties":{},"geometry":{"type":"Point","coordinates":[85.33575503535812,27.707366431117798]}},{"type":"Feature","properties":{},"geometry":{"type":"Point","coordinates":[85.3357967311227,27.70795179859394]}},{"type":"Feature","properties":{},"geometry":{"type":"Point","coordinates":[85.33566752977652,27.707868798981497]}},{"type":"Feature","properties":{},"geometry":{"type":"Point","coordinates":[85.33565894858305,27.70782744203157]}},{"type":"Feature","properties":{},"geometry":{"type":"Point","coordinates":[85.33546242462425,27.707938239699445]}},{"type":"Feature","properties":{},"geometry":{"type":"Point","coordinates":[85.33539995066077,27.70780482795648]}},{"type":"Feature","properties":{},"geometry":{"type":"Point","coordinates":[85.33553472229723,27.707765639849544]}},{"type":"Feature","properties":{},"geometry":{"type":"Point","coordinates":[85.33544180484057,27.707754629628063]}},{"type":"Feature","properties":{},"geometry":{"type":"Point","coordinates":[85.33533709283249,27.70773718491826]}},{"type":"Feature","properties":{},"geometry":{"type":"Point","coordinates":[85.33533467910328,27.70772163473359]}},{"type":"Feature","properties":{},"geometry":{"type":"Point","coordinates":[85.33536909638411,27.707627990278702]}},{"type":"Feature","properties":{},"geometry":{"type":"Point","coordinates":[85.33532257452111,27.70744707688391]}},{"type":"Feature","properties":{},"geometry":{"type":"Point","coordinates":[85.33549938973887,27.707440831181405]}},{"type":"Feature","properties":{},"geometry":{"type":"Point","coordinates":[85.33544341261987,27.707402647141212]}},{"type":"Feature","properties":{},"geometry":{"type":"Point","coordinates":[85.3355448731469,27.707145136737733]}},{"type":"Feature","properties":{},"geometry":{"type":"Point","coordinates":[85.3355411078726,27.707178001153867]}},{"type":"Feature","properties":{},"geometry":{"type":"Point","coordinates":[85.33533385856562,27.707656654787996]}},{"type":"Feature","properties":{},"geometry":{"type":"Point","coordinates":[85.3353823014988,27.708074867214886]}},{"type":"Feature","properties":{},"geometry":{"type":"Point","coordinates":[85.33527675149222,27.708074925456]}},{"type":"Feature","properties":{},"geometry":{"type":"Point","coordinates":[85.33527622891732,27.70807621523301]}},{"type":"Feature","properties":{},"geometry":{"type":"Point","coordinates":[85.3350130385027,27.708035487259625]}},{"type":"Feature","properties":{},"geometry":{"type":"Point","coordinates":[85.33500638098408,27.708020527736025]}},{"type":"Feature","properties":{},"geometry":{"type":"Point","coordinates":[85.33505478718118,27.70803846604148]}},{"type":"Feature","properties":{},"geometry":{"type":"Point","coordinates":[85.33506038705771,27.70802604210659]}},{"type":"Feature","properties":{},"geometry":{"type":"Point","coordinates":[85.33499639997767,27.707891664318623]}},{"type":"Feature","properties":{},"geometry":{"type":"Point","coordinates":[85.33516775363451,27.707803430694334]}},{"type":"Feature","properties":{},"geometry":{"type":"Point","coordinates":[85.33510225199072,27.707815274033]}},{"type":"Feature","properties":{},"geometry":{"type":"Point","coordinates":[85.33509666779311,27.707836416793377]}},{"type":"Feature","properties":{},"geometry":{"type":"Point","coordinates":[85.33500003454917,27.70785192724018]}},{"type":"Feature","properties":{},"geometry":{"type":"Point","coordinates":[85.33492010881523,27.70776104202154]}},{"type":"Feature","properties":{},"geometry":{"type":"Point","coordinates":[85.33485796755942,27.70773290930511]}},{"type":"Feature","properties":{},"geometry":{"type":"Point","coordinates":[85.33490989331725,27.707687825211316]}},{"type":"Feature","properties":{},"geometry":{"type":"Point","coordinates":[85.33494538233025,27.707587670132764]}},{"type":"Feature","properties":{},"geometry":{"type":"Point","coordinates":[85.3349353601854,27.707592269910567]}},{"type":"Feature","properties":{},"geometry":{"type":"Point","coordinates":[85.3347624689428,27.70755773975051]}},{"type":"Feature","properties":{},"geometry":{"type":"Point","coordinates":[85.33475523058952,27.707666024563977]}},{"type":"Feature","properties":{},"geometry":{"type":"Point","coordinates":[85.33461649590433,27.70771935682383]}},{"type":"Feature","properties":{},"geometry":{"type":"Point","coordinates":[85.33463881618052,27.70771160531275]}},{"type":"Feature","properties":{},"geometry":{"type":"Point","coordinates":[85.33478402621589,27.707505810038658]}},{"type":"Feature","properties":{},"geometry":{"type":"Point","coordinates":[85.33478573471368,27.70751610883304]}},{"type":"Feature","properties":{},"geometry":{"type":"Point","coordinates":[85.3345448554597,27.70774124723383]}},{"type":"Feature","properties":{},"geometry":{"type":"Point","coordinates":[85.33452617700993,27.707735497981176]}},{"type":"Feature","properties":{},"geometry":{"type":"Point","coordinates":[85.3344826139847,27.707744620263785]}},{"type":"Feature","properties":{},"geometry":{"type":"Point","coordinates":[85.3343745111404,27.70776148056812]}},{"type":"Feature","properties":{},"geometry":{"type":"Point","coordinates":[85.33423571134036,27.70777542617865]}},{"type":"Feature","properties":{},"geometry":{"type":"Point","coordinates":[85.33441145721568,27.707775589757937]}},{"type":"Feature","properties":{},"geometry":{"type":"Point","coordinates":[85.33451966447099,27.70752400540276]}},{"type":"Feature","properties":{},"geometry":{"type":"Point","coordinates":[85.33444663137614,27.70754018211342]}},{"type":"Feature","properties":{},"geometry":{"type":"Point","coordinates":[85.33440135092124,27.707558559213574]}},{"type":"Feature","properties":{},"geometry":{"type":"Point","coordinates":[85.33472867955774,27.70738880728376]}},{"type":"Feature","properties":{},"geometry":{"type":"Point","coordinates":[85.33468356070432,27.70737465220154]}},{"type":"Feature","properties":{},"geometry":{"type":"Point","coordinates":[85.33468208992107,27.707370335660347]}},{"type":"Feature","properties":{},"geometry":{"type":"Point","coordinates":[85.33466581319534,27.70729880137121]}},{"type":"Feature","properties":{},"geometry":{"type":"Point","coordinates":[85.33469395524422,27.707278899362404]}},{"type":"Feature","properties":{},"geometry":{"type":"Point","coordinates":[85.3346550067298,27.70725843025781]}},{"type":"Feature","properties":{},"geometry":{"type":"Point","coordinates":[85.33469778375337,27.707265056982145]}},{"type":"Feature","properties":{},"geometry":{"type":"Point","coordinates":[85.33473038814847,27.70710337921789]}},{"type":"Feature","properties":{},"geometry":{"type":"Point","coordinates":[85.33496640217759,27.70706768223899]}},{"type":"Feature","properties":{},"geometry":{"type":"Point","coordinates":[85.33495593326492,27.707178634062448]}},{"type":"Feature","properties":{},"geometry":{"type":"Point","coordinates":[85.33498823871898,27.707188271997413]}},{"type":"Feature","properties":{},"geometry":{"type":"Point","coordinates":[85.33498878511821,27.707194027814648]}},{"type":"Feature","properties":{},"geometry":{"type":"Point","coordinates":[85.33498286971138,27.707257416767412]}},{"type":"Feature","properties":{},"geometry":{"type":"Point","coordinates":[85.33500601707948,27.707269384130118]}},{"type":"Feature","properties":{},"geometry":{"type":"Point","coordinates":[85.33512634764412,27.707228120117797]}},{"type":"Feature","properties":{},"geometry":{"type":"Point","coordinates":[85.33513679733869,27.707262613111975]}},{"type":"Feature","properties":{},"geometry":{"type":"Point","coordinates":[85.33515715820852,27.70736005363938]}},{"type":"Feature","properties":{},"geometry":{"type":"Point","coordinates":[85.33514660509948,27.70737751741326]}},{"type":"Feature","properties":{},"geometry":{"type":"Point","coordinates":[85.3351756715699,27.707429301545684]}},{"type":"Feature","properties":{},"geometry":{"type":"Point","coordinates":[85.33518387550102,27.70751525981954]}},{"type":"Feature","properties":{},"geometry":{"type":"Point","coordinates":[85.3351783323411,27.707518875553795]}},{"type":"Feature","properties":{},"geometry":{"type":"Point","coordinates":[85.33519908413159,27.707574679817963]}},{"type":"Feature","properties":{},"geometry":{"type":"Point","coordinates":[85.33514904388994,27.707385003616196]}},{"type":"Feature","properties":{},"geometry":{"type":"Point","coordinates":[85.33471522740489,27.707112135679537]}},{"type":"Feature","properties":{},"geometry":{"type":"Point","coordinates":[85.33482901551858,27.707100952828245]}},{"type":"Feature","properties":{},"geometry":{"type":"Point","coordinates":[85.334965891253,27.707067937832647]}},{"type":"Feature","properties":{},"geometry":{"type":"Point","coordinates":[85.33470241723894,27.707005254107443]}},{"type":"Feature","properties":{},"geometry":{"type":"Point","coordinates":[85.33480396251205,27.706991645944267]}},{"type":"Feature","properties":{},"geometry":{"type":"Point","coordinates":[85.33459728841521,27.705762449373076]}},{"type":"Feature","properties":{},"geometry":{"type":"Point","coordinates":[85.33440828279751,27.705820158756666]}},{"type":"Feature","properties":{},"geometry":{"type":"Point","coordinates":[85.3343145633798,27.705860122337853]}},{"type":"Feature","properties":{},"geometry":{"type":"Point","coordinates":[85.33439616689508,27.706043248829396]}},{"type":"Feature","properties":{},"geometry":{"type":"Point","coordinates":[85.33425974367618,27.706096483161417]}},{"type":"Feature","properties":{},"geometry":{"type":"Point","coordinates":[85.3342224013608,27.706085665291194]}},{"type":"Feature","properties":{},"geometry":{"type":"Point","coordinates":[85.33422115371312,27.706087155730525]}},{"type":"Feature","properties":{},"geometry":{"type":"Point","coordinates":[85.3342137333156,27.7060963933857]}},{"type":"Feature","properties":{},"geometry":{"type":"Point","coordinates":[85.33421483351943,27.706164016654473]}},{"type":"Feature","properties":{},"geometry":{"type":"Point","coordinates":[85.33412561949412,27.706216715141213]}},{"type":"Feature","properties":{},"geometry":{"type":"Point","coordinates":[85.33409450348915,27.706276988417308]}},{"type":"Feature","properties":{},"geometry":{"type":"Point","coordinates":[85.33413243850502,27.706275897087895]}},{"type":"Feature","properties":{},"geometry":{"type":"Point","coordinates":[85.33408039910698,27.706352915372563]}},{"type":"Feature","properties":{},"geometry":{"type":"Point","coordinates":[85.3340515771847,27.706401755665215]}},{"type":"Feature","properties":{},"geometry":{"type":"Point","coordinates":[85.33402037500174,27.706402954178856]}},{"type":"Feature","properties":{},"geometry":{"type":"Point","coordinates":[85.33401160556905,27.70641821635242]}},{"type":"Feature","properties":{},"geometry":{"type":"Point","coordinates":[85.33452611268194,27.706072961113694]}},{"type":"Feature","properties":{},"geometry":{"type":"Point","coordinates":[85.33455452038332,27.70610545174637]}},{"type":"Feature","properties":{},"geometry":{"type":"Point","coordinates":[85.3343166883511,27.706179314010384]}},{"type":"Feature","properties":{},"geometry":{"type":"Point","coordinates":[85.33434234925029,27.70617379593214]}},{"type":"Feature","properties":{},"geometry":{"type":"Point","coordinates":[85.33464715282126,27.70611382996138]}},{"type":"Feature","properties":{},"geometry":{"type":"Point","coordinates":[85.33462649756811,27.70609543658703]}},{"type":"Feature","properties":{},"geometry":{"type":"Point","coordinates":[85.3345619775054,27.70608518174016]}},{"type":"Feature","properties":{},"geometry":{"type":"Point","coordinates":[85.33477264203255,27.706130779591263]}},{"type":"Feature","properties":{},"geometry":{"type":"Point","coordinates":[85.33479144431608,27.70601363995129]}},{"type":"Feature","properties":{},"geometry":{"type":"Point","coordinates":[85.33478124894016,27.70602558259342]}},{"type":"Feature","properties":{},"geometry":{"type":"Point","coordinates":[85.33481134473622,27.706121269294698]}},{"type":"Feature","properties":{},"geometry":{"type":"Point","coordinates":[85.33488886866365,27.706154542955193]}},{"type":"Feature","properties":{},"geometry":{"type":"Point","coordinates":[85.3348667028281,27.706237354262505]}},{"type":"Feature","properties":{},"geometry":{"type":"Point","coordinates":[85.33484874268765,27.706243417253095]}},{"type":"Feature","properties":{},"geometry":{"type":"Point","coordinates":[85.33483452287221,27.70627970290664]}},{"type":"Feature","properties":{},"geometry":{"type":"Point","coordinates":[85.33484555313045,27.706327439707373]}},{"type":"Feature","properties":{},"geometry":{"type":"Point","coordinates":[85.33481832993765,27.706355366555456]}},{"type":"Feature","properties":{},"geometry":{"type":"Point","coordinates":[85.33482673069366,27.706413452857557]}},{"type":"Feature","properties":{},"geometry":{"type":"Point","coordinates":[85.33488819788633,27.706111969712172]}},{"type":"Feature","properties":{},"geometry":{"type":"Point","coordinates":[85.33477482824962,27.706448160606428]}},{"type":"Feature","properties":{},"geometry":{"type":"Point","coordinates":[85.33465634243709,27.706433112961932]}},{"type":"Feature","properties":{},"geometry":{"type":"Point","coordinates":[85.33447119118144,27.706246746998122]}},{"type":"Feature","properties":{},"geometry":{"type":"Point","coordinates":[85.33452597297308,27.7062880569982]}},{"type":"Feature","properties":{},"geometry":{"type":"Point","coordinates":[85.33452479492585,27.706318213271157]}},{"type":"Feature","properties":{},"geometry":{"type":"Point","coordinates":[85.33447953257324,27.7062892347299]}},{"type":"Feature","properties":{},"geometry":{"type":"Point","coordinates":[85.33452064776921,27.706397031816273]}},{"type":"Feature","properties":{},"geometry":{"type":"Point","coordinates":[85.33448557903476,27.706331727339837]}},{"type":"Feature","properties":{},"geometry":{"type":"Point","coordinates":[85.33447605357928,27.706448572395704]}},{"type":"Feature","properties":{},"geometry":{"type":"Point","coordinates":[85.33454141794701,27.70653537911551]}},{"type":"Feature","properties":{},"geometry":{"type":"Point","coordinates":[85.33455561370592,27.706620393240364]}},{"type":"Feature","properties":{},"geometry":{"type":"Point","coordinates":[85.33449113052936,27.706640670260942]}},{"type":"Feature","properties":{},"geometry":{"type":"Point","coordinates":[85.33456061188483,27.706705064745094]}},{"type":"Feature","properties":{},"geometry":{"type":"Point","coordinates":[85.3344931602193,27.706711269589206]}},{"type":"Feature","properties":{},"geometry":{"type":"Point","coordinates":[85.33448359704319,27.706782928014302]}},{"type":"Feature","properties":{},"geometry":{"type":"Point","coordinates":[85.33459765747864,27.70685547729242]}},{"type":"Feature","properties":{},"geometry":{"type":"Point","coordinates":[85.33446927105125,27.706884938749344]}},{"type":"Feature","properties":{},"geometry":{"type":"Point","coordinates":[85.3344731295091,27.706866989229955]}},{"type":"Feature","properties":{},"geometry":{"type":"Point","coordinates":[85.33431657230766,27.706990336898244]}},{"type":"Feature","properties":{},"geometry":{"type":"Point","coordinates":[85.33430623181381,27.70699193001687]}},{"type":"Feature","properties":{},"geometry":{"type":"Point","coordinates":[85.33421021641897,27.706957404580844]}},{"type":"Feature","properties":{},"geometry":{"type":"Point","coordinates":[85.33423976579205,27.70697449617141]}},{"type":"Feature","properties":{},"geometry":{"type":"Point","coordinates":[85.33442618858194,27.706983212581008]}},{"type":"Feature","properties":{},"geometry":{"type":"Point","coordinates":[85.33440416834793,27.707045922140846]}},{"type":"Feature","properties":{},"geometry":{"type":"Point","coordinates":[85.33463689203894,27.70678673186724]}},{"type":"Feature","properties":{},"geometry":{"type":"Point","coordinates":[85.33470093096247,27.706756582757862]}},{"type":"Feature","properties":{},"geometry":{"type":"Point","coordinates":[85.33469822095996,27.7067785741834]}},{"type":"Feature","properties":{},"geometry":{"type":"Point","coordinates":[85.33475430701571,27.706750521663327]}},{"type":"Feature","properties":{},"geometry":{"type":"Point","coordinates":[85.33481445067986,27.70676945866547]}},{"type":"Feature","properties":{},"geometry":{"type":"Point","coordinates":[85.33484648086794,27.706765027976108]}},{"type":"Feature","properties":{},"geometry":{"type":"Point","coordinates":[85.33480782990833,27.706738530754635]}},{"type":"Feature","properties":{},"geometry":{"type":"Point","coordinates":[85.33489762141313,27.706783838586286]}},{"type":"Feature","properties":{},"geometry":{"type":"Point","coordinates":[85.33489849584093,27.706765255668163]}},{"type":"Feature","properties":{},"geometry":{"type":"Point","coordinates":[85.33494085656756,27.706736779833648]}},{"type":"Feature","properties":{},"geometry":{"type":"Point","coordinates":[85.33493524984686,27.706766486619394]}},{"type":"Feature","properties":{},"geometry":{"type":"Point","coordinates":[85.33493437490505,27.70669708983827]}},{"type":"Feature","properties":{},"geometry":{"type":"Point","coordinates":[85.33490769783386,27.706641704345614]}},{"type":"Feature","properties":{},"geometry":{"type":"Point","coordinates":[85.33493507064735,27.706636182384393]}},{"type":"Feature","properties":{},"geometry":{"type":"Point","coordinates":[85.33498797921276,27.706545505097328]}},{"type":"Feature","properties":{},"geometry":{"type":"Point","coordinates":[85.33501955233872,27.70657704632647]}},{"type":"Feature","properties":{},"geometry":{"type":"Point","coordinates":[85.33503875062353,27.706577066956186]}},{"type":"Feature","properties":{},"geometry":{"type":"Point","coordinates":[85.33512255225783,27.706549889178262]}},{"type":"Feature","properties":{},"geometry":{"type":"Point","coordinates":[85.33513977518433,27.706576285631133]}},{"type":"Feature","properties":{},"geometry":{"type":"Point","coordinates":[85.33516746114535,27.706550805684174]}},{"type":"Feature","properties":{},"geometry":{"type":"Point","coordinates":[85.33518923842524,27.706578063787994]}},{"type":"Feature","properties":{},"geometry":{"type":"Point","coordinates":[85.3352356166194,27.706386629267787]}},{"type":"Feature","properties":{},"geometry":{"type":"Point","coordinates":[85.3352663559445,27.70640329270211]}},{"type":"Feature","properties":{},"geometry":{"type":"Point","coordinates":[85.33522722301093,27.706508794105762]}},{"type":"Feature","properties":{},"geometry":{"type":"Point","coordinates":[85.33521655237088,27.706471823666043]}},{"type":"Feature","properties":{},"geometry":{"type":"Point","coordinates":[85.33538369520596,27.70663961875224]}},{"type":"Feature","properties":{},"geometry":{"type":"Point","coordinates":[85.3353077594451,27.706642841027396]}},{"type":"Feature","properties":{},"geometry":{"type":"Point","coordinates":[85.33523486897407,27.70635084679035]}},{"type":"Feature","properties":{},"geometry":{"type":"Point","coordinates":[85.33524687200138,27.706304134343608]}},{"type":"Feature","properties":{},"geometry":{"type":"Point","coordinates":[85.33529217288314,27.706283099177377]}},{"type":"Feature","properties":{},"geometry":{"type":"Point","coordinates":[85.33526193467809,27.70623035871496]}},{"type":"Feature","properties":{},"geometry":{"type":"Point","coordinates":[85.33530901441574,27.70616896663612]}},{"type":"Feature","properties":{},"geometry":{"type":"Point","coordinates":[85.33528715574656,27.70631592687228]}},{"type":"Feature","properties":{},"geometry":{"type":"Point","coordinates":[85.33527245641935,27.706181889235108]}},{"type":"Feature","properties":{},"geometry":{"type":"Point","coordinates":[85.33547441211005,27.706121970624228]}},{"type":"Feature","properties":{},"geometry":{"type":"Point","coordinates":[85.33536595234995,27.7061195047693]}},{"type":"Feature","properties":{},"geometry":{"type":"Point","coordinates":[85.33533096967898,27.706006020677883]}},{"type":"Feature","properties":{},"geometry":{"type":"Point","coordinates":[85.33529612591666,27.706040292069257]}},{"type":"Feature","properties":{},"geometry":{"type":"Point","coordinates":[85.33534942933821,27.70590720039901]}},{"type":"Feature","properties":{},"geometry":{"type":"Point","coordinates":[85.33533413516682,27.705812675583264]}},{"type":"Feature","properties":{},"geometry":{"type":"Point","coordinates":[85.33539683919605,27.705825519307204]}},{"type":"Feature","properties":{},"geometry":{"type":"Point","coordinates":[85.33544821499592,27.70582466956968]}},{"type":"Feature","properties":{},"geometry":{"type":"Point","coordinates":[85.33537578928467,27.705714416728036]}},{"type":"Feature","properties":{},"geometry":{"type":"Point","coordinates":[85.33533158867134,27.7057883049789]}},{"type":"Feature","properties":{},"geometry":{"type":"Point","coordinates":[85.3353490434089,27.705710187046545]}},{"type":"Feature","properties":{},"geometry":{"type":"Point","coordinates":[85.33539289418123,27.70560630192594]}},{"type":"Feature","properties":{},"geometry":{"type":"Point","coordinates":[85.33538095950256,27.705535966151903]}},{"type":"Feature","properties":{},"geometry":{"type":"Point","coordinates":[85.33541089077062,27.70548974635911]}},{"type":"Feature","properties":{},"geometry":{"type":"Point","coordinates":[85.3349217442654,27.705976762354688]}},{"type":"Feature","properties":{},"geometry":{"type":"Point","coordinates":[85.33495479307572,27.70591318261386]}},{"type":"Feature","properties":{},"geometry":{"type":"Point","coordinates":[85.33499321787777,27.70580623319507]}},{"type":"Feature","properties":{},"geometry":{"type":"Point","coordinates":[85.33500192721424,27.70578610097008]}},{"type":"Feature","properties":{},"geometry":{"type":"Point","coordinates":[85.33508748784766,27.70599713822249]}},{"type":"Feature","properties":{},"geometry":{"type":"Point","coordinates":[85.33508640390674,27.705964606295733]}},{"type":"Feature","properties":{},"geometry":{"type":"Point","coordinates":[85.33497558865083,27.705986313695472]}},{"type":"Feature","properties":{},"geometry":{"type":"Point","coordinates":[85.33502835979654,27.705988141618903]}},{"type":"Feature","properties":{},"geometry":{"type":"Point","coordinates":[85.33508055092686,27.706100364309524]}},{"type":"Feature","properties":{},"geometry":{"type":"Point","coordinates":[85.33507466260919,27.70608310531689]}},{"type":"Feature","properties":{},"geometry":{"type":"Point","coordinates":[85.33509757424765,27.706099896662483]}},{"type":"Feature","properties":{},"geometry":{"type":"Point","coordinates":[85.33552819619999,27.706248867929904]}},{"type":"Feature","properties":{},"geometry":{"type":"Point","coordinates":[85.3355283450704,27.706234251110523]}},{"type":"Feature","properties":{},"geometry":{"type":"Point","coordinates":[85.33555369911456,27.706131435982186]}},{"type":"Feature","properties":{},"geometry":{"type":"Point","coordinates":[85.33552340698093,27.705948233962413]}},{"type":"Feature","properties":{},"geometry":{"type":"Point","coordinates":[85.33552263050618,27.705936656636148]}},{"type":"Feature","properties":{},"geometry":{"type":"Point","coordinates":[85.33556227597951,27.705781055294658]}},{"type":"Feature","properties":{},"geometry":{"type":"Point","coordinates":[85.33561913462398,27.705914304683862]}},{"type":"Feature","properties":{},"geometry":{"type":"Point","coordinates":[85.33554553816093,27.70559670665252]}},{"type":"Feature","properties":{},"geometry":{"type":"Point","coordinates":[85.3355468126619,27.705597453946037]}},{"type":"Feature","properties":{},"geometry":{"type":"Point","coordinates":[85.33563486914767,27.705543307332142]}},{"type":"Feature","properties":{},"geometry":{"type":"Point","coordinates":[85.3356913139322,27.70542762375972]}},{"type":"Feature","properties":{},"geometry":{"type":"Point","coordinates":[85.33579852746719,27.705460509264444]}},{"type":"Feature","properties":{},"geometry":{"type":"Point","coordinates":[85.3358017540832,27.705465531038236]}},{"type":"Feature","properties":{},"geometry":{"type":"Point","coordinates":[85.33580358522053,27.705468221895142]}},{"type":"Feature","properties":{},"geometry":{"type":"Point","coordinates":[85.33595501307124,27.70542976241251]}},{"type":"Feature","properties":{},"geometry":{"type":"Point","coordinates":[85.33592203923936,27.705409601062435]}},{"type":"Feature","properties":{},"geometry":{"type":"Point","coordinates":[85.33602487424639,27.7054146758107]}},{"type":"Feature","properties":{},"geometry":{"type":"Point","coordinates":[85.33583667895806,27.705854724583833]}},{"type":"Feature","properties":{},"geometry":{"type":"Point","coordinates":[85.3358915581088,27.70584955116312]}},{"type":"Feature","properties":{},"geometry":{"type":"Point","coordinates":[85.33593156705406,27.70587196141339]}},{"type":"Feature","properties":{},"geometry":{"type":"Point","coordinates":[85.33593697656903,27.70587166542426]}},{"type":"Feature","properties":{},"geometry":{"type":"Point","coordinates":[85.33611734358848,27.70581723555819]}},{"type":"Feature","properties":{},"geometry":{"type":"Point","coordinates":[85.33614543890673,27.70583198068494]}},{"type":"Feature","properties":{},"geometry":{"type":"Point","coordinates":[85.3346596753061,27.705661491560555]}},{"type":"Feature","properties":{},"geometry":{"type":"Point","coordinates":[85.33470325984834,27.705772887894284]}},{"type":"Feature","properties":{},"geometry":{"type":"Point","coordinates":[85.33473160069163,27.7057883456603]}},{"type":"Feature","properties":{},"geometry":{"type":"Point","coordinates":[85.33478393628997,27.705808630100503]}},{"type":"Feature","properties":{},"geometry":{"type":"Point","coordinates":[85.33486061228525,27.705814788179275]}},{"type":"Feature","properties":{},"geometry":{"type":"Point","coordinates":[85.33486646866956,27.70581184320709]}},{"type":"Feature","properties":{},"geometry":{"type":"Point","coordinates":[85.33477718197045,27.70576079129992]}},{"type":"Feature","properties":{},"geometry":{"type":"Point","coordinates":[85.33480612451064,27.70545016034332]}},{"type":"Feature","properties":{},"geometry":{"type":"Point","coordinates":[85.33481912155413,27.705570512029404]}},{"type":"Feature","properties":{},"geometry":{"type":"Point","coordinates":[85.33491829477116,27.705667211983208]}},{"type":"Feature","properties":{},"geometry":{"type":"Point","coordinates":[85.33488472569387,27.705645054911642]}},{"type":"Feature","properties":{},"geometry":{"type":"Point","coordinates":[85.33493116339775,27.705651783343633]}},{"type":"Feature","properties":{},"geometry":{"type":"Point","coordinates":[85.33498473985729,27.705676364332323]}},{"type":"Feature","properties":{},"geometry":{"type":"Point","coordinates":[85.33494598393963,27.705640640024523]}},{"type":"Feature","properties":{},"geometry":{"type":"Point","coordinates":[85.33496583510419,27.70534902289439]}},{"type":"Feature","properties":{},"geometry":{"type":"Point","coordinates":[85.33492177351414,27.70534776904861]}},{"type":"Feature","properties":{},"geometry":{"type":"Point","coordinates":[85.33492165295166,27.705397713834213]}},{"type":"Feature","properties":{},"geometry":{"type":"Point","coordinates":[85.33486471831102,27.70513845369743]}},{"type":"Feature","properties":{},"geometry":{"type":"Point","coordinates":[85.33484560923006,27.705148936201]}},{"type":"Feature","properties":{},"geometry":{"type":"Point","coordinates":[85.33484441918831,27.70515017372304]}},{"type":"Feature","properties":{},"geometry":{"type":"Point","coordinates":[85.33487221147662,27.705213232586523]}},{"type":"Feature","properties":{},"geometry":{"type":"Point","coordinates":[85.33505155173054,27.705475697048186]}},{"type":"Feature","properties":{},"geometry":{"type":"Point","coordinates":[85.33507278881208,27.70548689139469]}},{"type":"Feature","properties":{},"geometry":{"type":"Point","coordinates":[85.33506439902175,27.70546367436315]}},{"type":"Feature","properties":{},"geometry":{"type":"Point","coordinates":[85.3349708307813,27.70519459613841]}},{"type":"Feature","properties":{},"geometry":{"type":"Point","coordinates":[85.33495172270597,27.70518110422197]}},{"type":"Feature","properties":{},"geometry":{"type":"Point","coordinates":[85.33492898883179,27.705110146626936]}},{"type":"Feature","properties":{},"geometry":{"type":"Point","coordinates":[85.33490031032676,27.705079938071773]}},{"type":"Feature","properties":{},"geometry":{"type":"Point","coordinates":[85.33489455917811,27.70503254817352]}},{"type":"Feature","properties":{},"geometry":{"type":"Point","coordinates":[85.33485218638583,27.704953881213765]}},{"type":"Feature","properties":{},"geometry":{"type":"Point","coordinates":[85.33477035250488,27.70502451055901]}},{"type":"Feature","properties":{},"geometry":{"type":"Point","coordinates":[85.33475821406526,27.70504060683238]}},{"type":"Feature","properties":{},"geometry":{"type":"Point","coordinates":[85.33480086271432,27.705024846900226]}},{"type":"Feature","properties":{},"geometry":{"type":"Point","coordinates":[85.33528561862909,27.705378851653656]}},{"type":"Feature","properties":{},"geometry":{"type":"Point","coordinates":[85.33528568372753,27.705372760220808]}},{"type":"Feature","properties":{},"geometry":{"type":"Point","coordinates":[85.33524751896998,27.705368632372338]}},{"type":"Feature","properties":{},"geometry":{"type":"Point","coordinates":[85.33515099626749,27.705292251154862]}},{"type":"Feature","properties":{},"geometry":{"type":"Point","coordinates":[85.3351197498158,27.705293180434715]}},{"type":"Feature","properties":{},"geometry":{"type":"Point","coordinates":[85.33506484418236,27.705261779187417]}},{"type":"Feature","properties":{},"geometry":{"type":"Point","coordinates":[85.3350961982721,27.705130268409665]}},{"type":"Feature","properties":{},"geometry":{"type":"Point","coordinates":[85.33534716301507,27.70522639015232]}},{"type":"Feature","properties":{},"geometry":{"type":"Point","coordinates":[85.33542367908449,27.70526864439526]}},{"type":"Feature","properties":{},"geometry":{"type":"Point","coordinates":[85.33550036830907,27.705313190450358]}},{"type":"Feature","properties":{},"geometry":{"type":"Point","coordinates":[85.33524083602468,27.70518462936056]}},{"type":"Feature","properties":{},"geometry":{"type":"Point","coordinates":[85.33520315471378,27.705065773292677]}},{"type":"Feature","properties":{},"geometry":{"type":"Point","coordinates":[85.33519685777773,27.705146297125225]}},{"type":"Feature","properties":{},"geometry":{"type":"Point","coordinates":[85.33521194100672,27.705050985073896]}},{"type":"Feature","properties":{},"geometry":{"type":"Point","coordinates":[85.33521970079462,27.705035012096033]}},{"type":"Feature","properties":{},"geometry":{"type":"Point","coordinates":[85.33515768676963,27.70506458293879]}},{"type":"Feature","properties":{},"geometry":{"type":"Point","coordinates":[85.33523884785787,27.704942739062815]}},{"type":"Feature","properties":{},"geometry":{"type":"Point","coordinates":[85.33530856765894,27.704817181635644]}},{"type":"Feature","properties":{},"geometry":{"type":"Point","coordinates":[85.3353429870705,27.704766414618643]}},{"type":"Feature","properties":{},"geometry":{"type":"Point","coordinates":[85.33520171927886,27.7046511550066]}},{"type":"Feature","properties":{},"geometry":{"type":"Point","coordinates":[85.33522935602501,27.704657270020228]}},{"type":"Feature","properties":{},"geometry":{"type":"Point","coordinates":[85.33516170197912,27.70456113891162]}},{"type":"Feature","properties":{},"geometry":{"type":"Point","coordinates":[85.3351622933517,27.70455391388643]}},{"type":"Feature","properties":{},"geometry":{"type":"Point","coordinates":[85.3352441331975,27.704447382700447]}},{"type":"Feature","properties":{},"geometry":{"type":"Point","coordinates":[85.33523983800708,27.704432796371027]}},{"type":"Feature","properties":{},"geometry":{"type":"Point","coordinates":[85.33529137188597,27.70440946693921]}},{"type":"Feature","properties":{},"geometry":{"type":"Point","coordinates":[85.33447683350595,27.70570223866251]}},{"type":"Feature","properties":{},"geometry":{"type":"Point","coordinates":[85.33435390021661,27.70564964623891]}},{"type":"Feature","properties":{},"geometry":{"type":"Point","coordinates":[85.33425265001017,27.705594446334175]}},{"type":"Feature","properties":{},"geometry":{"type":"Point","coordinates":[85.33418486461808,27.70547914843733]}},{"type":"Feature","properties":{},"geometry":{"type":"Point","coordinates":[85.33412390953762,27.705287929861623]}},{"type":"Feature","properties":{},"geometry":{"type":"Point","coordinates":[85.3340867626025,27.705289968433753]}},{"type":"Feature","properties":{},"geometry":{"type":"Point","coordinates":[85.33415841816797,27.70522726416528]}},{"type":"Feature","properties":{},"geometry":{"type":"Point","coordinates":[85.33407740670162,27.705153743146443]}},{"type":"Feature","properties":{},"geometry":{"type":"Point","coordinates":[85.33403110091882,27.705153701212534]}},{"type":"Feature","properties":{},"geometry":{"type":"Point","coordinates":[85.33426809140776,27.705181360725526]}},{"type":"Feature","properties":{},"geometry":{"type":"Point","coordinates":[85.33426927470869,27.705180967914583]}},{"type":"Feature","properties":{},"geometry":{"type":"Point","coordinates":[85.33427110401834,27.705180505258003]}},{"type":"Feature","properties":{},"geometry":{"type":"Point","coordinates":[85.33427291106973,27.7051792381613]}},{"type":"Feature","properties":{},"geometry":{"type":"Point","coordinates":[85.33436943418232,27.705139316445784]}},{"type":"Feature","properties":{},"geometry":{"type":"Point","coordinates":[85.3344946824291,27.705087530577945]}},{"type":"Feature","properties":{},"geometry":{"type":"Point","coordinates":[85.3341083586588,27.70510137512349]}},{"type":"Feature","properties":{},"geometry":{"type":"Point","coordinates":[85.33416723018122,27.705083765446474]}},{"type":"Feature","properties":{},"geometry":{"type":"Point","coordinates":[85.33400685785125,27.70500504282688]}},{"type":"Feature","properties":{},"geometry":{"type":"Point","coordinates":[85.3340119935543,27.705099656696564]}},{"type":"Feature","properties":{},"geometry":{"type":"Point","coordinates":[85.33415610211027,27.70504522982215]}},{"type":"Feature","properties":{},"geometry":{"type":"Point","coordinates":[85.33432518226462,27.705019286312815]}},{"type":"Feature","properties":{},"geometry":{"type":"Point","coordinates":[85.3342547890564,27.705018999736986]}},{"type":"Feature","properties":{},"geometry":{"type":"Point","coordinates":[85.33435573946757,27.704973869433566]}},{"type":"Feature","properties":{},"geometry":{"type":"Point","coordinates":[85.3343858269389,27.70499716165859]}},{"type":"Feature","properties":{},"geometry":{"type":"Point","coordinates":[85.33442853969838,27.704983592200804]}},{"type":"Feature","properties":{},"geometry":{"type":"Point","coordinates":[85.3339869320388,27.70496922809414]}},{"type":"Feature","properties":{},"geometry":{"type":"Point","coordinates":[85.33395554047895,27.704868319726952]}},{"type":"Feature","properties":{},"geometry":{"type":"Point","coordinates":[85.33393605462346,27.704950784971775]}},{"type":"Feature","properties":{},"geometry":{"type":"Point","coordinates":[85.334145976386,27.704824435336462]}},{"type":"Feature","properties":{},"geometry":{"type":"Point","coordinates":[85.33420544488287,27.704820920728835]}},{"type":"Feature","properties":{},"geometry":{"type":"Point","coordinates":[85.33421504942214,27.704790058977377]}},{"type":"Feature","properties":{},"geometry":{"type":"Point","coordinates":[85.33429342793787,27.704794037417876]}},{"type":"Feature","properties":{},"geometry":{"type":"Point","coordinates":[85.33422466859409,27.70480222468028]}},{"type":"Feature","properties":{},"geometry":{"type":"Point","coordinates":[85.33403972268096,27.70475975336223]}},{"type":"Feature","properties":{},"geometry":{"type":"Point","coordinates":[85.33410327739979,27.704744719086015]}},{"type":"Feature","properties":{},"geometry":{"type":"Point","coordinates":[85.33397894975128,27.70470589242623]}},{"type":"Feature","properties":{},"geometry":{"type":"Point","coordinates":[85.33385418179782,27.70467122291911]}},{"type":"Feature","properties":{},"geometry":{"type":"Point","coordinates":[85.33377602555431,27.704703677443327]}},{"type":"Feature","properties":{},"geometry":{"type":"Point","coordinates":[85.33380022427322,27.70471021075529]}},{"type":"Feature","properties":{},"geometry":{"type":"Point","coordinates":[85.33375233059273,27.70463983374281]}},{"type":"Feature","properties":{},"geometry":{"type":"Point","coordinates":[85.33377039860038,27.704659558946233]}},{"type":"Feature","properties":{},"geometry":{"type":"Point","coordinates":[85.33371824729385,27.705503671162433]}},{"type":"Feature","properties":{},"geometry":{"type":"Point","coordinates":[85.33373313464179,27.705503353063417]}},{"type":"Feature","properties":{},"geometry":{"type":"Point","coordinates":[85.33385018055507,27.705497029798284]}},{"type":"Feature","properties":{},"geometry":{"type":"Point","coordinates":[85.33401497263885,27.705483789016526]}},{"type":"Feature","properties":{},"geometry":{"type":"Point","coordinates":[85.33378637420591,27.70802538085082]}},{"type":"Feature","properties":{},"geometry":{"type":"Point","coordinates":[85.33379014100196,27.70801834478904]}},{"type":"Feature","properties":{},"geometry":{"type":"Point","coordinates":[85.33374261814133,27.707856952784827]}},{"type":"Feature","properties":{},"geometry":{"type":"Point","coordinates":[85.3337386019511,27.707709108299653]}},{"type":"Feature","properties":{},"geometry":{"type":"Point","coordinates":[85.3337395505316,27.70750762818129]}},{"type":"Feature","properties":{},"geometry":{"type":"Point","coordinates":[85.33376632476431,27.707514219596767]}},{"type":"Feature","properties":{},"geometry":{"type":"Point","coordinates":[85.33379853032697,27.70760003000725]}},{"type":"Feature","properties":{},"geometry":{"type":"Point","coordinates":[85.33378590821619,27.70767841975761]}},{"type":"Feature","properties":{},"geometry":{"type":"Point","coordinates":[85.3337423058633,27.707687992607298]}},{"type":"Feature","properties":{},"geometry":{"type":"Point","coordinates":[85.33426224367425,27.70752320568645]}},{"type":"Feature","properties":{},"geometry":{"type":"Point","coordinates":[85.33423231257808,27.707548651195122]}},{"type":"Feature","properties":{},"geometry":{"type":"Point","coordinates":[85.33416762092946,27.707545098216144]}},{"type":"Feature","properties":{},"geometry":{"type":"Point","coordinates":[85.3341557080409,27.707506943955323]}},{"type":"Feature","properties":{},"geometry":{"type":"Point","coordinates":[85.33403997297863,27.707518889826822]}},{"type":"Feature","properties":{},"geometry":{"type":"Point","coordinates":[85.33401359099003,27.707549818573565]}},{"type":"Feature","properties":{},"geometry":{"type":"Point","coordinates":[85.33401068366507,27.707525854275804]}},{"type":"Feature","properties":{},"geometry":{"type":"Point","coordinates":[85.3334743260038,27.70816228740695]}},{"type":"Feature","properties":{},"geometry":{"type":"Point","coordinates":[85.33348545432386,27.708162778801807]}},{"type":"Feature","properties":{},"geometry":{"type":"Point","coordinates":[85.33364237475499,27.70816223114731]}},{"type":"Feature","properties":{},"geometry":{"type":"Point","coordinates":[85.33368229153699,27.708136413199462]}},{"type":"Feature","properties":{},"geometry":{"type":"Point","coordinates":[85.33393940350742,27.708113515683916]}},{"type":"Feature","properties":{},"geometry":{"type":"Point","coordinates":[85.3341206654343,27.708099806162444]}},{"type":"Feature","properties":{},"geometry":{"type":"Point","coordinates":[85.33481795386213,27.708105401332126]}},{"type":"Feature","properties":{},"geometry":{"type":"Point","coordinates":[85.33466506756353,27.70806568826957]}},{"type":"Feature","properties":{},"geometry":{"type":"Point","coordinates":[85.33468832962998,27.708046677942153]}},{"type":"Feature","properties":{},"geometry":{"type":"Point","coordinates":[85.33466233011596,27.70795521931574]}},{"type":"Feature","properties":{},"geometry":{"type":"Point","coordinates":[85.33467779298691,27.707962900130358]}},{"type":"Feature","properties":{},"geometry":{"type":"Point","coordinates":[85.33342841185421,27.70808616139898]}},{"type":"Feature","properties":{},"geometry":{"type":"Point","coordinates":[85.33344307764963,27.707974015671898]}},{"type":"Feature","properties":{},"geometry":{"type":"Point","coordinates":[85.33342648301132,27.707837115691227]}},{"type":"Feature","properties":{},"geometry":{"type":"Point","coordinates":[85.33343003531004,27.70769308084157]}},{"type":"Feature","properties":{},"geometry":{"type":"Point","coordinates":[85.3334308278082,27.7074965692051]}},{"type":"Feature","properties":{},"geometry":{"type":"Point","coordinates":[85.33346938828937,27.70728349020051]}},{"type":"Feature","properties":{},"geometry":{"type":"Point","coordinates":[85.33347335746603,27.707131368997]}},{"type":"Feature","properties":{},"geometry":{"type":"Point","coordinates":[85.33347402299877,27.707129481655297]}},{"type":"Feature","properties":{},"geometry":{"type":"Point","coordinates":[85.33347577645294,27.707201531655283]}},{"type":"Feature","properties":{},"geometry":{"type":"Point","coordinates":[85.33347450371465,27.707254310078977]}},{"type":"Feature","properties":{},"geometry":{"type":"Point","coordinates":[85.33350958619404,27.707021181452294]}},{"type":"Feature","properties":{},"geometry":{"type":"Point","coordinates":[85.3335328527983,27.70693901815377]}},{"type":"Feature","properties":{},"geometry":{"type":"Point","coordinates":[85.3335368918567,27.706925609763005]}},{"type":"Feature","properties":{},"geometry":{"type":"Point","coordinates":[85.33364107138732,27.706833822808687]}},{"type":"Feature","properties":{},"geometry":{"type":"Point","coordinates":[85.33372374733105,27.706846119805743]}},{"type":"Feature","properties":{},"geometry":{"type":"Point","coordinates":[85.33373638675087,27.706861942930846]}},{"type":"Feature","properties":{},"geometry":{"type":"Point","coordinates":[85.33378793503744,27.706703896977668]}},{"type":"Feature","properties":{},"geometry":{"type":"Point","coordinates":[85.33380177292523,27.706756034178905]}},{"type":"Feature","properties":{},"geometry":{"type":"Point","coordinates":[85.33383998007969,27.706660099945026]}},{"type":"Feature","properties":{},"geometry":{"type":"Point","coordinates":[85.33388071157133,27.70653077375381]}},{"type":"Feature","properties":{},"geometry":{"type":"Point","coordinates":[85.33388443425048,27.706567012621406]}},{"type":"Feature","properties":{},"geometry":{"type":"Point","coordinates":[85.33394814227113,27.706904886362906]}},{"type":"Feature","properties":{},"geometry":{"type":"Point","coordinates":[85.33388354984973,27.706856456064465]}},{"type":"Feature","properties":{},"geometry":{"type":"Point","coordinates":[85.33399062367137,27.706834717181284]}},{"type":"Feature","properties":{},"geometry":{"type":"Point","coordinates":[85.33400513905,27.70676578814793]}},{"type":"Feature","properties":{},"geometry":{"type":"Point","coordinates":[85.33406703505521,27.706672586673555]}},{"type":"Feature","properties":{},"geometry":{"type":"Point","coordinates":[85.33410069667829,27.706661228864338]}},{"type":"Feature","properties":{},"geometry":{"type":"Point","coordinates":[85.33413111064206,27.70661746922518]}},{"type":"Feature","properties":{},"geometry":{"type":"Point","coordinates":[85.33416798360282,27.706534172583126]}},{"type":"Feature","properties":{},"geometry":{"type":"Point","coordinates":[85.33420101457386,27.70653174872141]}},{"type":"Feature","properties":{},"geometry":{"type":"Point","coordinates":[85.33421307577737,27.70654184628898]}},{"type":"Feature","properties":{},"geometry":{"type":"Point","coordinates":[85.33402132802502,27.70706030814885]}},{"type":"Feature","properties":{},"geometry":{"type":"Point","coordinates":[85.33401577746022,27.707069682918313]}},{"type":"Feature","properties":{},"geometry":{"type":"Point","coordinates":[85.33387132090536,27.70706020572546]}},{"type":"Feature","properties":{},"geometry":{"type":"Point","coordinates":[85.3337989848966,27.7071487749933]}},{"type":"Feature","properties":{},"geometry":{"type":"Point","coordinates":[85.33362676775236,27.706691361820177]}},{"type":"Feature","properties":{},"geometry":{"type":"Point","coordinates":[85.33367055692946,27.7065595688362]}},{"type":"Feature","properties":{},"geometry":{"type":"Point","coordinates":[85.33367085150624,27.706556667074175]}},{"type":"Feature","properties":{},"geometry":{"type":"Point","coordinates":[85.3337384056165,27.706439616288996]}},{"type":"Feature","properties":{},"geometry":{"type":"Point","coordinates":[85.33377450382372,27.706368746667295]}},{"type":"Feature","properties":{},"geometry":{"type":"Point","coordinates":[85.3338052369628,27.70631673170684]}},{"type":"Feature","properties":{},"geometry":{"type":"Point","coordinates":[85.33388270770082,27.706204068364308]}},{"type":"Feature","properties":{},"geometry":{"type":"Point","coordinates":[85.33390620477336,27.706167170637613]}},{"type":"Feature","properties":{},"geometry":{"type":"Point","coordinates":[85.33394517273034,27.70611017520612]}},{"type":"Feature","properties":{},"geometry":{"type":"Point","coordinates":[85.33354997451092,27.70540944005932]}},{"type":"Feature","properties":{},"geometry":{"type":"Point","coordinates":[85.33352028160445,27.70536906532895]}},{"type":"Feature","properties":{},"geometry":{"type":"Point","coordinates":[85.3334777160723,27.705275314950093]}},{"type":"Feature","properties":{},"geometry":{"type":"Point","coordinates":[85.33337124575709,27.70510545660726]}},{"type":"Feature","properties":{},"geometry":{"type":"Point","coordinates":[85.33329793520821,27.70495851607286]}},{"type":"Feature","properties":{},"geometry":{"type":"Point","coordinates":[85.33327793514962,27.70492673474995]}},{"type":"Feature","properties":{},"geometry":{"type":"Point","coordinates":[85.33564462661394,27.703079797887337]}},{"type":"Feature","properties":{},"geometry":{"type":"Point","coordinates":[85.33559751091914,27.703095359092636]}},{"type":"Feature","properties":{},"geometry":{"type":"Point","coordinates":[85.33553082396998,27.70312088017721]}},{"type":"Feature","properties":{},"geometry":{"type":"Point","coordinates":[85.33500867892778,27.703275535768384]}},{"type":"Feature","properties":{},"geometry":{"type":"Point","coordinates":[85.33500966795418,27.703275180325836]}},{"type":"Feature","properties":{},"geometry":{"type":"Point","coordinates":[85.33520902909419,27.703210743225632]}},{"type":"Feature","properties":{},"geometry":{"type":"Point","coordinates":[85.3352336225267,27.70320335105924]}},{"type":"Feature","properties":{},"geometry":{"type":"Point","coordinates":[85.33523651302794,27.70320238579392]}},{"type":"Feature","properties":{},"geometry":{"type":"Point","coordinates":[85.3353767374462,27.703162005057774]}},{"type":"Feature","properties":{},"geometry":{"type":"Point","coordinates":[85.33493275747675,27.70330281376703]}},{"type":"Feature","properties":{},"geometry":{"type":"Point","coordinates":[85.33486678335908,27.703322910643607]}},{"type":"Feature","properties":{},"geometry":{"type":"Point","coordinates":[85.33479289461052,27.703347477382824]}},{"type":"Feature","properties":{},"geometry":{"type":"Point","coordinates":[85.33469704563592,27.703362821188264]}},{"type":"Feature","properties":{},"geometry":{"type":"Point","coordinates":[85.33469717185962,27.703363791143474]}},{"type":"Feature","properties":{},"geometry":{"type":"Point","coordinates":[85.33442629231888,27.70352281894254]}},{"type":"Feature","properties":{},"geometry":{"type":"Point","coordinates":[85.33443684357441,27.70354411521463]}},{"type":"Feature","properties":{},"geometry":{"type":"Point","coordinates":[85.33448095388805,27.703562009199025]}},{"type":"Feature","properties":{},"geometry":{"type":"Point","coordinates":[85.33446156137522,27.70360024979936]}},{"type":"Feature","properties":{},"geometry":{"type":"Point","coordinates":[85.33447101965841,27.703620333429257]}},{"type":"Feature","properties":{},"geometry":{"type":"Point","coordinates":[85.33452569450164,27.703664996895466]}},{"type":"Feature","properties":{},"geometry":{"type":"Point","coordinates":[85.33427527383094,27.70361618660363]}},{"type":"Feature","properties":{},"geometry":{"type":"Point","coordinates":[85.33433718361526,27.703755000102912]}},{"type":"Feature","properties":{},"geometry":{"type":"Point","coordinates":[85.33438970021393,27.703869052806876]}},{"type":"Feature","properties":{},"geometry":{"type":"Point","coordinates":[85.33439561861505,27.70388164690533]}},{"type":"Feature","properties":{},"geometry":{"type":"Point","coordinates":[85.33443112616906,27.703878084860595]}},{"type":"Feature","properties":{},"geometry":{"type":"Point","coordinates":[85.33450582016573,27.704084022253763]}},{"type":"Feature","properties":{},"geometry":{"type":"Point","coordinates":[85.33458559523383,27.704172553800838]}},{"type":"Feature","properties":{},"geometry":{"type":"Point","coordinates":[85.33435740329574,27.704220766258338]}},{"type":"Feature","properties":{},"geometry":{"type":"Point","coordinates":[85.33443172162919,27.704222107239072]}},{"type":"Feature","properties":{},"geometry":{"type":"Point","coordinates":[85.33444612608425,27.704215581823682]}},{"type":"Feature","properties":{},"geometry":{"type":"Point","coordinates":[85.3341771256903,27.703529061999042]}},{"type":"Feature","properties":{},"geometry":{"type":"Point","coordinates":[85.33417861944898,27.703528791158263]}},{"type":"Feature","properties":{},"geometry":{"type":"Point","coordinates":[85.33411725033825,27.703547256216137]}},{"type":"Feature","properties":{},"geometry":{"type":"Point","coordinates":[85.33403060146533,27.70357963127948]}},{"type":"Feature","properties":{},"geometry":{"type":"Point","coordinates":[85.33406376183812,27.703723424845844]}},{"type":"Feature","properties":{},"geometry":{"type":"Point","coordinates":[85.33405735325276,27.70370585358787]}},{"type":"Feature","properties":{},"geometry":{"type":"Point","coordinates":[85.3339834416759,27.703775814276227]}},{"type":"Feature","properties":{},"geometry":{"type":"Point","coordinates":[85.33394516663869,27.70376810614745]}},{"type":"Feature","properties":{},"geometry":{"type":"Point","coordinates":[85.33377892100137,27.70365981277233]}},{"type":"Feature","properties":{},"geometry":{"type":"Point","coordinates":[85.33350012363806,27.703746980712154]}},{"type":"Feature","properties":{},"geometry":{"type":"Point","coordinates":[85.33350143075302,27.703746713949762]}},{"type":"Feature","properties":{},"geometry":{"type":"Point","coordinates":[85.33349427050409,27.703743644821856]}},{"type":"Feature","properties":{},"geometry":{"type":"Point","coordinates":[85.33349252527935,27.703744514628763]}},{"type":"Feature","properties":{},"geometry":{"type":"Point","coordinates":[85.33349046349971,27.703744995235816]}},{"type":"Feature","properties":{},"geometry":{"type":"Point","coordinates":[85.33328179120885,27.70380164059155]}},{"type":"Feature","properties":{},"geometry":{"type":"Point","coordinates":[85.33378890955542,27.70386402669503]}},{"type":"Feature","properties":{},"geometry":{"type":"Point","coordinates":[85.33398253987176,27.7041058958559]}},{"type":"Feature","properties":{},"geometry":{"type":"Point","coordinates":[85.33409362389588,27.704133398567766]}},{"type":"Feature","properties":{},"geometry":{"type":"Point","coordinates":[85.33406471523357,27.70413632692338]}},{"type":"Feature","properties":{},"geometry":{"type":"Point","coordinates":[85.33401484698093,27.70416648839011]}},{"type":"Feature","properties":{},"geometry":{"type":"Point","coordinates":[85.33386977195018,27.704241216321474]}},{"type":"Feature","properties":{},"geometry":{"type":"Point","coordinates":[85.33388974958997,27.704228892370224]}},{"type":"Feature","properties":{},"geometry":{"type":"Point","coordinates":[85.33377327672153,27.704285818673362]}},{"type":"Feature","properties":{},"geometry":{"type":"Point","coordinates":[85.3331407362459,27.703851596938357]}},{"type":"Feature","properties":{},"geometry":{"type":"Point","coordinates":[85.333098309424,27.703866589163766]}},{"type":"Feature","properties":{},"geometry":{"type":"Point","coordinates":[85.33292915932638,27.70391017704034]}},{"type":"Feature","properties":{},"geometry":{"type":"Point","coordinates":[85.33277575614417,27.703957849766315]}},{"type":"Feature","properties":{},"geometry":{"type":"Point","coordinates":[85.33298230677677,27.704417893141766]}},{"type":"Feature","properties":{},"geometry":{"type":"Point","coordinates":[85.33298393739233,27.704420694437577]}},{"type":"Feature","properties":{},"geometry":{"type":"Point","coordinates":[85.33291635639509,27.704300956076924]}},{"type":"Feature","properties":{},"geometry":{"type":"Point","coordinates":[85.33286361350648,27.70420487983515]}},{"type":"Feature","properties":{},"geometry":{"type":"Point","coordinates":[85.33283945946032,27.704162469637808]}},{"type":"Feature","properties":{},"geometry":{"type":"Point","coordinates":[85.33281651878012,27.70412062460545]}},{"type":"Feature","properties":{},"geometry":{"type":"Point","coordinates":[85.33278208035497,27.70404191994399]}},{"type":"Feature","properties":{},"geometry":{"type":"Point","coordinates":[85.33277972239296,27.704043072080353]}},{"type":"Feature","properties":{},"geometry":{"type":"Point","coordinates":[85.33315811392814,27.704720475413474]}},{"type":"Feature","properties":{},"geometry":{"type":"Point","coordinates":[85.33314946710068,27.70470432485725]}},{"type":"Feature","properties":{},"geometry":{"type":"Point","coordinates":[85.333183426841,27.704774055934593]}},{"type":"Feature","properties":{},"geometry":{"type":"Point","coordinates":[85.33322298715021,27.70481684472893]}},{"type":"Feature","properties":{},"geometry":{"type":"Point","coordinates":[85.33327941782413,27.704916119660496]}},{"type":"Feature","properties":{},"geometry":{"type":"Point","coordinates":[85.33316269822316,27.704556249363648]}},{"type":"Feature","properties":{},"geometry":{"type":"Point","coordinates":[85.33315874338022,27.704552846963825]}},{"type":"Feature","properties":{},"geometry":{"type":"Point","coordinates":[85.33321698904646,27.704589610594258]}},{"type":"Feature","properties":{},"geometry":{"type":"Point","coordinates":[85.33312822765313,27.704467426807835]}},{"type":"Feature","properties":{},"geometry":{"type":"Point","coordinates":[85.3331331855862,27.704466147124442]}},{"type":"Feature","properties":{},"geometry":{"type":"Point","coordinates":[85.33345665761031,27.704514022185617]}},{"type":"Feature","properties":{},"geometry":{"type":"Point","coordinates":[85.3335760304056,27.70448389980856]}},{"type":"Feature","properties":{},"geometry":{"type":"Point","coordinates":[85.33356233301575,27.704462710009643]}},{"type":"Feature","properties":{},"geometry":{"type":"Point","coordinates":[85.33360465875964,27.70445544857873]}},{"type":"Feature","properties":{},"geometry":{"type":"Point","coordinates":[85.3337506671213,27.704456403790203]}},{"type":"Feature","properties":{},"geometry":{"type":"Point","coordinates":[85.33305719967424,27.704773752589823]}},{"type":"Feature","properties":{},"geometry":{"type":"Point","coordinates":[85.3327082637271,27.705107577715324]}},{"type":"Feature","properties":{},"geometry":{"type":"Point","coordinates":[85.33335802329634,27.705300210301502]}},{"type":"Feature","properties":{},"geometry":{"type":"Point","coordinates":[85.33330941856208,27.708144089314246]}},{"type":"Feature","properties":{},"geometry":{"type":"Point","coordinates":[85.33331331359713,27.70805323683086]}},{"type":"Feature","properties":{},"geometry":{"type":"Point","coordinates":[85.33331376068966,27.707905080565737]}},{"type":"Feature","properties":{},"geometry":{"type":"Point","coordinates":[85.333316499933,27.70787531587214]}},{"type":"Feature","properties":{},"geometry":{"type":"Point","coordinates":[85.33329305284924,27.707778401158446]}},{"type":"Feature","properties":{},"geometry":{"type":"Point","coordinates":[85.33326609302244,27.70761110573815]}},{"type":"Feature","properties":{},"geometry":{"type":"Point","coordinates":[85.33315360342637,27.70762174784959]}},{"type":"Feature","properties":{},"geometry":{"type":"Point","coordinates":[85.33331995097251,27.707462966226004]}},{"type":"Feature","properties":{},"geometry":{"type":"Point","coordinates":[85.33320431530171,27.707433018042053]}},{"type":"Feature","properties":{},"geometry":{"type":"Point","coordinates":[85.33315940753054,27.707393584593465]}},{"type":"Feature","properties":{},"geometry":{"type":"Point","coordinates":[85.33300987741413,27.707405902438047]}},{"type":"Feature","properties":{},"geometry":{"type":"Point","coordinates":[85.33328098708502,27.707141188452272]}},{"type":"Feature","properties":{},"geometry":{"type":"Point","coordinates":[85.33215209841701,27.707095292984576]}},{"type":"Feature","properties":{},"geometry":{"type":"Point","coordinates":[85.33209768763028,27.707343815914676]}},{"type":"Feature","properties":{},"geometry":{"type":"Point","coordinates":[85.33213076877955,27.707367577022815]}},{"type":"Feature","properties":{},"geometry":{"type":"Point","coordinates":[85.33143314748752,27.70667438525567]}},{"type":"Feature","properties":{},"geometry":{"type":"Point","coordinates":[85.33168639629257,27.70627015062936]}},{"type":"Feature","properties":{},"geometry":{"type":"Point","coordinates":[85.33170827041448,27.70620253713084]}},{"type":"Feature","properties":{},"geometry":{"type":"Point","coordinates":[85.33165449693335,27.706202070440877]}},{"type":"Feature","properties":{},"geometry":{"type":"Point","coordinates":[85.33241132284421,27.706417669111556]}},{"type":"Feature","properties":{},"geometry":{"type":"Point","coordinates":[85.33232841170845,27.706396932379533]}},{"type":"Feature","properties":{},"geometry":{"type":"Point","coordinates":[85.33234224793765,27.706395256971714]}},{"type":"Feature","properties":{},"geometry":{"type":"Point","coordinates":[85.33225357749664,27.706408347863118]}},{"type":"Feature","properties":{},"geometry":{"type":"Point","coordinates":[85.33213607657326,27.70640271721145]}},{"type":"Feature","properties":{},"geometry":{"type":"Point","coordinates":[85.33246614832252,27.706468127771405]}},{"type":"Feature","properties":{},"geometry":{"type":"Point","coordinates":[85.33201051645477,27.706192588055305]}},{"type":"Feature","properties":{},"geometry":{"type":"Point","coordinates":[85.33204348527671,27.70615251320172]}},{"type":"Feature","properties":{},"geometry":{"type":"Point","coordinates":[85.33164617091461,27.70609539615016]}},{"type":"Feature","properties":{},"geometry":{"type":"Point","coordinates":[85.33161777815425,27.705990669582906]}},{"type":"Feature","properties":{},"geometry":{"type":"Point","coordinates":[85.33164293954738,27.70581604071008]}},{"type":"Feature","properties":{},"geometry":{"type":"Point","coordinates":[85.33182431101638,27.705796557281193]}},{"type":"Feature","properties":{},"geometry":{"type":"Point","coordinates":[85.33175757556222,27.70583803384996]}},{"type":"Feature","properties":{},"geometry":{"type":"Point","coordinates":[85.33168442045752,27.70585168412931]}},{"type":"Feature","properties":{},"geometry":{"type":"Point","coordinates":[85.33171083959405,27.705789267226326]}},{"type":"Feature","properties":{},"geometry":{"type":"Point","coordinates":[85.33165844918882,27.70565319019895]}},{"type":"Feature","properties":{},"geometry":{"type":"Point","coordinates":[85.33161064551135,27.705621552798128]}},{"type":"Feature","properties":{},"geometry":{"type":"Point","coordinates":[85.33162312579805,27.70559621973498]}},{"type":"Feature","properties":{},"geometry":{"type":"Point","coordinates":[85.33163294995121,27.705692205144164]}},{"type":"Feature","properties":{},"geometry":{"type":"Point","coordinates":[85.33131763946065,27.706292442841]}},{"type":"Feature","properties":{},"geometry":{"type":"Point","coordinates":[85.33100539741713,27.706211782985374]}},{"type":"Feature","properties":{},"geometry":{"type":"Point","coordinates":[85.3307023300839,27.70609749308482]}},{"type":"Feature","properties":{},"geometry":{"type":"Point","coordinates":[85.33137196412048,27.705724660387222]}},{"type":"Feature","properties":{},"geometry":{"type":"Point","coordinates":[85.33021712960318,27.705799334191834]}},{"type":"Feature","properties":{},"geometry":{"type":"Point","coordinates":[85.33043010401448,27.70567221041672]}},{"type":"Feature","properties":{},"geometry":{"type":"Point","coordinates":[85.33041152750624,27.705694436365782]}},{"type":"Feature","properties":{},"geometry":{"type":"Point","coordinates":[85.33038781674696,27.706549533171476]}},{"type":"Feature","properties":{},"geometry":{"type":"Point","coordinates":[85.32982636920781,27.706337361432173]}},{"type":"Feature","properties":{},"geometry":{"type":"Point","coordinates":[85.3277640026662,27.70540917411669]}},{"type":"Feature","properties":{},"geometry":{"type":"Point","coordinates":[85.32779402012973,27.705400263054656]}},{"type":"Feature","properties":{},"geometry":{"type":"Point","coordinates":[85.32884646244977,27.70518302060846]}},{"type":"Feature","properties":{},"geometry":{"type":"Point","coordinates":[85.33094964773903,27.70843179677131]}},{"type":"Feature","properties":{},"geometry":{"type":"Point","coordinates":[85.33258862225694,27.708359559010567]}},{"type":"Feature","properties":{},"geometry":{"type":"Point","coordinates":[85.33254690540589,27.70837475630838]}},{"type":"Feature","properties":{},"geometry":{"type":"Point","coordinates":[85.32946598754438,27.706722985024]}},{"type":"Feature","properties":{},"geometry":{"type":"Point","coordinates":[85.32898579755609,27.706739625418578]}},{"type":"Feature","properties":{},"geometry":{"type":"Point","coordinates":[85.33200626058938,27.704358171429078]}},{"type":"Feature","properties":{},"geometry":{"type":"Point","coordinates":[85.32757646592228,27.70544719910984]}},{"type":"Feature","properties":{},"geometry":{"type":"Point","coordinates":[85.3275154577186,27.705449777061318]}},{"type":"Feature","properties":{},"geometry":{"type":"Point","coordinates":[85.32778342879314,27.707912451576373]}},{"type":"Feature","properties":{},"geometry":{"type":"Point","coordinates":[85.32855966443195,27.708147750407655]}},{"type":"Feature","properties":{},"geometry":{"type":"Point","coordinates":[85.3287541623636,27.70850702164606]}},{"type":"Feature","properties":{},"geometry":{"type":"Point","coordinates":[85.33583315750414,27.70338225016321]}},{"type":"Feature","properties":{},"geometry":{"type":"Point","coordinates":[85.3356077043341,27.703439167586097]}},{"type":"Feature","properties":{},"geometry":{"type":"Point","coordinates":[85.33555099406341,27.70333570234494]}},{"type":"Feature","properties":{},"geometry":{"type":"Point","coordinates":[85.3357620776236,27.70381736469849]}},{"type":"Feature","properties":{},"geometry":{"type":"Point","coordinates":[85.33625824876962,27.707779177876606]}},{"type":"Feature","properties":{},"geometry":{"type":"Point","coordinates":[85.33624997791678,27.707724706115428]}},{"type":"Feature","properties":{},"geometry":{"type":"Point","coordinates":[85.33627198567896,27.70789098396851]}},{"type":"Feature","properties":{},"geometry":{"type":"Point","coordinates":[85.33627579596552,27.707917627026045]}},{"type":"Feature","properties":{},"geometry":{"type":"Point","coordinates":[85.3358182446708,27.7079652588576]}},{"type":"Feature","properties":{},"geometry":{"type":"Point","coordinates":[85.3357776209607,27.707864448353604]}},{"type":"Feature","properties":{},"geometry":{"type":"Point","coordinates":[85.33575283017903,27.707748817892035]}},{"type":"Feature","properties":{},"geometry":{"type":"Point","coordinates":[85.33433100621892,27.70721560115082]}},{"type":"Feature","properties":{},"geometry":{"type":"Point","coordinates":[85.33436361423304,27.707324675903546]}},{"type":"Feature","properties":{},"geometry":{"type":"Point","coordinates":[85.33431586239145,27.707299205339712]}},{"type":"Feature","properties":{},"geometry":{"type":"Point","coordinates":[85.3349045580273,27.706555307861866]}},{"type":"Feature","properties":{},"geometry":{"type":"Point","coordinates":[85.33556152807195,27.705777616609673]}},{"type":"Feature","properties":{},"geometry":{"type":"Point","coordinates":[85.33459308379251,27.708079522917632]}},{"type":"Feature","properties":{},"geometry":{"type":"Point","coordinates":[85.33342725265284,27.7075558453385]}},{"type":"Feature","properties":{},"geometry":{"type":"Point","coordinates":[85.33566310893801,27.70634288965099]}},{"type":"Feature","properties":{},"geometry":{"type":"Point","coordinates":[85.3356897478493,27.706410230637093]}},{"type":"Feature","properties":{},"geometry":{"type":"Point","coordinates":[85.33571113738707,27.706463842986714]}},{"type":"Feature","properties":{},"geometry":{"type":"Point","coordinates":[85.33574852548809,27.70645395831087]}},{"type":"Feature","properties":{},"geometry":{"type":"Point","coordinates":[85.33595533922625,27.706273140300198]}},{"type":"Feature","properties":{},"geometry":{"type":"Point","coordinates":[85.33604767890422,27.706270891947558]}},{"type":"Feature","properties":{},"geometry":{"type":"Point","coordinates":[85.33566294598414,27.70617624799251]}},{"type":"Feature","properties":{},"geometry":{"type":"Point","coordinates":[85.33579148718866,27.70612515672298]}},{"type":"Feature","properties":{},"geometry":{"type":"Point","coordinates":[85.33580195527425,27.706131854047843]}},{"type":"Feature","properties":{},"geometry":{"type":"Point","coordinates":[85.33583334359194,27.706147718279578]}},{"type":"Feature","properties":{},"geometry":{"type":"Point","coordinates":[85.33593327345434,27.706104982579042]}},{"type":"Feature","properties":{},"geometry":{"type":"Point","coordinates":[85.33603225865994,27.706094220035776]}},{"type":"Feature","properties":{},"geometry":{"type":"Point","coordinates":[85.33612412768096,27.706078871765133]}},{"type":"Feature","properties":{},"geometry":{"type":"Point","coordinates":[85.33622121369407,27.706085003665574]}},{"type":"Feature","properties":{},"geometry":{"type":"Point","coordinates":[85.33588724195359,27.706139158437477]}},{"type":"Feature","properties":{},"geometry":{"type":"Point","coordinates":[85.33469554572383,27.70360769760123]}},{"type":"Feature","properties":{},"geometry":{"type":"Point","coordinates":[85.33495518157801,27.70410909636474]}},{"type":"Feature","properties":{},"geometry":{"type":"Point","coordinates":[85.33491507055672,27.704068954020375]}},{"type":"Feature","properties":{},"geometry":{"type":"Point","coordinates":[85.33489190792638,27.704023442282324]}},{"type":"Feature","properties":{},"geometry":{"type":"Point","coordinates":[85.33483930438065,27.70392776463552]}},{"type":"Feature","properties":{},"geometry":{"type":"Point","coordinates":[85.33474954106478,27.70373437569802]}},{"type":"Feature","properties":{},"geometry":{"type":"Point","coordinates":[85.3346931755434,27.703640373006767]}},{"type":"Feature","properties":{},"geometry":{"type":"Point","coordinates":[85.33502606631534,27.70396309856785]}},{"type":"Feature","properties":{},"geometry":{"type":"Point","coordinates":[85.33499691194149,27.703973130848514]}},{"type":"Feature","properties":{},"geometry":{"type":"Point","coordinates":[85.3351458661557,27.703910794340235]}},{"type":"Feature","properties":{},"geometry":{"type":"Point","coordinates":[85.33513032326115,27.703876892630554]}},{"type":"Feature","properties":{},"geometry":{"type":"Point","coordinates":[85.33528039183723,27.703816285121057]}},{"type":"Feature","properties":{},"geometry":{"type":"Point","coordinates":[85.33527138618926,27.70380785620651]}},{"type":"Feature","properties":{},"geometry":{"type":"Point","coordinates":[85.33509900910748,27.704192685806635]}},{"type":"Feature","properties":{},"geometry":{"type":"Point","coordinates":[85.3351661280179,27.704187788921185]}},{"type":"Feature","properties":{},"geometry":{"type":"Point","coordinates":[85.33517124473165,27.704166296647454]}},{"type":"Feature","properties":{},"geometry":{"type":"Point","coordinates":[85.33527047326211,27.704148277402673]}},{"type":"Feature","properties":{},"geometry":{"type":"Point","coordinates":[85.33494794808166,27.70427086284348]}},{"type":"Feature","properties":{},"geometry":{"type":"Point","coordinates":[85.33485947819044,27.70430573642993]}},{"type":"Feature","properties":{},"geometry":{"type":"Point","coordinates":[85.33479973625451,27.704305907699993]}},{"type":"Feature","properties":{},"geometry":{"type":"Point","coordinates":[85.33476775694456,27.7043481703203]}},{"type":"Feature","properties":{},"geometry":{"type":"Point","coordinates":[85.3347462220933,27.7043344975578]}},{"type":"Feature","properties":{},"geometry":{"type":"Point","coordinates":[85.33448973906816,27.704424339381504]}},{"type":"Feature","properties":{},"geometry":{"type":"Point","coordinates":[85.33499011770314,27.704386541830598]}},{"type":"Feature","properties":{},"geometry":{"type":"Point","coordinates":[85.33490177468929,27.704272811124188]}},{"type":"Feature","properties":{},"geometry":{"type":"Point","coordinates":[85.33484596879443,27.70451255943774]}},{"type":"Feature","properties":{},"geometry":{"type":"Point","coordinates":[85.33500265254439,27.704722206724007]}},{"type":"Feature","properties":{},"geometry":{"type":"Point","coordinates":[85.33493640059775,27.704638998847333]}},{"type":"Feature","properties":{},"geometry":{"type":"Point","coordinates":[85.33493114225298,27.704553677971248]}},{"type":"Feature","properties":{},"geometry":{"type":"Point","coordinates":[85.33477049847166,27.704540253401436]}},{"type":"Feature","properties":{},"geometry":{"type":"Point","coordinates":[85.33466784836897,27.704576548370504]}},{"type":"Feature","properties":{},"geometry":{"type":"Point","coordinates":[85.33463997068993,27.70461628171337]}},{"type":"Feature","properties":{},"geometry":{"type":"Point","coordinates":[85.33452963704676,27.704654704411766]}},{"type":"Feature","properties":{},"geometry":{"type":"Point","coordinates":[85.33444922584646,27.704650030153278]}},{"type":"Feature","properties":{},"geometry":{"type":"Point","coordinates":[85.3344140848543,27.70468852710807]}},{"type":"Feature","properties":{},"geometry":{"type":"Point","coordinates":[85.33441126451116,27.704669181303405]}},{"type":"Feature","properties":{},"geometry":{"type":"Point","coordinates":[85.3350067184079,27.70483951769413]}},{"type":"Feature","properties":{},"geometry":{"type":"Point","coordinates":[85.33478300290518,27.7047743719741]}},{"type":"Feature","properties":{},"geometry":{"type":"Point","coordinates":[85.33480435581629,27.70480256909344]}},{"type":"Feature","properties":{},"geometry":{"type":"Point","coordinates":[85.33475381240247,27.704818419080134]}},{"type":"Feature","properties":{},"geometry":{"type":"Point","coordinates":[85.33474817149052,27.704781603880793]}},{"type":"Feature","properties":{},"geometry":{"type":"Point","coordinates":[85.33463129114176,27.704859405596345]}},{"type":"Feature","properties":{},"geometry":{"type":"Point","coordinates":[85.33462352738862,27.704824422302703]}},{"type":"Feature","properties":{},"geometry":{"type":"Point","coordinates":[85.33463689191527,27.703496913315583]}},{"type":"Feature","properties":{},"geometry":{"type":"Point","coordinates":[85.33458348695171,27.703418980912694]}},{"type":"Feature","properties":{},"geometry":{"type":"Point","coordinates":[85.33482719022088,27.703901268048675]}},{"type":"Feature","properties":{},"geometry":{"type":"Point","coordinates":[85.33478988260971,27.703815954247027]}},{"type":"Feature","properties":{},"geometry":{"type":"Point","coordinates":[85.33479097514522,27.703818933170513]}},{"type":"Feature","properties":{},"geometry":{"type":"Point","coordinates":[85.33481110760991,27.70382638582457]}},{"type":"Feature","properties":{},"geometry":{"type":"Point","coordinates":[85.33518328091381,27.703881063922598]}},{"type":"Feature","properties":{},"geometry":{"type":"Point","coordinates":[85.3351808566486,27.70387977209888]}},{"type":"Feature","properties":{},"geometry":{"type":"Point","coordinates":[85.33523660836886,27.703830951220205]}},{"type":"Feature","properties":{},"geometry":{"type":"Point","coordinates":[85.33523216671692,27.703835832951473]}},{"type":"Feature","properties":{},"geometry":{"type":"Point","coordinates":[85.33503982357874,27.70424851604414]}},{"type":"Feature","properties":{},"geometry":{"type":"Point","coordinates":[85.33505731455546,27.70423746529446]}},{"type":"Feature","properties":{},"geometry":{"type":"Point","coordinates":[85.33518719708671,27.704165817002128]}},{"type":"Feature","properties":{},"geometry":{"type":"Point","coordinates":[85.33517534420955,27.704166120312692]}},{"type":"Feature","properties":{},"geometry":{"type":"Point","coordinates":[85.33524875982984,27.704141823877208]}},{"type":"Feature","properties":{},"geometry":{"type":"Point","coordinates":[85.33489334718513,27.70447620600835]}},{"type":"Feature","properties":{},"geometry":{"type":"Point","coordinates":[85.33445878314824,27.704676418387077]}},{"type":"Feature","properties":{},"geometry":{"type":"Point","coordinates":[85.33089887991503,27.702450019095476]}},{"type":"Feature","properties":{},"geometry":{"type":"Point","coordinates":[85.3310210576519,27.702654188558512]}},{"type":"Feature","properties":{},"geometry":{"type":"Point","coordinates":[85.3310279151546,27.70269399876339]}},{"type":"Feature","properties":{},"geometry":{"type":"Point","coordinates":[85.331122954103,27.70253223340883]}},{"type":"Feature","properties":{},"geometry":{"type":"Point","coordinates":[85.33117574711865,27.702474865676656]}},{"type":"Feature","properties":{},"geometry":{"type":"Point","coordinates":[85.3311484271229,27.702523687384307]}},{"type":"Feature","properties":{},"geometry":{"type":"Point","coordinates":[85.33132702985702,27.702471418421386]}},{"type":"Feature","properties":{},"geometry":{"type":"Point","coordinates":[85.33102173320827,27.70284520509647]}},{"type":"Feature","properties":{},"geometry":{"type":"Point","coordinates":[85.33110681229306,27.702804384991325]}},{"type":"Feature","properties":{},"geometry":{"type":"Point","coordinates":[85.33124024512792,27.702942952755574]}},{"type":"Feature","properties":{},"geometry":{"type":"Point","coordinates":[85.33127563119722,27.702956355276847]}},{"type":"Feature","properties":{},"geometry":{"type":"Point","coordinates":[85.33128115924742,27.703002705566423]}},{"type":"Feature","properties":{},"geometry":{"type":"Point","coordinates":[85.33124356726593,27.703025243962863]}},{"type":"Feature","properties":{},"geometry":{"type":"Point","coordinates":[85.33124687457617,27.703032608022294]}},{"type":"Feature","properties":{},"geometry":{"type":"Point","coordinates":[85.33141661438916,27.703054244821907]}},{"type":"Feature","properties":{},"geometry":{"type":"Point","coordinates":[85.3315644659558,27.702935252165403]}},{"type":"Feature","properties":{},"geometry":{"type":"Point","coordinates":[85.33122301719082,27.702205677822644]}},{"type":"Feature","properties":{},"geometry":{"type":"Point","coordinates":[85.33123613023422,27.70223090241019]}},{"type":"Feature","properties":{},"geometry":{"type":"Point","coordinates":[85.33123434924582,27.702320422003297]}},{"type":"Feature","properties":{},"geometry":{"type":"Point","coordinates":[85.33128059675764,27.702342138866527]}},{"type":"Feature","properties":{},"geometry":{"type":"Point","coordinates":[85.33126711876506,27.70241340238396]}},{"type":"Feature","properties":{},"geometry":{"type":"Point","coordinates":[85.3313729659712,27.70240524120229]}},{"type":"Feature","properties":{},"geometry":{"type":"Point","coordinates":[85.33146396489478,27.70237033081001]}},{"type":"Feature","properties":{},"geometry":{"type":"Point","coordinates":[85.33167053455321,27.70229946116743]}},{"type":"Feature","properties":{},"geometry":{"type":"Point","coordinates":[85.33146323438051,27.70260309502022]}},{"type":"Feature","properties":{},"geometry":{"type":"Point","coordinates":[85.33142826440528,27.70260720432301]}},{"type":"Feature","properties":{},"geometry":{"type":"Point","coordinates":[85.33141927159079,27.70262455034067]}},{"type":"Feature","properties":{},"geometry":{"type":"Point","coordinates":[85.33142140651263,27.702650119135296]}},{"type":"Feature","properties":{},"geometry":{"type":"Point","coordinates":[85.33173196344087,27.702279977119602]}},{"type":"Feature","properties":{},"geometry":{"type":"Point","coordinates":[85.33177513587937,27.70230699895556]}},{"type":"Feature","properties":{},"geometry":{"type":"Point","coordinates":[85.33180102930359,27.7022459439078]}},{"type":"Feature","properties":{},"geometry":{"type":"Point","coordinates":[85.33186336773949,27.702266725390906]}},{"type":"Feature","properties":{},"geometry":{"type":"Point","coordinates":[85.33185797579922,27.702220811782645]}},{"type":"Feature","properties":{},"geometry":{"type":"Point","coordinates":[85.33191583579976,27.702241154790396]}},{"type":"Feature","properties":{},"geometry":{"type":"Point","coordinates":[85.33200947355026,27.70213600057427]}},{"type":"Feature","properties":{},"geometry":{"type":"Point","coordinates":[85.33205903352994,27.702150815579515]}},{"type":"Feature","properties":{},"geometry":{"type":"Point","coordinates":[85.33214883547643,27.702070631024977]}},{"type":"Feature","properties":{},"geometry":{"type":"Point","coordinates":[85.33217988890809,27.702103670241346]}},{"type":"Feature","properties":{},"geometry":{"type":"Point","coordinates":[85.33224655029704,27.70207530111587]}},{"type":"Feature","properties":{},"geometry":{"type":"Point","coordinates":[85.33223715721603,27.70203342786584]}},{"type":"Feature","properties":{},"geometry":{"type":"Point","coordinates":[85.33213293972304,27.702207962868854]}},{"type":"Feature","properties":{},"geometry":{"type":"Point","coordinates":[85.33211490497652,27.702278241059165]}},{"type":"Feature","properties":{},"geometry":{"type":"Point","coordinates":[85.33211842036579,27.7022699258]}},{"type":"Feature","properties":{},"geometry":{"type":"Point","coordinates":[85.33207512318408,27.702286504756934]}},{"type":"Feature","properties":{},"geometry":{"type":"Point","coordinates":[85.33205634653999,27.7023434198688]}},{"type":"Feature","properties":{},"geometry":{"type":"Point","coordinates":[85.33208034038464,27.702389918617115]}},{"type":"Feature","properties":{},"geometry":{"type":"Point","coordinates":[85.33191382727603,27.702570270699987]}},{"type":"Feature","properties":{},"geometry":{"type":"Point","coordinates":[85.3320057303511,27.702485180944652]}},{"type":"Feature","properties":{},"geometry":{"type":"Point","coordinates":[85.33203737228021,27.70250753387233]}},{"type":"Feature","properties":{},"geometry":{"type":"Point","coordinates":[85.33204238176887,27.702519260591586]}},{"type":"Feature","properties":{},"geometry":{"type":"Point","coordinates":[85.33202952187582,27.70242050657294]}},{"type":"Feature","properties":{},"geometry":{"type":"Point","coordinates":[85.33185731746256,27.70258548276227]}},{"type":"Feature","properties":{},"geometry":{"type":"Point","coordinates":[85.33186799481139,27.70255898530017]}},{"type":"Feature","properties":{},"geometry":{"type":"Point","coordinates":[85.33032957859555,27.702869331403527]}},{"type":"Feature","properties":{},"geometry":{"type":"Point","coordinates":[85.33172037044685,27.702639701204127]}},{"type":"Feature","properties":{},"geometry":{"type":"Point","coordinates":[85.33168930564499,27.702640604844888]}},{"type":"Feature","properties":{},"geometry":{"type":"Point","coordinates":[85.33173842993725,27.70253608769663]}},{"type":"Feature","properties":{},"geometry":{"type":"Point","coordinates":[85.33181028532952,27.702462541073267]}},{"type":"Feature","properties":{},"geometry":{"type":"Point","coordinates":[85.3316884357567,27.70242002380696]}},{"type":"Feature","properties":{},"geometry":{"type":"Point","coordinates":[85.33247158631164,27.701988044880725]}},{"type":"Feature","properties":{},"geometry":{"type":"Point","coordinates":[85.3318271687117,27.70191865762724]}},{"type":"Feature","properties":{},"geometry":{"type":"Point","coordinates":[85.33187733260645,27.70189836084828]}},{"type":"Feature","properties":{},"geometry":{"type":"Point","coordinates":[85.33178970780142,27.70207127056389]}},{"type":"Feature","properties":{},"geometry":{"type":"Point","coordinates":[85.3315438215821,27.702147986208658]}},{"type":"Feature","properties":{},"geometry":{"type":"Point","coordinates":[85.33159951111756,27.702153952643403]}},{"type":"Feature","properties":{},"geometry":{"type":"Point","coordinates":[85.33149754710026,27.70196888065457]}},{"type":"Feature","properties":{},"geometry":{"type":"Point","coordinates":[85.33153639272263,27.7018142555635]}},{"type":"Feature","properties":{},"geometry":{"type":"Point","coordinates":[85.33154866988404,27.701837036774666]}},{"type":"Feature","properties":{},"geometry":{"type":"Point","coordinates":[85.33134670817594,27.702060700319173]}},{"type":"Feature","properties":{},"geometry":{"type":"Point","coordinates":[85.33141108691554,27.702097660431093]}},{"type":"Feature","properties":{},"geometry":{"type":"Point","coordinates":[85.33142065346513,27.701846989620105]}},{"type":"Feature","properties":{},"geometry":{"type":"Point","coordinates":[85.3313193282739,27.701725868162317]}},{"type":"Feature","properties":{},"geometry":{"type":"Point","coordinates":[85.3311921260665,27.701716573810675]}},{"type":"Feature","properties":{},"geometry":{"type":"Point","coordinates":[85.33143915859588,27.7016664382345]}},{"type":"Feature","properties":{},"geometry":{"type":"Point","coordinates":[85.33143493220392,27.701652434775045]}},{"type":"Feature","properties":{},"geometry":{"type":"Point","coordinates":[85.33146832416755,27.701661113624507]}},{"type":"Feature","properties":{},"geometry":{"type":"Point","coordinates":[85.3314917840311,27.701521800782835]}},{"type":"Feature","properties":{},"geometry":{"type":"Point","coordinates":[85.3314291254,27.701501435874906]}},{"type":"Feature","properties":{},"geometry":{"type":"Point","coordinates":[85.3313637627775,27.70153629425795]}},{"type":"Feature","properties":{},"geometry":{"type":"Point","coordinates":[85.33125120204122,27.70150729868735]}},{"type":"Feature","properties":{},"geometry":{"type":"Point","coordinates":[85.33122804342334,27.701476451064714]}},{"type":"Feature","properties":{},"geometry":{"type":"Point","coordinates":[85.3311304098879,27.70148133925506]}},{"type":"Feature","properties":{},"geometry":{"type":"Point","coordinates":[85.33113735724893,27.701451937604414]}},{"type":"Feature","properties":{},"geometry":{"type":"Point","coordinates":[85.33100304263426,27.701435067990335]}},{"type":"Feature","properties":{},"geometry":{"type":"Point","coordinates":[85.33097925278038,27.701527128270556]}},{"type":"Feature","properties":{},"geometry":{"type":"Point","coordinates":[85.33091673736318,27.701556726406476]}},{"type":"Feature","properties":{},"geometry":{"type":"Point","coordinates":[85.33091480975233,27.70161422266396]}},{"type":"Feature","properties":{},"geometry":{"type":"Point","coordinates":[85.33088473319191,27.701606379705]}},{"type":"Feature","properties":{},"geometry":{"type":"Point","coordinates":[85.33076859240255,27.701431584208454]}},{"type":"Feature","properties":{},"geometry":{"type":"Point","coordinates":[85.3307492728934,27.701421534225002]}},{"type":"Feature","properties":{},"geometry":{"type":"Point","coordinates":[85.33094016752447,27.702297516669802]}},{"type":"Feature","properties":{},"geometry":{"type":"Point","coordinates":[85.33093626111685,27.70226815475683]}},{"type":"Feature","properties":{},"geometry":{"type":"Point","coordinates":[85.33080573043267,27.702208880924466]}},{"type":"Feature","properties":{},"geometry":{"type":"Point","coordinates":[85.3306934667064,27.70209971588231]}},{"type":"Feature","properties":{},"geometry":{"type":"Point","coordinates":[85.33066515526579,27.702084025728933]}},{"type":"Feature","properties":{},"geometry":{"type":"Point","coordinates":[85.33060386087242,27.702023924997167]}},{"type":"Feature","properties":{},"geometry":{"type":"Point","coordinates":[85.33087779718106,27.702148855733604]}},{"type":"Feature","properties":{},"geometry":{"type":"Point","coordinates":[85.33097237572785,27.70188686037097]}},{"type":"Feature","properties":{},"geometry":{"type":"Point","coordinates":[85.33110686839726,27.702105565776854]}},{"type":"Feature","properties":{},"geometry":{"type":"Point","coordinates":[85.33108703328075,27.702103600077002]}},{"type":"Feature","properties":{},"geometry":{"type":"Point","coordinates":[85.33105954017581,27.702057320723252]}},{"type":"Feature","properties":{},"geometry":{"type":"Point","coordinates":[85.33117802964314,27.701946631707287]}},{"type":"Feature","properties":{},"geometry":{"type":"Point","coordinates":[85.33098795000741,27.70192053002756]}},{"type":"Feature","properties":{},"geometry":{"type":"Point","coordinates":[85.33114868062965,27.701930020276176]}},{"type":"Feature","properties":{},"geometry":{"type":"Point","coordinates":[85.33116285371364,27.70178755576952]}},{"type":"Feature","properties":{},"geometry":{"type":"Point","coordinates":[85.33114686633309,27.701843137010677]}},{"type":"Feature","properties":{},"geometry":{"type":"Point","coordinates":[85.33132935038121,27.70185340102916]}},{"type":"Feature","properties":{},"geometry":{"type":"Point","coordinates":[85.33131797873624,27.70184168695073]}},{"type":"Feature","properties":{},"geometry":{"type":"Point","coordinates":[85.33085989190836,27.701662643890824]}},{"type":"Feature","properties":{},"geometry":{"type":"Point","coordinates":[85.3308653917346,27.701880465673813]}},{"type":"Feature","properties":{},"geometry":{"type":"Point","coordinates":[85.33084759694495,27.701877031724155]}},{"type":"Feature","properties":{},"geometry":{"type":"Point","coordinates":[85.33074877155882,27.701811966685185]}},{"type":"Feature","properties":{},"geometry":{"type":"Point","coordinates":[85.33058047597116,27.70171191136643]}},{"type":"Feature","properties":{},"geometry":{"type":"Point","coordinates":[85.33062337691177,27.701688319799562]}},{"type":"Feature","properties":{},"geometry":{"type":"Point","coordinates":[85.33047774128333,27.701632758034286]}},{"type":"Feature","properties":{},"geometry":{"type":"Point","coordinates":[85.33042899769862,27.701519185409346]}},{"type":"Feature","properties":{},"geometry":{"type":"Point","coordinates":[85.33034279712983,27.701496512578004]}},{"type":"Feature","properties":{},"geometry":{"type":"Point","coordinates":[85.33025464583096,27.701373920166862]}},{"type":"Feature","properties":{},"geometry":{"type":"Point","coordinates":[85.33030164555244,27.701397875711596]}},{"type":"Feature","properties":{},"geometry":{"type":"Point","coordinates":[85.33028817814821,27.70138768775859]}},{"type":"Feature","properties":{},"geometry":{"type":"Point","coordinates":[85.33013921569611,27.701524418847995]}},{"type":"Feature","properties":{},"geometry":{"type":"Point","coordinates":[85.33072578213041,27.702644329448677]}},{"type":"Feature","properties":{},"geometry":{"type":"Point","coordinates":[85.33071650723261,27.70267993330162]}},{"type":"Feature","properties":{},"geometry":{"type":"Point","coordinates":[85.33059665576839,27.702707412940327]}},{"type":"Feature","properties":{},"geometry":{"type":"Point","coordinates":[85.33060239431612,27.702687224417808]}},{"type":"Feature","properties":{},"geometry":{"type":"Point","coordinates":[85.33042782349446,27.70265199013373]}},{"type":"Feature","properties":{},"geometry":{"type":"Point","coordinates":[85.33040667645038,27.702617632254455]}},{"type":"Feature","properties":{},"geometry":{"type":"Point","coordinates":[85.330580265724,27.702924773051958]}},{"type":"Feature","properties":{},"geometry":{"type":"Point","coordinates":[85.3307816412666,27.70284995487448]}},{"type":"Feature","properties":{},"geometry":{"type":"Point","coordinates":[85.33048841239318,27.702904921171008]}},{"type":"Feature","properties":{},"geometry":{"type":"Point","coordinates":[85.3304736527632,27.70294343275721]}},{"type":"Feature","properties":{},"geometry":{"type":"Point","coordinates":[85.33047138555352,27.70294401914776]}},{"type":"Feature","properties":{},"geometry":{"type":"Point","coordinates":[85.3289656611914,27.70302387107465]}},{"type":"Feature","properties":{},"geometry":{"type":"Point","coordinates":[85.32906457103677,27.702992279899085]}},{"type":"Feature","properties":{},"geometry":{"type":"Point","coordinates":[85.32910856890271,27.702905733926144]}},{"type":"Feature","properties":{},"geometry":{"type":"Point","coordinates":[85.3293846675205,27.702917502315643]}},{"type":"Feature","properties":{},"geometry":{"type":"Point","coordinates":[85.32938940152695,27.702915010647025]}},{"type":"Feature","properties":{},"geometry":{"type":"Point","coordinates":[85.32931696308383,27.70289085156873]}},{"type":"Feature","properties":{},"geometry":{"type":"Point","coordinates":[85.32933929686611,27.702932358577815]}},{"type":"Feature","properties":{},"geometry":{"type":"Point","coordinates":[85.32948650435611,27.70280685034689]}},{"type":"Feature","properties":{},"geometry":{"type":"Point","coordinates":[85.32947842122138,27.70280306769609]}},{"type":"Feature","properties":{},"geometry":{"type":"Point","coordinates":[85.32954632803433,27.702882603875636]}},{"type":"Feature","properties":{},"geometry":{"type":"Point","coordinates":[85.32955075918322,27.702885015707174]}},{"type":"Feature","properties":{},"geometry":{"type":"Point","coordinates":[85.32964983642063,27.703059451952516]}},{"type":"Feature","properties":{},"geometry":{"type":"Point","coordinates":[85.32965058871729,27.7030648528593]}},{"type":"Feature","properties":{},"geometry":{"type":"Point","coordinates":[85.32972430675586,27.703179379611903]}},{"type":"Feature","properties":{},"geometry":{"type":"Point","coordinates":[85.32972795767074,27.703179224199403]}},{"type":"Feature","properties":{},"geometry":{"type":"Point","coordinates":[85.32974648880902,27.7028708697905]}},{"type":"Feature","properties":{},"geometry":{"type":"Point","coordinates":[85.32974905370847,27.702922910142117]}},{"type":"Feature","properties":{},"geometry":{"type":"Point","coordinates":[85.32989026756302,27.702886436946574]}},{"type":"Feature","properties":{},"geometry":{"type":"Point","coordinates":[85.33016688641419,27.702796051383068]}},{"type":"Feature","properties":{},"geometry":{"type":"Point","coordinates":[85.33014469161886,27.702799339703223]}},{"type":"Feature","properties":{},"geometry":{"type":"Point","coordinates":[85.3298690121688,27.7029237888396]}},{"type":"Feature","properties":{},"geometry":{"type":"Point","coordinates":[85.32992304162062,27.702982582000637]}},{"type":"Feature","properties":{},"geometry":{"type":"Point","coordinates":[85.32992353702058,27.70298454380173]}},{"type":"Feature","properties":{},"geometry":{"type":"Point","coordinates":[85.32998669722487,27.702995179656725]}},{"type":"Feature","properties":{},"geometry":{"type":"Point","coordinates":[85.32998644714804,27.702996885165806]}},{"type":"Feature","properties":{},"geometry":{"type":"Point","coordinates":[85.33014034112908,27.70297949475684]}},{"type":"Feature","properties":{},"geometry":{"type":"Point","coordinates":[85.33016230217959,27.702985965593665]}},{"type":"Feature","properties":{},"geometry":{"type":"Point","coordinates":[85.3302265730976,27.7030629133117]}},{"type":"Feature","properties":{},"geometry":{"type":"Point","coordinates":[85.33017680651852,27.703079771931122]}},{"type":"Feature","properties":{},"geometry":{"type":"Point","coordinates":[85.33027465239411,27.7031743190893]}},{"type":"Feature","properties":{},"geometry":{"type":"Point","coordinates":[85.3302358045608,27.703190810317274]}},{"type":"Feature","properties":{},"geometry":{"type":"Point","coordinates":[85.33055931633064,27.70281074682172]}},{"type":"Feature","properties":{},"geometry":{"type":"Point","coordinates":[85.33027491431108,27.702814592210796]}},{"type":"Feature","properties":{},"geometry":{"type":"Point","coordinates":[85.33028191908284,27.702829327785278]}},{"type":"Feature","properties":{},"geometry":{"type":"Point","coordinates":[85.33031134685594,27.70284470205392]}},{"type":"Feature","properties":{},"geometry":{"type":"Point","coordinates":[85.33026159821644,27.702973875983908]}},{"type":"Feature","properties":{},"geometry":{"type":"Point","coordinates":[85.33027714635362,27.70299693592955]}},{"type":"Feature","properties":{},"geometry":{"type":"Point","coordinates":[85.32885394303375,27.70299975385574]}},{"type":"Feature","properties":{},"geometry":{"type":"Point","coordinates":[85.3288493718211,27.70300074472653]}},{"type":"Feature","properties":{},"geometry":{"type":"Point","coordinates":[85.32871374745788,27.703044103985338]}},{"type":"Feature","properties":{},"geometry":{"type":"Point","coordinates":[85.32864688846735,27.702901040613693]}},{"type":"Feature","properties":{},"geometry":{"type":"Point","coordinates":[85.32847547190303,27.702906709376187]}},{"type":"Feature","properties":{},"geometry":{"type":"Point","coordinates":[85.32847306536596,27.70290745470504]}},{"type":"Feature","properties":{},"geometry":{"type":"Point","coordinates":[85.32857334362849,27.702783553249667]}},{"type":"Feature","properties":{},"geometry":{"type":"Point","coordinates":[85.32857625012295,27.702788593879383]}},{"type":"Feature","properties":{},"geometry":{"type":"Point","coordinates":[85.32854698061833,27.70272892224922]}},{"type":"Feature","properties":{},"geometry":{"type":"Point","coordinates":[85.32848111962981,27.702744012786194]}},{"type":"Feature","properties":{},"geometry":{"type":"Point","coordinates":[85.3285276419784,27.7026972403328]}},{"type":"Feature","properties":{},"geometry":{"type":"Point","coordinates":[85.3284330642071,27.702665501032314]}},{"type":"Feature","properties":{},"geometry":{"type":"Point","coordinates":[85.32843209288187,27.702656444860033]}},{"type":"Feature","properties":{},"geometry":{"type":"Point","coordinates":[85.32843895795922,27.702919893356825]}},{"type":"Feature","properties":{},"geometry":{"type":"Point","coordinates":[85.32835026609578,27.70298723829753]}},{"type":"Feature","properties":{},"geometry":{"type":"Point","coordinates":[85.3283013162198,27.702962613214023]}},{"type":"Feature","properties":{},"geometry":{"type":"Point","coordinates":[85.32821107177553,27.703033680377583]}},{"type":"Feature","properties":{},"geometry":{"type":"Point","coordinates":[85.32808459276853,27.703053831202023]}},{"type":"Feature","properties":{},"geometry":{"type":"Point","coordinates":[85.3281092886566,27.7030962812055]}},{"type":"Feature","properties":{},"geometry":{"type":"Point","coordinates":[85.32796061632841,27.703097064136163]}},{"type":"Feature","properties":{},"geometry":{"type":"Point","coordinates":[85.32795845022136,27.70309800189509]}},{"type":"Feature","properties":{},"geometry":{"type":"Point","coordinates":[85.32797341889038,27.70316688380732]}},{"type":"Feature","properties":{},"geometry":{"type":"Point","coordinates":[85.32801788511145,27.703254463592042]}},{"type":"Feature","properties":{},"geometry":{"type":"Point","coordinates":[85.32803724903074,27.703278031967194]}},{"type":"Feature","properties":{},"geometry":{"type":"Point","coordinates":[85.32813605227383,27.703087776606584]}},{"type":"Feature","properties":{},"geometry":{"type":"Point","coordinates":[85.32843077629104,27.702541242949366]}},{"type":"Feature","properties":{},"geometry":{"type":"Point","coordinates":[85.32842944651043,27.702539138393963]}},{"type":"Feature","properties":{},"geometry":{"type":"Point","coordinates":[85.32839501946157,27.702591714046523]}},{"type":"Feature","properties":{},"geometry":{"type":"Point","coordinates":[85.32832846624518,27.702493229316886]}},{"type":"Feature","properties":{},"geometry":{"type":"Point","coordinates":[85.32829544599977,27.702434423017447]}},{"type":"Feature","properties":{},"geometry":{"type":"Point","coordinates":[85.32822982439954,27.70266630588494]}},{"type":"Feature","properties":{},"geometry":{"type":"Point","coordinates":[85.32822125346455,27.70263758525913]}},{"type":"Feature","properties":{},"geometry":{"type":"Point","coordinates":[85.32819958327337,27.702664464108228]}},{"type":"Feature","properties":{},"geometry":{"type":"Point","coordinates":[85.32801903529591,27.702702810738334]}},{"type":"Feature","properties":{},"geometry":{"type":"Point","coordinates":[85.32804600936187,27.702664999322216]}},{"type":"Feature","properties":{},"geometry":{"type":"Point","coordinates":[85.33136499479417,27.702451812361055]}},{"type":"Feature","properties":{},"geometry":{"type":"Point","coordinates":[85.33158683709406,27.70237614757361]}},{"type":"Feature","properties":{},"geometry":{"type":"Point","coordinates":[85.330978690721,27.702694642692418]}},{"type":"Feature","properties":{},"geometry":{"type":"Point","coordinates":[85.33155054293442,27.70293226298885]}},{"type":"Feature","properties":{},"geometry":{"type":"Point","coordinates":[85.33122848701517,27.702333953664308]}},{"type":"Feature","properties":{},"geometry":{"type":"Point","coordinates":[85.33149045713505,27.702532664129656]}},{"type":"Feature","properties":{},"geometry":{"type":"Point","coordinates":[85.33168022140042,27.702344874179094]}},{"type":"Feature","properties":{},"geometry":{"type":"Point","coordinates":[85.33192216193109,27.70212405024601]}},{"type":"Feature","properties":{},"geometry":{"type":"Point","coordinates":[85.33031799098912,27.70285714982674]}},{"type":"Feature","properties":{},"geometry":{"type":"Point","coordinates":[85.33032821712787,27.70285358715523]}},{"type":"Feature","properties":{},"geometry":{"type":"Point","coordinates":[85.33211017005355,27.701940486791717]}},{"type":"Feature","properties":{},"geometry":{"type":"Point","coordinates":[85.33211638349785,27.70193592434972]}},{"type":"Feature","properties":{},"geometry":{"type":"Point","coordinates":[85.33211425067694,27.701937677579465]}},{"type":"Feature","properties":{},"geometry":{"type":"Point","coordinates":[85.33051693155981,27.702014390012078]}},{"type":"Feature","properties":{},"geometry":{"type":"Point","coordinates":[85.33119171780002,27.701822638351306]}},{"type":"Feature","properties":{},"geometry":{"type":"Point","coordinates":[85.33063631393985,27.701699447198138]}},{"type":"Feature","properties":{},"geometry":{"type":"Point","coordinates":[85.33050717836045,27.701592946869077]}},{"type":"Feature","properties":{},"geometry":{"type":"Point","coordinates":[85.33058374928828,27.7029007052559]}},{"type":"Feature","properties":{},"geometry":{"type":"Point","coordinates":[85.33076422488512,27.703021243729303]}},{"type":"Feature","properties":{},"geometry":{"type":"Point","coordinates":[85.33076873701131,27.70302013655587]}},{"type":"Feature","properties":{},"geometry":{"type":"Point","coordinates":[85.33083568477694,27.702990467412345]}},{"type":"Feature","properties":{},"geometry":{"type":"Point","coordinates":[85.32928841397424,27.702937222062577]}},{"type":"Feature","properties":{},"geometry":{"type":"Point","coordinates":[85.33014772289627,27.702788731600076]}},{"type":"Feature","properties":{},"geometry":{"type":"Point","coordinates":[85.32864756802822,27.70290648667627]}},{"type":"Feature","properties":{},"geometry":{"type":"Point","coordinates":[85.32839993272923,27.70248306134618]}},{"type":"Feature","properties":{},"geometry":{"type":"Point","coordinates":[85.32839974615946,27.702479734102745]}},{"type":"Feature","properties":{},"geometry":{"type":"Point","coordinates":[85.32802500726724,27.703275781172483]}},{"type":"Feature","properties":{},"geometry":{"type":"Point","coordinates":[85.33080995284027,27.7017926858379]}},{"type":"Feature","properties":{},"geometry":{"type":"Point","coordinates":[85.33188745747835,27.701936580388743]}},{"type":"Feature","properties":{},"geometry":{"type":"Point","coordinates":[85.33029144415445,27.701450108674056]}},{"type":"Feature","properties":{},"geometry":{"type":"Point","coordinates":[85.33019647695944,27.701485670825452]}},{"type":"Feature","properties":{},"geometry":{"type":"Point","coordinates":[85.32830880286615,27.702316084139923]}},{"type":"Feature","properties":{},"geometry":{"type":"Point","coordinates":[85.32829190957375,27.702254376840305]}},{"type":"Feature","properties":{},"geometry":{"type":"Point","coordinates":[85.3282466005275,27.70230877236002]}},{"type":"Feature","properties":{},"geometry":{"type":"Point","coordinates":[85.32824334987788,27.70229710737097]}},{"type":"Feature","properties":{},"geometry":{"type":"Point","coordinates":[85.32825578119142,27.702130059385546]}},{"type":"Feature","properties":{},"geometry":{"type":"Point","coordinates":[85.32825518190363,27.702125867931244]}},{"type":"Feature","properties":{},"geometry":{"type":"Point","coordinates":[85.32799638467189,27.7024970231693]}},{"type":"Feature","properties":{},"geometry":{"type":"Point","coordinates":[85.32815053861577,27.70251057386902]}},{"type":"Feature","properties":{},"geometry":{"type":"Point","coordinates":[85.32783687387193,27.702666539269476]}},{"type":"Feature","properties":{},"geometry":{"type":"Point","coordinates":[85.32786205349691,27.702685698565563]}},{"type":"Feature","properties":{},"geometry":{"type":"Point","coordinates":[85.32784360928272,27.70269313209777]}},{"type":"Feature","properties":{},"geometry":{"type":"Point","coordinates":[85.32773478546048,27.702696768935407]}},{"type":"Feature","properties":{},"geometry":{"type":"Point","coordinates":[85.32760369052468,27.70275929780365]}},{"type":"Feature","properties":{},"geometry":{"type":"Point","coordinates":[85.32828381825908,27.70221567981694]}},{"type":"Feature","properties":{},"geometry":{"type":"Point","coordinates":[85.32812566554803,27.70216812528704]}},{"type":"Feature","properties":{},"geometry":{"type":"Point","coordinates":[85.32807446184908,27.702165384998477]}},{"type":"Feature","properties":{},"geometry":{"type":"Point","coordinates":[85.32808640705237,27.702150696774563]}},{"type":"Feature","properties":{},"geometry":{"type":"Point","coordinates":[85.32809025593338,27.702149260370497]}},{"type":"Feature","properties":{},"geometry":{"type":"Point","coordinates":[85.32822391786199,27.702006544348542]}},{"type":"Feature","properties":{},"geometry":{"type":"Point","coordinates":[85.32817004704762,27.70205583903901]}},{"type":"Feature","properties":{},"geometry":{"type":"Point","coordinates":[85.32808688409571,27.702150068946562]}},{"type":"Feature","properties":{},"geometry":{"type":"Point","coordinates":[85.32935010579796,27.702788767085668]}},{"type":"Feature","properties":{},"geometry":{"type":"Point","coordinates":[85.32936413851588,27.70274081702351]}},{"type":"Feature","properties":{},"geometry":{"type":"Point","coordinates":[85.32923976486434,27.702646239710738]}},{"type":"Feature","properties":{},"geometry":{"type":"Point","coordinates":[85.32940379285877,27.70270240021428]}},{"type":"Feature","properties":{},"geometry":{"type":"Point","coordinates":[85.329550240946,27.70261547032828]}},{"type":"Feature","properties":{},"geometry":{"type":"Point","coordinates":[85.32958804231231,27.70261787687452]}},{"type":"Feature","properties":{},"geometry":{"type":"Point","coordinates":[85.32969043170915,27.702596279629955]}},{"type":"Feature","properties":{},"geometry":{"type":"Point","coordinates":[85.32970246180713,27.70257647302627]}},{"type":"Feature","properties":{},"geometry":{"type":"Point","coordinates":[85.3297225290935,27.702540827983253]}},{"type":"Feature","properties":{},"geometry":{"type":"Point","coordinates":[85.32980944067369,27.702540296228378]}},{"type":"Feature","properties":{},"geometry":{"type":"Point","coordinates":[85.32980865026053,27.70252108495393]}},{"type":"Feature","properties":{},"geometry":{"type":"Point","coordinates":[85.32988659790927,27.70250122882113]}},{"type":"Feature","properties":{},"geometry":{"type":"Point","coordinates":[85.33000205249444,27.702514363826513]}},{"type":"Feature","properties":{},"geometry":{"type":"Point","coordinates":[85.32985691628218,27.702441275391006]}},{"type":"Feature","properties":{},"geometry":{"type":"Point","coordinates":[85.32990323296661,27.70239577617378]}},{"type":"Feature","properties":{},"geometry":{"type":"Point","coordinates":[85.32901972291072,27.70257885932471]}},{"type":"Feature","properties":{},"geometry":{"type":"Point","coordinates":[85.32892666631138,27.702514833779688]}},{"type":"Feature","properties":{},"geometry":{"type":"Point","coordinates":[85.32894129522631,27.702478542870054]}},{"type":"Feature","properties":{},"geometry":{"type":"Point","coordinates":[85.32899670051509,27.70250728906866]}},{"type":"Feature","properties":{},"geometry":{"type":"Point","coordinates":[85.32929644068754,27.702480040563035]}},{"type":"Feature","properties":{},"geometry":{"type":"Point","coordinates":[85.32934181285393,27.70246440723157]}},{"type":"Feature","properties":{},"geometry":{"type":"Point","coordinates":[85.32942062329083,27.70245741136934]}},{"type":"Feature","properties":{},"geometry":{"type":"Point","coordinates":[85.32939919769325,27.702390971577916]}},{"type":"Feature","properties":{},"geometry":{"type":"Point","coordinates":[85.32956754468522,27.702401830896516]}},{"type":"Feature","properties":{},"geometry":{"type":"Point","coordinates":[85.3288244571443,27.70245858957494]}},{"type":"Feature","properties":{},"geometry":{"type":"Point","coordinates":[85.32881316265977,27.70239065463864]}},{"type":"Feature","properties":{},"geometry":{"type":"Point","coordinates":[85.32866143879818,27.702327575047597]}},{"type":"Feature","properties":{},"geometry":{"type":"Point","coordinates":[85.328596202717,27.702185909440093]}},{"type":"Feature","properties":{},"geometry":{"type":"Point","coordinates":[85.32862734481142,27.702224771030295]}},{"type":"Feature","properties":{},"geometry":{"type":"Point","coordinates":[85.32860669740013,27.7022684542249]}},{"type":"Feature","properties":{},"geometry":{"type":"Point","coordinates":[85.32890586395595,27.702169606712527]}},{"type":"Feature","properties":{},"geometry":{"type":"Point","coordinates":[85.32884144550452,27.702238785666072]}},{"type":"Feature","properties":{},"geometry":{"type":"Point","coordinates":[85.32876672833487,27.70222911540759]}},{"type":"Feature","properties":{},"geometry":{"type":"Point","coordinates":[85.32872982762599,27.702245338201035]}},{"type":"Feature","properties":{},"geometry":{"type":"Point","coordinates":[85.32895513279799,27.7021959123643]}},{"type":"Feature","properties":{},"geometry":{"type":"Point","coordinates":[85.3290508692455,27.702159310721537]}},{"type":"Feature","properties":{},"geometry":{"type":"Point","coordinates":[85.32906671219216,27.702161733051422]}},{"type":"Feature","properties":{},"geometry":{"type":"Point","coordinates":[85.32911247444864,27.70211929156673]}},{"type":"Feature","properties":{},"geometry":{"type":"Point","coordinates":[85.32853459774758,27.70216901361454]}},{"type":"Feature","properties":{},"geometry":{"type":"Point","coordinates":[85.32854553977948,27.702090401929677]}},{"type":"Feature","properties":{},"geometry":{"type":"Point","coordinates":[85.32844331901298,27.702006150318155]}},{"type":"Feature","properties":{},"geometry":{"type":"Point","coordinates":[85.32850855533262,27.70202602782432]}},{"type":"Feature","properties":{},"geometry":{"type":"Point","coordinates":[85.32838211884018,27.70188287314816]}},{"type":"Feature","properties":{},"geometry":{"type":"Point","coordinates":[85.32838832650648,27.701813036653135]}},{"type":"Feature","properties":{},"geometry":{"type":"Point","coordinates":[85.32836866744029,27.70186133204097]}},{"type":"Feature","properties":{},"geometry":{"type":"Point","coordinates":[85.32864496395769,27.70178361465751]}},{"type":"Feature","properties":{},"geometry":{"type":"Point","coordinates":[85.32865469620256,27.701769472781397]}},{"type":"Feature","properties":{},"geometry":{"type":"Point","coordinates":[85.3287375490607,27.70191605873963]}},{"type":"Feature","properties":{},"geometry":{"type":"Point","coordinates":[85.32873793823067,27.701842678066477]}},{"type":"Feature","properties":{},"geometry":{"type":"Point","coordinates":[85.32831582129897,27.70179125809804]}},{"type":"Feature","properties":{},"geometry":{"type":"Point","coordinates":[85.32827174315769,27.70174103598603]}},{"type":"Feature","properties":{},"geometry":{"type":"Point","coordinates":[85.32830422463104,27.701622296254982]}},{"type":"Feature","properties":{},"geometry":{"type":"Point","coordinates":[85.32820044232828,27.701881989776837]}},{"type":"Feature","properties":{},"geometry":{"type":"Point","coordinates":[85.32814061687223,27.701947998154246]}},{"type":"Feature","properties":{},"geometry":{"type":"Point","coordinates":[85.3281231016248,27.701884128037538]}},{"type":"Feature","properties":{},"geometry":{"type":"Point","coordinates":[85.32819164237456,27.701801044895003]}},{"type":"Feature","properties":{},"geometry":{"type":"Point","coordinates":[85.32804087080129,27.70173038662116]}},{"type":"Feature","properties":{},"geometry":{"type":"Point","coordinates":[85.32797384857193,27.701742930358122]}},{"type":"Feature","properties":{},"geometry":{"type":"Point","coordinates":[85.32780040405449,27.70176566902748]}},{"type":"Feature","properties":{},"geometry":{"type":"Point","coordinates":[85.32936717048806,27.70124241323147]}},{"type":"Feature","properties":{},"geometry":{"type":"Point","coordinates":[85.32937871703105,27.701236170644748]}},{"type":"Feature","properties":{},"geometry":{"type":"Point","coordinates":[85.32903803640387,27.701373657263595]}},{"type":"Feature","properties":{},"geometry":{"type":"Point","coordinates":[85.32899418742976,27.701382921554902]}},{"type":"Feature","properties":{},"geometry":{"type":"Point","coordinates":[85.32914670179663,27.701465527923528]}},{"type":"Feature","properties":{},"geometry":{"type":"Point","coordinates":[85.32913237767045,27.701488483768323]}},{"type":"Feature","properties":{},"geometry":{"type":"Point","coordinates":[85.32918459438457,27.701570612389247]}},{"type":"Feature","properties":{},"geometry":{"type":"Point","coordinates":[85.32919433546807,27.701623909064995]}},{"type":"Feature","properties":{},"geometry":{"type":"Point","coordinates":[85.32916531435592,27.7016032397101]}},{"type":"Feature","properties":{},"geometry":{"type":"Point","coordinates":[85.32920016434598,27.70170856001943]}},{"type":"Feature","properties":{},"geometry":{"type":"Point","coordinates":[85.32925496787662,27.7017621424175]}},{"type":"Feature","properties":{},"geometry":{"type":"Point","coordinates":[85.32925698632853,27.701771693185794]}},{"type":"Feature","properties":{},"geometry":{"type":"Point","coordinates":[85.32924030665507,27.701794044785416]}},{"type":"Feature","properties":{},"geometry":{"type":"Point","coordinates":[85.32924722307216,27.701802519259306]}},{"type":"Feature","properties":{},"geometry":{"type":"Point","coordinates":[85.32928426572424,27.70182322583872]}},{"type":"Feature","properties":{},"geometry":{"type":"Point","coordinates":[85.3289325288161,27.701241661196416]}},{"type":"Feature","properties":{},"geometry":{"type":"Point","coordinates":[85.32893168595524,27.70125325419624]}},{"type":"Feature","properties":{},"geometry":{"type":"Point","coordinates":[85.32892121823147,27.70151764879165]}},{"type":"Feature","properties":{},"geometry":{"type":"Point","coordinates":[85.32894027461788,27.701641520850576]}},{"type":"Feature","properties":{},"geometry":{"type":"Point","coordinates":[85.32875774470497,27.70139568959987]}},{"type":"Feature","properties":{},"geometry":{"type":"Point","coordinates":[85.32870583735982,27.701415722306375]}},{"type":"Feature","properties":{},"geometry":{"type":"Point","coordinates":[85.32871232302429,27.70145445498323]}},{"type":"Feature","properties":{},"geometry":{"type":"Point","coordinates":[85.32859644507793,27.701507909323137]}},{"type":"Feature","properties":{},"geometry":{"type":"Point","coordinates":[85.3285643936245,27.70152360487342]}},{"type":"Feature","properties":{},"geometry":{"type":"Point","coordinates":[85.32852122301098,27.70149101516612]}},{"type":"Feature","properties":{},"geometry":{"type":"Point","coordinates":[85.32852532921912,27.701489525897806]}},{"type":"Feature","properties":{},"geometry":{"type":"Point","coordinates":[85.32851196189094,27.701541976799838]}},{"type":"Feature","properties":{},"geometry":{"type":"Point","coordinates":[85.32828304145099,27.70158218298443]}},{"type":"Feature","properties":{},"geometry":{"type":"Point","coordinates":[85.32828387252952,27.701581545892573]}},{"type":"Feature","properties":{},"geometry":{"type":"Point","coordinates":[85.32828599476771,27.70158095598154]}},{"type":"Feature","properties":{},"geometry":{"type":"Point","coordinates":[85.32842057434826,27.70144815809177]}},{"type":"Feature","properties":{},"geometry":{"type":"Point","coordinates":[85.32841699871923,27.701415901132965]}},{"type":"Feature","properties":{},"geometry":{"type":"Point","coordinates":[85.32836318240021,27.701368574174566]}},{"type":"Feature","properties":{},"geometry":{"type":"Point","coordinates":[85.32929650783171,27.70122922803931]}},{"type":"Feature","properties":{},"geometry":{"type":"Point","coordinates":[85.32940575990645,27.701184400027792]}},{"type":"Feature","properties":{},"geometry":{"type":"Point","coordinates":[85.32942891700608,27.701176698228256]}},{"type":"Feature","properties":{},"geometry":{"type":"Point","coordinates":[85.32949538874794,27.701152996127533]}},{"type":"Feature","properties":{},"geometry":{"type":"Point","coordinates":[85.32950817677941,27.701148196343457]}},{"type":"Feature","properties":{},"geometry":{"type":"Point","coordinates":[85.32961717768374,27.70116019506022]}},{"type":"Feature","properties":{},"geometry":{"type":"Point","coordinates":[85.32973764118948,27.700967519129513]}},{"type":"Feature","properties":{},"geometry":{"type":"Point","coordinates":[85.32977772088438,27.701268666307254]}},{"type":"Feature","properties":{},"geometry":{"type":"Point","coordinates":[85.32971071225525,27.700997174217775]}},{"type":"Feature","properties":{},"geometry":{"type":"Point","coordinates":[85.32982218973001,27.701260507645017]}},{"type":"Feature","properties":{},"geometry":{"type":"Point","coordinates":[85.32983248746288,27.701274274820122]}},{"type":"Feature","properties":{},"geometry":{"type":"Point","coordinates":[85.329892774719,27.70134012740425]}},{"type":"Feature","properties":{},"geometry":{"type":"Point","coordinates":[85.32991170165431,27.701343388303552]}},{"type":"Feature","properties":{},"geometry":{"type":"Point","coordinates":[85.32997381224075,27.701463711860676]}},{"type":"Feature","properties":{},"geometry":{"type":"Point","coordinates":[85.32969316500683,27.70139496157003]}},{"type":"Feature","properties":{},"geometry":{"type":"Point","coordinates":[85.32965963458314,27.701404910151915]}},{"type":"Feature","properties":{},"geometry":{"type":"Point","coordinates":[85.32960742156074,27.701423384420988]}},{"type":"Feature","properties":{},"geometry":{"type":"Point","coordinates":[85.32948846635975,27.7014659943637]}},{"type":"Feature","properties":{},"geometry":{"type":"Point","coordinates":[85.32946451016852,27.701450993728244]}},{"type":"Feature","properties":{},"geometry":{"type":"Point","coordinates":[85.32962781220921,27.70091469362184]}},{"type":"Feature","properties":{},"geometry":{"type":"Point","coordinates":[85.32961614004049,27.700704484382246]}},{"type":"Feature","properties":{},"geometry":{"type":"Point","coordinates":[85.32961439070321,27.700664879256742]}},{"type":"Feature","properties":{},"geometry":{"type":"Point","coordinates":[85.32963267863293,27.700662883252186]}},{"type":"Feature","properties":{},"geometry":{"type":"Point","coordinates":[85.32963848376298,27.700840529016734]}},{"type":"Feature","properties":{},"geometry":{"type":"Point","coordinates":[85.32981302052168,27.70093712182277]}},{"type":"Feature","properties":{},"geometry":{"type":"Point","coordinates":[85.32988631838604,27.70088945344513]}},{"type":"Feature","properties":{},"geometry":{"type":"Point","coordinates":[85.32982404430372,27.70085047377296]}},{"type":"Feature","properties":{},"geometry":{"type":"Point","coordinates":[85.32980140123301,27.700770360158447]}},{"type":"Feature","properties":{},"geometry":{"type":"Point","coordinates":[85.32998667817303,27.700858924175613]}},{"type":"Feature","properties":{},"geometry":{"type":"Point","coordinates":[85.33011690093224,27.700827600686953]}},{"type":"Feature","properties":{},"geometry":{"type":"Point","coordinates":[85.3301290659462,27.700810835447584]}},{"type":"Feature","properties":{},"geometry":{"type":"Point","coordinates":[85.32976175396789,27.700705030031454]}},{"type":"Feature","properties":{},"geometry":{"type":"Point","coordinates":[85.32978889708582,27.700705384579926]}},{"type":"Feature","properties":{},"geometry":{"type":"Point","coordinates":[85.32978853099695,27.700655513395255]}},{"type":"Feature","properties":{},"geometry":{"type":"Point","coordinates":[85.32976537710616,27.70064390344481]}},{"type":"Feature","properties":{},"geometry":{"type":"Point","coordinates":[85.3299108901723,27.70117213688268]}},{"type":"Feature","properties":{},"geometry":{"type":"Point","coordinates":[85.32992989343519,27.70112803199487]}},{"type":"Feature","properties":{},"geometry":{"type":"Point","coordinates":[85.33006256674211,27.701104279836347]}},{"type":"Feature","properties":{},"geometry":{"type":"Point","coordinates":[85.33005869599563,27.701105824339702]}},{"type":"Feature","properties":{},"geometry":{"type":"Point","coordinates":[85.33007173453085,27.701060662797293]}},{"type":"Feature","properties":{},"geometry":{"type":"Point","coordinates":[85.33016221852215,27.70106025510511]}},{"type":"Feature","properties":{},"geometry":{"type":"Point","coordinates":[85.33017454244657,27.701015604800208]}},{"type":"Feature","properties":{},"geometry":{"type":"Point","coordinates":[85.33027750686686,27.701015277168988]}},{"type":"Feature","properties":{},"geometry":{"type":"Point","coordinates":[85.3302989554575,27.700942487098516]}},{"type":"Feature","properties":{},"geometry":{"type":"Point","coordinates":[85.33031640728716,27.70092580907249]}},{"type":"Feature","properties":{},"geometry":{"type":"Point","coordinates":[85.33040037145284,27.700938225437426]}},{"type":"Feature","properties":{},"geometry":{"type":"Point","coordinates":[85.33039863652182,27.70101308996709]}},{"type":"Feature","properties":{},"geometry":{"type":"Point","coordinates":[85.33043961923718,27.70104454889795]}},{"type":"Feature","properties":{},"geometry":{"type":"Point","coordinates":[85.33049158472797,27.70107568808788]}},{"type":"Feature","properties":{},"geometry":{"type":"Point","coordinates":[85.33055199452787,27.701104466032216]}},{"type":"Feature","properties":{},"geometry":{"type":"Point","coordinates":[85.33055907118413,27.701124734187978]}},{"type":"Feature","properties":{},"geometry":{"type":"Point","coordinates":[85.33056497790719,27.70112133691892]}},{"type":"Feature","properties":{},"geometry":{"type":"Point","coordinates":[85.33062356800694,27.70109199485827]}},{"type":"Feature","properties":{},"geometry":{"type":"Point","coordinates":[85.33061244629407,27.70107772771846]}},{"type":"Feature","properties":{},"geometry":{"type":"Point","coordinates":[85.33037808960468,27.700554728674206]}},{"type":"Feature","properties":{},"geometry":{"type":"Point","coordinates":[85.33041209743841,27.70065154917952]}},{"type":"Feature","properties":{},"geometry":{"type":"Point","coordinates":[85.33040588523902,27.700715446987253]}},{"type":"Feature","properties":{},"geometry":{"type":"Point","coordinates":[85.33048054267304,27.700841162755154]}},{"type":"Feature","properties":{},"geometry":{"type":"Point","coordinates":[85.33053109607752,27.70087812890893]}},{"type":"Feature","properties":{},"geometry":{"type":"Point","coordinates":[85.33072673597417,27.700754712302853]}},{"type":"Feature","properties":{},"geometry":{"type":"Point","coordinates":[85.33070849338432,27.700753596104555]}},{"type":"Feature","properties":{},"geometry":{"type":"Point","coordinates":[85.33065728465994,27.700822772802084]}},{"type":"Feature","properties":{},"geometry":{"type":"Point","coordinates":[85.33037888934636,27.700529504832748]}},{"type":"Feature","properties":{},"geometry":{"type":"Point","coordinates":[85.33060491191853,27.700458852327795]}},{"type":"Feature","properties":{},"geometry":{"type":"Point","coordinates":[85.33084052274243,27.700754126641186]}},{"type":"Feature","properties":{},"geometry":{"type":"Point","coordinates":[85.33085547035803,27.70075167141751]}},{"type":"Feature","properties":{},"geometry":{"type":"Point","coordinates":[85.330539395458,27.700872228841916]}},{"type":"Feature","properties":{},"geometry":{"type":"Point","coordinates":[85.33074534626547,27.700960922038018]}},{"type":"Feature","properties":{},"geometry":{"type":"Point","coordinates":[85.33071954233999,27.700900224901563]}},{"type":"Feature","properties":{},"geometry":{"type":"Point","coordinates":[85.33080319127335,27.701006644104808]}},{"type":"Feature","properties":{},"geometry":{"type":"Point","coordinates":[85.33098128667427,27.701085907005854]}},{"type":"Feature","properties":{},"geometry":{"type":"Point","coordinates":[85.33089101438196,27.701017233010365]}},{"type":"Feature","properties":{},"geometry":{"type":"Point","coordinates":[85.33105600244184,27.701161936916225]}},{"type":"Feature","properties":{},"geometry":{"type":"Point","coordinates":[85.33109482576482,27.701169323893453]}},{"type":"Feature","properties":{},"geometry":{"type":"Point","coordinates":[85.33105298465807,27.70125969271611]}},{"type":"Feature","properties":{},"geometry":{"type":"Point","coordinates":[85.33103586712005,27.70106396516988]}},{"type":"Feature","properties":{},"geometry":{"type":"Point","coordinates":[85.33090630244794,27.701201626853024]}},{"type":"Feature","properties":{},"geometry":{"type":"Point","coordinates":[85.33087652049115,27.701206615388056]}},{"type":"Feature","properties":{},"geometry":{"type":"Point","coordinates":[85.33110140272449,27.701113018180813]}},{"type":"Feature","properties":{},"geometry":{"type":"Point","coordinates":[85.33112841297073,27.70098070505689]}},{"type":"Feature","properties":{},"geometry":{"type":"Point","coordinates":[85.33118991010504,27.70097381893811]}},{"type":"Feature","properties":{},"geometry":{"type":"Point","coordinates":[85.33126193842772,27.70105653582895]}},{"type":"Feature","properties":{},"geometry":{"type":"Point","coordinates":[85.33129614932861,27.701083222334464]}},{"type":"Feature","properties":{},"geometry":{"type":"Point","coordinates":[85.33125771945312,27.701137814650707]}},{"type":"Feature","properties":{},"geometry":{"type":"Point","coordinates":[85.3312840877462,27.70114251617804]}},{"type":"Feature","properties":{},"geometry":{"type":"Point","coordinates":[85.33135944979298,27.701146560922428]}},{"type":"Feature","properties":{},"geometry":{"type":"Point","coordinates":[85.3313421490281,27.701187507764885]}},{"type":"Feature","properties":{},"geometry":{"type":"Point","coordinates":[85.3315367811002,27.70120437203657]}},{"type":"Feature","properties":{},"geometry":{"type":"Point","coordinates":[85.33155840731821,27.70121743805467]}},{"type":"Feature","properties":{},"geometry":{"type":"Point","coordinates":[85.33148266800895,27.70122339002635]}},{"type":"Feature","properties":{},"geometry":{"type":"Point","coordinates":[85.33138611449553,27.70120056237954]}},{"type":"Feature","properties":{},"geometry":{"type":"Point","coordinates":[85.33150424793487,27.701077530881726]}},{"type":"Feature","properties":{},"geometry":{"type":"Point","coordinates":[85.33151015931085,27.701061294853496]}},{"type":"Feature","properties":{},"geometry":{"type":"Point","coordinates":[85.33148809812795,27.70107548871937]}},{"type":"Feature","properties":{},"geometry":{"type":"Point","coordinates":[85.33172080450274,27.701239698017623]}},{"type":"Feature","properties":{},"geometry":{"type":"Point","coordinates":[85.3317191492203,27.701239723197734]}},{"type":"Feature","properties":{},"geometry":{"type":"Point","coordinates":[85.33181157912199,27.701240728710225]}},{"type":"Feature","properties":{},"geometry":{"type":"Point","coordinates":[85.33177112547351,27.70134571594088]}},{"type":"Feature","properties":{},"geometry":{"type":"Point","coordinates":[85.33186479733558,27.701248341280493]}},{"type":"Feature","properties":{},"geometry":{"type":"Point","coordinates":[85.33188353482196,27.701243594009295]}},{"type":"Feature","properties":{},"geometry":{"type":"Point","coordinates":[85.33196393535285,27.70123899404282]}},{"type":"Feature","properties":{},"geometry":{"type":"Point","coordinates":[85.33164659705739,27.701389787724857]}},{"type":"Feature","properties":{},"geometry":{"type":"Point","coordinates":[85.33158138503568,27.701324169847993]}},{"type":"Feature","properties":{},"geometry":{"type":"Point","coordinates":[85.33153074974376,27.701341339828602]}},{"type":"Feature","properties":{},"geometry":{"type":"Point","coordinates":[85.33142600445065,27.701313000885644]}},{"type":"Feature","properties":{},"geometry":{"type":"Point","coordinates":[85.32896010188072,27.701728312852246]}},{"type":"Feature","properties":{},"geometry":{"type":"Point","coordinates":[85.32902633523109,27.701768736046073]}},{"type":"Feature","properties":{},"geometry":{"type":"Point","coordinates":[85.32908352966467,27.701885820951873]}},{"type":"Feature","properties":{},"geometry":{"type":"Point","coordinates":[85.32904528069831,27.701908616171544]}},{"type":"Feature","properties":{},"geometry":{"type":"Point","coordinates":[85.32910588174963,27.702010434952292]}},{"type":"Feature","properties":{},"geometry":{"type":"Point","coordinates":[85.32914163496999,27.701984459697318]}},{"type":"Feature","properties":{},"geometry":{"type":"Point","coordinates":[85.32930150631104,27.701972998062597]}},{"type":"Feature","properties":{},"geometry":{"type":"Point","coordinates":[85.32932311403064,27.701965968941323]}},{"type":"Feature","properties":{},"geometry":{"type":"Point","coordinates":[85.32927716835538,27.702104594771843]}},{"type":"Feature","properties":{},"geometry":{"type":"Point","coordinates":[85.32933077101016,27.702127655582526]}},{"type":"Feature","properties":{},"geometry":{"type":"Point","coordinates":[85.32941387170591,27.70211878906196]}},{"type":"Feature","properties":{},"geometry":{"type":"Point","coordinates":[85.32942227624301,27.7020679190111]}},{"type":"Feature","properties":{},"geometry":{"type":"Point","coordinates":[85.3294253957606,27.702111499246335]}},{"type":"Feature","properties":{},"geometry":{"type":"Point","coordinates":[85.32964948242235,27.7021453682786]}},{"type":"Feature","properties":{},"geometry":{"type":"Point","coordinates":[85.32963494367958,27.702191269804917]}},{"type":"Feature","properties":{},"geometry":{"type":"Point","coordinates":[85.32978990437566,27.702285003674383]}},{"type":"Feature","properties":{},"geometry":{"type":"Point","coordinates":[85.32977831502414,27.70227926984723]}},{"type":"Feature","properties":{},"geometry":{"type":"Point","coordinates":[85.3299728808235,27.70231018014415]}},{"type":"Feature","properties":{},"geometry":{"type":"Point","coordinates":[85.33012139596778,27.70235341858107]}},{"type":"Feature","properties":{},"geometry":{"type":"Point","coordinates":[85.32987267461402,27.70216080873683]}},{"type":"Feature","properties":{},"geometry":{"type":"Point","coordinates":[85.32989034939999,27.702139695629665]}},{"type":"Feature","properties":{},"geometry":{"type":"Point","coordinates":[85.32994023719606,27.702068571871855]}},{"type":"Feature","properties":{},"geometry":{"type":"Point","coordinates":[85.32994253750653,27.701993561658675]}},{"type":"Feature","properties":{},"geometry":{"type":"Point","coordinates":[85.33003797219256,27.701954436659328]}},{"type":"Feature","properties":{},"geometry":{"type":"Point","coordinates":[85.33000275086232,27.701926784565295]}},{"type":"Feature","properties":{},"geometry":{"type":"Point","coordinates":[85.33007415328096,27.70175204044606]}},{"type":"Feature","properties":{},"geometry":{"type":"Point","coordinates":[85.33002048524642,27.701690454710075]}},{"type":"Feature","properties":{},"geometry":{"type":"Point","coordinates":[85.33020473954491,27.701902372936498]}},{"type":"Feature","properties":{},"geometry":{"type":"Point","coordinates":[85.33016306206244,27.701930913363285]}},{"type":"Feature","properties":{},"geometry":{"type":"Point","coordinates":[85.33023410310001,27.701905164899575]}},{"type":"Feature","properties":{},"geometry":{"type":"Point","coordinates":[85.33019981248876,27.701961769861594]}},{"type":"Feature","properties":{},"geometry":{"type":"Point","coordinates":[85.33022294594859,27.701935581628042]}},{"type":"Feature","properties":{},"geometry":{"type":"Point","coordinates":[85.33025024266233,27.70204282057552]}},{"type":"Feature","properties":{},"geometry":{"type":"Point","coordinates":[85.33038422409938,27.701907903349543]}},{"type":"Feature","properties":{},"geometry":{"type":"Point","coordinates":[85.33041015496975,27.701859352052228]}},{"type":"Feature","properties":{},"geometry":{"type":"Point","coordinates":[85.32958240918911,27.701711007622592]}},{"type":"Feature","properties":{},"geometry":{"type":"Point","coordinates":[85.32994799288932,27.701669811662356]}},{"type":"Feature","properties":{},"geometry":{"type":"Point","coordinates":[85.32978279635064,27.70160889484117]}},{"type":"Feature","properties":{},"geometry":{"type":"Point","coordinates":[85.3297154958061,27.701681474566303]}},{"type":"Feature","properties":{},"geometry":{"type":"Point","coordinates":[85.32960839431674,27.70169173584253]}},{"type":"Feature","properties":{},"geometry":{"type":"Point","coordinates":[85.32952118950217,27.701624951818882]}},{"type":"Feature","properties":{},"geometry":{"type":"Point","coordinates":[85.32963338329282,27.70180204730584]}},{"type":"Feature","properties":{},"geometry":{"type":"Point","coordinates":[85.32968068167136,27.70181411918675]}},{"type":"Feature","properties":{},"geometry":{"type":"Point","coordinates":[85.32896266929829,27.701116647376153]}},{"type":"Feature","properties":{},"geometry":{"type":"Point","coordinates":[85.32898584769238,27.701042060684205]}},{"type":"Feature","properties":{},"geometry":{"type":"Point","coordinates":[85.32901834650833,27.700953662857135]}},{"type":"Feature","properties":{},"geometry":{"type":"Point","coordinates":[85.32904353709404,27.700840644614917]}},{"type":"Feature","properties":{},"geometry":{"type":"Point","coordinates":[85.32927105138398,27.70089016333829]}},{"type":"Feature","properties":{},"geometry":{"type":"Point","coordinates":[85.32933798079715,27.700902308875282]}},{"type":"Feature","properties":{},"geometry":{"type":"Point","coordinates":[85.32933201500705,27.700922962123926]}},{"type":"Feature","properties":{},"geometry":{"type":"Point","coordinates":[85.32934146206674,27.700921938917535]}},{"type":"Feature","properties":{},"geometry":{"type":"Point","coordinates":[85.3291510644585,27.700754785935434]}},{"type":"Feature","properties":{},"geometry":{"type":"Point","coordinates":[85.32944795658352,27.700823393036494]}},{"type":"Feature","properties":{},"geometry":{"type":"Point","coordinates":[85.32917731086371,27.70061658031981]}},{"type":"Feature","properties":{},"geometry":{"type":"Point","coordinates":[85.32922506235369,27.700518729089325]}},{"type":"Feature","properties":{},"geometry":{"type":"Point","coordinates":[85.32926112198783,27.700556210318577]}},{"type":"Feature","properties":{},"geometry":{"type":"Point","coordinates":[85.32936341448136,27.70036397516727]}},{"type":"Feature","properties":{},"geometry":{"type":"Point","coordinates":[85.32977473043424,27.700485565582436]}},{"type":"Feature","properties":{},"geometry":{"type":"Point","coordinates":[85.32985143886933,27.70048026793663]}},{"type":"Feature","properties":{},"geometry":{"type":"Point","coordinates":[85.32992932850146,27.700480506296202]}},{"type":"Feature","properties":{},"geometry":{"type":"Point","coordinates":[85.3299853991386,27.700444400181336]}},{"type":"Feature","properties":{},"geometry":{"type":"Point","coordinates":[85.330095127262,27.7005044310416]}},{"type":"Feature","properties":{},"geometry":{"type":"Point","coordinates":[85.33012243472476,27.700544271347464]}},{"type":"Feature","properties":{},"geometry":{"type":"Point","coordinates":[85.33013751149524,27.700608990020566]}},{"type":"Feature","properties":{},"geometry":{"type":"Point","coordinates":[85.33010678499184,27.700611222347504]}},{"type":"Feature","properties":{},"geometry":{"type":"Point","coordinates":[85.33017039610198,27.700711704217753]}},{"type":"Feature","properties":{},"geometry":{"type":"Point","coordinates":[85.33021549018352,27.70075171030649]}},{"type":"Feature","properties":{},"geometry":{"type":"Point","coordinates":[85.32943360984852,27.70026953195444]}},{"type":"Feature","properties":{},"geometry":{"type":"Point","coordinates":[85.32951855478979,27.70017230902018]}},{"type":"Feature","properties":{},"geometry":{"type":"Point","coordinates":[85.32966517415812,27.69978060075071]}},{"type":"Feature","properties":{},"geometry":{"type":"Point","coordinates":[85.32970674676918,27.699787863324783]}},{"type":"Feature","properties":{},"geometry":{"type":"Point","coordinates":[85.3296587503489,27.699977818797237]}},{"type":"Feature","properties":{},"geometry":{"type":"Point","coordinates":[85.32964996420182,27.70016728882814]}},{"type":"Feature","properties":{},"geometry":{"type":"Point","coordinates":[85.32973452635116,27.700066951849134]}},{"type":"Feature","properties":{},"geometry":{"type":"Point","coordinates":[85.32973420744138,27.700077372450142]}},{"type":"Feature","properties":{},"geometry":{"type":"Point","coordinates":[85.32946725538419,27.69975981782165]}},{"type":"Feature","properties":{},"geometry":{"type":"Point","coordinates":[85.32920434486874,27.69977893630636]}},{"type":"Feature","properties":{},"geometry":{"type":"Point","coordinates":[85.32841286003419,27.701319261251413]}},{"type":"Feature","properties":{},"geometry":{"type":"Point","coordinates":[85.32835426185422,27.70126386732992]}},{"type":"Feature","properties":{},"geometry":{"type":"Point","coordinates":[85.32850593337004,27.701150035206446]}},{"type":"Feature","properties":{},"geometry":{"type":"Point","coordinates":[85.32858827423638,27.701117789375395]}},{"type":"Feature","properties":{},"geometry":{"type":"Point","coordinates":[85.32850352874303,27.701047463946782]}},{"type":"Feature","properties":{},"geometry":{"type":"Point","coordinates":[85.32861071989383,27.700963945570763]}},{"type":"Feature","properties":{},"geometry":{"type":"Point","coordinates":[85.3283747665257,27.701148709572113]}},{"type":"Feature","properties":{},"geometry":{"type":"Point","coordinates":[85.32826879959245,27.7011974600963]}},{"type":"Feature","properties":{},"geometry":{"type":"Point","coordinates":[85.32815181091497,27.701254203081533]}},{"type":"Feature","properties":{},"geometry":{"type":"Point","coordinates":[85.32815153550852,27.701254375752665]}},{"type":"Feature","properties":{},"geometry":{"type":"Point","coordinates":[85.3283186457565,27.701174475696238]}},{"type":"Feature","properties":{},"geometry":{"type":"Point","coordinates":[85.32842978265136,27.701226420888542]}},{"type":"Feature","properties":{},"geometry":{"type":"Point","coordinates":[85.32861682625942,27.700852567094987]}},{"type":"Feature","properties":{},"geometry":{"type":"Point","coordinates":[85.32842011551132,27.70096192132997]}},{"type":"Feature","properties":{},"geometry":{"type":"Point","coordinates":[85.32822002089205,27.701057616746027]}},{"type":"Feature","properties":{},"geometry":{"type":"Point","coordinates":[85.32821830938703,27.701049289918146]}},{"type":"Feature","properties":{},"geometry":{"type":"Point","coordinates":[85.32868787008314,27.700734583419212]}},{"type":"Feature","properties":{},"geometry":{"type":"Point","coordinates":[85.32890348352895,27.700444482262746]}},{"type":"Feature","properties":{},"geometry":{"type":"Point","coordinates":[85.32877290259721,27.70060313285497]}},{"type":"Feature","properties":{},"geometry":{"type":"Point","coordinates":[85.32893236934335,27.700414843732563]}},{"type":"Feature","properties":{},"geometry":{"type":"Point","coordinates":[85.32883611936931,27.700594452610414]}},{"type":"Feature","properties":{},"geometry":{"type":"Point","coordinates":[85.32884082564426,27.700589316152612]}},{"type":"Feature","properties":{},"geometry":{"type":"Point","coordinates":[85.32877971167177,27.700680864982917]}},{"type":"Feature","properties":{},"geometry":{"type":"Point","coordinates":[85.32862848990929,27.700599230552392]}},{"type":"Feature","properties":{},"geometry":{"type":"Point","coordinates":[85.32886474461961,27.70041534516379]}},{"type":"Feature","properties":{},"geometry":{"type":"Point","coordinates":[85.32903247086072,27.700257091368634]}},{"type":"Feature","properties":{},"geometry":{"type":"Point","coordinates":[85.32903269436007,27.700255733021677]}},{"type":"Feature","properties":{},"geometry":{"type":"Point","coordinates":[85.32903157749239,27.70025529534297]}},{"type":"Feature","properties":{},"geometry":{"type":"Point","coordinates":[85.32880533473015,27.700289391156385]}},{"type":"Feature","properties":{},"geometry":{"type":"Point","coordinates":[85.32863239666324,27.70033042632598]}},{"type":"Feature","properties":{},"geometry":{"type":"Point","coordinates":[85.32868248835193,27.700351519836335]}},{"type":"Feature","properties":{},"geometry":{"type":"Point","coordinates":[85.32872565859711,27.700306251962843]}},{"type":"Feature","properties":{},"geometry":{"type":"Point","coordinates":[85.32917780639053,27.69999890309419]}},{"type":"Feature","properties":{},"geometry":{"type":"Point","coordinates":[85.32921451462828,27.699967835400237]}},{"type":"Feature","properties":{},"geometry":{"type":"Point","coordinates":[85.32931157277173,27.699956166137987]}},{"type":"Feature","properties":{},"geometry":{"type":"Point","coordinates":[85.32905777239787,27.700082598191987]}},{"type":"Feature","properties":{},"geometry":{"type":"Point","coordinates":[85.32906233322898,27.700095858440992]}},{"type":"Feature","properties":{},"geometry":{"type":"Point","coordinates":[85.32895291350667,27.70020293393176]}},{"type":"Feature","properties":{},"geometry":{"type":"Point","coordinates":[85.32899549421057,27.70014849616963]}},{"type":"Feature","properties":{},"geometry":{"type":"Point","coordinates":[85.32907429385489,27.699946616419012]}},{"type":"Feature","properties":{},"geometry":{"type":"Point","coordinates":[85.32862922646444,27.69992681310562]}},{"type":"Feature","properties":{},"geometry":{"type":"Point","coordinates":[85.32864218811241,27.699930642060558]}},{"type":"Feature","properties":{},"geometry":{"type":"Point","coordinates":[85.32863789173666,27.69987760693258]}},{"type":"Feature","properties":{},"geometry":{"type":"Point","coordinates":[85.32856544284999,27.69990364628787]}},{"type":"Feature","properties":{},"geometry":{"type":"Point","coordinates":[85.3284594088359,27.6999441098919]}},{"type":"Feature","properties":{},"geometry":{"type":"Point","coordinates":[85.32813312170191,27.69996674820911]}},{"type":"Feature","properties":{},"geometry":{"type":"Point","coordinates":[85.32880803729076,27.69985501862374]}},{"type":"Feature","properties":{},"geometry":{"type":"Point","coordinates":[85.32891348083893,27.69978973743526]}},{"type":"Feature","properties":{},"geometry":{"type":"Point","coordinates":[85.32890628686513,27.69979210192382]}},{"type":"Feature","properties":{},"geometry":{"type":"Point","coordinates":[85.32880050335577,27.699821996357013]}},{"type":"Feature","properties":{},"geometry":{"type":"Point","coordinates":[85.32846796136434,27.69997462996958]}},{"type":"Feature","properties":{},"geometry":{"type":"Point","coordinates":[85.32835484139828,27.699973570993357]}},{"type":"Feature","properties":{},"geometry":{"type":"Point","coordinates":[85.32837292167494,27.70000728110585]}},{"type":"Feature","properties":{},"geometry":{"type":"Point","coordinates":[85.32830659011628,27.700029867924336]}},{"type":"Feature","properties":{},"geometry":{"type":"Point","coordinates":[85.32816570618465,27.700038658805585]}},{"type":"Feature","properties":{},"geometry":{"type":"Point","coordinates":[85.32811339227675,27.700025330888526]}},{"type":"Feature","properties":{},"geometry":{"type":"Point","coordinates":[85.32814177393293,27.7000872446422]}},{"type":"Feature","properties":{},"geometry":{"type":"Point","coordinates":[85.32808659586776,27.700201004378396]}},{"type":"Feature","properties":{},"geometry":{"type":"Point","coordinates":[85.32806525514923,27.700242088820044]}},{"type":"Feature","properties":{},"geometry":{"type":"Point","coordinates":[85.32799224817013,27.700107427654235]}},{"type":"Feature","properties":{},"geometry":{"type":"Point","coordinates":[85.32795521411227,27.70006592431571]}},{"type":"Feature","properties":{},"geometry":{"type":"Point","coordinates":[85.32789653981153,27.70004591013096]}},{"type":"Feature","properties":{},"geometry":{"type":"Point","coordinates":[85.32790304320916,27.700042020170283]}},{"type":"Feature","properties":{},"geometry":{"type":"Point","coordinates":[85.32790216765751,27.70006020769451]}},{"type":"Feature","properties":{},"geometry":{"type":"Point","coordinates":[85.3278986749565,27.700053317869024]}},{"type":"Feature","properties":{},"geometry":{"type":"Point","coordinates":[85.32789668298564,27.700052348840956]}},{"type":"Feature","properties":{},"geometry":{"type":"Point","coordinates":[85.32802662342522,27.70023121677485]}},{"type":"Feature","properties":{},"geometry":{"type":"Point","coordinates":[85.32798382275784,27.700321334749116]}},{"type":"Feature","properties":{},"geometry":{"type":"Point","coordinates":[85.32796201222118,27.700435667997546]}},{"type":"Feature","properties":{},"geometry":{"type":"Point","coordinates":[85.3279529414845,27.70045777017837]}},{"type":"Feature","properties":{},"geometry":{"type":"Point","coordinates":[85.32800705525698,27.700228994837683]}},{"type":"Feature","properties":{},"geometry":{"type":"Point","coordinates":[85.32820077326895,27.701620474769207]}},{"type":"Feature","properties":{},"geometry":{"type":"Point","coordinates":[85.32817342861833,27.701548913567077]}},{"type":"Feature","properties":{},"geometry":{"type":"Point","coordinates":[85.32805919041354,27.701467981448285]}},{"type":"Feature","properties":{},"geometry":{"type":"Point","coordinates":[85.32800143539036,27.701294168688307]}},{"type":"Feature","properties":{},"geometry":{"type":"Point","coordinates":[85.32798428684383,27.701159498009133]}},{"type":"Feature","properties":{},"geometry":{"type":"Point","coordinates":[85.32797138301909,27.701109367115276]}},{"type":"Feature","properties":{},"geometry":{"type":"Point","coordinates":[85.32792991083886,27.701094296367]}},{"type":"Feature","properties":{},"geometry":{"type":"Point","coordinates":[85.32806344671724,27.700998684766663]}},{"type":"Feature","properties":{},"geometry":{"type":"Point","coordinates":[85.32809129966088,27.700955539940264]}},{"type":"Feature","properties":{},"geometry":{"type":"Point","coordinates":[85.32816374854892,27.700953434660953]}},{"type":"Feature","properties":{},"geometry":{"type":"Point","coordinates":[85.32788203029548,27.70098123877942]}},{"type":"Feature","properties":{},"geometry":{"type":"Point","coordinates":[85.32789984662664,27.700995414600133]}},{"type":"Feature","properties":{},"geometry":{"type":"Point","coordinates":[85.3279185548622,27.7008859095478]}},{"type":"Feature","properties":{},"geometry":{"type":"Point","coordinates":[85.32865879676727,27.70100581401972]}},{"type":"Feature","properties":{},"geometry":{"type":"Point","coordinates":[85.32873909124538,27.70097263181296]}},{"type":"Feature","properties":{},"geometry":{"type":"Point","coordinates":[85.32881260470054,27.70092934579223]}},{"type":"Feature","properties":{},"geometry":{"type":"Point","coordinates":[85.32885849466274,27.700921683846325]}},{"type":"Feature","properties":{},"geometry":{"type":"Point","coordinates":[85.32786749607236,27.70081284884039]}},{"type":"Feature","properties":{},"geometry":{"type":"Point","coordinates":[85.32790656828668,27.700812732305117]}},{"type":"Feature","properties":{},"geometry":{"type":"Point","coordinates":[85.32803871313202,27.700704047637867]}},{"type":"Feature","properties":{},"geometry":{"type":"Point","coordinates":[85.32806945283279,27.700656186657234]}},{"type":"Feature","properties":{},"geometry":{"type":"Point","coordinates":[85.32809031450164,27.700649127050397]}},{"type":"Feature","properties":{},"geometry":{"type":"Point","coordinates":[85.32811078794589,27.70067019520928]}},{"type":"Feature","properties":{},"geometry":{"type":"Point","coordinates":[85.3281380298483,27.70062814680663]}},{"type":"Feature","properties":{},"geometry":{"type":"Point","coordinates":[85.32828071005538,27.700609198719285]}},{"type":"Feature","properties":{},"geometry":{"type":"Point","coordinates":[85.32829658362947,27.700569613249176]}},{"type":"Feature","properties":{},"geometry":{"type":"Point","coordinates":[85.328366924418,27.700577134260705]}},{"type":"Feature","properties":{},"geometry":{"type":"Point","coordinates":[85.32843050668684,27.70054666927117]}},{"type":"Feature","properties":{},"geometry":{"type":"Point","coordinates":[85.3284050879688,27.70052286268027]}},{"type":"Feature","properties":{},"geometry":{"type":"Point","coordinates":[85.32849888682324,27.700490485372264]}},{"type":"Feature","properties":{},"geometry":{"type":"Point","coordinates":[85.3279599111561,27.70057980318562]}},{"type":"Feature","properties":{},"geometry":{"type":"Point","coordinates":[85.32792626184381,27.700550134326612]}},{"type":"Feature","properties":{},"geometry":{"type":"Point","coordinates":[85.32799080061696,27.700524646018017]}},{"type":"Feature","properties":{},"geometry":{"type":"Point","coordinates":[85.32798549944836,27.700538471321902]}},{"type":"Feature","properties":{},"geometry":{"type":"Point","coordinates":[85.32775294197077,27.700724633618723]}},{"type":"Feature","properties":{},"geometry":{"type":"Point","coordinates":[85.32771080592634,27.70073608792755]}},{"type":"Feature","properties":{},"geometry":{"type":"Point","coordinates":[85.32760397934169,27.700710552292563]}},{"type":"Feature","properties":{},"geometry":{"type":"Point","coordinates":[85.32749951688464,27.700725752805184]}},{"type":"Feature","properties":{},"geometry":{"type":"Point","coordinates":[85.32750301681077,27.700725119981428]}},{"type":"Feature","properties":{},"geometry":{"type":"Point","coordinates":[85.32749535801624,27.700737013305403]}},{"type":"Feature","properties":{},"geometry":{"type":"Point","coordinates":[85.32783339041484,27.70085101725482]}},{"type":"Feature","properties":{},"geometry":{"type":"Point","coordinates":[85.32775236410829,27.700908842314835]}},{"type":"Feature","properties":{},"geometry":{"type":"Point","coordinates":[85.32770144813144,27.70093382356532]}},{"type":"Feature","properties":{},"geometry":{"type":"Point","coordinates":[85.32759735322362,27.700980765817636]}},{"type":"Feature","properties":{},"geometry":{"type":"Point","coordinates":[85.32772487764241,27.700332403297697]}},{"type":"Feature","properties":{},"geometry":{"type":"Point","coordinates":[85.32771862169433,27.700328043329172]}},{"type":"Feature","properties":{},"geometry":{"type":"Point","coordinates":[85.32771437606029,27.700325577725575]}},{"type":"Feature","properties":{},"geometry":{"type":"Point","coordinates":[85.32770548708683,27.700472354800162]}},{"type":"Feature","properties":{},"geometry":{"type":"Point","coordinates":[85.32764037026412,27.70048321469707]}},{"type":"Feature","properties":{},"geometry":{"type":"Point","coordinates":[85.32760895972156,27.700477173563705]}},{"type":"Feature","properties":{},"geometry":{"type":"Point","coordinates":[85.3276055054935,27.70040851012856]}},{"type":"Feature","properties":{},"geometry":{"type":"Point","coordinates":[85.32752664777719,27.700357521972343]}},{"type":"Feature","properties":{},"geometry":{"type":"Point","coordinates":[85.32738816627273,27.70029339525267]}},{"type":"Feature","properties":{},"geometry":{"type":"Point","coordinates":[85.32738218676855,27.70034697503549]}},{"type":"Feature","properties":{},"geometry":{"type":"Point","coordinates":[85.32742866005414,27.700199051851605]}},{"type":"Feature","properties":{},"geometry":{"type":"Point","coordinates":[85.3274766374889,27.700103228410732]}},{"type":"Feature","properties":{},"geometry":{"type":"Point","coordinates":[85.32748798379922,27.700080856814807]}},{"type":"Feature","properties":{},"geometry":{"type":"Point","coordinates":[85.32747190663872,27.700101395942873]}},{"type":"Feature","properties":{},"geometry":{"type":"Point","coordinates":[85.32727143432002,27.700286137259337]}},{"type":"Feature","properties":{},"geometry":{"type":"Point","coordinates":[85.32722605579042,27.700264201257426]}},{"type":"Feature","properties":{},"geometry":{"type":"Point","coordinates":[85.32734391356146,27.700246640157076]}},{"type":"Feature","properties":{},"geometry":{"type":"Point","coordinates":[85.32714697183225,27.700146824072387]}},{"type":"Feature","properties":{},"geometry":{"type":"Point","coordinates":[85.32719348998555,27.700092374902347]}},{"type":"Feature","properties":{},"geometry":{"type":"Point","coordinates":[85.32712546397927,27.700188672602906]}},{"type":"Feature","properties":{},"geometry":{"type":"Point","coordinates":[85.32719633772217,27.700023406733674]}},{"type":"Feature","properties":{},"geometry":{"type":"Point","coordinates":[85.32724433157941,27.699974915951834]}},{"type":"Feature","properties":{},"geometry":{"type":"Point","coordinates":[85.32729071906157,27.699984278089268]}},{"type":"Feature","properties":{},"geometry":{"type":"Point","coordinates":[85.32734123163364,27.699941575064074]}},{"type":"Feature","properties":{},"geometry":{"type":"Point","coordinates":[85.32706407284225,27.70012208169202]}},{"type":"Feature","properties":{},"geometry":{"type":"Point","coordinates":[85.32695920268836,27.700067255335785]}},{"type":"Feature","properties":{},"geometry":{"type":"Point","coordinates":[85.32949109570959,27.702870772845863]}},{"type":"Feature","properties":{},"geometry":{"type":"Point","coordinates":[85.32813771061132,27.702411356075103]}},{"type":"Feature","properties":{},"geometry":{"type":"Point","coordinates":[85.32770716834766,27.70276577002092]}},{"type":"Feature","properties":{},"geometry":{"type":"Point","coordinates":[85.32910416104782,27.702609288989727]}},{"type":"Feature","properties":{},"geometry":{"type":"Point","coordinates":[85.32967913005027,27.702577980362907]}},{"type":"Feature","properties":{},"geometry":{"type":"Point","coordinates":[85.32898882689848,27.7025682875809]}},{"type":"Feature","properties":{},"geometry":{"type":"Point","coordinates":[85.32898182915916,27.70256328512156]}},{"type":"Feature","properties":{},"geometry":{"type":"Point","coordinates":[85.32936566348967,27.702484685629656]}},{"type":"Feature","properties":{},"geometry":{"type":"Point","coordinates":[85.32958004091815,27.702403082793612]}},{"type":"Feature","properties":{},"geometry":{"type":"Point","coordinates":[85.32875622588084,27.702406649999403]}},{"type":"Feature","properties":{},"geometry":{"type":"Point","coordinates":[85.32899801494177,27.70213026410503]}},{"type":"Feature","properties":{},"geometry":{"type":"Point","coordinates":[85.32874716331908,27.70193274922048]}},{"type":"Feature","properties":{},"geometry":{"type":"Point","coordinates":[85.32956908699755,27.701171599748285]}},{"type":"Feature","properties":{},"geometry":{"type":"Point","coordinates":[85.3301867438542,27.702069108586493]}},{"type":"Feature","properties":{},"geometry":{"type":"Point","coordinates":[85.32957147341493,27.70041059787686]}},{"type":"Feature","properties":{},"geometry":{"type":"Point","coordinates":[85.32951286633316,27.700427281034596]}},{"type":"Feature","properties":{},"geometry":{"type":"Point","coordinates":[85.32901703191195,27.699875354037648]}},{"type":"Feature","properties":{},"geometry":{"type":"Point","coordinates":[85.33272342695972,27.703785426339053]}},{"type":"Feature","properties":{},"geometry":{"type":"Point","coordinates":[85.33282233332548,27.70367593964876]}},{"type":"Feature","properties":{},"geometry":{"type":"Point","coordinates":[85.33280744474409,27.703640537419915]}},{"type":"Feature","properties":{},"geometry":{"type":"Point","coordinates":[85.332839852853,27.70362659974358]}},{"type":"Feature","properties":{},"geometry":{"type":"Point","coordinates":[85.33294772705366,27.70371143890153]}},{"type":"Feature","properties":{},"geometry":{"type":"Point","coordinates":[85.33298701532574,27.70369971586895]}},{"type":"Feature","properties":{},"geometry":{"type":"Point","coordinates":[85.33306394750015,27.703669435715106]}},{"type":"Feature","properties":{},"geometry":{"type":"Point","coordinates":[85.33314340564456,27.703648895566857]}},{"type":"Feature","properties":{},"geometry":{"type":"Point","coordinates":[85.33315332518669,27.703647290235892]}},{"type":"Feature","properties":{},"geometry":{"type":"Point","coordinates":[85.33322891232,27.703623569772102]}},{"type":"Feature","properties":{},"geometry":{"type":"Point","coordinates":[85.33326643433566,27.703611761310317]}},{"type":"Feature","properties":{},"geometry":{"type":"Point","coordinates":[85.33332029374698,27.70359494994735]}},{"type":"Feature","properties":{},"geometry":{"type":"Point","coordinates":[85.33331867239751,27.703594675004826]}},{"type":"Feature","properties":{},"geometry":{"type":"Point","coordinates":[85.3333943800703,27.703571092184504]}},{"type":"Feature","properties":{},"geometry":{"type":"Point","coordinates":[85.33354079589219,27.703537816047376]}},{"type":"Feature","properties":{},"geometry":{"type":"Point","coordinates":[85.33357596893318,27.703514754204388]}},{"type":"Feature","properties":{},"geometry":{"type":"Point","coordinates":[85.33383345136635,27.703414432097073]}},{"type":"Feature","properties":{},"geometry":{"type":"Point","coordinates":[85.33391179820511,27.703410951665475]}},{"type":"Feature","properties":{},"geometry":{"type":"Point","coordinates":[85.33432426698872,27.70329952873892]}},{"type":"Feature","properties":{},"geometry":{"type":"Point","coordinates":[85.33456879962084,27.703209906183396]}},{"type":"Feature","properties":{},"geometry":{"type":"Point","coordinates":[85.33462154768034,27.70321383327491]}},{"type":"Feature","properties":{},"geometry":{"type":"Point","coordinates":[85.33464700642489,27.703194068630253]}},{"type":"Feature","properties":{},"geometry":{"type":"Point","coordinates":[85.33473583500346,27.703174316283068]}},{"type":"Feature","properties":{},"geometry":{"type":"Point","coordinates":[85.33482419073893,27.70315244441641]}},{"type":"Feature","properties":{},"geometry":{"type":"Point","coordinates":[85.33483476914262,27.703144909007275]}},{"type":"Feature","properties":{},"geometry":{"type":"Point","coordinates":[85.33444619684047,27.70320783725122]}},{"type":"Feature","properties":{},"geometry":{"type":"Point","coordinates":[85.33436009679924,27.703143481067233]}},{"type":"Feature","properties":{},"geometry":{"type":"Point","coordinates":[85.33436207967378,27.70314792742306]}},{"type":"Feature","properties":{},"geometry":{"type":"Point","coordinates":[85.33435604897298,27.70313384998418]}},{"type":"Feature","properties":{},"geometry":{"type":"Point","coordinates":[85.33430890973455,27.702883034411478]}},{"type":"Feature","properties":{},"geometry":{"type":"Point","coordinates":[85.33434470763946,27.702758186617597]}},{"type":"Feature","properties":{},"geometry":{"type":"Point","coordinates":[85.33439384000522,27.702763675019092]}},{"type":"Feature","properties":{},"geometry":{"type":"Point","coordinates":[85.33439053264243,27.702770855629794]}},{"type":"Feature","properties":{},"geometry":{"type":"Point","coordinates":[85.33442789302443,27.702716983329225]}},{"type":"Feature","properties":{},"geometry":{"type":"Point","coordinates":[85.33423745060026,27.702992266767925]}},{"type":"Feature","properties":{},"geometry":{"type":"Point","coordinates":[85.33457316299696,27.70236683922653]}},{"type":"Feature","properties":{},"geometry":{"type":"Point","coordinates":[85.33436201129513,27.702734887888536]}},{"type":"Feature","properties":{},"geometry":{"type":"Point","coordinates":[85.33446004796063,27.702651847735766]}},{"type":"Feature","properties":{},"geometry":{"type":"Point","coordinates":[85.33455109956569,27.702516202247047]}},{"type":"Feature","properties":{},"geometry":{"type":"Point","coordinates":[85.33429317675603,27.702508903973424]}},{"type":"Feature","properties":{},"geometry":{"type":"Point","coordinates":[85.33429046795492,27.702540968785318]}},{"type":"Feature","properties":{},"geometry":{"type":"Point","coordinates":[85.33419452410182,27.7024819581069]}},{"type":"Feature","properties":{},"geometry":{"type":"Point","coordinates":[85.33412589808202,27.702497552399915]}},{"type":"Feature","properties":{},"geometry":{"type":"Point","coordinates":[85.33398998037562,27.702437232905456]}},{"type":"Feature","properties":{},"geometry":{"type":"Point","coordinates":[85.33398554950077,27.70243726712861]}},{"type":"Feature","properties":{},"geometry":{"type":"Point","coordinates":[85.33470823439757,27.70239703076142]}},{"type":"Feature","properties":{},"geometry":{"type":"Point","coordinates":[85.33477600613195,27.702428739411314]}},{"type":"Feature","properties":{},"geometry":{"type":"Point","coordinates":[85.33471290193339,27.702437372259165]}},{"type":"Feature","properties":{},"geometry":{"type":"Point","coordinates":[85.33486618056662,27.70245714881297]}},{"type":"Feature","properties":{},"geometry":{"type":"Point","coordinates":[85.33441422071786,27.702382876915554]}},{"type":"Feature","properties":{},"geometry":{"type":"Point","coordinates":[85.3344673712138,27.70223041221409]}},{"type":"Feature","properties":{},"geometry":{"type":"Point","coordinates":[85.33432534695464,27.702061274868765]}},{"type":"Feature","properties":{},"geometry":{"type":"Point","coordinates":[85.33413752821238,27.702043805096217]}},{"type":"Feature","properties":{},"geometry":{"type":"Point","coordinates":[85.33403485741435,27.702016589651404]}},{"type":"Feature","properties":{},"geometry":{"type":"Point","coordinates":[85.333926784866,27.702043908915996]}},{"type":"Feature","properties":{},"geometry":{"type":"Point","coordinates":[85.33391060210404,27.702023598109157]}},{"type":"Feature","properties":{},"geometry":{"type":"Point","coordinates":[85.3339396776068,27.702043092032923]}},{"type":"Feature","properties":{},"geometry":{"type":"Point","coordinates":[85.33412693869698,27.70292623940332]}},{"type":"Feature","properties":{},"geometry":{"type":"Point","coordinates":[85.33407569972812,27.70289787929418]}},{"type":"Feature","properties":{},"geometry":{"type":"Point","coordinates":[85.3340014800315,27.702815212322076]}},{"type":"Feature","properties":{},"geometry":{"type":"Point","coordinates":[85.33395727288598,27.70282741257406]}},{"type":"Feature","properties":{},"geometry":{"type":"Point","coordinates":[85.33386586151157,27.702762144680847]}},{"type":"Feature","properties":{},"geometry":{"type":"Point","coordinates":[85.33386367482093,27.702661320628327]}},{"type":"Feature","properties":{},"geometry":{"type":"Point","coordinates":[85.33391461729404,27.702630491595155]}},{"type":"Feature","properties":{},"geometry":{"type":"Point","coordinates":[85.33388214605877,27.70259781926922]}},{"type":"Feature","properties":{},"geometry":{"type":"Point","coordinates":[85.33390095989262,27.70251263374215]}},{"type":"Feature","properties":{},"geometry":{"type":"Point","coordinates":[85.33393066117544,27.70252665491568]}},{"type":"Feature","properties":{},"geometry":{"type":"Point","coordinates":[85.33368686043558,27.702831058788345]}},{"type":"Feature","properties":{},"geometry":{"type":"Point","coordinates":[85.3337128368958,27.70284302970732]}},{"type":"Feature","properties":{},"geometry":{"type":"Point","coordinates":[85.3336402025036,27.70268868664161]}},{"type":"Feature","properties":{},"geometry":{"type":"Point","coordinates":[85.33357278193219,27.70269360716215]}},{"type":"Feature","properties":{},"geometry":{"type":"Point","coordinates":[85.33346482760064,27.70270115168133]}},{"type":"Feature","properties":{},"geometry":{"type":"Point","coordinates":[85.33357350695586,27.702490940082367]}},{"type":"Feature","properties":{},"geometry":{"type":"Point","coordinates":[85.3336130199549,27.702434296918536]}},{"type":"Feature","properties":{},"geometry":{"type":"Point","coordinates":[85.33362642573017,27.702180492335568]}},{"type":"Feature","properties":{},"geometry":{"type":"Point","coordinates":[85.33364232784119,27.70222387620543]}},{"type":"Feature","properties":{},"geometry":{"type":"Point","coordinates":[85.33364550782888,27.702207528680297]}},{"type":"Feature","properties":{},"geometry":{"type":"Point","coordinates":[85.33330341370599,27.702630369984835]}},{"type":"Feature","properties":{},"geometry":{"type":"Point","coordinates":[85.33324789553298,27.702632653793604]}},{"type":"Feature","properties":{},"geometry":{"type":"Point","coordinates":[85.33313510922893,27.702685170818345]}},{"type":"Feature","properties":{},"geometry":{"type":"Point","coordinates":[85.33304940871402,27.702689340274773]}},{"type":"Feature","properties":{},"geometry":{"type":"Point","coordinates":[85.33301114029643,27.70269703670715]}},{"type":"Feature","properties":{},"geometry":{"type":"Point","coordinates":[85.33300822019662,27.702650516597902]}},{"type":"Feature","properties":{},"geometry":{"type":"Point","coordinates":[85.3331392058732,27.702641211795854]}},{"type":"Feature","properties":{},"geometry":{"type":"Point","coordinates":[85.33292607428514,27.702649593271957]}},{"type":"Feature","properties":{},"geometry":{"type":"Point","coordinates":[85.33500297371054,27.703002645935747]}},{"type":"Feature","properties":{},"geometry":{"type":"Point","coordinates":[85.33496210450588,27.702961103661806]}},{"type":"Feature","properties":{},"geometry":{"type":"Point","coordinates":[85.33494184122904,27.70296347823711]}},{"type":"Feature","properties":{},"geometry":{"type":"Point","coordinates":[85.33514910759479,27.703040230238116]}},{"type":"Feature","properties":{},"geometry":{"type":"Point","coordinates":[85.33519225264553,27.703024446340354]}},{"type":"Feature","properties":{},"geometry":{"type":"Point","coordinates":[85.33551791693255,27.702923002274424]}},{"type":"Feature","properties":{},"geometry":{"type":"Point","coordinates":[85.33580831750096,27.702770081606943]}},{"type":"Feature","properties":{},"geometry":{"type":"Point","coordinates":[85.33575988889105,27.7027937870526]}},{"type":"Feature","properties":{},"geometry":{"type":"Point","coordinates":[85.33532243233887,27.70256149421609]}},{"type":"Feature","properties":{},"geometry":{"type":"Point","coordinates":[85.33523659867431,27.702463221208063]}},{"type":"Feature","properties":{},"geometry":{"type":"Point","coordinates":[85.33509949703816,27.702349861884148]}},{"type":"Feature","properties":{},"geometry":{"type":"Point","coordinates":[85.33512451675423,27.702322927411895]}},{"type":"Feature","properties":{},"geometry":{"type":"Point","coordinates":[85.33488647516435,27.70212298072259]}},{"type":"Feature","properties":{},"geometry":{"type":"Point","coordinates":[85.33480379117752,27.702151572681682]}},{"type":"Feature","properties":{},"geometry":{"type":"Point","coordinates":[85.33356416958097,27.7016155956508]}},{"type":"Feature","properties":{},"geometry":{"type":"Point","coordinates":[85.33356053168383,27.701665482756884]}},{"type":"Feature","properties":{},"geometry":{"type":"Point","coordinates":[85.33355681050017,27.701685081071293]}},{"type":"Feature","properties":{},"geometry":{"type":"Point","coordinates":[85.3334753803121,27.70161728501387]}},{"type":"Feature","properties":{},"geometry":{"type":"Point","coordinates":[85.33346359153278,27.70162273078799]}},{"type":"Feature","properties":{},"geometry":{"type":"Point","coordinates":[85.33359090046022,27.7015488669458]}},{"type":"Feature","properties":{},"geometry":{"type":"Point","coordinates":[85.33359068554984,27.701539853294726]}},{"type":"Feature","properties":{},"geometry":{"type":"Point","coordinates":[85.33355427244257,27.70149328110596]}},{"type":"Feature","properties":{},"geometry":{"type":"Point","coordinates":[85.33357667296941,27.701375258872492]}},{"type":"Feature","properties":{},"geometry":{"type":"Point","coordinates":[85.33354939063773,27.701378380010567]}},{"type":"Feature","properties":{},"geometry":{"type":"Point","coordinates":[85.33357619888558,27.7012999488635]}},{"type":"Feature","properties":{},"geometry":{"type":"Point","coordinates":[85.33353942603786,27.701259038553918]}},{"type":"Feature","properties":{},"geometry":{"type":"Point","coordinates":[85.33357298879547,27.70123852956654]}},{"type":"Feature","properties":{},"geometry":{"type":"Point","coordinates":[85.3338577236672,27.701661455916145]}},{"type":"Feature","properties":{},"geometry":{"type":"Point","coordinates":[85.3338679738402,27.70165663059613]}},{"type":"Feature","properties":{},"geometry":{"type":"Point","coordinates":[85.33371702288261,27.7018374006377]}},{"type":"Feature","properties":{},"geometry":{"type":"Point","coordinates":[85.33370702546759,27.701776201101545]}},{"type":"Feature","properties":{},"geometry":{"type":"Point","coordinates":[85.33374103225785,27.70193571021775]}},{"type":"Feature","properties":{},"geometry":{"type":"Point","coordinates":[85.33367950237619,27.70141407883327]}},{"type":"Feature","properties":{},"geometry":{"type":"Point","coordinates":[85.33370353381915,27.701304032186997]}},{"type":"Feature","properties":{},"geometry":{"type":"Point","coordinates":[85.33371659855167,27.701304637104105]}},{"type":"Feature","properties":{},"geometry":{"type":"Point","coordinates":[85.33378908045988,27.70130631457633]}},{"type":"Feature","properties":{},"geometry":{"type":"Point","coordinates":[85.33342787550164,27.701792067853596]}},{"type":"Feature","properties":{},"geometry":{"type":"Point","coordinates":[85.3334221475832,27.701782901189365]}},{"type":"Feature","properties":{},"geometry":{"type":"Point","coordinates":[85.33338817238418,27.701793770441483]}},{"type":"Feature","properties":{},"geometry":{"type":"Point","coordinates":[85.33348618604833,27.70191062485136]}},{"type":"Feature","properties":{},"geometry":{"type":"Point","coordinates":[85.33349280500668,27.70192381588136]}},{"type":"Feature","properties":{},"geometry":{"type":"Point","coordinates":[85.33320454613404,27.701463728101185]}},{"type":"Feature","properties":{},"geometry":{"type":"Point","coordinates":[85.33320845039002,27.70147038538782]}},{"type":"Feature","properties":{},"geometry":{"type":"Point","coordinates":[85.3332730860678,27.701545240414866]}},{"type":"Feature","properties":{},"geometry":{"type":"Point","coordinates":[85.33324486020835,27.70158255137639]}},{"type":"Feature","properties":{},"geometry":{"type":"Point","coordinates":[85.33330332495532,27.70160019704282]}},{"type":"Feature","properties":{},"geometry":{"type":"Point","coordinates":[85.33323236471605,27.701746322133566]}},{"type":"Feature","properties":{},"geometry":{"type":"Point","coordinates":[85.33315684533012,27.701731045163697]}},{"type":"Feature","properties":{},"geometry":{"type":"Point","coordinates":[85.33315882912753,27.701729821725003]}},{"type":"Feature","properties":{},"geometry":{"type":"Point","coordinates":[85.33308390758037,27.7017548047568]}},{"type":"Feature","properties":{},"geometry":{"type":"Point","coordinates":[85.33297949183415,27.701798793193525]}},{"type":"Feature","properties":{},"geometry":{"type":"Point","coordinates":[85.33299539282818,27.701817280266475]}},{"type":"Feature","properties":{},"geometry":{"type":"Point","coordinates":[85.33291150076484,27.701851818786828]}},{"type":"Feature","properties":{},"geometry":{"type":"Point","coordinates":[85.33293595774961,27.701842317924893]}},{"type":"Feature","properties":{},"geometry":{"type":"Point","coordinates":[85.33314288337286,27.701857654691196]}},{"type":"Feature","properties":{},"geometry":{"type":"Point","coordinates":[85.33315799299844,27.701897254603473]}},{"type":"Feature","properties":{},"geometry":{"type":"Point","coordinates":[85.33320036364505,27.70194755575737]}},{"type":"Feature","properties":{},"geometry":{"type":"Point","coordinates":[85.33318361145113,27.701910278190308]}},{"type":"Feature","properties":{},"geometry":{"type":"Point","coordinates":[85.33323022891359,27.701421003717755]}},{"type":"Feature","properties":{},"geometry":{"type":"Point","coordinates":[85.33337995958772,27.701323348022772]}},{"type":"Feature","properties":{},"geometry":{"type":"Point","coordinates":[85.33340972744944,27.70129806312384]}},{"type":"Feature","properties":{},"geometry":{"type":"Point","coordinates":[85.33333245423705,27.701304661018572]}},{"type":"Feature","properties":{},"geometry":{"type":"Point","coordinates":[85.33321363514709,27.701330871098726]}},{"type":"Feature","properties":{},"geometry":{"type":"Point","coordinates":[85.33315162239595,27.701296683155377]}},{"type":"Feature","properties":{},"geometry":{"type":"Point","coordinates":[85.33285253850188,27.70186309460017]}},{"type":"Feature","properties":{},"geometry":{"type":"Point","coordinates":[85.33283600715595,27.701734253221957]}},{"type":"Feature","properties":{},"geometry":{"type":"Point","coordinates":[85.33285638082064,27.70167510806051]}},{"type":"Feature","properties":{},"geometry":{"type":"Point","coordinates":[85.33279793934352,27.701578223987426]}},{"type":"Feature","properties":{},"geometry":{"type":"Point","coordinates":[85.33277216714808,27.701537501017985]}},{"type":"Feature","properties":{},"geometry":{"type":"Point","coordinates":[85.3327105018002,27.70150941198424]}},{"type":"Feature","properties":{},"geometry":{"type":"Point","coordinates":[85.33270921803545,27.70150594336568]}},{"type":"Feature","properties":{},"geometry":{"type":"Point","coordinates":[85.3327016946751,27.70149155184764]}},{"type":"Feature","properties":{},"geometry":{"type":"Point","coordinates":[85.33267085534757,27.701435358592782]}},{"type":"Feature","properties":{},"geometry":{"type":"Point","coordinates":[85.3327108133659,27.701419548805877]}},{"type":"Feature","properties":{},"geometry":{"type":"Point","coordinates":[85.33262292885333,27.70140629326511]}},{"type":"Feature","properties":{},"geometry":{"type":"Point","coordinates":[85.33280332194703,27.701284449118706]}},{"type":"Feature","properties":{},"geometry":{"type":"Point","coordinates":[85.33281721532293,27.701280705684333]}},{"type":"Feature","properties":{},"geometry":{"type":"Point","coordinates":[85.33293236593684,27.70123773382992]}},{"type":"Feature","properties":{},"geometry":{"type":"Point","coordinates":[85.33295966839938,27.701262573163127]}},{"type":"Feature","properties":{},"geometry":{"type":"Point","coordinates":[85.33275729372309,27.70185037325548]}},{"type":"Feature","properties":{},"geometry":{"type":"Point","coordinates":[85.33264420308095,27.701877860326032]}},{"type":"Feature","properties":{},"geometry":{"type":"Point","coordinates":[85.3326572706132,27.701918103578905]}},{"type":"Feature","properties":{},"geometry":{"type":"Point","coordinates":[85.33251225948003,27.701972167057264]}},{"type":"Feature","properties":{},"geometry":{"type":"Point","coordinates":[85.33238903664423,27.701973228849383]}},{"type":"Feature","properties":{},"geometry":{"type":"Point","coordinates":[85.33239561121907,27.701972124804122]}},{"type":"Feature","properties":{},"geometry":{"type":"Point","coordinates":[85.33284941188927,27.70203895225811]}},{"type":"Feature","properties":{},"geometry":{"type":"Point","coordinates":[85.33278175181282,27.702100741015133]}},{"type":"Feature","properties":{},"geometry":{"type":"Point","coordinates":[85.33270947994157,27.70215278260846]}},{"type":"Feature","properties":{},"geometry":{"type":"Point","coordinates":[85.33261274688087,27.702178974733926]}},{"type":"Feature","properties":{},"geometry":{"type":"Point","coordinates":[85.3325890425171,27.7021863879761]}},{"type":"Feature","properties":{},"geometry":{"type":"Point","coordinates":[85.33249837313845,27.702177915705494]}},{"type":"Feature","properties":{},"geometry":{"type":"Point","coordinates":[85.3324982491135,27.702206479923227]}},{"type":"Feature","properties":{},"geometry":{"type":"Point","coordinates":[85.33244705120522,27.702193809657903]}},{"type":"Feature","properties":{},"geometry":{"type":"Point","coordinates":[85.33242933845756,27.702224919294835]}},{"type":"Feature","properties":{},"geometry":{"type":"Point","coordinates":[85.33290916961963,27.702110636714856]}},{"type":"Feature","properties":{},"geometry":{"type":"Point","coordinates":[85.33286714832215,27.702253486334396]}},{"type":"Feature","properties":{},"geometry":{"type":"Point","coordinates":[85.3328977259933,27.702293225615996]}},{"type":"Feature","properties":{},"geometry":{"type":"Point","coordinates":[85.33295441129117,27.702223356789034]}},{"type":"Feature","properties":{},"geometry":{"type":"Point","coordinates":[85.33301869922352,27.702216767930953]}},{"type":"Feature","properties":{},"geometry":{"type":"Point","coordinates":[85.33302513556971,27.702243771217]}},{"type":"Feature","properties":{},"geometry":{"type":"Point","coordinates":[85.3330716300074,27.702223113924607]}},{"type":"Feature","properties":{},"geometry":{"type":"Point","coordinates":[85.33327052776472,27.7022643012761]}},{"type":"Feature","properties":{},"geometry":{"type":"Point","coordinates":[85.33336429296213,27.70228413010203]}},{"type":"Feature","properties":{},"geometry":{"type":"Point","coordinates":[85.33338391301923,27.70230972797447]}},{"type":"Feature","properties":{},"geometry":{"type":"Point","coordinates":[85.3330325222649,27.702309655175885]}},{"type":"Feature","properties":{},"geometry":{"type":"Point","coordinates":[85.3330453337535,27.702323792656813]}},{"type":"Feature","properties":{},"geometry":{"type":"Point","coordinates":[85.3332507691597,27.702399010901935]}},{"type":"Feature","properties":{},"geometry":{"type":"Point","coordinates":[85.33335549909496,27.70243540177841]}},{"type":"Feature","properties":{},"geometry":{"type":"Point","coordinates":[85.33289612524281,27.702369109909746]}},{"type":"Feature","properties":{},"geometry":{"type":"Point","coordinates":[85.33282201966644,27.702344788168027]}},{"type":"Feature","properties":{},"geometry":{"type":"Point","coordinates":[85.33267981062605,27.70236271585202]}},{"type":"Feature","properties":{},"geometry":{"type":"Point","coordinates":[85.33264078143971,27.702374569193708]}},{"type":"Feature","properties":{},"geometry":{"type":"Point","coordinates":[85.33259880674778,27.702370929972712]}},{"type":"Feature","properties":{},"geometry":{"type":"Point","coordinates":[85.33274903047783,27.702413253868063]}},{"type":"Feature","properties":{},"geometry":{"type":"Point","coordinates":[85.33270544765186,27.702451691152948]}},{"type":"Feature","properties":{},"geometry":{"type":"Point","coordinates":[85.33279319832215,27.702460465698007]}},{"type":"Feature","properties":{},"geometry":{"type":"Point","coordinates":[85.33288561892229,27.702464087809123]}},{"type":"Feature","properties":{},"geometry":{"type":"Point","coordinates":[85.33290262307248,27.70245450442647]}},{"type":"Feature","properties":{},"geometry":{"type":"Point","coordinates":[85.33295154646503,27.7024663204021]}},{"type":"Feature","properties":{},"geometry":{"type":"Point","coordinates":[85.3330059190836,27.702469547425192]}},{"type":"Feature","properties":{},"geometry":{"type":"Point","coordinates":[85.33302162358659,27.70247061381365]}},{"type":"Feature","properties":{},"geometry":{"type":"Point","coordinates":[85.33327917142786,27.702477078689956]}},{"type":"Feature","properties":{},"geometry":{"type":"Point","coordinates":[85.33338523330474,27.70248067968327]}},{"type":"Feature","properties":{},"geometry":{"type":"Point","coordinates":[85.33275251864748,27.70256013717954]}},{"type":"Feature","properties":{},"geometry":{"type":"Point","coordinates":[85.33248285372807,27.701343310296647]}},{"type":"Feature","properties":{},"geometry":{"type":"Point","coordinates":[85.33262037521347,27.701172137357915]}},{"type":"Feature","properties":{},"geometry":{"type":"Point","coordinates":[85.33269287742728,27.70119368168066]}},{"type":"Feature","properties":{},"geometry":{"type":"Point","coordinates":[85.33285137738345,27.701110113581972]}},{"type":"Feature","properties":{},"geometry":{"type":"Point","coordinates":[85.33281608873882,27.701086457869728]}},{"type":"Feature","properties":{},"geometry":{"type":"Point","coordinates":[85.33293313075448,27.701071608788336]}},{"type":"Feature","properties":{},"geometry":{"type":"Point","coordinates":[85.33252510562832,27.701327757441124]}},{"type":"Feature","properties":{},"geometry":{"type":"Point","coordinates":[85.33250087461546,27.701162738424884]}},{"type":"Feature","properties":{},"geometry":{"type":"Point","coordinates":[85.33231019669542,27.701160907279675]}},{"type":"Feature","properties":{},"geometry":{"type":"Point","coordinates":[85.33230196065601,27.70111710026558]}},{"type":"Feature","properties":{},"geometry":{"type":"Point","coordinates":[85.33237833967205,27.70111435238013]}},{"type":"Feature","properties":{},"geometry":{"type":"Point","coordinates":[85.33236930176632,27.701121411563605]}},{"type":"Feature","properties":{},"geometry":{"type":"Point","coordinates":[85.33233243052315,27.701093541613734]}},{"type":"Feature","properties":{},"geometry":{"type":"Point","coordinates":[85.33240305265224,27.701054329026533]}},{"type":"Feature","properties":{},"geometry":{"type":"Point","coordinates":[85.33243598411683,27.700953970411483]}},{"type":"Feature","properties":{},"geometry":{"type":"Point","coordinates":[85.33242848845646,27.70091702087225]}},{"type":"Feature","properties":{},"geometry":{"type":"Point","coordinates":[85.33241200755549,27.700810575937794]}},{"type":"Feature","properties":{},"geometry":{"type":"Point","coordinates":[85.33255577060531,27.70095222002287]}},{"type":"Feature","properties":{},"geometry":{"type":"Point","coordinates":[85.33266930380171,27.700913702838747]}},{"type":"Feature","properties":{},"geometry":{"type":"Point","coordinates":[85.33259524565173,27.700932350190087]}},{"type":"Feature","properties":{},"geometry":{"type":"Point","coordinates":[85.33248378905112,27.700726842727008]}},{"type":"Feature","properties":{},"geometry":{"type":"Point","coordinates":[85.33261875353122,27.70071693643247]}},{"type":"Feature","properties":{},"geometry":{"type":"Point","coordinates":[85.33262788116936,27.70068616289866]}},{"type":"Feature","properties":{},"geometry":{"type":"Point","coordinates":[85.33269042141634,27.700697425416863]}},{"type":"Feature","properties":{},"geometry":{"type":"Point","coordinates":[85.33282054347706,27.700645919818907]}},{"type":"Feature","properties":{},"geometry":{"type":"Point","coordinates":[85.33280256740828,27.700661156806728]}},{"type":"Feature","properties":{},"geometry":{"type":"Point","coordinates":[85.33281767557375,27.700661077912695]}},{"type":"Feature","properties":{},"geometry":{"type":"Point","coordinates":[85.33276880627521,27.700649225559868]}},{"type":"Feature","properties":{},"geometry":{"type":"Point","coordinates":[85.3331460195002,27.70073919963918]}},{"type":"Feature","properties":{},"geometry":{"type":"Point","coordinates":[85.33316652082901,27.70071306312393]}},{"type":"Feature","properties":{},"geometry":{"type":"Point","coordinates":[85.33305752879367,27.700847853604518]}},{"type":"Feature","properties":{},"geometry":{"type":"Point","coordinates":[85.33308578551635,27.700882292195462]}},{"type":"Feature","properties":{},"geometry":{"type":"Point","coordinates":[85.33308319637652,27.700890920089137]}},{"type":"Feature","properties":{},"geometry":{"type":"Point","coordinates":[85.33286591193834,27.700932106217934]}},{"type":"Feature","properties":{},"geometry":{"type":"Point","coordinates":[85.33287943105177,27.700965188641977]}},{"type":"Feature","properties":{},"geometry":{"type":"Point","coordinates":[85.33296472006218,27.700991672123962]}},{"type":"Feature","properties":{},"geometry":{"type":"Point","coordinates":[85.33300848638704,27.701006229282893]}},{"type":"Feature","properties":{},"geometry":{"type":"Point","coordinates":[85.33339781362207,27.700562165029073]}},{"type":"Feature","properties":{},"geometry":{"type":"Point","coordinates":[85.3333147362268,27.70058060130952]}},{"type":"Feature","properties":{},"geometry":{"type":"Point","coordinates":[85.33333322668383,27.70057127944335]}},{"type":"Feature","properties":{},"geometry":{"type":"Point","coordinates":[85.3331643526578,27.70065015722903]}},{"type":"Feature","properties":{},"geometry":{"type":"Point","coordinates":[85.33311353246758,27.700716090384265]}},{"type":"Feature","properties":{},"geometry":{"type":"Point","coordinates":[85.33320803328203,27.700670813628935]}},{"type":"Feature","properties":{},"geometry":{"type":"Point","coordinates":[85.33327887506545,27.700633457057005]}},{"type":"Feature","properties":{},"geometry":{"type":"Point","coordinates":[85.33368105300065,27.70048623397442]}},{"type":"Feature","properties":{},"geometry":{"type":"Point","coordinates":[85.33357575927523,27.70049647139498]}},{"type":"Feature","properties":{},"geometry":{"type":"Point","coordinates":[85.33347602778629,27.700737185120733]}},{"type":"Feature","properties":{},"geometry":{"type":"Point","coordinates":[85.33347226809356,27.70072715404246]}},{"type":"Feature","properties":{},"geometry":{"type":"Point","coordinates":[85.33351029843655,27.700706515626692]}},{"type":"Feature","properties":{},"geometry":{"type":"Point","coordinates":[85.3335167045749,27.700850561289933]}},{"type":"Feature","properties":{},"geometry":{"type":"Point","coordinates":[85.33341396002476,27.70084263023232]}},{"type":"Feature","properties":{},"geometry":{"type":"Point","coordinates":[85.33337204832631,27.70091729188905]}},{"type":"Feature","properties":{},"geometry":{"type":"Point","coordinates":[85.33327208150043,27.70091761188681]}},{"type":"Feature","properties":{},"geometry":{"type":"Point","coordinates":[85.33309371470726,27.701165340837722]}},{"type":"Feature","properties":{},"geometry":{"type":"Point","coordinates":[85.33310508683873,27.70116108595639]}},{"type":"Feature","properties":{},"geometry":{"type":"Point","coordinates":[85.33323859225648,27.701139861572955]}},{"type":"Feature","properties":{},"geometry":{"type":"Point","coordinates":[85.33322813150687,27.701104365578306]}},{"type":"Feature","properties":{},"geometry":{"type":"Point","coordinates":[85.3333324850855,27.701090173881333]}},{"type":"Feature","properties":{},"geometry":{"type":"Point","coordinates":[85.3333627718008,27.70112342744084]}},{"type":"Feature","properties":{},"geometry":{"type":"Point","coordinates":[85.33350240202968,27.701064555338295]}},{"type":"Feature","properties":{},"geometry":{"type":"Point","coordinates":[85.33351383403772,27.701063432091033]}},{"type":"Feature","properties":{},"geometry":{"type":"Point","coordinates":[85.33353430290357,27.7010988247085]}},{"type":"Feature","properties":{},"geometry":{"type":"Point","coordinates":[85.3336292737217,27.701079887950577]}},{"type":"Feature","properties":{},"geometry":{"type":"Point","coordinates":[85.33378847528715,27.701016761842194]}},{"type":"Feature","properties":{},"geometry":{"type":"Point","coordinates":[85.33387328535285,27.701038879687943]}},{"type":"Feature","properties":{},"geometry":{"type":"Point","coordinates":[85.33394393963155,27.700995978859858]}},{"type":"Feature","properties":{},"geometry":{"type":"Point","coordinates":[85.33401351470405,27.701017377157132]}},{"type":"Feature","properties":{},"geometry":{"type":"Point","coordinates":[85.33413332363953,27.70096555486829]}},{"type":"Feature","properties":{},"geometry":{"type":"Point","coordinates":[85.33428790529186,27.700977510829528]}},{"type":"Feature","properties":{},"geometry":{"type":"Point","coordinates":[85.3342509861821,27.700938674809258]}},{"type":"Feature","properties":{},"geometry":{"type":"Point","coordinates":[85.33425376732978,27.700880945927928]}},{"type":"Feature","properties":{},"geometry":{"type":"Point","coordinates":[85.33427918785638,27.700806847314166]}},{"type":"Feature","properties":{},"geometry":{"type":"Point","coordinates":[85.3344104736958,27.700909166007897]}},{"type":"Feature","properties":{},"geometry":{"type":"Point","coordinates":[85.33443442528912,27.700934925058082]}},{"type":"Feature","properties":{},"geometry":{"type":"Point","coordinates":[85.33441529590567,27.700896446613292]}},{"type":"Feature","properties":{},"geometry":{"type":"Point","coordinates":[85.33445876702284,27.700908285796395]}},{"type":"Feature","properties":{},"geometry":{"type":"Point","coordinates":[85.33403268892572,27.701632589658207]}},{"type":"Feature","properties":{},"geometry":{"type":"Point","coordinates":[85.33404260158886,27.7015961782125]}},{"type":"Feature","properties":{},"geometry":{"type":"Point","coordinates":[85.3342945783,27.70167101811896]}},{"type":"Feature","properties":{},"geometry":{"type":"Point","coordinates":[85.33445278619158,27.701675359416058]}},{"type":"Feature","properties":{},"geometry":{"type":"Point","coordinates":[85.33389766030757,27.701598656036545]}},{"type":"Feature","properties":{},"geometry":{"type":"Point","coordinates":[85.33391300239676,27.701492409207432]}},{"type":"Feature","properties":{},"geometry":{"type":"Point","coordinates":[85.33394393639641,27.701442822610364]}},{"type":"Feature","properties":{},"geometry":{"type":"Point","coordinates":[85.33394096414861,27.70142233775121]}},{"type":"Feature","properties":{},"geometry":{"type":"Point","coordinates":[85.33391141970013,27.70139907996693]}},{"type":"Feature","properties":{},"geometry":{"type":"Point","coordinates":[85.33390865210886,27.70131719795534]}},{"type":"Feature","properties":{},"geometry":{"type":"Point","coordinates":[85.33391460222248,27.701318014168766]}},{"type":"Feature","properties":{},"geometry":{"type":"Point","coordinates":[85.33402741248646,27.70173174535246]}},{"type":"Feature","properties":{},"geometry":{"type":"Point","coordinates":[85.33402965043565,27.70177980963669]}},{"type":"Feature","properties":{},"geometry":{"type":"Point","coordinates":[85.33404085864217,27.701799765431442]}},{"type":"Feature","properties":{},"geometry":{"type":"Point","coordinates":[85.3340497189811,27.701779293001692]}},{"type":"Feature","properties":{},"geometry":{"type":"Point","coordinates":[85.33405037545198,27.701784273955443]}},{"type":"Feature","properties":{},"geometry":{"type":"Point","coordinates":[85.33424208264537,27.701546307413572]}},{"type":"Feature","properties":{},"geometry":{"type":"Point","coordinates":[85.33421758133937,27.701459663769842]}},{"type":"Feature","properties":{},"geometry":{"type":"Point","coordinates":[85.3342538044955,27.701396450852727]}},{"type":"Feature","properties":{},"geometry":{"type":"Point","coordinates":[85.334332736384,27.70173478575579]}},{"type":"Feature","properties":{},"geometry":{"type":"Point","coordinates":[85.33430822564262,27.701870547643487]}},{"type":"Feature","properties":{},"geometry":{"type":"Point","coordinates":[85.33457595965601,27.70138037862391]}},{"type":"Feature","properties":{},"geometry":{"type":"Point","coordinates":[85.33448153393044,27.70173025815293]}},{"type":"Feature","properties":{},"geometry":{"type":"Point","coordinates":[85.33469109657011,27.701749907834635]}},{"type":"Feature","properties":{},"geometry":{"type":"Point","coordinates":[85.33478082816778,27.701737321702705]}},{"type":"Feature","properties":{},"geometry":{"type":"Point","coordinates":[85.33473370288715,27.701717750726843]}},{"type":"Feature","properties":{},"geometry":{"type":"Point","coordinates":[85.33464558108571,27.7016713384003]}},{"type":"Feature","properties":{},"geometry":{"type":"Point","coordinates":[85.33452402765866,27.701864104103976]}},{"type":"Feature","properties":{},"geometry":{"type":"Point","coordinates":[85.33467918988174,27.701586422771292]}},{"type":"Feature","properties":{},"geometry":{"type":"Point","coordinates":[85.33470697455864,27.701534928024138]}},{"type":"Feature","properties":{},"geometry":{"type":"Point","coordinates":[85.3347406224679,27.701861077795137]}},{"type":"Feature","properties":{},"geometry":{"type":"Point","coordinates":[85.33497591929779,27.70159515363415]}},{"type":"Feature","properties":{},"geometry":{"type":"Point","coordinates":[85.33494216830518,27.701631609677783]}},{"type":"Feature","properties":{},"geometry":{"type":"Point","coordinates":[85.33489459268078,27.70162139730529]}},{"type":"Feature","properties":{},"geometry":{"type":"Point","coordinates":[85.33482071901001,27.701542933595118]}},{"type":"Feature","properties":{},"geometry":{"type":"Point","coordinates":[85.33480122576144,27.701537219734842]}},{"type":"Feature","properties":{},"geometry":{"type":"Point","coordinates":[85.33509719825891,27.701755045118595]}},{"type":"Feature","properties":{},"geometry":{"type":"Point","coordinates":[85.3350214935525,27.701813537825398]}},{"type":"Feature","properties":{},"geometry":{"type":"Point","coordinates":[85.33501018150866,27.7019016667328]}},{"type":"Feature","properties":{},"geometry":{"type":"Point","coordinates":[85.33498876907716,27.70188323182709]}},{"type":"Feature","properties":{},"geometry":{"type":"Point","coordinates":[85.3351487018936,27.701647388194587]}},{"type":"Feature","properties":{},"geometry":{"type":"Point","coordinates":[85.33448557671284,27.701022483171386]}},{"type":"Feature","properties":{},"geometry":{"type":"Point","coordinates":[85.33445183180626,27.701167778671856]}},{"type":"Feature","properties":{},"geometry":{"type":"Point","coordinates":[85.33428886416912,27.7011106666516]}},{"type":"Feature","properties":{},"geometry":{"type":"Point","coordinates":[85.334303489122,27.701088394378385]}},{"type":"Feature","properties":{},"geometry":{"type":"Point","coordinates":[85.33418872306741,27.701121712927176]}},{"type":"Feature","properties":{},"geometry":{"type":"Point","coordinates":[85.33392349030082,27.7011677543976]}},{"type":"Feature","properties":{},"geometry":{"type":"Point","coordinates":[85.33388753957085,27.7011575597458]}},{"type":"Feature","properties":{},"geometry":{"type":"Point","coordinates":[85.33495369870747,27.70125285118949]}},{"type":"Feature","properties":{},"geometry":{"type":"Point","coordinates":[85.33490875578727,27.701207366310886]}},{"type":"Feature","properties":{},"geometry":{"type":"Point","coordinates":[85.3348959997687,27.70119511058023]}},{"type":"Feature","properties":{},"geometry":{"type":"Point","coordinates":[85.33370631873176,27.700252079785336]}},{"type":"Feature","properties":{},"geometry":{"type":"Point","coordinates":[85.33554605347713,27.702544195206755]}},{"type":"Feature","properties":{},"geometry":{"type":"Point","coordinates":[85.33555785650535,27.702567409027917]}},{"type":"Feature","properties":{},"geometry":{"type":"Point","coordinates":[85.33559289416715,27.702635534247456]}},{"type":"Feature","properties":{},"geometry":{"type":"Point","coordinates":[85.33548749981125,27.70242291398924]}},{"type":"Feature","properties":{},"geometry":{"type":"Point","coordinates":[85.3354912160709,27.70242900756898]}},{"type":"Feature","properties":{},"geometry":{"type":"Point","coordinates":[85.33542593075434,27.702329475385486]}},{"type":"Feature","properties":{},"geometry":{"type":"Point","coordinates":[85.33537397683763,27.702254682647308]}},{"type":"Feature","properties":{},"geometry":{"type":"Point","coordinates":[85.33537700720713,27.702249311001477]}},{"type":"Feature","properties":{},"geometry":{"type":"Point","coordinates":[85.33566853424578,27.70228899314051]}},{"type":"Feature","properties":{},"geometry":{"type":"Point","coordinates":[85.33578236870792,27.702542176095818]}},{"type":"Feature","properties":{},"geometry":{"type":"Point","coordinates":[85.33577428986602,27.702531548009258]}},{"type":"Feature","properties":{},"geometry":{"type":"Point","coordinates":[85.33582676699558,27.70268662429104]}},{"type":"Feature","properties":{},"geometry":{"type":"Point","coordinates":[85.33562710369371,27.70221220962445]}},{"type":"Feature","properties":{},"geometry":{"type":"Point","coordinates":[85.33558077894207,27.70212323155366]}},{"type":"Feature","properties":{},"geometry":{"type":"Point","coordinates":[85.33554514940253,27.702033982231047]}},{"type":"Feature","properties":{},"geometry":{"type":"Point","coordinates":[85.33554741303303,27.702037771279738]}},{"type":"Feature","properties":{},"geometry":{"type":"Point","coordinates":[85.33392347171879,27.702017962231924]}},{"type":"Feature","properties":{},"geometry":{"type":"Point","coordinates":[85.33421762184254,27.702924110339104]}},{"type":"Feature","properties":{},"geometry":{"type":"Point","coordinates":[85.33361406408402,27.702199277237785]}},{"type":"Feature","properties":{},"geometry":{"type":"Point","coordinates":[85.33529620460509,27.702590851986127]}},{"type":"Feature","properties":{},"geometry":{"type":"Point","coordinates":[85.33316279670048,27.7023639977429]}},{"type":"Feature","properties":{},"geometry":{"type":"Point","coordinates":[85.33300866361716,27.702469178839436]}},{"type":"Feature","properties":{},"geometry":{"type":"Point","coordinates":[85.33510037893177,27.70173857030021]}},{"type":"Feature","properties":{},"geometry":{"type":"Point","coordinates":[85.33381396418137,27.700453136017664]}},{"type":"Feature","properties":{},"geometry":{"type":"Point","coordinates":[85.3337812792849,27.70061478387747]}},{"type":"Feature","properties":{},"geometry":{"type":"Point","coordinates":[85.3338170375308,27.700753242221495]}},{"type":"Feature","properties":{},"geometry":{"type":"Point","coordinates":[85.33383651685351,27.700778215575795]}},{"type":"Feature","properties":{},"geometry":{"type":"Point","coordinates":[85.33383655458817,27.700776399195476]}},{"type":"Feature","properties":{},"geometry":{"type":"Point","coordinates":[85.33383565524015,27.70077505801189]}},{"type":"Feature","properties":{},"geometry":{"type":"Point","coordinates":[85.33383436632495,27.7007727942457]}},{"type":"Feature","properties":{},"geometry":{"type":"Point","coordinates":[85.33383307910101,27.700769885176154]}},{"type":"Feature","properties":{},"geometry":{"type":"Point","coordinates":[85.33377480268209,27.700768366076908]}},{"type":"Feature","properties":{},"geometry":{"type":"Point","coordinates":[85.32769785305511,27.705291274725976]}},{"type":"Feature","properties":{},"geometry":{"type":"Point","coordinates":[85.32796017952725,27.70520825927611]}},{"type":"Feature","properties":{},"geometry":{"type":"Point","coordinates":[85.32795721213562,27.70520754291113]}},{"type":"Feature","properties":{},"geometry":{"type":"Point","coordinates":[85.32803570329143,27.705189764009372]}},{"type":"Feature","properties":{},"geometry":{"type":"Point","coordinates":[85.32805271375697,27.705184742810488]}},{"type":"Feature","properties":{},"geometry":{"type":"Point","coordinates":[85.32810490330154,27.705170271722732]}},{"type":"Feature","properties":{},"geometry":{"type":"Point","coordinates":[85.32777562456664,27.705147802885552]}},{"type":"Feature","properties":{},"geometry":{"type":"Point","coordinates":[85.32774890012266,27.70506719383644]}},{"type":"Feature","properties":{},"geometry":{"type":"Point","coordinates":[85.32779949330016,27.705116972255553]}},{"type":"Feature","properties":{},"geometry":{"type":"Point","coordinates":[85.32774280990192,27.704902668696953]}},{"type":"Feature","properties":{},"geometry":{"type":"Point","coordinates":[85.32770724028258,27.704745763245622]}},{"type":"Feature","properties":{},"geometry":{"type":"Point","coordinates":[85.32764500591927,27.70473288475091]}},{"type":"Feature","properties":{},"geometry":{"type":"Point","coordinates":[85.32766719849201,27.70466593916808]}},{"type":"Feature","properties":{},"geometry":{"type":"Point","coordinates":[85.32765958406796,27.704651499363248]}},{"type":"Feature","properties":{},"geometry":{"type":"Point","coordinates":[85.32847364071753,27.704974932145035]}},{"type":"Feature","properties":{},"geometry":{"type":"Point","coordinates":[85.32852592679586,27.704947532145173]}},{"type":"Feature","properties":{},"geometry":{"type":"Point","coordinates":[85.3284654446495,27.704923801263877]}},{"type":"Feature","properties":{},"geometry":{"type":"Point","coordinates":[85.32843490883654,27.704760175000096]}},{"type":"Feature","properties":{},"geometry":{"type":"Point","coordinates":[85.32845522970085,27.704645484407553]}},{"type":"Feature","properties":{},"geometry":{"type":"Point","coordinates":[85.32825259432047,27.705126418986524]}},{"type":"Feature","properties":{},"geometry":{"type":"Point","coordinates":[85.32816509161269,27.705151688636377]}},{"type":"Feature","properties":{},"geometry":{"type":"Point","coordinates":[85.32832315827224,27.705105989066233]}},{"type":"Feature","properties":{},"geometry":{"type":"Point","coordinates":[85.32841436041174,27.70507664926774]}},{"type":"Feature","properties":{},"geometry":{"type":"Point","coordinates":[85.32860352938556,27.705027083872906]}},{"type":"Feature","properties":{},"geometry":{"type":"Point","coordinates":[85.32876625846438,27.704986235321392]}},{"type":"Feature","properties":{},"geometry":{"type":"Point","coordinates":[85.32890127171629,27.704950729921336]}},{"type":"Feature","properties":{},"geometry":{"type":"Point","coordinates":[85.3289293844552,27.704953536869336]}},{"type":"Feature","properties":{},"geometry":{"type":"Point","coordinates":[85.32845281670666,27.70463680524237]}},{"type":"Feature","properties":{},"geometry":{"type":"Point","coordinates":[85.32838115070608,27.70430707271887]}},{"type":"Feature","properties":{},"geometry":{"type":"Point","coordinates":[85.32833080254866,27.704287059015947]}},{"type":"Feature","properties":{},"geometry":{"type":"Point","coordinates":[85.32834341490538,27.70427052861183]}},{"type":"Feature","properties":{},"geometry":{"type":"Point","coordinates":[85.32918081297578,27.704885173943772]}},{"type":"Feature","properties":{},"geometry":{"type":"Point","coordinates":[85.32920528572731,27.704878896067378]}},{"type":"Feature","properties":{},"geometry":{"type":"Point","coordinates":[85.32931358391922,27.70485672156415]}},{"type":"Feature","properties":{},"geometry":{"type":"Point","coordinates":[85.32934624634393,27.704846243663884]}},{"type":"Feature","properties":{},"geometry":{"type":"Point","coordinates":[85.32944376060377,27.70481863191747]}},{"type":"Feature","properties":{},"geometry":{"type":"Point","coordinates":[85.32948540495357,27.704808395053846]}},{"type":"Feature","properties":{},"geometry":{"type":"Point","coordinates":[85.32962360923884,27.704763356812006]}},{"type":"Feature","properties":{},"geometry":{"type":"Point","coordinates":[85.3296496046459,27.704757971798983]}},{"type":"Feature","properties":{},"geometry":{"type":"Point","coordinates":[85.32978818822839,27.704712989410336]}},{"type":"Feature","properties":{},"geometry":{"type":"Point","coordinates":[85.32969155841906,27.704746125750344]}},{"type":"Feature","properties":{},"geometry":{"type":"Point","coordinates":[85.32981761362825,27.704703979595745]}},{"type":"Feature","properties":{},"geometry":{"type":"Point","coordinates":[85.3291237798412,27.704812509061682]}},{"type":"Feature","properties":{},"geometry":{"type":"Point","coordinates":[85.32912436812636,27.704810437592407]}},{"type":"Feature","properties":{},"geometry":{"type":"Point","coordinates":[85.32906737444576,27.704723742139347]}},{"type":"Feature","properties":{},"geometry":{"type":"Point","coordinates":[85.32904150832051,27.704685105876546]}},{"type":"Feature","properties":{},"geometry":{"type":"Point","coordinates":[85.32905231215325,27.704816336936393]}},{"type":"Feature","properties":{},"geometry":{"type":"Point","coordinates":[85.32902843943099,27.704775519806535]}},{"type":"Feature","properties":{},"geometry":{"type":"Point","coordinates":[85.32902744212423,27.704773421977304]}},{"type":"Feature","properties":{},"geometry":{"type":"Point","coordinates":[85.32989766104596,27.704681120794216]}},{"type":"Feature","properties":{},"geometry":{"type":"Point","coordinates":[85.32989805909659,27.704680952307214]}},{"type":"Feature","properties":{},"geometry":{"type":"Point","coordinates":[85.32989888193714,27.704680723961737]}},{"type":"Feature","properties":{},"geometry":{"type":"Point","coordinates":[85.32990123897898,27.704680500587976]}},{"type":"Feature","properties":{},"geometry":{"type":"Point","coordinates":[85.32996948417374,27.704657476787105]}},{"type":"Feature","properties":{},"geometry":{"type":"Point","coordinates":[85.3301234819885,27.704608783710746]}},{"type":"Feature","properties":{},"geometry":{"type":"Point","coordinates":[85.33012562894778,27.70459951515818]}},{"type":"Feature","properties":{},"geometry":{"type":"Point","coordinates":[85.33012742575664,27.704598590059355]}},{"type":"Feature","properties":{},"geometry":{"type":"Point","coordinates":[85.33015656854944,27.704596814303756]}},{"type":"Feature","properties":{},"geometry":{"type":"Point","coordinates":[85.33002221111401,27.704641180169666]}},{"type":"Feature","properties":{},"geometry":{"type":"Point","coordinates":[85.33003401177112,27.704638316140873]}},{"type":"Feature","properties":{},"geometry":{"type":"Point","coordinates":[85.33018473281426,27.704592571804266]}},{"type":"Feature","properties":{},"geometry":{"type":"Point","coordinates":[85.33022681637038,27.7045783218609]}},{"type":"Feature","properties":{},"geometry":{"type":"Point","coordinates":[85.33027048490587,27.70456000879234]}},{"type":"Feature","properties":{},"geometry":{"type":"Point","coordinates":[85.33028462231344,27.704553391246492]}},{"type":"Feature","properties":{},"geometry":{"type":"Point","coordinates":[85.33040444421115,27.704519400604486]}},{"type":"Feature","properties":{},"geometry":{"type":"Point","coordinates":[85.33046286127038,27.704502082164453]}},{"type":"Feature","properties":{},"geometry":{"type":"Point","coordinates":[85.33047350568172,27.704498697821876]}},{"type":"Feature","properties":{},"geometry":{"type":"Point","coordinates":[85.33053415731155,27.704483137391076]}},{"type":"Feature","properties":{},"geometry":{"type":"Point","coordinates":[85.33053523009023,27.704483077222566]}},{"type":"Feature","properties":{},"geometry":{"type":"Point","coordinates":[85.3305383375102,27.70448172296767]}},{"type":"Feature","properties":{},"geometry":{"type":"Point","coordinates":[85.33061403921843,27.70445994041982]}},{"type":"Feature","properties":{},"geometry":{"type":"Point","coordinates":[85.33085808068687,27.704383688160437]}},{"type":"Feature","properties":{},"geometry":{"type":"Point","coordinates":[85.33094195096191,27.704350284319116]}},{"type":"Feature","properties":{},"geometry":{"type":"Point","coordinates":[85.33095605947557,27.70434922515609]}},{"type":"Feature","properties":{},"geometry":{"type":"Point","coordinates":[85.33099212900851,27.704337670580273]}},{"type":"Feature","properties":{},"geometry":{"type":"Point","coordinates":[85.33109877760681,27.704310291417958]}},{"type":"Feature","properties":{},"geometry":{"type":"Point","coordinates":[85.33105658442665,27.704322296574357]}},{"type":"Feature","properties":{},"geometry":{"type":"Point","coordinates":[85.33111457878276,27.704306420445075]}},{"type":"Feature","properties":{},"geometry":{"type":"Point","coordinates":[85.33124282744053,27.704268070251498]}},{"type":"Feature","properties":{},"geometry":{"type":"Point","coordinates":[85.33129758244038,27.70425595201895]}},{"type":"Feature","properties":{},"geometry":{"type":"Point","coordinates":[85.33134083523925,27.704232886179422]}},{"type":"Feature","properties":{},"geometry":{"type":"Point","coordinates":[85.331342843765,27.70423204123562]}},{"type":"Feature","properties":{},"geometry":{"type":"Point","coordinates":[85.33134412305297,27.7042316712679]}},{"type":"Feature","properties":{},"geometry":{"type":"Point","coordinates":[85.33147182171778,27.7041929351556]}},{"type":"Feature","properties":{},"geometry":{"type":"Point","coordinates":[85.33152136235493,27.704179418208042]}},{"type":"Feature","properties":{},"geometry":{"type":"Point","coordinates":[85.33162629928364,27.704145018725697]}},{"type":"Feature","properties":{},"geometry":{"type":"Point","coordinates":[85.33167123185358,27.704130778298616]}},{"type":"Feature","properties":{},"geometry":{"type":"Point","coordinates":[85.33170041311905,27.704066742090884]}},{"type":"Feature","properties":{},"geometry":{"type":"Point","coordinates":[85.33167435031159,27.704008920228404]}},{"type":"Feature","properties":{},"geometry":{"type":"Point","coordinates":[85.33165119850517,27.704005179023266]}},{"type":"Feature","properties":{},"geometry":{"type":"Point","coordinates":[85.33163684131948,27.70392427382162]}},{"type":"Feature","properties":{},"geometry":{"type":"Point","coordinates":[85.33158244011953,27.703848233601065]}},{"type":"Feature","properties":{},"geometry":{"type":"Point","coordinates":[85.33183077593664,27.704084565335986]}},{"type":"Feature","properties":{},"geometry":{"type":"Point","coordinates":[85.3319630596623,27.704026974691452]}},{"type":"Feature","properties":{},"geometry":{"type":"Point","coordinates":[85.33182971955459,27.704084881133866]}},{"type":"Feature","properties":{},"geometry":{"type":"Point","coordinates":[85.33205441792,27.704015854082275]}},{"type":"Feature","properties":{},"geometry":{"type":"Point","coordinates":[85.33212060123628,27.70399692899899]}},{"type":"Feature","properties":{},"geometry":{"type":"Point","coordinates":[85.33212199193707,27.70399650079798]}},{"type":"Feature","properties":{},"geometry":{"type":"Point","coordinates":[85.33220159896682,27.703968797655634]}},{"type":"Feature","properties":{},"geometry":{"type":"Point","coordinates":[85.33220378986358,27.70396762907565]}},{"type":"Feature","properties":{},"geometry":{"type":"Point","coordinates":[85.3322707120615,27.703951458377386]}},{"type":"Feature","properties":{},"geometry":{"type":"Point","coordinates":[85.33227342780125,27.70395078530137]}},{"type":"Feature","properties":{},"geometry":{"type":"Point","coordinates":[85.33227436167225,27.70395025682739]}},{"type":"Feature","properties":{},"geometry":{"type":"Point","coordinates":[85.33227324962189,27.70394963240368]}},{"type":"Feature","properties":{},"geometry":{"type":"Point","coordinates":[85.33239579479739,27.703909124801953]}},{"type":"Feature","properties":{},"geometry":{"type":"Point","coordinates":[85.33239751504365,27.703908764649047]}},{"type":"Feature","properties":{},"geometry":{"type":"Point","coordinates":[85.33239904694324,27.70390838688384]}},{"type":"Feature","properties":{},"geometry":{"type":"Point","coordinates":[85.33240040825022,27.70390809100068]}},{"type":"Feature","properties":{},"geometry":{"type":"Point","coordinates":[85.33249956994474,27.703877137599935]}},{"type":"Feature","properties":{},"geometry":{"type":"Point","coordinates":[85.33264874963892,27.703841799099916]}},{"type":"Feature","properties":{},"geometry":{"type":"Point","coordinates":[85.3326230679594,27.703769951851537]}},{"type":"Feature","properties":{},"geometry":{"type":"Point","coordinates":[85.33257380533573,27.703701048982953]}},{"type":"Feature","properties":{},"geometry":{"type":"Point","coordinates":[85.33255165663611,27.70367382122128]}},{"type":"Feature","properties":{},"geometry":{"type":"Point","coordinates":[85.33113117644285,27.704195576267043]}},{"type":"Feature","properties":{},"geometry":{"type":"Point","coordinates":[85.33110533293583,27.704154213136356]}},{"type":"Feature","properties":{},"geometry":{"type":"Point","coordinates":[85.33108343070772,27.704085290332955]}},{"type":"Feature","properties":{},"geometry":{"type":"Point","coordinates":[85.33108927648271,27.70405772293852]}},{"type":"Feature","properties":{},"geometry":{"type":"Point","coordinates":[85.33108855091776,27.704054758341286]}},{"type":"Feature","properties":{},"geometry":{"type":"Point","coordinates":[85.3310667507265,27.704043497045262]}},{"type":"Feature","properties":{},"geometry":{"type":"Point","coordinates":[85.33103857709189,27.703965547139113]}},{"type":"Feature","properties":{},"geometry":{"type":"Point","coordinates":[85.33102660339661,27.703880577562444]}},{"type":"Feature","properties":{},"geometry":{"type":"Point","coordinates":[85.33100807909149,27.703884877800913]}},{"type":"Feature","properties":{},"geometry":{"type":"Point","coordinates":[85.33098377248727,27.703761597927024]}},{"type":"Feature","properties":{},"geometry":{"type":"Point","coordinates":[85.33096409043362,27.703705916102123]}},{"type":"Feature","properties":{},"geometry":{"type":"Point","coordinates":[85.3310892477804,27.70370006927822]}},{"type":"Feature","properties":{},"geometry":{"type":"Point","coordinates":[85.33100754231492,27.70388116907098]}},{"type":"Feature","properties":{},"geometry":{"type":"Point","coordinates":[85.33102713785343,27.70388517166547]}},{"type":"Feature","properties":{},"geometry":{"type":"Point","coordinates":[85.33073058651692,27.70435806896911]}},{"type":"Feature","properties":{},"geometry":{"type":"Point","coordinates":[85.33069399895048,27.704225925045197]}},{"type":"Feature","properties":{},"geometry":{"type":"Point","coordinates":[85.33066684696303,27.704129905717117]}},{"type":"Feature","properties":{},"geometry":{"type":"Point","coordinates":[85.33060498124335,27.704108262024032]}},{"type":"Feature","properties":{},"geometry":{"type":"Point","coordinates":[85.33062147649716,27.70399971277047]}},{"type":"Feature","properties":{},"geometry":{"type":"Point","coordinates":[85.33064783404576,27.704082167136697]}},{"type":"Feature","properties":{},"geometry":{"type":"Point","coordinates":[85.33031443010698,27.704129126611964]}},{"type":"Feature","properties":{},"geometry":{"type":"Point","coordinates":[85.3302852766088,27.704120025654007]}},{"type":"Feature","properties":{},"geometry":{"type":"Point","coordinates":[85.33028383168127,27.704120551560056]}},{"type":"Feature","properties":{},"geometry":{"type":"Point","coordinates":[85.330275836386,27.70414375804176]}},{"type":"Feature","properties":{},"geometry":{"type":"Point","coordinates":[85.33017797156711,27.704158682649396]}},{"type":"Feature","properties":{},"geometry":{"type":"Point","coordinates":[85.33018081179551,27.704175607217643]}},{"type":"Feature","properties":{},"geometry":{"type":"Point","coordinates":[85.33007673469527,27.704193536313177]}},{"type":"Feature","properties":{},"geometry":{"type":"Point","coordinates":[85.33048075197043,27.703563494050535]}},{"type":"Feature","properties":{},"geometry":{"type":"Point","coordinates":[85.33051304119886,27.703660091627015]}},{"type":"Feature","properties":{},"geometry":{"type":"Point","coordinates":[85.33055138216733,27.703726127847194]}},{"type":"Feature","properties":{},"geometry":{"type":"Point","coordinates":[85.33057010794593,27.703826959057622]}},{"type":"Feature","properties":{},"geometry":{"type":"Point","coordinates":[85.33052213072249,27.703847690547857]}},{"type":"Feature","properties":{},"geometry":{"type":"Point","coordinates":[85.33068314614921,27.70385863706077]}},{"type":"Feature","properties":{},"geometry":{"type":"Point","coordinates":[85.330689131021,27.703855911328844]}},{"type":"Feature","properties":{},"geometry":{"type":"Point","coordinates":[85.33074060445011,27.703824403078517]}},{"type":"Feature","properties":{},"geometry":{"type":"Point","coordinates":[85.3307375738366,27.70382177892429]}},{"type":"Feature","properties":{},"geometry":{"type":"Point","coordinates":[85.33073452462692,27.703818910857397]}},{"type":"Feature","properties":{},"geometry":{"type":"Point","coordinates":[85.33017768770321,27.70381558503375]}},{"type":"Feature","properties":{},"geometry":{"type":"Point","coordinates":[85.33028720094809,27.703822619145964]}},{"type":"Feature","properties":{},"geometry":{"type":"Point","coordinates":[85.33000280598556,27.703874771121043]}},{"type":"Feature","properties":{},"geometry":{"type":"Point","coordinates":[85.3299439894671,27.703891170274872]}},{"type":"Feature","properties":{},"geometry":{"type":"Point","coordinates":[85.32984474565123,27.703884394270933]}},{"type":"Feature","properties":{},"geometry":{"type":"Point","coordinates":[85.32982477317675,27.703841892335248]}},{"type":"Feature","properties":{},"geometry":{"type":"Point","coordinates":[85.32978736570328,27.70368190278929]}},{"type":"Feature","properties":{},"geometry":{"type":"Point","coordinates":[85.3297838429415,27.703682964103397]}},{"type":"Feature","properties":{},"geometry":{"type":"Point","coordinates":[85.32986922737757,27.703948220082957]}},{"type":"Feature","properties":{},"geometry":{"type":"Point","coordinates":[85.32925442875157,27.70443287638599]}},{"type":"Feature","properties":{},"geometry":{"type":"Point","coordinates":[85.32920606683861,27.70446471313671]}},{"type":"Feature","properties":{},"geometry":{"type":"Point","coordinates":[85.32905879529547,27.70451193128639]}},{"type":"Feature","properties":{},"geometry":{"type":"Point","coordinates":[85.32885439313785,27.704523969578815]}},{"type":"Feature","properties":{},"geometry":{"type":"Point","coordinates":[85.3288534084961,27.704525499245342]}},{"type":"Feature","properties":{},"geometry":{"type":"Point","coordinates":[85.32879083819218,27.704282815625692]}},{"type":"Feature","properties":{},"geometry":{"type":"Point","coordinates":[85.32879100276467,27.704277606295136]}},{"type":"Feature","properties":{},"geometry":{"type":"Point","coordinates":[85.3288447484842,27.70419605459928]}},{"type":"Feature","properties":{},"geometry":{"type":"Point","coordinates":[85.32882103049823,27.70413977412912]}},{"type":"Feature","properties":{},"geometry":{"type":"Point","coordinates":[85.32921300117907,27.704039413745132]}},{"type":"Feature","properties":{},"geometry":{"type":"Point","coordinates":[85.32919113125541,27.704340157100848]}},{"type":"Feature","properties":{},"geometry":{"type":"Point","coordinates":[85.32921366191958,27.70432356581646]}},{"type":"Feature","properties":{},"geometry":{"type":"Point","coordinates":[85.32916519930644,27.70428853960644]}},{"type":"Feature","properties":{},"geometry":{"type":"Point","coordinates":[85.32916135593273,27.704289810035526]}},{"type":"Feature","properties":{},"geometry":{"type":"Point","coordinates":[85.32907632323709,27.704365463313525]}},{"type":"Feature","properties":{},"geometry":{"type":"Point","coordinates":[85.3291082162377,27.704363013376035]}},{"type":"Feature","properties":{},"geometry":{"type":"Point","coordinates":[85.32903864713109,27.704327912864375]}},{"type":"Feature","properties":{},"geometry":{"type":"Point","coordinates":[85.32903685546566,27.70432816741711]}},{"type":"Feature","properties":{},"geometry":{"type":"Point","coordinates":[85.32931574100027,27.70428550627754]}},{"type":"Feature","properties":{},"geometry":{"type":"Point","coordinates":[85.3294647050484,27.704192262014903]}},{"type":"Feature","properties":{},"geometry":{"type":"Point","coordinates":[85.32971988587364,27.70411988274951]}},{"type":"Feature","properties":{},"geometry":{"type":"Point","coordinates":[85.32982939768179,27.704090742140828]}},{"type":"Feature","properties":{},"geometry":{"type":"Point","coordinates":[85.32986200822921,27.70411774183894]}},{"type":"Feature","properties":{},"geometry":{"type":"Point","coordinates":[85.32923599394441,27.70400999288162]}},{"type":"Feature","properties":{},"geometry":{"type":"Point","coordinates":[85.32917494318177,27.703953322344216]}},{"type":"Feature","properties":{},"geometry":{"type":"Point","coordinates":[85.32939501768475,27.703781320756196]}},{"type":"Feature","properties":{},"geometry":{"type":"Point","coordinates":[85.32939577562477,27.703779893947566]}},{"type":"Feature","properties":{},"geometry":{"type":"Point","coordinates":[85.3290660536089,27.703586447671707]}},{"type":"Feature","properties":{},"geometry":{"type":"Point","coordinates":[85.32907951069241,27.70364503932746]}},{"type":"Feature","properties":{},"geometry":{"type":"Point","coordinates":[85.32915678728988,27.703767985878866]}},{"type":"Feature","properties":{},"geometry":{"type":"Point","coordinates":[85.32877193998755,27.703903497065127]}},{"type":"Feature","properties":{},"geometry":{"type":"Point","coordinates":[85.32839007904664,27.70392872195749]}},{"type":"Feature","properties":{},"geometry":{"type":"Point","coordinates":[85.32843725105059,27.703917600863694]}},{"type":"Feature","properties":{},"geometry":{"type":"Point","coordinates":[85.32837665223235,27.703936219752197]}},{"type":"Feature","properties":{},"geometry":{"type":"Point","coordinates":[85.32871428254585,27.704099197415815]}},{"type":"Feature","properties":{},"geometry":{"type":"Point","coordinates":[85.32876552809158,27.70406212476311]}},{"type":"Feature","properties":{},"geometry":{"type":"Point","coordinates":[85.32868355283891,27.704051673638663]}},{"type":"Feature","properties":{},"geometry":{"type":"Point","coordinates":[85.32868049827987,27.704046232296527]}},{"type":"Feature","properties":{},"geometry":{"type":"Point","coordinates":[85.32865589346278,27.703993255253085]}},{"type":"Feature","properties":{},"geometry":{"type":"Point","coordinates":[85.32855414814107,27.70382606698727]}},{"type":"Feature","properties":{},"geometry":{"type":"Point","coordinates":[85.32862157440086,27.70379334960302]}},{"type":"Feature","properties":{},"geometry":{"type":"Point","coordinates":[85.32854562160784,27.703754372050376]}},{"type":"Feature","properties":{},"geometry":{"type":"Point","coordinates":[85.32844493225276,27.703965383395005]}},{"type":"Feature","properties":{},"geometry":{"type":"Point","coordinates":[85.32843607474624,27.70408198322479]}},{"type":"Feature","properties":{},"geometry":{"type":"Point","coordinates":[85.328479038711,27.70409586064636]}},{"type":"Feature","properties":{},"geometry":{"type":"Point","coordinates":[85.32846224526592,27.704144667169274]}},{"type":"Feature","properties":{},"geometry":{"type":"Point","coordinates":[85.32847378004955,27.704145672899678]}},{"type":"Feature","properties":{},"geometry":{"type":"Point","coordinates":[85.32808338323224,27.70395924002725]}},{"type":"Feature","properties":{},"geometry":{"type":"Point","coordinates":[85.32795647850662,27.703958889576423]}},{"type":"Feature","properties":{},"geometry":{"type":"Point","coordinates":[85.32784280191997,27.70396400668869]}},{"type":"Feature","properties":{},"geometry":{"type":"Point","coordinates":[85.32780454384014,27.703988265351416]}},{"type":"Feature","properties":{},"geometry":{"type":"Point","coordinates":[85.32874708045493,27.703756048064875]}},{"type":"Feature","properties":{},"geometry":{"type":"Point","coordinates":[85.32875228620931,27.703774105934784]}},{"type":"Feature","properties":{},"geometry":{"type":"Point","coordinates":[85.3287721685671,27.703772588708723]}},{"type":"Feature","properties":{},"geometry":{"type":"Point","coordinates":[85.32886956220001,27.7037218949957]}},{"type":"Feature","properties":{},"geometry":{"type":"Point","coordinates":[85.32859493274155,27.703692582360375]}},{"type":"Feature","properties":{},"geometry":{"type":"Point","coordinates":[85.32858582650164,27.703649605849655]}},{"type":"Feature","properties":{},"geometry":{"type":"Point","coordinates":[85.3285048469541,27.703533202895755]}},{"type":"Feature","properties":{},"geometry":{"type":"Point","coordinates":[85.32849581861298,27.703575862967043]}},{"type":"Feature","properties":{},"geometry":{"type":"Point","coordinates":[85.32842569309912,27.703519566306504]}},{"type":"Feature","properties":{},"geometry":{"type":"Point","coordinates":[85.32833140401861,27.70352911389258]}},{"type":"Feature","properties":{},"geometry":{"type":"Point","coordinates":[85.32813917204253,27.703598369922897]}},{"type":"Feature","properties":{},"geometry":{"type":"Point","coordinates":[85.32819127167127,27.703578637634482]}},{"type":"Feature","properties":{},"geometry":{"type":"Point","coordinates":[85.32821573017604,27.703574275863772]}},{"type":"Feature","properties":{},"geometry":{"type":"Point","coordinates":[85.32822121606337,27.70357149096353]}},{"type":"Feature","properties":{},"geometry":{"type":"Point","coordinates":[85.33263347459065,27.703720439657122]}},{"type":"Feature","properties":{},"geometry":{"type":"Point","coordinates":[85.33255258458101,27.703600390102384]}},{"type":"Feature","properties":{},"geometry":{"type":"Point","coordinates":[85.3323757608092,27.703561327732206]}},{"type":"Feature","properties":{},"geometry":{"type":"Point","coordinates":[85.33237522957161,27.703560119136046]}},{"type":"Feature","properties":{},"geometry":{"type":"Point","coordinates":[85.33237463776358,27.703559426068768]}},{"type":"Feature","properties":{},"geometry":{"type":"Point","coordinates":[85.3323244710483,27.703487643019926]}},{"type":"Feature","properties":{},"geometry":{"type":"Point","coordinates":[85.33230571216788,27.70348143673422]}},{"type":"Feature","properties":{},"geometry":{"type":"Point","coordinates":[85.33222892805144,27.703431699978527]}},{"type":"Feature","properties":{},"geometry":{"type":"Point","coordinates":[85.33213657332152,27.703510771622806]}},{"type":"Feature","properties":{},"geometry":{"type":"Point","coordinates":[85.33193917603235,27.703579755972708]}},{"type":"Feature","properties":{},"geometry":{"type":"Point","coordinates":[85.33190288432132,27.703568207368182]}},{"type":"Feature","properties":{},"geometry":{"type":"Point","coordinates":[85.33188273899627,27.703542618307473]}},{"type":"Feature","properties":{},"geometry":{"type":"Point","coordinates":[85.3319408384921,27.70363866016015]}},{"type":"Feature","properties":{},"geometry":{"type":"Point","coordinates":[85.33216558910367,27.703329503804923]}},{"type":"Feature","properties":{},"geometry":{"type":"Point","coordinates":[85.33206121312077,27.70333808582958]}},{"type":"Feature","properties":{},"geometry":{"type":"Point","coordinates":[85.3320544627746,27.703292803894723]}},{"type":"Feature","properties":{},"geometry":{"type":"Point","coordinates":[85.33197071513844,27.703360486968204]}},{"type":"Feature","properties":{},"geometry":{"type":"Point","coordinates":[85.33194881174707,27.7032882131007]}},{"type":"Feature","properties":{},"geometry":{"type":"Point","coordinates":[85.33194565380376,27.70328822559126]}},{"type":"Feature","properties":{},"geometry":{"type":"Point","coordinates":[85.33179644714848,27.70335310438508]}},{"type":"Feature","properties":{},"geometry":{"type":"Point","coordinates":[85.33186171756982,27.70334730412178]}},{"type":"Feature","properties":{},"geometry":{"type":"Point","coordinates":[85.33186856621145,27.703291924060295]}},{"type":"Feature","properties":{},"geometry":{"type":"Point","coordinates":[85.331672263461,27.70331057519614]}},{"type":"Feature","properties":{},"geometry":{"type":"Point","coordinates":[85.33168639026813,27.703372360715694]}},{"type":"Feature","properties":{},"geometry":{"type":"Point","coordinates":[85.33164522755412,27.703363851796162]}},{"type":"Feature","properties":{},"geometry":{"type":"Point","coordinates":[85.3316018001959,27.703322367991685]}},{"type":"Feature","properties":{},"geometry":{"type":"Point","coordinates":[85.33158458775908,27.703322563982685]}},{"type":"Feature","properties":{},"geometry":{"type":"Point","coordinates":[85.33183191012091,27.703349932369015]}},{"type":"Feature","properties":{},"geometry":{"type":"Point","coordinates":[85.33155649227595,27.703534191877335]}},{"type":"Feature","properties":{},"geometry":{"type":"Point","coordinates":[85.33128076794083,27.70334482765457]}},{"type":"Feature","properties":{},"geometry":{"type":"Point","coordinates":[85.33127837650595,27.70334484756462]}},{"type":"Feature","properties":{},"geometry":{"type":"Point","coordinates":[85.33134330840521,27.70343120281441]}},{"type":"Feature","properties":{},"geometry":{"type":"Point","coordinates":[85.33132734099983,27.70348139337126]}},{"type":"Feature","properties":{},"geometry":{"type":"Point","coordinates":[85.33138043169059,27.70363700562021]}},{"type":"Feature","properties":{},"geometry":{"type":"Point","coordinates":[85.33141249484285,27.703657812288476]}},{"type":"Feature","properties":{},"geometry":{"type":"Point","coordinates":[85.33139898750073,27.703617169219626]}},{"type":"Feature","properties":{},"geometry":{"type":"Point","coordinates":[85.33098544128815,27.70335645903212]}},{"type":"Feature","properties":{},"geometry":{"type":"Point","coordinates":[85.33117213390119,27.703401453644403]}},{"type":"Feature","properties":{},"geometry":{"type":"Point","coordinates":[85.33117502434091,27.70339976191209]}},{"type":"Feature","properties":{},"geometry":{"type":"Point","coordinates":[85.33117737454474,27.703399919309096]}},{"type":"Feature","properties":{},"geometry":{"type":"Point","coordinates":[85.33106574171588,27.703303569320493]}},{"type":"Feature","properties":{},"geometry":{"type":"Point","coordinates":[85.33103531929498,27.70326178544304]}},{"type":"Feature","properties":{},"geometry":{"type":"Point","coordinates":[85.33105316624969,27.703242883706043]}},{"type":"Feature","properties":{},"geometry":{"type":"Point","coordinates":[85.33103177706461,27.703172578054417]}},{"type":"Feature","properties":{},"geometry":{"type":"Point","coordinates":[85.33102842575258,27.70342476326249]}},{"type":"Feature","properties":{},"geometry":{"type":"Point","coordinates":[85.33094922684735,27.703431123552793]}},{"type":"Feature","properties":{},"geometry":{"type":"Point","coordinates":[85.33092831631551,27.703434773155873]}},{"type":"Feature","properties":{},"geometry":{"type":"Point","coordinates":[85.3309048612165,27.703369087098956]}},{"type":"Feature","properties":{},"geometry":{"type":"Point","coordinates":[85.33081728136267,27.703378435690436]}},{"type":"Feature","properties":{},"geometry":{"type":"Point","coordinates":[85.33085365149248,27.703435319681613]}},{"type":"Feature","properties":{},"geometry":{"type":"Point","coordinates":[85.3308353246887,27.703442838064802]}},{"type":"Feature","properties":{},"geometry":{"type":"Point","coordinates":[85.33072692990145,27.70333377021979]}},{"type":"Feature","properties":{},"geometry":{"type":"Point","coordinates":[85.33071725509116,27.70329811386269]}},{"type":"Feature","properties":{},"geometry":{"type":"Point","coordinates":[85.33069938724653,27.703299198071953]}},{"type":"Feature","properties":{},"geometry":{"type":"Point","coordinates":[85.3306866974615,27.703209197145807]}},{"type":"Feature","properties":{},"geometry":{"type":"Point","coordinates":[85.3306487177245,27.70345590594486]}},{"type":"Feature","properties":{},"geometry":{"type":"Point","coordinates":[85.33068654791482,27.70339861792366]}},{"type":"Feature","properties":{},"geometry":{"type":"Point","coordinates":[85.3305004486761,27.703376075321184]}},{"type":"Feature","properties":{},"geometry":{"type":"Point","coordinates":[85.3305042378517,27.70337962742392]}},{"type":"Feature","properties":{},"geometry":{"type":"Point","coordinates":[85.33035428524542,27.703404858370497]}},{"type":"Feature","properties":{},"geometry":{"type":"Point","coordinates":[85.33039866006452,27.703353110694753]}},{"type":"Feature","properties":{},"geometry":{"type":"Point","coordinates":[85.33031198821577,27.703248941834687]}},{"type":"Feature","properties":{},"geometry":{"type":"Point","coordinates":[85.33028833474756,27.70330713361599]}},{"type":"Feature","properties":{},"geometry":{"type":"Point","coordinates":[85.33036228542393,27.703317520386165]}},{"type":"Feature","properties":{},"geometry":{"type":"Point","coordinates":[85.33022952051492,27.70320366263659]}},{"type":"Feature","properties":{},"geometry":{"type":"Point","coordinates":[85.32749329780006,27.70517529524203]}},{"type":"Feature","properties":{},"geometry":{"type":"Point","coordinates":[85.32742240699136,27.705054992721145]}},{"type":"Feature","properties":{},"geometry":{"type":"Point","coordinates":[85.32738464179116,27.70498813862068]}},{"type":"Feature","properties":{},"geometry":{"type":"Point","coordinates":[85.3273780747012,27.704974577000513]}},{"type":"Feature","properties":{},"geometry":{"type":"Point","coordinates":[85.327358430995,27.704937830652767]}},{"type":"Feature","properties":{},"geometry":{"type":"Point","coordinates":[85.32727440447854,27.704703442452377]}},{"type":"Feature","properties":{},"geometry":{"type":"Point","coordinates":[85.32722694938293,27.704699655027746]}},{"type":"Feature","properties":{},"geometry":{"type":"Point","coordinates":[85.3271448378043,27.704537458573057]}},{"type":"Feature","properties":{},"geometry":{"type":"Point","coordinates":[85.32713063299589,27.704520431818402]}},{"type":"Feature","properties":{},"geometry":{"type":"Point","coordinates":[85.32693017561634,27.704180530979066]}},{"type":"Feature","properties":{},"geometry":{"type":"Point","coordinates":[85.32692893164563,27.704178385929872]}},{"type":"Feature","properties":{},"geometry":{"type":"Point","coordinates":[85.32679730907618,27.7039064321579]}},{"type":"Feature","properties":{},"geometry":{"type":"Point","coordinates":[85.32679793817628,27.703905409954135]}},{"type":"Feature","properties":{},"geometry":{"type":"Point","coordinates":[85.32705272556304,27.703783567618803]}},{"type":"Feature","properties":{},"geometry":{"type":"Point","coordinates":[85.32717751650276,27.70369937870266]}},{"type":"Feature","properties":{},"geometry":{"type":"Point","coordinates":[85.32723321628006,27.703789995260532]}},{"type":"Feature","properties":{},"geometry":{"type":"Point","coordinates":[85.32723145439542,27.703692703603732]}},{"type":"Feature","properties":{},"geometry":{"type":"Point","coordinates":[85.327223881349,27.703686860149627]}},{"type":"Feature","properties":{},"geometry":{"type":"Point","coordinates":[85.32751066065948,27.703679473935914]}},{"type":"Feature","properties":{},"geometry":{"type":"Point","coordinates":[85.32751769889833,27.703676634713226]}},{"type":"Feature","properties":{},"geometry":{"type":"Point","coordinates":[85.32755014425575,27.703674192705588]}},{"type":"Feature","properties":{},"geometry":{"type":"Point","coordinates":[85.32754839982569,27.703696151397452]}},{"type":"Feature","properties":{},"geometry":{"type":"Point","coordinates":[85.3272445311451,27.70367757786362]}},{"type":"Feature","properties":{},"geometry":{"type":"Point","coordinates":[85.32725408162186,27.703661681154962]}},{"type":"Feature","properties":{},"geometry":{"type":"Point","coordinates":[85.32670196332067,27.703742503260415]}},{"type":"Feature","properties":{},"geometry":{"type":"Point","coordinates":[85.32669766301427,27.703732980838783]}},{"type":"Feature","properties":{},"geometry":{"type":"Point","coordinates":[85.32667300345487,27.703522770751434]}},{"type":"Feature","properties":{},"geometry":{"type":"Point","coordinates":[85.32668511762826,27.703520158094975]}},{"type":"Feature","properties":{},"geometry":{"type":"Point","coordinates":[85.32685600060785,27.703488378921463]}},{"type":"Feature","properties":{},"geometry":{"type":"Point","coordinates":[85.32707042560163,27.703381833339154]}},{"type":"Feature","properties":{},"geometry":{"type":"Point","coordinates":[85.32698989256093,27.703443398567423]}},{"type":"Feature","properties":{},"geometry":{"type":"Point","coordinates":[85.32701766804911,27.703511420874825]}},{"type":"Feature","properties":{},"geometry":{"type":"Point","coordinates":[85.3263690308602,27.702915579969762]}},{"type":"Feature","properties":{},"geometry":{"type":"Point","coordinates":[85.32656282884847,27.70310651665428]}},{"type":"Feature","properties":{},"geometry":{"type":"Point","coordinates":[85.32656397133825,27.70310680484006]}},{"type":"Feature","properties":{},"geometry":{"type":"Point","coordinates":[85.32686668481891,27.703094038394482]}},{"type":"Feature","properties":{},"geometry":{"type":"Point","coordinates":[85.32684192609518,27.703063448717955]}},{"type":"Feature","properties":{},"geometry":{"type":"Point","coordinates":[85.32684433090505,27.70306215284247]}},{"type":"Feature","properties":{},"geometry":{"type":"Point","coordinates":[85.32684364062827,27.703062732058548]}},{"type":"Feature","properties":{},"geometry":{"type":"Point","coordinates":[85.32686418345304,27.70303440114833]}},{"type":"Feature","properties":{},"geometry":{"type":"Point","coordinates":[85.32702728949747,27.703030168291054]}},{"type":"Feature","properties":{},"geometry":{"type":"Point","coordinates":[85.32702696575132,27.702973486131683]}},{"type":"Feature","properties":{},"geometry":{"type":"Point","coordinates":[85.32702511499596,27.702974358190644]}},{"type":"Feature","properties":{},"geometry":{"type":"Point","coordinates":[85.32704588650945,27.7029632046123]}},{"type":"Feature","properties":{},"geometry":{"type":"Point","coordinates":[85.32723207259109,27.702974897014176]}},{"type":"Feature","properties":{},"geometry":{"type":"Point","coordinates":[85.32720519419053,27.70301226355555]}},{"type":"Feature","properties":{},"geometry":{"type":"Point","coordinates":[85.32726045834629,27.702987956023765]}},{"type":"Feature","properties":{},"geometry":{"type":"Point","coordinates":[85.32726419393974,27.702988963279548]}},{"type":"Feature","properties":{},"geometry":{"type":"Point","coordinates":[85.32742126407064,27.703064197734392]}},{"type":"Feature","properties":{},"geometry":{"type":"Point","coordinates":[85.32748660735159,27.703176489890705]}},{"type":"Feature","properties":{},"geometry":{"type":"Point","coordinates":[85.32751302772903,27.703332915724012]}},{"type":"Feature","properties":{},"geometry":{"type":"Point","coordinates":[85.32763077770578,27.703428829734925]}},{"type":"Feature","properties":{},"geometry":{"type":"Point","coordinates":[85.32763298354276,27.70342867858137]}},{"type":"Feature","properties":{},"geometry":{"type":"Point","coordinates":[85.32763395048819,27.703428176712745]}},{"type":"Feature","properties":{},"geometry":{"type":"Point","coordinates":[85.3275650125108,27.703250829705528]}},{"type":"Feature","properties":{},"geometry":{"type":"Point","coordinates":[85.32764056335574,27.70296003778388]}},{"type":"Feature","properties":{},"geometry":{"type":"Point","coordinates":[85.32768018138329,27.702930629392476]}},{"type":"Feature","properties":{},"geometry":{"type":"Point","coordinates":[85.32767989612469,27.70293197976958]}},{"type":"Feature","properties":{},"geometry":{"type":"Point","coordinates":[85.32779548348262,27.70294266600134]}},{"type":"Feature","properties":{},"geometry":{"type":"Point","coordinates":[85.32777913984647,27.702916880414666]}},{"type":"Feature","properties":{},"geometry":{"type":"Point","coordinates":[85.32778017906521,27.702916692602276]}},{"type":"Feature","properties":{},"geometry":{"type":"Point","coordinates":[85.3324869783506,27.703401728387565]}},{"type":"Feature","properties":{},"geometry":{"type":"Point","coordinates":[85.332453579265,27.70346936659875]}},{"type":"Feature","properties":{},"geometry":{"type":"Point","coordinates":[85.33252481367857,27.703428868030525]}},{"type":"Feature","properties":{},"geometry":{"type":"Point","coordinates":[85.33236820050192,27.703291830910764]}},{"type":"Feature","properties":{},"geometry":{"type":"Point","coordinates":[85.33236554702317,27.70328847756135]}},{"type":"Feature","properties":{},"geometry":{"type":"Point","coordinates":[85.33251996710408,27.70330271980601]}},{"type":"Feature","properties":{},"geometry":{"type":"Point","coordinates":[85.33259891439873,27.70329369034928]}},{"type":"Feature","properties":{},"geometry":{"type":"Point","coordinates":[85.33260085019232,27.703303896235255]}},{"type":"Feature","properties":{},"geometry":{"type":"Point","coordinates":[85.33264859054343,27.703303772684432]}},{"type":"Feature","properties":{},"geometry":{"type":"Point","coordinates":[85.33270947651185,27.703283275334776]}},{"type":"Feature","properties":{},"geometry":{"type":"Point","coordinates":[85.33281349486467,27.703217036318435]}},{"type":"Feature","properties":{},"geometry":{"type":"Point","coordinates":[85.33283617521067,27.703217029674708]}},{"type":"Feature","properties":{},"geometry":{"type":"Point","coordinates":[85.33285229128984,27.70322471492949]}},{"type":"Feature","properties":{},"geometry":{"type":"Point","coordinates":[85.33239899553577,27.703240394613072]}},{"type":"Feature","properties":{},"geometry":{"type":"Point","coordinates":[85.33239162828963,27.703224735071764]}},{"type":"Feature","properties":{},"geometry":{"type":"Point","coordinates":[85.33233081085714,27.70317497590944]}},{"type":"Feature","properties":{},"geometry":{"type":"Point","coordinates":[85.33226049978967,27.703161834326774]}},{"type":"Feature","properties":{},"geometry":{"type":"Point","coordinates":[85.33226625377458,27.703128010188635]}},{"type":"Feature","properties":{},"geometry":{"type":"Point","coordinates":[85.33223533691819,27.703165117911052]}},{"type":"Feature","properties":{},"geometry":{"type":"Point","coordinates":[85.3318786216446,27.702993729037082]}},{"type":"Feature","properties":{},"geometry":{"type":"Point","coordinates":[85.33184185021686,27.702994664126404]}},{"type":"Feature","properties":{},"geometry":{"type":"Point","coordinates":[85.33190155805983,27.70303754984264]}},{"type":"Feature","properties":{},"geometry":{"type":"Point","coordinates":[85.33192921357097,27.70305199084453]}},{"type":"Feature","properties":{},"geometry":{"type":"Point","coordinates":[85.33197754441674,27.703077305785467]}},{"type":"Feature","properties":{},"geometry":{"type":"Point","coordinates":[85.33200729873549,27.703102033151428]}},{"type":"Feature","properties":{},"geometry":{"type":"Point","coordinates":[85.3320832945176,27.703114039352467]}},{"type":"Feature","properties":{},"geometry":{"type":"Point","coordinates":[85.33255702793565,27.702973511624663]}},{"type":"Feature","properties":{},"geometry":{"type":"Point","coordinates":[85.33252228688796,27.703012510225687]}},{"type":"Feature","properties":{},"geometry":{"type":"Point","coordinates":[85.33247599152853,27.702974364970785]}},{"type":"Feature","properties":{},"geometry":{"type":"Point","coordinates":[85.33248225415332,27.703008718356475]}},{"type":"Feature","properties":{},"geometry":{"type":"Point","coordinates":[85.33257790802,27.70301160434393]}},{"type":"Feature","properties":{},"geometry":{"type":"Point","coordinates":[85.33274928149389,27.70297242912103]}},{"type":"Feature","properties":{},"geometry":{"type":"Point","coordinates":[85.33274975029234,27.702974609912893]}},{"type":"Feature","properties":{},"geometry":{"type":"Point","coordinates":[85.33237185095328,27.703000565145906]}},{"type":"Feature","properties":{},"geometry":{"type":"Point","coordinates":[85.33225588612095,27.702970448079867]}},{"type":"Feature","properties":{},"geometry":{"type":"Point","coordinates":[85.33260737421,27.702965653931525]}},{"type":"Feature","properties":{},"geometry":{"type":"Point","coordinates":[85.33272435234929,27.702867565739954]}},{"type":"Feature","properties":{},"geometry":{"type":"Point","coordinates":[85.33276396497993,27.702794468745868]}},{"type":"Feature","properties":{},"geometry":{"type":"Point","coordinates":[85.33276716467725,27.702762760983514]}},{"type":"Feature","properties":{},"geometry":{"type":"Point","coordinates":[85.33271221565994,27.702810510171094]}},{"type":"Feature","properties":{},"geometry":{"type":"Point","coordinates":[85.3327180892146,27.702692574288836]}},{"type":"Feature","properties":{},"geometry":{"type":"Point","coordinates":[85.33284955622248,27.702872067391585]}},{"type":"Feature","properties":{},"geometry":{"type":"Point","coordinates":[85.33292040295176,27.70284789738079]}},{"type":"Feature","properties":{},"geometry":{"type":"Point","coordinates":[85.33297871043756,27.702864254270946]}},{"type":"Feature","properties":{},"geometry":{"type":"Point","coordinates":[85.33294788598175,27.703013309280415]}},{"type":"Feature","properties":{},"geometry":{"type":"Point","coordinates":[85.3329488096859,27.702951678033525]}},{"type":"Feature","properties":{},"geometry":{"type":"Point","coordinates":[85.33306772171757,27.702867171841344]}},{"type":"Feature","properties":{},"geometry":{"type":"Point","coordinates":[85.33313776373451,27.702866920439043]}},{"type":"Feature","properties":{},"geometry":{"type":"Point","coordinates":[85.3332357919353,27.702867702733688]}},{"type":"Feature","properties":{},"geometry":{"type":"Point","coordinates":[85.33292000040764,27.703062088442532]}},{"type":"Feature","properties":{},"geometry":{"type":"Point","coordinates":[85.33292800036583,27.70295321539062]}},{"type":"Feature","properties":{},"geometry":{"type":"Point","coordinates":[85.33297159974695,27.703077132574204]}},{"type":"Feature","properties":{},"geometry":{"type":"Point","coordinates":[85.33301738824908,27.703058778243843]}},{"type":"Feature","properties":{},"geometry":{"type":"Point","coordinates":[85.33304035387455,27.703062416790843]}},{"type":"Feature","properties":{},"geometry":{"type":"Point","coordinates":[85.33304186251337,27.703081913795177]}},{"type":"Feature","properties":{},"geometry":{"type":"Point","coordinates":[85.33294642278982,27.703077876343492]}},{"type":"Feature","properties":{},"geometry":{"type":"Point","coordinates":[85.33237922593703,27.702870209338172]}},{"type":"Feature","properties":{},"geometry":{"type":"Point","coordinates":[85.33245274524307,27.70258912659477]}},{"type":"Feature","properties":{},"geometry":{"type":"Point","coordinates":[85.33233112175881,27.702948750086172]}},{"type":"Feature","properties":{},"geometry":{"type":"Point","coordinates":[85.33230956427339,27.702753162318846]}},{"type":"Feature","properties":{},"geometry":{"type":"Point","coordinates":[85.33231560226803,27.70272693204276]}},{"type":"Feature","properties":{},"geometry":{"type":"Point","coordinates":[85.33228910184194,27.702718088208286]}},{"type":"Feature","properties":{},"geometry":{"type":"Point","coordinates":[85.3322170745942,27.702730531280668]}},{"type":"Feature","properties":{},"geometry":{"type":"Point","coordinates":[85.33219701113227,27.702698897069325]}},{"type":"Feature","properties":{},"geometry":{"type":"Point","coordinates":[85.332167310673,27.7027000365739]}},{"type":"Feature","properties":{},"geometry":{"type":"Point","coordinates":[85.33252403459338,27.702615935436285]}},{"type":"Feature","properties":{},"geometry":{"type":"Point","coordinates":[85.33244012945488,27.7025152407983]}},{"type":"Feature","properties":{},"geometry":{"type":"Point","coordinates":[85.33231176469604,27.702503240231984]}},{"type":"Feature","properties":{},"geometry":{"type":"Point","coordinates":[85.33226825526005,27.702524370054793]}},{"type":"Feature","properties":{},"geometry":{"type":"Point","coordinates":[85.33223655564167,27.702512875062688]}},{"type":"Feature","properties":{},"geometry":{"type":"Point","coordinates":[85.33235967433971,27.70254344113549]}},{"type":"Feature","properties":{},"geometry":{"type":"Point","coordinates":[85.33233402043562,27.702406513994337]}},{"type":"Feature","properties":{},"geometry":{"type":"Point","coordinates":[85.33235586689909,27.702381244930166]}},{"type":"Feature","properties":{},"geometry":{"type":"Point","coordinates":[85.33245171413431,27.702406855918223]}},{"type":"Feature","properties":{},"geometry":{"type":"Point","coordinates":[85.33239992979328,27.702395734565275]}},{"type":"Feature","properties":{},"geometry":{"type":"Point","coordinates":[85.33204423663301,27.702885675800754]}},{"type":"Feature","properties":{},"geometry":{"type":"Point","coordinates":[85.33220973167579,27.702923778047236]}},{"type":"Feature","properties":{},"geometry":{"type":"Point","coordinates":[85.3318768091151,27.70283169588185]}},{"type":"Feature","properties":{},"geometry":{"type":"Point","coordinates":[85.33191339041768,27.702764457174435]}},{"type":"Feature","properties":{},"geometry":{"type":"Point","coordinates":[85.3319661146691,27.702704924891897]}},{"type":"Feature","properties":{},"geometry":{"type":"Point","coordinates":[85.3319423916183,27.702682422775265]}},{"type":"Feature","properties":{},"geometry":{"type":"Point","coordinates":[85.33199937715122,27.7026190689822]}},{"type":"Feature","properties":{},"geometry":{"type":"Point","coordinates":[85.32877344604515,27.70312218219181]}},{"type":"Feature","properties":{},"geometry":{"type":"Point","coordinates":[85.32868113824728,27.703174813658855]}},{"type":"Feature","properties":{},"geometry":{"type":"Point","coordinates":[85.32868172068446,27.70316314531675]}},{"type":"Feature","properties":{},"geometry":{"type":"Point","coordinates":[85.32859477994243,27.703435149188106]}},{"type":"Feature","properties":{},"geometry":{"type":"Point","coordinates":[85.32867624479795,27.703453575429442]}},{"type":"Feature","properties":{},"geometry":{"type":"Point","coordinates":[85.32867816714669,27.703436162294945]}},{"type":"Feature","properties":{},"geometry":{"type":"Point","coordinates":[85.32867730980706,27.703440318110065]}},{"type":"Feature","properties":{},"geometry":{"type":"Point","coordinates":[85.32864788778049,27.70335983458583]}},{"type":"Feature","properties":{},"geometry":{"type":"Point","coordinates":[85.32867840923652,27.7032438915959]}},{"type":"Feature","properties":{},"geometry":{"type":"Point","coordinates":[85.32880382732506,27.703288441995397]}},{"type":"Feature","properties":{},"geometry":{"type":"Point","coordinates":[85.32887676163321,27.70331167860904]}},{"type":"Feature","properties":{},"geometry":{"type":"Point","coordinates":[85.32884321340111,27.70332009061595]}},{"type":"Feature","properties":{},"geometry":{"type":"Point","coordinates":[85.32889218387453,27.70326865344275]}},{"type":"Feature","properties":{},"geometry":{"type":"Point","coordinates":[85.32878505562775,27.7033337968078]}},{"type":"Feature","properties":{},"geometry":{"type":"Point","coordinates":[85.32901034170625,27.703280713599415]}},{"type":"Feature","properties":{},"geometry":{"type":"Point","coordinates":[85.32906441703166,27.70326559879475]}},{"type":"Feature","properties":{},"geometry":{"type":"Point","coordinates":[85.32912962592353,27.70324660200796]}},{"type":"Feature","properties":{},"geometry":{"type":"Point","coordinates":[85.3291895658023,27.70322241331063]}},{"type":"Feature","properties":{},"geometry":{"type":"Point","coordinates":[85.32919000069174,27.703219626975084]}},{"type":"Feature","properties":{},"geometry":{"type":"Point","coordinates":[85.32929433809801,27.703185756325144]}},{"type":"Feature","properties":{},"geometry":{"type":"Point","coordinates":[85.32932006680787,27.703175355384676]}},{"type":"Feature","properties":{},"geometry":{"type":"Point","coordinates":[85.32932636897984,27.70317323463851]}},{"type":"Feature","properties":{},"geometry":{"type":"Point","coordinates":[85.32969691730587,27.704743425002373]}},{"type":"Feature","properties":{},"geometry":{"type":"Point","coordinates":[85.32988536962061,27.704684048386262]}},{"type":"Feature","properties":{},"geometry":{"type":"Point","coordinates":[85.32988957439267,27.704683085554056]}},{"type":"Feature","properties":{},"geometry":{"type":"Point","coordinates":[85.33002773091525,27.70463770064465]}},{"type":"Feature","properties":{},"geometry":{"type":"Point","coordinates":[85.33002818566936,27.704637337890695]}},{"type":"Feature","properties":{},"geometry":{"type":"Point","coordinates":[85.33002935734858,27.70463657673602]}},{"type":"Feature","properties":{},"geometry":{"type":"Point","coordinates":[85.33003055967443,27.704636466689035]}},{"type":"Feature","properties":{},"geometry":{"type":"Point","coordinates":[85.32889205856908,27.703724117882366]}},{"type":"Feature","properties":{},"geometry":{"type":"Point","coordinates":[85.32825518862329,27.703619664121035]}},{"type":"Feature","properties":{},"geometry":{"type":"Point","coordinates":[85.32660127169858,27.703504683024015]}},{"type":"Feature","properties":{},"geometry":{"type":"Point","coordinates":[85.32718305050373,27.703010332574863]}},{"type":"Feature","properties":{},"geometry":{"type":"Point","coordinates":[85.32718479294913,27.703011641567564]}},{"type":"Feature","properties":{},"geometry":{"type":"Point","coordinates":[85.32718677905417,27.703011735063946]}},{"type":"Feature","properties":{},"geometry":{"type":"Point","coordinates":[85.32760131957757,27.703332146632125]}},{"type":"Feature","properties":{},"geometry":{"type":"Point","coordinates":[85.33263839918834,27.703015129050105]}},{"type":"Feature","properties":{},"geometry":{"type":"Point","coordinates":[85.3321677753448,27.702941588912886]}},{"type":"Feature","properties":{},"geometry":{"type":"Point","coordinates":[85.33214442283658,27.70293605562185]}},{"type":"Feature","properties":{},"geometry":{"type":"Point","coordinates":[85.32572451787998,27.701706657894096]}},{"type":"Feature","properties":{},"geometry":{"type":"Point","coordinates":[85.32602157796295,27.702034983610808]}},{"type":"Feature","properties":{},"geometry":{"type":"Point","coordinates":[85.32610275925492,27.70204870200796]}},{"type":"Feature","properties":{},"geometry":{"type":"Point","coordinates":[85.32612113196598,27.702007087429692]}},{"type":"Feature","properties":{},"geometry":{"type":"Point","coordinates":[85.32611586276919,27.70200889831067]}},{"type":"Feature","properties":{},"geometry":{"type":"Point","coordinates":[85.32611153875041,27.70201076935766]}},{"type":"Feature","properties":{},"geometry":{"type":"Point","coordinates":[85.3261810448849,27.701990174246887]}},{"type":"Feature","properties":{},"geometry":{"type":"Point","coordinates":[85.32630317546419,27.701959012912916]}},{"type":"Feature","properties":{},"geometry":{"type":"Point","coordinates":[85.32630656563602,27.70196537535031]}},{"type":"Feature","properties":{},"geometry":{"type":"Point","coordinates":[85.3263040940425,27.701960550228172]}},{"type":"Feature","properties":{},"geometry":{"type":"Point","coordinates":[85.32614432679978,27.702395961931526]}},{"type":"Feature","properties":{},"geometry":{"type":"Point","coordinates":[85.3262246085778,27.702590485944974]}},{"type":"Feature","properties":{},"geometry":{"type":"Point","coordinates":[85.32622423594614,27.702588058999535]}},{"type":"Feature","properties":{},"geometry":{"type":"Point","coordinates":[85.32622629970132,27.702578479934154]}},{"type":"Feature","properties":{},"geometry":{"type":"Point","coordinates":[85.32622574199179,27.7025761536415]}},{"type":"Feature","properties":{},"geometry":{"type":"Point","coordinates":[85.32622455994627,27.702574936252493]}},{"type":"Feature","properties":{},"geometry":{"type":"Point","coordinates":[85.32630423856514,27.702769730013504]}},{"type":"Feature","properties":{},"geometry":{"type":"Point","coordinates":[85.32594148116318,27.701719309939435]}},{"type":"Feature","properties":{},"geometry":{"type":"Point","coordinates":[85.32617526128651,27.701645986937343]}},{"type":"Feature","properties":{},"geometry":{"type":"Point","coordinates":[85.32632967722525,27.70165316899268]}},{"type":"Feature","properties":{},"geometry":{"type":"Point","coordinates":[85.32644851077328,27.701600277606833]}},{"type":"Feature","properties":{},"geometry":{"type":"Point","coordinates":[85.32652471901751,27.70169672912262]}},{"type":"Feature","properties":{},"geometry":{"type":"Point","coordinates":[85.3264849375079,27.701613659607546]}},{"type":"Feature","properties":{},"geometry":{"type":"Point","coordinates":[85.32599153132116,27.7016218225897]}},{"type":"Feature","properties":{},"geometry":{"type":"Point","coordinates":[85.32656622833926,27.701631082206525]}},{"type":"Feature","properties":{},"geometry":{"type":"Point","coordinates":[85.32661777682739,27.701632538372806]}},{"type":"Feature","properties":{},"geometry":{"type":"Point","coordinates":[85.32669235549129,27.701649051223974]}},{"type":"Feature","properties":{},"geometry":{"type":"Point","coordinates":[85.32675149454298,27.701658848384167]}},{"type":"Feature","properties":{},"geometry":{"type":"Point","coordinates":[85.32687522356481,27.701696425905997]}},{"type":"Feature","properties":{},"geometry":{"type":"Point","coordinates":[85.32718444424106,27.701754593679997]}},{"type":"Feature","properties":{},"geometry":{"type":"Point","coordinates":[85.32718083156294,27.70178535221047]}},{"type":"Feature","properties":{},"geometry":{"type":"Point","coordinates":[85.32694649932213,27.701585068018527]}},{"type":"Feature","properties":{},"geometry":{"type":"Point","coordinates":[85.32690780330879,27.70156270091601]}},{"type":"Feature","properties":{},"geometry":{"type":"Point","coordinates":[85.3271060408672,27.702082136996975]}},{"type":"Feature","properties":{},"geometry":{"type":"Point","coordinates":[85.32713745205568,27.702105048705846]}},{"type":"Feature","properties":{},"geometry":{"type":"Point","coordinates":[85.32721362669471,27.702081974026576]}},{"type":"Feature","properties":{},"geometry":{"type":"Point","coordinates":[85.32729464537428,27.70205796773869]}},{"type":"Feature","properties":{},"geometry":{"type":"Point","coordinates":[85.32713337349358,27.702259746813937]}},{"type":"Feature","properties":{},"geometry":{"type":"Point","coordinates":[85.32718986949139,27.70230051169957]}},{"type":"Feature","properties":{},"geometry":{"type":"Point","coordinates":[85.32718724549729,27.702296101727878]}},{"type":"Feature","properties":{},"geometry":{"type":"Point","coordinates":[85.32730340077536,27.702534440567483]}},{"type":"Feature","properties":{},"geometry":{"type":"Point","coordinates":[85.32731359998223,27.70258955700091]}},{"type":"Feature","properties":{},"geometry":{"type":"Point","coordinates":[85.32743355465388,27.70240734580808]}},{"type":"Feature","properties":{},"geometry":{"type":"Point","coordinates":[85.3276132310523,27.702162543088587]}},{"type":"Feature","properties":{},"geometry":{"type":"Point","coordinates":[85.32764364444968,27.702171963065144]}},{"type":"Feature","properties":{},"geometry":{"type":"Point","coordinates":[85.32773568231808,27.702275661308555]}},{"type":"Feature","properties":{},"geometry":{"type":"Point","coordinates":[85.32781839412641,27.702258196083815]}},{"type":"Feature","properties":{},"geometry":{"type":"Point","coordinates":[85.32782133735451,27.702262886080394]}},{"type":"Feature","properties":{},"geometry":{"type":"Point","coordinates":[85.32759195888164,27.702321975875304]}},{"type":"Feature","properties":{},"geometry":{"type":"Point","coordinates":[85.32764446140152,27.702327257366502]}},{"type":"Feature","properties":{},"geometry":{"type":"Point","coordinates":[85.32764296486408,27.702337219672632]}},{"type":"Feature","properties":{},"geometry":{"type":"Point","coordinates":[85.32750709474173,27.70234618678204]}},{"type":"Feature","properties":{},"geometry":{"type":"Point","coordinates":[85.32679982122124,27.701411542069952]}},{"type":"Feature","properties":{},"geometry":{"type":"Point","coordinates":[85.32680037191976,27.70126431595046]}},{"type":"Feature","properties":{},"geometry":{"type":"Point","coordinates":[85.32684578833877,27.701206886029844]}},{"type":"Feature","properties":{},"geometry":{"type":"Point","coordinates":[85.32693211447446,27.701212552192054]}},{"type":"Feature","properties":{},"geometry":{"type":"Point","coordinates":[85.3270563622421,27.701143835414115]}},{"type":"Feature","properties":{},"geometry":{"type":"Point","coordinates":[85.32700199008426,27.70110866488075]}},{"type":"Feature","properties":{},"geometry":{"type":"Point","coordinates":[85.3270768637288,27.70128404501755]}},{"type":"Feature","properties":{},"geometry":{"type":"Point","coordinates":[85.32715250884921,27.701340122900792]}},{"type":"Feature","properties":{},"geometry":{"type":"Point","coordinates":[85.32726260573405,27.70138922244702]}},{"type":"Feature","properties":{},"geometry":{"type":"Point","coordinates":[85.32717095430237,27.70165090110465]}},{"type":"Feature","properties":{},"geometry":{"type":"Point","coordinates":[85.32719553434653,27.70160417442596]}},{"type":"Feature","properties":{},"geometry":{"type":"Point","coordinates":[85.32728489773665,27.701630325225292]}},{"type":"Feature","properties":{},"geometry":{"type":"Point","coordinates":[85.32738393165343,27.70150789878743]}},{"type":"Feature","properties":{},"geometry":{"type":"Point","coordinates":[85.32737723433861,27.70150122565231]}},{"type":"Feature","properties":{},"geometry":{"type":"Point","coordinates":[85.3274305485078,27.701655124398613]}},{"type":"Feature","properties":{},"geometry":{"type":"Point","coordinates":[85.32746823963434,27.701691130270078]}},{"type":"Feature","properties":{},"geometry":{"type":"Point","coordinates":[85.3275525063675,27.701777143155343]}},{"type":"Feature","properties":{},"geometry":{"type":"Point","coordinates":[85.32764175492233,27.70184003240147]}},{"type":"Feature","properties":{},"geometry":{"type":"Point","coordinates":[85.3276921537934,27.70184779483302]}},{"type":"Feature","properties":{},"geometry":{"type":"Point","coordinates":[85.32768973292352,27.701849481334293]}},{"type":"Feature","properties":{},"geometry":{"type":"Point","coordinates":[85.32762685513025,27.70183561403576]}},{"type":"Feature","properties":{},"geometry":{"type":"Point","coordinates":[85.32775969132977,27.701836243043942]}},{"type":"Feature","properties":{},"geometry":{"type":"Point","coordinates":[85.32719189732761,27.701221755737603]}},{"type":"Feature","properties":{},"geometry":{"type":"Point","coordinates":[85.32728082641194,27.70117982563131]}},{"type":"Feature","properties":{},"geometry":{"type":"Point","coordinates":[85.327456266317,27.70113111377105]}},{"type":"Feature","properties":{},"geometry":{"type":"Point","coordinates":[85.32744050116273,27.70114102372811]}},{"type":"Feature","properties":{},"geometry":{"type":"Point","coordinates":[85.32757906853924,27.70104239119532]}},{"type":"Feature","properties":{},"geometry":{"type":"Point","coordinates":[85.32758184529541,27.70107009779435]}},{"type":"Feature","properties":{},"geometry":{"type":"Point","coordinates":[85.32756153289208,27.701042926663384]}},{"type":"Feature","properties":{},"geometry":{"type":"Point","coordinates":[85.32729171299293,27.70094918985876]}},{"type":"Feature","properties":{},"geometry":{"type":"Point","coordinates":[85.32731045019477,27.700839087769783]}},{"type":"Feature","properties":{},"geometry":{"type":"Point","coordinates":[85.32736649776702,27.700859480232094]}},{"type":"Feature","properties":{},"geometry":{"type":"Point","coordinates":[85.32488808642371,27.701472470967705]}},{"type":"Feature","properties":{},"geometry":{"type":"Point","coordinates":[85.32485425437794,27.70134307391116]}},{"type":"Feature","properties":{},"geometry":{"type":"Point","coordinates":[85.32485615180887,27.701347178193878]}},{"type":"Feature","properties":{},"geometry":{"type":"Point","coordinates":[85.32476657695767,27.701077819038076]}},{"type":"Feature","properties":{},"geometry":{"type":"Point","coordinates":[85.32466085249311,27.700752808218873]}},{"type":"Feature","properties":{},"geometry":{"type":"Point","coordinates":[85.32465811021703,27.70064993958794]}},{"type":"Feature","properties":{},"geometry":{"type":"Point","coordinates":[85.32460847251738,27.701426920255386]}},{"type":"Feature","properties":{},"geometry":{"type":"Point","coordinates":[85.32468041255575,27.70144347535108]}},{"type":"Feature","properties":{},"geometry":{"type":"Point","coordinates":[85.32648291426777,27.70008676461248]}},{"type":"Feature","properties":{},"geometry":{"type":"Point","coordinates":[85.32655522154546,27.700147335046545]}},{"type":"Feature","properties":{},"geometry":{"type":"Point","coordinates":[85.32661494661959,27.69998827333928]}},{"type":"Feature","properties":{},"geometry":{"type":"Point","coordinates":[85.32665051144646,27.699965665656922]}},{"type":"Feature","properties":{},"geometry":{"type":"Point","coordinates":[85.32672083322527,27.69995459114342]}},{"type":"Feature","properties":{},"geometry":{"type":"Point","coordinates":[85.32654265970294,27.700209018625422]}},{"type":"Feature","properties":{},"geometry":{"type":"Point","coordinates":[85.32652905807403,27.700177887760752]}},{"type":"Feature","properties":{},"geometry":{"type":"Point","coordinates":[85.32661287174277,27.70025898041758]}},{"type":"Feature","properties":{},"geometry":{"type":"Point","coordinates":[85.32658498603065,27.700294212798376]}},{"type":"Feature","properties":{},"geometry":{"type":"Point","coordinates":[85.3266165232381,27.700358338318054]}},{"type":"Feature","properties":{},"geometry":{"type":"Point","coordinates":[85.3266480546079,27.70042185183252]}},{"type":"Feature","properties":{},"geometry":{"type":"Point","coordinates":[85.32670979482216,27.700474993749296]}},{"type":"Feature","properties":{},"geometry":{"type":"Point","coordinates":[85.32672403633647,27.700517758965688]}},{"type":"Feature","properties":{},"geometry":{"type":"Point","coordinates":[85.32668254739569,27.70055518891605]}},{"type":"Feature","properties":{},"geometry":{"type":"Point","coordinates":[85.32673466199205,27.70056038209961]}},{"type":"Feature","properties":{},"geometry":{"type":"Point","coordinates":[85.32673224082204,27.700560228284207]}},{"type":"Feature","properties":{},"geometry":{"type":"Point","coordinates":[85.32674521161178,27.700613639046356]}},{"type":"Feature","properties":{},"geometry":{"type":"Point","coordinates":[85.32670582593714,27.700654843611144]}},{"type":"Feature","properties":{},"geometry":{"type":"Point","coordinates":[85.32670748919168,27.70066851837526]}},{"type":"Feature","properties":{},"geometry":{"type":"Point","coordinates":[85.32672019425114,27.700718875312273]}},{"type":"Feature","properties":{},"geometry":{"type":"Point","coordinates":[85.3268136093281,27.700277859224585]}},{"type":"Feature","properties":{},"geometry":{"type":"Point","coordinates":[85.32684539203917,27.700315730711786]}},{"type":"Feature","properties":{},"geometry":{"type":"Point","coordinates":[85.32687565702064,27.700306591739846]}},{"type":"Feature","properties":{},"geometry":{"type":"Point","coordinates":[85.3268932975455,27.70028435041927]}},{"type":"Feature","properties":{},"geometry":{"type":"Point","coordinates":[85.32692070260899,27.700139232250457]}},{"type":"Feature","properties":{},"geometry":{"type":"Point","coordinates":[85.32678254132189,27.700780374014805]}},{"type":"Feature","properties":{},"geometry":{"type":"Point","coordinates":[85.32684446953412,27.700750354594348]}},{"type":"Feature","properties":{},"geometry":{"type":"Point","coordinates":[85.32689902328654,27.700652098168856]}},{"type":"Feature","properties":{},"geometry":{"type":"Point","coordinates":[85.32706757180318,27.700637714070474]}},{"type":"Feature","properties":{},"geometry":{"type":"Point","coordinates":[85.32705954795343,27.70063910180141]}},{"type":"Feature","properties":{},"geometry":{"type":"Point","coordinates":[85.32702568264638,27.70076247623567]}},{"type":"Feature","properties":{},"geometry":{"type":"Point","coordinates":[85.32700924107665,27.700824374712475]}},{"type":"Feature","properties":{},"geometry":{"type":"Point","coordinates":[85.32702565977861,27.70088954761801]}},{"type":"Feature","properties":{},"geometry":{"type":"Point","coordinates":[85.32704978145547,27.70096745741461]}},{"type":"Feature","properties":{},"geometry":{"type":"Point","coordinates":[85.32705008196895,27.700972951250783]}},{"type":"Feature","properties":{},"geometry":{"type":"Point","coordinates":[85.3270077515367,27.70103782034309]}},{"type":"Feature","properties":{},"geometry":{"type":"Point","coordinates":[85.32701136035361,27.700603347152228]}},{"type":"Feature","properties":{},"geometry":{"type":"Point","coordinates":[85.32700847179287,27.700603520733917]}},{"type":"Feature","properties":{},"geometry":{"type":"Point","coordinates":[85.32717091962064,27.70061202182156]}},{"type":"Feature","properties":{},"geometry":{"type":"Point","coordinates":[85.32718789939254,27.700609566280296]}},{"type":"Feature","properties":{},"geometry":{"type":"Point","coordinates":[85.32719526353246,27.70057697035638]}},{"type":"Feature","properties":{},"geometry":{"type":"Point","coordinates":[85.32725102050085,27.700538618756674]}},{"type":"Feature","properties":{},"geometry":{"type":"Point","coordinates":[85.32726635909872,27.700541778890955]}},{"type":"Feature","properties":{},"geometry":{"type":"Point","coordinates":[85.32726218102398,27.700537543288853]}},{"type":"Feature","properties":{},"geometry":{"type":"Point","coordinates":[85.32699460037765,27.699895926235413]}},{"type":"Feature","properties":{},"geometry":{"type":"Point","coordinates":[85.32699849020591,27.69989492538266]}},{"type":"Feature","properties":{},"geometry":{"type":"Point","coordinates":[85.32718722489723,27.699849540595405]}},{"type":"Feature","properties":{},"geometry":{"type":"Point","coordinates":[85.32730564768518,27.69981990211058]}},{"type":"Feature","properties":{},"geometry":{"type":"Point","coordinates":[85.3281376318987,27.69961046629439]}},{"type":"Feature","properties":{},"geometry":{"type":"Point","coordinates":[85.32755132968951,27.699841323799344]}},{"type":"Feature","properties":{},"geometry":{"type":"Point","coordinates":[85.32745080832107,27.699918311685725]}},{"type":"Feature","properties":{},"geometry":{"type":"Point","coordinates":[85.32734529449908,27.69995482663905]}},{"type":"Feature","properties":{},"geometry":{"type":"Point","coordinates":[85.32815966979742,27.69961137774861]}},{"type":"Feature","properties":{},"geometry":{"type":"Point","coordinates":[85.32825093637163,27.69958043484003]}},{"type":"Feature","properties":{},"geometry":{"type":"Point","coordinates":[85.32837617079461,27.69954746784001]}},{"type":"Feature","properties":{},"geometry":{"type":"Point","coordinates":[85.32847958601943,27.699536628636093]}},{"type":"Feature","properties":{},"geometry":{"type":"Point","coordinates":[85.32862498437018,27.699493723197524]}},{"type":"Feature","properties":{},"geometry":{"type":"Point","coordinates":[85.32872063399674,27.699613061340383]}},{"type":"Feature","properties":{},"geometry":{"type":"Point","coordinates":[85.32881951925295,27.699591933189147]}},{"type":"Feature","properties":{},"geometry":{"type":"Point","coordinates":[85.32893530825659,27.699626967071023]}},{"type":"Feature","properties":{},"geometry":{"type":"Point","coordinates":[85.32937468964403,27.69964419436861]}},{"type":"Feature","properties":{},"geometry":{"type":"Point","coordinates":[85.32960273343055,27.699647144598522]}},{"type":"Feature","properties":{},"geometry":{"type":"Point","coordinates":[85.32923014722046,27.699668458837607]}},{"type":"Feature","properties":{},"geometry":{"type":"Point","coordinates":[85.32989324537422,27.699702525341422]}},{"type":"Feature","properties":{},"geometry":{"type":"Point","coordinates":[85.32990258930393,27.699704738294866]}},{"type":"Feature","properties":{},"geometry":{"type":"Point","coordinates":[85.3259093015187,27.701905993820127]}},{"type":"Feature","properties":{},"geometry":{"type":"Point","coordinates":[85.32704390075625,27.701834114786536]}},{"type":"Feature","properties":{},"geometry":{"type":"Point","coordinates":[85.32746762964567,27.701571548712423]}},{"type":"Feature","properties":{},"geometry":{"type":"Point","coordinates":[85.32492360900295,27.701388749903515]}},{"type":"Feature","properties":{},"geometry":{"type":"Point","coordinates":[85.32636828866157,27.70006024115265]}},{"type":"Feature","properties":{},"geometry":{"type":"Point","coordinates":[85.32769334623462,27.6998826648702]}},{"type":"Feature","properties":{},"geometry":{"type":"Point","coordinates":[85.3276376464892,27.699733151755524]}},{"type":"Feature","properties":{},"geometry":{"type":"Point","coordinates":[85.33090855637039,27.699971838623544]}},{"type":"Feature","properties":{},"geometry":{"type":"Point","coordinates":[85.33091817235832,27.700014813946705]}},{"type":"Feature","properties":{},"geometry":{"type":"Point","coordinates":[85.33098111565513,27.699973497712556]}},{"type":"Feature","properties":{},"geometry":{"type":"Point","coordinates":[85.3311258174288,27.700000809557647]}},{"type":"Feature","properties":{},"geometry":{"type":"Point","coordinates":[85.33092622157642,27.70005753030174]}},{"type":"Feature","properties":{},"geometry":{"type":"Point","coordinates":[85.33099719853797,27.70009267386558]}},{"type":"Feature","properties":{},"geometry":{"type":"Point","coordinates":[85.33101408400428,27.700163175243013]}},{"type":"Feature","properties":{},"geometry":{"type":"Point","coordinates":[85.33098977449829,27.700274613350516]}},{"type":"Feature","properties":{},"geometry":{"type":"Point","coordinates":[85.33104734700746,27.700297045333947]}},{"type":"Feature","properties":{},"geometry":{"type":"Point","coordinates":[85.33105004504387,27.70030665933019]}},{"type":"Feature","properties":{},"geometry":{"type":"Point","coordinates":[85.33102616353841,27.70036531606486]}},{"type":"Feature","properties":{},"geometry":{"type":"Point","coordinates":[85.33061568536166,27.699759310224845]}},{"type":"Feature","properties":{},"geometry":{"type":"Point","coordinates":[85.33056607237721,27.699750792995044]}},{"type":"Feature","properties":{},"geometry":{"type":"Point","coordinates":[85.33061388179418,27.699756487864462]}},{"type":"Feature","properties":{},"geometry":{"type":"Point","coordinates":[85.33043743392497,27.699783514255746]}},{"type":"Feature","properties":{},"geometry":{"type":"Point","coordinates":[85.3304198826292,27.699841378969687]}},{"type":"Feature","properties":{},"geometry":{"type":"Point","coordinates":[85.33041419090041,27.699850374637126]}},{"type":"Feature","properties":{},"geometry":{"type":"Point","coordinates":[85.33035527403405,27.699996209312708]}},{"type":"Feature","properties":{},"geometry":{"type":"Point","coordinates":[85.3303177229154,27.699991809581554]}},{"type":"Feature","properties":{},"geometry":{"type":"Point","coordinates":[85.33027430183965,27.700081578781802]}},{"type":"Feature","properties":{},"geometry":{"type":"Point","coordinates":[85.33028420197739,27.70008122885968]}},{"type":"Feature","properties":{},"geometry":{"type":"Point","coordinates":[85.33043240130381,27.700022526387162]}},{"type":"Feature","properties":{},"geometry":{"type":"Point","coordinates":[85.33053026869423,27.70024287639628]}},{"type":"Feature","properties":{},"geometry":{"type":"Point","coordinates":[85.33053925944697,27.70023418766255]}},{"type":"Feature","properties":{},"geometry":{"type":"Point","coordinates":[85.33053751785756,27.70022536138439]}},{"type":"Feature","properties":{},"geometry":{"type":"Point","coordinates":[85.33042065804126,27.70024367283681]}},{"type":"Feature","properties":{},"geometry":{"type":"Point","coordinates":[85.32988730020068,27.699700993296222]}},{"type":"Feature","properties":{},"geometry":{"type":"Point","coordinates":[85.32989878043887,27.699701622775148]}},{"type":"Feature","properties":{},"geometry":{"type":"Point","coordinates":[85.33012046547135,27.699823724080147]}},{"type":"Feature","properties":{},"geometry":{"type":"Point","coordinates":[85.33029228983594,27.69974785500396]}},{"type":"Feature","properties":{},"geometry":{"type":"Point","coordinates":[85.33010521942897,27.699862171119037]}},{"type":"Feature","properties":{},"geometry":{"type":"Point","coordinates":[85.33010918416423,27.699924314366427]}},{"type":"Feature","properties":{},"geometry":{"type":"Point","coordinates":[85.33006441119036,27.69995668036921]}},{"type":"Feature","properties":{},"geometry":{"type":"Point","coordinates":[85.33006915799575,27.70002446586297]}},{"type":"Feature","properties":{},"geometry":{"type":"Point","coordinates":[85.33001462153813,27.700084631745145]}},{"type":"Feature","properties":{},"geometry":{"type":"Point","coordinates":[85.33000372499994,27.700103203840687]}},{"type":"Feature","properties":{},"geometry":{"type":"Point","coordinates":[85.33003455830988,27.7001294437517]}},{"type":"Feature","properties":{},"geometry":{"type":"Point","coordinates":[85.32998137121467,27.700196883296698]}},{"type":"Feature","properties":{},"geometry":{"type":"Point","coordinates":[85.33001183767465,27.700259537571224]}},{"type":"Feature","properties":{},"geometry":{"type":"Point","coordinates":[85.32995811275953,27.700334855290095]}},{"type":"Feature","properties":{},"geometry":{"type":"Point","coordinates":[85.32995143259002,27.700346495215832]}},{"type":"Feature","properties":{},"geometry":{"type":"Point","coordinates":[85.32999260785184,27.700376006182754]}},{"type":"Feature","properties":{},"geometry":{"type":"Point","coordinates":[85.32998559458794,27.70041877825103]}},{"type":"Feature","properties":{},"geometry":{"type":"Point","coordinates":[85.33018345424166,27.700287147994608]}},{"type":"Feature","properties":{},"geometry":{"type":"Point","coordinates":[85.33015469538512,27.700328518768785]}},{"type":"Feature","properties":{},"geometry":{"type":"Point","coordinates":[85.3301423955804,27.700319641852072]}},{"type":"Feature","properties":{},"geometry":{"type":"Point","coordinates":[85.33085213740645,27.700215698905136]}},{"type":"Feature","properties":{},"geometry":{"type":"Point","coordinates":[85.33078199505236,27.700207999236753]}},{"type":"Feature","properties":{},"geometry":{"type":"Point","coordinates":[85.3307565627698,27.700223097313618]}},{"type":"Feature","properties":{},"geometry":{"type":"Point","coordinates":[85.33110475228085,27.700597225104072]}},{"type":"Feature","properties":{},"geometry":{"type":"Point","coordinates":[85.33110878753969,27.700594063378873]}},{"type":"Feature","properties":{},"geometry":{"type":"Point","coordinates":[85.33114279785194,27.700514168081817]}},{"type":"Feature","properties":{},"geometry":{"type":"Point","coordinates":[85.33105947721394,27.70064739268429]}},{"type":"Feature","properties":{},"geometry":{"type":"Point","coordinates":[85.33096872237951,27.700709063699726]}},{"type":"Feature","properties":{},"geometry":{"type":"Point","coordinates":[85.33125311203815,27.700471084259284]}},{"type":"Feature","properties":{},"geometry":{"type":"Point","coordinates":[85.33125941419605,27.700513404077864]}},{"type":"Feature","properties":{},"geometry":{"type":"Point","coordinates":[85.33138181202132,27.700413563634715]}},{"type":"Feature","properties":{},"geometry":{"type":"Point","coordinates":[85.331089482016,27.700784681152843]}},{"type":"Feature","properties":{},"geometry":{"type":"Point","coordinates":[85.33112956896218,27.70085082581225]}},{"type":"Feature","properties":{},"geometry":{"type":"Point","coordinates":[85.33123106025575,27.700892391419973]}},{"type":"Feature","properties":{},"geometry":{"type":"Point","coordinates":[85.33125025750314,27.700897344966982]}},{"type":"Feature","properties":{},"geometry":{"type":"Point","coordinates":[85.33125790889136,27.700899841589987]}},{"type":"Feature","properties":{},"geometry":{"type":"Point","coordinates":[85.33128719688395,27.70090038686697]}},{"type":"Feature","properties":{},"geometry":{"type":"Point","coordinates":[85.3308531055461,27.70057864394906]}},{"type":"Feature","properties":{},"geometry":{"type":"Point","coordinates":[85.33082027233515,27.70055079973409]}},{"type":"Feature","properties":{},"geometry":{"type":"Point","coordinates":[85.33081469615726,27.700439202606503]}},{"type":"Feature","properties":{},"geometry":{"type":"Point","coordinates":[85.33080463634535,27.70042512338029]}},{"type":"Feature","properties":{},"geometry":{"type":"Point","coordinates":[85.33129375205934,27.700606045952707]}},{"type":"Feature","properties":{},"geometry":{"type":"Point","coordinates":[85.33140452188941,27.700689578124067]}},{"type":"Feature","properties":{},"geometry":{"type":"Point","coordinates":[85.33137618330812,27.700659958740115]}},{"type":"Feature","properties":{},"geometry":{"type":"Point","coordinates":[85.33137340524817,27.70065780155578]}},{"type":"Feature","properties":{},"geometry":{"type":"Point","coordinates":[85.33145544006429,27.700436173625032]}},{"type":"Feature","properties":{},"geometry":{"type":"Point","coordinates":[85.33170354453573,27.700462694046617]}},{"type":"Feature","properties":{},"geometry":{"type":"Point","coordinates":[85.33166187622437,27.700416032789878]}},{"type":"Feature","properties":{},"geometry":{"type":"Point","coordinates":[85.33170873511077,27.700528971283735]}},{"type":"Feature","properties":{},"geometry":{"type":"Point","coordinates":[85.33184008531383,27.700428468428544]}},{"type":"Feature","properties":{},"geometry":{"type":"Point","coordinates":[85.3317918486516,27.700356238241294]}},{"type":"Feature","properties":{},"geometry":{"type":"Point","coordinates":[85.33181901551639,27.700367294212313]}},{"type":"Feature","properties":{},"geometry":{"type":"Point","coordinates":[85.33181496228838,27.700342438780336]}},{"type":"Feature","properties":{},"geometry":{"type":"Point","coordinates":[85.33178682198952,27.70023891474172]}},{"type":"Feature","properties":{},"geometry":{"type":"Point","coordinates":[85.33177919708663,27.700203012378275]}},{"type":"Feature","properties":{},"geometry":{"type":"Point","coordinates":[85.33176175587934,27.700225080758887]}},{"type":"Feature","properties":{},"geometry":{"type":"Point","coordinates":[85.3316888254512,27.70049059320076]}},{"type":"Feature","properties":{},"geometry":{"type":"Point","coordinates":[85.33198330358745,27.70053457672118]}},{"type":"Feature","properties":{},"geometry":{"type":"Point","coordinates":[85.33203212657546,27.70052092723336]}},{"type":"Feature","properties":{},"geometry":{"type":"Point","coordinates":[85.33197607891978,27.70048822134042]}},{"type":"Feature","properties":{},"geometry":{"type":"Point","coordinates":[85.33212020677345,27.700474587384228]}},{"type":"Feature","properties":{},"geometry":{"type":"Point","coordinates":[85.33186738467522,27.70063795615332]}},{"type":"Feature","properties":{},"geometry":{"type":"Point","coordinates":[85.33178481304434,27.700648589637545]}},{"type":"Feature","properties":{},"geometry":{"type":"Point","coordinates":[85.33178468595172,27.700671811623383]}},{"type":"Feature","properties":{},"geometry":{"type":"Point","coordinates":[85.33182286631538,27.700753595975176]}},{"type":"Feature","properties":{},"geometry":{"type":"Point","coordinates":[85.33183906897693,27.700780161021083]}},{"type":"Feature","properties":{},"geometry":{"type":"Point","coordinates":[85.33180370277941,27.70081889199957]}},{"type":"Feature","properties":{},"geometry":{"type":"Point","coordinates":[85.33181933239726,27.700835865060316]}},{"type":"Feature","properties":{},"geometry":{"type":"Point","coordinates":[85.33181019885991,27.7008726106355]}},{"type":"Feature","properties":{},"geometry":{"type":"Point","coordinates":[85.33179362362705,27.70084480640825]}},{"type":"Feature","properties":{},"geometry":{"type":"Point","coordinates":[85.33178092828784,27.70095251809233]}},{"type":"Feature","properties":{},"geometry":{"type":"Point","coordinates":[85.33167811203022,27.700940507160848]}},{"type":"Feature","properties":{},"geometry":{"type":"Point","coordinates":[85.33164157796678,27.700905286216567]}},{"type":"Feature","properties":{},"geometry":{"type":"Point","coordinates":[85.33156509447659,27.700898246992594]}},{"type":"Feature","properties":{},"geometry":{"type":"Point","coordinates":[85.33209747580385,27.700519901340154]}},{"type":"Feature","properties":{},"geometry":{"type":"Point","coordinates":[85.33218369034986,27.700512958757454]}},{"type":"Feature","properties":{},"geometry":{"type":"Point","coordinates":[85.3321963939157,27.700470157627283]}},{"type":"Feature","properties":{},"geometry":{"type":"Point","coordinates":[85.33234903414701,27.700488221558157]}},{"type":"Feature","properties":{},"geometry":{"type":"Point","coordinates":[85.33199417753444,27.700531539785775]}},{"type":"Feature","properties":{},"geometry":{"type":"Point","coordinates":[85.33219171566999,27.70028668319762]}},{"type":"Feature","properties":{},"geometry":{"type":"Point","coordinates":[85.33215721094741,27.700251912839473]}},{"type":"Feature","properties":{},"geometry":{"type":"Point","coordinates":[85.33213772359912,27.700204627220074]}},{"type":"Feature","properties":{},"geometry":{"type":"Point","coordinates":[85.33212693408618,27.700176975768372]}},{"type":"Feature","properties":{},"geometry":{"type":"Point","coordinates":[85.33210510771924,27.700108732727124]}},{"type":"Feature","properties":{},"geometry":{"type":"Point","coordinates":[85.33231048297908,27.700186659164732]}},{"type":"Feature","properties":{},"geometry":{"type":"Point","coordinates":[85.33237237653942,27.700568812566065]}},{"type":"Feature","properties":{},"geometry":{"type":"Point","coordinates":[85.33232520433083,27.70061454335364]}},{"type":"Feature","properties":{},"geometry":{"type":"Point","coordinates":[85.33251330139973,27.700417170359337]}},{"type":"Feature","properties":{},"geometry":{"type":"Point","coordinates":[85.33275762716488,27.700361892171703]}},{"type":"Feature","properties":{},"geometry":{"type":"Point","coordinates":[85.33276440476497,27.700360700295445]}},{"type":"Feature","properties":{},"geometry":{"type":"Point","coordinates":[85.33233263081917,27.700720058808752]}},{"type":"Feature","properties":{},"geometry":{"type":"Point","coordinates":[85.33225387047814,27.70071204757079]}},{"type":"Feature","properties":{},"geometry":{"type":"Point","coordinates":[85.33224568353728,27.700675550898456]}},{"type":"Feature","properties":{},"geometry":{"type":"Point","coordinates":[85.3322134104625,27.700702068033195]}},{"type":"Feature","properties":{},"geometry":{"type":"Point","coordinates":[85.3320868384277,27.70069568112165]}},{"type":"Feature","properties":{},"geometry":{"type":"Point","coordinates":[85.3320635546609,27.700786541019205]}},{"type":"Feature","properties":{},"geometry":{"type":"Point","coordinates":[85.3320703202221,27.700820348124136]}},{"type":"Feature","properties":{},"geometry":{"type":"Point","coordinates":[85.33205355819535,27.70087516563142]}},{"type":"Feature","properties":{},"geometry":{"type":"Point","coordinates":[85.33200981457102,27.70087813055805]}},{"type":"Feature","properties":{},"geometry":{"type":"Point","coordinates":[85.33211633605083,27.70102409995967]}},{"type":"Feature","properties":{},"geometry":{"type":"Point","coordinates":[85.33212396506912,27.700988929237123]}},{"type":"Feature","properties":{},"geometry":{"type":"Point","coordinates":[85.33194022219779,27.700983779431684]}},{"type":"Feature","properties":{},"geometry":{"type":"Point","coordinates":[85.33199226887281,27.70109394994876]}},{"type":"Feature","properties":{},"geometry":{"type":"Point","coordinates":[85.33196995204369,27.701097420322654]}},{"type":"Feature","properties":{},"geometry":{"type":"Point","coordinates":[85.3323334600496,27.70034288761793]}},{"type":"Feature","properties":{},"geometry":{"type":"Point","coordinates":[85.33250644567099,27.70011503396111]}},{"type":"Feature","properties":{},"geometry":{"type":"Point","coordinates":[85.33247556006681,27.700136011777907]}},{"type":"Feature","properties":{},"geometry":{"type":"Point","coordinates":[85.33251651317826,27.70013942480096]}},{"type":"Feature","properties":{},"geometry":{"type":"Point","coordinates":[85.33249774161345,27.700189312811922]}},{"type":"Feature","properties":{},"geometry":{"type":"Point","coordinates":[85.3325481278226,27.700213226253886]}},{"type":"Feature","properties":{},"geometry":{"type":"Point","coordinates":[85.33257102228802,27.700260323609687]}},{"type":"Feature","properties":{},"geometry":{"type":"Point","coordinates":[85.33253797194793,27.70028642170852]}},{"type":"Feature","properties":{},"geometry":{"type":"Point","coordinates":[85.3324455147443,27.700079913784595]}},{"type":"Feature","properties":{},"geometry":{"type":"Point","coordinates":[85.33269257774454,27.700374886198897]}},{"type":"Feature","properties":{},"geometry":{"type":"Point","coordinates":[85.33280827040115,27.70012142090636]}},{"type":"Feature","properties":{},"geometry":{"type":"Point","coordinates":[85.33281360809353,27.700168657887946]}},{"type":"Feature","properties":{},"geometry":{"type":"Point","coordinates":[85.3328233822749,27.70021795376262]}},{"type":"Feature","properties":{},"geometry":{"type":"Point","coordinates":[85.33302666684266,27.70029651555066]}},{"type":"Feature","properties":{},"geometry":{"type":"Point","coordinates":[85.3329382404968,27.700322832354825]}},{"type":"Feature","properties":{},"geometry":{"type":"Point","coordinates":[85.33295167638276,27.700324561874876]}},{"type":"Feature","properties":{},"geometry":{"type":"Point","coordinates":[85.33294694324483,27.700325007600963]}},{"type":"Feature","properties":{},"geometry":{"type":"Point","coordinates":[85.33294436659375,27.700324741910805]}},{"type":"Feature","properties":{},"geometry":{"type":"Point","coordinates":[85.33277840183885,27.700344190631355]}},{"type":"Feature","properties":{},"geometry":{"type":"Point","coordinates":[85.33303385051543,27.700363076698217]}},{"type":"Feature","properties":{},"geometry":{"type":"Point","coordinates":[85.33302932747712,27.700389862282673]}},{"type":"Feature","properties":{},"geometry":{"type":"Point","coordinates":[85.333039315344,27.700428575605297]}},{"type":"Feature","properties":{},"geometry":{"type":"Point","coordinates":[85.33305165509374,27.700425234024596]}},{"type":"Feature","properties":{},"geometry":{"type":"Point","coordinates":[85.33307634592643,27.70054903903794]}},{"type":"Feature","properties":{},"geometry":{"type":"Point","coordinates":[85.33306528185307,27.700548708159328]}},{"type":"Feature","properties":{},"geometry":{"type":"Point","coordinates":[85.3330577935238,27.70047710440636]}},{"type":"Feature","properties":{},"geometry":{"type":"Point","coordinates":[85.33123446824008,27.70001603117209]}},{"type":"Feature","properties":{},"geometry":{"type":"Point","coordinates":[85.33127289631314,27.700019246249923]}},{"type":"Feature","properties":{},"geometry":{"type":"Point","coordinates":[85.33143340683715,27.70003022624685]}},{"type":"Feature","properties":{},"geometry":{"type":"Point","coordinates":[85.33150801759034,27.700022550341277]}},{"type":"Feature","properties":{},"geometry":{"type":"Point","coordinates":[85.33178542804652,27.69999029139687]}},{"type":"Feature","properties":{},"geometry":{"type":"Point","coordinates":[85.33198297742322,27.699961818929413]}},{"type":"Feature","properties":{},"geometry":{"type":"Point","coordinates":[85.33223304165986,27.699959027294057]}},{"type":"Feature","properties":{},"geometry":{"type":"Point","coordinates":[85.3308356077196,27.70057483361094]}},{"type":"Feature","properties":{},"geometry":{"type":"Point","coordinates":[85.33130135689694,27.700609534816678]}},{"type":"Feature","properties":{},"geometry":{"type":"Point","coordinates":[85.33258879496607,27.700294413091676]}},{"type":"Feature","properties":{},"geometry":{"type":"Point","coordinates":[85.33238886309628,27.699982765909652]}},{"type":"Feature","properties":{},"geometry":{"type":"Point","coordinates":[85.33214006019263,27.701751566813773]}},{"type":"Feature","properties":{},"geometry":{"type":"Point","coordinates":[85.33216076704379,27.701723146781482]}},{"type":"Feature","properties":{},"geometry":{"type":"Point","coordinates":[85.33216554449811,27.70171665724028]}},{"type":"Feature","properties":{},"geometry":{"type":"Point","coordinates":[85.33216612017061,27.70166753476345]}},{"type":"Feature","properties":{},"geometry":{"type":"Point","coordinates":[85.33226335875347,27.701664889340226]}},{"type":"Feature","properties":{},"geometry":{"type":"Point","coordinates":[85.33213834329848,27.701548008445283]}},{"type":"Feature","properties":{},"geometry":{"type":"Point","coordinates":[85.3321108891923,27.701534282032128]}},{"type":"Feature","properties":{},"geometry":{"type":"Point","coordinates":[85.33212030028048,27.70145021276222]}},{"type":"Feature","properties":{},"geometry":{"type":"Point","coordinates":[85.33207621896477,27.701446296202082]}},{"type":"Feature","properties":{},"geometry":{"type":"Point","coordinates":[85.33212547780963,27.70140908094775]}},{"type":"Feature","properties":{},"geometry":{"type":"Point","coordinates":[85.33222897156683,27.701397777827356]}},{"type":"Feature","properties":{},"geometry":{"type":"Point","coordinates":[85.3322045873008,27.70138983044007]}},{"type":"Feature","properties":{},"geometry":{"type":"Point","coordinates":[85.3323272531005,27.70152791997456]}},{"type":"Feature","properties":{},"geometry":{"type":"Point","coordinates":[85.33228110280578,27.701460940841493]}},{"type":"Feature","properties":{},"geometry":{"type":"Point","coordinates":[85.33228569388979,27.70146630585167]}},{"type":"Feature","properties":{},"geometry":{"type":"Point","coordinates":[85.33234640390046,27.701516066427867]}},{"type":"Feature","properties":{},"geometry":{"type":"Point","coordinates":[85.33243211371274,27.701586918364473]}},{"type":"Feature","properties":{},"geometry":{"type":"Point","coordinates":[85.33244306850736,27.701625320255154]}},{"type":"Feature","properties":{},"geometry":{"type":"Point","coordinates":[85.33246746929456,27.70162484971576]}},{"type":"Feature","properties":{},"geometry":{"type":"Point","coordinates":[85.33191980945159,27.701462958157908]}},{"type":"Feature","properties":{},"geometry":{"type":"Point","coordinates":[85.3319018718603,27.701548116937747]}},{"type":"Feature","properties":{},"geometry":{"type":"Point","coordinates":[85.33189872968143,27.70157263024242]}},{"type":"Feature","properties":{},"geometry":{"type":"Point","coordinates":[85.33182317902,27.701801491955916]}},{"type":"Feature","properties":{},"geometry":{"type":"Point","coordinates":[85.33186715273142,27.70182082466346]}},{"type":"Feature","properties":{},"geometry":{"type":"Point","coordinates":[85.33182833238368,27.701918086797278]}},{"type":"Feature","properties":{},"geometry":{"type":"Point","coordinates":[85.33168599135756,27.701565960978968]}},{"type":"Feature","properties":{},"geometry":{"type":"Point","coordinates":[85.33226386651576,27.70167504282835]}},{"type":"Feature","properties":{},"geometry":{"type":"Point","coordinates":[85.331878277892,27.701438476967905]}},{"type":"Feature","properties":{},"geometry":{"type":"Point","coordinates":[85.33183929426114,27.70169134940725]}},{"type":"Feature","properties":{},"geometry":{"type":"Point","coordinates":[85.331884298882,27.70168436985408]}},{"type":"Feature","properties":{},"geometry":{"type":"Point","coordinates":[85.33187493649429,27.701736356740177]}},{"type":"Feature","properties":{},"geometry":{"type":"Point","coordinates":[85.3318176932333,27.701841280653976]}},{"type":"Feature","properties":{},"geometry":{"type":"Point","coordinates":[85.33172568789368,27.701561086335374]}},{"type":"Feature","properties":{},"geometry":{"type":"Point","coordinates":[85.33162336635493,27.70154224810204]}},{"type":"Feature","properties":{},"geometry":{"type":"Point","coordinates":[85.3322700678661,27.70147162496955]}},{"type":"Feature","properties":{},"geometry":{"type":"Point","coordinates":[85.33049426092694,27.702407178767412]}},{"type":"Feature","properties":{},"geometry":{"type":"Point","coordinates":[85.33063159978389,27.702376864884783]}},{"type":"Feature","properties":{},"geometry":{"type":"Point","coordinates":[85.33081376013968,27.70238213280154]}},{"type":"Feature","properties":{},"geometry":{"type":"Point","coordinates":[85.3308498766605,27.702343197254088]}},{"type":"Feature","properties":{},"geometry":{"type":"Point","coordinates":[85.33061379596523,27.702379615064]}},{"type":"Feature","properties":{},"geometry":{"type":"Point","coordinates":[85.33073748510041,27.70239304731596]}},{"type":"Feature","properties":{},"geometry":{"type":"Point","coordinates":[85.33045059358578,27.702243898077345]}},{"type":"Feature","properties":{},"geometry":{"type":"Point","coordinates":[85.33032849136734,27.702401455578222]}},{"type":"Feature","properties":{},"geometry":{"type":"Point","coordinates":[85.33023100630798,27.702397202972236]}},{"type":"Feature","properties":{},"geometry":{"type":"Point","coordinates":[85.33020732075568,27.702360078818224]}},{"type":"Feature","properties":{},"geometry":{"type":"Point","coordinates":[85.33016105006526,27.70235787985853]}},{"type":"Feature","properties":{},"geometry":{"type":"Point","coordinates":[85.33048933716383,27.702222440592596]}},{"type":"Feature","properties":{},"geometry":{"type":"Point","coordinates":[85.32524100148314,27.700271904652414]}},{"type":"Feature","properties":{},"geometry":{"type":"Point","coordinates":[85.32505194583173,27.70034478530361]}},{"type":"Feature","properties":{},"geometry":{"type":"Point","coordinates":[85.32304705984252,27.70089650410312]}},{"type":"Feature","properties":{},"geometry":{"type":"Point","coordinates":[85.32305973503429,27.70089439044119]}},{"type":"Feature","properties":{},"geometry":{"type":"Point","coordinates":[85.3234812343136,27.700798059962935]}},{"type":"Feature","properties":{},"geometry":{"type":"Point","coordinates":[85.32355967074457,27.700780773837085]}},{"type":"Feature","properties":{},"geometry":{"type":"Point","coordinates":[85.32364840805111,27.700888711865172]}},{"type":"Feature","properties":{},"geometry":{"type":"Point","coordinates":[85.32364759075104,27.700886920338828]}},{"type":"Feature","properties":{},"geometry":{"type":"Point","coordinates":[85.32234437674165,27.701118098611857]}},{"type":"Feature","properties":{},"geometry":{"type":"Point","coordinates":[85.32259927632191,27.701006489807703]}},{"type":"Feature","properties":{},"geometry":{"type":"Point","coordinates":[85.322753672708,27.700980121567145]}},{"type":"Feature","properties":{},"geometry":{"type":"Point","coordinates":[85.32278282755104,27.70096125322986]}},{"type":"Feature","properties":{},"geometry":{"type":"Point","coordinates":[85.32378759547093,27.70106975876871]}},{"type":"Feature","properties":{},"geometry":{"type":"Point","coordinates":[85.32370084406946,27.701078073191038]}},{"type":"Feature","properties":{},"geometry":{"type":"Point","coordinates":[85.3236919440838,27.701087816734777]}},{"type":"Feature","properties":{},"geometry":{"type":"Point","coordinates":[85.32379798710862,27.701157874894953]}},{"type":"Feature","properties":{},"geometry":{"type":"Point","coordinates":[85.32364695462823,27.701220172145202]}},{"type":"Feature","properties":{},"geometry":{"type":"Point","coordinates":[85.32357077857515,27.701202604011062]}},{"type":"Feature","properties":{},"geometry":{"type":"Point","coordinates":[85.32346716493763,27.701285930620646]}},{"type":"Feature","properties":{},"geometry":{"type":"Point","coordinates":[85.32335387496438,27.701269916553546]}},{"type":"Feature","properties":{},"geometry":{"type":"Point","coordinates":[85.32332210140156,27.701328746993685]}},{"type":"Feature","properties":{},"geometry":{"type":"Point","coordinates":[85.32327168544367,27.701301912846834]}},{"type":"Feature","properties":{},"geometry":{"type":"Point","coordinates":[85.32386784302838,27.70140047989835]}},{"type":"Feature","properties":{},"geometry":{"type":"Point","coordinates":[85.32380926675143,27.701426208105634]}},{"type":"Feature","properties":{},"geometry":{"type":"Point","coordinates":[85.32387844166662,27.70150577671915]}},{"type":"Feature","properties":{},"geometry":{"type":"Point","coordinates":[85.32356235353592,27.701333850684048]}},{"type":"Feature","properties":{},"geometry":{"type":"Point","coordinates":[85.32356416647804,27.70134858687643]}},{"type":"Feature","properties":{},"geometry":{"type":"Point","coordinates":[85.32352869245072,27.701362265919716]}},{"type":"Feature","properties":{},"geometry":{"type":"Point","coordinates":[85.32339140183713,27.70109701416481]}},{"type":"Feature","properties":{},"geometry":{"type":"Point","coordinates":[85.32337239568938,27.70102240771993]}},{"type":"Feature","properties":{},"geometry":{"type":"Point","coordinates":[85.32346480122779,27.70116115814609]}},{"type":"Feature","properties":{},"geometry":{"type":"Point","coordinates":[85.3234579505935,27.701749783673666]}},{"type":"Feature","properties":{},"geometry":{"type":"Point","coordinates":[85.32353310797271,27.70181802662978]}},{"type":"Feature","properties":{},"geometry":{"type":"Point","coordinates":[85.32349809180032,27.70183590624624]}},{"type":"Feature","properties":{},"geometry":{"type":"Point","coordinates":[85.32317649924289,27.70150586843051]}},{"type":"Feature","properties":{},"geometry":{"type":"Point","coordinates":[85.32311567621097,27.701454431976792]}},{"type":"Feature","properties":{},"geometry":{"type":"Point","coordinates":[85.32301133780015,27.701507795690556]}},{"type":"Feature","properties":{},"geometry":{"type":"Point","coordinates":[85.32300914625937,27.70150986576109]}},{"type":"Feature","properties":{},"geometry":{"type":"Point","coordinates":[85.32299635678272,27.701526146225483]}},{"type":"Feature","properties":{},"geometry":{"type":"Point","coordinates":[85.32296864299998,27.701530409884512]}},{"type":"Feature","properties":{},"geometry":{"type":"Point","coordinates":[85.32276892341311,27.701486183412097]}},{"type":"Feature","properties":{},"geometry":{"type":"Point","coordinates":[85.3226931132293,27.701317125701042]}},{"type":"Feature","properties":{},"geometry":{"type":"Point","coordinates":[85.32269581162473,27.701319243279887]}},{"type":"Feature","properties":{},"geometry":{"type":"Point","coordinates":[85.32266965713264,27.701373917715564]}},{"type":"Feature","properties":{},"geometry":{"type":"Point","coordinates":[85.32258947236164,27.701464304735772]}},{"type":"Feature","properties":{},"geometry":{"type":"Point","coordinates":[85.32257843880548,27.701544848871823]}},{"type":"Feature","properties":{},"geometry":{"type":"Point","coordinates":[85.32257820959836,27.701501426334485]}},{"type":"Feature","properties":{},"geometry":{"type":"Point","coordinates":[85.32256074165102,27.701482614072646]}},{"type":"Feature","properties":{},"geometry":{"type":"Point","coordinates":[85.3225166874267,27.701547692762077]}},{"type":"Feature","properties":{},"geometry":{"type":"Point","coordinates":[85.32380252300734,27.70145795029259]}},{"type":"Feature","properties":{},"geometry":{"type":"Point","coordinates":[85.32380569869886,27.7015430890856]}},{"type":"Feature","properties":{},"geometry":{"type":"Point","coordinates":[85.3237988518103,27.701372921025268]}},{"type":"Feature","properties":{},"geometry":{"type":"Point","coordinates":[85.32382922733247,27.701259251875296]}},{"type":"Feature","properties":{},"geometry":{"type":"Point","coordinates":[85.32389836744683,27.701580217338364]}},{"type":"Feature","properties":{},"geometry":{"type":"Point","coordinates":[85.32384399076604,27.701613736653922]}},{"type":"Feature","properties":{},"geometry":{"type":"Point","coordinates":[85.32394478263119,27.701665154894208]}},{"type":"Feature","properties":{},"geometry":{"type":"Point","coordinates":[85.32390122989261,27.701729183235006]}},{"type":"Feature","properties":{},"geometry":{"type":"Point","coordinates":[85.32398051948178,27.701759555435057]}},{"type":"Feature","properties":{},"geometry":{"type":"Point","coordinates":[85.32394231633626,27.70182739412797]}},{"type":"Feature","properties":{},"geometry":{"type":"Point","coordinates":[85.32394858601671,27.701843258306507]}},{"type":"Feature","properties":{},"geometry":{"type":"Point","coordinates":[85.3242341685994,27.70180470468258]}},{"type":"Feature","properties":{},"geometry":{"type":"Point","coordinates":[85.32414568921294,27.701877554094978]}},{"type":"Feature","properties":{},"geometry":{"type":"Point","coordinates":[85.32410332510703,27.701846681334185]}},{"type":"Feature","properties":{},"geometry":{"type":"Point","coordinates":[85.32401513630545,27.70200939455603]}},{"type":"Feature","properties":{},"geometry":{"type":"Point","coordinates":[85.32408096950482,27.701992080130463]}},{"type":"Feature","properties":{},"geometry":{"type":"Point","coordinates":[85.32403314496085,27.702059068595503]}},{"type":"Feature","properties":{},"geometry":{"type":"Point","coordinates":[85.32405866061053,27.70210747788846]}},{"type":"Feature","properties":{},"geometry":{"type":"Point","coordinates":[85.32452833729356,27.701810657939824]}},{"type":"Feature","properties":{},"geometry":{"type":"Point","coordinates":[85.32451871674462,27.7017693997513]}},{"type":"Feature","properties":{},"geometry":{"type":"Point","coordinates":[85.32441036890422,27.7017058378364]}},{"type":"Feature","properties":{},"geometry":{"type":"Point","coordinates":[85.32433256930692,27.70166461723679]}},{"type":"Feature","properties":{},"geometry":{"type":"Point","coordinates":[85.32414107850032,27.70150985167149]}},{"type":"Feature","properties":{},"geometry":{"type":"Point","coordinates":[85.32422781834848,27.701594956882882]}},{"type":"Feature","properties":{},"geometry":{"type":"Point","coordinates":[85.32407447050254,27.70216600096022]}},{"type":"Feature","properties":{},"geometry":{"type":"Point","coordinates":[85.3242283224956,27.702070165338544]}},{"type":"Feature","properties":{},"geometry":{"type":"Point","coordinates":[85.32422180478203,27.702034230014768]}},{"type":"Feature","properties":{},"geometry":{"type":"Point","coordinates":[85.32426418565188,27.702020478264792]}},{"type":"Feature","properties":{},"geometry":{"type":"Point","coordinates":[85.32439908264487,27.702008617112124]}},{"type":"Feature","properties":{},"geometry":{"type":"Point","coordinates":[85.32448590882248,27.70193990105386]}},{"type":"Feature","properties":{},"geometry":{"type":"Point","coordinates":[85.32400153813269,27.70239144813087]}},{"type":"Feature","properties":{},"geometry":{"type":"Point","coordinates":[85.32402805450194,27.702321960689588]}},{"type":"Feature","properties":{},"geometry":{"type":"Point","coordinates":[85.32427212960542,27.70226582378627]}},{"type":"Feature","properties":{},"geometry":{"type":"Point","coordinates":[85.3242926743456,27.70221695942588]}},{"type":"Feature","properties":{},"geometry":{"type":"Point","coordinates":[85.32437157309994,27.702219715032893]}},{"type":"Feature","properties":{},"geometry":{"type":"Point","coordinates":[85.32438332410246,27.702176554820284]}},{"type":"Feature","properties":{},"geometry":{"type":"Point","coordinates":[85.32402091468369,27.70238950577325]}},{"type":"Feature","properties":{},"geometry":{"type":"Point","coordinates":[85.32424726393442,27.702740070754626]}},{"type":"Feature","properties":{},"geometry":{"type":"Point","coordinates":[85.32421545119448,27.70262435086128]}},{"type":"Feature","properties":{},"geometry":{"type":"Point","coordinates":[85.32471223902785,27.70202457441518]}},{"type":"Feature","properties":{},"geometry":{"type":"Point","coordinates":[85.32438061123317,27.702214471419236]}},{"type":"Feature","properties":{},"geometry":{"type":"Point","coordinates":[85.32454750776358,27.702230665962848]}},{"type":"Feature","properties":{},"geometry":{"type":"Point","coordinates":[85.32454887276272,27.702244995992555]}},{"type":"Feature","properties":{},"geometry":{"type":"Point","coordinates":[85.32460019432074,27.702361349953776]}},{"type":"Feature","properties":{},"geometry":{"type":"Point","coordinates":[85.32473278929847,27.702172220040808]}},{"type":"Feature","properties":{},"geometry":{"type":"Point","coordinates":[85.32479259173813,27.702217722749577]}},{"type":"Feature","properties":{},"geometry":{"type":"Point","coordinates":[85.32481097766053,27.702305922017008]}},{"type":"Feature","properties":{},"geometry":{"type":"Point","coordinates":[85.32484614021212,27.70231822143697]}},{"type":"Feature","properties":{},"geometry":{"type":"Point","coordinates":[85.32485141364708,27.702310027836685]}},{"type":"Feature","properties":{},"geometry":{"type":"Point","coordinates":[85.3248009980557,27.70189138094104]}},{"type":"Feature","properties":{},"geometry":{"type":"Point","coordinates":[85.32480847314214,27.70188317427128]}},{"type":"Feature","properties":{},"geometry":{"type":"Point","coordinates":[85.3250853538672,27.702187175936974]}},{"type":"Feature","properties":{},"geometry":{"type":"Point","coordinates":[85.32500063034004,27.702136028733978]}},{"type":"Feature","properties":{},"geometry":{"type":"Point","coordinates":[85.32498313736103,27.70204997301148]}},{"type":"Feature","properties":{},"geometry":{"type":"Point","coordinates":[85.32497493749705,27.702036585578856]}},{"type":"Feature","properties":{},"geometry":{"type":"Point","coordinates":[85.32488576750286,27.701925429137148]}},{"type":"Feature","properties":{},"geometry":{"type":"Point","coordinates":[85.32494640109336,27.7017407748997]}},{"type":"Feature","properties":{},"geometry":{"type":"Point","coordinates":[85.32507107665664,27.702226385886462]}},{"type":"Feature","properties":{},"geometry":{"type":"Point","coordinates":[85.32517030872515,27.702247283679867]}},{"type":"Feature","properties":{},"geometry":{"type":"Point","coordinates":[85.32524813702669,27.702091384935184]}},{"type":"Feature","properties":{},"geometry":{"type":"Point","coordinates":[85.32504315311971,27.702435057428776]}},{"type":"Feature","properties":{},"geometry":{"type":"Point","coordinates":[85.3249691598025,27.702447193128112]}},{"type":"Feature","properties":{},"geometry":{"type":"Point","coordinates":[85.32516698004382,27.702314385773477]}},{"type":"Feature","properties":{},"geometry":{"type":"Point","coordinates":[85.32520175198808,27.70245817262449]}},{"type":"Feature","properties":{},"geometry":{"type":"Point","coordinates":[85.32521513588456,27.702447975096884]}},{"type":"Feature","properties":{},"geometry":{"type":"Point","coordinates":[85.32492056604951,27.702508397194368]}},{"type":"Feature","properties":{},"geometry":{"type":"Point","coordinates":[85.32499916112066,27.70261238037765]}},{"type":"Feature","properties":{},"geometry":{"type":"Point","coordinates":[85.32499257035273,27.70265536842162]}},{"type":"Feature","properties":{},"geometry":{"type":"Point","coordinates":[85.32494255946354,27.702574728034616]}},{"type":"Feature","properties":{},"geometry":{"type":"Point","coordinates":[85.32524416850832,27.701908419276545]}},{"type":"Feature","properties":{},"geometry":{"type":"Point","coordinates":[85.3236945077086,27.702447137213717]}},{"type":"Feature","properties":{},"geometry":{"type":"Point","coordinates":[85.3234100108298,27.702533083856245]}},{"type":"Feature","properties":{},"geometry":{"type":"Point","coordinates":[85.32338096345161,27.702416094010747]}},{"type":"Feature","properties":{},"geometry":{"type":"Point","coordinates":[85.32336401490261,27.702354402677287]}},{"type":"Feature","properties":{},"geometry":{"type":"Point","coordinates":[85.32336962710127,27.70227225667499]}},{"type":"Feature","properties":{},"geometry":{"type":"Point","coordinates":[85.32334784710756,27.70217001221494]}},{"type":"Feature","properties":{},"geometry":{"type":"Point","coordinates":[85.32330594534115,27.702132651885954]}},{"type":"Feature","properties":{},"geometry":{"type":"Point","coordinates":[85.32330079947336,27.702099597830603]}},{"type":"Feature","properties":{},"geometry":{"type":"Point","coordinates":[85.32332908788236,27.70209669128061]}},{"type":"Feature","properties":{},"geometry":{"type":"Point","coordinates":[85.32346038650063,27.70244054381066]}},{"type":"Feature","properties":{},"geometry":{"type":"Point","coordinates":[85.32313335096549,27.702486932289148]}},{"type":"Feature","properties":{},"geometry":{"type":"Point","coordinates":[85.3231098936573,27.702326612910586]}},{"type":"Feature","properties":{},"geometry":{"type":"Point","coordinates":[85.32288107991234,27.70276549456081]}},{"type":"Feature","properties":{},"geometry":{"type":"Point","coordinates":[85.32321930072683,27.70280243903404]}},{"type":"Feature","properties":{},"geometry":{"type":"Point","coordinates":[85.32322335650088,27.702806112791333]}},{"type":"Feature","properties":{},"geometry":{"type":"Point","coordinates":[85.3231404575553,27.702713393561847]}},{"type":"Feature","properties":{},"geometry":{"type":"Point","coordinates":[85.32295494849201,27.702779180367916]}},{"type":"Feature","properties":{},"geometry":{"type":"Point","coordinates":[85.3228803584406,27.702979696448878]}},{"type":"Feature","properties":{},"geometry":{"type":"Point","coordinates":[85.32296568823801,27.703005826441277]}},{"type":"Feature","properties":{},"geometry":{"type":"Point","coordinates":[85.32298198974094,27.70311419605139]}},{"type":"Feature","properties":{},"geometry":{"type":"Point","coordinates":[85.32293605754323,27.703118370754932]}},{"type":"Feature","properties":{},"geometry":{"type":"Point","coordinates":[85.32285706340402,27.703029053434314]}},{"type":"Feature","properties":{},"geometry":{"type":"Point","coordinates":[85.32285450340389,27.703280782623622]}},{"type":"Feature","properties":{},"geometry":{"type":"Point","coordinates":[85.32282296651678,27.703171779852937]}},{"type":"Feature","properties":{},"geometry":{"type":"Point","coordinates":[85.32323322093923,27.703085133926002]}},{"type":"Feature","properties":{},"geometry":{"type":"Point","coordinates":[85.32336446314805,27.703019650723316]}},{"type":"Feature","properties":{},"geometry":{"type":"Point","coordinates":[85.32350593179387,27.70313505529084]}},{"type":"Feature","properties":{},"geometry":{"type":"Point","coordinates":[85.32339638794141,27.70305708515695]}},{"type":"Feature","properties":{},"geometry":{"type":"Point","coordinates":[85.32339151849958,27.703053702098025]}},{"type":"Feature","properties":{},"geometry":{"type":"Point","coordinates":[85.32359301489748,27.703254202844704]}},{"type":"Feature","properties":{},"geometry":{"type":"Point","coordinates":[85.32353676587356,27.703275282980304]}},{"type":"Feature","properties":{},"geometry":{"type":"Point","coordinates":[85.3235674714781,27.70322140540435]}},{"type":"Feature","properties":{},"geometry":{"type":"Point","coordinates":[85.3239982858667,27.702591447659053]}},{"type":"Feature","properties":{},"geometry":{"type":"Point","coordinates":[85.3240126909275,27.70258364534162]}},{"type":"Feature","properties":{},"geometry":{"type":"Point","coordinates":[85.32429297488862,27.702528112860577]}},{"type":"Feature","properties":{},"geometry":{"type":"Point","coordinates":[85.32437569197558,27.702506031445193]}},{"type":"Feature","properties":{},"geometry":{"type":"Point","coordinates":[85.32375976181977,27.70267624217355]}},{"type":"Feature","properties":{},"geometry":{"type":"Point","coordinates":[85.32468874255711,27.702486922671138]}},{"type":"Feature","properties":{},"geometry":{"type":"Point","coordinates":[85.32454398126346,27.702492156427127]}},{"type":"Feature","properties":{},"geometry":{"type":"Point","coordinates":[85.32439232043559,27.702661117167597]}},{"type":"Feature","properties":{},"geometry":{"type":"Point","coordinates":[85.32435641606786,27.702635577298917]}},{"type":"Feature","properties":{},"geometry":{"type":"Point","coordinates":[85.3243249477644,27.702677754233882]}},{"type":"Feature","properties":{},"geometry":{"type":"Point","coordinates":[85.3242867257767,27.702654439955765]}},{"type":"Feature","properties":{},"geometry":{"type":"Point","coordinates":[85.3244701442943,27.702630510570454]}},{"type":"Feature","properties":{},"geometry":{"type":"Point","coordinates":[85.32441414804585,27.702537384818527]}},{"type":"Feature","properties":{},"geometry":{"type":"Point","coordinates":[85.32463470141089,27.702536762610755]}},{"type":"Feature","properties":{},"geometry":{"type":"Point","coordinates":[85.32457003325781,27.702537140637265]}},{"type":"Feature","properties":{},"geometry":{"type":"Point","coordinates":[85.32482719353054,27.703588294215034]}},{"type":"Feature","properties":{},"geometry":{"type":"Point","coordinates":[85.32447964547069,27.703818344308864]}},{"type":"Feature","properties":{},"geometry":{"type":"Point","coordinates":[85.32465125082877,27.70366089233401]}},{"type":"Feature","properties":{},"geometry":{"type":"Point","coordinates":[85.32408008473963,27.703812402802704]}},{"type":"Feature","properties":{},"geometry":{"type":"Point","coordinates":[85.32409006617112,27.703815049875686]}},{"type":"Feature","properties":{},"geometry":{"type":"Point","coordinates":[85.32415810695254,27.703883073698503]}},{"type":"Feature","properties":{},"geometry":{"type":"Point","coordinates":[85.32415014259134,27.703880949255673]}},{"type":"Feature","properties":{},"geometry":{"type":"Point","coordinates":[85.32420391327342,27.703828163962623]}},{"type":"Feature","properties":{},"geometry":{"type":"Point","coordinates":[85.32426917521727,27.7038024488758]}},{"type":"Feature","properties":{},"geometry":{"type":"Point","coordinates":[85.32426163744994,27.7038020047322]}},{"type":"Feature","properties":{},"geometry":{"type":"Point","coordinates":[85.32425538050738,27.703803413680404]}},{"type":"Feature","properties":{},"geometry":{"type":"Point","coordinates":[85.32423888073747,27.703910921284805]}},{"type":"Feature","properties":{},"geometry":{"type":"Point","coordinates":[85.32381866835375,27.703901738870762]}},{"type":"Feature","properties":{},"geometry":{"type":"Point","coordinates":[85.32380388337293,27.70389504345025]}},{"type":"Feature","properties":{},"geometry":{"type":"Point","coordinates":[85.32380405801567,27.70392355523985]}},{"type":"Feature","properties":{},"geometry":{"type":"Point","coordinates":[85.32388335696601,27.70380924925931]}},{"type":"Feature","properties":{},"geometry":{"type":"Point","coordinates":[85.32382501643107,27.703756377402637]}},{"type":"Feature","properties":{},"geometry":{"type":"Point","coordinates":[85.32380824774167,27.7037122148709]}},{"type":"Feature","properties":{},"geometry":{"type":"Point","coordinates":[85.3238390120337,27.70360149007962]}},{"type":"Feature","properties":{},"geometry":{"type":"Point","coordinates":[85.32376935402017,27.703589934277584]}},{"type":"Feature","properties":{},"geometry":{"type":"Point","coordinates":[85.3237705112612,27.703593436637238]}},{"type":"Feature","properties":{},"geometry":{"type":"Point","coordinates":[85.32377100431896,27.70359780010776]}},{"type":"Feature","properties":{},"geometry":{"type":"Point","coordinates":[85.32384352533535,27.70356747174794]}},{"type":"Feature","properties":{},"geometry":{"type":"Point","coordinates":[85.32369851156002,27.70351967322899]}},{"type":"Feature","properties":{},"geometry":{"type":"Point","coordinates":[85.32370120113349,27.703475206588042]}},{"type":"Feature","properties":{},"geometry":{"type":"Point","coordinates":[85.32373855960688,27.703410534739334]}},{"type":"Feature","properties":{},"geometry":{"type":"Point","coordinates":[85.32396716698808,27.70330788609596]}},{"type":"Feature","properties":{},"geometry":{"type":"Point","coordinates":[85.32375788241625,27.703242554586563]}},{"type":"Feature","properties":{},"geometry":{"type":"Point","coordinates":[85.3238328622128,27.70301724521319]}},{"type":"Feature","properties":{},"geometry":{"type":"Point","coordinates":[85.32386288538667,27.702925601213767]}},{"type":"Feature","properties":{},"geometry":{"type":"Point","coordinates":[85.32371905005762,27.702745699360577]}},{"type":"Feature","properties":{},"geometry":{"type":"Point","coordinates":[85.32370260079591,27.70278380881468]}},{"type":"Feature","properties":{},"geometry":{"type":"Point","coordinates":[85.3237335980291,27.702831444268977]}},{"type":"Feature","properties":{},"geometry":{"type":"Point","coordinates":[85.32391794944992,27.702809598273618]}},{"type":"Feature","properties":{},"geometry":{"type":"Point","coordinates":[85.32392830863957,27.70280464054879]}},{"type":"Feature","properties":{},"geometry":{"type":"Point","coordinates":[85.32395760229649,27.70279615025037]}},{"type":"Feature","properties":{},"geometry":{"type":"Point","coordinates":[85.32333691133762,27.703361430399664]}},{"type":"Feature","properties":{},"geometry":{"type":"Point","coordinates":[85.32327908682274,27.703424131278894]}},{"type":"Feature","properties":{},"geometry":{"type":"Point","coordinates":[85.3232766731574,27.703423880919487]}},{"type":"Feature","properties":{},"geometry":{"type":"Point","coordinates":[85.3232743545801,27.703425768041843]}},{"type":"Feature","properties":{},"geometry":{"type":"Point","coordinates":[85.32326884430746,27.703426890856704]}},{"type":"Feature","properties":{},"geometry":{"type":"Point","coordinates":[85.32326432846828,27.70342956185233]}},{"type":"Feature","properties":{},"geometry":{"type":"Point","coordinates":[85.32325980342993,27.703433563994032]}},{"type":"Feature","properties":{},"geometry":{"type":"Point","coordinates":[85.32323257187055,27.703432653810324]}},{"type":"Feature","properties":{},"geometry":{"type":"Point","coordinates":[85.32557645071121,27.701854031227395]}},{"type":"Feature","properties":{},"geometry":{"type":"Point","coordinates":[85.32562345013439,27.70194489694836]}},{"type":"Feature","properties":{},"geometry":{"type":"Point","coordinates":[85.32552072490603,27.70203875957459]}},{"type":"Feature","properties":{},"geometry":{"type":"Point","coordinates":[85.32541592980958,27.7024816666433]}},{"type":"Feature","properties":{},"geometry":{"type":"Point","coordinates":[85.32545156093309,27.70245558439916]}},{"type":"Feature","properties":{},"geometry":{"type":"Point","coordinates":[85.32541159927456,27.70254937396919]}},{"type":"Feature","properties":{},"geometry":{"type":"Point","coordinates":[85.32535148309103,27.70268442429434]}},{"type":"Feature","properties":{},"geometry":{"type":"Point","coordinates":[85.32535616219864,27.70268214600613]}},{"type":"Feature","properties":{},"geometry":{"type":"Point","coordinates":[85.32536163125499,27.702679667882673]}},{"type":"Feature","properties":{},"geometry":{"type":"Point","coordinates":[85.32532119652771,27.70270003842693]}},{"type":"Feature","properties":{},"geometry":{"type":"Point","coordinates":[85.3253041029802,27.702708924811095]}},{"type":"Feature","properties":{},"geometry":{"type":"Point","coordinates":[85.32510632602398,27.702785279379167]}},{"type":"Feature","properties":{},"geometry":{"type":"Point","coordinates":[85.3251895296611,27.702740439296136]}},{"type":"Feature","properties":{},"geometry":{"type":"Point","coordinates":[85.32517980579395,27.702722990020792]}},{"type":"Feature","properties":{},"geometry":{"type":"Point","coordinates":[85.32515561668991,27.70267625404595]}},{"type":"Feature","properties":{},"geometry":{"type":"Point","coordinates":[85.32526857330143,27.70272510277373]}},{"type":"Feature","properties":{},"geometry":{"type":"Point","coordinates":[85.32528727549902,27.70271579360645]}},{"type":"Feature","properties":{},"geometry":{"type":"Point","coordinates":[85.32528117374797,27.702719395868115]}},{"type":"Feature","properties":{},"geometry":{"type":"Point","coordinates":[85.32501513831576,27.702856770720455]}},{"type":"Feature","properties":{},"geometry":{"type":"Point","coordinates":[85.32500992992775,27.703030664816385]}},{"type":"Feature","properties":{},"geometry":{"type":"Point","coordinates":[85.3247349907297,27.702877253138464]}},{"type":"Feature","properties":{},"geometry":{"type":"Point","coordinates":[85.32470881065078,27.702901646271677]}},{"type":"Feature","properties":{},"geometry":{"type":"Point","coordinates":[85.32472752560464,27.702847696410146]}},{"type":"Feature","properties":{},"geometry":{"type":"Point","coordinates":[85.32457876546407,27.702923418625293]}},{"type":"Feature","properties":{},"geometry":{"type":"Point","coordinates":[85.32458086697001,27.70290540483332]}},{"type":"Feature","properties":{},"geometry":{"type":"Point","coordinates":[85.32494280362884,27.7034024677347]}},{"type":"Feature","properties":{},"geometry":{"type":"Point","coordinates":[85.32485172925726,27.703438815998542]}},{"type":"Feature","properties":{},"geometry":{"type":"Point","coordinates":[85.32485495339863,27.7034346689964]}},{"type":"Feature","properties":{},"geometry":{"type":"Point","coordinates":[85.32487402557966,27.70314443998596]}},{"type":"Feature","properties":{},"geometry":{"type":"Point","coordinates":[85.325012897922,27.703183437130686]}},{"type":"Feature","properties":{},"geometry":{"type":"Point","coordinates":[85.32519901364077,27.70317902364734]}},{"type":"Feature","properties":{},"geometry":{"type":"Point","coordinates":[85.3252071574167,27.703158110854293]}},{"type":"Feature","properties":{},"geometry":{"type":"Point","coordinates":[85.32511894980361,27.703188233914272]}},{"type":"Feature","properties":{},"geometry":{"type":"Point","coordinates":[85.3249855376653,27.703056051678683]}},{"type":"Feature","properties":{},"geometry":{"type":"Point","coordinates":[85.32501334498899,27.703041834555396]}},{"type":"Feature","properties":{},"geometry":{"type":"Point","coordinates":[85.32476669568607,27.70319509544172]}},{"type":"Feature","properties":{},"geometry":{"type":"Point","coordinates":[85.32462565920004,27.703190364169632]}},{"type":"Feature","properties":{},"geometry":{"type":"Point","coordinates":[85.32457662424834,27.703159612072263]}},{"type":"Feature","properties":{},"geometry":{"type":"Point","coordinates":[85.32446891742131,27.703273820152756]}},{"type":"Feature","properties":{},"geometry":{"type":"Point","coordinates":[85.32434437444847,27.703310957955207]}},{"type":"Feature","properties":{},"geometry":{"type":"Point","coordinates":[85.32438059649911,27.703300323948515]}},{"type":"Feature","properties":{},"geometry":{"type":"Point","coordinates":[85.32447961031359,27.70305090200919]}},{"type":"Feature","properties":{},"geometry":{"type":"Point","coordinates":[85.32444179394419,27.703050208724907]}},{"type":"Feature","properties":{},"geometry":{"type":"Point","coordinates":[85.32445853546172,27.703039150270694]}},{"type":"Feature","properties":{},"geometry":{"type":"Point","coordinates":[85.32432933999468,27.703131456855864]}},{"type":"Feature","properties":{},"geometry":{"type":"Point","coordinates":[85.32435385224659,27.703142227635446]}},{"type":"Feature","properties":{},"geometry":{"type":"Point","coordinates":[85.32423701767324,27.70331231640071]}},{"type":"Feature","properties":{},"geometry":{"type":"Point","coordinates":[85.32422859873834,27.70329853366573]}},{"type":"Feature","properties":{},"geometry":{"type":"Point","coordinates":[85.32413071467792,27.70331804231318]}},{"type":"Feature","properties":{},"geometry":{"type":"Point","coordinates":[85.32413966918965,27.70331708300392]}},{"type":"Feature","properties":{},"geometry":{"type":"Point","coordinates":[85.32435487529743,27.70326759760036]}},{"type":"Feature","properties":{},"geometry":{"type":"Point","coordinates":[85.32435381909873,27.703264648827336]}},{"type":"Feature","properties":{},"geometry":{"type":"Point","coordinates":[85.32435326690549,27.70326050396132]}},{"type":"Feature","properties":{},"geometry":{"type":"Point","coordinates":[85.32497858902119,27.703098102153483]}},{"type":"Feature","properties":{},"geometry":{"type":"Point","coordinates":[85.32484616208605,27.703958062982085]}},{"type":"Feature","properties":{},"geometry":{"type":"Point","coordinates":[85.32484700201941,27.703959703147824]}},{"type":"Feature","properties":{},"geometry":{"type":"Point","coordinates":[85.32484739361186,27.703961550889396]}},{"type":"Feature","properties":{},"geometry":{"type":"Point","coordinates":[85.32495669133723,27.704071030311663]}},{"type":"Feature","properties":{},"geometry":{"type":"Point","coordinates":[85.32495427112333,27.704066095678016]}},{"type":"Feature","properties":{},"geometry":{"type":"Point","coordinates":[85.32496794467257,27.704128099204695]}},{"type":"Feature","properties":{},"geometry":{"type":"Point","coordinates":[85.32506318765246,27.704452229326577]}},{"type":"Feature","properties":{},"geometry":{"type":"Point","coordinates":[85.32505679174517,27.704525737570343]}},{"type":"Feature","properties":{},"geometry":{"type":"Point","coordinates":[85.3248921510693,27.70449247567136]}},{"type":"Feature","properties":{},"geometry":{"type":"Point","coordinates":[85.32513222310327,27.70457178036153]}},{"type":"Feature","properties":{},"geometry":{"type":"Point","coordinates":[85.32507926464203,27.704728404949396]}},{"type":"Feature","properties":{},"geometry":{"type":"Point","coordinates":[85.32507766052044,27.704766305186425]}},{"type":"Feature","properties":{},"geometry":{"type":"Point","coordinates":[85.32512989949909,27.704711427853336]}},{"type":"Feature","properties":{},"geometry":{"type":"Point","coordinates":[85.32512792719923,27.70467245273014]}},{"type":"Feature","properties":{},"geometry":{"type":"Point","coordinates":[85.32445757789353,27.70446898203241]}},{"type":"Feature","properties":{},"geometry":{"type":"Point","coordinates":[85.32448084749933,27.70450342692714]}},{"type":"Feature","properties":{},"geometry":{"type":"Point","coordinates":[85.32444219027592,27.704555341079804]}},{"type":"Feature","properties":{},"geometry":{"type":"Point","coordinates":[85.32399024614669,27.70459660288543]}},{"type":"Feature","properties":{},"geometry":{"type":"Point","coordinates":[85.32396574325128,27.704581884404284]}},{"type":"Feature","properties":{},"geometry":{"type":"Point","coordinates":[85.32396645955478,27.704588494310276]}},{"type":"Feature","properties":{},"geometry":{"type":"Point","coordinates":[85.3241530483492,27.704482018023768]}},{"type":"Feature","properties":{},"geometry":{"type":"Point","coordinates":[85.32402685745944,27.70435922936675]}},{"type":"Feature","properties":{},"geometry":{"type":"Point","coordinates":[85.32417041644231,27.70454543279779]}},{"type":"Feature","properties":{},"geometry":{"type":"Point","coordinates":[85.32516894813345,27.704896188858896]}},{"type":"Feature","properties":{},"geometry":{"type":"Point","coordinates":[85.32513319354652,27.705166647870694]}},{"type":"Feature","properties":{},"geometry":{"type":"Point","coordinates":[85.32509009322901,27.705190115190995]}},{"type":"Feature","properties":{},"geometry":{"type":"Point","coordinates":[85.32509062473167,27.705191500715138]}},{"type":"Feature","properties":{},"geometry":{"type":"Point","coordinates":[85.32508500225879,27.705105625656838]}},{"type":"Feature","properties":{},"geometry":{"type":"Point","coordinates":[85.32512507367737,27.70510412400009]}},{"type":"Feature","properties":{},"geometry":{"type":"Point","coordinates":[85.32508065630905,27.705071280766504]}},{"type":"Feature","properties":{},"geometry":{"type":"Point","coordinates":[85.32512659026227,27.705038161589396]}},{"type":"Feature","properties":{},"geometry":{"type":"Point","coordinates":[85.32512772977866,27.705015873419413]}},{"type":"Feature","properties":{},"geometry":{"type":"Point","coordinates":[85.32512691225087,27.704973528617817]}},{"type":"Feature","properties":{},"geometry":{"type":"Point","coordinates":[85.32512504491334,27.70495191437145]}},{"type":"Feature","properties":{},"geometry":{"type":"Point","coordinates":[85.32507358853687,27.704765078091313]}},{"type":"Feature","properties":{},"geometry":{"type":"Point","coordinates":[85.3253659490444,27.70489885656489]}},{"type":"Feature","properties":{},"geometry":{"type":"Point","coordinates":[85.3253523278708,27.7050076374364]}},{"type":"Feature","properties":{},"geometry":{"type":"Point","coordinates":[85.3253563041299,27.705079408315715]}},{"type":"Feature","properties":{},"geometry":{"type":"Point","coordinates":[85.3253983433547,27.705099120405617]}},{"type":"Feature","properties":{},"geometry":{"type":"Point","coordinates":[85.32541289856479,27.70521609882327]}},{"type":"Feature","properties":{},"geometry":{"type":"Point","coordinates":[85.32536476857793,27.705192484443558]}},{"type":"Feature","properties":{},"geometry":{"type":"Point","coordinates":[85.32536602186035,27.70518751122329]}},{"type":"Feature","properties":{},"geometry":{"type":"Point","coordinates":[85.32541416823976,27.70516191076567]}},{"type":"Feature","properties":{},"geometry":{"type":"Point","coordinates":[85.32546970247081,27.70483693244646]}},{"type":"Feature","properties":{},"geometry":{"type":"Point","coordinates":[85.32550497917909,27.704973828948727]}},{"type":"Feature","properties":{},"geometry":{"type":"Point","coordinates":[85.3255173543225,27.7049407910558]}},{"type":"Feature","properties":{},"geometry":{"type":"Point","coordinates":[85.32497069981784,27.705002931579042]}},{"type":"Feature","properties":{},"geometry":{"type":"Point","coordinates":[85.32513057772613,27.705221721278797]}},{"type":"Feature","properties":{},"geometry":{"type":"Point","coordinates":[85.32512986759211,27.705251748575822]}},{"type":"Feature","properties":{},"geometry":{"type":"Point","coordinates":[85.3251372398396,27.705266422046808]}},{"type":"Feature","properties":{},"geometry":{"type":"Point","coordinates":[85.32475575466593,27.70487097729748]}},{"type":"Feature","properties":{},"geometry":{"type":"Point","coordinates":[85.32475605974692,27.704868796824]}},{"type":"Feature","properties":{},"geometry":{"type":"Point","coordinates":[85.32479166760689,27.70495335874174]}},{"type":"Feature","properties":{},"geometry":{"type":"Point","coordinates":[85.3248733197814,27.705045644085583]}},{"type":"Feature","properties":{},"geometry":{"type":"Point","coordinates":[85.32482847893299,27.705054201833622]}},{"type":"Feature","properties":{},"geometry":{"type":"Point","coordinates":[85.32743476009715,27.70529939686279]}},{"type":"Feature","properties":{},"geometry":{"type":"Point","coordinates":[85.32734561540626,27.70531967400397]}},{"type":"Feature","properties":{},"geometry":{"type":"Point","coordinates":[85.32734031619053,27.70531905580587]}},{"type":"Feature","properties":{},"geometry":{"type":"Point","coordinates":[85.32731648380059,27.705317112549526]}},{"type":"Feature","properties":{},"geometry":{"type":"Point","coordinates":[85.32725960162547,27.705314657095627]}},{"type":"Feature","properties":{},"geometry":{"type":"Point","coordinates":[85.32717823748183,27.70531202489857]}},{"type":"Feature","properties":{},"geometry":{"type":"Point","coordinates":[85.32714659672249,27.705310350977676]}},{"type":"Feature","properties":{},"geometry":{"type":"Point","coordinates":[85.32709172815703,27.705307120131536]}},{"type":"Feature","properties":{},"geometry":{"type":"Point","coordinates":[85.3270378491102,27.70530416927965]}},{"type":"Feature","properties":{},"geometry":{"type":"Point","coordinates":[85.3270099293841,27.70530213595746]}},{"type":"Feature","properties":{},"geometry":{"type":"Point","coordinates":[85.32682733010685,27.705294238382493]}},{"type":"Feature","properties":{},"geometry":{"type":"Point","coordinates":[85.32676174013591,27.705291053809844]}},{"type":"Feature","properties":{},"geometry":{"type":"Point","coordinates":[85.32667058975561,27.705287858064814]}},{"type":"Feature","properties":{},"geometry":{"type":"Point","coordinates":[85.32664114080123,27.705283633748977]}},{"type":"Feature","properties":{},"geometry":{"type":"Point","coordinates":[85.32660912823162,27.705286190869725]}},{"type":"Feature","properties":{},"geometry":{"type":"Point","coordinates":[85.32656007862876,27.705287730628996]}},{"type":"Feature","properties":{},"geometry":{"type":"Point","coordinates":[85.32651369446383,27.70528910674183]}},{"type":"Feature","properties":{},"geometry":{"type":"Point","coordinates":[85.32647996583599,27.705294005957295]}},{"type":"Feature","properties":{},"geometry":{"type":"Point","coordinates":[85.32615018847947,27.70530719862875]}},{"type":"Feature","properties":{},"geometry":{"type":"Point","coordinates":[85.32581504718522,27.70535403038909]}},{"type":"Feature","properties":{},"geometry":{"type":"Point","coordinates":[85.32570381711446,27.70537455289448]}},{"type":"Feature","properties":{},"geometry":{"type":"Point","coordinates":[85.32571011699372,27.70537325902623]}},{"type":"Feature","properties":{},"geometry":{"type":"Point","coordinates":[85.32578034868702,27.70535968486779]}},{"type":"Feature","properties":{},"geometry":{"type":"Point","coordinates":[85.3256078225721,27.70539346804303]}},{"type":"Feature","properties":{},"geometry":{"type":"Point","coordinates":[85.32561387180269,27.70539125596374]}},{"type":"Feature","properties":{},"geometry":{"type":"Point","coordinates":[85.32538773805692,27.70542290300916]}},{"type":"Feature","properties":{},"geometry":{"type":"Point","coordinates":[85.32540530894067,27.705419442205823]}},{"type":"Feature","properties":{},"geometry":{"type":"Point","coordinates":[85.32532598029593,27.70542761628176]}},{"type":"Feature","properties":{},"geometry":{"type":"Point","coordinates":[85.32527266936728,27.705436535606406]}},{"type":"Feature","properties":{},"geometry":{"type":"Point","coordinates":[85.32518606040509,27.705377208417566]}},{"type":"Feature","properties":{},"geometry":{"type":"Point","coordinates":[85.32509901624383,27.705357134033385]}},{"type":"Feature","properties":{},"geometry":{"type":"Point","coordinates":[85.32549935073622,27.705407148135304]}},{"type":"Feature","properties":{},"geometry":{"type":"Point","coordinates":[85.3250326500555,27.705459071625267]}},{"type":"Feature","properties":{},"geometry":{"type":"Point","coordinates":[85.3250013678074,27.705458690389552]}},{"type":"Feature","properties":{},"geometry":{"type":"Point","coordinates":[85.3248418591959,27.70548787639525]}},{"type":"Feature","properties":{},"geometry":{"type":"Point","coordinates":[85.32476270407712,27.705488006032198]}},{"type":"Feature","properties":{},"geometry":{"type":"Point","coordinates":[85.32465988234667,27.70551549873692]}},{"type":"Feature","properties":{},"geometry":{"type":"Point","coordinates":[85.32461909660657,27.705516154946434]}},{"type":"Feature","properties":{},"geometry":{"type":"Point","coordinates":[85.3246230053724,27.705517712217613]}},{"type":"Feature","properties":{},"geometry":{"type":"Point","coordinates":[85.32431250878491,27.70555406486287]}},{"type":"Feature","properties":{},"geometry":{"type":"Point","coordinates":[85.32429504348644,27.705555324587582]}},{"type":"Feature","properties":{},"geometry":{"type":"Point","coordinates":[85.3243888633575,27.705549205629467]}},{"type":"Feature","properties":{},"geometry":{"type":"Point","coordinates":[85.32448133871983,27.705506509933752]}},{"type":"Feature","properties":{},"geometry":{"type":"Point","coordinates":[85.3245036965364,27.705488748558388]}},{"type":"Feature","properties":{},"geometry":{"type":"Point","coordinates":[85.3243376261563,27.705088697673453]}},{"type":"Feature","properties":{},"geometry":{"type":"Point","coordinates":[85.324354057247,27.705086362220573]}},{"type":"Feature","properties":{},"geometry":{"type":"Point","coordinates":[85.32434651204983,27.70511480041601]}},{"type":"Feature","properties":{},"geometry":{"type":"Point","coordinates":[85.32434480895145,27.705104479926042]}},{"type":"Feature","properties":{},"geometry":{"type":"Point","coordinates":[85.32433985496596,27.705096203163414]}},{"type":"Feature","properties":{},"geometry":{"type":"Point","coordinates":[85.3244822058524,27.705402576726218]}},{"type":"Feature","properties":{},"geometry":{"type":"Point","coordinates":[85.3241787095494,27.7055624850262]}},{"type":"Feature","properties":{},"geometry":{"type":"Point","coordinates":[85.3240860808896,27.705562519749595]}},{"type":"Feature","properties":{},"geometry":{"type":"Point","coordinates":[85.32402369430167,27.705563517157714]}},{"type":"Feature","properties":{},"geometry":{"type":"Point","coordinates":[85.32392424624499,27.7054816054417]}},{"type":"Feature","properties":{},"geometry":{"type":"Point","coordinates":[85.32392226555172,27.705446126685878]}},{"type":"Feature","properties":{},"geometry":{"type":"Point","coordinates":[85.32391813536232,27.705434244278596]}},{"type":"Feature","properties":{},"geometry":{"type":"Point","coordinates":[85.32390987628017,27.705428373385875]}},{"type":"Feature","properties":{},"geometry":{"type":"Point","coordinates":[85.32391350288708,27.70543352842467]}},{"type":"Feature","properties":{},"geometry":{"type":"Point","coordinates":[85.3237747914972,27.70555333618365]}},{"type":"Feature","properties":{},"geometry":{"type":"Point","coordinates":[85.32377824513594,27.705553089189994]}},{"type":"Feature","properties":{},"geometry":{"type":"Point","coordinates":[85.32378245047457,27.705553089571367]}},{"type":"Feature","properties":{},"geometry":{"type":"Point","coordinates":[85.32363627462568,27.705561634612042]}},{"type":"Feature","properties":{},"geometry":{"type":"Point","coordinates":[85.32348694362297,27.705559260172855]}},{"type":"Feature","properties":{},"geometry":{"type":"Point","coordinates":[85.3233995003786,27.705569080381924]}},{"type":"Feature","properties":{},"geometry":{"type":"Point","coordinates":[85.32335717034755,27.70557092060926]}},{"type":"Feature","properties":{},"geometry":{"type":"Point","coordinates":[85.32335895180051,27.70557060643939]}},{"type":"Feature","properties":{},"geometry":{"type":"Point","coordinates":[85.32327418017917,27.705572032746755]}},{"type":"Feature","properties":{},"geometry":{"type":"Point","coordinates":[85.32325136596373,27.705569691367092]}},{"type":"Feature","properties":{},"geometry":{"type":"Point","coordinates":[85.32319887760966,27.705574806586167]}},{"type":"Feature","properties":{},"geometry":{"type":"Point","coordinates":[85.32313984954672,27.705575013032735]}},{"type":"Feature","properties":{},"geometry":{"type":"Point","coordinates":[85.32300551763659,27.705581988749124]}},{"type":"Feature","properties":{},"geometry":{"type":"Point","coordinates":[85.32305991699118,27.705525453366732]}},{"type":"Feature","properties":{},"geometry":{"type":"Point","coordinates":[85.32310536689697,27.70544088473269]}},{"type":"Feature","properties":{},"geometry":{"type":"Point","coordinates":[85.3231014879512,27.70550123530297]}},{"type":"Feature","properties":{},"geometry":{"type":"Point","coordinates":[85.32310745495823,27.705500888806853]}},{"type":"Feature","properties":{},"geometry":{"type":"Point","coordinates":[85.32305651811545,27.705469073386006]}},{"type":"Feature","properties":{},"geometry":{"type":"Point","coordinates":[85.3225694933385,27.702869283117003]}},{"type":"Feature","properties":{},"geometry":{"type":"Point","coordinates":[85.32261353332504,27.703237948706064]}},{"type":"Feature","properties":{},"geometry":{"type":"Point","coordinates":[85.32261296365733,27.703234685412273]}},{"type":"Feature","properties":{},"geometry":{"type":"Point","coordinates":[85.32263052033805,27.703347025222374]}},{"type":"Feature","properties":{},"geometry":{"type":"Point","coordinates":[85.32263746246555,27.70339283870932]}},{"type":"Feature","properties":{},"geometry":{"type":"Point","coordinates":[85.32264097671244,27.703415474760384]}},{"type":"Feature","properties":{},"geometry":{"type":"Point","coordinates":[85.32265435099264,27.703504246211075]}},{"type":"Feature","properties":{},"geometry":{"type":"Point","coordinates":[85.32267764970439,27.703678812222403]}},{"type":"Feature","properties":{},"geometry":{"type":"Point","coordinates":[85.32279470324065,27.70440125210707]}},{"type":"Feature","properties":{},"geometry":{"type":"Point","coordinates":[85.32279520079022,27.704395507103946]}},{"type":"Feature","properties":{},"geometry":{"type":"Point","coordinates":[85.32282707668443,27.70469956257586]}},{"type":"Feature","properties":{},"geometry":{"type":"Point","coordinates":[85.32281912550292,27.704551111832213]}},{"type":"Feature","properties":{},"geometry":{"type":"Point","coordinates":[85.32281990109755,27.704558017593286]}},{"type":"Feature","properties":{},"geometry":{"type":"Point","coordinates":[85.32284272391558,27.704820079761394]}},{"type":"Feature","properties":{},"geometry":{"type":"Point","coordinates":[85.32319803096487,27.70495523008681]}},{"type":"Feature","properties":{},"geometry":{"type":"Point","coordinates":[85.32309319794757,27.70497586317997]}},{"type":"Feature","properties":{},"geometry":{"type":"Point","coordinates":[85.32309953407812,27.704975846071918]}},{"type":"Feature","properties":{},"geometry":{"type":"Point","coordinates":[85.3229909717405,27.705045848373125]}},{"type":"Feature","properties":{},"geometry":{"type":"Point","coordinates":[85.32301447383682,27.70503887661726]}},{"type":"Feature","properties":{},"geometry":{"type":"Point","coordinates":[85.32289979672346,27.705167480262926]}},{"type":"Feature","properties":{},"geometry":{"type":"Point","coordinates":[85.32289750775502,27.705205618546188]}},{"type":"Feature","properties":{},"geometry":{"type":"Point","coordinates":[85.32289672567033,27.70520205393711]}},{"type":"Feature","properties":{},"geometry":{"type":"Point","coordinates":[85.32291130797165,27.705269215862224]}},{"type":"Feature","properties":{},"geometry":{"type":"Point","coordinates":[85.32291530899279,27.705306973663202]}},{"type":"Feature","properties":{},"geometry":{"type":"Point","coordinates":[85.32292373556868,27.705377076416887]}},{"type":"Feature","properties":{},"geometry":{"type":"Point","coordinates":[85.32293131669378,27.705421104265287]}},{"type":"Feature","properties":{},"geometry":{"type":"Point","coordinates":[85.32293434352863,27.705444254268816]}},{"type":"Feature","properties":{},"geometry":{"type":"Point","coordinates":[85.32283741508381,27.70478256785059]}},{"type":"Feature","properties":{},"geometry":{"type":"Point","coordinates":[85.32423010725277,27.70066239699699]}},{"type":"Feature","properties":{},"geometry":{"type":"Point","coordinates":[85.32423610497878,27.700669048270985]}},{"type":"Feature","properties":{},"geometry":{"type":"Point","coordinates":[85.32424230726639,27.70067896924514]}},{"type":"Feature","properties":{},"geometry":{"type":"Point","coordinates":[85.32417076080527,27.7006529527776]}},{"type":"Feature","properties":{},"geometry":{"type":"Point","coordinates":[85.32415639988301,27.700652774423244]}},{"type":"Feature","properties":{},"geometry":{"type":"Point","coordinates":[85.32411820020913,27.70065644928241]}},{"type":"Feature","properties":{},"geometry":{"type":"Point","coordinates":[85.32407162791871,27.70066654909882]}},{"type":"Feature","properties":{},"geometry":{"type":"Point","coordinates":[85.32399354240826,27.70066891072117]}},{"type":"Feature","properties":{},"geometry":{"type":"Point","coordinates":[85.32400264643344,27.700676003049967]}},{"type":"Feature","properties":{},"geometry":{"type":"Point","coordinates":[85.32388397522472,27.700710305420806]}},{"type":"Feature","properties":{},"geometry":{"type":"Point","coordinates":[85.32578044328855,27.701966679736614]}},{"type":"Feature","properties":{},"geometry":{"type":"Point","coordinates":[85.32577484147738,27.70196570131754]}},{"type":"Feature","properties":{},"geometry":{"type":"Point","coordinates":[85.32584112895593,27.70211655977168]}},{"type":"Feature","properties":{},"geometry":{"type":"Point","coordinates":[85.32578521552941,27.702223526906135]}},{"type":"Feature","properties":{},"geometry":{"type":"Point","coordinates":[85.32576858089486,27.702280141146222]}},{"type":"Feature","properties":{},"geometry":{"type":"Point","coordinates":[85.32570955181818,27.702303509027324]}},{"type":"Feature","properties":{},"geometry":{"type":"Point","coordinates":[85.32565366171643,27.702271448740944]}},{"type":"Feature","properties":{},"geometry":{"type":"Point","coordinates":[85.32557729484542,27.702339496007298]}},{"type":"Feature","properties":{},"geometry":{"type":"Point","coordinates":[85.32597400760368,27.702292724952812]}},{"type":"Feature","properties":{},"geometry":{"type":"Point","coordinates":[85.32602086968247,27.702406372821095]}},{"type":"Feature","properties":{},"geometry":{"type":"Point","coordinates":[85.32604813323886,27.70247658862496]}},{"type":"Feature","properties":{},"geometry":{"type":"Point","coordinates":[85.32608784475043,27.70256483803709]}},{"type":"Feature","properties":{},"geometry":{"type":"Point","coordinates":[85.32606629812342,27.702642449372544]}},{"type":"Feature","properties":{},"geometry":{"type":"Point","coordinates":[85.32608674534029,27.702667291965223]}},{"type":"Feature","properties":{},"geometry":{"type":"Point","coordinates":[85.32597024049652,27.702677483608852]}},{"type":"Feature","properties":{},"geometry":{"type":"Point","coordinates":[85.32585008355088,27.70272450820863]}},{"type":"Feature","properties":{},"geometry":{"type":"Point","coordinates":[85.32626834289772,27.702989086413105]}},{"type":"Feature","properties":{},"geometry":{"type":"Point","coordinates":[85.3259967353469,27.702736744019226]}},{"type":"Feature","properties":{},"geometry":{"type":"Point","coordinates":[85.32577606854895,27.702502391268798]}},{"type":"Feature","properties":{},"geometry":{"type":"Point","coordinates":[85.32578269642723,27.702537854028748]}},{"type":"Feature","properties":{},"geometry":{"type":"Point","coordinates":[85.32580408645222,27.702502727408735]}},{"type":"Feature","properties":{},"geometry":{"type":"Point","coordinates":[85.32586150285047,27.702600880758382]}},{"type":"Feature","properties":{},"geometry":{"type":"Point","coordinates":[85.32590003982517,27.70274055495264]}},{"type":"Feature","properties":{},"geometry":{"type":"Point","coordinates":[85.32573825558413,27.70268640038437]}},{"type":"Feature","properties":{},"geometry":{"type":"Point","coordinates":[85.32570983516852,27.702696684159847]}},{"type":"Feature","properties":{},"geometry":{"type":"Point","coordinates":[85.32569672771456,27.702699867766064]}},{"type":"Feature","properties":{},"geometry":{"type":"Point","coordinates":[85.32563698498596,27.70275760774676]}},{"type":"Feature","properties":{},"geometry":{"type":"Point","coordinates":[85.32555330579244,27.702751650547533]}},{"type":"Feature","properties":{},"geometry":{"type":"Point","coordinates":[85.32552991014008,27.702800970705834]}},{"type":"Feature","properties":{},"geometry":{"type":"Point","coordinates":[85.32557704047852,27.702745475388877]}},{"type":"Feature","properties":{},"geometry":{"type":"Point","coordinates":[85.3254986085002,27.702813132084703]}},{"type":"Feature","properties":{},"geometry":{"type":"Point","coordinates":[85.3254316544837,27.702800363418135]}},{"type":"Feature","properties":{},"geometry":{"type":"Point","coordinates":[85.32541348444772,27.70281831913608]}},{"type":"Feature","properties":{},"geometry":{"type":"Point","coordinates":[85.32534509658284,27.70270415074783]}},{"type":"Feature","properties":{},"geometry":{"type":"Point","coordinates":[85.32533507871284,27.702708409625238]}},{"type":"Feature","properties":{},"geometry":{"type":"Point","coordinates":[85.32571300334554,27.70299588112749]}},{"type":"Feature","properties":{},"geometry":{"type":"Point","coordinates":[85.32570789469496,27.702997534181645]}},{"type":"Feature","properties":{},"geometry":{"type":"Point","coordinates":[85.32566586392453,27.70300003040864]}},{"type":"Feature","properties":{},"geometry":{"type":"Point","coordinates":[85.32566015828901,27.702991037904365]}},{"type":"Feature","properties":{},"geometry":{"type":"Point","coordinates":[85.32591866004309,27.702937421944085]}},{"type":"Feature","properties":{},"geometry":{"type":"Point","coordinates":[85.32593237072776,27.702932388168097]}},{"type":"Feature","properties":{},"geometry":{"type":"Point","coordinates":[85.32596736144527,27.702919961728064]}},{"type":"Feature","properties":{},"geometry":{"type":"Point","coordinates":[85.32639112173686,27.703296450809948]}},{"type":"Feature","properties":{},"geometry":{"type":"Point","coordinates":[85.32634145641822,27.703177600269765]}},{"type":"Feature","properties":{},"geometry":{"type":"Point","coordinates":[85.32619164154261,27.703550805856555]}},{"type":"Feature","properties":{},"geometry":{"type":"Point","coordinates":[85.32622207065658,27.703536025411776]}},{"type":"Feature","properties":{},"geometry":{"type":"Point","coordinates":[85.32643345046235,27.703705008285322]}},{"type":"Feature","properties":{},"geometry":{"type":"Point","coordinates":[85.32635150062792,27.703731264546732]}},{"type":"Feature","properties":{},"geometry":{"type":"Point","coordinates":[85.32659294658104,27.703782171077137]}},{"type":"Feature","properties":{},"geometry":{"type":"Point","coordinates":[85.32664896403695,27.703896596409407]}},{"type":"Feature","properties":{},"geometry":{"type":"Point","coordinates":[85.3266379411859,27.703868026570817]}},{"type":"Feature","properties":{},"geometry":{"type":"Point","coordinates":[85.32625409361718,27.70373452827615]}},{"type":"Feature","properties":{},"geometry":{"type":"Point","coordinates":[85.32622327439984,27.70379638905111]}},{"type":"Feature","properties":{},"geometry":{"type":"Point","coordinates":[85.32586807239305,27.70382816320934]}},{"type":"Feature","properties":{},"geometry":{"type":"Point","coordinates":[85.32610516813725,27.703873812984018]}},{"type":"Feature","properties":{},"geometry":{"type":"Point","coordinates":[85.32611705058342,27.70380985407958]}},{"type":"Feature","properties":{},"geometry":{"type":"Point","coordinates":[85.32569118061693,27.70362614187914]}},{"type":"Feature","properties":{},"geometry":{"type":"Point","coordinates":[85.32559101902316,27.703381786620987]}},{"type":"Feature","properties":{},"geometry":{"type":"Point","coordinates":[85.32555781934322,27.70335141683558]}},{"type":"Feature","properties":{},"geometry":{"type":"Point","coordinates":[85.32582617645612,27.703447653943567]}},{"type":"Feature","properties":{},"geometry":{"type":"Point","coordinates":[85.32582504903013,27.70341456281841]}},{"type":"Feature","properties":{},"geometry":{"type":"Point","coordinates":[85.32573745153725,27.703451479006908]}},{"type":"Feature","properties":{},"geometry":{"type":"Point","coordinates":[85.32700031806789,27.704532730893334]}},{"type":"Feature","properties":{},"geometry":{"type":"Point","coordinates":[85.32676917253734,27.704364166063165]}},{"type":"Feature","properties":{},"geometry":{"type":"Point","coordinates":[85.32669300545037,27.704382979597547]}},{"type":"Feature","properties":{},"geometry":{"type":"Point","coordinates":[85.32670036923713,27.704353161768598]}},{"type":"Feature","properties":{},"geometry":{"type":"Point","coordinates":[85.32663678816014,27.704375728577972]}},{"type":"Feature","properties":{},"geometry":{"type":"Point","coordinates":[85.32663830176672,27.70438067117873]}},{"type":"Feature","properties":{},"geometry":{"type":"Point","coordinates":[85.32664274526459,27.70439662689239]}},{"type":"Feature","properties":{},"geometry":{"type":"Point","coordinates":[85.32670411937391,27.70415026458754]}},{"type":"Feature","properties":{},"geometry":{"type":"Point","coordinates":[85.32669588098703,27.704202776352634]}},{"type":"Feature","properties":{},"geometry":{"type":"Point","coordinates":[85.3265806802321,27.70423053788445]}},{"type":"Feature","properties":{},"geometry":{"type":"Point","coordinates":[85.32656916017528,27.70418816657924]}},{"type":"Feature","properties":{},"geometry":{"type":"Point","coordinates":[85.32656044845022,27.704184575622794]}},{"type":"Feature","properties":{},"geometry":{"type":"Point","coordinates":[85.32230593052999,27.70122405027652]}},{"type":"Feature","properties":{},"geometry":{"type":"Point","coordinates":[85.32232934431042,27.701320773936107]}},{"type":"Feature","properties":{},"geometry":{"type":"Point","coordinates":[85.32232114963196,27.701302896245704]}},{"type":"Feature","properties":{},"geometry":{"type":"Point","coordinates":[85.32265533899222,27.701927660264083]}},{"type":"Feature","properties":{},"geometry":{"type":"Point","coordinates":[85.3224425032632,27.702107898601184]}},{"type":"Feature","properties":{},"geometry":{"type":"Point","coordinates":[85.32244191663482,27.702104949187543]}},{"type":"Feature","properties":{},"geometry":{"type":"Point","coordinates":[85.3224413275746,27.702101098099497]}},{"type":"Feature","properties":{},"geometry":{"type":"Point","coordinates":[85.32244019766665,27.702098928221236]}},{"type":"Feature","properties":{},"geometry":{"type":"Point","coordinates":[85.32247780980835,27.70237175297919]}},{"type":"Feature","properties":{},"geometry":{"type":"Point","coordinates":[85.32248696565377,27.702425841682462]}},{"type":"Feature","properties":{},"geometry":{"type":"Point","coordinates":[85.32267260122872,27.70198823811985]}},{"type":"Feature","properties":{},"geometry":{"type":"Point","coordinates":[85.32281868008579,27.70194567574906]}},{"type":"Feature","properties":{},"geometry":{"type":"Point","coordinates":[85.32284167380888,27.701895583139628]}},{"type":"Feature","properties":{},"geometry":{"type":"Point","coordinates":[85.32286198174222,27.701933056552924]}},{"type":"Feature","properties":{},"geometry":{"type":"Point","coordinates":[85.32290301262675,27.701918204909393]}},{"type":"Feature","properties":{},"geometry":{"type":"Point","coordinates":[85.32307417666352,27.701765811873]}},{"type":"Feature","properties":{},"geometry":{"type":"Point","coordinates":[85.32307163725524,27.701777302133582]}},{"type":"Feature","properties":{},"geometry":{"type":"Point","coordinates":[85.32313162814302,27.701895042320118]}},{"type":"Feature","properties":{},"geometry":{"type":"Point","coordinates":[85.32305718887821,27.701888939234635]}},{"type":"Feature","properties":{},"geometry":{"type":"Point","coordinates":[85.32303566224256,27.70186836121833]}},{"type":"Feature","properties":{},"geometry":{"type":"Point","coordinates":[85.32298397324642,27.701905071656046]}},{"type":"Feature","properties":{},"geometry":{"type":"Point","coordinates":[85.32319140415044,27.701782584181707]}},{"type":"Feature","properties":{},"geometry":{"type":"Point","coordinates":[85.32320877150393,27.701772503694063]}},{"type":"Feature","properties":{},"geometry":{"type":"Point","coordinates":[85.32285083596037,27.702044553123994]}},{"type":"Feature","properties":{},"geometry":{"type":"Point","coordinates":[85.32279237756676,27.70206253574183]}},{"type":"Feature","properties":{},"geometry":{"type":"Point","coordinates":[85.32278667801847,27.70225028684066]}},{"type":"Feature","properties":{},"geometry":{"type":"Point","coordinates":[85.32278946744664,27.70225281888792]}},{"type":"Feature","properties":{},"geometry":{"type":"Point","coordinates":[85.32279323202766,27.702254313086804]}},{"type":"Feature","properties":{},"geometry":{"type":"Point","coordinates":[85.3227916654717,27.702256823947945]}},{"type":"Feature","properties":{},"geometry":{"type":"Point","coordinates":[85.32278860711553,27.702260935905375]}},{"type":"Feature","properties":{},"geometry":{"type":"Point","coordinates":[85.3227920514161,27.70225612102658]}},{"type":"Feature","properties":{},"geometry":{"type":"Point","coordinates":[85.32313329169395,27.70502163779962]}},{"type":"Feature","properties":{},"geometry":{"type":"Point","coordinates":[85.32332345021914,27.704996885567585]}},{"type":"Feature","properties":{},"geometry":{"type":"Point","coordinates":[85.32338302656585,27.704998205563335]}},{"type":"Feature","properties":{},"geometry":{"type":"Point","coordinates":[85.3235444849087,27.704980289679874]}},{"type":"Feature","properties":{},"geometry":{"type":"Point","coordinates":[85.32360147268341,27.704999430620028]}},{"type":"Feature","properties":{},"geometry":{"type":"Point","coordinates":[85.3236440997093,27.704969790932395]}},{"type":"Feature","properties":{},"geometry":{"type":"Point","coordinates":[85.32366434857413,27.704966405200075]}},{"type":"Feature","properties":{},"geometry":{"type":"Point","coordinates":[85.32370817277388,27.704968234672073]}},{"type":"Feature","properties":{},"geometry":{"type":"Point","coordinates":[85.32335401965426,27.704781311442204]}},{"type":"Feature","properties":{},"geometry":{"type":"Point","coordinates":[85.32364754425203,27.70472318176119]}},{"type":"Feature","properties":{},"geometry":{"type":"Point","coordinates":[85.32383019983689,27.704770892844497]}},{"type":"Feature","properties":{},"geometry":{"type":"Point","coordinates":[85.3238305742195,27.70479489521447]}},{"type":"Feature","properties":{},"geometry":{"type":"Point","coordinates":[85.32258072776699,27.701015107320625]}},{"type":"Feature","properties":{},"geometry":{"type":"Point","coordinates":[85.32423350608731,27.70273757022378]}},{"type":"Feature","properties":{},"geometry":{"type":"Point","coordinates":[85.32311339275809,27.702225104244317]}},{"type":"Feature","properties":{},"geometry":{"type":"Point","coordinates":[85.32303706417339,27.702579346566186]}},{"type":"Feature","properties":{},"geometry":{"type":"Point","coordinates":[85.32735137938388,27.705154074573397]}},{"type":"Feature","properties":{},"geometry":{"type":"Point","coordinates":[85.32447863994587,27.705393712965396]}},{"type":"Feature","properties":{},"geometry":{"type":"Point","coordinates":[85.32273187902804,27.70377674314688]}},{"type":"Feature","properties":{},"geometry":{"type":"Point","coordinates":[85.32565181570288,27.702316775856517]}},{"type":"Feature","properties":{},"geometry":{"type":"Point","coordinates":[85.32307194137046,27.705033206242213]}},{"type":"Feature","properties":{},"geometry":{"type":"Point","coordinates":[85.32457113348869,27.7023356944047]}},{"type":"Feature","properties":{},"geometry":{"type":"Point","coordinates":[85.32316794650052,27.704958097680024]}},{"type":"Feature","properties":{},"geometry":{"type":"Point","coordinates":[85.33166515909244,27.700004830791276]}},{"type":"Feature","properties":{},"geometry":{"type":"Point","coordinates":[85.3230656671706,27.70153308885328]}},{"type":"Feature","properties":{},"geometry":{"type":"Point","coordinates":[85.32404076267296,27.70434201555474]}},{"type":"Feature","properties":{},"geometry":{"type":"Point","coordinates":[85.32327575427054,27.701943902842626]}},{"type":"Feature","properties":{},"geometry":{"type":"Point","coordinates":[85.33331178068953,27.702688612107575]}},{"type":"Feature","properties":{},"geometry":{"type":"Point","coordinates":[85.32389646239719,27.70331406087771]}},{"type":"Feature","properties":{},"geometry":{"type":"Point","coordinates":[85.32513170464442,27.705223030070112]}},{"type":"Feature","properties":{},"geometry":{"type":"Point","coordinates":[85.33643049396426,27.70795172095918]}},{"type":"Feature","properties":{},"geometry":{"type":"Point","coordinates":[85.33470081629325,27.705588441298573]}},{"type":"Feature","properties":{},"geometry":{"type":"Point","coordinates":[85.33581407396254,27.705170940415325]}},{"type":"Feature","properties":{},"geometry":{"type":"Point","coordinates":[85.333925374265,27.706986625226854]}},{"type":"Feature","properties":{},"geometry":{"type":"Point","coordinates":[85.33381799691573,27.707036936032686]}},{"type":"Feature","properties":{},"geometry":{"type":"Point","coordinates":[85.33628551630778,27.706671805369677]}},{"type":"Feature","properties":{},"geometry":{"type":"Point","coordinates":[85.33622095582298,27.706254774852486]}},{"type":"Feature","properties":{},"geometry":{"type":"Point","coordinates":[85.33495873208794,27.704687899586833]}},{"type":"Feature","properties":{},"geometry":{"type":"Point","coordinates":[85.33558280851047,27.70414641659539]}},{"type":"Feature","properties":{},"geometry":{"type":"Point","coordinates":[85.33519749478731,27.70358991227221]}},{"type":"Feature","properties":{},"geometry":{"type":"Point","coordinates":[85.33556192617732,27.70359916290695]}},{"type":"Feature","properties":{},"geometry":{"type":"Point","coordinates":[85.33569852393842,27.70656614885703]}},{"type":"Feature","properties":{},"geometry":{"type":"Point","coordinates":[85.33342970873257,27.70768254234916]}},{"type":"Feature","properties":{},"geometry":{"type":"Point","coordinates":[85.33498171657904,27.704655995612338]}},{"type":"Feature","properties":{},"geometry":{"type":"Point","coordinates":[85.3345927182408,27.706835757616226]}},{"type":"Feature","properties":{},"geometry":{"type":"Point","coordinates":[85.33449092640947,27.706638152397726]}},{"type":"Feature","properties":{},"geometry":{"type":"Point","coordinates":[85.33541153801215,27.704734942095698]}},{"type":"Feature","properties":{},"geometry":{"type":"Point","coordinates":[85.33585485585469,27.70334832689684]}},{"type":"Feature","properties":{},"geometry":{"type":"Point","coordinates":[85.33371616568084,27.70648593639341]}},{"type":"Feature","properties":{},"geometry":{"type":"Point","coordinates":[85.32506154316559,27.704917794167823]}},{"type":"Feature","properties":{},"geometry":{"type":"Point","coordinates":[85.32374052941952,27.70320166302499]}},{"type":"Feature","properties":{},"geometry":{"type":"Point","coordinates":[85.32455734350037,27.70309806231851]}},{"type":"Feature","properties":{},"geometry":{"type":"Point","coordinates":[85.32625271357306,27.70373598454892]}},{"type":"Feature","properties":{},"geometry":{"type":"Point","coordinates":[85.32609347263757,27.70387344141074]}},{"type":"Feature","properties":{},"geometry":{"type":"Point","coordinates":[85.32639498755249,27.703316898750966]}},{"type":"Feature","properties":{},"geometry":{"type":"Point","coordinates":[85.32615243446179,27.70275602334988]}},{"type":"Feature","properties":{},"geometry":{"type":"Point","coordinates":[85.32383285457985,27.701269664264156]}},{"type":"Feature","properties":{},"geometry":{"type":"Point","coordinates":[85.32446134942616,27.701942785285556]}},{"type":"Feature","properties":{},"geometry":{"type":"Point","coordinates":[85.32528372730808,27.702117773683547]}},{"type":"Feature","properties":{},"geometry":{"type":"Point","coordinates":[85.32523014356464,27.702090613088743]}},{"type":"Feature","properties":{},"geometry":{"type":"Point","coordinates":[85.32351767874916,27.70177064284673]}},{"type":"Feature","properties":{},"geometry":{"type":"Point","coordinates":[85.32334421983984,27.702328734549702]}},{"type":"Feature","properties":{},"geometry":{"type":"Point","coordinates":[85.32356618880328,27.702404233102794]}},{"type":"Feature","properties":{},"geometry":{"type":"Point","coordinates":[85.32401664222913,27.702323770223074]}},{"type":"Feature","properties":{},"geometry":{"type":"Point","coordinates":[85.32432309369668,27.701760548093464]}},{"type":"Feature","properties":{},"geometry":{"type":"Point","coordinates":[85.32667816608742,27.704388204678217]}},{"type":"Feature","properties":{},"geometry":{"type":"Point","coordinates":[85.32389349945242,27.701705924844227]}},{"type":"Feature","properties":{},"geometry":{"type":"Point","coordinates":[85.32489280053665,27.701992634940638]}},{"type":"Feature","properties":{},"geometry":{"type":"Point","coordinates":[85.32535448893941,27.70502057904138]}},{"type":"Feature","properties":{},"geometry":{"type":"Point","coordinates":[85.323570226952,27.70322529897012]}},{"type":"Feature","properties":{},"geometry":{"type":"Point","coordinates":[85.32351646686895,27.70475361401577]}},{"type":"Feature","properties":{},"geometry":{"type":"Point","coordinates":[85.32955983144367,27.708548245219074]}},{"type":"Feature","properties":{},"geometry":{"type":"Point","coordinates":[85.32739036066666,27.707686701672205]}},{"type":"Feature","properties":{},"geometry":{"type":"Point","coordinates":[85.328546255472,27.707695318769925]}},{"type":"Feature","properties":{},"geometry":{"type":"Point","coordinates":[85.32907523024005,27.707441269608186]}},{"type":"Feature","properties":{},"geometry":{"type":"Point","coordinates":[85.329112679453,27.707432821645032]}},{"type":"Feature","properties":{},"geometry":{"type":"Point","coordinates":[85.33008048274826,27.708562699379694]}},{"type":"Feature","properties":{},"geometry":{"type":"Point","coordinates":[85.33000050711034,27.708429196096304]}},{"type":"Feature","properties":{},"geometry":{"type":"Point","coordinates":[85.33238895058115,27.704382457737537]}},{"type":"Feature","properties":{},"geometry":{"type":"Point","coordinates":[85.33166117394721,27.708156251415883]}},{"type":"Feature","properties":{},"geometry":{"type":"Point","coordinates":[85.33145456263917,27.706274295976733]}},{"type":"Feature","properties":{},"geometry":{"type":"Point","coordinates":[85.3298425642049,27.7055739191675]}},{"type":"Feature","properties":{},"geometry":{"type":"Point","coordinates":[85.32988953153591,27.705517751613808]}},{"type":"Feature","properties":{},"geometry":{"type":"Point","coordinates":[85.32981947177652,27.70553170991969]}},{"type":"Feature","properties":{},"geometry":{"type":"Point","coordinates":[85.3286671467268,27.705146112963767]}},{"type":"Feature","properties":{},"geometry":{"type":"Point","coordinates":[85.32946390511286,27.705424214629062]}},{"type":"Feature","properties":{},"geometry":{"type":"Point","coordinates":[85.33086612473132,27.704523823821834]}},{"type":"Feature","properties":{},"geometry":{"type":"Point","coordinates":[85.33241536742821,27.705620759273938]}},{"type":"Feature","properties":{},"geometry":{"type":"Point","coordinates":[85.33502453999523,27.70133006803761]}},{"type":"Feature","properties":{},"geometry":{"type":"Point","coordinates":[85.33508811693845,27.701393585215044]}},{"type":"Feature","properties":{},"geometry":{"type":"Point","coordinates":[85.33309013015956,27.702654487653735]}},{"type":"Feature","properties":{},"geometry":{"type":"Point","coordinates":[85.33336055206686,27.701327348243]}},{"type":"Feature","properties":{},"geometry":{"type":"Point","coordinates":[85.3328755851712,27.703229241957033]}},{"type":"Feature","properties":{},"geometry":{"type":"Point","coordinates":[85.33275778046165,27.702903913303427]}},{"type":"Feature","properties":{},"geometry":{"type":"Point","coordinates":[85.33153120134509,27.70234604308265]}},{"type":"Feature","properties":{},"geometry":{"type":"Point","coordinates":[85.33107062571231,27.701420487961272]}},{"type":"Feature","properties":{},"geometry":{"type":"Point","coordinates":[85.33043453479326,27.701595689118605]}},{"type":"Feature","properties":{},"geometry":{"type":"Point","coordinates":[85.33151162165119,27.702051881804746]}},{"type":"Feature","properties":{},"geometry":{"type":"Point","coordinates":[85.3285272284009,27.702913322721965]}},{"type":"Feature","properties":{},"geometry":{"type":"Point","coordinates":[85.32892776940261,27.70248117298635]}},{"type":"Feature","properties":{},"geometry":{"type":"Point","coordinates":[85.32977264125624,27.700733082657486]}},{"type":"Feature","properties":{},"geometry":{"type":"Point","coordinates":[85.3299458010023,27.7008693591326]}},{"type":"Feature","properties":{},"geometry":{"type":"Point","coordinates":[85.3298688516956,27.701190969564657]}},{"type":"Feature","properties":{},"geometry":{"type":"Point","coordinates":[85.32969825447643,27.700891005026822]}},{"type":"Feature","properties":{},"geometry":{"type":"Point","coordinates":[85.33121576821434,27.701084820268555]}},{"type":"Feature","properties":{},"geometry":{"type":"Point","coordinates":[85.32889552593734,27.702178583224327]}},{"type":"Feature","properties":{},"geometry":{"type":"Point","coordinates":[85.32968106798052,27.70222950596894]}},{"type":"Feature","properties":{},"geometry":{"type":"Point","coordinates":[85.32896269261266,27.70111824516989]}},{"type":"Feature","properties":{},"geometry":{"type":"Point","coordinates":[85.32896237244071,27.701121089750902]}},{"type":"Feature","properties":{},"geometry":{"type":"Point","coordinates":[85.32943956970315,27.700248532047237]}},{"type":"Feature","properties":{},"geometry":{"type":"Point","coordinates":[85.33006956345655,27.701554406151033]}},{"type":"Feature","properties":{},"geometry":{"type":"Point","coordinates":[85.33011987649576,27.70153624363487]}},{"type":"Feature","properties":{},"geometry":{"type":"Point","coordinates":[85.32855417013316,27.700894512040083]}},{"type":"Feature","properties":{},"geometry":{"type":"Point","coordinates":[85.32905903479549,27.70010143790318]}},{"type":"Feature","properties":{},"geometry":{"type":"Point","coordinates":[85.32827650169571,27.700015793072847]}},{"type":"Feature","properties":{},"geometry":{"type":"Point","coordinates":[85.32908755250537,27.700753484172658]}},{"type":"Feature","properties":{},"geometry":{"type":"Point","coordinates":[85.3270039497268,27.70110264690085]}},{"type":"Feature","properties":{},"geometry":{"type":"Point","coordinates":[85.32845319785929,27.70154489010186]}},{"type":"Feature","properties":{},"geometry":{"type":"Point","coordinates":[85.32702328470455,27.700871946290146]}},{"type":"Feature","properties":{},"geometry":{"type":"Point","coordinates":[85.33170445354189,27.700472131234246]}},{"type":"Feature","properties":{},"geometry":{"type":"Point","coordinates":[85.33213156183987,27.700120046301624]}},{"type":"Feature","properties":{},"geometry":{"type":"Point","coordinates":[85.33249884707571,27.701006774978694]}},{"type":"Feature","properties":{},"geometry":{"type":"Point","coordinates":[85.33204484451228,27.701017326920944]}},{"type":"Feature","properties":{},"geometry":{"type":"Point","coordinates":[85.33371951831391,27.7005637702638]}},{"type":"Feature","properties":{},"geometry":{"type":"Point","coordinates":[85.3321118771798,27.70164641141667]}},{"type":"Feature","properties":{},"geometry":{"type":"Point","coordinates":[85.33184830726958,27.70157540000833]}},{"type":"Feature","properties":{},"geometry":{"type":"Point","coordinates":[85.33188452464191,27.70139578941697]}},{"type":"Feature","properties":{},"geometry":{"type":"Point","coordinates":[85.33192349389118,27.701324255334967]}},{"type":"Feature","properties":{},"geometry":{"type":"Point","coordinates":[85.33204915460722,27.70126299433237]}},{"type":"Feature","properties":{},"geometry":{"type":"Point","coordinates":[85.33210862693836,27.701264302937055]}},{"type":"Feature","properties":{},"geometry":{"type":"Point","coordinates":[85.33212502744982,27.70119311964233]}},{"type":"Feature","properties":{},"geometry":{"type":"Point","coordinates":[85.33215931780893,27.70118319224426]}},{"type":"Feature","properties":{},"geometry":{"type":"Point","coordinates":[85.33219214442994,27.701178831281286]}},{"type":"Feature","properties":{},"geometry":{"type":"Point","coordinates":[85.3322439237728,27.701220383016587]}},{"type":"Feature","properties":{},"geometry":{"type":"Point","coordinates":[85.32763458115039,27.70183760362493]}},{"type":"Feature","properties":{},"geometry":{"type":"Point","coordinates":[85.32813979905308,27.7019683190967]}},{"type":"Feature","properties":{},"geometry":{"type":"Point","coordinates":[85.33579858364791,27.70259875067711]}},{"type":"Feature","properties":{},"geometry":{"type":"Point","coordinates":[85.32889675973807,27.699823143835076]}},{"type":"Feature","properties":{},"geometry":{"type":"Point","coordinates":[85.32893912622956,27.69981117567166]}},{"type":"Feature","properties":{},"geometry":{"type":"Point","coordinates":[85.33326423984477,27.700241363629242]}},{"type":"Feature","properties":{},"geometry":{"type":"Point","coordinates":[85.33117484661474,27.70634178130506]}},{"type":"Feature","properties":{},"geometry":{"type":"Point","coordinates":[85.33168055622359,27.707427289320613]}},{"type":"Feature","properties":{},"geometry":{"type":"Point","coordinates":[85.32847421393903,27.70519850038719]}},{"type":"Feature","properties":{},"geometry":{"type":"Point","coordinates":[85.33064906048665,27.705299660526236]}},{"type":"Feature","properties":{},"geometry":{"type":"Point","coordinates":[85.32363197104864,27.704093567345932]}},{"type":"Feature","properties":{},"geometry":{"type":"Point","coordinates":[85.32367855982089,27.704093897769532]}},{"type":"Feature","properties":{},"geometry":{"type":"Point","coordinates":[85.32373126591445,27.70409432572037]}},{"type":"Feature","properties":{},"geometry":{"type":"Point","coordinates":[85.32355792651926,27.704004101847747]}},{"type":"Feature","properties":{},"geometry":{"type":"Point","coordinates":[85.32345448030274,27.704043199212652]}},{"type":"Feature","properties":{},"geometry":{"type":"Point","coordinates":[85.32332835641876,27.704072631718454]}},{"type":"Feature","properties":{},"geometry":{"type":"Point","coordinates":[85.32330846040549,27.704076627290153]}},{"type":"Feature","properties":{},"geometry":{"type":"Point","coordinates":[85.32318105753866,27.70407629620335]}},{"type":"Feature","properties":{},"geometry":{"type":"Point","coordinates":[85.323015361774,27.704102830241634]}},{"type":"Feature","properties":{},"geometry":{"type":"Point","coordinates":[85.32295253671687,27.70395770216431]}},{"type":"Feature","properties":{},"geometry":{"type":"Point","coordinates":[85.32300236841827,27.703946093492128]}},{"type":"Feature","properties":{},"geometry":{"type":"Point","coordinates":[85.32303877489579,27.70397335282932]}},{"type":"Feature","properties":{},"geometry":{"type":"Point","coordinates":[85.32306516664039,27.703930451351887]}},{"type":"Feature","properties":{},"geometry":{"type":"Point","coordinates":[85.32994359337034,27.701381517659048]}},{"type":"Feature","properties":{},"geometry":{"type":"Point","coordinates":[85.3342924249567,27.700770728555764]}},{"type":"Feature","properties":{},"geometry":{"type":"Point","coordinates":[85.33178677889603,27.701867705737914]}},{"type":"Feature","properties":{},"geometry":{"type":"Point","coordinates":[85.33549216496023,27.702159977579583]}},{"type":"Feature","properties":{},"geometry":{"type":"Point","coordinates":[85.33577375441446,27.702561486407465]}},{"type":"Feature","properties":{},"geometry":{"type":"Point","coordinates":[85.32994644260118,27.700440256864127]}},{"type":"Feature","properties":{},"geometry":{"type":"Point","coordinates":[85.33009384753542,27.700596405275316]}},{"type":"Feature","properties":{},"geometry":{"type":"Point","coordinates":[85.33041102971676,27.701876028180788]}},{"type":"Feature","properties":{},"geometry":{"type":"Point","coordinates":[85.33035076809328,27.700525995926377]}},{"type":"Feature","properties":{},"geometry":{"type":"Point","coordinates":[85.32984351367203,27.701201119918316]}},{"type":"Feature","properties":{},"geometry":{"type":"Point","coordinates":[85.3304172520466,27.700620087988273]}},{"type":"Feature","properties":{},"geometry":{"type":"Point","coordinates":[85.3296398229911,27.701414060332354]}},{"type":"Feature","properties":{},"geometry":{"type":"Point","coordinates":[85.33569572180954,27.706600035718896]}},{"type":"Feature","properties":{},"geometry":{"type":"Point","coordinates":[85.33521471806911,27.705060701034252]}},{"type":"Feature","properties":{},"geometry":{"type":"Point","coordinates":[85.33351195070703,27.703742834174378]}},{"type":"Feature","properties":{},"geometry":{"type":"Point","coordinates":[85.3350283728578,27.70425325479943]}},{"type":"Feature","properties":{},"geometry":{"type":"Point","coordinates":[85.33489786820019,27.704114958591216]}},{"type":"Feature","properties":{},"geometry":{"type":"Point","coordinates":[85.33568914680384,27.706625536748362]}},{"type":"Feature","properties":{},"geometry":{"type":"Point","coordinates":[85.33537688478359,27.707484704811556]}},{"type":"Feature","properties":{},"geometry":{"type":"Point","coordinates":[85.33537305764649,27.707505274838752]}},{"type":"Feature","properties":{},"geometry":{"type":"Point","coordinates":[85.3353114323833,27.70753038816465]}},{"type":"Feature","properties":{},"geometry":{"type":"Point","coordinates":[85.3343609170679,27.70720983818325]}},{"type":"Feature","properties":{},"geometry":{"type":"Point","coordinates":[85.33439132750023,27.707322856803508]}},{"type":"Feature","properties":{},"geometry":{"type":"Point","coordinates":[85.33446147929504,27.707748157568314]}},{"type":"Feature","properties":{},"geometry":{"type":"Point","coordinates":[85.33484600154559,27.70612342632199]}},{"type":"Feature","properties":{},"geometry":{"type":"Point","coordinates":[85.33434332091154,27.707167497211227]}},{"type":"Feature","properties":{},"geometry":{"type":"Point","coordinates":[85.3342197452721,27.706979999067613]}},{"type":"Feature","properties":{},"geometry":{"type":"Point","coordinates":[85.3344090552985,27.70698136377681]}},{"type":"Feature","properties":{},"geometry":{"type":"Point","coordinates":[85.33443713080234,27.707303900239417]}},{"type":"Feature","properties":{},"geometry":{"type":"Point","coordinates":[85.33467806593941,27.70678312153432]}},{"type":"Feature","properties":{},"geometry":{"type":"Point","coordinates":[85.33472976632812,27.70677515125238]}},{"type":"Feature","properties":{},"geometry":{"type":"Point","coordinates":[85.3346715966214,27.707348069860455]}},{"type":"Feature","properties":{},"geometry":{"type":"Point","coordinates":[85.33474740566652,27.70579524896683]}},{"type":"Feature","properties":{},"geometry":{"type":"Point","coordinates":[85.33418620914892,27.706531270900534]}},{"type":"Feature","properties":{},"geometry":{"type":"Point","coordinates":[85.33573516110522,27.707686787970875]}},{"type":"Feature","properties":{},"geometry":{"type":"Point","coordinates":[85.33583005377774,27.707973679030157]}},{"type":"Feature","properties":{},"geometry":{"type":"Point","coordinates":[85.33473736004227,27.707413452956047]}},{"type":"Feature","properties":{},"geometry":{"type":"Point","coordinates":[85.32381898619872,27.70111391422701]}},{"type":"Feature","properties":{},"geometry":{"type":"Point","coordinates":[85.32476605943005,27.702009478961607]}},{"type":"Feature","properties":{},"geometry":{"type":"Point","coordinates":[85.32520737162942,27.70240612657708]}},{"type":"Feature","properties":{},"geometry":{"type":"Point","coordinates":[85.3252134698346,27.70192088663744]}},{"type":"Feature","properties":{},"geometry":{"type":"Point","coordinates":[85.32526480983415,27.70188128567399]}},{"type":"Feature","properties":{},"geometry":{"type":"Point","coordinates":[85.32359588654751,27.70328373017052]}},{"type":"Feature","properties":{},"geometry":{"type":"Point","coordinates":[85.3254192648801,27.702459360794663]}},{"type":"Feature","properties":{},"geometry":{"type":"Point","coordinates":[85.32555970618387,27.702022576353738]}},{"type":"Feature","properties":{},"geometry":{"type":"Point","coordinates":[85.32534664951571,27.705421476301037]}},{"type":"Feature","properties":{},"geometry":{"type":"Point","coordinates":[85.32329841207188,27.704023840129533]}},{"type":"Feature","properties":{},"geometry":{"type":"Point","coordinates":[85.32274727860032,27.70382499760218]}},{"type":"Feature","properties":{},"geometry":{"type":"Point","coordinates":[85.32966082866669,27.703089146686203]}},{"type":"Feature","properties":{},"geometry":{"type":"Point","coordinates":[85.33522227404588,27.70242556239843]}},{"type":"Feature","properties":{},"geometry":{"type":"Point","coordinates":[85.33288349417741,27.70284366219023]}},{"type":"Feature","properties":{},"geometry":{"type":"Point","coordinates":[85.33455995078185,27.703688333816643]}},{"type":"Feature","properties":{},"geometry":{"type":"Point","coordinates":[85.33637586904402,27.7066895866988]}},{"type":"Feature","properties":{},"geometry":{"type":"Point","coordinates":[85.33550331567253,27.7059099173766]}},{"type":"Feature","properties":{},"geometry":{"type":"Point","coordinates":[85.33577632748108,27.703977640399856]}},{"type":"Feature","properties":{},"geometry":{"type":"Point","coordinates":[85.33499044912561,27.704663980816772]}},{"type":"Feature","properties":{},"geometry":{"type":"Point","coordinates":[85.33204980369926,27.70731673194248]}},{"type":"Feature","properties":{},"geometry":{"type":"Point","coordinates":[85.33213201573778,27.705405194841152]}},{"type":"Feature","properties":{},"geometry":{"type":"Point","coordinates":[85.32795723279261,27.70570389161266]}},{"type":"Feature","properties":{},"geometry":{"type":"Point","coordinates":[85.33013374172809,27.704885170567778]}},{"type":"Feature","properties":{},"geometry":{"type":"Point","coordinates":[85.33008199671875,27.704900307560834]}},{"type":"Feature","properties":{},"geometry":{"type":"Point","coordinates":[85.33134852684321,27.704374565458906]}},{"type":"Feature","properties":{},"geometry":{"type":"Point","coordinates":[85.33004870704681,27.702325676455825]}},{"type":"Feature","properties":{},"geometry":{"type":"Point","coordinates":[85.32847325646526,27.706923682520365]}},{"type":"Feature","properties":{},"geometry":{"type":"Point","coordinates":[85.33282732663233,27.702394250457562]}},{"type":"Feature","properties":{},"geometry":{"type":"Point","coordinates":[85.33137055818712,27.70779059230356]}},{"type":"Feature","properties":{},"geometry":{"type":"Point","coordinates":[85.32873095056414,27.700340403332397]}},{"type":"Feature","properties":{},"geometry":{"type":"Point","coordinates":[85.32704579483995,27.701815510875015]}},{"type":"Feature","properties":{},"geometry":{"type":"Point","coordinates":[85.32829505158409,27.70176772423314]}},{"type":"Feature","properties":{},"geometry":{"type":"Point","coordinates":[85.32715788760389,27.70300656632642]}},{"type":"Feature","properties":{},"geometry":{"type":"Point","coordinates":[85.32713549933345,27.70300557915607]}},{"type":"Feature","properties":{},"geometry":{"type":"Point","coordinates":[85.32711887709365,27.70300478079831]}},{"type":"Feature","properties":{},"geometry":{"type":"Point","coordinates":[85.32556857715686,27.705398247051633]}},{"type":"Feature","properties":{},"geometry":{"type":"Point","coordinates":[85.33132919074629,27.70438895909205]}},{"type":"Feature","properties":{},"geometry":{"type":"Point","coordinates":[85.33332387226162,27.70714409297966]}},{"type":"Feature","properties":{},"geometry":{"type":"Point","coordinates":[85.32760668902398,27.702291840822642]}},{"type":"Feature","properties":{},"geometry":{"type":"Point","coordinates":[85.32409542063758,27.704346976130328]}},{"type":"Feature","properties":{},"geometry":{"type":"Point","coordinates":[85.3227475295572,27.703735859648493]}},{"type":"Feature","properties":{},"geometry":{"type":"Point","coordinates":[85.32898800778119,27.700171119366864]}},{"type":"Feature","properties":{},"geometry":{"type":"Point","coordinates":[85.33041734540512,27.700755703534174]}},{"type":"Feature","properties":{},"geometry":{"type":"Point","coordinates":[85.32348329517508,27.701606648684063]}},{"type":"Feature","properties":{},"geometry":{"type":"Point","coordinates":[85.33098781237481,27.70374514802929]}},{"type":"Feature","properties":{},"geometry":{"type":"Point","coordinates":[85.33392487740966,27.7020423101065]}},{"type":"Feature","properties":{},"geometry":{"type":"Point","coordinates":[85.33228340200257,27.703395820129728]}},{"type":"Feature","properties":{},"geometry":{"type":"Point","coordinates":[85.32660662031554,27.703809201627333]}},{"type":"Feature","properties":{},"geometry":{"type":"Point","coordinates":[85.33208642145544,27.702863975930025]}},{"type":"Feature","properties":{},"geometry":{"type":"Point","coordinates":[85.33102990944161,27.702792768059687]}},{"type":"Feature","properties":{},"geometry":{"type":"Point","coordinates":[85.33229081538967,27.70678619038861]}},{"type":"Feature","properties":{},"geometry":{"type":"Point","coordinates":[85.33229071849355,27.706739623080676]}},{"type":"Feature","properties":{},"geometry":{"type":"Point","coordinates":[85.3301198975129,27.700534689059847]}},{"type":"Feature","properties":{},"geometry":{"type":"Point","coordinates":[85.33218335382811,27.70141407706409]}},{"type":"Feature","properties":{},"geometry":{"type":"Point","coordinates":[85.33264595221196,27.701342346890655]}},{"type":"Feature","properties":{},"geometry":{"type":"Point","coordinates":[85.3284379221556,27.705810453152502]}},{"type":"Feature","properties":{},"geometry":{"type":"Point","coordinates":[85.33153217812963,27.70693419004264]}},{"type":"Feature","properties":{},"geometry":{"type":"Point","coordinates":[85.33148970351976,27.706948364340267]}},{"type":"Feature","properties":{},"geometry":{"type":"Point","coordinates":[85.33145930037392,27.706962684137782]}},{"type":"Feature","properties":{},"geometry":{"type":"Point","coordinates":[85.33141389468753,27.706984344925004]}},{"type":"Feature","properties":{},"geometry":{"type":"Point","coordinates":[85.33134333931986,27.7070189564521]}},{"type":"Feature","properties":{},"geometry":{"type":"Point","coordinates":[85.33129508426386,27.70704273272138]}},{"type":"Feature","properties":{},"geometry":{"type":"Point","coordinates":[85.33126321856231,27.707056199081524]}},{"type":"Feature","properties":{},"geometry":{"type":"Point","coordinates":[85.3312290959053,27.707072503818043]}},{"type":"Feature","properties":{},"geometry":{"type":"Point","coordinates":[85.32365543298654,27.705002021865734]}},{"type":"Feature","properties":{},"geometry":{"type":"Point","coordinates":[85.33286790185866,27.700911533981596]}},{"type":"Feature","properties":{},"geometry":{"type":"Point","coordinates":[85.33152044802542,27.7043131560172]}},{"type":"Feature","properties":{},"geometry":{"type":"Point","coordinates":[85.3347197240963,27.701912168907135]}},{"type":"Feature","properties":{},"geometry":{"type":"Point","coordinates":[85.33326967232205,27.702634110060643]}},{"type":"Feature","properties":{},"geometry":{"type":"Point","coordinates":[85.32706721100988,27.699874860909077]}},{"type":"Feature","properties":{},"geometry":{"type":"Point","coordinates":[85.32710338114346,27.699860492569634]}},{"type":"Feature","properties":{},"geometry":{"type":"Point","coordinates":[85.32790846172819,27.70708966921535]}},{"type":"Feature","properties":{},"geometry":{"type":"Point","coordinates":[85.33536841593585,27.705775938860786]}},{"type":"Feature","properties":{},"geometry":{"type":"Point","coordinates":[85.33182114222889,27.70827097102533]}},{"type":"Feature","properties":{},"geometry":{"type":"Point","coordinates":[85.33051603623528,27.70238607802586]}},{"type":"Feature","properties":{},"geometry":{"type":"Point","coordinates":[85.32769356249506,27.702943678535437]}},{"type":"Feature","properties":{},"geometry":{"type":"Point","coordinates":[85.33055306654472,27.70374764057033]}},{"type":"Feature","properties":{},"geometry":{"type":"Point","coordinates":[85.32634237603406,27.703187641408412]}},{"type":"Feature","properties":{},"geometry":{"type":"Point","coordinates":[85.33217344013278,27.70313332808375]}},{"type":"Feature","properties":{},"geometry":{"type":"Point","coordinates":[85.33188666810358,27.70577611508299]}},{"type":"Feature","properties":{},"geometry":{"type":"Point","coordinates":[85.32870733274838,27.70401073591905]}},{"type":"Feature","properties":{},"geometry":{"type":"Point","coordinates":[85.32957301692804,27.704773253785884]}},{"type":"Feature","properties":{},"geometry":{"type":"Point","coordinates":[85.32955775526116,27.704779178972768]}},{"type":"Feature","properties":{},"geometry":{"type":"Point","coordinates":[85.32953240818286,27.70478746987693]}},{"type":"Feature","properties":{},"geometry":{"type":"Point","coordinates":[85.32963226363343,27.70476026983003]}},{"type":"Feature","properties":{},"geometry":{"type":"Point","coordinates":[85.32961167228275,27.704769907878262]}},{"type":"Feature","properties":{},"geometry":{"type":"Point","coordinates":[85.32959970015189,27.70477377524061]}},{"type":"Feature","properties":{},"geometry":{"type":"Point","coordinates":[85.32959080434561,27.704776533487124]}},{"type":"Feature","properties":{},"geometry":{"type":"Point","coordinates":[85.32962706069802,27.704762252223098]}},{"type":"Feature","properties":{},"geometry":{"type":"Point","coordinates":[85.32961838164158,27.70476835612867]}},{"type":"Feature","properties":{},"geometry":{"type":"Point","coordinates":[85.32964048782156,27.704761459349097]}},{"type":"Feature","properties":{},"geometry":{"type":"Point","coordinates":[85.33347490198494,27.700538734994467]}},{"type":"Feature","properties":{},"geometry":{"type":"Point","coordinates":[85.325124209958,27.70500478635323]}},{"type":"Feature","properties":{},"geometry":{"type":"Point","coordinates":[85.33162506258265,27.706904504705438]}},{"type":"Feature","properties":{},"geometry":{"type":"Point","coordinates":[85.3316682029094,27.706890696700885]}},{"type":"Feature","properties":{},"geometry":{"type":"Point","coordinates":[85.33268002191063,27.707704107628025]}},{"type":"Feature","properties":{},"geometry":{"type":"Point","coordinates":[85.32853963481611,27.708573487894803]}},{"type":"Feature","properties":{},"geometry":{"type":"Point","coordinates":[85.33357715002953,27.70247187965269]}},{"type":"Feature","properties":{},"geometry":{"type":"Point","coordinates":[85.32670187859011,27.70174400343762]}},{"type":"Feature","properties":{},"geometry":{"type":"Point","coordinates":[85.33522129745467,27.703209315814497]}},{"type":"Feature","properties":{},"geometry":{"type":"Point","coordinates":[85.33341244177905,27.706431205490098]}},{"type":"Feature","properties":{},"geometry":{"type":"Point","coordinates":[85.33177294254656,27.704244186486576]}},{"type":"Feature","properties":{},"geometry":{"type":"Point","coordinates":[85.32758914501974,27.70298019237328]}},{"type":"Feature","properties":{},"geometry":{"type":"Point","coordinates":[85.33290172264269,27.70323242232379]}},{"type":"Feature","properties":{},"geometry":{"type":"Point","coordinates":[85.33309720192636,27.702869317482843]}},{"type":"Feature","properties":{},"geometry":{"type":"Point","coordinates":[85.33327800528178,27.702870599134688]}},{"type":"Feature","properties":{},"geometry":{"type":"Point","coordinates":[85.32808497454826,27.701714800652915]}},{"type":"Feature","properties":{},"geometry":{"type":"Point","coordinates":[85.32796691642201,27.7010943886171]}},{"type":"Feature","properties":{},"geometry":{"type":"Point","coordinates":[85.32307852388959,27.702356021500787]}},{"type":"Feature","properties":{},"geometry":{"type":"Point","coordinates":[85.32537276810265,27.70267072838632]}},{"type":"Feature","properties":{},"geometry":{"type":"Point","coordinates":[85.3229850883464,27.70398711071201]}},{"type":"Feature","properties":{},"geometry":{"type":"Point","coordinates":[85.33037299910575,27.702403425633563]}},{"type":"Feature","properties":{},"geometry":{"type":"Point","coordinates":[85.33507206150956,27.70284724353916]}},{"type":"Feature","properties":{},"geometry":{"type":"Point","coordinates":[85.33519858214203,27.702961001841015]}},{"type":"Feature","properties":{},"geometry":{"type":"Point","coordinates":[85.33517692607685,27.702938294061894]}},{"type":"Feature","properties":{},"geometry":{"type":"Point","coordinates":[85.33515687177402,27.702916082992367]}},{"type":"Feature","properties":{},"geometry":{"type":"Point","coordinates":[85.33513613716372,27.70290341633541]}},{"type":"Feature","properties":{},"geometry":{"type":"Point","coordinates":[85.3351002279227,27.702900596317935]}},{"type":"Feature","properties":{},"geometry":{"type":"Point","coordinates":[85.33506015648351,27.7028891294366]}},{"type":"Feature","properties":{},"geometry":{"type":"Point","coordinates":[85.33510791998815,27.70285340600079]}},{"type":"Feature","properties":{},"geometry":{"type":"Point","coordinates":[85.33514786727527,27.70283764863936]}},{"type":"Feature","properties":{},"geometry":{"type":"Point","coordinates":[85.33518513280325,27.70285720019478]}},{"type":"Feature","properties":{},"geometry":{"type":"Point","coordinates":[85.33521530696815,27.70288430926019]}},{"type":"Feature","properties":{},"geometry":{"type":"Point","coordinates":[85.33524258927424,27.70292523318407]}},{"type":"Feature","properties":{},"geometry":{"type":"Point","coordinates":[85.33525542176598,27.702963595185512]}},{"type":"Feature","properties":{},"geometry":{"type":"Point","coordinates":[85.33522183272417,27.702984683691206]}},{"type":"Feature","properties":{},"geometry":{"type":"Point","coordinates":[85.33504043670692,27.70284495338745]}},{"type":"Feature","properties":{},"geometry":{"type":"Point","coordinates":[85.3265376239788,27.70528581382289]}},{"type":"Feature","properties":{},"geometry":{"type":"Point","coordinates":[85.3360312290638,27.70705568752134]}},{"type":"Feature","properties":{},"geometry":{"type":"Point","coordinates":[85.33246427298327,27.70011080207315]}},{"type":"Feature","properties":{},"geometry":{"type":"Point","coordinates":[85.32821353767945,27.7019834942493]}},{"type":"Feature","properties":{},"geometry":{"type":"Point","coordinates":[85.32869500547231,27.7039921994583]}},{"type":"Feature","properties":{},"geometry":{"type":"Point","coordinates":[85.32854103629356,27.699518266289306]}},{"type":"Feature","properties":{},"geometry":{"type":"Point","coordinates":[85.32310180805477,27.703955610583364]}},{"type":"Feature","properties":{},"geometry":{"type":"Point","coordinates":[85.33373956629104,27.703448405847407]}},{"type":"Feature","properties":{},"geometry":{"type":"Point","coordinates":[85.33007209458272,27.69974075498058]}},{"type":"Feature","properties":{},"geometry":{"type":"Point","coordinates":[85.3358191219293,27.702747645012426]}},{"type":"Feature","properties":{},"geometry":{"type":"Point","coordinates":[85.32935755215122,27.702928137444665]}},{"type":"Feature","properties":{},"geometry":{"type":"Point","coordinates":[85.33588273026912,27.70711622340686]}},{"type":"Feature","properties":{},"geometry":{"type":"Point","coordinates":[85.33586469484858,27.70713332020235]}},{"type":"Feature","properties":{},"geometry":{"type":"Point","coordinates":[85.32411994005642,27.70555910920049]}},{"type":"Feature","properties":{},"geometry":{"type":"Point","coordinates":[85.33287054622622,27.70264892456801]}},{"type":"Feature","properties":{},"geometry":{"type":"Point","coordinates":[85.32760916690177,27.707968849358743]}},{"type":"Feature","properties":{},"geometry":{"type":"Point","coordinates":[85.32720130653323,27.706850092510138]}},{"type":"Feature","properties":{},"geometry":{"type":"Point","coordinates":[85.327198241856,27.706839930687874]}},{"type":"Feature","properties":{},"geometry":{"type":"Point","coordinates":[85.33569352805281,27.70654173075734]}},{"type":"Feature","properties":{},"geometry":{"type":"Point","coordinates":[85.33617148214752,27.705830860473856]}}]}