{"type":"FeatureCollection","features":[{"type":"Feature","properties":{},"geometry":{"type":"LineString","coordinates":[[85.32728024177976,27.70740047081708],[85.32720166833678,27.707015747866933],[85.32690057251503,27.7058510166748],[85.32682641596561,27.705447387065526]]}},{"type":"Feature","properties":{},"geometry":{"type":"LineString","coordinates":[[85.32728024177976,27.70740047081708],[85.32730860873563,27.707397420036873]]}},{"type":"Feature","properties":{},"geometry":{"type":"LineString","coordinates":[[85.32776514396978,27.70905748934941],[85.32834011935125,27.70884809034982]]}},{"type":"Feature","properties":{},"geometry":{"type":"LineString","coordinates":[[85.32746276057615,27.708018957001983],[85.32819367284701,27.707818666586476]]}},{"type":"Feature","properties":{},"geometry":{"type":"LineString","coordinates":[[85.32731853362611,27.70758427267019],[85.32800444280313,27.70744331708332],[85.32818648868684,27.70756709464727],[85.32826610967,27.707771027690075],[85.32829392932643,27.707776741064986],[85.3289655297239,27.707586289938682]]}},{"type":"Feature","properties":{},"geometry":{"type":"LineString","coordinates":[[85.3289655297239,27.707586289938682],[85.32910349682967,27.70795811591757],[85.3295350057864,27.707878562290965]]}},{"type":"Feature","properties":{},"geometry":{"type":"LineString","coordinates":[[85.32729243785056,27.707290417072286],[85.32789671237906,27.70717492821136]]}},{"type":"Feature","properties":{},"geometry":{"type":"LineString","coordinates":[[85.32754649438428,27.708419554800173],[85.32888490613907,27.708025842394406]]}},{"type":"Feature","properties":{},"geometry":{"type":"LineString","coordinates":[[85.32766848707752,27.70883368911488],[85.32871370782622,27.708508561206948],[85.32881065673007,27.708734486196324]]}},{"type":"Feature","properties":{},"geometry":{"type":"LineString","coordinates":[[85.33349750731692,27.705533425295446],[85.3331933376087,27.704980844779154]]}},{"type":"Feature","properties":{},"geometry":{"type":"LineString","coordinates":[[85.33282425266319,27.704346224372877],[85.33262024359723,27.70439926770853],[85.33237258811772,27.7044051682384]]}},{"type":"Feature","properties":{},"geometry":{"type":"LineString","coordinates":[[85.33284754534004,27.70467073784512],[85.33263728743722,27.70472875479012]]}},{"type":"Feature","properties":{},"geometry":{"type":"LineString","coordinates":[[85.33284754534004,27.70467073784512],[85.33288820947803,27.704848549760058]]}},{"type":"Feature","properties":{},"geometry":{"type":"LineString","coordinates":[[85.3331933376087,27.704980844779154],[85.33304815049793,27.705038023062954],[85.33269528941995,27.705113801567663]]}},{"type":"Feature","properties":{},"geometry":{"type":"LineString","coordinates":[[85.33332453977161,27.705188990261277],[85.33289878506783,27.70531059042636],[85.33280817632237,27.705356451607294],[85.33263196331225,27.705503108187564]]}},{"type":"Feature","properties":{},"geometry":{"type":"LineString","coordinates":[[85.33263196331225,27.705503108187564],[85.33267425268235,27.705574762864003],[85.3327454886497,27.705612547811842],[85.33280750016753,27.70575507715126],[85.33272055696881,27.705802866931585],[85.33274643284554,27.705993223988543]]}},{"type":"Feature","properties":{},"geometry":{"type":"LineString","coordinates":[[85.33263196331225,27.705503108187564],[85.33244508519253,27.705037469048147]]}},{"type":"Feature","properties":{},"geometry":{"type":"LineString","coordinates":[[85.33239232522615,27.705615588058624],[85.33199349323847,27.705765609662425]]}},{"type":"Feature","properties":{},"geometry":{"type":"LineString","coordinates":[[85.33221477623279,27.705526991949775],[85.33194990043228,27.7056281423181]]}},{"type":"Feature","properties":{},"geometry":{"type":"LineString","coordinates":[[85.33221477623279,27.705526991949775],[85.33209577849144,27.705323890669234]]}},{"type":"Feature","properties":{},"geometry":{"type":"LineString","coordinates":[[85.33360024930631,27.705727048839258],[85.33349350310101,27.7057423119933],[85.3331935932676,27.705843617898413]]}},{"type":"Feature","properties":{},"geometry":{"type":"LineString","coordinates":[[85.33371026680447,27.70598919304001],[85.33349305473588,27.70608547503893]]}},{"type":"Feature","properties":{},"geometry":{"type":"LineString","coordinates":[[85.33374986654124,27.706131462134817],[85.33359739880228,27.706190927915543]]}},{"type":"Feature","properties":{},"geometry":{"type":"LineString","coordinates":[[85.333444248714,27.706942584183913],[85.33357520380817,27.70654836381202],[85.33377977958273,27.706188733401646],[85.33373551142141,27.70598190557744],[85.33364552096222,27.705752515043077],[85.33332453977161,27.705188990261277]]}},{"type":"Feature","properties":{},"geometry":{"type":"LineString","coordinates":[[85.3333392744251,27.70741766977695],[85.3333699340729,27.707100730426195],[85.33355806078067,27.706542424431465]]}},{"type":"Feature","properties":{},"geometry":{"type":"LineString","coordinates":[[85.3333392744251,27.70741766977695],[85.33292259823084,27.70738293196989]]}},{"type":"Feature","properties":{},"geometry":{"type":"LineString","coordinates":[[85.33355806078067,27.706542424431465],[85.33346954419828,27.70651089769515],[85.33339062619507,27.706327172157838]]}},{"type":"Feature","properties":{},"geometry":{"type":"LineString","coordinates":[[85.33302434016755,27.706435408776706],[85.33295435628914,27.70628074440172]]}},{"type":"Feature","properties":{},"geometry":{"type":"LineString","coordinates":[[85.33338212217576,27.70694596353134],[85.33327007980286,27.706951713910264],[85.33316074912288,27.706766612995946],[85.33302434016755,27.706435408776706]]}},{"type":"Feature","properties":{},"geometry":{"type":"LineString","coordinates":[[85.33257912854722,27.706455622009308],[85.33253065272336,27.706183539392256]]}},{"type":"Feature","properties":{},"geometry":{"type":"LineString","coordinates":[[85.33333104739023,27.70709242626829],[85.3328629011558,27.70706137914762],[85.33262434701626,27.707121236563435],[85.33249056516078,27.707102870045812]]}},{"type":"Feature","properties":{},"geometry":{"type":"LineString","coordinates":[[85.33237062564297,27.70694635174763],[85.33248256338507,27.706860264901596],[85.33260324204386,27.706831280161644],[85.33258517614938,27.706717183342548]]}},{"type":"Feature","properties":{},"geometry":{"type":"LineString","coordinates":[[85.33249056516078,27.707102870045812],[85.33236552227,27.707306427373233],[85.33234235310275,27.707410790721674]]}},{"type":"Feature","properties":{},"geometry":{"type":"LineString","coordinates":[[85.33232607947623,27.706933515117353],[85.33231053841126,27.70673244381901]]}},{"type":"Feature","properties":{},"geometry":{"type":"LineString","coordinates":[[85.33188135599418,27.70683405476557],[85.33179715020366,27.706642119171555],[85.33164476198846,27.706458450431573]]}},{"type":"Feature","properties":{},"geometry":{"type":"LineString","coordinates":[[85.33164476198846,27.706458450431573],[85.33142205539914,27.706560505061123],[85.33145479910962,27.7066436003593]]}},{"type":"Feature","properties":{},"geometry":{"type":"LineString","coordinates":[[85.33188135599418,27.70683405476557],[85.33157714425728,27.706930083916507]]}},{"type":"Feature","properties":{},"geometry":{"type":"LineString","coordinates":[[85.33145207676041,27.706979762647027],[85.33145349810812,27.707126992787877]]}},{"type":"Feature","properties":{},"geometry":{"type":"LineString","coordinates":[[85.33145207676041,27.706979762647027],[85.3312193777995,27.70708417214409]]}},{"type":"Feature","properties":{},"geometry":{"type":"LineString","coordinates":[[85.33213062958654,27.706989803349636],[85.33213135423613,27.707094295719035],[85.33208396360396,27.707297109679683],[85.33214935835083,27.707345423206984]]}},{"type":"Feature","properties":{},"geometry":{"type":"LineString","coordinates":[[85.33257912854722,27.706455622009308],[85.33246888760806,27.7064563752783],[85.33240897429846,27.70640939692996],[85.33162939586742,27.706322542554577]]}},{"type":"Feature","properties":{},"geometry":{"type":"LineString","coordinates":[[85.33162939586742,27.706322542554577],[85.33156111478714,27.70632441727527]]}},{"type":"Feature","properties":{},"geometry":{"type":"LineString","coordinates":[[85.33169297280763,27.70612690594345],[85.33163373514405,27.70598703690465],[85.3316208520153,27.705844298669042],[85.33169071083597,27.705824885629436]]}},{"type":"Feature","properties":{},"geometry":{"type":"LineString","coordinates":[[85.33169071083597,27.705824885629436],[85.33159949572617,27.705579635785547]]}},{"type":"Feature","properties":{},"geometry":{"type":"LineString","coordinates":[[85.33169297280763,27.70612690594345],[85.33202955148398,27.7061291389476]]}},{"type":"Feature","properties":{},"geometry":{"type":"LineString","coordinates":[[85.33019965734381,27.70579971910664],[85.32980311603366,27.705473509359035],[85.32957250970206,27.70535539990639],[85.32928995910325,27.705140196016156],[85.32922293726658,27.705160037403633]]}},{"type":"Feature","properties":{},"geometry":{"type":"LineString","coordinates":[[85.33120138980118,27.70622919780886],[85.33131819518425,27.70608174307788]]}},{"type":"Feature","properties":{},"geometry":{"type":"LineString","coordinates":[[85.33123677723599,27.70623944687704],[85.33114963590714,27.706332033985394],[85.33100673439111,27.706420215778028]]}},{"type":"Feature","properties":{},"geometry":{"type":"LineString","coordinates":[[85.33073651324176,27.70612629138735],[85.33108765570617,27.705796077690703],[85.33132119562201,27.705783563396192]]}},{"type":"Feature","properties":{},"geometry":{"type":"LineString","coordinates":[[85.33056204731305,27.706053170266543],[85.3305149676415,27.706202373263658],[85.3305533166692,27.706274460276077],[85.33071419309772,27.70644397765966]]}},{"type":"Feature","properties":{},"geometry":{"type":"LineString","coordinates":[[85.33019965734381,27.70579971910664],[85.33042628729129,27.70567545778378]]}},{"type":"Feature","properties":{},"geometry":{"type":"LineString","coordinates":[[85.32998787964054,27.70604059166083],[85.32949542911948,27.705429497711243],[85.32923054543348,27.70516818177486],[85.3290246691411,27.705045563856505]]}},{"type":"Feature","properties":{},"geometry":{"type":"LineString","coordinates":[[85.33032883841935,27.706451334737608],[85.33006139786039,27.70659245679806]]}},{"type":"Feature","properties":{},"geometry":{"type":"LineString","coordinates":[[85.33164838290963,27.70426036267184],[85.32944001157152,27.704944371318252],[85.32913090863889,27.705005775778922],[85.32764862218468,27.70542970130728]]}},{"type":"Feature","properties":{},"geometry":{"type":"LineString","coordinates":[[85.33254032302773,27.70396075244675],[85.33163675107045,27.704232873423102]]}},{"type":"Feature","properties":{},"geometry":{"type":"LineString","coordinates":[[85.32764862218468,27.70542970130728],[85.32797433977213,27.705775608072553]]}},{"type":"Feature","properties":{},"geometry":{"type":"LineString","coordinates":[[85.32797433977213,27.705775608072553],[85.3281372869208,27.70569380799603]]}},{"type":"Feature","properties":{},"geometry":{"type":"LineString","coordinates":[[85.32896351233228,27.70545004565929],[85.3287473040767,27.705462653324407],[85.32840609982847,27.70556318029892]]}},{"type":"Feature","properties":{},"geometry":{"type":"LineString","coordinates":[[85.3292454273466,27.705350308939572],[85.32896351233228,27.70545004565929]]}},{"type":"Feature","properties":{},"geometry":{"type":"LineString","coordinates":[[85.33142895662921,27.707572298146786],[85.33123629851337,27.707354640887807],[85.33094080084852,27.707216180352876],[85.33075795351832,27.707094844377057],[85.33064324809936,27.70693973167469],[85.3305351037195,27.706652971881503],[85.33046232842561,27.70654180082737],[85.33040217716119,27.706483933121554],[85.3302759237495,27.70642036990438],[85.32998930035687,27.70603979289697]]}},{"type":"Feature","properties":{},"geometry":{"type":"LineString","coordinates":[[85.33303125349038,27.70825138132532],[85.33209802517695,27.708551008604864],[85.33192316901913,27.708596205866254],[85.33182035916585,27.70858597021531]]}},{"type":"Feature","properties":{},"geometry":{"type":"LineString","coordinates":[[85.3314039802412,27.707740641989034],[85.33133070745738,27.70769357342738],[85.33108153895212,27.707406180657088],[85.33096308873905,27.70731448940175],[85.33079425788291,27.707220267178872],[85.33063823613034,27.70727065221447]]}},{"type":"Feature","properties":{},"geometry":{"type":"LineString","coordinates":[[85.33165655217337,27.70748237591339],[85.33185440750091,27.707546868552267],[85.33229500349852,27.707595454076927],[85.33239137970554,27.707625585256906]]}},{"type":"Feature","properties":{},"geometry":{"type":"LineString","coordinates":[[85.33165655217337,27.70748237591339],[85.33177455236634,27.707334295337905],[85.33193047950701,27.707276639636547],[85.33200050321062,27.706973006622754]]}},{"type":"Feature","properties":{},"geometry":{"type":"LineString","coordinates":[[85.33155312807094,27.707999386604715],[85.33179386976728,27.707895291057042],[85.3319398736659,27.707899501059337]]}},{"type":"Feature","properties":{},"geometry":{"type":"LineString","coordinates":[[85.33147821937204,27.707882745248668],[85.33117101023427,27.70799886229644],[85.33116302902124,27.70797542976016]]}},{"type":"Feature","properties":{},"geometry":{"type":"LineString","coordinates":[[85.33168157359464,27.708252079962556],[85.33134763310164,27.70839317723451],[85.33120137384665,27.70839277858301],[85.33098441218479,27.708441245972736]]}},{"type":"Feature","properties":{},"geometry":{"type":"LineString","coordinates":[[85.32918375715029,27.70916676415536],[85.32791180282673,27.7094626035646]]}},{"type":"Feature","properties":{},"geometry":{"type":"LineString","coordinates":[[85.32685438167707,27.705457773163253],[85.32686782879776,27.70542277873711],[85.32746827077452,27.70544188364624],[85.32764862218468,27.70542970130728]]}},{"type":"Feature","properties":{},"geometry":{"type":"LineString","coordinates":[[85.3317832158252,27.708467331029894],[85.33188709442554,27.70839691695572],[85.33181617247162,27.708226360397006]]}},{"type":"Feature","properties":{},"geometry":{"type":"LineString","coordinates":[[85.33290334498109,27.708118892624693],[85.33274952342262,27.70785390789509],[85.33271667716814,27.707708248710805]]}},{"type":"Feature","properties":{},"geometry":{"type":"LineString","coordinates":[[85.33271667716814,27.707708248710805],[85.33263881842446,27.7076768958328],[85.33270880497062,27.707482499353002]]}},{"type":"Feature","properties":{},"geometry":{"type":"LineString","coordinates":[[85.33290334498109,27.708118892624693],[85.33258032451648,27.708238426271162]]}},{"type":"Feature","properties":{},"geometry":{"type":"LineString","coordinates":[[85.33340058304587,27.70817902721499],[85.3333515049801,27.708175816175448]]}},{"type":"Feature","properties":{},"geometry":{"type":"LineString","coordinates":[[85.33057374720735,27.708865348988095],[85.33031454190566,27.70822202108003]]}},{"type":"Feature","properties":{},"geometry":{"type":"LineString","coordinates":[[85.32973152062492,27.709038816161858],[85.32945757649055,27.708370099864737],[85.32912411390838,27.708478242676485]]}},{"type":"Feature","properties":{},"geometry":{"type":"LineString","coordinates":[[85.33022137826612,27.708931204009463],[85.32992909648365,27.708124144881904]]}},{"type":"Feature","properties":{},"geometry":{"type":"LineString","coordinates":[[85.32992909648365,27.708124144881904],[85.32960018728447,27.708195816777213]]}},{"type":"Feature","properties":{},"geometry":{"type":"LineString","coordinates":[[85.33004067887609,27.707527019158253],[85.33017422906778,27.707511257172897],[85.33045568929474,27.707405514319866]]}},{"type":"Feature","properties":{},"geometry":{"type":"LineString","coordinates":[[85.33004067887609,27.707527019158253],[85.33007909882468,27.70754431972692],[85.33010656880155,27.707680128229804]]}},{"type":"Feature","properties":{},"geometry":{"type":"LineString","coordinates":[[85.32959084037573,27.707222207718704],[85.3297730959154,27.70715837295128],[85.3299013019234,27.707013821600288],[85.32999243152985,27.706968685324547]]}},{"type":"Feature","properties":{},"geometry":{"type":"LineString","coordinates":[[85.32950246389412,27.707015730103773],[85.32952260087085,27.706974375553603],[85.32948953108864,27.7067815837404]]}},{"type":"Feature","properties":{},"geometry":{"type":"LineString","coordinates":[[85.3289224752508,27.706752467794686],[85.32917391667024,27.706603809035276]]}},{"type":"Feature","properties":{},"geometry":{"type":"LineString","coordinates":[[85.32850074995898,27.706686357250767],[85.3284294375128,27.706723024963086],[85.32813166223792,27.706785172108937],[85.32810480893453,27.706767775158454],[85.32804783744973,27.706592830188317]]}},{"type":"Feature","properties":{},"geometry":{"type":"LineString","coordinates":[[85.32850074995898,27.706686357250767],[85.32858391893757,27.706860176122287],[85.32839992723883,27.707011741336174]]}},{"type":"Feature","properties":{},"geometry":{"type":"LineString","coordinates":[[85.3285804780751,27.706429767825565],[85.32873294155809,27.706370701135693],[85.32878194225073,27.70637552931575],[85.32903327849981,27.706246634428236]]}},{"type":"Feature","properties":{},"geometry":{"type":"LineString","coordinates":[[85.33021818866017,27.704886457304436],[85.33004840781135,27.704956775585206],[85.33005664985623,27.705052213088493],[85.32998270442154,27.705084820916937],[85.33008403945594,27.705280497639606]]}},{"type":"Feature","properties":{},"geometry":{"type":"LineString","coordinates":[[85.33124772997988,27.704346329855117],[85.33144887009082,27.70473544460873]]}},{"type":"Feature","properties":{},"geometry":{"type":"LineString","coordinates":[[85.33164838290963,27.70426036267184],[85.33171958262702,27.704440826340967]]}},{"type":"Feature","properties":{},"geometry":{"type":"LineString","coordinates":[[85.3315484650661,27.704978124905416],[85.33170193480393,27.70525653474317]]}},{"type":"Feature","properties":{},"geometry":{"type":"LineString","coordinates":[[85.33170193480393,27.70525653474317],[85.33137296096295,27.705419389570864]]}},{"type":"Feature","properties":{},"geometry":{"type":"LineString","coordinates":[[85.3315484650661,27.704978124905416],[85.33168548078851,27.704929523237933]]}},{"type":"Feature","properties":{},"geometry":{"type":"LineString","coordinates":[[85.33021818866017,27.704886457304436],[85.33031512485,27.705099188628708],[85.33041114167186,27.705412084543624]]}},{"type":"Feature","properties":{},"geometry":{"type":"LineString","coordinates":[[85.33040452018147,27.704612781978845],[85.33051696946858,27.704839780951755],[85.33061557055204,27.70490935174174],[85.3307659443665,27.705165279706783],[85.33084063097559,27.705211144420893],[85.33091907846485,27.705207267113913],[85.33116264117308,27.705092275689218],[85.33101642560226,27.704905877419336]]}},{"type":"Feature","properties":{},"geometry":{"type":"LineString","coordinates":[[85.33144887032425,27.704735429268187],[85.33168079438029,27.704677337719705],[85.33171524991417,27.70471461761363],[85.33199910137616,27.704736095549546]]}},{"type":"Feature","properties":{},"geometry":{"type":"LineString","coordinates":[[85.33170193480393,27.70525653474317],[85.33187255056343,27.705201093079523]]}},{"type":"Feature","properties":{},"geometry":{"type":"LineString","coordinates":[[85.33068317231466,27.70531480962616],[85.33079736538153,27.7053904330941]]}},{"type":"Feature","properties":{},"geometry":{"type":"LineString","coordinates":[[85.3269301825962,27.705854860207292],[85.32734702454044,27.705753137183024]]}},{"type":"Feature","properties":{},"geometry":{"type":"LineString","coordinates":[[85.32723118200954,27.707026796124264],[85.32765347855833,27.706947303926704],[85.32760690198067,27.706739453826934]]}},{"type":"Feature","properties":{},"geometry":{"type":"LineString","coordinates":[[85.32891239478168,27.70922373418017],[85.32884202864086,27.709020850063215]]}},{"type":"Feature","properties":{},"geometry":{"type":"LineString","coordinates":[[85.3287580331169,27.70926143724792],[85.32867732023182,27.709066078124742]]}},{"type":"Feature","properties":{},"geometry":{"type":"LineString","coordinates":[[85.32837601945491,27.709357170319397],[85.32827624182866,27.709091128724364],[85.3284244624919,27.709033771243476]]}},{"type":"Feature","properties":{},"geometry":{"type":"LineString","coordinates":[[85.3278878093074,27.70944842529582],[85.32790193699364,27.709417628642573]]}},{"type":"Feature","properties":{},"geometry":{"type":"LineString","coordinates":[[85.33592110742464,27.703490565680582],[85.33603141301057,27.70409417374329],[85.33616249042058,27.705352082833272],[85.33634798201368,27.7059449477972],[85.33640789148872,27.706229156279072],[85.3364890267166,27.706738369374264],[85.33646919464394,27.706788341730192],[85.33648825000492,27.7069222429959],[85.3366392107056,27.70784792779168],[85.33655972331512,27.707951508669733],[85.336298014477,27.708034466596622]]}},{"type":"Feature","properties":{},"geometry":{"type":"LineString","coordinates":[[85.33624316708499,27.708060197012966],[85.33593282010757,27.708079717791332]]}},{"type":"Feature","properties":{},"geometry":{"type":"LineString","coordinates":[[85.33626402165211,27.706693869800613],[85.33620868553746,27.70660877017037],[85.33601268949204,27.7066235554289]]}},{"type":"Feature","properties":{},"geometry":{"type":"LineString","coordinates":[[85.33659047037906,27.70746691791193],[85.33625074958071,27.707525425027683],[85.33622317192692,27.70739975094682]]}},{"type":"Feature","properties":{},"geometry":{"type":"LineString","coordinates":[[85.33608758435544,27.704441920340333],[85.33587288190715,27.70470018922656]]}},{"type":"Feature","properties":{},"geometry":{"type":"LineString","coordinates":[[85.33611456173978,27.704792227630275],[85.33603068010146,27.704882052956393],[85.33597239553842,27.705020183579663]]}},{"type":"Feature","properties":{},"geometry":{"type":"LineString","coordinates":[[85.33671043088088,27.70792157072464],[85.33667199747354,27.707892574745156]]}},{"type":"Feature","properties":{},"geometry":{"type":"LineString","coordinates":[[85.33592110742464,27.703490565680582],[85.33536590308253,27.703631180400873],[85.33528809520706,27.703541499630884],[85.33513441075834,27.70360679213877]]}},{"type":"Feature","properties":{},"geometry":{"type":"LineString","coordinates":[[85.33590047450627,27.703354909747496],[85.3356347428407,27.70342815663678],[85.33557122271331,27.703307485431388]]}},{"type":"Feature","properties":{},"geometry":{"type":"LineString","coordinates":[[85.33585820433242,27.70384875577861],[85.3359570003827,27.70381256699291]]}},{"type":"Feature","properties":{},"geometry":{"type":"LineString","coordinates":[[85.33567043053841,27.704503388268858],[85.33580093428155,27.704227098001045],[85.3358326812873,27.703970920579533]]}},{"type":"Feature","properties":{},"geometry":{"type":"LineString","coordinates":[[85.33567043053841,27.704503388268858],[85.3355026558066,27.704446072614317],[85.33557522654057,27.704095831330328]]}},{"type":"Feature","properties":{},"geometry":{"type":"LineString","coordinates":[[85.3358326812873,27.703970920579533],[85.33553950449631,27.703956520921725]]}},{"type":"Feature","properties":{},"geometry":{"type":"LineString","coordinates":[[85.3363951443123,27.706222418971986],[85.33595561606131,27.706265656971368],[85.33568085824466,27.70632733189551]]}},{"type":"Feature","properties":{},"geometry":{"type":"LineString","coordinates":[[85.33585820433242,27.70384875577861],[85.33576759501463,27.70383340708151],[85.33550351703924,27.703852806620965]]}},{"type":"Feature","properties":{},"geometry":{"type":"LineString","coordinates":[[85.33621626216498,27.70685962227808],[85.33597793180707,27.706878942968014]]}},{"type":"Feature","properties":{},"geometry":{"type":"LineString","coordinates":[[85.33552738128068,27.70466188637696],[85.33578896580832,27.704837445734704]]}},{"type":"Feature","properties":{},"geometry":{"type":"LineString","coordinates":[[85.33528725791186,27.70479915775638],[85.33542815483564,27.704745005888583]]}},{"type":"Feature","properties":{},"geometry":{"type":"LineString","coordinates":[[85.33542815483564,27.704745005888583],[85.33573242088444,27.704951003560776],[85.3356819759526,27.704986091134163],[85.3357002699719,27.70507446862076],[85.33578925213614,27.70515994587046]]}},{"type":"Feature","properties":{},"geometry":{"type":"LineString","coordinates":[[85.33621626216498,27.70685962227808],[85.33621911985576,27.707044339225654]]}},{"type":"Feature","properties":{},"geometry":{"type":"LineString","coordinates":[[85.33575871863461,27.707137197822153],[85.33573825610404,27.706696268015882],[85.3357090178914,27.706685789857953]]}},{"type":"Feature","properties":{},"geometry":{"type":"LineString","coordinates":[[85.33575871863461,27.707137197822153],[85.33567384653558,27.707155175140375],[85.33571656964656,27.70726196142988],[85.33576187432604,27.70726722107061],[85.33596318463151,27.70721266061477]]}},{"type":"Feature","properties":{},"geometry":{"type":"LineString","coordinates":[[85.336298014477,27.708034466596622],[85.33582489602352,27.70805739805585]]}},{"type":"Feature","properties":{},"geometry":{"type":"LineString","coordinates":[[85.33549418302891,27.708069631287856],[85.33535380234737,27.707768423673112],[85.33533381140651,27.70744382023996],[85.33544581149121,27.707416772019346],[85.33555675681505,27.70725819409803],[85.33555211129023,27.707169079082757]]}},{"type":"Feature","properties":{},"geometry":{"type":"LineString","coordinates":[[85.3357117152407,27.70806064384938],[85.33549418302891,27.708069631287856]]}},{"type":"Feature","properties":{},"geometry":{"type":"LineString","coordinates":[[85.33582489602352,27.70805739805585],[85.33574307109123,27.707648301758177]]}},{"type":"Feature","properties":{},"geometry":{"type":"LineString","coordinates":[[85.3357117152407,27.70806064384938],[85.33567029298295,27.707840887444654]]}},{"type":"Feature","properties":{},"geometry":{"type":"LineString","coordinates":[[85.33593282010757,27.708079717791332],[85.33579659556828,27.707450627910422]]}},{"type":"Feature","properties":{},"geometry":{"type":"LineString","coordinates":[[85.33484113564555,27.707646305697303],[85.33448397756814,27.707750319126028],[85.33429601969965,27.70778114936207]]}},{"type":"Feature","properties":{},"geometry":{"type":"LineString","coordinates":[[85.334739160962,27.707451851954865],[85.33441451285044,27.707542534871486]]}},{"type":"Feature","properties":{},"geometry":{"type":"LineString","coordinates":[[85.33505080280479,27.708127951084514],[85.33497809686226,27.707899259330944],[85.33484113564555,27.707646305697303]]}},{"type":"Feature","properties":{},"geometry":{"type":"LineString","coordinates":[[85.33463883326746,27.70713863785414],[85.3349417893598,27.70707722667495],[85.33499021466281,27.70725488501568],[85.33512005197477,27.707248436613856],[85.33519818360755,27.70756726717282]]}},{"type":"Feature","properties":{},"geometry":{"type":"LineString","coordinates":[[85.33463254459282,27.70571552034216],[85.3347529671443,27.7055434267174],[85.33500668661443,27.70527611525938]]}},{"type":"Feature","properties":{},"geometry":{"type":"LineString","coordinates":[[85.33430557868839,27.70602226927381],[85.33422628402484,27.706088150705753],[85.33399857602673,27.706458503701327]]}},{"type":"Feature","properties":{},"geometry":{"type":"LineString","coordinates":[[85.33449186337282,27.706120821020992],[85.33430557868839,27.70602226927381]]}},{"type":"Feature","properties":{},"geometry":{"type":"LineString","coordinates":[[85.33487274909223,27.706141040041373],[85.33452807187052,27.70608851757527]]}},{"type":"Feature","properties":{},"geometry":{"type":"LineString","coordinates":[[85.33487274909223,27.706141040041373],[85.33480413918883,27.706438948893965],[85.33450617939634,27.706450674090156]]}},{"type":"Feature","properties":{},"geometry":{"type":"LineString","coordinates":[[85.33456333569744,27.706785716002543],[85.33450617939634,27.706450674090156]]}},{"type":"Feature","properties":{},"geometry":{"type":"LineString","coordinates":[[85.3335814437724,27.70552837336369],[85.33401729951096,27.70549569728872],[85.33418478941863,27.705510465121037]]}},{"type":"Feature","properties":{},"geometry":{"type":"LineString","coordinates":[[85.33463254459282,27.70571552034216],[85.33484485383647,27.705810229368222]]}},{"type":"Feature","properties":{},"geometry":{"type":"LineString","coordinates":[[85.334912764791,27.70597160908435],[85.33487274909223,27.706141040041373]]}},{"type":"Feature","properties":{},"geometry":{"type":"LineString","coordinates":[[85.33446708989622,27.70699488191399],[85.33442353439598,27.70724438765296],[85.33437371942902,27.707260270592272],[85.33430317650128,27.70724391138848]]}},{"type":"Feature","properties":{},"geometry":{"type":"LineString","coordinates":[[85.33446708989622,27.70699488191399],[85.33420711933923,27.706963349410792]]}},{"type":"Feature","properties":{},"geometry":{"type":"LineString","coordinates":[[85.33555355509512,27.705891407269398],[85.33554343227932,27.705648658312498],[85.33575164731013,27.705380574438667],[85.335828340505,27.705450063254496],[85.33613760738916,27.70535808174036]]}},{"type":"Feature","properties":{},"geometry":{"type":"LineString","coordinates":[[85.3352096507659,27.70655930338531],[85.33526236079192,27.706568381582468],[85.33526227774075,27.706633897614534],[85.33537824045116,27.706639418674232]]}},{"type":"Feature","properties":{},"geometry":{"type":"LineString","coordinates":[[85.33530993257533,27.70609806970872],[85.33505610229595,27.70608702297516],[85.33507534597604,27.705999965183135],[85.334912764791,27.70597160908435]]}},{"type":"Feature","properties":{},"geometry":{"type":"LineString","coordinates":[[85.33530993257533,27.70609806970872],[85.33540492168842,27.705504993568642]]}},{"type":"Feature","properties":{},"geometry":{"type":"LineString","coordinates":[[85.33617625175874,27.7052874306588],[85.33622990700492,27.70528477223264]]}},{"type":"Feature","properties":{},"geometry":{"type":"LineString","coordinates":[[85.33626720833665,27.705809372380262],[85.33589456488053,27.70586718885171],[85.33555355509512,27.705891407269398]]}},{"type":"Feature","properties":{},"geometry":{"type":"LineString","coordinates":[[85.33566830951104,27.706266168602376],[85.33553367460152,27.706266347613926],[85.33553416158566,27.706097720041132]]}},{"type":"Feature","properties":{},"geometry":{"type":"LineString","coordinates":[[85.33485614493127,27.705443460430025],[85.33488719303776,27.705213385723965],[85.33487456159811,27.705144682369557]]}},{"type":"Feature","properties":{},"geometry":{"type":"LineString","coordinates":[[85.33475161476063,27.70554206564815],[85.33492563922427,27.705646675248047]]}},{"type":"Feature","properties":{},"geometry":{"type":"LineString","coordinates":[[85.33492240978177,27.705386873379787],[85.33507119189028,27.705477124642883]]}},{"type":"Feature","properties":{},"geometry":{"type":"LineString","coordinates":[[85.33504518408459,27.705237156709604],[85.33531499134463,27.70539807902741]]}},{"type":"Feature","properties":{},"geometry":{"type":"LineString","coordinates":[[85.33520941018051,27.704987846500316],[85.33525345804564,27.70480817841599],[85.33504679097955,27.704854361967993],[85.33499580944131,27.704729231999906]]}},{"type":"Feature","properties":{},"geometry":{"type":"LineString","coordinates":[[85.33500668561426,27.7052761143448],[85.33486826150032,27.705003490121175],[85.33478164291763,27.705025125634066]]}},{"type":"Feature","properties":{},"geometry":{"type":"LineString","coordinates":[[85.33525280266839,27.70480853155448],[85.3350377229819,27.70485143784526],[85.33489590746797,27.704496255375066]]}},{"type":"Feature","properties":{},"geometry":{"type":"LineString","coordinates":[[85.33528725791186,27.70479915775638],[85.33517662167203,27.70454392078293],[85.33524553556747,27.704514183795585],[85.33521946868949,27.70445543015813],[85.33525822950796,27.704436038386877]]}},{"type":"Feature","properties":{},"geometry":{"type":"LineString","coordinates":[[85.3351462306339,27.705128648986182],[85.33554263935936,27.70533693760774]]}},{"type":"Feature","properties":{},"geometry":{"type":"LineString","coordinates":[[85.33389965507551,27.704813674598714],[85.33408044349487,27.70475808272558]]}},{"type":"Feature","properties":{},"geometry":{"type":"LineString","coordinates":[[85.33409443006633,27.70524070294814],[85.33445543086515,27.705099082983157]]}},{"type":"Feature","properties":{},"geometry":{"type":"LineString","coordinates":[[85.33405225724242,27.70512714828516],[85.33439840788516,27.704981778343306]]}},{"type":"Feature","properties":{},"geometry":{"type":"LineString","coordinates":[[85.33389965507551,27.704813674598714],[85.33383325602375,27.704777708437724],[85.33376899078985,27.70466638513593]]}},{"type":"Feature","properties":{},"geometry":{"type":"LineString","coordinates":[[85.3335297735966,27.70681501134878],[85.333663208351,27.706492009350747],[85.33384593271178,27.70616078708213],[85.33372551035086,27.705820898429103],[85.3335814437724,27.70552837336369]]}},{"type":"Feature","properties":{},"geometry":{"type":"LineString","coordinates":[[85.33366558655392,27.708160619746938],[85.3336513873435,27.708055985896017],[85.33376888003602,27.708023046559408],[85.3337770975084,27.707998072647545],[85.33378992024699,27.7075382668661],[85.33424968676353,27.707527440063988]]}},{"type":"Feature","properties":{},"geometry":{"type":"LineString","coordinates":[[85.33505080280479,27.708127951084514],[85.33356892035918,27.708190344841004]]}},{"type":"Feature","properties":{},"geometry":{"type":"LineString","coordinates":[[85.33366704401496,27.708166811635497],[85.33341863537156,27.70816692567431],[85.33341695204389,27.70749496618105],[85.3334402271017,27.707251804378366],[85.33355108469883,27.706817671407517],[85.3336774698786,27.706515530902443],[85.33388056189737,27.706163759923882],[85.33375350940975,27.705806653868592],[85.33301156368495,27.704482383376398]]}},{"type":"Feature","properties":{},"geometry":{"type":"LineString","coordinates":[[85.3335297735966,27.70681501134878],[85.33375745836746,27.706842860355767]]}},{"type":"Feature","properties":{},"geometry":{"type":"LineString","coordinates":[[85.33392571970742,27.706895685745327],[85.33389073829898,27.707022321155566]]}},{"type":"Feature","properties":{},"geometry":{"type":"LineString","coordinates":[[85.33389073829898,27.707022321155566],[85.33383849910035,27.70703964497724],[85.33380075252303,27.707203023272697]]}},{"type":"Feature","properties":{},"geometry":{"type":"LineString","coordinates":[[85.33392571970742,27.706895685745327],[85.33416679750586,27.706561180657378],[85.33420024477165,27.706544972646302]]}},{"type":"Feature","properties":{},"geometry":{"type":"LineString","coordinates":[[85.33375745836746,27.706842860355767],[85.33388620034995,27.706542481812345]]}},{"type":"Feature","properties":{},"geometry":{"type":"LineString","coordinates":[[85.33284874474586,27.703912504715134],[85.3342440514361,27.703494999112564]]}},{"type":"Feature","properties":{},"geometry":{"type":"LineString","coordinates":[[85.33441857772719,27.703449289199273],[85.3345367718113,27.703704405554927]]}},{"type":"Feature","properties":{},"geometry":{"type":"LineString","coordinates":[[85.3342440514361,27.703494999112564],[85.33457113165205,27.70415539740148],[85.33431329535891,27.704268391095397]]}},{"type":"Feature","properties":{},"geometry":{"type":"LineString","coordinates":[[85.333944178566,27.7048983750876],[85.3343548521164,27.704766718047626]]}},{"type":"Feature","properties":{},"geometry":{"type":"LineString","coordinates":[[85.33301156368495,27.704482383376398],[85.33272401961199,27.703964142887752],[85.33364070490776,27.703675592646025]]}},{"type":"Feature","properties":{},"geometry":{"type":"LineString","coordinates":[[85.33364070490776,27.703675592646025],[85.33401198081135,27.704155170211973],[85.33386292952636,27.704238984090743]]}},{"type":"Feature","properties":{},"geometry":{"type":"LineString","coordinates":[[85.33266448116713,27.70391666466404],[85.33263104858568,27.70392741207721]]}},{"type":"Feature","properties":{},"geometry":{"type":"LineString","coordinates":[[85.33635667095633,27.70606222496656],[85.33569439144162,27.70615868337481],[85.33566830951104,27.706266168602376]]}},{"type":"Feature","properties":{},"geometry":{"type":"LineString","coordinates":[[85.33265108574427,27.704050967017462],[85.33264165049556,27.70405479841704]]}},{"type":"Feature","properties":{},"geometry":{"type":"LineString","coordinates":[[85.33267483713485,27.704088773903372],[85.33266573625335,27.70409462382334]]}},{"type":"Feature","properties":{},"geometry":{"type":"LineString","coordinates":[[85.33275342076364,27.7042192191657],[85.33273823404451,27.704222965053955]]}},{"type":"Feature","properties":{},"geometry":{"type":"LineString","coordinates":[[85.33276740895498,27.704244613911946],[85.33276000477107,27.704247116858944]]}},{"type":"Feature","properties":{},"geometry":{"type":"LineString","coordinates":[[85.33280331358817,27.704311790816327],[85.3327850720745,27.70431910018972]]}},{"type":"Feature","properties":{},"geometry":{"type":"LineString","coordinates":[[85.33276654789316,27.70436767796],[85.33276930395392,27.704379893773307]]}},{"type":"Feature","properties":{},"geometry":{"type":"LineString","coordinates":[[85.33246643027312,27.70439770373495],[85.33244279394997,27.704415813872224]]}},{"type":"Feature","properties":{},"geometry":{"type":"LineString","coordinates":[[85.33246315288902,27.704397299624553],[85.33242581833272,27.704401959211623]]}},{"type":"Feature","properties":{},"geometry":{"type":"LineString","coordinates":[[85.33299068739906,27.704635125027263],[85.3329764730784,27.70464294231978]]}},{"type":"Feature","properties":{},"geometry":{"type":"LineString","coordinates":[[85.33294385648533,27.70465429892128],[85.33294751301027,27.704672588003653]]}},{"type":"Feature","properties":{},"geometry":{"type":"LineString","coordinates":[[85.33285519732017,27.704667612411665],[85.3328477718201,27.704650438614678]]}},{"type":"Feature","properties":{},"geometry":{"type":"LineString","coordinates":[[85.33281945483489,27.70467987089081],[85.33282002127127,27.704687502454565]]}},{"type":"Feature","properties":{},"geometry":{"type":"LineString","coordinates":[[85.33276815985835,27.70469411628731],[85.33276810690934,27.704708803746712]]}},{"type":"Feature","properties":{},"geometry":{"type":"LineString","coordinates":[[85.33276346807821,27.704695564329352],[85.33276266821544,27.704684944319]]}},{"type":"Feature","properties":{},"geometry":{"type":"LineString","coordinates":[[85.33274137706755,27.70469934168264],[85.33274396948819,27.70471018184421]]}},{"type":"Feature","properties":{},"geometry":{"type":"LineString","coordinates":[[85.3326856842164,27.704711443772727],[85.33267674427098,27.704697835751816]]}},{"type":"Feature","properties":{},"geometry":{"type":"LineString","coordinates":[[85.33268147592429,27.70471383989749],[85.33268548372064,27.704721228608683]]}},{"type":"Feature","properties":{},"geometry":{"type":"LineString","coordinates":[[85.33267837386519,27.704715176214705],[85.33267316636267,27.704725932356535]]}},{"type":"Feature","properties":{},"geometry":{"type":"LineString","coordinates":[[85.33285810835956,27.70471819297438],[85.33285069982611,27.70472151358296]]}},{"type":"Feature","properties":{},"geometry":{"type":"LineString","coordinates":[[85.3328586660904,27.70475934694235],[85.33285701492905,27.704758897442765]]}},{"type":"Feature","properties":{},"geometry":{"type":"LineString","coordinates":[[85.33285898438976,27.70476088872085],[85.33285749906427,27.70476120387321]]}},{"type":"Feature","properties":{},"geometry":{"type":"LineString","coordinates":[[85.33287247231878,27.70479851691216],[85.3328769741157,27.704810365651543]]}},{"type":"Feature","properties":{},"geometry":{"type":"LineString","coordinates":[[85.33306675032244,27.704766202242403],[85.33305719967424,27.704773752589823]]}},{"type":"Feature","properties":{},"geometry":{"type":"LineString","coordinates":[[85.33313321832968,27.704877399842204],[85.33312954918266,27.704878751002106]]}},{"type":"Feature","properties":{},"geometry":{"type":"LineString","coordinates":[[85.3330999274876,27.705020829325548],[85.3331049798888,27.705033082713058]]}},{"type":"Feature","properties":{},"geometry":{"type":"LineString","coordinates":[[85.33309222777693,27.70502269062714],[85.33308936497134,27.70501902790267]]}},{"type":"Feature","properties":{},"geometry":{"type":"LineString","coordinates":[[85.33307615080344,27.705028891595024],[85.33307983235548,27.705039465978547]]}},{"type":"Feature","properties":{},"geometry":{"type":"LineString","coordinates":[[85.3330039285782,27.70504906121502],[85.33299944481837,27.705036424770526]]}},{"type":"Feature","properties":{},"geometry":{"type":"LineString","coordinates":[[85.33294601966217,27.705061908397692],[85.33294049357264,27.70505399959086]]}},{"type":"Feature","properties":{},"geometry":{"type":"LineString","coordinates":[[85.33293978046503,27.705064753007942],[85.33294546652724,27.70509088802902]]}},{"type":"Feature","properties":{},"geometry":{"type":"LineString","coordinates":[[85.33273944102629,27.705107057904055],[85.33273423450373,27.705091404548007]]}},{"type":"Feature","properties":{},"geometry":{"type":"LineString","coordinates":[[85.33273123830494,27.705109120713097],[85.3327082637271,27.705107577715324]]}},{"type":"Feature","properties":{},"geometry":{"type":"LineString","coordinates":[[85.33323101586035,27.705050053819736],[85.33322353948232,27.7050524331738]]}},{"type":"Feature","properties":{},"geometry":{"type":"LineString","coordinates":[[85.33327482488365,27.70519660758341],[85.33326576714389,27.70517833289875]]}},{"type":"Feature","properties":{},"geometry":{"type":"LineString","coordinates":[[85.33322834247853,27.70521325501249],[85.33321303533624,27.70518929031222]]}},{"type":"Feature","properties":{},"geometry":{"type":"LineString","coordinates":[[85.33314347642684,27.705237047823495],[85.33314689310345,27.70525090520016]]}},{"type":"Feature","properties":{},"geometry":{"type":"LineString","coordinates":[[85.3331340151418,27.705238450177983],[85.33312349382821,27.705215591860753]]}},{"type":"Feature","properties":{},"geometry":{"type":"LineString","coordinates":[[85.3330514596422,27.705264275317447],[85.33305381358095,27.705273662204217]]}},{"type":"Feature","properties":{},"geometry":{"type":"LineString","coordinates":[[85.33303663253609,27.705268704281757],[85.3330240090825,27.7052462457438]]}},{"type":"Feature","properties":{},"geometry":{"type":"LineString","coordinates":[[85.33289815353491,27.705310908641064],[85.33290820948883,27.705335892289714]]}},{"type":"Feature","properties":{},"geometry":{"type":"LineString","coordinates":[[85.33288712861929,27.70531670832338],[85.3328720088335,27.705283426114168]]}},{"type":"Feature","properties":{},"geometry":{"type":"LineString","coordinates":[[85.33279496352951,27.70536748769903],[85.33276812891923,27.705345230730174]]}},{"type":"Feature","properties":{},"geometry":{"type":"LineString","coordinates":[[85.33276827990359,27.70539652626019],[85.3327748415876,27.705406821252765]]}},{"type":"Feature","properties":{},"geometry":{"type":"LineString","coordinates":[[85.33271958561335,27.705438652929313],[85.33272728849767,27.705445522052155]]}},{"type":"Feature","properties":{},"geometry":{"type":"LineString","coordinates":[[85.33261060991909,27.705423488872334],[85.33257815003397,27.705440593799793]]}},{"type":"Feature","properties":{},"geometry":{"type":"LineString","coordinates":[[85.33254409891113,27.705267387763914],[85.3325529906529,27.7052634279838]]}},{"type":"Feature","properties":{},"geometry":{"type":"LineString","coordinates":[[85.3324613029977,27.70557840814544],[85.33244578732928,27.705559361554126]]}},{"type":"Feature","properties":{},"geometry":{"type":"LineString","coordinates":[[85.33280750016753,27.70575507715126],[85.33282501419188,27.705789028111084]]}},{"type":"Feature","properties":{},"geometry":{"type":"LineString","coordinates":[[85.33271476683646,27.705843400196137],[85.33270532419017,27.705842639332097]]}},{"type":"Feature","properties":{},"geometry":{"type":"LineString","coordinates":[[85.33274204879149,27.70598163298797],[85.33277412230034,27.7059749424082]]}},{"type":"Feature","properties":{},"geometry":{"type":"LineString","coordinates":[[85.33274515207212,27.70598808839731],[85.3327365736914,27.705993311019032]]}},{"type":"Feature","properties":{},"geometry":{"type":"LineString","coordinates":[[85.33253858162846,27.70525696725189],[85.33250973179439,27.705268475617967]]}},{"type":"Feature","properties":{},"geometry":{"type":"LineString","coordinates":[[85.33253723906786,27.705253495216333],[85.33250945417988,27.70526625922175]]}},{"type":"Feature","properties":{},"geometry":{"type":"LineString","coordinates":[[85.33248111967036,27.70514092107083],[85.33251516835418,27.70514009834655]]}},{"type":"Feature","properties":{},"geometry":{"type":"LineString","coordinates":[[85.33246741670061,27.70511383925728],[85.3324589866324,27.705114180856505]]}},{"type":"Feature","properties":{},"geometry":{"type":"LineString","coordinates":[[85.33244926620517,27.705048870783607],[85.33253359421619,27.704987771338708]]}},{"type":"Feature","properties":{},"geometry":{"type":"LineString","coordinates":[[85.33244806682646,27.705046519633836],[85.33248538372564,27.70495888031003]]}},{"type":"Feature","properties":{},"geometry":{"type":"LineString","coordinates":[[85.33244636442065,27.70504323821332],[85.33246741921165,27.70496003577893]]}},{"type":"Feature","properties":{},"geometry":{"type":"LineString","coordinates":[[85.33232870431829,27.705055570203175],[85.33233083902498,27.705066165680975]]}},{"type":"Feature","properties":{},"geometry":{"type":"LineString","coordinates":[[85.33221046529135,27.70503842416118],[85.33220097340445,27.70504043891459]]}},{"type":"Feature","properties":{},"geometry":{"type":"LineString","coordinates":[[85.33219327853726,27.70497837533531],[85.33218662883637,27.70497473917099]]}},{"type":"Feature","properties":{},"geometry":{"type":"LineString","coordinates":[[85.33218578151357,27.704950175096968],[85.33217826162323,27.70491847810514]]}},{"type":"Feature","properties":{},"geometry":{"type":"LineString","coordinates":[[85.3321713857529,27.705455813960032],[85.33216151626075,27.705461584181652]]}},{"type":"Feature","properties":{},"geometry":{"type":"LineString","coordinates":[[85.33216501223002,27.70544695265145],[85.33218771665203,27.705433125675906]]}},{"type":"Feature","properties":{},"geometry":{"type":"LineString","coordinates":[[85.33215094510008,27.70541994765072],[85.33214625154288,27.70542184331364]]}},{"type":"Feature","properties":{},"geometry":{"type":"LineString","coordinates":[[85.33209983166809,27.705329961318],[85.33208717205395,27.705308559150534]]}},{"type":"Feature","properties":{},"geometry":{"type":"LineString","coordinates":[[85.33209814924928,27.70532703303125],[85.33208465480608,27.705310314062725]]}},{"type":"Feature","properties":{},"geometry":{"type":"LineString","coordinates":[[85.3320585495173,27.705581184986695],[85.33205093392658,27.705566646110437]]}},{"type":"Feature","properties":{},"geometry":{"type":"LineString","coordinates":[[85.33202027861302,27.705597106914624],[85.3320082969093,27.70558380336351]]}},{"type":"Feature","properties":{},"geometry":{"type":"LineString","coordinates":[[85.33195471369716,27.70562664432406],[85.3319407191908,27.705632530890284]]}},{"type":"Feature","properties":{},"geometry":{"type":"LineString","coordinates":[[85.33239843105657,27.70561398106878],[85.33239145939098,27.705637113366006]]}},{"type":"Feature","properties":{},"geometry":{"type":"LineString","coordinates":[[85.33245847522937,27.705580577204177],[85.33246737371589,27.705588378637245]]}},{"type":"Feature","properties":{},"geometry":{"type":"LineString","coordinates":[[85.33225283566149,27.7056705190618],[85.33226326726158,27.705692932304228]]}},{"type":"Feature","properties":{},"geometry":{"type":"LineString","coordinates":[[85.33206897809653,27.705744792163433],[85.33207683119156,27.70576738464301]]}},{"type":"Feature","properties":{},"geometry":{"type":"LineString","coordinates":[[85.33205852235162,27.70574916809369],[85.33204140880801,27.705763503760274]]}},{"type":"Feature","properties":{},"geometry":{"type":"LineString","coordinates":[[85.33305917760538,27.705605218030552],[85.33305017214292,27.705667086780238]]}},{"type":"Feature","properties":{},"geometry":{"type":"LineString","coordinates":[[85.33308224919315,27.705602188018823],[85.33308041778217,27.705592048380563]]}},{"type":"Feature","properties":{},"geometry":{"type":"LineString","coordinates":[[85.33321471799056,27.705581538920022],[85.33321924642092,27.705603514579952]]}},{"type":"Feature","properties":{},"geometry":{"type":"LineString","coordinates":[[85.33322008361208,27.705580994307205],[85.33322419227393,27.705602565985462]]}},{"type":"Feature","properties":{},"geometry":{"type":"LineString","coordinates":[[85.33324191213838,27.705577217332646],[85.3332384725804,27.705566198202202]]}},{"type":"Feature","properties":{},"geometry":{"type":"LineString","coordinates":[[85.33335528943236,27.705559605446137],[85.3333526161756,27.705551610061406]]}},{"type":"Feature","properties":{},"geometry":{"type":"LineString","coordinates":[[85.33336660450216,27.705295596893343],[85.33335802329634,27.705300210301502]]}},{"type":"Feature","properties":{},"geometry":{"type":"LineString","coordinates":[[85.33349455167182,27.705742911274754],[85.33347706497358,27.70572216141798]]}},{"type":"Feature","properties":{},"geometry":{"type":"LineString","coordinates":[[85.33349350310101,27.7057423119933],[85.33349173202072,27.70575935969583]]}},{"type":"Feature","properties":{},"geometry":{"type":"LineString","coordinates":[[85.3335004609286,27.705742894870085],[85.33349970242557,27.705768915279428]]}},{"type":"Feature","properties":{},"geometry":{"type":"LineString","coordinates":[[85.33350247211348,27.705742876663233],[85.33350073725333,27.705775089446522]]}},{"type":"Feature","properties":{},"geometry":{"type":"LineString","coordinates":[[85.33350465507635,27.705743365952387],[85.33350508284944,27.705781475859535]]}},{"type":"Feature","properties":{},"geometry":{"type":"LineString","coordinates":[[85.33335334768101,27.70578469697564],[85.33335827880812,27.70579499216628]]}},{"type":"Feature","properties":{},"geometry":{"type":"LineString","coordinates":[[85.33322348690669,27.705833028121827],[85.33322633194959,27.705839995767764]]}},{"type":"Feature","properties":{},"geometry":{"type":"LineString","coordinates":[[85.33320748657023,27.705838582895296],[85.33319190385252,27.70585295519258]]}},{"type":"Feature","properties":{},"geometry":{"type":"LineString","coordinates":[[85.33320341410675,27.705840113319695],[85.33318826407854,27.70585337256742]]}},{"type":"Feature","properties":{},"geometry":{"type":"LineString","coordinates":[[85.33357492329465,27.706053506753086],[85.33359390877249,27.706075130259418]]}},{"type":"Feature","properties":{},"geometry":{"type":"LineString","coordinates":[[85.33355621900546,27.7060644930515],[85.33356904489993,27.706090725738264]]}},{"type":"Feature","properties":{},"geometry":{"type":"LineString","coordinates":[[85.33350394267477,27.706081551867637],[85.33350707967735,27.706104674154307]]}},{"type":"Feature","properties":{},"geometry":{"type":"LineString","coordinates":[[85.33350163963345,27.70608249077172],[85.33347600517862,27.706104149311987]]}},{"type":"Feature","properties":{},"geometry":{"type":"LineString","coordinates":[[85.33349518912141,27.706085024189115],[85.3334681491181,27.70608653533259]]}},{"type":"Feature","properties":{},"geometry":{"type":"LineString","coordinates":[[85.33349832111651,27.70608398876426],[85.33346762719138,27.706085112948028]]}},{"type":"Feature","properties":{},"geometry":{"type":"LineString","coordinates":[[85.33362434034429,27.70617881511308],[85.3336298259563,27.70618752577442]]}},{"type":"Feature","properties":{},"geometry":{"type":"LineString","coordinates":[[85.33360254077273,27.7061889536649],[85.33360591295725,27.706197269741548]]}},{"type":"Feature","properties":{},"geometry":{"type":"LineString","coordinates":[[85.33360033573838,27.70618964915939],[85.33358607296108,27.706190234694485]]}},{"type":"Feature","properties":{},"geometry":{"type":"LineString","coordinates":[[85.33375316783348,27.706210108562416],[85.33373696957426,27.706211669034953]]}},{"type":"Feature","properties":{},"geometry":{"type":"LineString","coordinates":[[85.33375092349496,27.706214725165868],[85.33373805721898,27.706216036931217]]}},{"type":"Feature","properties":{},"geometry":{"type":"LineString","coordinates":[[85.33369384902942,27.706310690390293],[85.33368591103157,27.706308007222237]]}},{"type":"Feature","properties":{},"geometry":{"type":"LineString","coordinates":[[85.33368195843079,27.706331610962195],[85.33367321198826,27.706328942430133]]}},{"type":"Feature","properties":{},"geometry":{"type":"LineString","coordinates":[[85.33366446701227,27.706360208890423],[85.33365924772583,27.706357661339705]]}},{"type":"Feature","properties":{},"geometry":{"type":"LineString","coordinates":[[85.33362017049079,27.706431373297853],[85.33361437238801,27.70642907780914]]}},{"type":"Feature","properties":{},"geometry":{"type":"LineString","coordinates":[[85.33331628043851,27.70814385604724],[85.33330941856208,27.708144089314246]]}},{"type":"Feature","properties":{},"geometry":{"type":"LineString","coordinates":[[85.33332639961473,27.708056763619343],[85.33331331359713,27.70805323683086]]}},{"type":"Feature","properties":{},"geometry":{"type":"LineString","coordinates":[[85.33332780511914,27.707988853753747],[85.33331616745821,27.707987246980203]]}},{"type":"Feature","properties":{},"geometry":{"type":"LineString","coordinates":[[85.33332894577391,27.707905144274168],[85.33331376068966,27.707905080565737]]}},{"type":"Feature","properties":{},"geometry":{"type":"LineString","coordinates":[[85.33332875911118,27.70787672976299],[85.333316499933,27.70787531587214]]}},{"type":"Feature","properties":{},"geometry":{"type":"LineString","coordinates":[[85.33332525662453,27.70777591611305],[85.33329305284924,27.707778401158446]]}},{"type":"Feature","properties":{},"geometry":{"type":"LineString","coordinates":[[85.33332263716714,27.707618080076628],[85.33326609302244,27.70761110573815]]}},{"type":"Feature","properties":{},"geometry":{"type":"LineString","coordinates":[[85.33332263027322,27.707618200032726],[85.33315360342637,27.70762174784959]]}},{"type":"Feature","properties":{},"geometry":{"type":"LineString","coordinates":[[85.3333300815771,27.707465978172177],[85.33331995097251,27.707462966226004]]}},{"type":"Feature","properties":{},"geometry":{"type":"LineString","coordinates":[[85.33321065210565,27.707407684866897],[85.33320431530171,27.707433018042053]]}},{"type":"Feature","properties":{},"geometry":{"type":"LineString","coordinates":[[85.33316067673901,27.70740121739673],[85.33315940753054,27.707393584593465]]}},{"type":"Feature","properties":{},"geometry":{"type":"LineString","coordinates":[[85.33303775966202,27.70739170356711],[85.33300987741413,27.707405902438047]]}},{"type":"Feature","properties":{},"geometry":{"type":"LineString","coordinates":[[85.33345179414542,27.70681931271546],[85.33343192469518,27.706816944374104]]}},{"type":"Feature","properties":{},"geometry":{"type":"LineString","coordinates":[[85.333465430043,27.706770239185044],[85.33345668229025,27.706767187941583]]}},{"type":"Feature","properties":{},"geometry":{"type":"LineString","coordinates":[[85.33347820221523,27.70673749321097],[85.33346485383098,27.70673215637751]]}},{"type":"Feature","properties":{},"geometry":{"type":"LineString","coordinates":[[85.33350521373666,27.706666875290413],[85.33348073787826,27.706666206055292]]}},{"type":"Feature","properties":{},"geometry":{"type":"LineString","coordinates":[[85.33352034234736,27.7066320782064],[85.33348979527338,27.70662853436515]]}},{"type":"Feature","properties":{},"geometry":{"type":"LineString","coordinates":[[85.33352705854624,27.706616869869663],[85.3334734548889,27.706610284831772]]}},{"type":"Feature","properties":{},"geometry":{"type":"LineString","coordinates":[[85.33353319737131,27.706600684340266],[85.33352180927855,27.706595877443412]]}},{"type":"Feature","properties":{},"geometry":{"type":"LineString","coordinates":[[85.33352782118807,27.70661506492603],[85.33344203822743,27.706604240375647],[85.33342490691072,27.706626686312255]]}},{"type":"Feature","properties":{},"geometry":{"type":"LineString","coordinates":[[85.33352878843219,27.706613209195215],[85.33343550435592,27.70659704420059],[85.33339862779563,27.706645179951046]]}},{"type":"Feature","properties":{},"geometry":{"type":"LineString","coordinates":[[85.3335298769796,27.706610978561486],[85.33343496711896,27.706595027753778],[85.33335611937284,27.706642520067348]]}},{"type":"Feature","properties":{},"geometry":{"type":"LineString","coordinates":[[85.33353085727722,27.706608464126397],[85.33343487029109,27.70658992266859],[85.33335451845203,27.70663956389438]]}},{"type":"Feature","properties":{},"geometry":{"type":"LineString","coordinates":[[85.33354281628256,27.706579977415473],[85.33353643686664,27.70657783106598]]}},{"type":"Feature","properties":{},"geometry":{"type":"LineString","coordinates":[[85.3335074076231,27.706531202428057],[85.33351215876564,27.706509573160123]]}},{"type":"Feature","properties":{},"geometry":{"type":"LineString","coordinates":[[85.3335040154459,27.70653013990195],[85.33345270027597,27.706559271938463]]}},{"type":"Feature","properties":{},"geometry":{"type":"LineString","coordinates":[[85.33350108751206,27.7065280233714],[85.33344842420087,27.706561653729928]]}},{"type":"Feature","properties":{},"geometry":{"type":"LineString","coordinates":[[85.33341870585683,27.706395037214435],[85.33341079616892,27.706398230873667]]}},{"type":"Feature","properties":{},"geometry":{"type":"LineString","coordinates":[[85.33339283036321,27.70633113742394],[85.33338370560195,27.706330608777286]]}},{"type":"Feature","properties":{},"geometry":{"type":"LineString","coordinates":[[85.33339153711687,27.70632928877431],[85.33338652629902,27.706310157564555]]}},{"type":"Feature","properties":{},"geometry":{"type":"LineString","coordinates":[[85.33324744355009,27.706916481076068],[85.33321181715311,27.70692759388817]]}},{"type":"Feature","properties":{},"geometry":{"type":"LineString","coordinates":[[85.33318014275986,27.706801280609792],[85.33319234348545,27.70679692560965]]}},{"type":"Feature","properties":{},"geometry":{"type":"LineString","coordinates":[[85.33316074912288,27.706766612995946],[85.33314092593547,27.70677434379955]]}},{"type":"Feature","properties":{},"geometry":{"type":"LineString","coordinates":[[85.3331341177563,27.706699474737],[85.33310958888534,27.7067046271461]]}},{"type":"Feature","properties":{},"geometry":{"type":"LineString","coordinates":[[85.33312626973827,27.706672661147117],[85.33310270603991,27.70667896329317]]}},{"type":"Feature","properties":{},"geometry":{"type":"LineString","coordinates":[[85.33309188168127,27.706583311588872],[85.33310617545473,27.70658015692058]]}},{"type":"Feature","properties":{},"geometry":{"type":"LineString","coordinates":[[85.33307788114627,27.706552702692786],[85.33305673968569,27.70656236802035]]}},{"type":"Feature","properties":{},"geometry":{"type":"LineString","coordinates":[[85.33295612303225,27.70628379824628],[85.33292800198124,27.706270968285594]]}},{"type":"Feature","properties":{},"geometry":{"type":"LineString","coordinates":[[85.33299870383098,27.70638974420769],[85.33302859393834,27.706383400030926]]}},{"type":"Feature","properties":{},"geometry":{"type":"LineString","coordinates":[[85.3328656803324,27.70643533737125],[85.33286775360664,27.706417897101986]]}},{"type":"Feature","properties":{},"geometry":{"type":"LineString","coordinates":[[85.33284755524764,27.70643569941173],[85.33284723466934,27.706441310312435]]}},{"type":"Feature","properties":{},"geometry":{"type":"LineString","coordinates":[[85.33282120233942,27.70643483326215],[85.33282073718462,27.706418072726876]]}},{"type":"Feature","properties":{},"geometry":{"type":"LineString","coordinates":[[85.33279267960461,27.706438882432746],[85.33278754768956,27.706417117911233]]}},{"type":"Feature","properties":{},"geometry":{"type":"LineString","coordinates":[[85.33278934363747,27.7064398594262],[85.33278885459787,27.706451814124566]]}},{"type":"Feature","properties":{},"geometry":{"type":"LineString","coordinates":[[85.33260843635932,27.706458096943454],[85.33260766193207,27.706469945312136]]}},{"type":"Feature","properties":{},"geometry":{"type":"LineString","coordinates":[[85.33258161396857,27.706458695346175],[85.33257947825818,27.7064683684178]]}},{"type":"Feature","properties":{},"geometry":{"type":"LineString","coordinates":[[85.33255398000195,27.70632481309573],[85.33256508482405,27.706322902591033]]}},{"type":"Feature","properties":{},"geometry":{"type":"LineString","coordinates":[[85.33255558756868,27.706333532136863],[85.33253763733062,27.706337868364447]]}},{"type":"Feature","properties":{},"geometry":{"type":"LineString","coordinates":[[85.33254275999111,27.706271282196994],[85.33252241207471,27.70627317792723]]}},{"type":"Feature","properties":{},"geometry":{"type":"LineString","coordinates":[[85.332531414335,27.70619493964616],[85.33254654507466,27.706190825778464]]}},{"type":"Feature","properties":{},"geometry":{"type":"LineString","coordinates":[[85.33253078916826,27.70618663678126],[85.33250400032931,27.706177098137488]]}},{"type":"Feature","properties":{},"geometry":{"type":"LineString","coordinates":[[85.33253049738359,27.706185618800525],[85.332519333011,27.706155303952418]]}},{"type":"Feature","properties":{},"geometry":{"type":"LineString","coordinates":[[85.33333641072768,27.70709357119905],[85.33332387226162,27.70714409297966]]}},{"type":"Feature","properties":{},"geometry":{"type":"LineString","coordinates":[[85.33325847308161,27.70707803129975],[85.33326298159369,27.707049620071494]]}},{"type":"Feature","properties":{},"geometry":{"type":"LineString","coordinates":[[85.33324977728493,27.707077031261385],[85.33322229741903,27.70711826819404]]}},{"type":"Feature","properties":{},"geometry":{"type":"LineString","coordinates":[[85.33319783356457,27.707071241388544],[85.33319153692389,27.70710340644727]]}},{"type":"Feature","properties":{},"geometry":{"type":"LineString","coordinates":[[85.33295218791639,27.707074081147805],[85.33295323343096,27.70704653528787]]}},{"type":"Feature","properties":{},"geometry":{"type":"LineString","coordinates":[[85.33336516513067,27.707290045996487],[85.33335152100477,27.70729068498167]]}},{"type":"Feature","properties":{},"geometry":{"type":"LineString","coordinates":[[85.33294147176397,27.70707170022578],[85.33293986658781,27.707099838638058]]}},{"type":"Feature","properties":{},"geometry":{"type":"LineString","coordinates":[[85.33288546634279,27.70706332966689],[85.33288416060196,27.707122795572488]]}},{"type":"Feature","properties":{},"geometry":{"type":"LineString","coordinates":[[85.33291391858819,27.70706679516459],[85.33291811221814,27.707227041916724]]}},{"type":"Feature","properties":{},"geometry":{"type":"LineString","coordinates":[[85.33291027379171,27.707066272916045],[85.33291374932314,27.707226060647198]]}},{"type":"Feature","properties":{},"geometry":{"type":"LineString","coordinates":[[85.3328127324703,27.707063635981104],[85.3328059510814,27.70704670911602]]}},{"type":"Feature","properties":{},"geometry":{"type":"LineString","coordinates":[[85.33272952526912,27.70708880770356],[85.33272442857395,27.70707773069514]]}},{"type":"Feature","properties":{},"geometry":{"type":"LineString","coordinates":[[85.33270554725591,27.707096273589293],[85.33272446400521,27.707129085291843]]}},{"type":"Feature","properties":{},"geometry":{"type":"LineString","coordinates":[[85.3326906408472,27.707102299064655],[85.33268561951832,27.707089800544587]]}},{"type":"Feature","properties":{},"geometry":{"type":"LineString","coordinates":[[85.33262434701626,27.707121236563435],[85.33263481759106,27.707154103579008]]}},{"type":"Feature","properties":{},"geometry":{"type":"LineString","coordinates":[[85.33255675748983,27.707118880815393],[85.33256169239507,27.707101719617494]]}},{"type":"Feature","properties":{},"geometry":{"type":"LineString","coordinates":[[85.3324983353698,27.707104918574558],[85.33248378615072,27.707133799079436]]}},{"type":"Feature","properties":{},"geometry":{"type":"LineString","coordinates":[[85.3323626564606,27.707320628759426],[85.3323980529366,27.70732958068893]]}},{"type":"Feature","properties":{},"geometry":{"type":"LineString","coordinates":[[85.33234598721114,27.707384546849593],[85.33233772397851,27.707390442930116]]}},{"type":"Feature","properties":{},"geometry":{"type":"LineString","coordinates":[[85.33234561990368,27.707387694127032],[85.33236678824254,27.70740707960013]]}},{"type":"Feature","properties":{},"geometry":{"type":"LineString","coordinates":[[85.33234574144593,27.707386237071418],[85.33240610535807,27.707398019650956]]}},{"type":"Feature","properties":{},"geometry":{"type":"LineString","coordinates":[[85.33244738412886,27.70706461244189],[85.3324153455228,27.70707985410885]]}},{"type":"Feature","properties":{},"geometry":{"type":"LineString","coordinates":[[85.33231135869373,27.706800257735733],[85.33228576830875,27.706800457553918]]}},{"type":"Feature","properties":{},"geometry":{"type":"LineString","coordinates":[[85.33230698145651,27.706774551833025],[85.33232212833228,27.706772916588456]]}},{"type":"Feature","properties":{},"geometry":{"type":"LineString","coordinates":[[85.33231105067955,27.70673543381963],[85.33229925790859,27.70661208921365]]}},{"type":"Feature","properties":{},"geometry":{"type":"LineString","coordinates":[[85.33244598691451,27.70688403515732],[85.33243757526162,27.706876755844224]]}},{"type":"Feature","properties":{},"geometry":{"type":"LineString","coordinates":[[85.33260014765429,27.70683417527035],[85.33264001587449,27.706840941775056]]}},{"type":"Feature","properties":{},"geometry":{"type":"LineString","coordinates":[[85.33258647281731,27.706726275001206],[85.33261399607761,27.706718869890043]]}},{"type":"Feature","properties":{},"geometry":{"type":"LineString","coordinates":[[85.33258612976206,27.706721159730286],[85.33257483776808,27.706706368105152]]}},{"type":"Feature","properties":{},"geometry":{"type":"LineString","coordinates":[[85.33307208054208,27.70707672992893],[85.3330692984985,27.70706461670054]]}},{"type":"Feature","properties":{},"geometry":{"type":"LineString","coordinates":[[85.33197792626123,27.706950834198512],[85.3319924948456,27.706942618754802]]}},{"type":"Feature","properties":{},"geometry":{"type":"LineString","coordinates":[[85.33192246396312,27.70687844384557],[85.33193264913194,27.706869730626853]]}},{"type":"Feature","properties":{},"geometry":{"type":"LineString","coordinates":[[85.33183720613373,27.706731455192468],[85.33185686975031,27.70672182008118]]}},{"type":"Feature","properties":{},"geometry":{"type":"LineString","coordinates":[[85.33183073386222,27.706720483420423],[85.33180055282124,27.706732675956946]]}},{"type":"Feature","properties":{},"geometry":{"type":"LineString","coordinates":[[85.33182654249276,27.706710296375494],[85.33183604196084,27.70670772667653]]}},{"type":"Feature","properties":{},"geometry":{"type":"LineString","coordinates":[[85.33166367554956,27.706486845153233],[85.33163095646529,27.706511290761526]]}},{"type":"Feature","properties":{},"geometry":{"type":"LineString","coordinates":[[85.3316315771482,27.70644177396031],[85.33164591039906,27.70643342665022]]}},{"type":"Feature","properties":{},"geometry":{"type":"LineString","coordinates":[[85.33136463689449,27.706262257730884],[85.33136960980158,27.70624687325353]]}},{"type":"Feature","properties":{},"geometry":{"type":"LineString","coordinates":[[85.33145329812916,27.70663927800841],[85.33143314748752,27.70667438525567]]}},{"type":"Feature","properties":{},"geometry":{"type":"LineString","coordinates":[[85.33158450212257,27.706927906302372],[85.33157186336304,27.706918191452157]]}},{"type":"Feature","properties":{},"geometry":{"type":"LineString","coordinates":[[85.33171155212003,27.70689615070093],[85.33171693140939,27.706916506649154]]}},{"type":"Feature","properties":{},"geometry":{"type":"LineString","coordinates":[[85.33176164847237,27.70688284709162],[85.33175122048073,27.706872194076404]]}},{"type":"Feature","properties":{},"geometry":{"type":"LineString","coordinates":[[85.33196632773118,27.706933398874998],[85.33193594547949,27.70695114871904]]}},{"type":"Feature","properties":{},"geometry":{"type":"LineString","coordinates":[[85.33199734220939,27.706971346650157],[85.33201269372196,27.706958728074778]]}},{"type":"Feature","properties":{},"geometry":{"type":"LineString","coordinates":[[85.33198324272605,27.70701271928999],[85.33197284855046,27.70699250869974]]}},{"type":"Feature","properties":{},"geometry":{"type":"LineString","coordinates":[[85.33209190708715,27.706996981353864],[85.33210539290738,27.70705027874481]]}},{"type":"Feature","properties":{},"geometry":{"type":"LineString","coordinates":[[85.33194202619244,27.707206963882346],[85.33195292036201,27.707206308142954]]}},{"type":"Feature","properties":{},"geometry":{"type":"LineString","coordinates":[[85.33193639610005,27.70723195261077],[85.33198101381693,27.707253489001754]]}},{"type":"Feature","properties":{},"geometry":{"type":"LineString","coordinates":[[85.33190719849793,27.707282944978722],[85.33190939121637,27.70729865861401]]}},{"type":"Feature","properties":{},"geometry":{"type":"LineString","coordinates":[[85.33177455236634,27.707334295337905],[85.3317676517307,27.707327415071568]]}},{"type":"Feature","properties":{},"geometry":{"type":"LineString","coordinates":[[85.33213135423613,27.707094295719035],[85.33215209841701,27.707095292984576]]}},{"type":"Feature","properties":{},"geometry":{"type":"LineString","coordinates":[[85.33209921801556,27.707226613042078],[85.33211660037198,27.707226086915902]]}},{"type":"Feature","properties":{},"geometry":{"type":"LineString","coordinates":[[85.33210418393448,27.707327546315998],[85.33209768763028,27.707343815914676]]}},{"type":"Feature","properties":{},"geometry":{"type":"LineString","coordinates":[[85.33211891863192,27.70733641270748],[85.33213076877955,27.707367577022815]]}},{"type":"Feature","properties":{},"geometry":{"type":"LineString","coordinates":[[85.33219076857807,27.706969755801126],[85.33220809881553,27.70700078757934]]}},{"type":"Feature","properties":{},"geometry":{"type":"LineString","coordinates":[[85.33161841012543,27.7056194956078],[85.33161064551135,27.705621552798128]]}},{"type":"Feature","properties":{},"geometry":{"type":"LineString","coordinates":[[85.3316184928199,27.705618392786455],[85.33162312579805,27.70559621973498]]}},{"type":"Feature","properties":{},"geometry":{"type":"LineString","coordinates":[[85.33163848607533,27.705660860439163],[85.33165844918882,27.70565319019895]]}},{"type":"Feature","properties":{},"geometry":{"type":"LineString","coordinates":[[85.33164810855502,27.705687323639594],[85.33163294995121,27.705692205144164]]}},{"type":"Feature","properties":{},"geometry":{"type":"LineString","coordinates":[[85.33168404557169,27.705799342571574],[85.33171083959405,27.705789267226326]]}},{"type":"Feature","properties":{},"geometry":{"type":"LineString","coordinates":[[85.33174965100916,27.705815009977094],[85.33175757556222,27.70583803384996]]}},{"type":"Feature","properties":{},"geometry":{"type":"LineString","coordinates":[[85.33179595034647,27.70580322740243],[85.33182431101638,27.705796557281193]]}},{"type":"Feature","properties":{},"geometry":{"type":"LineString","coordinates":[[85.33167267406617,27.70582998065035],[85.33168442045752,27.70585168412931]]}},{"type":"Feature","properties":{},"geometry":{"type":"LineString","coordinates":[[85.33164419888972,27.70583331173184],[85.33164293954738,27.70581604071008]]}},{"type":"Feature","properties":{},"geometry":{"type":"LineString","coordinates":[[85.33163373514405,27.70598703690465],[85.33161777815425,27.705990669582906]]}},{"type":"Feature","properties":{},"geometry":{"type":"LineString","coordinates":[[85.33167370389532,27.70609087769281],[85.33164617091461,27.70609539615016]]}},{"type":"Feature","properties":{},"geometry":{"type":"LineString","coordinates":[[85.33168329552866,27.70619828386079],[85.33170827041448,27.70620253713084]]}},{"type":"Feature","properties":{},"geometry":{"type":"LineString","coordinates":[[85.33168210035912,27.706203787643336],[85.33165449693335,27.706202070440877]]}},{"type":"Feature","properties":{},"geometry":{"type":"LineString","coordinates":[[85.33166178655384,27.70626389177835],[85.33168639629257,27.70627015062936]]}},{"type":"Feature","properties":{},"geometry":{"type":"LineString","coordinates":[[85.33213421707306,27.706388562685298],[85.33213607657326,27.70640271721145]]}},{"type":"Feature","properties":{},"geometry":{"type":"LineString","coordinates":[[85.33225350653092,27.7064029461515],[85.33225357749664,27.706408347863118]]}},{"type":"Feature","properties":{},"geometry":{"type":"LineString","coordinates":[[85.33232497261791,27.70640655634939],[85.33232841170845,27.706396932379533]]}},{"type":"Feature","properties":{},"geometry":{"type":"LineString","coordinates":[[85.33234128171944,27.706406578646146],[85.33234224793765,27.706395256971714]]}},{"type":"Feature","properties":{},"geometry":{"type":"LineString","coordinates":[[85.33240897429846,27.70640939692996],[85.33241132284421,27.706417669111556]]}},{"type":"Feature","properties":{},"geometry":{"type":"LineString","coordinates":[[85.33246104316369,27.706451276139752],[85.33246614832252,27.706468127771405]]}},{"type":"Feature","properties":{},"geometry":{"type":"LineString","coordinates":[[85.33200098453604,27.706127632231542],[85.33201051645477,27.706192588055305]]}},{"type":"Feature","properties":{},"geometry":{"type":"LineString","coordinates":[[85.33200268118745,27.706127625599898],[85.33204348527671,27.70615251320172]]}},{"type":"Feature","properties":{},"geometry":{"type":"LineString","coordinates":[[85.33140890349482,27.706275647260153],[85.33139817032759,27.70630531193408]]}},{"type":"Feature","properties":{},"geometry":{"type":"LineString","coordinates":[[85.33131985932114,27.706253458711725],[85.33131763946065,27.706292442841]]}},{"type":"Feature","properties":{},"geometry":{"type":"LineString","coordinates":[[85.33122798366902,27.706185974928264],[85.33124739299684,27.706196976333914]]}},{"type":"Feature","properties":{},"geometry":{"type":"LineString","coordinates":[[85.3313114252649,27.70608820314377],[85.33131295969889,27.706071602097662]]}},{"type":"Feature","properties":{},"geometry":{"type":"LineString","coordinates":[[85.33131557284808,27.70608420430681],[85.33131545733772,27.70606920525165]]}},{"type":"Feature","properties":{},"geometry":{"type":"LineString","coordinates":[[85.33116555322296,27.70621321303134],[85.3311704027072,27.70620007622672]]}},{"type":"Feature","properties":{},"geometry":{"type":"LineString","coordinates":[[85.33113088026737,27.706202261350604],[85.33101716378326,27.706320709117865]]}},{"type":"Feature","properties":{},"geometry":{"type":"LineString","coordinates":[[85.33112828788937,27.706201354622927],[85.3309527811242,27.70636719932573]]}},{"type":"Feature","properties":{},"geometry":{"type":"LineString","coordinates":[[85.33105052642956,27.706176503128226],[85.33105905414531,27.706163355620724]]}},{"type":"Feature","properties":{},"geometry":{"type":"LineString","coordinates":[[85.33102573387724,27.70616860112698],[85.33100539741713,27.706211782985374]]}},{"type":"Feature","properties":{},"geometry":{"type":"LineString","coordinates":[[85.33093351585609,27.70614314564835],[85.3309360913761,27.70612917094426]]}},{"type":"Feature","properties":{},"geometry":{"type":"LineString","coordinates":[[85.33087311129631,27.70613688826987],[85.33086886240575,27.706168458750362]]}},{"type":"Feature","properties":{},"geometry":{"type":"LineString","coordinates":[[85.33075181610336,27.706130325300077],[85.3307132897611,27.7061741921108]]}},{"type":"Feature","properties":{},"geometry":{"type":"LineString","coordinates":[[85.33074862319214,27.70613009816345],[85.33071146708417,27.70617255185964]]}},{"type":"Feature","properties":{},"geometry":{"type":"LineString","coordinates":[[85.33069989889667,27.706114707870775],[85.33067632652386,27.70614362738112]]}},{"type":"Feature","properties":{},"geometry":{"type":"LineString","coordinates":[[85.33069607399389,27.706113029935278],[85.3307023300839,27.70609749308482]]}},{"type":"Feature","properties":{},"geometry":{"type":"LineString","coordinates":[[85.33053806488049,27.70604961018614],[85.33055929239178,27.706008790287573]]}},{"type":"Feature","properties":{},"geometry":{"type":"LineString","coordinates":[[85.33054210063051,27.706105242349633],[85.33052558217871,27.70610192301278]]}},{"type":"Feature","properties":{},"geometry":{"type":"LineString","coordinates":[[85.3305149676415,27.706202373263658],[85.3305021221264,27.706213109395115]]}},{"type":"Feature","properties":{},"geometry":{"type":"LineString","coordinates":[[85.33065410787395,27.706378302903904],[85.33064918371272,27.70638621573539]]}},{"type":"Feature","properties":{},"geometry":{"type":"LineString","coordinates":[[85.3307046711112,27.70643230658942],[85.33071591739349,27.706459007846277]]}},{"type":"Feature","properties":{},"geometry":{"type":"LineString","coordinates":[[85.330708549515,27.706436332700516],[85.3307176981126,27.70646087322878]]}},{"type":"Feature","properties":{},"geometry":{"type":"LineString","coordinates":[[85.33077741935006,27.7060786436063],[85.33076217940236,27.70606181772271]]}},{"type":"Feature","properties":{},"geometry":{"type":"LineString","coordinates":[[85.33108765570617,27.705796077690703],[85.3310828497241,27.70575318926812]]}},{"type":"Feature","properties":{},"geometry":{"type":"LineString","coordinates":[[85.33123993038906,27.705778127838848],[85.33124214074526,27.705756959918865]]}},{"type":"Feature","properties":{},"geometry":{"type":"LineString","coordinates":[[85.33126947804924,27.70578015376453],[85.33127003838474,27.70579224385065]]}},{"type":"Feature","properties":{},"geometry":{"type":"LineString","coordinates":[[85.33131378590384,27.70578335583835],[85.33137196412048,27.705724660387222]]}},{"type":"Feature","properties":{},"geometry":{"type":"LineString","coordinates":[[85.33115310088048,27.70632844480446],[85.33114649525504,27.706318845074993]]}},{"type":"Feature","properties":{},"geometry":{"type":"LineString","coordinates":[[85.33114963590714,27.706332033985394],[85.33114343334202,27.706321403891188]]}},{"type":"Feature","properties":{},"geometry":{"type":"LineString","coordinates":[[85.33112408985092,27.70635091599392],[85.33111429992236,27.706340456551487]]}},{"type":"Feature","properties":{},"geometry":{"type":"LineString","coordinates":[[85.3311203261569,27.70635387700843],[85.33110984583526,27.706343804558507]]}},{"type":"Feature","properties":{},"geometry":{"type":"LineString","coordinates":[[85.33110082351662,27.706366328104934],[85.33111149006945,27.70638595177212]]}},{"type":"Feature","properties":{},"geometry":{"type":"LineString","coordinates":[[85.33101076075695,27.70641798629116],[85.3309870180791,27.706448901141858]]}},{"type":"Feature","properties":{},"geometry":{"type":"LineString","coordinates":[[85.33035874715118,27.70590128225515],[85.33036622190569,27.705895354217308]]}},{"type":"Feature","properties":{},"geometry":{"type":"LineString","coordinates":[[85.33030372360642,27.705866644800434],[85.33031255609225,27.70586139019861]]}},{"type":"Feature","properties":{},"geometry":{"type":"LineString","coordinates":[[85.33021480289274,27.705810682756304],[85.33018850913983,27.70583224787653]]}},{"type":"Feature","properties":{},"geometry":{"type":"LineString","coordinates":[[85.33021199242802,27.705808449341646],[85.33021712960318,27.705799334191834]]}},{"type":"Feature","properties":{},"geometry":{"type":"LineString","coordinates":[[85.33017959088275,27.70578267067582],[85.33015631261199,27.70580992031849]]}},{"type":"Feature","properties":{},"geometry":{"type":"LineString","coordinates":[[85.3300869934325,27.70570579004485],[85.33022497042353,27.705634385033587],[85.3303005326421,27.705635538389384]]}},{"type":"Feature","properties":{},"geometry":{"type":"LineString","coordinates":[[85.33008422230996,27.70570383689257],[85.33005601360927,27.705730554102583]]}},{"type":"Feature","properties":{},"geometry":{"type":"LineString","coordinates":[[85.3300732584774,27.70569356177952],[85.33008664119271,27.705676248974257]]}},{"type":"Feature","properties":{},"geometry":{"type":"LineString","coordinates":[[85.33036563242327,27.705710099798445],[85.33041152750624,27.705694436365782]]}},{"type":"Feature","properties":{},"geometry":{"type":"LineString","coordinates":[[85.3303694145368,27.705708193203744],[85.33043010401448,27.70567221041672]]}},{"type":"Feature","properties":{},"geometry":{"type":"LineString","coordinates":[[85.33004904588033,27.7056776212825],[85.33002250931466,27.70570454277853]]}},{"type":"Feature","properties":{},"geometry":{"type":"LineString","coordinates":[[85.33003884114243,27.705669639676373],[85.33001279085055,27.705695261048547]]}},{"type":"Feature","properties":{},"geometry":{"type":"LineString","coordinates":[[85.33003614432705,27.70566760167746],[85.33000939458748,27.705693871666444]]}},{"type":"Feature","properties":{},"geometry":{"type":"LineString","coordinates":[[85.33003255861513,27.705665401326424],[85.3300064230159,27.705692562319474]]}},{"type":"Feature","properties":{},"geometry":{"type":"LineString","coordinates":[[85.32999913080411,27.705640428851424],[85.32996177342227,27.70566626218358]]}},{"type":"Feature","properties":{},"geometry":{"type":"LineString","coordinates":[[85.32997347844956,27.70562261081828],[85.32993594436775,27.705646929339487]]}},{"type":"Feature","properties":{},"geometry":{"type":"LineString","coordinates":[[85.32993815338266,27.705602296058945],[85.32991420784867,27.70562694819717]]}},{"type":"Feature","properties":{},"geometry":{"type":"LineString","coordinates":[[85.32991307613686,27.70558194066796],[85.32988358773216,27.70559939939848]]}},{"type":"Feature","properties":{},"geometry":{"type":"LineString","coordinates":[[85.3299101791785,27.705579061783908],[85.32987984289238,27.705596794586853]]}},{"type":"Feature","properties":{},"geometry":{"type":"LineString","coordinates":[[85.32968843464889,27.70541061235904],[85.32969100573463,27.70539926765561]]}},{"type":"Feature","properties":{},"geometry":{"type":"LineString","coordinates":[[85.3296936833497,27.705412218149338],[85.32970093664147,27.705401789170555]]}},{"type":"Feature","properties":{},"geometry":{"type":"LineString","coordinates":[[85.32970099803224,27.705415733391042],[85.32968502513167,27.70544690784063]]}},{"type":"Feature","properties":{},"geometry":{"type":"LineString","coordinates":[[85.32971759155998,27.705426497952764],[85.32970277411412,27.705453916399467]]}},{"type":"Feature","properties":{},"geometry":{"type":"LineString","coordinates":[[85.32973761721945,27.705435431136504],[85.32975669056549,27.705427394833045]]}},{"type":"Feature","properties":{},"geometry":{"type":"LineString","coordinates":[[85.32962256436016,27.705381414294056],[85.32960379994076,27.70540618305239]]}},{"type":"Feature","properties":{},"geometry":{"type":"LineString","coordinates":[[85.32951130456713,27.705312931048482],[85.32952363022444,27.705302835861612]]}},{"type":"Feature","properties":{},"geometry":{"type":"LineString","coordinates":[[85.32948294324306,27.70529042308432],[85.32949588904606,27.705283420296247]]}},{"type":"Feature","properties":{},"geometry":{"type":"LineString","coordinates":[[85.32937068496047,27.705201227720508],[85.32938082211722,27.70519313867374]]}},{"type":"Feature","properties":{},"geometry":{"type":"LineString","coordinates":[[85.32928995910325,27.705140196016156],[85.3292947172831,27.705130467106454]]}},{"type":"Feature","properties":{},"geometry":{"type":"LineString","coordinates":[[85.32927521135879,27.70513468305171],[85.32928196849436,27.705127934116703]]}},{"type":"Feature","properties":{},"geometry":{"type":"LineString","coordinates":[[85.3299794992346,27.70562752202222],[85.32995233470072,27.705656457638497]]}},{"type":"Feature","properties":{},"geometry":{"type":"LineString","coordinates":[[85.3299843916357,27.705632681351688],[85.32999724707632,27.705615765633247]]}},{"type":"Feature","properties":{},"geometry":{"type":"LineString","coordinates":[[85.3307014843872,27.707018164237194],[85.33074775388478,27.707003785944096]]}},{"type":"Feature","properties":{},"geometry":{"type":"LineString","coordinates":[[85.33059437661315,27.70680077788441],[85.3305789744806,27.70680752099564]]}},{"type":"Feature","properties":{},"geometry":{"type":"LineString","coordinates":[[85.33055260921209,27.706705227602324],[85.33059362769224,27.706685320187958]]}},{"type":"Feature","properties":{},"geometry":{"type":"LineString","coordinates":[[85.33052247015799,27.706637462636557],[85.33056039923008,27.706617721043553]]}},{"type":"Feature","properties":{},"geometry":{"type":"LineString","coordinates":[[85.33050983026328,27.70661504339839],[85.33049184341974,27.70662463987324]]}},{"type":"Feature","properties":{},"geometry":{"type":"LineString","coordinates":[[85.33049700758447,27.70660256443526],[85.33053570008776,27.706583699406206]]}},{"type":"Feature","properties":{},"geometry":{"type":"LineString","coordinates":[[85.33046044735539,27.70654326283232],[85.33049126906872,27.706526828214695]]}},{"type":"Feature","properties":{},"geometry":{"type":"LineString","coordinates":[[85.33043110688382,27.706515297258953],[85.33038781674696,27.706549533171476]]}},{"type":"Feature","properties":{},"geometry":{"type":"LineString","coordinates":[[85.33039791137264,27.70648536906934],[85.33042479309185,27.706452370294546]]}},{"type":"Feature","properties":{},"geometry":{"type":"LineString","coordinates":[[85.3300736584586,27.706586440303294],[85.33005040350606,27.70660022687742]]}},{"type":"Feature","properties":{},"geometry":{"type":"LineString","coordinates":[[85.330076778613,27.70658432085334],[85.33004887761521,27.70659860915175]]}},{"type":"Feature","properties":{},"geometry":{"type":"LineString","coordinates":[[85.33007992850136,27.706582446352808],[85.33004762575074,27.70659697668106]]}},{"type":"Feature","properties":{},"geometry":{"type":"LineString","coordinates":[[85.33008218474099,27.7065807876109],[85.33004655311045,27.70659802513789]]}},{"type":"Feature","properties":{},"geometry":{"type":"LineString","coordinates":[[85.33027403844731,27.706422709133413],[85.33030725264454,27.706383281194828]]}},{"type":"Feature","properties":{},"geometry":{"type":"LineString","coordinates":[[85.3301878846951,27.7063281278744],[85.3302301741099,27.706302535396347]]}},{"type":"Feature","properties":{},"geometry":{"type":"LineString","coordinates":[[85.33012852368503,27.7062227151837],[85.33003040729,27.706234391924397],[85.32991739996481,27.70629694793347],[85.32992973878416,27.706314156784202]]}},{"type":"Feature","properties":{},"geometry":{"type":"LineString","coordinates":[[85.33012662863798,27.706220367356135],[85.33003040729,27.706234391924397],[85.32991557240338,27.70629795930208],[85.32992700224597,27.706315058808173]]}},{"type":"Feature","properties":{},"geometry":{"type":"LineString","coordinates":[[85.33012575119383,27.70621805436834],[85.33003040729,27.706234391924397],[85.32991307599791,27.70629934076888],[85.32992460726872,27.706315906287383]]}},{"type":"Feature","properties":{},"geometry":{"type":"LineString","coordinates":[[85.33012392661986,27.706216139711902],[85.33003040729,27.706234391924397],[85.32991013061809,27.706300971337452],[85.32992163225241,27.7063166862975]]}},{"type":"Feature","properties":{},"geometry":{"type":"LineString","coordinates":[[85.33008688410904,27.70616648676652],[85.33002450609412,27.706193861263234]]}},{"type":"Feature","properties":{},"geometry":{"type":"LineString","coordinates":[[85.32949542911948,27.705429497711243],[85.3294811649206,27.705441565036054]]}},{"type":"Feature","properties":{},"geometry":{"type":"LineString","coordinates":[[85.32949157986849,27.705426292336966],[85.32947870047957,27.705440316853736]]}},{"type":"Feature","properties":{},"geometry":{"type":"LineString","coordinates":[[85.32925665727782,27.705193564332788],[85.3292464686334,27.705204033672764]]}},{"type":"Feature","properties":{},"geometry":{"type":"LineString","coordinates":[[85.32925485159107,27.705191343929524],[85.32924399577891,27.705201674347204]]}},{"type":"Feature","properties":{},"geometry":{"type":"LineString","coordinates":[[85.32925262740176,27.705189169920324],[85.32924215808093,27.7051995582531]]}},{"type":"Feature","properties":{},"geometry":{"type":"LineString","coordinates":[[85.32902254825724,27.705056641410906],[85.32901224725842,27.705071754796283]]}},{"type":"Feature","properties":{},"geometry":{"type":"LineString","coordinates":[[85.32884959569516,27.7050882177022],[85.32885221212138,27.705095461556933]]}},{"type":"Feature","properties":{},"geometry":{"type":"LineString","coordinates":[[85.32861053324744,27.70514891775558],[85.328615455049,27.705157731003446]]}},{"type":"Feature","properties":{},"geometry":{"type":"LineString","coordinates":[[85.32855440107046,27.705167114986676],[85.3285597806399,27.70517723072637]]}},{"type":"Feature","properties":{},"geometry":{"type":"LineString","coordinates":[[85.32851804224379,27.705176659049407],[85.32852072602758,27.70518693357912]]}},{"type":"Feature","properties":{},"geometry":{"type":"LineString","coordinates":[[85.3284806834372,27.70518687515923],[85.32848281112783,27.705195844206976]]}},{"type":"Feature","properties":{},"geometry":{"type":"LineString","coordinates":[[85.328445055159,27.705196124767543],[85.32844608640616,27.70520278088146]]}},{"type":"Feature","properties":{},"geometry":{"type":"LineString","coordinates":[[85.32830209075334,27.705237179125888],[85.32830709549961,27.705245006899958]]}},{"type":"Feature","properties":{},"geometry":{"type":"LineString","coordinates":[[85.32814998114328,27.705283836012693],[85.32815341186794,27.705289746721647]]}},{"type":"Feature","properties":{},"geometry":{"type":"LineString","coordinates":[[85.3281170063334,27.705291974053196],[85.32812070021811,27.705300178609715]]}},{"type":"Feature","properties":{},"geometry":{"type":"LineString","coordinates":[[85.32804035282855,27.7053167879976],[85.32804224529963,27.70532435525947]]}},{"type":"Feature","properties":{},"geometry":{"type":"LineString","coordinates":[[85.32802951142969,27.705320778085994],[85.32803166125387,27.705328891790703]]}},{"type":"Feature","properties":{},"geometry":{"type":"LineString","coordinates":[[85.32802567398875,27.70532172273338],[85.32802898376812,27.705329113969146]]}},{"type":"Feature","properties":{},"geometry":{"type":"LineString","coordinates":[[85.32799819329678,27.705329999310027],[85.3279982529386,27.705336529066827]]}},{"type":"Feature","properties":{},"geometry":{"type":"LineString","coordinates":[[85.32791829880996,27.705351286590012],[85.32792817864654,27.70535874996984]]}},{"type":"Feature","properties":{},"geometry":{"type":"LineString","coordinates":[[85.3278872658742,27.70535929369535],[85.32789354630889,27.70536811796361]]}},{"type":"Feature","properties":{},"geometry":{"type":"LineString","coordinates":[[85.32785719968358,27.70536980531073],[85.32785999927941,27.70537800087581]]}},{"type":"Feature","properties":{},"geometry":{"type":"LineString","coordinates":[[85.32778712860345,27.70539001710638],[85.32779402012973,27.705400263054656]]}},{"type":"Feature","properties":{},"geometry":{"type":"LineString","coordinates":[[85.32776262050048,27.70539687192913],[85.3277640026662,27.70540917411669]]}},{"type":"Feature","properties":{},"geometry":{"type":"LineString","coordinates":[[85.32768673588846,27.705484828226997],[85.32769529079434,27.705476702142573]]}},{"type":"Feature","properties":{},"geometry":{"type":"LineString","coordinates":[[85.32772613158043,27.705523453987364],[85.3277404529255,27.705511442596066]]}},{"type":"Feature","properties":{},"geometry":{"type":"LineString","coordinates":[[85.32772698748816,27.705525313649293],[85.32774194651502,27.705513047319954]]}},{"type":"Feature","properties":{},"geometry":{"type":"LineString","coordinates":[[85.32785388359115,27.705653425420767],[85.3278836621498,27.705631324319242]]}},{"type":"Feature","properties":{},"geometry":{"type":"LineString","coordinates":[[85.32795933645713,27.705765174796245],[85.32798954058313,27.705749414703686]]}},{"type":"Feature","properties":{},"geometry":{"type":"LineString","coordinates":[[85.32801510024969,27.705820575301146],[85.3280288491203,27.705811659025123]]}},{"type":"Feature","properties":{},"geometry":{"type":"LineString","coordinates":[[85.32812566312754,27.705945441645373],[85.3281487448618,27.705930251647057]]}},{"type":"Feature","properties":{},"geometry":{"type":"LineString","coordinates":[[85.32852655011457,27.70593704713489],[85.32860825782808,27.705912451004362],[85.32860239582027,27.70589240321075]]}},{"type":"Feature","properties":{},"geometry":{"type":"LineString","coordinates":[[85.32852572252733,27.705935590356148],[85.32861522439077,27.705909665017764],[85.32860863784963,27.705894438916452]]}},{"type":"Feature","properties":{},"geometry":{"type":"LineString","coordinates":[[85.32852461077962,27.705933416230124],[85.32863441718452,27.70590404824504],[85.32864823137959,27.70592184633076]]}},{"type":"Feature","properties":{},"geometry":{"type":"LineString","coordinates":[[85.3285235977464,27.70593128571588],[85.32872452296503,27.705874092123207],[85.32875046229069,27.705891767634732]]}},{"type":"Feature","properties":{},"geometry":{"type":"LineString","coordinates":[[85.32852250812456,27.70592845841182],[85.32876532707753,27.70585480903026]]}},{"type":"Feature","properties":{},"geometry":{"type":"LineString","coordinates":[[85.32847884830998,27.705830662634483],[85.32844887743781,27.70583983885206]]}},{"type":"Feature","properties":{},"geometry":{"type":"LineString","coordinates":[[85.32838847631125,27.705627969030697],[85.32836387032353,27.705637185649543]]}},{"type":"Feature","properties":{},"geometry":{"type":"LineString","coordinates":[[85.32838580738503,27.705608538322497],[85.32839313901049,27.70560781366343]]}},{"type":"Feature","properties":{},"geometry":{"type":"LineString","coordinates":[[85.3283834015033,27.70559140958218],[85.32836745293984,27.705583245674934]]}},{"type":"Feature","properties":{},"geometry":{"type":"LineString","coordinates":[[85.32844740287527,27.705546486416484],[85.32843994959529,27.70552552317013]]}},{"type":"Feature","properties":{},"geometry":{"type":"LineString","coordinates":[[85.32851010350853,27.70553194083966],[85.32851264850731,27.705536285753674]]}},{"type":"Feature","properties":{},"geometry":{"type":"LineString","coordinates":[[85.32848513785008,27.705960098172017],[85.32849286149084,27.70597989227]]}},{"type":"Feature","properties":{},"geometry":{"type":"LineString","coordinates":[[85.32833495833675,27.706007802927825],[85.32833195060057,27.705990308607362]]}},{"type":"Feature","properties":{},"geometry":{"type":"LineString","coordinates":[[85.32832991094024,27.706009754655764],[85.32832631635254,27.70599164222262]]}},{"type":"Feature","properties":{},"geometry":{"type":"LineString","coordinates":[[85.32810287605133,27.705705537975806],[85.32810563315195,27.705711268163032]]}},{"type":"Feature","properties":{},"geometry":{"type":"LineString","coordinates":[[85.32813260854977,27.70569596634513],[85.32814295753886,27.705672596195]]}},{"type":"Feature","properties":{},"geometry":{"type":"LineString","coordinates":[[85.32812957449832,27.70569722666223],[85.32812132418034,27.705636825939894]]}},{"type":"Feature","properties":{},"geometry":{"type":"LineString","coordinates":[[85.32883117432117,27.70519147433405],[85.32884646244977,27.70518302060846]]}},{"type":"Feature","properties":{},"geometry":{"type":"LineString","coordinates":[[85.32887363633687,27.7052703913772],[85.32888997010427,27.70526405862462]]}},{"type":"Feature","properties":{},"geometry":{"type":"LineString","coordinates":[[85.3288705977435,27.70525984090268],[85.32884572188875,27.70527253367933]]}},{"type":"Feature","properties":{},"geometry":{"type":"LineString","coordinates":[[85.32890166180921,27.70532258023829],[85.32886516796489,27.705337056093192]]}},{"type":"Feature","properties":{},"geometry":{"type":"LineString","coordinates":[[85.32892045181124,27.70536714117581],[85.32889084525083,27.705378440175046]]}},{"type":"Feature","properties":{},"geometry":{"type":"LineString","coordinates":[[85.32895647087363,27.705454088913722],[85.3289552946475,27.705472315225858]]}},{"type":"Feature","properties":{},"geometry":{"type":"LineString","coordinates":[[85.32892154769718,27.705456792845535],[85.3289235918273,27.705472245691855]]}},{"type":"Feature","properties":{},"geometry":{"type":"LineString","coordinates":[[85.32884951524336,27.70546218512094],[85.32884860771154,27.70547049837199]]}},{"type":"Feature","properties":{},"geometry":{"type":"LineString","coordinates":[[85.3287473040767,27.705462653324407],[85.32873804231642,27.70543911765485]]}},{"type":"Feature","properties":{},"geometry":{"type":"LineString","coordinates":[[85.3287279658805,27.70546909960764],[85.32873238515592,27.70548387263168]]}},{"type":"Feature","properties":{},"geometry":{"type":"LineString","coordinates":[[85.32868513051841,27.70547961427763],[85.32867223162013,27.705445479382135]]}},{"type":"Feature","properties":{},"geometry":{"type":"LineString","coordinates":[[85.32902151597365,27.705429757989744],[85.3290245307812,27.705440406551997]]}},{"type":"Feature","properties":{},"geometry":{"type":"LineString","coordinates":[[85.32904584262519,27.705421231035913],[85.32902521453232,27.705388217699074]]}},{"type":"Feature","properties":{},"geometry":{"type":"LineString","coordinates":[[85.32911142424189,27.70539882265596],[85.32910966369687,27.705408413550106]]}},{"type":"Feature","properties":{},"geometry":{"type":"LineString","coordinates":[[85.32910130027179,27.70540185124926],[85.3290856515813,27.70536628695266]]}},{"type":"Feature","properties":{},"geometry":{"type":"LineString","coordinates":[[85.32919971702468,27.705364960652886],[85.32917944763216,27.70532963392167]]}},{"type":"Feature","properties":{},"geometry":{"type":"LineString","coordinates":[[85.32921547490064,27.70536174914514],[85.32921767185363,27.70536750775043]]}},{"type":"Feature","properties":{},"geometry":{"type":"LineString","coordinates":[[85.3292835541097,27.70533574619069],[85.32928538147254,27.705349855229517]]}},{"type":"Feature","properties":{},"geometry":{"type":"LineString","coordinates":[[85.33064311013902,27.707269832816184],[85.3306293468798,27.70723713444688]]}},{"type":"Feature","properties":{},"geometry":{"type":"LineString","coordinates":[[85.3306852256783,27.70725900923113],[85.3306857160838,27.70727508864143]]}},{"type":"Feature","properties":{},"geometry":{"type":"LineString","coordinates":[[85.33096308873905,27.70731448940175],[85.33095746511465,27.707321984051184]]}},{"type":"Feature","properties":{},"geometry":{"type":"LineString","coordinates":[[85.3311589167053,27.707497806241253],[85.33114872461613,27.707510697214982]]}},{"type":"Feature","properties":{},"geometry":{"type":"LineString","coordinates":[[85.33123116047484,27.7075826874154],[85.3312559640194,27.707561504874736]]}},{"type":"Feature","properties":{},"geometry":{"type":"LineString","coordinates":[[85.3311950574479,27.707324401073677],[85.33121305787506,27.707302855825045]]}},{"type":"Feature","properties":{},"geometry":{"type":"LineString","coordinates":[[85.33115717169774,27.707300711788626],[85.33117208209549,27.707281838742865]]}},{"type":"Feature","properties":{},"geometry":{"type":"LineString","coordinates":[[85.33099387718549,27.707242357970266],[85.33106132469402,27.707191686203327]]}},{"type":"Feature","properties":{},"geometry":{"type":"LineString","coordinates":[[85.33094484207872,27.707216906896758],[85.33103143331859,27.707191097448217]]}},{"type":"Feature","properties":{},"geometry":{"type":"LineString","coordinates":[[85.33092485150044,27.707202910096363],[85.33094435352558,27.707185714323263]]}},{"type":"Feature","properties":{},"geometry":{"type":"LineString","coordinates":[[85.33187692361615,27.70789958180005],[85.331865510474,27.707832031042322]]}},{"type":"Feature","properties":{},"geometry":{"type":"LineString","coordinates":[[85.33186721355246,27.70789892324902],[85.33184805579786,27.707837970655408]]}},{"type":"Feature","properties":{},"geometry":{"type":"LineString","coordinates":[[85.33175311135726,27.707917483595782],[85.33175688739715,27.70792604375583]]}},{"type":"Feature","properties":{},"geometry":{"type":"LineString","coordinates":[[85.33171495952166,27.707932120709312],[85.33169421515848,27.707895003350693]]}},{"type":"Feature","properties":{},"geometry":{"type":"LineString","coordinates":[[85.33188000990806,27.707900088320194],[85.33190272362589,27.707913282046018]]}},{"type":"Feature","properties":{},"geometry":{"type":"LineString","coordinates":[[85.33188927823443,27.707900386844912],[85.33195328059891,27.70793618789448],[85.33197596324253,27.707923829160794]]}},{"type":"Feature","properties":{},"geometry":{"type":"LineString","coordinates":[[85.33188650610204,27.707900360657067],[85.33194671085369,27.707869627843156]]}},{"type":"Feature","properties":{},"geometry":{"type":"LineString","coordinates":[[85.33188299137764,27.707900352596337],[85.33194493049969,27.707855137620093]]}},{"type":"Feature","properties":{},"geometry":{"type":"LineString","coordinates":[[85.33155398964169,27.70800601087046],[85.33151801653527,27.7080273449308]]}},{"type":"Feature","properties":{},"geometry":{"type":"LineString","coordinates":[[85.33229500349852,27.707595454076927],[85.33231486938075,27.70760459798076]]}},{"type":"Feature","properties":{},"geometry":{"type":"LineString","coordinates":[[85.33225072104358,27.707589531413586],[85.33224984257009,27.70759481608655]]}},{"type":"Feature","properties":{},"geometry":{"type":"LineString","coordinates":[[85.33197444843243,27.707551263813247],[85.33197512784479,27.707565063857334]]}},{"type":"Feature","properties":{},"geometry":{"type":"LineString","coordinates":[[85.3319472438608,27.707551969394753],[85.33194837149212,27.707562303635523]]}},{"type":"Feature","properties":{},"geometry":{"type":"LineString","coordinates":[[85.3319338773036,27.707549958991184],[85.33193745233255,27.70752393915639]]}},{"type":"Feature","properties":{},"geometry":{"type":"LineString","coordinates":[[85.33142160565534,27.707780257050302],[85.33137055818712,27.70779059230356]]}},{"type":"Feature","properties":{},"geometry":{"type":"LineString","coordinates":[[85.33140367977586,27.707904382447953],[85.33139714336909,27.70789402542187]]}},{"type":"Feature","properties":{},"geometry":{"type":"LineString","coordinates":[[85.33137171722464,27.70792586229297],[85.3313870804865,27.707949200592612]]}},{"type":"Feature","properties":{},"geometry":{"type":"LineString","coordinates":[[85.33133127246866,27.707943231652564],[85.33134652718073,27.707965039729597]]}},{"type":"Feature","properties":{},"geometry":{"type":"LineString","coordinates":[[85.33116552260118,27.707982496999776],[85.33109683047202,27.70778286068548]]}},{"type":"Feature","properties":{},"geometry":{"type":"LineString","coordinates":[[85.3311662242366,27.707984037084998],[85.33112283371104,27.70777314056925]]}},{"type":"Feature","properties":{},"geometry":{"type":"LineString","coordinates":[[85.33116645794237,27.707985139207505],[85.3311385237772,27.707817576309992]]}},{"type":"Feature","properties":{},"geometry":{"type":"LineString","coordinates":[[85.33116710984639,27.707986548726055],[85.33115891933171,27.70790264738947]]}},{"type":"Feature","properties":{},"geometry":{"type":"LineString","coordinates":[[85.33117101023427,27.70799886229644],[85.33102489130827,27.70805456671322]]}},{"type":"Feature","properties":{},"geometry":{"type":"LineString","coordinates":[[85.33117039927225,27.707997028170922],[85.33109130129559,27.708006200188414]]}},{"type":"Feature","properties":{},"geometry":{"type":"LineString","coordinates":[[85.33117026608069,27.707996651104658],[85.33099454735297,27.70802420371067]]}},{"type":"Feature","properties":{},"geometry":{"type":"LineString","coordinates":[[85.33117020111932,27.70799525588309],[85.33100022588869,27.708018100551666]]}},{"type":"Feature","properties":{},"geometry":{"type":"LineString","coordinates":[[85.3315253763507,27.708319587005697],[85.33153668016976,27.708338999908328]]}},{"type":"Feature","properties":{},"geometry":{"type":"LineString","coordinates":[[85.3314905455009,27.708336024053693],[85.33150245452114,27.708358715994923]]}},{"type":"Feature","properties":{},"geometry":{"type":"LineString","coordinates":[[85.33130505017576,27.708400503410818],[85.3313036220196,27.708389729613323]]}},{"type":"Feature","properties":{},"geometry":{"type":"LineString","coordinates":[[85.33100707905653,27.70843706521189],[85.33099061388702,27.70840877122674]]}},{"type":"Feature","properties":{},"geometry":{"type":"LineString","coordinates":[[85.33098985211025,27.70843989366355],[85.33094964773903,27.70843179677131]]}},{"type":"Feature","properties":{},"geometry":{"type":"LineString","coordinates":[[85.33099281212442,27.70843936977528],[85.33090710490492,27.708276148233065],[85.33088989366483,27.708280144760824]]}},{"type":"Feature","properties":{},"geometry":{"type":"LineString","coordinates":[[85.33099611406821,27.70843863430076],[85.33090612164601,27.708259267735684]]}},{"type":"Feature","properties":{},"geometry":{"type":"LineString","coordinates":[[85.33156925699892,27.708025791951364],[85.33159020791194,27.70801934576757]]}},{"type":"Feature","properties":{},"geometry":{"type":"LineString","coordinates":[[85.33163021164088,27.70812459225339],[85.33164305588616,27.70812054570284]]}},{"type":"Feature","properties":{},"geometry":{"type":"LineString","coordinates":[[85.3316785163203,27.70824720003408],[85.33170328224483,27.7082340929739]]}},{"type":"Feature","properties":{},"geometry":{"type":"LineString","coordinates":[[85.3318123516022,27.708448621245434],[85.33181476056143,27.708456454621526]]}},{"type":"Feature","properties":{},"geometry":{"type":"LineString","coordinates":[[85.33182723750025,27.70844162628814],[85.33180896258587,27.708419222279876]]}},{"type":"Feature","properties":{},"geometry":{"type":"LineString","coordinates":[[85.33188499783174,27.708399612874317],[85.33189774573432,27.708416563850317]]}},{"type":"Feature","properties":{},"geometry":{"type":"LineString","coordinates":[[85.33185406536562,27.708319061221573],[85.33189552282197,27.708304054154514]]}},{"type":"Feature","properties":{},"geometry":{"type":"LineString","coordinates":[[85.33183903868905,27.70828545511386],[85.33186574223437,27.708249306730483]]}},{"type":"Feature","properties":{},"geometry":{"type":"LineString","coordinates":[[85.331837803025,27.708283954625703],[85.33186108721561,27.708248527687513]]}},{"type":"Feature","properties":{},"geometry":{"type":"LineString","coordinates":[[85.331837256132,27.708279508394913],[85.33183385442585,27.708248743719363]]}},{"type":"Feature","properties":{},"geometry":{"type":"LineString","coordinates":[[85.33241062519545,27.708424339589342],[85.33240381944927,27.70839907917514]]}},{"type":"Feature","properties":{},"geometry":{"type":"LineString","coordinates":[[85.33251369711303,27.7083907348138],[85.33251286065779,27.708386589255635]]}},{"type":"Feature","properties":{},"geometry":{"type":"LineString","coordinates":[[85.33254693328207,27.708378857828695],[85.33254690540589,27.70837475630838]]}},{"type":"Feature","properties":{},"geometry":{"type":"LineString","coordinates":[[85.33255009620613,27.70837732730098],[85.33254727063422,27.708375279674126]]}},{"type":"Feature","properties":{},"geometry":{"type":"LineString","coordinates":[[85.33259301594019,27.708363853018813],[85.33258862225694,27.708359559010567]]}},{"type":"Feature","properties":{},"geometry":{"type":"LineString","coordinates":[[85.33259342160206,27.708363251392395],[85.33258859033043,27.70835852430434]]}},{"type":"Feature","properties":{},"geometry":{"type":"LineString","coordinates":[[85.33262095492142,27.708351478076466],[85.33260958573474,27.7083311492838]]}},{"type":"Feature","properties":{},"geometry":{"type":"LineString","coordinates":[[85.33311683032771,27.70820600733909],[85.33311403805746,27.70819976778183]]}},{"type":"Feature","properties":{},"geometry":{"type":"LineString","coordinates":[[85.33322927312568,27.708174535674196],[85.33322775997561,27.708168539867025]]}},{"type":"Feature","properties":{},"geometry":{"type":"LineString","coordinates":[[85.33294160760234,27.70817326364746],[85.33298912266382,27.70815995108438]]}},{"type":"Feature","properties":{},"geometry":{"type":"LineString","coordinates":[[85.33293206701961,27.708159722414344],[85.33297967337079,27.708141739357366]]}},{"type":"Feature","properties":{},"geometry":{"type":"LineString","coordinates":[[85.33293013051895,27.708157160219336],[85.33297753639343,27.708139623315642]]}},{"type":"Feature","properties":{},"geometry":{"type":"LineString","coordinates":[[85.33265017618213,27.708213774312913],[85.33264306241554,27.70821163261242]]}},{"type":"Feature","properties":{},"geometry":{"type":"LineString","coordinates":[[85.33264641392293,27.70821630577125],[85.33262427320234,27.708223237795416]]}},{"type":"Feature","properties":{},"geometry":{"type":"LineString","coordinates":[[85.33288127341531,27.70806425630307],[85.33287025492875,27.708065612799206]]}},{"type":"Feature","properties":{},"geometry":{"type":"LineString","coordinates":[[85.33284007955464,27.70798871495713],[85.33268764106191,27.70803118316259]]}},{"type":"Feature","properties":{},"geometry":{"type":"LineString","coordinates":[[85.33283731617716,27.707985445130735],[85.33268441092187,27.708028998893102]]}},{"type":"Feature","properties":{},"geometry":{"type":"LineString","coordinates":[[85.33283475693703,27.707982221987983],[85.33268572152114,27.70802557235651]]}},{"type":"Feature","properties":{},"geometry":{"type":"LineString","coordinates":[[85.33274952342262,27.70785390789509],[85.3327721033405,27.707834359885442]]}},{"type":"Feature","properties":{},"geometry":{"type":"LineString","coordinates":[[85.33274789374593,27.70784664079261],[85.33272991287518,27.707848507292194]]}},{"type":"Feature","properties":{},"geometry":{"type":"LineString","coordinates":[[85.33271609024123,27.707752113670992],[85.33269488608812,27.707742477156682]]}},{"type":"Feature","properties":{},"geometry":{"type":"LineString","coordinates":[[85.33270971601466,27.70770300859526],[85.332715329583,27.707684832076904]]}},{"type":"Feature","properties":{},"geometry":{"type":"LineString","coordinates":[[85.33274121803166,27.70768411771259],[85.33278042002,27.707674497594567]]}},{"type":"Feature","properties":{},"geometry":{"type":"LineString","coordinates":[[85.33264764720181,27.707682690953202],[85.33264035222642,27.707696135003324]]}},{"type":"Feature","properties":{},"geometry":{"type":"LineString","coordinates":[[85.33268406573953,27.70755542159123],[85.33267481038324,27.70754640284324]]}},{"type":"Feature","properties":{},"geometry":{"type":"LineString","coordinates":[[85.33268659374475,27.70754902769491],[85.33270388827462,27.70742904168738]]}},{"type":"Feature","properties":{},"geometry":{"type":"LineString","coordinates":[[85.33170508196486,27.708548478864074],[85.33169473873622,27.708526181271868]]}},{"type":"Feature","properties":{},"geometry":{"type":"LineString","coordinates":[[85.33157352143425,27.708599686816292],[85.33157335360029,27.70857759580594]]}},{"type":"Feature","properties":{},"geometry":{"type":"LineString","coordinates":[[85.33157107696165,27.708599119431504],[85.33156436504616,27.708581299825845]]}},{"type":"Feature","properties":{},"geometry":{"type":"LineString","coordinates":[[85.33150595850668,27.7086211148214],[85.33149673668744,27.708606361603316]]}},{"type":"Feature","properties":{},"geometry":{"type":"LineString","coordinates":[[85.33132296781491,27.708694436865873],[85.33131224667737,27.70867491905536]]}},{"type":"Feature","properties":{},"geometry":{"type":"LineString","coordinates":[[85.33128662104178,27.70870745567909],[85.33127408687307,27.708688859171584]]}},{"type":"Feature","properties":{},"geometry":{"type":"LineString","coordinates":[[85.33118840058401,27.708742217314654],[85.3311843696928,27.70872515115363]]}},{"type":"Feature","properties":{},"geometry":{"type":"LineString","coordinates":[[85.33115668034901,27.70875222230442],[85.3311512454102,27.70873585764302]]}},{"type":"Feature","properties":{},"geometry":{"type":"LineString","coordinates":[[85.33115273345166,27.708753289364697],[85.3311481621254,27.70873648474385]]}},{"type":"Feature","properties":{},"geometry":{"type":"LineString","coordinates":[[85.33103994555961,27.708776578948484],[85.33103448312033,27.708759623684447]]}},{"type":"Feature","properties":{},"geometry":{"type":"LineString","coordinates":[[85.33097554950501,27.708793874194058],[85.3309702593191,27.708774797307225]]}},{"type":"Feature","properties":{},"geometry":{"type":"LineString","coordinates":[[85.33093948450174,27.708803833962605],[85.33093570487482,27.708783454860754]]}},{"type":"Feature","properties":{},"geometry":{"type":"LineString","coordinates":[[85.33089519476522,27.708812951742864],[85.33089187834098,27.708792922096922]]}},{"type":"Feature","properties":{},"geometry":{"type":"LineString","coordinates":[[85.33087027625837,27.708818214562545],[85.33086671776356,27.708799098084153]]}},{"type":"Feature","properties":{},"geometry":{"type":"LineString","coordinates":[[85.33081599238717,27.708830273242512],[85.3308072375153,27.708787452731432]]}},{"type":"Feature","properties":{},"geometry":{"type":"LineString","coordinates":[[85.33073180051625,27.708848333278105],[85.33072645948607,27.708824605838377]]}},{"type":"Feature","properties":{},"geometry":{"type":"LineString","coordinates":[[85.33047546332013,27.708882209991913],[85.33046663623756,27.708858258180513]]}},{"type":"Feature","properties":{},"geometry":{"type":"LineString","coordinates":[[85.33032708414089,27.708906705098357],[85.33031975864309,27.708887902381974]]}},{"type":"Feature","properties":{},"geometry":{"type":"LineString","coordinates":[[85.33051449316966,27.70873249302827],[85.3304986716857,27.708741583104214]]}},{"type":"Feature","properties":{},"geometry":{"type":"LineString","coordinates":[[85.3305072888903,27.70870939113765],[85.33049512586622,27.708712714731018]]}},{"type":"Feature","properties":{},"geometry":{"type":"LineString","coordinates":[[85.3304276463021,27.708509957298816],[85.33046485486112,27.7085061433721]]}},{"type":"Feature","properties":{},"geometry":{"type":"LineString","coordinates":[[85.33040743101203,27.708459362965122],[85.33039323609391,27.708463264041125]]}},{"type":"Feature","properties":{},"geometry":{"type":"LineString","coordinates":[[85.3303441054582,27.70829742734345],[85.33037724870077,27.708273951110122]]}},{"type":"Feature","properties":{},"geometry":{"type":"LineString","coordinates":[[85.33018250872514,27.708795774270875],[85.33020403682102,27.708787467894883]]}},{"type":"Feature","properties":{},"geometry":{"type":"LineString","coordinates":[[85.33018201243038,27.708793070565388],[85.33020682449754,27.7087866080018]]}},{"type":"Feature","properties":{},"geometry":{"type":"LineString","coordinates":[[85.33016698013074,27.70875753367273],[85.33018398999347,27.708753981570652]]}},{"type":"Feature","properties":{},"geometry":{"type":"LineString","coordinates":[[85.330130696085,27.708662357196854],[85.33014814472173,27.70865742768756]]}},{"type":"Feature","properties":{},"geometry":{"type":"LineString","coordinates":[[85.33009528531197,27.70857176987771],[85.33010681547655,27.708568316840104]]}},{"type":"Feature","properties":{},"geometry":{"type":"LineString","coordinates":[[85.33009398691266,27.708568330845665],[85.3301049466756,27.708565308662664]]}},{"type":"Feature","properties":{},"geometry":{"type":"LineString","coordinates":[[85.33004423826004,27.708443029992665],[85.33005528628026,27.70843820739072]]}},{"type":"Feature","properties":{},"geometry":{"type":"LineString","coordinates":[[85.33004499297434,27.70896299199513],[85.3300424488946,27.708938737796537]]}},{"type":"Feature","properties":{},"geometry":{"type":"LineString","coordinates":[[85.32969089400216,27.708930625679457],[85.32971356021528,27.708923568705405]]}},{"type":"Feature","properties":{},"geometry":{"type":"LineString","coordinates":[[85.32963969414156,27.708812337134752],[85.32961051172857,27.70882529213558]]}},{"type":"Feature","properties":{},"geometry":{"type":"LineString","coordinates":[[85.32961490410351,27.708748261176247],[85.32962605373517,27.708744360436217]]}},{"type":"Feature","properties":{},"geometry":{"type":"LineString","coordinates":[[85.32957239832443,27.708635759975756],[85.32954198285701,27.70864398607141]]}},{"type":"Feature","properties":{},"geometry":{"type":"LineString","coordinates":[[85.32957177164643,27.708632296554185],[85.32953971167139,27.708640698655802]]}},{"type":"Feature","properties":{},"geometry":{"type":"LineString","coordinates":[[85.32945757649055,27.708370099864737],[85.3294404231914,27.708340406575296]]}},{"type":"Feature","properties":{},"geometry":{"type":"LineString","coordinates":[[85.32929821684067,27.708421237265892],[85.32929257894718,27.708411422592818]]}},{"type":"Feature","properties":{},"geometry":{"type":"LineString","coordinates":[[85.32923868431838,27.708440864827885],[85.32920467504485,27.708449881425267]]}},{"type":"Feature","properties":{},"geometry":{"type":"LineString","coordinates":[[85.32969815337951,27.70904029441422],[85.32968842817367,27.709018392238857]]}},{"type":"Feature","properties":{},"geometry":{"type":"LineString","coordinates":[[85.32966004984195,27.709050720228607],[85.3296499828808,27.709029683983342]]}},{"type":"Feature","properties":{},"geometry":{"type":"LineString","coordinates":[[85.32949086462263,27.709091542251116],[85.32948142539526,27.70906857760422]]}},{"type":"Feature","properties":{},"geometry":{"type":"LineString","coordinates":[[85.32940553232488,27.709107484763198],[85.32939362661914,27.70908965743123]]}},{"type":"Feature","properties":{},"geometry":{"type":"LineString","coordinates":[[85.32939654394974,27.709112434157255],[85.32938627213785,27.709091467625758]]}},{"type":"Feature","properties":{},"geometry":{"type":"LineString","coordinates":[[85.32938757041264,27.7091130821837],[85.32937464487027,27.70909403402847]]}},{"type":"Feature","properties":{},"geometry":{"type":"LineString","coordinates":[[85.32998083526584,27.70828035590505],[85.32993428382771,27.708297556396975]]}},{"type":"Feature","properties":{},"geometry":{"type":"LineString","coordinates":[[85.32971904950372,27.708167851543358],[85.32970913656894,27.708146760300266]]}},{"type":"Feature","properties":{},"geometry":{"type":"LineString","coordinates":[[85.32970701379439,27.708169810146416],[85.32970059041054,27.708147051584934]]}},{"type":"Feature","properties":{},"geometry":{"type":"LineString","coordinates":[[85.32962425224996,27.70818966119038],[85.3296251202725,27.708194057149534]]}},{"type":"Feature","properties":{},"geometry":{"type":"LineString","coordinates":[[85.32961947973297,27.708191071140163],[85.32962100712616,27.708194122136145]]}},{"type":"Feature","properties":{},"geometry":{"type":"LineString","coordinates":[[85.32913082937337,27.7070716963634],[85.32909503649978,27.707090045432853]]}},{"type":"Feature","properties":{},"geometry":{"type":"LineString","coordinates":[[85.32910859087927,27.707022561225365],[85.32912117334459,27.707021582217884]]}},{"type":"Feature","properties":{},"geometry":{"type":"LineString","coordinates":[[85.32895990409737,27.706791186811927],[85.32891876258577,27.70681967819056]]}},{"type":"Feature","properties":{},"geometry":{"type":"LineString","coordinates":[[85.3289721128742,27.706720439002027],[85.32898579755609,27.706739625418578]]}},{"type":"Feature","properties":{},"geometry":{"type":"LineString","coordinates":[[85.32909575773554,27.706651568913973],[85.32908742005957,27.706633462420676]]}},{"type":"Feature","properties":{},"geometry":{"type":"LineString","coordinates":[[85.32909764099172,27.70665056364428],[85.32909163250477,27.706629273096606]]}},{"type":"Feature","properties":{},"geometry":{"type":"LineString","coordinates":[[85.32910212856959,27.70664741827977],[85.32913707587166,27.706638963565524]]}},{"type":"Feature","properties":{},"geometry":{"type":"LineString","coordinates":[[85.32875950452477,27.706605346039478],[85.32877228270003,27.70659465078159]]}},{"type":"Feature","properties":{},"geometry":{"type":"LineString","coordinates":[[85.32980173443353,27.707773310922317],[85.32975760530869,27.70779447480067]]}},{"type":"Feature","properties":{},"geometry":{"type":"LineString","coordinates":[[85.32985149915363,27.707576440945918],[85.32984897239237,27.707567031170722]]}},{"type":"Feature","properties":{},"geometry":{"type":"LineString","coordinates":[[85.32996981959472,27.7075365931961],[85.32996577396273,27.707525036887056]]}},{"type":"Feature","properties":{},"geometry":{"type":"LineString","coordinates":[[85.33010408959285,27.707676450217516],[85.33009677810276,27.707696351661266]]}},{"type":"Feature","properties":{},"geometry":{"type":"LineString","coordinates":[[85.33010284964759,27.707673701437987],[85.33011311230312,27.707670634739074]]}},{"type":"Feature","properties":{},"geometry":{"type":"LineString","coordinates":[[85.33017422906778,27.707511257172897],[85.33017833027995,27.707523426977737]]}},{"type":"Feature","properties":{},"geometry":{"type":"LineString","coordinates":[[85.33023531674091,27.707487953811818],[85.33023271204625,27.707472738810377]]}},{"type":"Feature","properties":{},"geometry":{"type":"LineString","coordinates":[[85.33026118618623,27.707477230414145],[85.3302574733775,27.70746406075986]]}},{"type":"Feature","properties":{},"geometry":{"type":"LineString","coordinates":[[85.33035585261092,27.7074401900183],[85.33035201983327,27.70743170134297]]}},{"type":"Feature","properties":{},"geometry":{"type":"LineString","coordinates":[[85.33044399436926,27.70740987336829],[85.33047160246416,27.70742042592947]]}},{"type":"Feature","properties":{},"geometry":{"type":"LineString","coordinates":[[85.32967234187316,27.707428937165176],[85.32968458145821,27.70742484017691]]}},{"type":"Feature","properties":{},"geometry":{"type":"LineString","coordinates":[[85.32964981204898,27.707370947295136],[85.32966100553296,27.70736675465045]]}},{"type":"Feature","properties":{},"geometry":{"type":"LineString","coordinates":[[85.32962976153374,27.707321887374476],[85.3296437714983,27.70732272974191]]}},{"type":"Feature","properties":{},"geometry":{"type":"LineString","coordinates":[[85.32962828731421,27.707319606894423],[85.32964345513865,27.707319132877586]]}},{"type":"Feature","properties":{},"geometry":{"type":"LineString","coordinates":[[85.32976227920412,27.70716419564275],[85.3297553688156,27.70715736570525]]}},{"type":"Feature","properties":{},"geometry":{"type":"LineString","coordinates":[[85.32978914008024,27.70714190910648],[85.32977678185709,27.70713342585075]]}},{"type":"Feature","properties":{},"geometry":{"type":"LineString","coordinates":[[85.32988356740525,27.707037070282713],[85.32985633370298,27.707018725908785]]}},{"type":"Feature","properties":{},"geometry":{"type":"LineString","coordinates":[[85.32992877673915,27.70699736207707],[85.32992312030314,27.706988099564594]]}},{"type":"Feature","properties":{},"geometry":{"type":"LineString","coordinates":[[85.3299841641294,27.706971387090867],[85.33001837885641,27.706980606055133]]}},{"type":"Feature","properties":{},"geometry":{"type":"LineString","coordinates":[[85.32998647768336,27.706970759753244],[85.33001888924007,27.70696766966139]]}},{"type":"Feature","properties":{},"geometry":{"type":"LineString","coordinates":[[85.32957310701464,27.707174484449336],[85.32958577725783,27.70717074014733]]}},{"type":"Feature","properties":{},"geometry":{"type":"LineString","coordinates":[[85.32956010062412,27.707146044317202],[85.32951662223748,27.707167042690774]]}},{"type":"Feature","properties":{},"geometry":{"type":"LineString","coordinates":[[85.32955396212398,27.707131083597893],[85.32956664910067,27.707125308764684]]}},{"type":"Feature","properties":{},"geometry":{"type":"LineString","coordinates":[[85.32895013660733,27.706290467561896],[85.3289686981782,27.70630311702823]]}},{"type":"Feature","properties":{},"geometry":{"type":"LineString","coordinates":[[85.32895635703535,27.706288333216904],[85.3290215065039,27.70625286160724]]}},{"type":"Feature","properties":{},"geometry":{"type":"LineString","coordinates":[[85.3284907053615,27.706329878193582],[85.32842880364623,27.706363628796094]]}},{"type":"Feature","properties":{},"geometry":{"type":"LineString","coordinates":[[85.32840428631664,27.706242297349448],[85.32835473155029,27.706260581128]]}},{"type":"Feature","properties":{},"geometry":{"type":"LineString","coordinates":[[85.32828929933987,27.706121760559455],[85.32825620554377,27.70614280814451]]}},{"type":"Feature","properties":{},"geometry":{"type":"LineString","coordinates":[[85.32823805432558,27.706061814442798],[85.32820207817653,27.706083484259576]]}},{"type":"Feature","properties":{},"geometry":{"type":"LineString","coordinates":[[85.32823781874748,27.706060504707345],[85.32819880390643,27.706076089846274]]}},{"type":"Feature","properties":{},"geometry":{"type":"LineString","coordinates":[[85.32856345551714,27.706500365409912],[85.32855571766062,27.70649334220646]]}},{"type":"Feature","properties":{},"geometry":{"type":"LineString","coordinates":[[85.32854208832788,27.70652168823683],[85.3285350589298,27.706518615016666]]}},{"type":"Feature","properties":{},"geometry":{"type":"LineString","coordinates":[[85.32851269351929,27.70659544064443],[85.32850423838683,27.706594225702087]]}},{"type":"Feature","properties":{},"geometry":{"type":"LineString","coordinates":[[85.32851206226256,27.706598333812792],[85.32854939249974,27.706611577311605]]}},{"type":"Feature","properties":{},"geometry":{"type":"LineString","coordinates":[[85.32846443862286,27.706712708210976],[85.32847495556241,27.706738723913777]]}},{"type":"Feature","properties":{},"geometry":{"type":"LineString","coordinates":[[85.3284294375128,27.706723024963086],[85.32842192305085,27.70671132563832]]}},{"type":"Feature","properties":{},"geometry":{"type":"LineString","coordinates":[[85.32833180343572,27.706744200209823],[85.32833537407784,27.706763418877106]]}},{"type":"Feature","properties":{},"geometry":{"type":"LineString","coordinates":[[85.3282515774005,27.706762226346072],[85.32824740127393,27.706746871394806]]}},{"type":"Feature","properties":{},"geometry":{"type":"LineString","coordinates":[[85.32813757568917,27.706785814846313],[85.32814539421247,27.706813684305743]]}},{"type":"Feature","properties":{},"geometry":{"type":"LineString","coordinates":[[85.32813166223792,27.706785172108937],[85.3280084856794,27.70681277703817],[85.32801750482419,27.706843241392153]]}},{"type":"Feature","properties":{},"geometry":{"type":"LineString","coordinates":[[85.32806074536111,27.706631422930577],[85.32805786122569,27.706598177018925]]}},{"type":"Feature","properties":{},"geometry":{"type":"LineString","coordinates":[[85.32805892269242,27.706627656241558],[85.32800012673668,27.70657336355184]]}},{"type":"Feature","properties":{},"geometry":{"type":"LineString","coordinates":[[85.32858442145107,27.70685601602606],[85.3286341112892,27.706873259921398]]}},{"type":"Feature","properties":{},"geometry":{"type":"LineString","coordinates":[[85.32858391893757,27.706860176122287],[85.32862758948839,27.70687540414971]]}},{"type":"Feature","properties":{},"geometry":{"type":"LineString","coordinates":[[85.32852306063768,27.706921586221704],[85.32851382129061,27.706911078195304]]}},{"type":"Feature","properties":{},"geometry":{"type":"LineString","coordinates":[[85.32851862987044,27.706925327031918],[85.3285258847608,27.706956316997193]]}},{"type":"Feature","properties":{},"geometry":{"type":"LineString","coordinates":[[85.32840604089618,27.707006835807086],[85.32839783145108,27.70700367161196]]}},{"type":"Feature","properties":{},"geometry":{"type":"LineString","coordinates":[[85.32840352034299,27.707008867691226],[85.32839623236835,27.7070047940246]]}},{"type":"Feature","properties":{},"geometry":{"type":"LineString","coordinates":[[85.32951607779232,27.706905450409987],[85.32954638548031,27.706900872006933]]}},{"type":"Feature","properties":{},"geometry":{"type":"LineString","coordinates":[[85.3295155873939,27.70690256084835],[85.32954604615855,27.706898383195124]]}},{"type":"Feature","properties":{},"geometry":{"type":"LineString","coordinates":[[85.32949920550726,27.70682091624056],[85.32946598754438,27.706722985024]]}},{"type":"Feature","properties":{},"geometry":{"type":"LineString","coordinates":[[85.32949991367268,27.706823822871158],[85.32947555753877,27.70672384331794]]}},{"type":"Feature","properties":{},"geometry":{"type":"LineString","coordinates":[[85.32950047203605,27.706826311618883],[85.32947836751201,27.70673090176749]]}},{"type":"Feature","properties":{},"geometry":{"type":"LineString","coordinates":[[85.33019228109497,27.70490105670605],[85.33020725113943,27.70492087404959]]}},{"type":"Feature","properties":{},"geometry":{"type":"LineString","coordinates":[[85.32805238941536,27.705858770285655],[85.32801253624075,27.705889434956575]]}},{"type":"Feature","properties":{},"geometry":{"type":"LineString","coordinates":[[85.32804372102494,27.70585026375926],[85.32800662226029,27.705882312813188]]}},{"type":"Feature","properties":{},"geometry":{"type":"LineString","coordinates":[[85.32782990583857,27.70562210795619],[85.32779725038871,27.70564766444702]]}},{"type":"Feature","properties":{},"geometry":{"type":"LineString","coordinates":[[85.32769515413065,27.705490782955437],[85.32767484388036,27.705505840293853]]}},{"type":"Feature","properties":{},"geometry":{"type":"LineString","coordinates":[[85.3276628871438,27.705454565568104],[85.32763586528857,27.70546220860968]]}},{"type":"Feature","properties":{},"geometry":{"type":"LineString","coordinates":[[85.32919823958422,27.704989534821625],[85.32921520168196,27.70500944580743]]}},{"type":"Feature","properties":{},"geometry":{"type":"LineString","coordinates":[[85.32944548985728,27.704942354348614],[85.3294480551419,27.70495289097748]]}},{"type":"Feature","properties":{},"geometry":{"type":"LineString","coordinates":[[85.32945267721233,27.704939580909436],[85.32945706600495,27.70495003665402]]}},{"type":"Feature","properties":{},"geometry":{"type":"LineString","coordinates":[[85.32955238592128,27.704908777081712],[85.32955599292802,27.704914303594503]]}},{"type":"Feature","properties":{},"geometry":{"type":"LineString","coordinates":[[85.32958464606874,27.704897679634612],[85.3295891661703,27.704907038557753]]}},{"type":"Feature","properties":{},"geometry":{"type":"LineString","coordinates":[[85.3296018584597,27.704891644407695],[85.3296068024005,27.70490985974335]]}},{"type":"Feature","properties":{},"geometry":{"type":"LineString","coordinates":[[85.32967563456587,27.70487055036194],[85.3296786482972,27.704882404704836]]}},{"type":"Feature","properties":{},"geometry":{"type":"LineString","coordinates":[[85.32970555556686,27.70486049688863],[85.32971383948771,27.704876472683413]]}},{"type":"Feature","properties":{},"geometry":{"type":"LineString","coordinates":[[85.32970737843917,27.704859925006744],[85.32971467299836,27.70487634284567]]}},{"type":"Feature","properties":{},"geometry":{"type":"LineString","coordinates":[[85.3297093258018,27.70485930227912],[85.32971521868019,27.704875869273923]]}},{"type":"Feature","properties":{},"geometry":{"type":"LineString","coordinates":[[85.32971356871265,27.7048577667941],[85.32971825637645,27.704873235284854]]}},{"type":"Feature","properties":{},"geometry":{"type":"LineString","coordinates":[[85.32971518539716,27.704857483044968],[85.32971901215684,27.70487234997816]]}},{"type":"Feature","properties":{},"geometry":{"type":"LineString","coordinates":[[85.32971713631385,27.704857026429153],[85.3297196308071,27.704871945880562]]}},{"type":"Feature","properties":{},"geometry":{"type":"LineString","coordinates":[[85.33022229603631,27.704873777296093],[85.33025894226667,27.704889363214097]]}},{"type":"Feature","properties":{},"geometry":{"type":"LineString","coordinates":[[85.33076398346654,27.704536341616404],[85.33076930552147,27.70454751617594]]}},{"type":"Feature","properties":{},"geometry":{"type":"LineString","coordinates":[[85.33081868902366,27.704516691208813],[85.33083311156149,27.704533309568312]]}},{"type":"Feature","properties":{},"geometry":{"type":"LineString","coordinates":[[85.33090866762014,27.704488983027538],[85.3309118096787,27.704495412768136]]}},{"type":"Feature","properties":{},"geometry":{"type":"LineString","coordinates":[[85.33091819982104,27.704485317182527],[85.33092537522622,27.704493984237175]]}},{"type":"Feature","properties":{},"geometry":{"type":"LineString","coordinates":[[85.33097372049615,27.704468274077378],[85.3309809227239,27.704477510961365]]}},{"type":"Feature","properties":{},"geometry":{"type":"LineString","coordinates":[[85.33102267077841,27.704453780858806],[85.3310257941139,27.704460575001278]]}},{"type":"Feature","properties":{},"geometry":{"type":"LineString","coordinates":[[85.33109418937651,27.70443519678793],[85.33109999490598,27.704445122620857]]}},{"type":"Feature","properties":{},"geometry":{"type":"LineString","coordinates":[[85.33113357554299,27.70442253411872],[85.3311435928848,27.704442227575065]]}},{"type":"Feature","properties":{},"geometry":{"type":"LineString","coordinates":[[85.33113673282129,27.704421701222238],[85.33114682488107,27.704441615801233]]}},{"type":"Feature","properties":{},"geometry":{"type":"LineString","coordinates":[[85.3312927437361,27.70443598211084],[85.33127392790493,27.704446372882185]]}},{"type":"Feature","properties":{},"geometry":{"type":"LineString","coordinates":[[85.33130132497594,27.70445382426413],[85.331309405309,27.70445087285746]]}},{"type":"Feature","properties":{},"geometry":{"type":"LineString","coordinates":[[85.33134993265931,27.70454527528538],[85.33133300151306,27.704554095782928]]}},{"type":"Feature","properties":{},"geometry":{"type":"LineString","coordinates":[[85.33139194695089,27.704623866712197],[85.33139926620464,27.704620417847256]]}},{"type":"Feature","properties":{},"geometry":{"type":"LineString","coordinates":[[85.33139691342379,27.704631757098344],[85.33137804376913,27.704636686809284]]}},{"type":"Feature","properties":{},"geometry":{"type":"LineString","coordinates":[[85.3313980202674,27.704633656768845],[85.33137974178325,27.704639454638272]]}},{"type":"Feature","properties":{},"geometry":{"type":"LineString","coordinates":[[85.33140003482711,27.70463694737926],[85.33138248059282,27.70464479735134]]}},{"type":"Feature","properties":{},"geometry":{"type":"LineString","coordinates":[[85.33140044853185,27.704639348635126],[85.33140615991695,27.704635404744927]]}},{"type":"Feature","properties":{},"geometry":{"type":"LineString","coordinates":[[85.33135943653193,27.704351079952808],[85.33136270097827,27.704359930894704]]}},{"type":"Feature","properties":{},"geometry":{"type":"LineString","coordinates":[[85.33137271713045,27.70434725077064],[85.33137475131984,27.70435538199136]]}},{"type":"Feature","properties":{},"geometry":{"type":"LineString","coordinates":[[85.33156599388556,27.704286671810536],[85.33157035665565,27.704295250780188]]}},{"type":"Feature","properties":{},"geometry":{"type":"LineString","coordinates":[[85.3316171178161,27.70427053485763],[85.3316198008868,27.70428134093014]]}},{"type":"Feature","properties":{},"geometry":{"type":"LineString","coordinates":[[85.33167761788337,27.704336771067616],[85.33168778449857,27.704334061393865]]}},{"type":"Feature","properties":{},"geometry":{"type":"LineString","coordinates":[[85.33171689387439,27.704431259402384],[85.33168881287679,27.704443365330782]]}},{"type":"Feature","properties":{},"geometry":{"type":"LineString","coordinates":[[85.33171958262702,27.704440826340967],[85.33176015455206,27.704509192444544]]}},{"type":"Feature","properties":{},"geometry":{"type":"LineString","coordinates":[[85.33180597500854,27.7044131998008],[85.33181303749099,27.704428294312127]]}},{"type":"Feature","properties":{},"geometry":{"type":"LineString","coordinates":[[85.33171958262702,27.704440826340967],[85.33181178666452,27.70441046200508]]}},{"type":"Feature","properties":{},"geometry":{"type":"LineString","coordinates":[[85.33172714649592,27.70423746204313],[85.33173174256255,27.704245637672336]]}},{"type":"Feature","properties":{},"geometry":{"type":"LineString","coordinates":[[85.33178918736256,27.704219483616956],[85.3317931512606,27.704227953077528]]}},{"type":"Feature","properties":{},"geometry":{"type":"LineString","coordinates":[[85.33184912344112,27.704201811033922],[85.33184997284212,27.704207168876867]]}},{"type":"Feature","properties":{},"geometry":{"type":"LineString","coordinates":[[85.3318927891532,27.704184523603747],[85.33189895556126,27.704196328349845]]}},{"type":"Feature","properties":{},"geometry":{"type":"LineString","coordinates":[[85.33194505291831,27.70417024507342],[85.33194872242586,27.704180935767653]]}},{"type":"Feature","properties":{},"geometry":{"type":"LineString","coordinates":[[85.33200093885196,27.704153635559987],[85.33200329538481,27.7041638447165]]}},{"type":"Feature","properties":{},"geometry":{"type":"LineString","coordinates":[[85.33203700733488,27.70414253918841],[85.33204273744188,27.704151094907576]]}},{"type":"Feature","properties":{},"geometry":{"type":"LineString","coordinates":[[85.33209956000331,27.704122906997192],[85.33209574436414,27.704135023784183]]}},{"type":"Feature","properties":{},"geometry":{"type":"LineString","coordinates":[[85.33223519849825,27.704084029364136],[85.33224330803905,27.7040899557332]]}},{"type":"Feature","properties":{},"geometry":{"type":"LineString","coordinates":[[85.3322400004986,27.70408086691995],[85.33224534507156,27.7040911030469]]}},{"type":"Feature","properties":{},"geometry":{"type":"LineString","coordinates":[[85.3324151545863,27.704027459382463],[85.33241977378495,27.7040355838237]]}},{"type":"Feature","properties":{},"geometry":{"type":"LineString","coordinates":[[85.33244515854535,27.704018588639645],[85.33245125755278,27.70403342872893]]}},{"type":"Feature","properties":{},"geometry":{"type":"LineString","coordinates":[[85.3324658574883,27.704011319743124],[85.33247312784982,27.704025552084936]]}},{"type":"Feature","properties":{},"geometry":{"type":"LineString","coordinates":[[85.33253111441526,27.703993160397065],[85.33253784420168,27.70399826234696]]}},{"type":"Feature","properties":{},"geometry":{"type":"LineString","coordinates":[[85.33257052688607,27.70398101478547],[85.33257299642158,27.703988130451506]]}},{"type":"Feature","properties":{},"geometry":{"type":"LineString","coordinates":[[85.33162181456859,27.704693657992436],[85.33160620899413,27.704675272701135]]}},{"type":"Feature","properties":{},"geometry":{"type":"LineString","coordinates":[[85.33164524785657,27.70468510626337],[85.33164287456147,27.704670201837065]]}},{"type":"Feature","properties":{},"geometry":{"type":"LineString","coordinates":[[85.3317892342048,27.704719668184957],[85.33178592909066,27.704730884953296]]}},{"type":"Feature","properties":{},"geometry":{"type":"LineString","coordinates":[[85.33187356067725,27.70472620258699],[85.33189711498844,27.70472809296788]]}},{"type":"Feature","properties":{},"geometry":{"type":"LineString","coordinates":[[85.33187575996875,27.70472628324281],[85.33189947204511,27.704728735105277]]}},{"type":"Feature","properties":{},"geometry":{"type":"LineString","coordinates":[[85.33018466372573,27.704903168843874],[85.33019244627702,27.704888744317284]]}},{"type":"Feature","properties":{},"geometry":{"type":"LineString","coordinates":[[85.33061557055204,27.70490935174174],[85.33066853569342,27.7049037222747]]}},{"type":"Feature","properties":{},"geometry":{"type":"LineString","coordinates":[[85.33061315535977,27.70490719981903],[85.33066736775388,27.70490317207575]]}},{"type":"Feature","properties":{},"geometry":{"type":"LineString","coordinates":[[85.33059268240727,27.7048871500834],[85.33060780399992,27.70486717671684]]}},{"type":"Feature","properties":{},"geometry":{"type":"LineString","coordinates":[[85.33050702987595,27.70482610929753],[85.33047722930199,27.704855632387435]]}},{"type":"Feature","properties":{},"geometry":{"type":"LineString","coordinates":[[85.33051696946858,27.704839780951755],[85.33056588340379,27.704811304267974]]}},{"type":"Feature","properties":{},"geometry":{"type":"LineString","coordinates":[[85.33053137558946,27.704850683299203],[85.33050640494658,27.70489159976254]]}},{"type":"Feature","properties":{},"geometry":{"type":"LineString","coordinates":[[85.33062903115496,27.704939066245267],[85.33060746619394,27.70494271963051]]}},{"type":"Feature","properties":{},"geometry":{"type":"LineString","coordinates":[[85.33063241062275,27.7049437560321],[85.33065321947322,27.704943208222307]]}},{"type":"Feature","properties":{},"geometry":{"type":"LineString","coordinates":[[85.33148523813583,27.704827702950414],[85.33147798119093,27.704829655240808]]}},{"type":"Feature","properties":{},"geometry":{"type":"LineString","coordinates":[[85.3314884998403,27.704836868846307],[85.33150980842849,27.704829334878976]]}},{"type":"Feature","properties":{},"geometry":{"type":"LineString","coordinates":[[85.33149087581945,27.704840799206742],[85.33151215799063,27.704836267703048]]}},{"type":"Feature","properties":{},"geometry":{"type":"LineString","coordinates":[[85.3315010409658,27.704865713864987],[85.3315273480098,27.70486077089223]]}},{"type":"Feature","properties":{},"geometry":{"type":"LineString","coordinates":[[85.33151395138351,27.704896214096934],[85.331508424205,27.704898714327065]]}},{"type":"Feature","properties":{},"geometry":{"type":"LineString","coordinates":[[85.33168534147511,27.70492954863539],[85.3316997722769,27.704926906600765]]}},{"type":"Feature","properties":{},"geometry":{"type":"LineString","coordinates":[[85.3316808902024,27.704930317210998],[85.33170034760789,27.704927949661574]]}},{"type":"Feature","properties":{},"geometry":{"type":"LineString","coordinates":[[85.33168343028564,27.70492992723619],[85.3317008601951,27.70492831776162]]}},{"type":"Feature","properties":{},"geometry":{"type":"LineString","coordinates":[[85.33160247101381,27.705074443377338],[85.33159442993473,27.70507827796625]]}},{"type":"Feature","properties":{},"geometry":{"type":"LineString","coordinates":[[85.33162363307859,27.705112799565192],[85.33164125586926,27.70510571304548]]}},{"type":"Feature","properties":{},"geometry":{"type":"LineString","coordinates":[[85.3318380869861,27.70521185583893],[85.33185961202645,27.705209294768764]]}},{"type":"Feature","properties":{},"geometry":{"type":"LineString","coordinates":[[85.33178545621983,27.705227294176684],[85.33178450474259,27.70521744762723]]}},{"type":"Feature","properties":{},"geometry":{"type":"LineString","coordinates":[[85.33174978351377,27.705238146134974],[85.33175433249747,27.705255417993435]]}},{"type":"Feature","properties":{},"geometry":{"type":"LineString","coordinates":[[85.33170981375201,27.705249226988794],[85.33171587991315,27.705265956650006]]}},{"type":"Feature","properties":{},"geometry":{"type":"LineString","coordinates":[[85.33161485589439,27.705289913892408],[85.33161912914129,27.705302313176503]]}},{"type":"Feature","properties":{},"geometry":{"type":"LineString","coordinates":[[85.33159932976379,27.705298026605625],[85.33158846969879,27.7052853231963]]}},{"type":"Feature","properties":{},"geometry":{"type":"LineString","coordinates":[[85.3314756787788,27.70535723717742],[85.3314655950727,27.705347760705727]]}},{"type":"Feature","properties":{},"geometry":{"type":"LineString","coordinates":[[85.33147252332985,27.705358747917476],[85.33146355936098,27.70534932465482]]}},{"type":"Feature","properties":{},"geometry":{"type":"LineString","coordinates":[[85.33145691474729,27.705368279330457],[85.33146085310676,27.70537376285825]]}},{"type":"Feature","properties":{},"geometry":{"type":"LineString","coordinates":[[85.33141376895763,27.705394480130977],[85.33139084539738,27.705409174392784]]}},{"type":"Feature","properties":{},"geometry":{"type":"LineString","coordinates":[[85.33141349060642,27.70539444608901],[85.33138837171184,27.705405933303183]]}},{"type":"Feature","properties":{},"geometry":{"type":"LineString","coordinates":[[85.33141252849721,27.705394896596918],[85.33138712038185,27.705404465114608]]}},{"type":"Feature","properties":{},"geometry":{"type":"LineString","coordinates":[[85.33187924545176,27.70472667362917],[85.33188537895465,27.70473637684381]]}},{"type":"Feature","properties":{},"geometry":{"type":"LineString","coordinates":[[85.33187910579741,27.704726654797827],[85.33188440403147,27.70473627032774]]}},{"type":"Feature","properties":{},"geometry":{"type":"LineString","coordinates":[[85.33187671059994,27.704726386758573],[85.33190155750977,27.704728765651353]]}},{"type":"Feature","properties":{},"geometry":{"type":"LineString","coordinates":[[85.33184234384743,27.705210735629063],[85.331932531284,27.705181387572964]]}},{"type":"Feature","properties":{},"geometry":{"type":"LineString","coordinates":[[85.33031512485,27.705099188628708],[85.33032812193942,27.70509580560112]]}},{"type":"Feature","properties":{},"geometry":{"type":"LineString","coordinates":[[85.330338835859,27.705175769821775],[85.33035691866291,27.70517097788219]]}},{"type":"Feature","properties":{},"geometry":{"type":"LineString","coordinates":[[85.33036371380757,27.705276744745447],[85.33038305025846,27.705277531237446]]}},{"type":"Feature","properties":{},"geometry":{"type":"LineString","coordinates":[[85.33037732120529,27.70530574080762],[85.33035422100879,27.70531098307331]]}},{"type":"Feature","properties":{},"geometry":{"type":"LineString","coordinates":[[85.3302925607428,27.70545654886501],[85.33029914654851,27.705464112242332]]}},{"type":"Feature","properties":{},"geometry":{"type":"LineString","coordinates":[[85.33033588274664,27.705440304764224],[85.33034158627964,27.705450467669884]]}},{"type":"Feature","properties":{},"geometry":{"type":"LineString","coordinates":[[85.3303175481294,27.705447179453184],[85.33030868347171,27.70543390433419]]}},{"type":"Feature","properties":{},"geometry":{"type":"LineString","coordinates":[[85.33050057518932,27.70559999540835],[85.33051106297978,27.70560151001994]]}},{"type":"Feature","properties":{},"geometry":{"type":"LineString","coordinates":[[85.33051655289347,27.705625704982644],[85.33052404690484,27.705655475696016]]}},{"type":"Feature","properties":{},"geometry":{"type":"LineString","coordinates":[[85.33057250263829,27.705374774310545],[85.33058216569555,27.705389228746252]]}},{"type":"Feature","properties":{},"geometry":{"type":"LineString","coordinates":[[85.33062181869258,27.705351872097282],[85.33063241405107,27.70536290537825]]}},{"type":"Feature","properties":{},"geometry":{"type":"LineString","coordinates":[[85.33079187259455,27.705382144634466],[85.33082407128994,27.705368091211874]]}},{"type":"Feature","properties":{},"geometry":{"type":"LineString","coordinates":[[85.33082188340758,27.705519146167568],[85.3308056827264,27.705526133298452]]}},{"type":"Feature","properties":{},"geometry":{"type":"LineString","coordinates":[[85.33082931608854,27.705537029553476],[85.33083275743873,27.705581356436817]]}},{"type":"Feature","properties":{},"geometry":{"type":"LineString","coordinates":[[85.33099562386624,27.70551550179126],[85.33098796308944,27.70553212283207]]}},{"type":"Feature","properties":{},"geometry":{"type":"LineString","coordinates":[[85.32757786998975,27.705438782660902],[85.32757646592228,27.70544719910984]]}},{"type":"Feature","properties":{},"geometry":{"type":"LineString","coordinates":[[85.32751568113667,27.705440780450285],[85.3275154577186,27.705449777061318]]}},{"type":"Feature","properties":{},"geometry":{"type":"LineString","coordinates":[[85.32746827077452,27.70544188364624],[85.32746656527975,27.705456299301257]]}},{"type":"Feature","properties":{},"geometry":{"type":"LineString","coordinates":[[85.32737901429093,27.705436973841245],[85.32737454337729,27.705446539178467]]}},{"type":"Feature","properties":{},"geometry":{"type":"LineString","coordinates":[[85.32733728214532,27.705435721358985],[85.32733812856902,27.705442922189867]]}},{"type":"Feature","properties":{},"geometry":{"type":"LineString","coordinates":[[85.3272674432092,27.705431932417948],[85.32727110953809,27.705440476922885]]}},{"type":"Feature","properties":{},"geometry":{"type":"LineString","coordinates":[[85.32718208956166,27.7054346889619],[85.32718379382091,27.70542687092503]]}},{"type":"Feature","properties":{},"geometry":{"type":"LineString","coordinates":[[85.32718102314037,27.705426288692642],[85.32717762948997,27.705435831842067]]}},{"type":"Feature","properties":{},"geometry":{"type":"LineString","coordinates":[[85.32710087093992,27.705425437380633],[85.32709868989183,27.705433598940342]]}},{"type":"Feature","properties":{},"geometry":{"type":"LineString","coordinates":[[85.32708114773042,27.705425010384953],[85.3270824377163,27.705433445848357]]}},{"type":"Feature","properties":{},"geometry":{"type":"LineString","coordinates":[[85.33035508318602,27.70524450357564],[85.33032857413585,27.70523280177925]]}},{"type":"Feature","properties":{},"geometry":{"type":"LineString","coordinates":[[85.33098216877511,27.70549840592903],[85.33099125550665,27.705493166080288]]}},{"type":"Feature","properties":{},"geometry":{"type":"LineString","coordinates":[[85.3310241734225,27.705514408255272],[85.3310362482781,27.705535641004364]]}},{"type":"Feature","properties":{},"geometry":{"type":"LineString","coordinates":[[85.33107838192056,27.70549066773263],[85.33116892696192,27.705488556221212]]}},{"type":"Feature","properties":{},"geometry":{"type":"LineString","coordinates":[[85.33106790570139,27.705495255439885],[85.3311253006249,27.70545397616667]]}},{"type":"Feature","properties":{},"geometry":{"type":"LineString","coordinates":[[85.32765347855833,27.706947303926704],[85.32765557680413,27.706925422625048]]}},{"type":"Feature","properties":{},"geometry":{"type":"LineString","coordinates":[[85.32760722505412,27.70675058434582],[85.32761471409256,27.706726845748264]]}},{"type":"Feature","properties":{},"geometry":{"type":"LineString","coordinates":[[85.32760747036421,27.706754313931615],[85.3276157508437,27.706736130153043]]}},{"type":"Feature","properties":{},"geometry":{"type":"LineString","coordinates":[[85.32764276512013,27.706912907437847],[85.32765076770045,27.706911282061466]]}},{"type":"Feature","properties":{},"geometry":{"type":"LineString","coordinates":[[85.32753199374193,27.70697148293123],[85.3275325984104,27.7069779136732]]}},{"type":"Feature","properties":{},"geometry":{"type":"LineString","coordinates":[[85.32746538087177,27.70698423162076],[85.32746126114307,27.706963524317295]]}},{"type":"Feature","properties":{},"geometry":{"type":"LineString","coordinates":[[85.32745335935417,27.706985731707782],[85.3274573118114,27.70699294028394]]}},{"type":"Feature","properties":{},"geometry":{"type":"LineString","coordinates":[[85.32739247644642,27.70699725714897],[85.32738263329392,27.706975217115975]]}},{"type":"Feature","properties":{},"geometry":{"type":"LineString","coordinates":[[85.32731995511017,27.707010828796435],[85.32731539783018,27.70699201606604]]}},{"type":"Feature","properties":{},"geometry":{"type":"LineString","coordinates":[[85.32731588870655,27.70701182119769],[85.32731083562834,27.70699267033809]]}},{"type":"Feature","properties":{},"geometry":{"type":"LineString","coordinates":[[85.32719837094663,27.706896475988984],[85.327205501906,27.706891694724536]]}},{"type":"Feature","properties":{},"geometry":{"type":"LineString","coordinates":[[85.32921754343496,27.709156823377434],[85.32920929003049,27.709127119258028]]}},{"type":"Feature","properties":{},"geometry":{"type":"LineString","coordinates":[[85.32915393975115,27.70916933930287],[85.329141637702,27.70914238691418]]}},{"type":"Feature","properties":{},"geometry":{"type":"LineString","coordinates":[[85.3291399174763,27.709171352393206],[85.32913130916864,27.709145240641003]]}},{"type":"Feature","properties":{},"geometry":{"type":"LineString","coordinates":[[85.32896139962347,27.70921313783426],[85.32894767238103,27.70918448316567]]}},{"type":"Feature","properties":{},"geometry":{"type":"LineString","coordinates":[[85.3289562103089,27.709215675425476],[85.32894631670733,27.70918606791932]]}},{"type":"Feature","properties":{},"geometry":{"type":"LineString","coordinates":[[85.32885637994578,27.7090325109727],[85.32884170335836,27.709021432792266]]}},{"type":"Feature","properties":{},"geometry":{"type":"LineString","coordinates":[[85.3288852594373,27.709113022192227],[85.32887089414794,27.709115251335763]]}},{"type":"Feature","properties":{},"geometry":{"type":"LineString","coordinates":[[85.32888629911912,27.709116200884466],[85.32887128923754,27.709117274204043]]}},{"type":"Feature","properties":{},"geometry":{"type":"LineString","coordinates":[[85.32888948007117,27.70912826213633],[85.3288740928418,27.709130339949308]]}},{"type":"Feature","properties":{},"geometry":{"type":"LineString","coordinates":[[85.32889087629286,27.709134063426003],[85.32887559118733,27.709135562133522]]}},{"type":"Feature","properties":{},"geometry":{"type":"LineString","coordinates":[[85.3287257836538,27.709172089078034],[85.32870726029923,27.709178923340982]]}},{"type":"Feature","properties":{},"geometry":{"type":"LineString","coordinates":[[85.3287245134333,27.709170728943548],[85.32870594281303,27.709176805397572]]}},{"type":"Feature","properties":{},"geometry":{"type":"LineString","coordinates":[[85.32868105732786,27.709072589106196],[85.32866123633443,27.709064828831814]]}},{"type":"Feature","properties":{},"geometry":{"type":"LineString","coordinates":[[85.32865592450354,27.709286610157758],[85.32864981822135,27.70926787443225]]}},{"type":"Feature","properties":{},"geometry":{"type":"LineString","coordinates":[[85.3286381173982,27.709292425959518],[85.32862808384166,27.70926694860939]]}},{"type":"Feature","properties":{},"geometry":{"type":"LineString","coordinates":[[85.32856742956064,27.709314286793184],[85.32855740691221,27.70928769582563]]}},{"type":"Feature","properties":{},"geometry":{"type":"LineString","coordinates":[[85.3284504506544,27.709338486635716],[85.32844277124035,27.70931671017253]]}},{"type":"Feature","properties":{},"geometry":{"type":"LineString","coordinates":[[85.32836136605725,27.70931211503939],[85.32834981695608,27.709314673272875]]}},{"type":"Feature","properties":{},"geometry":{"type":"LineString","coordinates":[[85.3283579618322,27.709303793045624],[85.32838084190784,27.709296421181516]]}},{"type":"Feature","properties":{},"geometry":{"type":"LineString","coordinates":[[85.32842104952117,27.709035135293234],[85.32845366241294,27.709069499261172]]}},{"type":"Feature","properties":{},"geometry":{"type":"LineString","coordinates":[[85.32839905953395,27.709040933943502],[85.32840385462994,27.70901037741747]]}},{"type":"Feature","properties":{},"geometry":{"type":"LineString","coordinates":[[85.32837039139686,27.70905080817155],[85.32836117492897,27.709029079026855]]}},{"type":"Feature","properties":{},"geometry":{"type":"LineString","coordinates":[[85.32868104557356,27.709072561887808],[85.32865898563898,27.709030862227923]]}},{"type":"Feature","properties":{},"geometry":{"type":"LineString","coordinates":[[85.32820077746067,27.709399564732255],[85.32820326463563,27.709353439363994]]}},{"type":"Feature","properties":{},"geometry":{"type":"LineString","coordinates":[[85.32808693456145,27.709423794919456],[85.32807495184056,27.709385228702214]]}},{"type":"Feature","properties":{},"geometry":{"type":"LineString","coordinates":[[85.3292701895457,27.70706134214018],[85.32928077492676,27.70709978490429]]}},{"type":"Feature","properties":{},"geometry":{"type":"LineString","coordinates":[[85.32927300596452,27.707060590014784],[85.32928555551396,27.707098308273416]]}},{"type":"Feature","properties":{},"geometry":{"type":"LineString","coordinates":[[85.32970645289728,27.70752372019173],[85.32966643315983,27.707546134925103]]}},{"type":"Feature","properties":{},"geometry":{"type":"LineString","coordinates":[[85.32966471653343,27.707412722016343],[85.32962067584303,27.707423096952652]]}},{"type":"Feature","properties":{},"geometry":{"type":"LineString","coordinates":[[85.32783202794981,27.70929207269226],[85.32784207124342,27.709290237302483]]}},{"type":"Feature","properties":{},"geometry":{"type":"LineString","coordinates":[[85.32782678849789,27.7090383229862],[85.3278422595304,27.70904803809321]]}},{"type":"Feature","properties":{},"geometry":{"type":"LineString","coordinates":[[85.32783068311309,27.709037760817576],[85.32784917013178,27.709046143194797]]}},{"type":"Feature","properties":{},"geometry":{"type":"LineString","coordinates":[[85.32784604167625,27.709032708878606],[85.32783933678708,27.709007352919887]]}},{"type":"Feature","properties":{},"geometry":{"type":"LineString","coordinates":[[85.32819148382444,27.70891038960409],[85.32819460902272,27.708918054786462]]}},{"type":"Feature","properties":{},"geometry":{"type":"LineString","coordinates":[[85.32823543297982,27.708893827977377],[85.32828798875455,27.708881991332113]]}},{"type":"Feature","properties":{},"geometry":{"type":"LineString","coordinates":[[85.32824751340787,27.708889209333947],[85.32828462960292,27.708871446002238]]}},{"type":"Feature","properties":{},"geometry":{"type":"LineString","coordinates":[[85.32763602271092,27.708592887845796],[85.32765281818837,27.708591825401815]]}},{"type":"Feature","properties":{},"geometry":{"type":"LineString","coordinates":[[85.3275941967713,27.707984013606524],[85.32759350823655,27.707973773098878]]}},{"type":"Feature","properties":{},"geometry":{"type":"LineString","coordinates":[[85.32759848163522,27.70798286228169],[85.32759695740798,27.707972427556996]]}},{"type":"Feature","properties":{},"geometry":{"type":"LineString","coordinates":[[85.3277850555469,27.707930194568586],[85.32778342879314,27.707912451576373]]}},{"type":"Feature","properties":{},"geometry":{"type":"LineString","coordinates":[[85.32789958600164,27.707898617115454],[85.32789725076427,27.707888096781787]]}},{"type":"Feature","properties":{},"geometry":{"type":"LineString","coordinates":[[85.32797185733,27.707880128689265],[85.32801108977667,27.707887359078367]]}},{"type":"Feature","properties":{},"geometry":{"type":"LineString","coordinates":[[85.32797374065466,27.707879386980956],[85.32800396009381,27.707868181351756]]}},{"type":"Feature","properties":{},"geometry":{"type":"LineString","coordinates":[[85.32740582866096,27.70781233465236],[85.32741263841807,27.707810597403085]]}},{"type":"Feature","properties":{},"geometry":{"type":"LineString","coordinates":[[85.32752766035412,27.70724340626396],[85.32753152474208,27.707255059726613]]}},{"type":"Feature","properties":{},"geometry":{"type":"LineString","coordinates":[[85.32753029240038,27.707242576132813],[85.32753040226791,27.7072492680503]]}},{"type":"Feature","properties":{},"geometry":{"type":"LineString","coordinates":[[85.3275509458909,27.70723794831183],[85.32755127505145,27.707244224999148]]}},{"type":"Feature","properties":{},"geometry":{"type":"LineString","coordinates":[[85.3276867705776,27.707213077909177],[85.32768874553771,27.70721915967387]]}},{"type":"Feature","properties":{},"geometry":{"type":"LineString","coordinates":[[85.32775609791794,27.7072010839495],[85.3277521823184,27.707176563145214]]}},{"type":"Feature","properties":{},"geometry":{"type":"LineString","coordinates":[[85.32786057568639,27.70717970027838],[85.32786282623938,27.707186064257584]]}},{"type":"Feature","properties":{},"geometry":{"type":"LineString","coordinates":[[85.32788374276831,27.707177419613426],[85.32788146693761,27.70714910715896]]}},{"type":"Feature","properties":{},"geometry":{"type":"LineString","coordinates":[[85.32789461480675,27.70717502381395],[85.32793602918315,27.707164507592864]]}},{"type":"Feature","properties":{},"geometry":{"type":"LineString","coordinates":[[85.32746105940554,27.707555977084557],[85.32746981447093,27.707583403910448]]}},{"type":"Feature","properties":{},"geometry":{"type":"LineString","coordinates":[[85.32818648868684,27.70756709464727],[85.32820286047547,27.70756441235477]]}},{"type":"Feature","properties":{},"geometry":{"type":"LineString","coordinates":[[85.3284810864982,27.707724086654025],[85.32847826161024,27.707717410686758]]}},{"type":"Feature","properties":{},"geometry":{"type":"LineString","coordinates":[[85.32848579549976,27.707722917859222],[85.32848244059298,27.707716351920272]]}},{"type":"Feature","properties":{},"geometry":{"type":"LineString","coordinates":[[85.32860189929953,27.707690816378193],[85.32859926556911,27.707680713939865]]}},{"type":"Feature","properties":{},"geometry":{"type":"LineString","coordinates":[[85.3286078731794,27.707689294612955],[85.32860321685325,27.707679757115766]]}},{"type":"Feature","properties":{},"geometry":{"type":"LineString","coordinates":[[85.32889168542849,27.70761112919108],[85.32889116021121,27.707600744444466]]}},{"type":"Feature","properties":{},"geometry":{"type":"LineString","coordinates":[[85.32897323632635,27.707501817785715],[85.32895679048943,27.707466243852714]]}},{"type":"Feature","properties":{},"geometry":{"type":"LineString","coordinates":[[85.32899977592807,27.707491511573046],[85.3290046259917,27.707502511720392]]}},{"type":"Feature","properties":{},"geometry":{"type":"LineString","coordinates":[[85.32902377474382,27.70774786334501],[85.32903604218619,27.707744736992225]]}},{"type":"Feature","properties":{},"geometry":{"type":"LineString","coordinates":[[85.3290961486818,27.70795019940992],[85.32909431186395,27.70799992571245]]}},{"type":"Feature","properties":{},"geometry":{"type":"LineString","coordinates":[[85.32930192281442,27.70793306368804],[85.3292929609043,27.707923504929667]]}},{"type":"Feature","properties":{},"geometry":{"type":"LineString","coordinates":[[85.32928710329494,27.70793549769157],[85.3293017350361,27.707960294020616]]}},{"type":"Feature","properties":{},"geometry":{"type":"LineString","coordinates":[[85.32936774906653,27.707920786593686],[85.32937853930024,27.707949319130634]]}},{"type":"Feature","properties":{},"geometry":{"type":"LineString","coordinates":[[85.32776621013726,27.708352965051343],[85.32777734115746,27.708383197704823]]}},{"type":"Feature","properties":{},"geometry":{"type":"LineString","coordinates":[[85.32794078310722,27.708301739742232],[85.32793995123903,27.708296772898436]]}},{"type":"Feature","properties":{},"geometry":{"type":"LineString","coordinates":[[85.32800342361728,27.708283597974486],[85.32801197941842,27.70830767842138]]}},{"type":"Feature","properties":{},"geometry":{"type":"LineString","coordinates":[[85.32807725491259,27.70826277901241],[85.32808380343884,27.70828595432222]]}},{"type":"Feature","properties":{},"geometry":{"type":"LineString","coordinates":[[85.32811165243697,27.70825290905944],[85.32810849516298,27.708244755209236]]}},{"type":"Feature","properties":{},"geometry":{"type":"LineString","coordinates":[[85.32811528763057,27.708251867202808],[85.32811238507993,27.7082433021598]]}},{"type":"Feature","properties":{},"geometry":{"type":"LineString","coordinates":[[85.32811990370394,27.708250542963178],[85.32812686193635,27.708276511191574]]}},{"type":"Feature","properties":{},"geometry":{"type":"LineString","coordinates":[[85.32820156508247,27.708227310329224],[85.3282093628474,27.70824949799137]]}},{"type":"Feature","properties":{},"geometry":{"type":"LineString","coordinates":[[85.3282932291344,27.708199775967035],[85.32829963702532,27.708224329565972]]}},{"type":"Feature","properties":{},"geometry":{"type":"LineString","coordinates":[[85.32831882200584,27.708192648967568],[85.32830345019258,27.70816066834409]]}},{"type":"Feature","properties":{},"geometry":{"type":"LineString","coordinates":[[85.32837147412143,27.708176066940325],[85.32837812465038,27.70820047093589]]}},{"type":"Feature","properties":{},"geometry":{"type":"LineString","coordinates":[[85.3284758911971,27.70814548242439],[85.32848660008906,27.708169558159806]]}},{"type":"Feature","properties":{},"geometry":{"type":"LineString","coordinates":[[85.32855231396422,27.708123158360145],[85.32855966443195,27.708147750407655]]}},{"type":"Feature","properties":{},"geometry":{"type":"LineString","coordinates":[[85.32865887322042,27.708089679826582],[85.32865870199622,27.708083948381702]]}},{"type":"Feature","properties":{},"geometry":{"type":"LineString","coordinates":[[85.32869993491437,27.708078169934986],[85.32869848875067,27.70807065680847]]}},{"type":"Feature","properties":{},"geometry":{"type":"LineString","coordinates":[[85.32875135196029,27.708064302152827],[85.32876326704586,27.70809300987041]]}},{"type":"Feature","properties":{},"geometry":{"type":"LineString","coordinates":[[85.32875410034103,27.70806329199121],[85.32876569334435,27.708092505759613]]}},{"type":"Feature","properties":{},"geometry":{"type":"LineString","coordinates":[[85.32877072271869,27.708058411343547],[85.32877032226759,27.708051218612596]]}},{"type":"Feature","properties":{},"geometry":{"type":"LineString","coordinates":[[85.32886328755185,27.708030908228427],[85.32887350415344,27.70801982282706]]}},{"type":"Feature","properties":{},"geometry":{"type":"LineString","coordinates":[[85.32887570133066,27.70802643344537],[85.32891959158543,27.708033733353247]]}},{"type":"Feature","properties":{},"geometry":{"type":"LineString","coordinates":[[85.32770848514281,27.70837108938071],[85.32772194289852,27.708396109052256]]}},{"type":"Feature","properties":{},"geometry":{"type":"LineString","coordinates":[[85.32779066905844,27.708784016084635],[85.3277819676113,27.708759379701764]]}},{"type":"Feature","properties":{},"geometry":{"type":"LineString","coordinates":[[85.32780113513964,27.70878271559982],[85.32779152988478,27.708754837176112]]}},{"type":"Feature","properties":{},"geometry":{"type":"LineString","coordinates":[[85.32780297667681,27.70878218819606],[85.32779480008459,27.708753857707553]]}},{"type":"Feature","properties":{},"geometry":{"type":"LineString","coordinates":[[85.32806187814086,27.708703143304096],[85.32806499387625,27.70871342305695]]}},{"type":"Feature","properties":{},"geometry":{"type":"LineString","coordinates":[[85.32807100138335,27.708700124371976],[85.32807476698703,27.7087103487962]]}},{"type":"Feature","properties":{},"geometry":{"type":"LineString","coordinates":[[85.32811458655482,27.70868588064099],[85.32810550555554,27.708662189172234]]}},{"type":"Feature","properties":{},"geometry":{"type":"LineString","coordinates":[[85.32813018192952,27.708683117683304],[85.32812065148852,27.708657975806993]]}},{"type":"Feature","properties":{},"geometry":{"type":"LineString","coordinates":[[85.3282973043499,27.708632447265558],[85.32829909209315,27.708639172083156]]}},{"type":"Feature","properties":{},"geometry":{"type":"LineString","coordinates":[[85.32840030575555,27.708605483897326],[85.32840139819224,27.708617240146324]]}},{"type":"Feature","properties":{},"geometry":{"type":"LineString","coordinates":[[85.32838957442058,27.70860722257096],[85.32838437249875,27.708589636772544]]}},{"type":"Feature","properties":{},"geometry":{"type":"LineString","coordinates":[[85.32852245336133,27.70856807270922],[85.32850982186636,27.708548509064226]]}},{"type":"Feature","properties":{},"geometry":{"type":"LineString","coordinates":[[85.32852527426046,27.70856736217191],[85.32851596673854,27.708546483942516]]}},{"type":"Feature","properties":{},"geometry":{"type":"LineString","coordinates":[[85.32854413370225,27.708561159259474],[85.32854666047145,27.708570229696367]]}},{"type":"Feature","properties":{},"geometry":{"type":"LineString","coordinates":[[85.32869622951084,27.70851437106288],[85.3287000606953,27.708527681174203]]}},{"type":"Feature","properties":{},"geometry":{"type":"LineString","coordinates":[[85.32871834888896,27.708517639119364],[85.3287541623636,27.70850702164606]]}},{"type":"Feature","properties":{},"geometry":{"type":"LineString","coordinates":[[85.33622480251022,27.707404834757146],[85.33623181172239,27.707375575285944]]}},{"type":"Feature","properties":{},"geometry":{"type":"LineString","coordinates":[[85.33643085830856,27.707486454237095],[85.33643612128418,27.70746246993367]]}},{"type":"Feature","properties":{},"geometry":{"type":"LineString","coordinates":[[85.33627211981546,27.70751979184764],[85.33627322224694,27.707535756775698]]}},{"type":"Feature","properties":{},"geometry":{"type":"LineString","coordinates":[[85.33624663211646,27.707514414963505],[85.33620413913526,27.707521200416423]]}},{"type":"Feature","properties":{},"geometry":{"type":"LineString","coordinates":[[85.33622564415872,27.707409114840054],[85.33621602239079,27.70740277158819]]}},{"type":"Feature","properties":{},"geometry":{"type":"LineString","coordinates":[[85.33624674078098,27.707508323151355],[85.33623557646916,27.70748701692871]]}},{"type":"Feature","properties":{},"geometry":{"type":"LineString","coordinates":[[85.33661448900403,27.707670465450054],[85.33660568286422,27.70766958072334]]}},{"type":"Feature","properties":{},"geometry":{"type":"LineString","coordinates":[[85.33660171601191,27.707568628802736],[85.33658485238229,27.707572458742614]]}},{"type":"Feature","properties":{},"geometry":{"type":"LineString","coordinates":[[85.33660120763878,27.707562433001694],[85.33658739382419,27.70756269119525]]}},{"type":"Feature","properties":{},"geometry":{"type":"LineString","coordinates":[[85.33655291874014,27.707263107550915],[85.33654657339589,27.7072637217465]]}},{"type":"Feature","properties":{},"geometry":{"type":"LineString","coordinates":[[85.33652884452383,27.707144781767386],[85.33651982730629,27.707139631753396]]}},{"type":"Feature","properties":{},"geometry":{"type":"LineString","coordinates":[[85.33648825000492,27.7069222429959],[85.3364650318599,27.70692562831572]]}},{"type":"Feature","properties":{},"geometry":{"type":"LineString","coordinates":[[85.33640393735104,27.706661080326736],[85.3364092349521,27.706684204163924]]}},{"type":"Feature","properties":{},"geometry":{"type":"LineString","coordinates":[[85.33634713987455,27.706670952124256],[85.3363437766278,27.70666483934135]]}},{"type":"Feature","properties":{},"geometry":{"type":"LineString","coordinates":[[85.33645264152973,27.70655428380203],[85.33643954182821,27.706556609285144]]}},{"type":"Feature","properties":{},"geometry":{"type":"LineString","coordinates":[[85.33643024184249,27.70639484798719],[85.33642044310014,27.706399372041787]]}},{"type":"Feature","properties":{},"geometry":{"type":"LineString","coordinates":[[85.33640789148872,27.706229156279072],[85.3363891775565,27.706231904370114]]}},{"type":"Feature","properties":{},"geometry":{"type":"LineString","coordinates":[[85.33634798201368,27.7059449477972],[85.3363385541205,27.705947021366676]]}},{"type":"Feature","properties":{},"geometry":{"type":"LineString","coordinates":[[85.33628079091065,27.705744539345524],[85.3362730777454,27.705748423278553]]}},{"type":"Feature","properties":{},"geometry":{"type":"LineString","coordinates":[[85.3362622277392,27.70569872659139],[85.33625261408612,27.705702952311523]]}},{"type":"Feature","properties":{},"geometry":{"type":"LineString","coordinates":[[85.33622553124081,27.705599693593918],[85.3362191448275,27.70560515939654]]}},{"type":"Feature","properties":{},"geometry":{"type":"LineString","coordinates":[[85.33619411165041,27.70550081968446],[85.33605468693402,27.705505024800615]]}},{"type":"Feature","properties":{},"geometry":{"type":"LineString","coordinates":[[85.33616722400954,27.70537661600285],[85.33615972119323,27.70537900241953]]}},{"type":"Feature","properties":{},"geometry":{"type":"LineString","coordinates":[[85.33643335244317,27.706412399366457],[85.33642140148882,27.70641233335675]]}},{"type":"Feature","properties":{},"geometry":{"type":"LineString","coordinates":[[85.3359952117371,27.70498204800286],[85.33598727132063,27.704998237274005]]}},{"type":"Feature","properties":{},"geometry":{"type":"LineString","coordinates":[[85.33601959421766,27.7049117309472],[85.33598250318107,27.70489191905035]]}},{"type":"Feature","properties":{},"geometry":{"type":"LineString","coordinates":[[85.33603068010146,27.704882052956393],[85.33601168431403,27.704874788328173]]}},{"type":"Feature","properties":{},"geometry":{"type":"LineString","coordinates":[[85.33609954860724,27.70469652029558],[85.33608702667213,27.70469506739954]]}},{"type":"Feature","properties":{},"geometry":{"type":"LineString","coordinates":[[85.33607901937295,27.704501947127323],[85.33606951189412,27.704503125298142]]}},{"type":"Feature","properties":{},"geometry":{"type":"LineString","coordinates":[[85.33606554372658,27.704456554716618],[85.33605769625274,27.704442163080603]]}},{"type":"Feature","properties":{},"geometry":{"type":"LineString","coordinates":[[85.33597044365567,27.704570576131182],[85.3359653166815,27.704564352785827]]}},{"type":"Feature","properties":{},"geometry":{"type":"LineString","coordinates":[[85.335932253052,27.70462049019952],[85.33592652732071,27.70461690322604]]}},{"type":"Feature","properties":{},"geometry":{"type":"LineString","coordinates":[[85.33590300907788,27.704661478177783],[85.33590566745636,27.70468509920124]]}},{"type":"Feature","properties":{},"geometry":{"type":"LineString","coordinates":[[85.33606589882754,27.704369464637924],[85.33605468066946,27.704369905620005]]}},{"type":"Feature","properties":{},"geometry":{"type":"LineString","coordinates":[[85.3360652854693,27.70436156897117],[85.33604698628088,27.704362734424897]]}},{"type":"Feature","properties":{},"geometry":{"type":"LineString","coordinates":[[85.33615154546919,27.7052712903191],[85.33614500089017,27.70527214398883]]}},{"type":"Feature","properties":{},"geometry":{"type":"LineString","coordinates":[[85.33612570065148,27.70511124804342],[85.336116673982,27.70511174515396]]}},{"type":"Feature","properties":{},"geometry":{"type":"LineString","coordinates":[[85.33612585868782,27.705109119923286],[85.33611538184681,27.705109286417567]]}},{"type":"Feature","properties":{},"geometry":{"type":"LineString","coordinates":[[85.336120052843,27.705024800635822],[85.33611489475815,27.705028043776196]]}},{"type":"Feature","properties":{},"geometry":{"type":"LineString","coordinates":[[85.3361118062559,27.704966470742544],[85.33610603996645,27.704966624361226]]}},{"type":"Feature","properties":{},"geometry":{"type":"LineString","coordinates":[[85.33603141301057,27.70409417374329],[85.33602290676814,27.704093860297682]]}},{"type":"Feature","properties":{},"geometry":{"type":"LineString","coordinates":[[85.33592116481577,27.703815361930644],[85.33592921511571,27.703804823044983]]}},{"type":"Feature","properties":{},"geometry":{"type":"LineString","coordinates":[[85.33595942982345,27.703656610137976],[85.33594788497547,27.70365920518579]]}},{"type":"Feature","properties":{},"geometry":{"type":"LineString","coordinates":[[85.33595335288274,27.70361856677337],[85.3359424157172,27.7036196077127]]}},{"type":"Feature","properties":{},"geometry":{"type":"LineString","coordinates":[[85.33594035635682,27.703551433146508],[85.33591894933132,27.703554529692063]]}},{"type":"Feature","properties":{},"geometry":{"type":"LineString","coordinates":[[85.33582565287915,27.703508384389593],[85.33582402186683,27.703499257141427]]}},{"type":"Feature","properties":{},"geometry":{"type":"LineString","coordinates":[[85.33580349253717,27.703512742652865],[85.33580538702087,27.703526225168783]]}},{"type":"Feature","properties":{},"geometry":{"type":"LineString","coordinates":[[85.33572218501077,27.703533836137144],[85.33572697449748,27.703546123282095]]}},{"type":"Feature","properties":{},"geometry":{"type":"LineString","coordinates":[[85.33565583969666,27.70355273304723],[85.33564961458471,27.703536619875177]]}},{"type":"Feature","properties":{},"geometry":{"type":"LineString","coordinates":[[85.33557692518276,27.703575035751626],[85.33556744343393,27.70356076072554]]}},{"type":"Feature","properties":{},"geometry":{"type":"LineString","coordinates":[[85.33563982488478,27.703426511917478],[85.3356186278037,27.70342720203317],[85.33557517337435,27.703327000050376],[85.33555099406341,27.70333570234494]]}},{"type":"Feature","properties":{},"geometry":{"type":"LineString","coordinates":[[85.3356347428407,27.70342815663678],[85.3356077043341,27.703439167586097]]}},{"type":"Feature","properties":{},"geometry":{"type":"LineString","coordinates":[[85.33589928931148,27.703345138022502],[85.33585485585469,27.70334832689684]]}},{"type":"Feature","properties":{},"geometry":{"type":"LineString","coordinates":[[85.33588345059813,27.70318069870361],[85.33581268552506,27.703194500917352]]}},{"type":"Feature","properties":{},"geometry":{"type":"LineString","coordinates":[[85.33583136672884,27.703375297947073],[85.33583315750414,27.70338225016321]]}},{"type":"Feature","properties":{},"geometry":{"type":"LineString","coordinates":[[85.33556022490639,27.704620658363815],[85.33542293150674,27.70452167642723]]}},{"type":"Feature","properties":{},"geometry":{"type":"LineString","coordinates":[[85.33556606297292,27.70461490620615],[85.33556233018432,27.704611366647267]]}},{"type":"Feature","properties":{},"geometry":{"type":"LineString","coordinates":[[85.3355459292937,27.70463257343135],[85.33557133549478,27.704650288214236]]}},{"type":"Feature","properties":{},"geometry":{"type":"LineString","coordinates":[[85.33555461916534,27.704685328210083],[85.33555163462341,27.704689413370044]]}},{"type":"Feature","properties":{},"geometry":{"type":"LineString","coordinates":[[85.33572272053472,27.704796113938375],[85.3357082238644,27.704800696991065]]}},{"type":"Feature","properties":{},"geometry":{"type":"LineString","coordinates":[[85.33572430872954,27.704797105080043],[85.33573335413932,27.704807398212846]]}},{"type":"Feature","properties":{},"geometry":{"type":"LineString","coordinates":[[85.33565789758053,27.70451034697463],[85.33568669860054,27.704531753370457]]}},{"type":"Feature","properties":{},"geometry":{"type":"LineString","coordinates":[[85.3357016609704,27.704457731862224],[85.33568964821222,27.70445112878085]]}},{"type":"Feature","properties":{},"geometry":{"type":"LineString","coordinates":[[85.33569705983558,27.704463366222807],[85.33572248058893,27.70447190311473]]}},{"type":"Feature","properties":{},"geometry":{"type":"LineString","coordinates":[[85.33552738813935,27.704653885348105],[85.3355199601567,27.704649807661074]]}},{"type":"Feature","properties":{},"geometry":{"type":"LineString","coordinates":[[85.3355366611462,27.704457511573015],[85.33554309409047,27.704448643743536]]}},{"type":"Feature","properties":{},"geometry":{"type":"LineString","coordinates":[[85.33551227296995,27.704343804712416],[85.33549294146898,27.70434256501817]]}},{"type":"Feature","properties":{},"geometry":{"type":"LineString","coordinates":[[85.33551730421267,27.704312373411252],[85.33549294847211,27.70430168587528]]}},{"type":"Feature","properties":{},"geometry":{"type":"LineString","coordinates":[[85.33552975868272,27.704275310098655],[85.33554738920999,27.704280850747637]]}},{"type":"Feature","properties":{},"geometry":{"type":"LineString","coordinates":[[85.33553367569014,27.704255354868874],[85.33552663412334,27.70425301201878]]}},{"type":"Feature","properties":{},"geometry":{"type":"LineString","coordinates":[[85.33554359758595,27.704218922672247],[85.335536514986,27.704213337367253]]}},{"type":"Feature","properties":{},"geometry":{"type":"LineString","coordinates":[[85.33557248605817,27.704102611734868],[85.33557679981851,27.704102681653257]]}},{"type":"Feature","properties":{},"geometry":{"type":"LineString","coordinates":[[85.33557522654057,27.704095831330328],[85.33557108531106,27.704094482766898]]}},{"type":"Feature","properties":{},"geometry":{"type":"LineString","coordinates":[[85.33574581331301,27.704358371990836],[85.33577417644607,27.704363661670566]]}},{"type":"Feature","properties":{},"geometry":{"type":"LineString","coordinates":[[85.33575970947496,27.70432600120103],[85.33578793514062,27.70434195195942]]}},{"type":"Feature","properties":{},"geometry":{"type":"LineString","coordinates":[[85.33580586630069,27.704196586095005],[85.33579235316127,27.7041974399107]]}},{"type":"Feature","properties":{},"geometry":{"type":"LineString","coordinates":[[85.33582396149241,27.704075221021125],[85.33581427909414,27.70407737002244]]}},{"type":"Feature","properties":{},"geometry":{"type":"LineString","coordinates":[[85.33574262472555,27.70396671778995],[85.33574251973708,27.70397771140119]]}},{"type":"Feature","properties":{},"geometry":{"type":"LineString","coordinates":[[85.33561965070002,27.703960252693033],[85.33561221500946,27.703967575940183]]}},{"type":"Feature","properties":{},"geometry":{"type":"LineString","coordinates":[[85.33559978132425,27.703956640060706],[85.33557860499276,27.70395441969036]]}},{"type":"Feature","properties":{},"geometry":{"type":"LineString","coordinates":[[85.33576759501463,27.70383340708151],[85.3357620776236,27.70381736469849]]}},{"type":"Feature","properties":{},"geometry":{"type":"LineString","coordinates":[[85.33561562444244,27.70383808285043],[85.33560683853078,27.703827334335774]]}},{"type":"Feature","properties":{},"geometry":{"type":"LineString","coordinates":[[85.33557465537088,27.70383809388285],[85.33556803749975,27.703873980056144]]}},{"type":"Feature","properties":{},"geometry":{"type":"LineString","coordinates":[[85.33602675196046,27.706623209120515],[85.33602506899717,27.706569322868663]]}},{"type":"Feature","properties":{},"geometry":{"type":"LineString","coordinates":[[85.3360196908756,27.70662307730525],[85.3360065649949,27.70659511915439]]}},{"type":"Feature","properties":{},"geometry":{"type":"LineString","coordinates":[[85.33601634199762,27.706622834876296],[85.33598718349329,27.706501259180904]]}},{"type":"Feature","properties":{},"geometry":{"type":"LineString","coordinates":[[85.33606509069675,27.706622652817035],[85.33605987510907,27.706630882755256]]}},{"type":"Feature","properties":{},"geometry":{"type":"LineString","coordinates":[[85.3361821911351,27.70660866832134],[85.33617918297143,27.706589247181967]]}},{"type":"Feature","properties":{},"geometry":{"type":"LineString","coordinates":[[85.33625838761233,27.706696796745153],[85.33626510395108,27.70671517126977]]}},{"type":"Feature","properties":{},"geometry":{"type":"LineString","coordinates":[[85.33541550145449,27.704751010029295],[85.33540537797077,27.70473651878568]]}},{"type":"Feature","properties":{},"geometry":{"type":"LineString","coordinates":[[85.33538988441346,27.70475813990024],[85.33539808224867,27.704786187764746]]}},{"type":"Feature","properties":{},"geometry":{"type":"LineString","coordinates":[[85.33564076484133,27.704886905338398],[85.33562814929405,27.70490357810162]]}},{"type":"Feature","properties":{},"geometry":{"type":"LineString","coordinates":[[85.33568559498697,27.704982695025986],[85.33567088873171,27.704966476274677]]}},{"type":"Feature","properties":{},"geometry":{"type":"LineString","coordinates":[[85.33570114431328,27.705060290134636],[85.33561983331461,27.70502888842461]]}},{"type":"Feature","properties":{},"geometry":{"type":"LineString","coordinates":[[85.33573251849734,27.705107866230367],[85.33571358341861,27.705125397161453]]}},{"type":"Feature","properties":{},"geometry":{"type":"LineString","coordinates":[[85.33573680228267,27.705113388093007],[85.3357422052093,27.705108111756704]]}},{"type":"Feature","properties":{},"geometry":{"type":"LineString","coordinates":[[85.33577400778877,27.70514650593132],[85.33578351500796,27.705138266223454]]}},{"type":"Feature","properties":{},"geometry":{"type":"LineString","coordinates":[[85.33577561437421,27.70514722111313],[85.33575504860836,27.705166226166057]]}},{"type":"Feature","properties":{},"geometry":{"type":"LineString","coordinates":[[85.33547497635769,27.703602484868217],[85.33553326153921,27.703724587794856]]}},{"type":"Feature","properties":{},"geometry":{"type":"LineString","coordinates":[[85.33547408142992,27.703603388391244],[85.3355217101498,27.703726209778154],[85.3355000655053,27.7037352042769]]}},{"type":"Feature","properties":{},"geometry":{"type":"LineString","coordinates":[[85.33544947925724,27.703609814763283],[85.33544368255936,27.7035934043799]]}},{"type":"Feature","properties":{},"geometry":{"type":"LineString","coordinates":[[85.33536590308253,27.703631180400873],[85.33536901435691,27.70365582044395]]}},{"type":"Feature","properties":{},"geometry":{"type":"LineString","coordinates":[[85.33536502216131,27.70362942427463],[85.33531091216842,27.703637041853717]]}},{"type":"Feature","properties":{},"geometry":{"type":"LineString","coordinates":[[85.33528809520706,27.703541499630884],[85.33527905311078,27.703522914778436]]}},{"type":"Feature","properties":{},"geometry":{"type":"LineString","coordinates":[[85.33519287470467,27.70357876075176],[85.33518637264865,27.703567201208756]]}},{"type":"Feature","properties":{},"geometry":{"type":"LineString","coordinates":[[85.33518695441317,27.703581916170982],[85.33515021151854,27.703588238900082]]}},{"type":"Feature","properties":{},"geometry":{"type":"LineString","coordinates":[[85.33567980738825,27.70305825999049],[85.33568428484844,27.703073666211477]]}},{"type":"Feature","properties":{},"geometry":{"type":"LineString","coordinates":[[85.33571647746092,27.703047033581797],[85.33573933501143,27.7031260225513]]}},{"type":"Feature","properties":{},"geometry":{"type":"LineString","coordinates":[[85.33620617308327,27.706776683872455],[85.33619387564578,27.70677592503106]]}},{"type":"Feature","properties":{},"geometry":{"type":"LineString","coordinates":[[85.33620875137488,27.70682269710626],[85.33623245353277,27.706825306069646]]}},{"type":"Feature","properties":{},"geometry":{"type":"LineString","coordinates":[[85.33621123309923,27.706843397149015],[85.33623289508316,27.7068423867309]]}},{"type":"Feature","properties":{},"geometry":{"type":"LineString","coordinates":[[85.33603930037403,27.70687913014645],[85.33604029088778,27.706890105334466]]}},{"type":"Feature","properties":{},"geometry":{"type":"LineString","coordinates":[[85.33598407799033,27.70687955657996],[85.33594927966621,27.706880692437803]]}},{"type":"Feature","properties":{},"geometry":{"type":"LineString","coordinates":[[85.33598295175528,27.7068798634463],[85.33594074992907,27.706878237848226]]}},{"type":"Feature","properties":{},"geometry":{"type":"LineString","coordinates":[[85.33621538647219,27.706966317595143],[85.33620266829777,27.706966886763798]]}},{"type":"Feature","properties":{},"geometry":{"type":"LineString","coordinates":[[85.33621194390163,27.706959551311726],[85.3362336910732,27.706959678229314]]}},{"type":"Feature","properties":{},"geometry":{"type":"LineString","coordinates":[[85.33610686801691,27.70706148408691],[85.3361050693144,27.707049770826107]]}},{"type":"Feature","properties":{},"geometry":{"type":"LineString","coordinates":[[85.33609627401842,27.707063077000342],[85.33609352916211,27.707052233255187]]}},{"type":"Feature","properties":{},"geometry":{"type":"LineString","coordinates":[[85.33593022741637,27.70708305889546],[85.33592435447443,27.707070721727767]]}},{"type":"Feature","properties":{},"geometry":{"type":"LineString","coordinates":[[85.335909750236,27.70708798523396],[85.33591510284042,27.707104672757637]]}},{"type":"Feature","properties":{},"geometry":{"type":"LineString","coordinates":[[85.33575440700506,27.70710738257791],[85.33574501225593,27.707112476435174]]}},{"type":"Feature","properties":{},"geometry":{"type":"LineString","coordinates":[[85.33573929097264,27.707005166607715],[85.33572775216057,27.70700172814776]]}},{"type":"Feature","properties":{},"geometry":{"type":"LineString","coordinates":[[85.3357491087882,27.706967990364944],[85.33577017510643,27.70697028160825]]}},{"type":"Feature","properties":{},"geometry":{"type":"LineString","coordinates":[[85.33574914088611,27.70693140135707],[85.33573429780891,27.706930994548824]]}},{"type":"Feature","properties":{},"geometry":{"type":"LineString","coordinates":[[85.33574355476502,27.706780912432237],[85.33573343719507,27.706781650916277]]}},{"type":"Feature","properties":{},"geometry":{"type":"LineString","coordinates":[[85.33569347802806,27.70668586024072],[85.33569013960235,27.706715327181982]]}},{"type":"Feature","properties":{},"geometry":{"type":"LineString","coordinates":[[85.33553016241575,27.7066770804435],[85.33551769388555,27.706677639916336]]}},{"type":"Feature","properties":{},"geometry":{"type":"LineString","coordinates":[[85.33553170812877,27.706746738915566],[85.33553920925371,27.706747543934636]]}},{"type":"Feature","properties":{},"geometry":{"type":"LineString","coordinates":[[85.33553300346298,27.706776509772606],[85.33553998121693,27.706778657811093]]}},{"type":"Feature","properties":{},"geometry":{"type":"LineString","coordinates":[[85.33553410975627,27.706818332819175],[85.33551624878828,27.706819194786345]]}},{"type":"Feature","properties":{},"geometry":{"type":"LineString","coordinates":[[85.3355345627325,27.7068659839002],[85.33554393503265,27.706867311432646]]}},{"type":"Feature","properties":{},"geometry":{"type":"LineString","coordinates":[[85.3355339991979,27.706893420070255],[85.33553190988647,27.7069048627516]]}},{"type":"Feature","properties":{},"geometry":{"type":"LineString","coordinates":[[85.33576187432604,27.70726722107061],[85.33575866991465,27.707248306604424]]}},{"type":"Feature","properties":{},"geometry":{"type":"LineString","coordinates":[[85.33583723852934,27.707247097749566],[85.33583347880756,27.707226819172536]]}},{"type":"Feature","properties":{},"geometry":{"type":"LineString","coordinates":[[85.33585356476466,27.707241590818246],[85.33585591920806,27.707250294439262]]}},{"type":"Feature","properties":{},"geometry":{"type":"LineString","coordinates":[[85.33585944514766,27.707240074831972],[85.33585701385353,27.70722440801321]]}},{"type":"Feature","properties":{},"geometry":{"type":"LineString","coordinates":[[85.33592830146866,27.70722171803168],[85.33593295707428,27.707229473659233]]}},{"type":"Feature","properties":{},"geometry":{"type":"LineString","coordinates":[[85.33595395634285,27.707214069568813],[85.33597317439232,27.707213797883618]]}},{"type":"Feature","properties":{},"geometry":{"type":"LineString","coordinates":[[85.33623219491031,27.707104524118737],[85.3362261998848,27.707102970071542]]}},{"type":"Feature","properties":{},"geometry":{"type":"LineString","coordinates":[[85.3362326112917,27.707121793109945],[85.33622590132954,27.707147171602212]]}},{"type":"Feature","properties":{},"geometry":{"type":"LineString","coordinates":[[85.33623274268326,27.707119817201058],[85.33624617760553,27.707142185941354]]}},{"type":"Feature","properties":{},"geometry":{"type":"LineString","coordinates":[[85.33623283523157,27.70711786158394],[85.33625169357951,27.707126524396323]]}},{"type":"Feature","properties":{},"geometry":{"type":"LineString","coordinates":[[85.3363482912394,27.706673667296304],[85.3363527001858,27.706691397642857]]}},{"type":"Feature","properties":{},"geometry":{"type":"LineString","coordinates":[[85.33617552133563,27.70803904492039],[85.33617306756163,27.708025791256368]]}},{"type":"Feature","properties":{},"geometry":{"type":"LineString","coordinates":[[85.33591491520357,27.707959586085657],[85.33594074726588,27.7079545066149]]}},{"type":"Feature","properties":{},"geometry":{"type":"LineString","coordinates":[[85.335879436367,27.70779747667435],[85.33589821649092,27.707791655371032]]}},{"type":"Feature","properties":{},"geometry":{"type":"LineString","coordinates":[[85.33584230521109,27.70763219026715],[85.33583627597702,27.707632888556816]]}},{"type":"Feature","properties":{},"geometry":{"type":"LineString","coordinates":[[85.33582346375135,27.70755733636272],[85.33580456723783,27.70756200911634]]}},{"type":"Feature","properties":{},"geometry":{"type":"LineString","coordinates":[[85.33580560038078,27.707485791231857],[85.33589899063828,27.707456952067226]]}},{"type":"Feature","properties":{},"geometry":{"type":"LineString","coordinates":[[85.33580230163979,27.707472689862147],[85.33577144371569,27.707474638407295]]}},{"type":"Feature","properties":{},"geometry":{"type":"LineString","coordinates":[[85.33580234547277,27.70747047011524],[85.33575503535812,27.707366431117798]]}},{"type":"Feature","properties":{},"geometry":{"type":"LineString","coordinates":[[85.33580206166646,27.707468790667],[85.33577671845568,27.70740472438945]]}},{"type":"Feature","properties":{},"geometry":{"type":"LineString","coordinates":[[85.33628425502485,27.70791592360059],[85.33627579596552,27.707917627026045]]}},{"type":"Feature","properties":{},"geometry":{"type":"LineString","coordinates":[[85.33628034347167,27.707889605146736],[85.33627198567896,27.70789098396851]]}},{"type":"Feature","properties":{},"geometry":{"type":"LineString","coordinates":[[85.33626598637518,27.707801895113175],[85.33625824876962,27.707779177876606]]}},{"type":"Feature","properties":{},"geometry":{"type":"LineString","coordinates":[[85.33626672675705,27.70779848063855],[85.33624997791678,27.707724706115428]]}},{"type":"Feature","properties":{},"geometry":{"type":"LineString","coordinates":[[85.33580935016792,27.707966787339338],[85.3358182446708,27.7079652588576]]}},{"type":"Feature","properties":{},"geometry":{"type":"LineString","coordinates":[[85.33580566724025,27.707951136159057],[85.3357967311227,27.70795179859394]]}},{"type":"Feature","properties":{},"geometry":{"type":"LineString","coordinates":[[85.33578557165049,27.70786156282338],[85.3357776209607,27.707864448353604]]}},{"type":"Feature","properties":{},"geometry":{"type":"LineString","coordinates":[[85.33576048473039,27.70774867255535],[85.33575283017903,27.707748817892035]]}},{"type":"Feature","properties":{},"geometry":{"type":"LineString","coordinates":[[85.33567474841799,27.707870715248564],[85.33566752977652,27.707868798981497]]}},{"type":"Feature","properties":{},"geometry":{"type":"LineString","coordinates":[[85.33567466159639,27.707868351327964],[85.33565894858305,27.70782744203157]]}},{"type":"Feature","properties":{},"geometry":{"type":"LineString","coordinates":[[85.33544247568855,27.707950575031777],[85.33546242462425,27.707938239699445]]}},{"type":"Feature","properties":{},"geometry":{"type":"LineString","coordinates":[[85.33537387703498,27.707813929795467],[85.33539995066077,27.70780482795648]]}},{"type":"Feature","properties":{},"geometry":{"type":"LineString","coordinates":[[85.3353643563587,27.707792246152366],[85.33553472229723,27.707765639849544]]}},{"type":"Feature","properties":{},"geometry":{"type":"LineString","coordinates":[[85.33535380234737,27.707768423673112],[85.33544180484057,27.707754629628063]]}},{"type":"Feature","properties":{},"geometry":{"type":"LineString","coordinates":[[85.33534611184068,27.707736071331826],[85.33533709283249,27.70773718491826]]}},{"type":"Feature","properties":{},"geometry":{"type":"LineString","coordinates":[[85.33534560372208,27.707720846419242],[85.33533467910328,27.70772163473359]]}},{"type":"Feature","properties":{},"geometry":{"type":"LineString","coordinates":[[85.33533978877031,27.70762714592625],[85.33536909638411,27.707627990278702]]}},{"type":"Feature","properties":{},"geometry":{"type":"LineString","coordinates":[[85.33544788020663,27.707413634360687],[85.33544341261987,27.707402647141212]]}},{"type":"Feature","properties":{},"geometry":{"type":"LineString","coordinates":[[85.33544247097986,27.707418314920865],[85.33549938973887,27.707440831181405]]}},{"type":"Feature","properties":{},"geometry":{"type":"LineString","coordinates":[[85.33555168661918,27.707179084161957],[85.3355411078726,27.707178001153867]]}},{"type":"Feature","properties":{},"geometry":{"type":"LineString","coordinates":[[85.33555119804575,27.707175996980144],[85.3355448731469,27.707145136737733]]}},{"type":"Feature","properties":{},"geometry":{"type":"LineString","coordinates":[[85.33533386349927,27.70750243969964],[85.33532257452111,27.70744707688391]]}},{"type":"Feature","properties":{},"geometry":{"type":"LineString","coordinates":[[85.33534060221002,27.707656058074853],[85.33533385856562,27.707656654787996]]}},{"type":"Feature","properties":{},"geometry":{"type":"LineString","coordinates":[[85.33538299553808,27.708078314277778],[85.3353823014988,27.708074867214886]]}},{"type":"Feature","properties":{},"geometry":{"type":"LineString","coordinates":[[85.33527695686527,27.708087246833102],[85.33527675149222,27.708074925456]]}},{"type":"Feature","properties":{},"geometry":{"type":"LineString","coordinates":[[85.33527981461386,27.708086977946376],[85.33527622891732,27.70807621523301]]}},{"type":"Feature","properties":{},"geometry":{"type":"LineString","coordinates":[[85.33502580275221,27.708036833970127],[85.33506038705771,27.70802604210659]]}},{"type":"Feature","properties":{},"geometry":{"type":"LineString","coordinates":[[85.33502328919613,27.70803246788437],[85.3350130385027,27.708035487259625]]}},{"type":"Feature","properties":{},"geometry":{"type":"LineString","coordinates":[[85.33497809686226,27.707899259330944],[85.33499639997767,27.707891664318623]]}},{"type":"Feature","properties":{},"geometry":{"type":"LineString","coordinates":[[85.3349854762198,27.70786922278054],[85.33496239210227,27.70787718899118],[85.33509666779311,27.707836416793377]]}},{"type":"Feature","properties":{},"geometry":{"type":"LineString","coordinates":[[85.33495830445773,27.707868163056684],[85.33516775363451,27.707803430694334]]}},{"type":"Feature","properties":{},"geometry":{"type":"LineString","coordinates":[[85.33496444578121,27.707879784157996],[85.33510225199072,27.707815274033]]}},{"type":"Feature","properties":{},"geometry":{"type":"LineString","coordinates":[[85.33490712862243,27.70776443470277],[85.33492010881523,27.70776104202154]]}},{"type":"Feature","properties":{},"geometry":{"type":"LineString","coordinates":[[85.33488794788344,27.70772384824272],[85.33485796755942,27.70773290930511]]}},{"type":"Feature","properties":{},"geometry":{"type":"LineString","coordinates":[[85.33487478767768,27.707696826427547],[85.33490989331725,27.707687825211316]]}},{"type":"Feature","properties":{},"geometry":{"type":"LineString","coordinates":[[85.3347578161591,27.707669587348477],[85.33475523058952,27.707666024563977]]}},{"type":"Feature","properties":{},"geometry":{"type":"LineString","coordinates":[[85.3346364872636,27.70770663492836],[85.33463881618052,27.70771160531275]]}},{"type":"Feature","properties":{},"geometry":{"type":"LineString","coordinates":[[85.33461473976658,27.707713864436283],[85.33461649590433,27.70771935682383]]}},{"type":"Feature","properties":{},"geometry":{"type":"LineString","coordinates":[[85.33454264892096,27.707733094124062],[85.3345448554597,27.70774124723383]]}},{"type":"Feature","properties":{},"geometry":{"type":"LineString","coordinates":[[85.33452663072175,27.70773727334094],[85.33452617700993,27.707735497981176]]}},{"type":"Feature","properties":{},"geometry":{"type":"LineString","coordinates":[[85.33448397756814,27.707750319126028],[85.3344826139847,27.707744620263785]]}},{"type":"Feature","properties":{},"geometry":{"type":"LineString","coordinates":[[85.33441852563787,27.70776563033471],[85.33441145721568,27.707775589757937]]}},{"type":"Feature","properties":{},"geometry":{"type":"LineString","coordinates":[[85.33438815664543,27.707770634167385],[85.3343745111404,27.70776148056812]]}},{"type":"Feature","properties":{},"geometry":{"type":"LineString","coordinates":[[85.33438652187876,27.707771304946373],[85.3342386350103,27.707790375098227],[85.33423571134036,27.70777542617865]]}},{"type":"Feature","properties":{},"geometry":{"type":"LineString","coordinates":[[85.33477095639648,27.70752345199319],[85.33478573471368,27.70751610883304]]}},{"type":"Feature","properties":{},"geometry":{"type":"LineString","coordinates":[[85.33476397198477,27.70751099039512],[85.33478402621589,27.707505810038658]]}},{"type":"Feature","properties":{},"geometry":{"type":"LineString","coordinates":[[85.33495451943482,27.707865386409058],[85.33500003454917,27.70785192724018]]}},{"type":"Feature","properties":{},"geometry":{"type":"LineString","coordinates":[[85.33506127824707,27.708098245101286],[85.33505478718118,27.70803846604148]]}},{"type":"Feature","properties":{},"geometry":{"type":"LineString","coordinates":[[85.3347833242979,27.707544347703667],[85.3347624689428,27.70755773975051]]}},{"type":"Feature","properties":{},"geometry":{"type":"LineString","coordinates":[[85.33483806315097,27.707639281192243],[85.33494538233025,27.707587670132764]]}},{"type":"Feature","properties":{},"geometry":{"type":"LineString","coordinates":[[85.33483576180303,27.707635433012353],[85.3349353601854,27.707592269910567]]}},{"type":"Feature","properties":{},"geometry":{"type":"LineString","coordinates":[[85.33444506208767,27.707535808426634],[85.33444663137614,27.70754018211342]]}},{"type":"Feature","properties":{},"geometry":{"type":"LineString","coordinates":[[85.33442034581594,27.707541338782285],[85.33440135092124,27.707558559213574]]}},{"type":"Feature","properties":{},"geometry":{"type":"LineString","coordinates":[[85.33451335389617,27.70751792300136],[85.33451966447099,27.70752400540276]]}},{"type":"Feature","properties":{},"geometry":{"type":"LineString","coordinates":[[85.33501876333825,27.708018240699406],[85.33500638098408,27.708020527736025]]}},{"type":"Feature","properties":{},"geometry":{"type":"LineString","coordinates":[[85.33519822274107,27.707560883003406],[85.33519908413159,27.707574679817963]]}},{"type":"Feature","properties":{},"geometry":{"type":"LineString","coordinates":[[85.33519806253142,27.70751680232983],[85.3351783323411,27.707518875553795]]}},{"type":"Feature","properties":{},"geometry":{"type":"LineString","coordinates":[[85.33519937053981,27.707510936142114],[85.33518387550102,27.70751525981954]]}},{"type":"Feature","properties":{},"geometry":{"type":"LineString","coordinates":[[85.33516491238187,27.70743248720549],[85.3351756715699,27.707429301545684]]}},{"type":"Feature","properties":{},"geometry":{"type":"LineString","coordinates":[[85.33515339172993,27.707385842934542],[85.33514904388994,27.707385003616196]]}},{"type":"Feature","properties":{},"geometry":{"type":"LineString","coordinates":[[85.33515084505586,27.707376044905555],[85.33514660509948,27.70737751741326]]}},{"type":"Feature","properties":{},"geometry":{"type":"LineString","coordinates":[[85.33514676661045,27.70736020212507],[85.33515715820852,27.70736005363938]]}},{"type":"Feature","properties":{},"geometry":{"type":"LineString","coordinates":[[85.33512351297345,27.707264270163453],[85.33513679733869,27.707262613111975]]}},{"type":"Feature","properties":{},"geometry":{"type":"LineString","coordinates":[[85.33511439795156,27.707241522764363],[85.33512634764412,27.707228120117797]]}},{"type":"Feature","properties":{},"geometry":{"type":"LineString","coordinates":[[85.33500329965983,27.70725987917883],[85.33500601707948,27.707269384130118]]}},{"type":"Feature","properties":{},"geometry":{"type":"LineString","coordinates":[[85.33499021466281,27.70725488501568],[85.33498286971138,27.707257416767412]]}},{"type":"Feature","properties":{},"geometry":{"type":"LineString","coordinates":[[85.33497324416342,27.70719837257869],[85.33498878511821,27.707194027814648]]}},{"type":"Feature","properties":{},"geometry":{"type":"LineString","coordinates":[[85.3349708727189,27.707190125430753],[85.33498823871898,27.707188271997413]]}},{"type":"Feature","properties":{},"geometry":{"type":"LineString","coordinates":[[85.33496745318108,27.707178641766006],[85.33495593326492,27.707178634062448]]}},{"type":"Feature","properties":{},"geometry":{"type":"LineString","coordinates":[[85.3349417893598,27.70707722667495],[85.33496640217759,27.70706768223899]]}},{"type":"Feature","properties":{},"geometry":{"type":"LineString","coordinates":[[85.33473346432244,27.707110360447007],[85.33473038814847,27.70710337921789]]}},{"type":"Feature","properties":{},"geometry":{"type":"LineString","coordinates":[[85.33467444814038,27.707255404150224],[85.3346550067298,27.70725843025781]]}},{"type":"Feature","properties":{},"geometry":{"type":"LineString","coordinates":[[85.33467960063122,27.707269097354505],[85.33469778375337,27.707265056982145]]}},{"type":"Feature","properties":{},"geometry":{"type":"LineString","coordinates":[[85.33468327132896,27.707280467618105],[85.33469395524422,27.707278899362404]]}},{"type":"Feature","properties":{},"geometry":{"type":"LineString","coordinates":[[85.33468529059164,27.707296010358316],[85.33466581319534,27.70729880137121]]}},{"type":"Feature","properties":{},"geometry":{"type":"LineString","coordinates":[[85.3347050491323,27.707364311180832],[85.33468208992107,27.707370335660347]]}},{"type":"Feature","properties":{},"geometry":{"type":"LineString","coordinates":[[85.33470656187055,27.70736853616646],[85.33468356070432,27.70737465220154]]}},{"type":"Feature","properties":{},"geometry":{"type":"LineString","coordinates":[[85.33471548818844,27.70739415503893],[85.33472867955774,27.70738880728376]]}},{"type":"Feature","properties":{},"geometry":{"type":"LineString","coordinates":[[85.33457976478036,27.705735904832043],[85.33459728841521,27.705762449373076]]}},{"type":"Feature","properties":{},"geometry":{"type":"LineString","coordinates":[[85.33440141466855,27.705795845349673],[85.33440828279751,27.705820158756666]]}},{"type":"Feature","properties":{},"geometry":{"type":"LineString","coordinates":[[85.33429523390156,27.705833299708246],[85.3343145633798,27.705860122337853]]}},{"type":"Feature","properties":{},"geometry":{"type":"LineString","coordinates":[[85.33423824207811,27.706080737556572],[85.33425974367618,27.706096483161417]]}},{"type":"Feature","properties":{},"geometry":{"type":"LineString","coordinates":[[85.33422841190234,27.70608579177525],[85.3342224013608,27.706085665291194]]}},{"type":"Feature","properties":{},"geometry":{"type":"LineString","coordinates":[[85.33422628402484,27.706088150705753],[85.33422115371312,27.706087155730525]]}},{"type":"Feature","properties":{},"geometry":{"type":"LineString","coordinates":[[85.33421945170039,27.706100398222347],[85.3342137333156,27.7060963933857]]}},{"type":"Feature","properties":{},"geometry":{"type":"LineString","coordinates":[[85.33418876420909,27.70614802383019],[85.33421483351943,27.706164016654473]]}},{"type":"Feature","properties":{},"geometry":{"type":"LineString","coordinates":[[85.3341396922141,27.706224634700266],[85.33412561949412,27.706216715141213]]}},{"type":"Feature","properties":{},"geometry":{"type":"LineString","coordinates":[[85.33411206500888,27.706266328554108],[85.33413243850502,27.706275897087895]]}},{"type":"Feature","properties":{},"geometry":{"type":"LineString","coordinates":[[85.33410299714164,27.706279208923434],[85.33409450348915,27.706276988417308]]}},{"type":"Feature","properties":{},"geometry":{"type":"LineString","coordinates":[[85.3340601124621,27.70634256897549],[85.33408039910698,27.706352915372563]]}},{"type":"Feature","properties":{},"geometry":{"type":"LineString","coordinates":[[85.33403274705776,27.706394459361835],[85.3340515771847,27.706401755665215]]}},{"type":"Feature","properties":{},"geometry":{"type":"LineString","coordinates":[[85.33402619136342,27.706405183081834],[85.33402037500174,27.706402954178856]]}},{"type":"Feature","properties":{},"geometry":{"type":"LineString","coordinates":[[85.33401830043061,27.706424296179428],[85.33401160556905,27.70641821635242]]}},{"type":"Feature","properties":{},"geometry":{"type":"LineString","coordinates":[[85.33443482236144,27.706097132291575],[85.33434234925029,27.70617379593214]]}},{"type":"Feature","properties":{},"geometry":{"type":"LineString","coordinates":[[85.334426587915,27.706092868843697],[85.3343166883511,27.706179314010384]]}},{"type":"Feature","properties":{},"geometry":{"type":"LineString","coordinates":[[85.33455108243852,27.706090711449544],[85.33452611268194,27.706072961113694]]}},{"type":"Feature","properties":{},"geometry":{"type":"LineString","coordinates":[[85.33455959268427,27.706092106293728],[85.3345619775054,27.70608518174016]]}},{"type":"Feature","properties":{},"geometry":{"type":"LineString","coordinates":[[85.33456676696795,27.706092594246623],[85.33455452038332,27.70610545174637]]}},{"type":"Feature","properties":{},"geometry":{"type":"LineString","coordinates":[[85.33462229664677,27.70610035097389],[85.33462649756811,27.70609543658703]]}},{"type":"Feature","properties":{},"geometry":{"type":"LineString","coordinates":[[85.33465642727857,27.706104568557855],[85.33464715282126,27.70611382996138]]}},{"type":"Feature","properties":{},"geometry":{"type":"LineString","coordinates":[[85.33476518864052,27.70612155972771],[85.33478124894016,27.70602558259342]]}},{"type":"Feature","properties":{},"geometry":{"type":"LineString","coordinates":[[85.3347665599839,27.706121806375485],[85.33479144431608,27.70601363995129]]}},{"type":"Feature","properties":{},"geometry":{"type":"LineString","coordinates":[[85.33477481035226,27.706122618642947],[85.33477264203255,27.706130779591263]]}},{"type":"Feature","properties":{},"geometry":{"type":"LineString","coordinates":[[85.33480927085944,27.706130222916396],[85.33481134473622,27.706121269294698]]}},{"type":"Feature","properties":{},"geometry":{"type":"LineString","coordinates":[[85.33487769363538,27.706153934688572],[85.33488886866365,27.706154542955193]]}},{"type":"Feature","properties":{},"geometry":{"type":"LineString","coordinates":[[85.33485925517006,27.70623510125816],[85.3348667028281,27.706237354262505]]}},{"type":"Feature","properties":{},"geometry":{"type":"LineString","coordinates":[[85.33485698555688,27.706244523657134],[85.33484874268765,27.706243417253095]]}},{"type":"Feature","properties":{},"geometry":{"type":"LineString","coordinates":[[85.33471629231164,27.70711626772997],[85.33471522740489,27.707112135679537]]}},{"type":"Feature","properties":{},"geometry":{"type":"LineString","coordinates":[[85.33482691088335,27.707091698031665],[85.33482901551858,27.707100952828245]]}},{"type":"Feature","properties":{},"geometry":{"type":"LineString","coordinates":[[85.33494033971526,27.707076659583894],[85.334965891253,27.707067937832647]]}},{"type":"Feature","properties":{},"geometry":{"type":"LineString","coordinates":[[85.33451434805919,27.706238019641383],[85.33447119118144,27.706246746998122]]}},{"type":"Feature","properties":{},"geometry":{"type":"LineString","coordinates":[[85.33451354278229,27.70628168886795],[85.33447953257324,27.7062892347299]]}},{"type":"Feature","properties":{},"geometry":{"type":"LineString","coordinates":[[85.33451406281064,27.70628684236856],[85.33452597297308,27.7062880569982]]}},{"type":"Feature","properties":{},"geometry":{"type":"LineString","coordinates":[[85.33451065132014,27.706316293050733],[85.33452479492585,27.706318213271157]]}},{"type":"Feature","properties":{},"geometry":{"type":"LineString","coordinates":[[85.33451030349129,27.706329111395846],[85.33448557903476,27.706331727339837]]}},{"type":"Feature","properties":{},"geometry":{"type":"LineString","coordinates":[[85.33450927436344,27.706396931073154],[85.33452064776921,27.706397031816273]]}},{"type":"Feature","properties":{},"geometry":{"type":"LineString","coordinates":[[85.33465674166315,27.70644515236925],[85.33465634243709,27.706433112961932]]}},{"type":"Feature","properties":{},"geometry":{"type":"LineString","coordinates":[[85.33477091226845,27.706441256822462],[85.33477482824962,27.706448160606428]]}},{"type":"Feature","properties":{},"geometry":{"type":"LineString","coordinates":[[85.33481385822323,27.70641029702446],[85.33482673069366,27.706413452857557]]}},{"type":"Feature","properties":{},"geometry":{"type":"LineString","coordinates":[[85.33482630631214,27.706356192672747],[85.33481832993765,27.706355366555456]]}},{"type":"Feature","properties":{},"geometry":{"type":"LineString","coordinates":[[85.33483299091627,27.70632582374911],[85.33484555313045,27.706327439707373]]}},{"type":"Feature","properties":{},"geometry":{"type":"LineString","coordinates":[[85.33484208954333,27.706281464551626],[85.33483452287221,27.70627970290664]]}},{"type":"Feature","properties":{},"geometry":{"type":"LineString","coordinates":[[85.33487796549225,27.70611225999181],[85.33488819788633,27.706111969712172]]}},{"type":"Feature","properties":{},"geometry":{"type":"LineString","coordinates":[[85.33536136516894,27.706638813196015],[85.33538369520596,27.70663961875224]]}},{"type":"Feature","properties":{},"geometry":{"type":"LineString","coordinates":[[85.33530764733337,27.706636065136273],[85.3353077594451,27.706642841027396]]}},{"type":"Feature","properties":{},"geometry":{"type":"LineString","coordinates":[[85.33525373328244,27.706390628838335],[85.3352356166194,27.706386629267787]]}},{"type":"Feature","properties":{},"geometry":{"type":"LineString","coordinates":[[85.33525160649471,27.70640146635614],[85.3352663559445,27.70640329270211]]}},{"type":"Feature","properties":{},"geometry":{"type":"LineString","coordinates":[[85.33523126813714,27.70647232917978],[85.33521655237088,27.706471823666043]]}},{"type":"Feature","properties":{},"geometry":{"type":"LineString","coordinates":[[85.33521386845092,27.706510471986018],[85.33522722301093,27.706508794105762]]}},{"type":"Feature","properties":{},"geometry":{"type":"LineString","coordinates":[[85.3351884461322,27.70655891477698],[85.33518923842524,27.706578063787994]]}},{"type":"Feature","properties":{},"geometry":{"type":"LineString","coordinates":[[85.33516543357044,27.706558714715015],[85.33516746114535,27.706550805684174]]}},{"type":"Feature","properties":{},"geometry":{"type":"LineString","coordinates":[[85.33513706026376,27.706558468223573],[85.33513977518433,27.706576285631133]]}},{"type":"Feature","properties":{},"geometry":{"type":"LineString","coordinates":[[85.33511956986284,27.70655843656027],[85.33512255225783,27.706549889178262]]}},{"type":"Feature","properties":{},"geometry":{"type":"LineString","coordinates":[[85.33503527795733,27.706557595986162],[85.33503875062353,27.706577066956186],[85.33503527795733,27.706557595986162]]}},{"type":"Feature","properties":{},"geometry":{"type":"LineString","coordinates":[[85.33501495462052,27.706557737820734],[85.33501955233872,27.70657704632647]]}},{"type":"Feature","properties":{},"geometry":{"type":"LineString","coordinates":[[85.33498905167396,27.706558088717646],[85.33498797921276,27.706545505097328]]}},{"type":"Feature","properties":{},"geometry":{"type":"LineString","coordinates":[[85.33491944981155,27.706560249755803],[85.3349045580273,27.706555307861866]]}},{"type":"Feature","properties":{},"geometry":{"type":"LineString","coordinates":[[85.33491903096275,27.706634175315163],[85.33493507064735,27.706636182384393]]}},{"type":"Feature","properties":{},"geometry":{"type":"LineString","coordinates":[[85.33491831790126,27.706641464758807],[85.33490769783386,27.706641704345614]]}},{"type":"Feature","properties":{},"geometry":{"type":"LineString","coordinates":[[85.33491761122674,27.706697949584647],[85.33493437490505,27.70669708983827]]}},{"type":"Feature","properties":{},"geometry":{"type":"LineString","coordinates":[[85.33491378832534,27.706736000243076],[85.33494085656756,27.706736779833648]]}},{"type":"Feature","properties":{},"geometry":{"type":"LineString","coordinates":[[85.33491190616704,27.70673880619452],[85.33493524984686,27.706766486619394]]}},{"type":"Feature","properties":{},"geometry":{"type":"LineString","coordinates":[[85.33489564920853,27.706746097288462],[85.33489849584093,27.706765255668163]]}},{"type":"Feature","properties":{},"geometry":{"type":"LineString","coordinates":[[85.33488648990905,27.70674730573337],[85.33489762141313,27.706783838586286]]}},{"type":"Feature","properties":{},"geometry":{"type":"LineString","coordinates":[[85.33481175105584,27.706752573771873],[85.33481445067986,27.70676945866547]]}},{"type":"Feature","properties":{},"geometry":{"type":"LineString","coordinates":[[85.33480670982644,27.706753723445665],[85.33480782990833,27.706738530754635]]}},{"type":"Feature","properties":{},"geometry":{"type":"LineString","coordinates":[[85.33484279895804,27.706749855137183],[85.33484648086794,27.706765027976108]]}},{"type":"Feature","properties":{},"geometry":{"type":"LineString","coordinates":[[85.33475405278585,27.706761251731557],[85.33475430701571,27.706750521663327]]}},{"type":"Feature","properties":{},"geometry":{"type":"LineString","coordinates":[[85.33470126059538,27.706767395664347],[85.33470093096247,27.706756582757862]]}},{"type":"Feature","properties":{},"geometry":{"type":"LineString","coordinates":[[85.33469480355149,27.706768488588423],[85.33469822095996,27.7067785741834]]}},{"type":"Feature","properties":{},"geometry":{"type":"LineString","coordinates":[[85.33463385857002,27.706774870158785],[85.33463689203894,27.70678673186724]]}},{"type":"Feature","properties":{},"geometry":{"type":"LineString","coordinates":[[85.33454220939615,27.706707196277247],[85.33456061188483,27.706705064745094]]}},{"type":"Feature","properties":{},"geometry":{"type":"LineString","coordinates":[[85.3345434789227,27.70671361243759],[85.3344931602193,27.706711269589206]]}},{"type":"Feature","properties":{},"geometry":{"type":"LineString","coordinates":[[85.33452851724655,27.706638030673876],[85.33449113052936,27.706640670260942]]}},{"type":"Feature","properties":{},"geometry":{"type":"LineString","coordinates":[[85.33452855752564,27.706624763671556],[85.33455561370592,27.706620393240364]]}},{"type":"Feature","properties":{},"geometry":{"type":"LineString","coordinates":[[85.334511980526,27.70654249984522],[85.33454141794701,27.70653537911551]]}},{"type":"Feature","properties":{},"geometry":{"type":"LineString","coordinates":[[85.33449746501022,27.70678263638261],[85.33448359704319,27.706782928014302]]}},{"type":"Feature","properties":{},"geometry":{"type":"LineString","coordinates":[[85.33448560923871,27.70686682891407],[85.3344731295091,27.706866989229955]]}},{"type":"Feature","properties":{},"geometry":{"type":"LineString","coordinates":[[85.3344812659941,27.70689225925372],[85.33446927105125,27.706884938749344]]}},{"type":"Feature","properties":{},"geometry":{"type":"LineString","coordinates":[[85.3342100730762,27.706963368711357],[85.33421021641897,27.706957404580844]]}},{"type":"Feature","properties":{},"geometry":{"type":"LineString","coordinates":[[85.3342404606799,27.706968673158165],[85.33423976579205,27.70697449617141]]}},{"type":"Feature","properties":{},"geometry":{"type":"LineString","coordinates":[[85.33430335804422,27.70697770193292],[85.33430623181381,27.70699193001687]]}},{"type":"Feature","properties":{},"geometry":{"type":"LineString","coordinates":[[85.33431749548409,27.706979365778572],[85.33431657230766,27.706990336898244]]}},{"type":"Feature","properties":{},"geometry":{"type":"LineString","coordinates":[[85.33442632417498,27.70699030825608],[85.33442618858194,27.706983212581008]]}},{"type":"Feature","properties":{},"geometry":{"type":"LineString","coordinates":[[85.33446474869336,27.70704713305359],[85.33440416834793,27.707045922140846]]}},{"type":"Feature","properties":{},"geometry":{"type":"LineString","coordinates":[[85.33430474414531,27.707243920325144],[85.33431586239145,27.707299205339712]]}},{"type":"Feature","properties":{},"geometry":{"type":"LineString","coordinates":[[85.33435562112518,27.70725538933288],[85.3343609170679,27.70720983818325]]}},{"type":"Feature","properties":{},"geometry":{"type":"LineString","coordinates":[[85.33437371942902,27.707260270592272],[85.33436361423304,27.707324675903546]]}},{"type":"Feature","properties":{},"geometry":{"type":"LineString","coordinates":[[85.33457869541041,27.706858595803666],[85.33459765747864,27.70685547729242]]}},{"type":"Feature","properties":{},"geometry":{"type":"LineString","coordinates":[[85.3345976686155,27.707034741027442],[85.33470241723894,27.707005254107443]]}},{"type":"Feature","properties":{},"geometry":{"type":"LineString","coordinates":[[85.33459824136418,27.707036423954083],[85.33480396251205,27.706991645944267]]}},{"type":"Feature","properties":{},"geometry":{"type":"LineString","coordinates":[[85.33437401442636,27.70605980219654],[85.33439616689508,27.706043248829396]]}},{"type":"Feature","properties":{},"geometry":{"type":"LineString","coordinates":[[85.3349992025814,27.70578368456179],[85.33500192721424,27.70578610097008]]}},{"type":"Feature","properties":{},"geometry":{"type":"LineString","coordinates":[[85.33539837930799,27.705515520764994],[85.33541089077062,27.70548974635911]]}},{"type":"Feature","properties":{},"geometry":{"type":"LineString","coordinates":[[85.33539047553838,27.705538238585074],[85.33538095950256,27.705535966151903]]}},{"type":"Feature","properties":{},"geometry":{"type":"LineString","coordinates":[[85.33538050794917,27.705605255840137],[85.33539289418123,27.70560630192594]]}},{"type":"Feature","properties":{},"geometry":{"type":"LineString","coordinates":[[85.33536252264503,27.705714518025065],[85.33537578928467,27.705714416728036]]}},{"type":"Feature","properties":{},"geometry":{"type":"LineString","coordinates":[[85.33536198774702,27.70571301335878],[85.3353490434089,27.705710187046545]]}},{"type":"Feature","properties":{},"geometry":{"type":"LineString","coordinates":[[85.33535144059313,27.7057912847614],[85.33533158867134,27.7057883049789]]}},{"type":"Feature","properties":{},"geometry":{"type":"LineString","coordinates":[[85.33533413516682,27.705812675583264],[85.33534870381482,27.705811376919275]]}},{"type":"Feature","properties":{},"geometry":{"type":"LineString","coordinates":[[85.33534855650055,27.70581199610241],[85.33544821499592,27.70582466956968]]}},{"type":"Feature","properties":{},"geometry":{"type":"LineString","coordinates":[[85.33534737953049,27.70582199123278],[85.33539683919605,27.705825519307204]]}},{"type":"Feature","properties":{},"geometry":{"type":"LineString","coordinates":[[85.33533521501322,27.705905465338976],[85.33534942933821,27.70590720039901]]}},{"type":"Feature","properties":{},"geometry":{"type":"LineString","coordinates":[[85.33531955168556,27.706006655045034],[85.33533096967898,27.706006020677883]]}},{"type":"Feature","properties":{},"geometry":{"type":"LineString","coordinates":[[85.33531421080991,27.706045979920066],[85.33529612591666,27.706040292069257]]}},{"type":"Feature","properties":{},"geometry":{"type":"LineString","coordinates":[[85.33498670403743,27.70580425858556],[85.33499321787777,27.70580623319507]]}},{"type":"Feature","properties":{},"geometry":{"type":"LineString","coordinates":[[85.33493880874175,27.705909741160873],[85.33495479307572,27.70591318261386]]}},{"type":"Feature","properties":{},"geometry":{"type":"LineString","coordinates":[[85.33492337105017,27.705971807065872],[85.3349217442654,27.705976762354688]]}},{"type":"Feature","properties":{},"geometry":{"type":"LineString","coordinates":[[85.33497740459065,27.705982591759884],[85.33497558865083,27.705986313695472]]}},{"type":"Feature","properties":{},"geometry":{"type":"LineString","coordinates":[[85.33502803601876,27.705991700090635],[85.33502835979654,27.705988141618903]]}},{"type":"Feature","properties":{},"geometry":{"type":"LineString","coordinates":[[85.33507557560853,27.706000269396934],[85.33508748784766,27.70599713822249]]}},{"type":"Feature","properties":{},"geometry":{"type":"LineString","coordinates":[[85.33507534597604,27.705999965183135],[85.33508640390674,27.705964606295733]]}},{"type":"Feature","properties":{},"geometry":{"type":"LineString","coordinates":[[85.33507402590982,27.706086502078623],[85.33507466260919,27.70608310531689]]}},{"type":"Feature","properties":{},"geometry":{"type":"LineString","coordinates":[[85.33508049562369,27.706087510424926],[85.33508055092686,27.706100364309524]]}},{"type":"Feature","properties":{},"geometry":{"type":"LineString","coordinates":[[85.33509798008451,27.70608859619815],[85.33509757424765,27.706099896662483]]}},{"type":"Feature","properties":{},"geometry":{"type":"LineString","coordinates":[[85.33537194771408,27.706097586227312],[85.33536595234995,27.7061195047693]]}},{"type":"Feature","properties":{},"geometry":{"type":"LineString","coordinates":[[85.33547003176487,27.706102834423902],[85.33547441211005,27.706121970624228]]}},{"type":"Feature","properties":{},"geometry":{"type":"LineString","coordinates":[[85.33529138059521,27.706168166103883],[85.33530901441574,27.70616896663612]]}},{"type":"Feature","properties":{},"geometry":{"type":"LineString","coordinates":[[85.33528799499494,27.706186507631156],[85.33527245641935,27.706181889235108]]}},{"type":"Feature","properties":{},"geometry":{"type":"LineString","coordinates":[[85.33527990920841,27.706235436022265],[85.33526193467809,27.70623035871496]]}},{"type":"Feature","properties":{},"geometry":{"type":"LineString","coordinates":[[85.33527297458812,27.70627807303999],[85.33529217288314,27.706283099177377]]}},{"type":"Feature","properties":{},"geometry":{"type":"LineString","coordinates":[[85.33526701815606,27.706311785670067],[85.33528715574656,27.70631592687228]]}},{"type":"Feature","properties":{},"geometry":{"type":"LineString","coordinates":[[85.33526730244051,27.706308156323807],[85.33524687200138,27.706304134343608]]}},{"type":"Feature","properties":{},"geometry":{"type":"LineString","coordinates":[[85.33526154994452,27.706353884351348],[85.33523486897407,27.70635084679035]]}},{"type":"Feature","properties":{},"geometry":{"type":"LineString","coordinates":[[85.33601707368922,27.70539758971987],[85.33602487424639,27.7054146758107]]}},{"type":"Feature","properties":{},"geometry":{"type":"LineString","coordinates":[[85.33594911328478,27.70541779587149],[85.33595501307124,27.70542976241251]]}},{"type":"Feature","properties":{},"geometry":{"type":"LineString","coordinates":[[85.33592651749743,27.705423224746998],[85.33592203923936,27.705409601062435]]}},{"type":"Feature","properties":{},"geometry":{"type":"LineString","coordinates":[[85.3358155126736,27.705445574986328],[85.33580358522053,27.705468221895142]]}},{"type":"Feature","properties":{},"geometry":{"type":"LineString","coordinates":[[85.33581164261774,27.70544185688321],[85.3358017540832,27.705465531038236]]}},{"type":"Feature","properties":{},"geometry":{"type":"LineString","coordinates":[[85.33580943462687,27.70543867321586],[85.33579852746719,27.705460509264444]]}},{"type":"Feature","properties":{},"geometry":{"type":"LineString","coordinates":[[85.33570185255904,27.705433610728747],[85.3356913139322,27.70542762375972]]}},{"type":"Feature","properties":{},"geometry":{"type":"LineString","coordinates":[[85.33562045390028,27.705533767337368],[85.33563486914767,27.705543307332142]]}},{"type":"Feature","properties":{},"geometry":{"type":"LineString","coordinates":[[85.33556371460556,27.705606447119276],[85.33554553816093,27.70559670665252]]}},{"type":"Feature","properties":{},"geometry":{"type":"LineString","coordinates":[[85.33556284992639,27.705607160567702],[85.3355468126619,27.705597453946037]]}},{"type":"Feature","properties":{},"geometry":{"type":"LineString","coordinates":[[85.33555111743502,27.705779764051],[85.33556152807195,27.705777616609673]]}},{"type":"Feature","properties":{},"geometry":{"type":"LineString","coordinates":[[85.33555092737083,27.705783132791712],[85.33556227597951,27.705781055294658]]}},{"type":"Feature","properties":{},"geometry":{"type":"LineString","coordinates":[[85.33561885932828,27.705889684308683],[85.33561913462398,27.705914304683862]]}},{"type":"Feature","properties":{},"geometry":{"type":"LineString","coordinates":[[85.33554746922104,27.705941070037465],[85.33552340698093,27.705948233962413]]}},{"type":"Feature","properties":{},"geometry":{"type":"LineString","coordinates":[[85.33554768554112,27.705938710663975],[85.33552263050618,27.705936656636148]]}},{"type":"Feature","properties":{},"geometry":{"type":"LineString","coordinates":[[85.33553693047337,27.706125948109584],[85.33555369911456,27.706131435982186]]}},{"type":"Feature","properties":{},"geometry":{"type":"LineString","coordinates":[[85.33554041944565,27.706237341322293],[85.3355283450704,27.706234251110523]]}},{"type":"Feature","properties":{},"geometry":{"type":"LineString","coordinates":[[85.33553752629744,27.706248696720007],[85.33552819619999,27.706248867929904]]}},{"type":"Feature","properties":{},"geometry":{"type":"LineString","coordinates":[[85.33584159638603,27.7058726866957],[85.33583667895806,27.705854724583833]]}},{"type":"Feature","properties":{},"geometry":{"type":"LineString","coordinates":[[85.33589456488053,27.70586718885171],[85.3358915581088,27.70584955116312]]}},{"type":"Feature","properties":{},"geometry":{"type":"LineString","coordinates":[[85.33593006243157,27.705861185824862],[85.33593156705406,27.70587196141339]]}},{"type":"Feature","properties":{},"geometry":{"type":"LineString","coordinates":[[85.33593599303984,27.70586023092037],[85.33593697656903,27.70587166542426]]}},{"type":"Feature","properties":{},"geometry":{"type":"LineString","coordinates":[[85.33612111852908,27.705830431096892],[85.33611734358848,27.70581723555819]]}},{"type":"Feature","properties":{},"geometry":{"type":"LineString","coordinates":[[85.33614441089986,27.7058270178379],[85.33614543890673,27.70583198068494]]}},{"type":"Feature","properties":{},"geometry":{"type":"LineString","coordinates":[[85.33471683901686,27.705751273621786],[85.33470325984834,27.705772887894284]]}},{"type":"Feature","properties":{},"geometry":{"type":"LineString","coordinates":[[85.33474441729386,27.705761521716333],[85.33473160069163,27.7057883456603]]}},{"type":"Feature","properties":{},"geometry":{"type":"LineString","coordinates":[[85.33477207109628,27.70577207216589],[85.33477718197045,27.70576079129992]]}},{"type":"Feature","properties":{},"geometry":{"type":"LineString","coordinates":[[85.33479296948292,27.705782800375612],[85.33478393628997,27.705808630100503]]}},{"type":"Feature","properties":{},"geometry":{"type":"LineString","coordinates":[[85.33483776323492,27.705807504112183],[85.33486061228525,27.705814788179275]]}},{"type":"Feature","properties":{},"geometry":{"type":"LineString","coordinates":[[85.33484156861759,27.70580933603614],[85.33486646866956,27.70581184320709]]}},{"type":"Feature","properties":{},"geometry":{"type":"LineString","coordinates":[[85.33466819144103,27.70566576831102],[85.3346596753061,27.705661491560555]]}},{"type":"Feature","properties":{},"geometry":{"type":"LineString","coordinates":[[85.33481217721925,27.705580593013575],[85.33481912155413,27.705570512029404]]}},{"type":"Feature","properties":{},"geometry":{"type":"LineString","coordinates":[[85.33489630336823,27.705629962740915],[85.33488472569387,27.705645054911642]]}},{"type":"Feature","properties":{},"geometry":{"type":"LineString","coordinates":[[85.33491847419232,27.705643910291368],[85.33494598393963,27.705640640024523]]}},{"type":"Feature","properties":{},"geometry":{"type":"LineString","coordinates":[[85.33490009963286,27.705632661904364],[85.33493116339775,27.705651783343633]]}},{"type":"Feature","properties":{},"geometry":{"type":"LineString","coordinates":[[85.33492143993527,27.705645407194968],[85.33498473985729,27.705676364332323]]}},{"type":"Feature","properties":{},"geometry":{"type":"LineString","coordinates":[[85.33489830910966,27.705631304591584],[85.33491829477116,27.705667211983208]]}},{"type":"Feature","properties":{},"geometry":{"type":"LineString","coordinates":[[85.33512273083652,27.70515361339401],[85.3350961982721,27.705130268409665]]}},{"type":"Feature","properties":{},"geometry":{"type":"LineString","coordinates":[[85.33482926448953,27.705465860585093],[85.33480612451064,27.70545016034332]]}},{"type":"Feature","properties":{},"geometry":{"type":"LineString","coordinates":[[85.33488719303776,27.705213385723965],[85.33487221147662,27.705213232586523]]}},{"type":"Feature","properties":{},"geometry":{"type":"LineString","coordinates":[[85.33487917736684,27.70515331482933],[85.33486471831102,27.70513845369743]]}},{"type":"Feature","properties":{},"geometry":{"type":"LineString","coordinates":[[85.33487761640127,27.705151398891473],[85.33484560923006,27.705148936201]]}},{"type":"Feature","properties":{},"geometry":{"type":"LineString","coordinates":[[85.33487708292542,27.705148999813154],[85.33484441918831,27.70515017372304]]}},{"type":"Feature","properties":{},"geometry":{"type":"LineString","coordinates":[[85.33491227839704,27.70539173539432],[85.33492165295166,27.705397713834213]]}},{"type":"Feature","properties":{},"geometry":{"type":"LineString","coordinates":[[85.33505421328368,27.705467307363143],[85.33505155173054,27.705475697048186]]}},{"type":"Feature","properties":{},"geometry":{"type":"LineString","coordinates":[[85.33505907736124,27.705470140307472],[85.33506439902175,27.70546367436315]]}},{"type":"Feature","properties":{},"geometry":{"type":"LineString","coordinates":[[85.335056828466,27.70546865022391],[85.33507278881208,27.70548689139469]]}},{"type":"Feature","properties":{},"geometry":{"type":"LineString","coordinates":[[85.33494276808185,27.705362844171255],[85.33492177351414,27.70534776904861]]}},{"type":"Feature","properties":{},"geometry":{"type":"LineString","coordinates":[[85.33495804507304,27.705344811757122],[85.33496583510419,27.70534902289439]]}},{"type":"Feature","properties":{},"geometry":{"type":"LineString","coordinates":[[85.33496623503498,27.70519653188516],[85.3349708307813,27.70519459613841]]}},{"type":"Feature","properties":{},"geometry":{"type":"LineString","coordinates":[[85.33495740021046,27.70517958583021],[85.33495172270597,27.70518110422197]]}},{"type":"Feature","properties":{},"geometry":{"type":"LineString","coordinates":[[85.33492429168469,27.70511315067491],[85.33492898883179,27.705110146626936]]}},{"type":"Feature","properties":{},"geometry":{"type":"LineString","coordinates":[[85.33490628640264,27.705077656105548],[85.33490031032676,27.705079938071773]]}},{"type":"Feature","properties":{},"geometry":{"type":"LineString","coordinates":[[85.33488425712653,27.70503596315107],[85.33489455917811,27.70503254817352]]}},{"type":"Feature","properties":{},"geometry":{"type":"LineString","coordinates":[[85.33479847269506,27.705018827922338],[85.33480086271432,27.705024846900226]]}},{"type":"Feature","properties":{},"geometry":{"type":"LineString","coordinates":[[85.33478676091755,27.70502352289908],[85.33475821406526,27.70504060683238]]}},{"type":"Feature","properties":{},"geometry":{"type":"LineString","coordinates":[[85.33478530581654,27.70502418501513],[85.33477035250488,27.70502451055901]]}},{"type":"Feature","properties":{},"geometry":{"type":"LineString","coordinates":[[85.3348567629359,27.704999219927856],[85.33485218638583,27.704953881213765]]}},{"type":"Feature","properties":{},"geometry":{"type":"LineString","coordinates":[[85.33507322105015,27.705252920323602],[85.33506484418236,27.705261779187417]]}},{"type":"Feature","properties":{},"geometry":{"type":"LineString","coordinates":[[85.33512297633885,27.70528324515615],[85.3351197498158,27.705293180434715]]}},{"type":"Feature","properties":{},"geometry":{"type":"LineString","coordinates":[[85.33514333002537,27.70529798672018],[85.33515099626749,27.705292251154862]]}},{"type":"Feature","properties":{},"geometry":{"type":"LineString","coordinates":[[85.33524341676224,27.705357697376098],[85.33524751896998,27.705368632372338]]}},{"type":"Feature","properties":{},"geometry":{"type":"LineString","coordinates":[[85.33526186472427,27.705367850904047],[85.33528561862909,27.705378851653656]]}},{"type":"Feature","properties":{},"geometry":{"type":"LineString","coordinates":[[85.33526364693097,27.70536882091798],[85.33528568372753,27.705372760220808]]}},{"type":"Feature","properties":{},"geometry":{"type":"LineString","coordinates":[[85.33519255253262,27.70515341159794],[85.33519685777773,27.705146297125225]]}},{"type":"Feature","properties":{},"geometry":{"type":"LineString","coordinates":[[85.33524403601452,27.705179980900276],[85.33524083602468,27.70518462936056]]}},{"type":"Feature","properties":{},"geometry":{"type":"LineString","coordinates":[[85.33534359229068,27.705231879846554],[85.33534716301507,27.70522639015232]]}},{"type":"Feature","properties":{},"geometry":{"type":"LineString","coordinates":[[85.3354203805987,27.705272232983624],[85.33542367908449,27.70526864439526]]}},{"type":"Feature","properties":{},"geometry":{"type":"LineString","coordinates":[[85.33547055878051,27.705295816214434],[85.33550036830907,27.705313190450358]]}},{"type":"Feature","properties":{},"geometry":{"type":"LineString","coordinates":[[85.33517821672497,27.705074925780764],[85.33515768676963,27.70506458293879]]}},{"type":"Feature","properties":{},"geometry":{"type":"LineString","coordinates":[[85.33518703735466,27.70505727508651],[85.33520315471378,27.705065773292677]]}},{"type":"Feature","properties":{},"geometry":{"type":"LineString","coordinates":[[85.33519568799414,27.70504240491032],[85.33521194100672,27.705050985073896]]}},{"type":"Feature","properties":{},"geometry":{"type":"LineString","coordinates":[[85.33519861595009,27.70502775472481],[85.33521970079462,27.705035012096033]]}},{"type":"Feature","properties":{},"geometry":{"type":"LineString","coordinates":[[85.33522207806118,27.704941013876653],[85.33523884785787,27.704942739062815]]}},{"type":"Feature","properties":{},"geometry":{"type":"LineString","coordinates":[[85.33522586299489,27.7046589789598],[85.33522935602501,27.704657270020228]]}},{"type":"Feature","properties":{},"geometry":{"type":"LineString","coordinates":[[85.33521889868415,27.704646202635733],[85.33520171927886,27.7046511550066]]}},{"type":"Feature","properties":{},"geometry":{"type":"LineString","coordinates":[[85.33518012622291,27.70455701561717],[85.33516170197912,27.70456113891162]]}},{"type":"Feature","properties":{},"geometry":{"type":"LineString","coordinates":[[85.3351779736185,27.704552724274546],[85.3351622933517,27.70455391388643]]}},{"type":"Feature","properties":{},"geometry":{"type":"LineString","coordinates":[[85.33529689453485,27.7047948186564],[85.33530856765894,27.704817181635644]]}},{"type":"Feature","properties":{},"geometry":{"type":"LineString","coordinates":[[85.3353478053055,27.7047788790207],[85.3353429870705,27.704766414618643]]}},{"type":"Feature","properties":{},"geometry":{"type":"LineString","coordinates":[[85.33524168676185,27.704444277386735],[85.3352441331975,27.704447382700447]]}},{"type":"Feature","properties":{},"geometry":{"type":"LineString","coordinates":[[85.3352438279167,27.70444257655743],[85.33523983800708,27.704432796371027]]}},{"type":"Feature","properties":{},"geometry":{"type":"LineString","coordinates":[[85.33525354187991,27.704438818729457],[85.33529137188597,27.70440946693921]]}},{"type":"Feature","properties":{},"geometry":{"type":"LineString","coordinates":[[85.33377034278806,27.704670572996687],[85.33377039860038,27.704659558946233]]}},{"type":"Feature","properties":{},"geometry":{"type":"LineString","coordinates":[[85.33381887383753,27.704760136866344],[85.33388179261667,27.704742776386922],[85.33385418179782,27.70467122291911]]}},{"type":"Feature","properties":{},"geometry":{"type":"LineString","coordinates":[[85.33446390749319,27.705720906722306],[85.33447683350595,27.70570223866251]]}},{"type":"Feature","properties":{},"geometry":{"type":"LineString","coordinates":[[85.33434229408235,27.70566046534662],[85.33435390021661,27.70564964623891]]}},{"type":"Feature","properties":{},"geometry":{"type":"LineString","coordinates":[[85.3342438575926,27.705603017646105],[85.33425265001017,27.705594446334175]]}},{"type":"Feature","properties":{},"geometry":{"type":"LineString","coordinates":[[85.33417441049365,27.70548215628467],[85.33418486461808,27.70547914843733]]}},{"type":"Feature","properties":{},"geometry":{"type":"LineString","coordinates":[[85.33411305664534,27.705290887778414],[85.33412390953762,27.705287929861623]]}},{"type":"Feature","properties":{},"geometry":{"type":"LineString","coordinates":[[85.33410788060374,27.705280089652224],[85.3340867626025,27.705289968433753]]}},{"type":"Feature","properties":{},"geometry":{"type":"LineString","coordinates":[[85.33415513688011,27.705219772320316],[85.33415841816797,27.70522726416528]]}},{"type":"Feature","properties":{},"geometry":{"type":"LineString","coordinates":[[85.33426809140776,27.705181360725526],[85.33426416838721,27.705174724901248]]}},{"type":"Feature","properties":{},"geometry":{"type":"LineString","coordinates":[[85.33426616641466,27.70517397004361],[85.33426927470869,27.705180967914583]]}},{"type":"Feature","properties":{},"geometry":{"type":"LineString","coordinates":[[85.3342688564477,27.705172854370122],[85.33427110401834,27.705180505258003]]}},{"type":"Feature","properties":{},"geometry":{"type":"LineString","coordinates":[[85.3342709345074,27.7051715706785],[85.33427291106973,27.7051792381613]]}},{"type":"Feature","properties":{},"geometry":{"type":"LineString","coordinates":[[85.33436646141712,27.70513394389556],[85.33436943418232,27.705139316445784]]}},{"type":"Feature","properties":{},"geometry":{"type":"LineString","coordinates":[[85.33445135376962,27.705101188314686],[85.3344946824291,27.705087530577945]]}},{"type":"Feature","properties":{},"geometry":{"type":"LineString","coordinates":[[85.33406603688614,27.70516022290758],[85.33407740670162,27.705153743146443]]}},{"type":"Feature","properties":{},"geometry":{"type":"LineString","coordinates":[[85.33406094983019,27.70514650519831],[85.33403110091882,27.705153701212534]]}},{"type":"Feature","properties":{},"geometry":{"type":"LineString","coordinates":[[85.33411135959572,27.70510649440128],[85.3341083586588,27.70510137512349]]}},{"type":"Feature","properties":{},"geometry":{"type":"LineString","coordinates":[[85.33415479986553,27.705073343933424],[85.33416723018122,27.705083765446474]]}},{"type":"Feature","properties":{},"geometry":{"type":"LineString","coordinates":[[85.33416700776775,27.70506803402717],[85.33415610211027,27.70504522982215]]}},{"type":"Feature","properties":{},"geometry":{"type":"LineString","coordinates":[[85.33426100380692,27.705032047779476],[85.3342547890564,27.705018999736986]]}},{"type":"Feature","properties":{},"geometry":{"type":"LineString","coordinates":[[85.33432094644073,27.705010011279295],[85.33432518226462,27.705019286312815]]}},{"type":"Feature","properties":{},"geometry":{"type":"LineString","coordinates":[[85.33436796498893,27.704990430319437],[85.33435573946757,27.704973869433566]]}},{"type":"Feature","properties":{},"geometry":{"type":"LineString","coordinates":[[85.33438131695735,27.704986975362353],[85.3343858269389,27.70499716165859]]}},{"type":"Feature","properties":{},"geometry":{"type":"LineString","coordinates":[[85.33439485768345,27.704983778096903],[85.33442853969838,27.704983592200804]]}},{"type":"Feature","properties":{},"geometry":{"type":"LineString","coordinates":[[85.33403531214448,27.705090973212112],[85.3340119935543,27.705099656696564]]}},{"type":"Feature","properties":{},"geometry":{"type":"LineString","coordinates":[[85.33399747041524,27.705010596958587],[85.33400685785125,27.70500504282688]]}},{"type":"Feature","properties":{},"geometry":{"type":"LineString","coordinates":[[85.33398041491814,27.70497468229027],[85.3339869320388,27.70496922809414]]}},{"type":"Feature","properties":{},"geometry":{"type":"LineString","coordinates":[[85.33396356286117,27.70493919426714],[85.33393605462346,27.704950784971775]]}},{"type":"Feature","properties":{},"geometry":{"type":"LineString","coordinates":[[85.33393274162185,27.70487883982667],[85.33395554047895,27.704868319726952]]}},{"type":"Feature","properties":{},"geometry":{"type":"LineString","coordinates":[[85.33414609239377,27.704830750071526],[85.334145976386,27.704824435336462]]}},{"type":"Feature","properties":{},"geometry":{"type":"LineString","coordinates":[[85.33420306933988,27.704813417220695],[85.33420544488287,27.704820920728835]]}},{"type":"Feature","properties":{},"geometry":{"type":"LineString","coordinates":[[85.33421906643652,27.704809798256253],[85.33421504942214,27.704790058977377]]}},{"type":"Feature","properties":{},"geometry":{"type":"LineString","coordinates":[[85.3342254579529,27.70480767114198],[85.33422466859409,27.70480222468028]]}},{"type":"Feature","properties":{},"geometry":{"type":"LineString","coordinates":[[85.33428977938574,27.704787758696785],[85.33429342793787,27.704794037417876]]}},{"type":"Feature","properties":{},"geometry":{"type":"LineString","coordinates":[[85.33404281130467,27.704772316125823],[85.33403972268096,27.70475975336223]]}},{"type":"Feature","properties":{},"geometry":{"type":"LineString","coordinates":[[85.3340733874231,27.704760098944675],[85.33410327739979,27.704744719086015]]}},{"type":"Feature","properties":{},"geometry":{"type":"LineString","coordinates":[[85.33377144512508,27.70467250508708],[85.33375233059273,27.70463983374281]]}},{"type":"Feature","properties":{},"geometry":{"type":"LineString","coordinates":[[85.33378752882419,27.704702027051912],[85.33377602555431,27.704703677443327]]}},{"type":"Feature","properties":{},"geometry":{"type":"LineString","coordinates":[[85.33379308668914,27.70471485510754],[85.33380022427322,27.70471021075529]]}},{"type":"Feature","properties":{},"geometry":{"type":"LineString","coordinates":[[85.33381991744056,27.704761996947962],[85.33397894975128,27.70470589242623]]}},{"type":"Feature","properties":{},"geometry":{"type":"LineString","coordinates":[[85.33376936545814,27.70802260112799],[85.33378637420591,27.70802538085082]]}},{"type":"Feature","properties":{},"geometry":{"type":"LineString","coordinates":[[85.33377186265884,27.70801682959907],[85.33379014100196,27.70801834478904]]}},{"type":"Feature","properties":{},"geometry":{"type":"LineString","coordinates":[[85.33376910790432,27.70785864625024],[85.33374261814133,27.707856952784827]]}},{"type":"Feature","properties":{},"geometry":{"type":"LineString","coordinates":[[85.33377215713931,27.70771405296161],[85.3337386019511,27.707709108299653]]}},{"type":"Feature","properties":{},"geometry":{"type":"LineString","coordinates":[[85.33377681576975,27.70769130521764],[85.3337423058633,27.707687992607298]]}},{"type":"Feature","properties":{},"geometry":{"type":"LineString","coordinates":[[85.33378024312516,27.707675241376364],[85.33378590821619,27.70767841975761]]}},{"type":"Feature","properties":{},"geometry":{"type":"LineString","coordinates":[[85.33378622026669,27.707596827595083],[85.33379853032697,27.70760003000725]]}},{"type":"Feature","properties":{},"geometry":{"type":"LineString","coordinates":[[85.3337894122125,27.707546539840184],[85.3337395505316,27.70750762818129]]}},{"type":"Feature","properties":{},"geometry":{"type":"LineString","coordinates":[[85.33378992024699,27.7075382668661],[85.33376632476431,27.707514219596767]]}},{"type":"Feature","properties":{},"geometry":{"type":"LineString","coordinates":[[85.33400907262714,27.707535441626376],[85.33401359099003,27.707549818573565]]}},{"type":"Feature","properties":{},"geometry":{"type":"LineString","coordinates":[[85.33401531220683,27.707534782050292],[85.33401068366507,27.707525854275804]]}},{"type":"Feature","properties":{},"geometry":{"type":"LineString","coordinates":[[85.3340405198048,27.707524948005382],[85.33403997297863,27.707518889826822]]}},{"type":"Feature","properties":{},"geometry":{"type":"LineString","coordinates":[[85.33415261901676,27.70752343698102],[85.3341557080409,27.707506943955323]]}},{"type":"Feature","properties":{},"geometry":{"type":"LineString","coordinates":[[85.33417197657245,27.7075237313207],[85.33416762092946,27.707545098216144]]}},{"type":"Feature","properties":{},"geometry":{"type":"LineString","coordinates":[[85.33423570063347,27.707526692313316],[85.33423231257808,27.707548651195122]]}},{"type":"Feature","properties":{},"geometry":{"type":"LineString","coordinates":[[85.33424165801118,27.707526718879002],[85.33426224367425,27.70752320568645]]}},{"type":"Feature","properties":{},"geometry":{"type":"LineString","coordinates":[[85.33347603486153,27.708168551820332],[85.3334743260038,27.70816228740695]]}},{"type":"Feature","properties":{},"geometry":{"type":"LineString","coordinates":[[85.33348670892396,27.708168972762245],[85.33348545432386,27.708162778801807]]}},{"type":"Feature","properties":{},"geometry":{"type":"LineString","coordinates":[[85.33364400114884,27.708168784284627],[85.33364237475499,27.70816223114731]]}},{"type":"Feature","properties":{},"geometry":{"type":"LineString","coordinates":[[85.3336902185197,27.70816231613565],[85.33368229153699,27.708136413199462]]}},{"type":"Feature","properties":{},"geometry":{"type":"LineString","coordinates":[[85.33394107407105,27.70814445805065],[85.33393940350742,27.708113515683916]]}},{"type":"Feature","properties":{},"geometry":{"type":"LineString","coordinates":[[85.33411864156203,27.708133560634995],[85.3341206654343,27.708099806162444]]}},{"type":"Feature","properties":{},"geometry":{"type":"LineString","coordinates":[[85.33458765679535,27.708110604619762],[85.33459308379251,27.708079522917632]]}},{"type":"Feature","properties":{},"geometry":{"type":"LineString","coordinates":[[85.33466970310276,27.708116822956097],[85.33466506756353,27.70806568826957]]}},{"type":"Feature","properties":{},"geometry":{"type":"LineString","coordinates":[[85.33469527226411,27.708116372444668],[85.33468832962998,27.708046677942153]]}},{"type":"Feature","properties":{},"geometry":{"type":"LineString","coordinates":[[85.33468936075259,27.70811646197574],[85.33466233011596,27.70795521931574]]}},{"type":"Feature","properties":{},"geometry":{"type":"LineString","coordinates":[[85.33481762157604,27.708111455250446],[85.33481795386213,27.708105401332126]]}},{"type":"Feature","properties":{},"geometry":{"type":"LineString","coordinates":[[85.33469254343177,27.708116566153514],[85.33467779298691,27.707962900130358]]}},{"type":"Feature","properties":{},"geometry":{"type":"LineString","coordinates":[[85.33341741617528,27.70755636590995],[85.33342725265284,27.7075558453385]]}},{"type":"Feature","properties":{},"geometry":{"type":"LineString","coordinates":[[85.3334176644106,27.707691946308067],[85.33343003531004,27.70769308084157]]}},{"type":"Feature","properties":{},"geometry":{"type":"LineString","coordinates":[[85.33342309950818,27.70783694769324],[85.33342648301132,27.707837115691227]]}},{"type":"Feature","properties":{},"geometry":{"type":"LineString","coordinates":[[85.33342333993336,27.7079710396881],[85.33344307764963,27.707974015671898]]}},{"type":"Feature","properties":{},"geometry":{"type":"LineString","coordinates":[[85.33341809065577,27.708085677010246],[85.33342841185421,27.70808616139898]]}},{"type":"Feature","properties":{},"geometry":{"type":"LineString","coordinates":[[85.33341695204389,27.70749496618105],[85.3334308278082,27.7074965692051]]}},{"type":"Feature","properties":{},"geometry":{"type":"LineString","coordinates":[[85.33343857000511,27.70728109834089],[85.33346938828937,27.70728349020051]]}},{"type":"Feature","properties":{},"geometry":{"type":"LineString","coordinates":[[85.3334402271017,27.707251804378366],[85.33347450371465,27.707254310078977]]}},{"type":"Feature","properties":{},"geometry":{"type":"LineString","coordinates":[[85.33344638677772,27.70719922378691],[85.33347577645294,27.707201531655283]]}},{"type":"Feature","properties":{},"geometry":{"type":"LineString","coordinates":[[85.33346207132323,27.70712692343873],[85.33347335746603,27.707131368997]]}},{"type":"Feature","properties":{},"geometry":{"type":"LineString","coordinates":[[85.33346217734008,27.707124618700437],[85.33347402299877,27.707129481655297]]}},{"type":"Feature","properties":{},"geometry":{"type":"LineString","coordinates":[[85.33349920066834,27.707019998627235],[85.33350958619404,27.707021181452294]]}},{"type":"Feature","properties":{},"geometry":{"type":"LineString","coordinates":[[85.33352129864578,27.70693819581935],[85.3335328527983,27.70693901815377]]}},{"type":"Feature","properties":{},"geometry":{"type":"LineString","coordinates":[[85.33352526635935,27.706923209815443],[85.3335368918567,27.706925609763005]]}},{"type":"Feature","properties":{},"geometry":{"type":"LineString","coordinates":[[85.33363963699041,27.706829317160203],[85.33364107138732,27.706833822808687]]}},{"type":"Feature","properties":{},"geometry":{"type":"LineString","coordinates":[[85.33372463458848,27.706839985024175],[85.33372374733105,27.706846119805743]]}},{"type":"Feature","properties":{},"geometry":{"type":"LineString","coordinates":[[85.3337336264221,27.706839587838456],[85.33373638675087,27.706861942930846]]}},{"type":"Feature","properties":{},"geometry":{"type":"LineString","coordinates":[[85.33379186493669,27.70675285707411],[85.33380177292523,27.706756034178905]]}},{"type":"Feature","properties":{},"geometry":{"type":"LineString","coordinates":[[85.33380750288498,27.706713833128436],[85.33378793503744,27.706703896977668]]}},{"type":"Feature","properties":{},"geometry":{"type":"LineString","coordinates":[[85.33383346630295,27.706657518767642],[85.33383998007969,27.706660099945026]]}},{"type":"Feature","properties":{},"geometry":{"type":"LineString","coordinates":[[85.33388320803031,27.706548072291458],[85.33388071157133,27.70653077375381]]}},{"type":"Feature","properties":{},"geometry":{"type":"LineString","coordinates":[[85.3338757606699,27.706564752931083],[85.33388443425048,27.706567012621406]]}},{"type":"Feature","properties":{},"geometry":{"type":"LineString","coordinates":[[85.33387355569228,27.70687623338302],[85.33388354984973,27.706856456064465]]}},{"type":"Feature","properties":{},"geometry":{"type":"LineString","coordinates":[[85.33393646211522,27.706900877447815],[85.33394814227113,27.706904886362906]]}},{"type":"Feature","properties":{},"geometry":{"type":"LineString","coordinates":[[85.33398309241633,27.706832425215953],[85.33399062367137,27.706834717181284]]}},{"type":"Feature","properties":{},"geometry":{"type":"LineString","coordinates":[[85.33401975977112,27.706773819012],[85.33400513905,27.70676578814793]]}},{"type":"Feature","properties":{},"geometry":{"type":"LineString","coordinates":[[85.33408133631336,27.706680218369236],[85.33406703505521,27.706672586673555]]}},{"type":"Feature","properties":{},"geometry":{"type":"LineString","coordinates":[[85.3340957802255,27.706659572180737],[85.33410069667829,27.706661228864338]]}},{"type":"Feature","properties":{},"geometry":{"type":"LineString","coordinates":[[85.33412630177534,27.706615606250974],[85.33413111064206,27.70661746922518]]}},{"type":"Feature","properties":{},"geometry":{"type":"LineString","coordinates":[[85.33418407748304,27.706551366698015],[85.33416798360282,27.706534172583126]]}},{"type":"Feature","properties":{},"geometry":{"type":"LineString","coordinates":[[85.3341923853372,27.706547996373367],[85.33420101457386,27.70653174872141]]}},{"type":"Feature","properties":{},"geometry":{"type":"LineString","coordinates":[[85.33419506137236,27.706547203647073],[85.33421307577737,27.70654184628898]]}},{"type":"Feature","properties":{},"geometry":{"type":"LineString","coordinates":[[85.33399524595754,27.70705702303377],[85.33401577746022,27.707069682918313]]}},{"type":"Feature","properties":{},"geometry":{"type":"LineString","coordinates":[[85.33399363231213,27.707056571290547],[85.33402132802502,27.70706030814885]]}},{"type":"Feature","properties":{},"geometry":{"type":"LineString","coordinates":[[85.33388746018257,27.707033571694684],[85.33387132090536,27.70706020572546]]}},{"type":"Feature","properties":{},"geometry":{"type":"LineString","coordinates":[[85.33381458884688,27.70713755098298],[85.3337989848966,27.7071487749933]]}},{"type":"Feature","properties":{},"geometry":{"type":"LineString","coordinates":[[85.33360594312465,27.706686720215465],[85.33362676775236,27.706691361820177]]}},{"type":"Feature","properties":{},"geometry":{"type":"LineString","coordinates":[[85.33365986847957,27.7065565682525],[85.33367055692946,27.7065595688362]]}},{"type":"Feature","properties":{},"geometry":{"type":"LineString","coordinates":[[85.33366123624758,27.706552979933655],[85.33367085150624,27.706556667074175]]}},{"type":"Feature","properties":{},"geometry":{"type":"LineString","coordinates":[[85.33373378630792,27.706422144176933],[85.3337384056165,27.706439616288996]]}},{"type":"Feature","properties":{},"geometry":{"type":"LineString","coordinates":[[85.33376710008766,27.706363871323113],[85.33377450382372,27.706368746667295]]}},{"type":"Feature","properties":{},"geometry":{"type":"LineString","coordinates":[[85.33379828059469,27.706311378885147],[85.3338052369628,27.70631673170684]]}},{"type":"Feature","properties":{},"geometry":{"type":"LineString","coordinates":[[85.33386852413203,27.706199708005286],[85.33388270770082,27.706204068364308]]}},{"type":"Feature","properties":{},"geometry":{"type":"LineString","coordinates":[[85.3337198133729,27.705516927715795],[85.33371824729385,27.705503671162433]]}},{"type":"Feature","properties":{},"geometry":{"type":"LineString","coordinates":[[85.33388056189737,27.706163759923882],[85.33390620477336,27.706167170637613]]}},{"type":"Feature","properties":{},"geometry":{"type":"LineString","coordinates":[[85.33387581926209,27.706142924332315],[85.33394517273034,27.70611017520612]]}},{"type":"Feature","properties":{},"geometry":{"type":"LineString","coordinates":[[85.3337344326915,27.70551623002693],[85.33373313464179,27.705503353063417]]}},{"type":"Feature","properties":{},"geometry":{"type":"LineString","coordinates":[[85.33385271797476,27.705508427958495],[85.33385018055507,27.705497029798284]]}},{"type":"Feature","properties":{},"geometry":{"type":"LineString","coordinates":[[85.33354001638371,27.705415575750077],[85.33354997451092,27.70540944005932]]}},{"type":"Feature","properties":{},"geometry":{"type":"LineString","coordinates":[[85.33351543897878,27.70537349811777],[85.33352028160445,27.70536906532895]]}},{"type":"Feature","properties":{},"geometry":{"type":"LineString","coordinates":[[85.33346439600056,27.705283005869017],[85.3334777160723,27.705275314950093]]}},{"type":"Feature","properties":{},"geometry":{"type":"LineString","coordinates":[[85.3333685865381,27.705111349831267],[85.33337124575709,27.70510545660726]]}},{"type":"Feature","properties":{},"geometry":{"type":"LineString","coordinates":[[85.33328927624994,27.704963709783726],[85.33329793520821,27.70495851607286]]}},{"type":"Feature","properties":{},"geometry":{"type":"LineString","coordinates":[[85.33326897569737,27.704930482566606],[85.33327793514962,27.70492673474995]]}},{"type":"Feature","properties":{},"geometry":{"type":"LineString","coordinates":[[85.33564122861557,27.703069970674626],[85.33564462661394,27.703079797887337]]}},{"type":"Feature","properties":{},"geometry":{"type":"LineString","coordinates":[[85.33559445721376,27.703083025122023],[85.33559751091914,27.703095359092636]]}},{"type":"Feature","properties":{},"geometry":{"type":"LineString","coordinates":[[85.33552749250457,27.7031066700727],[85.33553082396998,27.70312088017721]]}},{"type":"Feature","properties":{},"geometry":{"type":"LineString","coordinates":[[85.3353716912022,27.703153008222113],[85.3353767374462,27.703162005057774]]}},{"type":"Feature","properties":{},"geometry":{"type":"LineString","coordinates":[[85.33523190920239,27.703196509879103],[85.33523651302794,27.70320238579392]]}},{"type":"Feature","properties":{},"geometry":{"type":"LineString","coordinates":[[85.33522887282749,27.703197264900847],[85.3352336225267,27.70320335105924]]}},{"type":"Feature","properties":{},"geometry":{"type":"LineString","coordinates":[[85.33520554261297,27.703202137895612],[85.33520902909419,27.703210743225632]]}},{"type":"Feature","properties":{},"geometry":{"type":"LineString","coordinates":[[85.33500187350157,27.703262453575885],[85.33500966795418,27.703275180325836]]}},{"type":"Feature","properties":{},"geometry":{"type":"LineString","coordinates":[[85.33499944822441,27.70326283235848],[85.33500867892778,27.703275535768384]]}},{"type":"Feature","properties":{},"geometry":{"type":"LineString","coordinates":[[85.33492555840573,27.703287407281103],[85.33493275747675,27.70330281376703]]}},{"type":"Feature","properties":{},"geometry":{"type":"LineString","coordinates":[[85.33486010604166,27.703306401195817],[85.33486678335908,27.703322910643607]]}},{"type":"Feature","properties":{},"geometry":{"type":"LineString","coordinates":[[85.33478484033796,27.7033296246188],[85.33479289461052,27.703347477382824]]}},{"type":"Feature","properties":{},"geometry":{"type":"LineString","coordinates":[[85.33469699820294,27.703353190403096],[85.33469704563592,27.703362821188264]]}},{"type":"Feature","properties":{},"geometry":{"type":"LineString","coordinates":[[85.33469357004456,27.70335350115759],[85.33469717185962,27.703363791143474]]}},{"type":"Feature","properties":{},"geometry":{"type":"LineString","coordinates":[[85.33444738385184,27.70351385676789],[85.33442629231888,27.70352281894254]]}},{"type":"Feature","properties":{},"geometry":{"type":"LineString","coordinates":[[85.33445467802068,27.70353187820697],[85.33443684357441,27.70354411521463]]}},{"type":"Feature","properties":{},"geometry":{"type":"LineString","coordinates":[[85.33447102337945,27.703563670452304],[85.33448095388805,27.703562009199025]]}},{"type":"Feature","properties":{},"geometry":{"type":"LineString","coordinates":[[85.33446156137522,27.70360024979936],[85.33448151433312,27.703588337021813]]}},{"type":"Feature","properties":{},"geometry":{"type":"LineString","coordinates":[[85.33449320759462,27.70360902156246],[85.33447101965841,27.703620333429257]]}},{"type":"Feature","properties":{},"geometry":{"type":"LineString","coordinates":[[85.33451686482982,27.703660142345868],[85.33452569450164,27.703664996895466]]}},{"type":"Feature","properties":{},"geometry":{"type":"LineString","coordinates":[[85.33429537038788,27.70360763938709],[85.33427527383094,27.70361618660363]]}},{"type":"Feature","properties":{},"geometry":{"type":"LineString","coordinates":[[85.33435578675908,27.70374710279614],[85.33433718361526,27.703755000102912]]}},{"type":"Feature","properties":{},"geometry":{"type":"LineString","coordinates":[[85.3344087731936,27.70385879826971],[85.33438970021393,27.703869052806876]]}},{"type":"Feature","properties":{},"geometry":{"type":"LineString","coordinates":[[85.33441552362513,27.703872026943344],[85.33439561861505,27.70388164690533]]}},{"type":"Feature","properties":{},"geometry":{"type":"LineString","coordinates":[[85.33441990650103,27.70388083170966],[85.33443112616906,27.703878084860595]]}},{"type":"Feature","properties":{},"geometry":{"type":"LineString","coordinates":[[85.33450853775192,27.706447161761883],[85.33447605357928,27.706448572395704]]}},{"type":"Feature","properties":{},"geometry":{"type":"LineString","coordinates":[[85.33401185604941,27.704155239109383],[85.33406471523357,27.70413632692338]]}},{"type":"Feature","properties":{},"geometry":{"type":"LineString","coordinates":[[85.33401198081135,27.704155170211973],[85.33408275656343,27.704113551573652],[85.33409362389588,27.704133398567766]]}},{"type":"Feature","properties":{},"geometry":{"type":"LineString","coordinates":[[85.33400845118395,27.704151211567098],[85.33401484698093,27.70416648839011]]}},{"type":"Feature","properties":{},"geometry":{"type":"LineString","coordinates":[[85.3338869806189,27.704224793054195],[85.33388974958997,27.704228892370224]]}},{"type":"Feature","properties":{},"geometry":{"type":"LineString","coordinates":[[85.33386848221232,27.704235533685093],[85.33386977195018,27.704241216321474]]}},{"type":"Feature","properties":{},"geometry":{"type":"LineString","coordinates":[[85.33386525150605,27.704237596839558],[85.33377327672153,27.704285818673362]]}},{"type":"Feature","properties":{},"geometry":{"type":"LineString","coordinates":[[85.33452166090129,27.70407446619735],[85.33450582016573,27.704084022253763]]}},{"type":"Feature","properties":{},"geometry":{"type":"LineString","coordinates":[[85.33457113165205,27.70415539740148],[85.33458559523383,27.704172553800838]]}},{"type":"Feature","properties":{},"geometry":{"type":"LineString","coordinates":[[85.33444276013742,27.70420932455777],[85.33444612608425,27.704215581823682]]}},{"type":"Feature","properties":{},"geometry":{"type":"LineString","coordinates":[[85.33443004101542,27.704213649074262],[85.33443172162919,27.704222107239072]]}},{"type":"Feature","properties":{},"geometry":{"type":"LineString","coordinates":[[85.33438587197841,27.70423418766353],[85.33435740329574,27.704220766258338]]}},{"type":"Feature","properties":{},"geometry":{"type":"LineString","coordinates":[[85.33417437459752,27.70352044834659],[85.33417861944898,27.703528791158263]]}},{"type":"Feature","properties":{},"geometry":{"type":"LineString","coordinates":[[85.33417143178342,27.703521384980522],[85.3341771256903,27.703529061999042]]}},{"type":"Feature","properties":{},"geometry":{"type":"LineString","coordinates":[[85.33411345070846,27.703539844777282],[85.33411725033825,27.703547256216137]]}},{"type":"Feature","properties":{},"geometry":{"type":"LineString","coordinates":[[85.33402571023196,27.703567779691706],[85.33403060146533,27.70357963127948]]}},{"type":"Feature","properties":{},"geometry":{"type":"LineString","coordinates":[[85.3340417086128,27.70371191456929],[85.33405735325276,27.70370585358787]]}},{"type":"Feature","properties":{},"geometry":{"type":"LineString","coordinates":[[85.33404329863166,27.703713784835433],[85.33406376183812,27.703723424845844]]}},{"type":"Feature","properties":{},"geometry":{"type":"LineString","coordinates":[[85.33397869333716,27.703764368749273],[85.3339834416759,27.703775814276227]]}},{"type":"Feature","properties":{},"geometry":{"type":"LineString","coordinates":[[85.33397647175217,27.70376615704088],[85.33394516663869,27.70376810614745]]}},{"type":"Feature","properties":{},"geometry":{"type":"LineString","coordinates":[[85.33377505016911,27.703634731240783],[85.33377892100137,27.70365981277233]]}},{"type":"Feature","properties":{},"geometry":{"type":"LineString","coordinates":[[85.3337830795902,27.70386650622678],[85.33378890955542,27.70386402669503]]}},{"type":"Feature","properties":{},"geometry":{"type":"LineString","coordinates":[[85.33397683703303,27.70411075334037],[85.33398253987176,27.7041058958559]]}},{"type":"Feature","properties":{},"geometry":{"type":"LineString","coordinates":[[85.33349252527935,27.703744514628763],[85.33348564548794,27.703722990822474]]}},{"type":"Feature","properties":{},"geometry":{"type":"LineString","coordinates":[[85.33349046349971,27.703744995235816],[85.3334831039891,27.70372407668073]]}},{"type":"Feature","properties":{},"geometry":{"type":"LineString","coordinates":[[85.33327646096741,27.70378511841244],[85.33328179120885,27.70380164059155]]}},{"type":"Feature","properties":{},"geometry":{"type":"LineString","coordinates":[[85.33348713069893,27.703722882345442],[85.33349427050409,27.703743644821856]]}},{"type":"Feature","properties":{},"geometry":{"type":"LineString","coordinates":[[85.33349049976113,27.703721856992697],[85.33350012363806,27.703746980712154]]}},{"type":"Feature","properties":{},"geometry":{"type":"LineString","coordinates":[[85.3334910867423,27.70372146693705],[85.33350143075302,27.703746713949762]]}},{"type":"Feature","properties":{},"geometry":{"type":"LineString","coordinates":[[85.33313252486005,27.703831354047253],[85.3331407362459,27.703851596938357]]}},{"type":"Feature","properties":{},"geometry":{"type":"LineString","coordinates":[[85.33308931214492,27.703844011837973],[85.333098309424,27.703866589163766]]}},{"type":"Feature","properties":{},"geometry":{"type":"LineString","coordinates":[[85.33292412789756,27.703892946335962],[85.33292915932638,27.70391017704034]]}},{"type":"Feature","properties":{},"geometry":{"type":"LineString","coordinates":[[85.3327732446892,27.703941884998446],[85.33277575614417,27.703957849766315]]}},{"type":"Feature","properties":{},"geometry":{"type":"LineString","coordinates":[[85.33276539412819,27.704045782256195],[85.33277972239296,27.704043072080353]]}},{"type":"Feature","properties":{},"geometry":{"type":"LineString","coordinates":[[85.33276680129703,27.704048606134553],[85.33278208035497,27.70404191994399]]}},{"type":"Feature","properties":{},"geometry":{"type":"LineString","coordinates":[[85.33280862702073,27.704123516097557],[85.33281651878012,27.70412062460545]]}},{"type":"Feature","properties":{},"geometry":{"type":"LineString","coordinates":[[85.33283259318351,27.704164342769488],[85.33283945946032,27.704162469637808]]}},{"type":"Feature","properties":{},"geometry":{"type":"LineString","coordinates":[[85.33285730486868,27.70421169482713],[85.33286361350648,27.70420487983515]]}},{"type":"Feature","properties":{},"geometry":{"type":"LineString","coordinates":[[85.33290732277008,27.704303782377444],[85.33291635639509,27.704300956076924]]}},{"type":"Feature","properties":{},"geometry":{"type":"LineString","coordinates":[[85.33297590031584,27.70442140362781],[85.33298230677677,27.704417893141766]]}},{"type":"Feature","properties":{},"geometry":{"type":"LineString","coordinates":[[85.3329791501518,27.7044246206427],[85.33298393739233,27.704420694437577]]}},{"type":"Feature","properties":{},"geometry":{"type":"LineString","coordinates":[[85.33373330176109,27.70444829925338],[85.3337506671213,27.704456403790203]]}},{"type":"Feature","properties":{},"geometry":{"type":"LineString","coordinates":[[85.33309385980888,27.704488525242954],[85.33312822765313,27.704467426807835]]}},{"type":"Feature","properties":{},"geometry":{"type":"LineString","coordinates":[[85.3330967377434,27.7044897909765],[85.3331331855862,27.704466147124442]]}},{"type":"Feature","properties":{},"geometry":{"type":"LineString","coordinates":[[85.33316654668121,27.70454603641781],[85.33315874338022,27.704552846963825]]}},{"type":"Feature","properties":{},"geometry":{"type":"LineString","coordinates":[[85.33316944262545,27.704547852019722],[85.33316269822316,27.704556249363648]]}},{"type":"Feature","properties":{},"geometry":{"type":"LineString","coordinates":[[85.33320852194545,27.704573711309372],[85.33321698904646,27.704589610594258]]}},{"type":"Feature","properties":{},"geometry":{"type":"LineString","coordinates":[[85.33345449164081,27.70450374223745],[85.33345665761031,27.704514022185617]]}},{"type":"Feature","properties":{},"geometry":{"type":"LineString","coordinates":[[85.33356836403475,27.70447663043985],[85.3335760304056,27.70448389980856]]}},{"type":"Feature","properties":{},"geometry":{"type":"LineString","coordinates":[[85.33357321698419,27.704473517299924],[85.33356233301575,27.704462710009643]]}},{"type":"Feature","properties":{},"geometry":{"type":"LineString","coordinates":[[85.33358014191955,27.70446591635213],[85.33360465875964,27.70445544857873]]}},{"type":"Feature","properties":{},"geometry":{"type":"LineString","coordinates":[[85.33314152000567,27.70470738538015],[85.33314946710068,27.70470432485725]]}},{"type":"Feature","properties":{},"geometry":{"type":"LineString","coordinates":[[85.333149828627,27.70472243616867],[85.33315811392814,27.704720475413474]]}},{"type":"Feature","properties":{},"geometry":{"type":"LineString","coordinates":[[85.33317809810472,27.704775979185296],[85.333183426841,27.704774055934593]]}},{"type":"Feature","properties":{},"geometry":{"type":"LineString","coordinates":[[85.33320724740278,27.704821944150172],[85.33322298715021,27.70481684472893]]}},{"type":"Feature","properties":{},"geometry":{"type":"LineString","coordinates":[[85.33326330375581,27.704917624236725],[85.33327941782413,27.704916119660496]]}},{"type":"Feature","properties":{},"geometry":{"type":"LineString","coordinates":[[85.33571860575205,27.70646259610442],[85.33571113738707,27.706463842986714]]}},{"type":"Feature","properties":{},"geometry":{"type":"LineString","coordinates":[[85.33572017608476,27.70645427632133],[85.33574852548809,27.70645395831087]]}},{"type":"Feature","properties":{},"geometry":{"type":"LineString","coordinates":[[85.3357086586601,27.706402465023725],[85.3356897478493,27.706410230637093]]}},{"type":"Feature","properties":{},"geometry":{"type":"LineString","coordinates":[[85.33568537436696,27.706336590405098],[85.33566310893801,27.70634288965099]]}},{"type":"Feature","properties":{},"geometry":{"type":"LineString","coordinates":[[85.33568039544507,27.70618238033421],[85.33566294598414,27.70617624799251]]}},{"type":"Feature","properties":{},"geometry":{"type":"LineString","coordinates":[[85.33622032589312,27.7060834983707],[85.33622121369407,27.706085003665574]]}},{"type":"Feature","properties":{},"geometry":{"type":"LineString","coordinates":[[85.33612555888303,27.7060893414073],[85.33612412768096,27.706078871765133]]}},{"type":"Feature","properties":{},"geometry":{"type":"LineString","coordinates":[[85.33603261690284,27.70610402513906],[85.33603225865994,27.706094220035776]]}},{"type":"Feature","properties":{},"geometry":{"type":"LineString","coordinates":[[85.33593442593019,27.70611778015993],[85.33593327345434,27.706104982579042]]}},{"type":"Feature","properties":{},"geometry":{"type":"LineString","coordinates":[[85.33588227267362,27.70612487901267],[85.33588724195359,27.706139158437477]]}},{"type":"Feature","properties":{},"geometry":{"type":"LineString","coordinates":[[85.33582867474776,27.706133688861346],[85.33583334359194,27.706147718279578]]}},{"type":"Feature","properties":{},"geometry":{"type":"LineString","coordinates":[[85.33580138443894,27.70613886361268],[85.33580195527425,27.706131854047843]]}},{"type":"Feature","properties":{},"geometry":{"type":"LineString","coordinates":[[85.33579457966785,27.706138683423085],[85.33579148718866,27.70612515672298]]}},{"type":"Feature","properties":{},"geometry":{"type":"LineString","coordinates":[[85.33595561606131,27.706265656971368],[85.33595533922625,27.706273140300198]]}},{"type":"Feature","properties":{},"geometry":{"type":"LineString","coordinates":[[85.33604646678316,27.7062542722513],[85.33604767890422,27.706270891947558]]}},{"type":"Feature","properties":{},"geometry":{"type":"LineString","coordinates":[[85.3278878093074,27.70944842529582],[85.32780887279755,27.70934693141438],[85.32766848707752,27.70883368911488]]}},{"type":"Feature","properties":{},"geometry":{"type":"LineString","coordinates":[[85.327639140231,27.705413172102848],[85.32764862218468,27.70542970130728]]}},{"type":"Feature","properties":{},"geometry":{"type":"LineString","coordinates":[[85.33550205519396,27.70810037565654],[85.33549418302891,27.708069631287856]]}},{"type":"Feature","properties":{},"geometry":{"type":"LineString","coordinates":[[85.33593282010757,27.708079717791332],[85.33550205519396,27.70810037565654]]}},{"type":"Feature","properties":{},"geometry":{"type":"LineString","coordinates":[[85.33582489602352,27.70805739805585],[85.3357117152407,27.70806064384938]]}},{"type":"Feature","properties":{},"geometry":{"type":"LineString","coordinates":[[85.33550205519396,27.70810037565654],[85.3350747838171,27.708127105036247]]}},{"type":"Feature","properties":{},"geometry":{"type":"LineString","coordinates":[[85.33299965850647,27.704651021368488],[85.33282425266319,27.704346224372877]]}},{"type":"Feature","properties":{},"geometry":{"type":"LineString","coordinates":[[85.3331933376087,27.704980844779154],[85.33299965850647,27.704651021368488]]}},{"type":"Feature","properties":{},"geometry":{"type":"LineString","coordinates":[[85.33316876370553,27.70821638118327],[85.33303125349038,27.70825138132532]]}},{"type":"Feature","properties":{},"geometry":{"type":"LineString","coordinates":[[85.33155312807094,27.707999386604715],[85.331457255526,27.707838332613957]]}},{"type":"Feature","properties":{},"geometry":{"type":"LineString","coordinates":[[85.33182016535638,27.70858384508379],[85.33192381536928,27.708592848952197],[85.33205156742218,27.70855679730696],[85.3321184086499,27.70851560623797],[85.33262095492142,27.708351478076466],[85.33331272196956,27.7081522619661],[85.3333392744251,27.70741766977695]]}},{"type":"Feature","properties":{},"geometry":{"type":"LineString","coordinates":[[85.3317832158252,27.708467331029894],[85.33163204478126,27.708124015056256],[85.33155312807094,27.707999386604715]]}},{"type":"Feature","properties":{},"geometry":{"type":"LineString","coordinates":[[85.33182035916585,27.70858597021531],[85.33181997945626,27.708585932244667]]}},{"type":"Feature","properties":{},"geometry":{"type":"LineString","coordinates":[[85.33181997945626,27.708585932244667],[85.33181987572036,27.70858381902933]]}},{"type":"Feature","properties":{},"geometry":{"type":"LineString","coordinates":[[85.33254032302773,27.70396075244675],[85.3325489059687,27.703983162354703]]}},{"type":"Feature","properties":{},"geometry":{"type":"LineString","coordinates":[[85.33565372331773,27.703063249777326],[85.33565145495224,27.703059637573123]]}},{"type":"Feature","properties":{},"geometry":{"type":"LineString","coordinates":[[85.33449186337282,27.706120821020992],[85.33452807187052,27.70608851757527]]}},{"type":"Feature","properties":{},"geometry":{"type":"LineString","coordinates":[[85.33614581602873,27.705227512725507],[85.33613811713536,27.70522738408332]]}},{"type":"Feature","properties":{},"geometry":{"type":"LineString","coordinates":[[85.3309879975154,27.705179954805725],[85.33099363172796,27.705193809180034]]}},{"type":"Feature","properties":{},"geometry":{"type":"LineString","coordinates":[[85.33098687838972,27.705180461180667],[85.3309878229588,27.705189557631538]]}},{"type":"Feature","properties":{},"geometry":{"type":"LineString","coordinates":[[85.33098575926401,27.705180967555613],[85.33098489433759,27.705189423942723]]}},{"type":"Feature","properties":{},"geometry":{"type":"LineString","coordinates":[[85.3310730541462,27.704985957444883],[85.3310441859206,27.704941703973088]]}},{"type":"Feature","properties":{},"geometry":{"type":"LineString","coordinates":[[85.336298014477,27.708034466596622],[85.33626479818379,27.7077900447848]]}},{"type":"Feature","properties":{},"geometry":{"type":"LineString","coordinates":[[85.33590047450627,27.703354909747496],[85.33592110742464,27.703490565680582]]}},{"type":"Feature","properties":{},"geometry":{"type":"LineString","coordinates":[[85.33441857772719,27.703449289199273],[85.33571647746092,27.703047033581797],[85.33584283252253,27.703085226865696],[85.33588345059813,27.70318069870361],[85.33590047450627,27.703354909747496]]}},{"type":"Feature","properties":{},"geometry":{"type":"LineString","coordinates":[[85.33393615593775,27.703596291109772],[85.33404686293747,27.703717796244515],[85.33397223338633,27.703769468933938]]}},{"type":"Feature","properties":{},"geometry":{"type":"LineString","coordinates":[[85.33393615593775,27.703596291109772],[85.33441857772719,27.703449289199273]]}},{"type":"Feature","properties":{},"geometry":{"type":"LineString","coordinates":[[85.33364070490776,27.703675592646025],[85.33393615593775,27.703596291109772]]}},{"type":"Feature","properties":{},"geometry":{"type":"LineString","coordinates":[[85.33301156368495,27.704482383376398],[85.3330967377434,27.7044897909765],[85.33320629090235,27.70457405178335],[85.33356836403475,27.70447663043985],[85.3336926394116,27.704385602421503],[85.33373449112099,27.704450510376997]]}},{"type":"Feature","properties":{},"geometry":{"type":"LineString","coordinates":[[85.33181987572036,27.70858381902933],[85.33170508196486,27.708548478864074],[85.33115273345166,27.708753289364697],[85.33073180051625,27.708848333278105],[85.33057188306361,27.708857838056577],[85.33021807040504,27.708925002403873],[85.32891239478168,27.70922373418017]]}},{"type":"Feature","properties":{},"geometry":{"type":"LineString","coordinates":[[85.32891239478168,27.70922373418017],[85.3287580331169,27.70926143724792]]}},{"type":"Feature","properties":{},"geometry":{"type":"LineString","coordinates":[[85.3287580331169,27.70926143724792],[85.32837601945491,27.709357170319397]]}},{"type":"Feature","properties":{},"geometry":{"type":"LineString","coordinates":[[85.32837601945491,27.709357170319397],[85.32796802619,27.70944848819969],[85.32789418400267,27.7094357240318],[85.3278618678435,27.709412827685874],[85.32776514396978,27.70905748934941]]}},{"type":"Feature","properties":{},"geometry":{"type":"LineString","coordinates":[[85.32776514396978,27.70905748934941],[85.32746276057615,27.708018957001983]]}},{"type":"Feature","properties":{},"geometry":{"type":"LineString","coordinates":[[85.32746276057615,27.708018957001983],[85.32731207361422,27.7073973039619]]}},{"type":"Feature","properties":{},"geometry":{"type":"LineString","coordinates":[[85.32729243785056,27.707290417072286],[85.32723118200954,27.707026796124264]]}},{"type":"Feature","properties":{},"geometry":{"type":"LineString","coordinates":[[85.33349750731692,27.705533425295446],[85.33304798429363,27.705605950587056]]}},{"type":"Feature","properties":{},"geometry":{"type":"LineString","coordinates":[[85.33360024930631,27.705727048839258],[85.33349750731692,27.705533425295446]]}},{"type":"Feature","properties":{},"geometry":{"type":"LineString","coordinates":[[85.33371026680447,27.70598919304001],[85.33360024930631,27.705727048839258]]}},{"type":"Feature","properties":{},"geometry":{"type":"LineString","coordinates":[[85.33374986654124,27.706131462134817],[85.33371026680447,27.70598919304001]]}},{"type":"Feature","properties":{},"geometry":{"type":"LineString","coordinates":[[85.33355806078067,27.706542424431465],[85.33375316783348,27.706210108562416],[85.33374986654124,27.706131462134817]]}},{"type":"Feature","properties":{},"geometry":{"type":"LineString","coordinates":[[85.33599465771276,27.70380686426443],[85.33591779749493,27.70335137240224],[85.33591126268375,27.70318365765375],[85.33581608729612,27.70305500112723]]}},{"type":"Feature","properties":{},"geometry":{"type":"LineString","coordinates":[[85.33599465771276,27.70380686426443],[85.33608758435544,27.704441920340333]]}},{"type":"Feature","properties":{},"geometry":{"type":"LineString","coordinates":[[85.33608758435544,27.704441920340333],[85.33611456173978,27.704792227630275]]}},{"type":"Feature","properties":{},"geometry":{"type":"LineString","coordinates":[[85.33611456173978,27.704792227630275],[85.3361705290317,27.705288588439654]]}},{"type":"Feature","properties":{},"geometry":{"type":"LineString","coordinates":[[85.3361705290317,27.705288588439654],[85.33617545710833,27.705327237132447]]}},{"type":"Feature","properties":{},"geometry":{"type":"LineString","coordinates":[[85.33617832267696,27.705349705376417],[85.33631895127587,27.70580069981181]]}},{"type":"Feature","properties":{},"geometry":{"type":"LineString","coordinates":[[85.33631895127587,27.70580069981181],[85.33639325121847,27.706056847666748]]}},{"type":"Feature","properties":{},"geometry":{"type":"LineString","coordinates":[[85.33639325121847,27.706056847666748],[85.33641952463755,27.7062198229173]]}},{"type":"Feature","properties":{},"geometry":{"type":"LineString","coordinates":[[85.33641952463755,27.7062198229173],[85.33648965519112,27.706643271556135]]}},{"type":"Feature","properties":{},"geometry":{"type":"LineString","coordinates":[[85.33649898062991,27.70674206761187],[85.33659047037906,27.70746691791193]]}},{"type":"Feature","properties":{},"geometry":{"type":"LineString","coordinates":[[85.33659047037906,27.70746691791193],[85.3366621374379,27.70782238674654]]}},{"type":"Feature","properties":{},"geometry":{"type":"LineString","coordinates":[[85.33181997945626,27.708585932244667],[85.33171670607958,27.708551644313378],[85.3311899687846,27.708748720134103],[85.33073232317251,27.708851704283582],[85.33057374720735,27.708865348988095]]}},{"type":"Feature","properties":{},"geometry":{"type":"LineString","coordinates":[[85.33057374720735,27.708865348988095],[85.33022137826612,27.708931204009463]]}},{"type":"Feature","properties":{},"geometry":{"type":"LineString","coordinates":[[85.33022137826612,27.708931204009463],[85.32973152062492,27.709038816161858]]}},{"type":"Feature","properties":{},"geometry":{"type":"LineString","coordinates":[[85.32766848707752,27.70883368911488],[85.32754649438428,27.708419554800173]]}},{"type":"Feature","properties":{},"geometry":{"type":"LineString","coordinates":[[85.32754649438428,27.708419554800173],[85.32731853362611,27.70758427267019]]}},{"type":"Feature","properties":{},"geometry":{"type":"LineString","coordinates":[[85.32877178679902,27.705086327940684],[85.327639140231,27.705413172102848]]}},{"type":"Feature","properties":{},"geometry":{"type":"LineString","coordinates":[[85.32893957613219,27.705049203725284],[85.32877178679902,27.705086327940684]]}},{"type":"Feature","properties":{},"geometry":{"type":"LineString","coordinates":[[85.32922293726658,27.705160037403633],[85.3290246691411,27.705045563856505]]}},{"type":"Feature","properties":{},"geometry":{"type":"LineString","coordinates":[[85.3314039802412,27.707740641989034],[85.33142499710269,27.707598986631044]]}},{"type":"Feature","properties":{},"geometry":{"type":"LineString","coordinates":[[85.33237062564297,27.70694635174763],[85.33232607947623,27.706933515117353]]}},{"type":"Feature","properties":{},"geometry":{"type":"LineString","coordinates":[[85.33249056516078,27.707102870045812],[85.33237062564297,27.70694635174763]]}},{"type":"Feature","properties":{},"geometry":{"type":"LineString","coordinates":[[85.33302434016755,27.706435408776706],[85.33257912854722,27.706455622009308]]}},{"type":"Feature","properties":{},"geometry":{"type":"LineString","coordinates":[[85.33156111478714,27.70632441727527],[85.33123677723599,27.70623944687704]]}},{"type":"Feature","properties":{},"geometry":{"type":"LineString","coordinates":[[85.33164476198846,27.706458450431573],[85.33156111478714,27.70632441727527]]}},{"type":"Feature","properties":{},"geometry":{"type":"LineString","coordinates":[[85.33200050321062,27.706973006622754],[85.33188135599418,27.70683405476557]]}},{"type":"Feature","properties":{},"geometry":{"type":"LineString","coordinates":[[85.33232607947623,27.706933515117353],[85.33213062958654,27.706989803349636]]}},{"type":"Feature","properties":{},"geometry":{"type":"LineString","coordinates":[[85.33213062958654,27.706989803349636],[85.33204442974507,27.70699304274782],[85.33200050321062,27.706973006622754]]}},{"type":"Feature","properties":{},"geometry":{"type":"LineString","coordinates":[[85.33157714425728,27.706930083916507],[85.33145207676041,27.706979762647027]]}},{"type":"Feature","properties":{},"geometry":{"type":"LineString","coordinates":[[85.33162939586742,27.706322542554577],[85.33169297280763,27.70612690594345]]}},{"type":"Feature","properties":{},"geometry":{"type":"LineString","coordinates":[[85.33169071083597,27.705824885629436],[85.33187406578016,27.705785208931246]]}},{"type":"Feature","properties":{},"geometry":{"type":"LineString","coordinates":[[85.33123677723599,27.70623944687704],[85.33120138980118,27.70622919780886]]}},{"type":"Feature","properties":{},"geometry":{"type":"LineString","coordinates":[[85.33118347201766,27.70622120542732],[85.33093351585609,27.70614314564835],[85.33073651324176,27.70612629138735]]}},{"type":"Feature","properties":{},"geometry":{"type":"LineString","coordinates":[[85.33073651324176,27.70612629138735],[85.33056204731305,27.706053170266543]]}},{"type":"Feature","properties":{},"geometry":{"type":"LineString","coordinates":[[85.33056204731305,27.706053170266543],[85.33046267199717,27.706003083335442],[85.33035874715118,27.70590128225515],[85.33019965734381,27.70579971910664]]}},{"type":"Feature","properties":{},"geometry":{"type":"LineString","coordinates":[[85.32797433977213,27.705775608072553],[85.32822316470941,27.706046580105806]]}},{"type":"Feature","properties":{},"geometry":{"type":"LineString","coordinates":[[85.32822316470941,27.706046580105806],[85.3285447935213,27.7063900625304]]}},{"type":"Feature","properties":{},"geometry":{"type":"LineString","coordinates":[[85.3289224752508,27.706752467794686],[85.32860461617668,27.706451921724245]]}},{"type":"Feature","properties":{},"geometry":{"type":"LineString","coordinates":[[85.32950246389412,27.707015730103773],[85.32945778255637,27.707004399989593],[85.32916546234794,27.707091131119167],[85.32913082937337,27.7070716963634],[85.32902916514924,27.706878273192807],[85.3289224752508,27.706752467794686]]}},{"type":"Feature","properties":{},"geometry":{"type":"LineString","coordinates":[[85.32959084037573,27.707222207718704],[85.32950246389412,27.707015730103773]]}},{"type":"Feature","properties":{},"geometry":{"type":"LineString","coordinates":[[85.32974212595224,27.707613825195676],[85.32959084037573,27.707222207718704]]}},{"type":"Feature","properties":{},"geometry":{"type":"LineString","coordinates":[[85.32992909648365,27.708124144881904],[85.32974212595224,27.707613825195676]]}},{"type":"Feature","properties":{},"geometry":{"type":"LineString","coordinates":[[85.3289655297239,27.707586289938682],[85.32897323632635,27.707501817785715],[85.32922456614027,27.70742108797854]]}},{"type":"Feature","properties":{},"geometry":{"type":"LineString","coordinates":[[85.32822316470941,27.706046580105806],[85.32852680149433,27.70593924968138]]}},{"type":"Feature","properties":{},"geometry":{"type":"LineString","coordinates":[[85.32840609982847,27.70556318029892],[85.32838847631125,27.705627969030697],[85.32852680149433,27.70593924968138]]}},{"type":"Feature","properties":{},"geometry":{"type":"LineString","coordinates":[[85.32877178679902,27.705086327940684],[85.32896351233228,27.70545004565929]]}},{"type":"Feature","properties":{},"geometry":{"type":"LineString","coordinates":[[85.33448954432114,27.705737528782823],[85.3342438575926,27.705603017646105],[85.33418478941863,27.705510465121037]]}},{"type":"Feature","properties":{},"geometry":{"type":"LineString","coordinates":[[85.3358326812873,27.703970920579533],[85.33585820433242,27.70384875577861]]}},{"type":"Feature","properties":{},"geometry":{"type":"LineString","coordinates":[[85.33552738128068,27.70466188637696],[85.33567043053841,27.704503388268858]]}},{"type":"Feature","properties":{},"geometry":{"type":"LineString","coordinates":[[85.33542815483564,27.704745005888583],[85.33552738128068,27.70466188637696]]}},{"type":"Feature","properties":{},"geometry":{"type":"LineString","coordinates":[[85.33525280266839,27.70480853155448],[85.33528725791186,27.70479915775638]]}},{"type":"Feature","properties":{},"geometry":{"type":"LineString","coordinates":[[85.33263196331225,27.705503108187564],[85.33239232522615,27.705615588058624]]}},{"type":"Feature","properties":{},"geometry":{"type":"LineString","coordinates":[[85.33239232522615,27.705615588058624],[85.33221477623279,27.705526991949775]]}},{"type":"Feature","properties":{},"geometry":{"type":"LineString","coordinates":[[85.33244508519253,27.705037469048147],[85.33221703837799,27.705058832385316],[85.33218310186473,27.704941539707413]]}},{"type":"Feature","properties":{},"geometry":{"type":"LineString","coordinates":[[85.33041980940446,27.705432299689686],[85.33051924540169,27.705629691524212]]}},{"type":"Feature","properties":{},"geometry":{"type":"LineString","coordinates":[[85.33017749811701,27.704685892963372],[85.33023058832696,27.704839595795608],[85.33021818866017,27.704886457304436]]}},{"type":"Feature","properties":{},"geometry":{"type":"LineString","coordinates":[[85.33041980940446,27.705432299689686],[85.33068317231466,27.70531480962616]]}},{"type":"Feature","properties":{},"geometry":{"type":"LineString","coordinates":[[85.33079736538153,27.7053904330941],[85.3308431076423,27.705565795839245]]}},{"type":"Feature","properties":{},"geometry":{"type":"LineString","coordinates":[[85.33456333569744,27.706785716002543],[85.33490232551094,27.70674539057628],[85.33491944981155,27.706560249755803],[85.3352096507659,27.70655930338531]]}},{"type":"Feature","properties":{},"geometry":{"type":"LineString","coordinates":[[85.3352096507659,27.70655930338531],[85.33530993257533,27.70609806970872]]}},{"type":"Feature","properties":{},"geometry":{"type":"LineString","coordinates":[[85.33553416158566,27.706097720041132],[85.33534093963762,27.70609782796539]]}},{"type":"Feature","properties":{},"geometry":{"type":"LineString","coordinates":[[85.33553416158566,27.706097720041132],[85.33555355509512,27.705891407269398]]}},{"type":"Feature","properties":{},"geometry":{"type":"LineString","coordinates":[[85.33568085824466,27.70632733189551],[85.33566830951104,27.706266168602376]]}},{"type":"Feature","properties":{},"geometry":{"type":"LineString","coordinates":[[85.3357090178914,27.706685789857953],[85.33572017608476,27.70645427632133],[85.33568085824466,27.70632733189551]]}},{"type":"Feature","properties":{},"geometry":{"type":"LineString","coordinates":[[85.3357090178914,27.706685789857953],[85.33553016241575,27.7066770804435],[85.33553454256254,27.706901248105556]]}},{"type":"Feature","properties":{},"geometry":{"type":"LineString","coordinates":[[85.33621911985576,27.707044339225654],[85.33593022741637,27.70708305889546],[85.33575871863461,27.707137197822153]]}},{"type":"Feature","properties":{},"geometry":{"type":"LineString","coordinates":[[85.33621911985576,27.707044339225654],[85.33623211539819,27.707124800765573]]}},{"type":"Feature","properties":{},"geometry":{"type":"LineString","coordinates":[[85.33626402165211,27.706693869800613],[85.33621032509238,27.706721793721545],[85.33621626216498,27.70685962227808]]}},{"type":"Feature","properties":{},"geometry":{"type":"LineString","coordinates":[[85.336450740698,27.7066519656746],[85.33626402165211,27.706693869800613]]}},{"type":"Feature","properties":{},"geometry":{"type":"LineString","coordinates":[[85.33454417318518,27.706720113736502],[85.33450638538272,27.706714908048102],[85.33449862616554,27.706735768291015],[85.33446708989622,27.70699488191399]]}},{"type":"Feature","properties":{},"geometry":{"type":"LineString","coordinates":[[85.33457957930891,27.703399516428945],[85.33565372331773,27.703063249777326]]}},{"type":"Feature","properties":{},"geometry":{"type":"LineString","coordinates":[[85.3342440514361,27.703494999112564],[85.33457957930891,27.703399516428945]]}},{"type":"Feature","properties":{},"geometry":{"type":"LineString","coordinates":[[85.3335814437724,27.70552837336369],[85.33266448116713,27.70391666466404]]}},{"type":"Feature","properties":{},"geometry":{"type":"LineString","coordinates":[[85.33340058304587,27.70817902721499],[85.33340814835455,27.707405792060584],[85.3334456302313,27.70712350158163],[85.3335297735966,27.70681501134878]]}},{"type":"Feature","properties":{},"geometry":{"type":"LineString","coordinates":[[85.33549418302891,27.708069631287856],[85.33366704401496,27.708166811635497]]}},{"type":"Feature","properties":{},"geometry":{"type":"LineString","coordinates":[[85.3314544892635,27.707839786668952],[85.33140120088183,27.70773975828276],[85.33142659793583,27.707572559431775],[85.33139042618161,27.707519463251987],[85.3312179789329,27.70733952164633],[85.33094484207872,27.707216906896758],[85.33075954576174,27.707091905022608],[85.33064223682263,27.7069402799615],[85.33050983026328,27.70661504339839],[85.33043110688382,27.706515297258953],[85.33032883841935,27.706451334737608]]}},{"type":"Feature","properties":{},"geometry":{"type":"LineString","coordinates":[[85.33335677370604,27.708085055142284],[85.33334954659016,27.70761824614415],[85.33339936257525,27.70711222402657]]}},{"type":"Feature","properties":{},"geometry":{"type":"LineString","coordinates":[[85.33339936257525,27.70711222402657],[85.333444248714,27.706942584183913]]}},{"type":"Feature","properties":{},"geometry":{"type":"LineString","coordinates":[[85.33332453977161,27.705188990261277],[85.33322869215631,27.704976633182977],[85.33260751350686,27.703936871623508]]}},{"type":"Feature","properties":{},"geometry":{"type":"LineString","coordinates":[[85.33567473888789,27.703058211689324],[85.3357185133604,27.70304164185034],[85.33581608729612,27.70305500112723]]}},{"type":"Feature","properties":{},"geometry":{"type":"LineString","coordinates":[[85.33375745836746,27.706842860355767],[85.33392571970742,27.706895685745327]]}},{"type":"Feature","properties":{},"geometry":{"type":"LineString","coordinates":[[85.33389073829898,27.707022321155566],[85.33391763263307,27.7070482303578],[85.33399924033827,27.707057430324866]]}},{"type":"Feature","properties":{},"geometry":{"type":"LineString","coordinates":[[85.33255117622859,27.703986977703266],[85.33164838290963,27.70426036267184]]}},{"type":"Feature","properties":{},"geometry":{"type":"LineString","coordinates":[[85.33163675107045,27.704232873423102],[85.33164838290963,27.70426036267184]]}},{"type":"Feature","properties":{},"geometry":{"type":"LineString","coordinates":[[85.3285804780751,27.706429767825565],[85.32860461617668,27.706451921724245]]}},{"type":"Feature","properties":{},"geometry":{"type":"LineString","coordinates":[[85.33168157359464,27.708252079962556],[85.33163021164088,27.70812459225339],[85.33147821937204,27.707882745248668]]}},{"type":"Feature","properties":{},"geometry":{"type":"LineString","coordinates":[[85.33181987572036,27.70858381902933],[85.33168157359464,27.708252079962556]]}},{"type":"Feature","properties":{},"geometry":{"type":"LineString","coordinates":[[85.33182035916585,27.70858597021531],[85.33182016535638,27.70858384508379]]}},{"type":"Feature","properties":{},"geometry":{"type":"LineString","coordinates":[[85.33454417318518,27.706720113736502],[85.334511980526,27.70654249984522],[85.33451434805919,27.706238019641383],[85.33449017773806,27.70612270602266],[85.33430561797071,27.706022153317537],[85.3341787986829,27.705879768898043],[85.33463939201337,27.705709284871283],[85.33475161476063,27.70554206564815]]}},{"type":"Feature","properties":{},"geometry":{"type":"LineString","coordinates":[[85.33458998879964,27.706963446448846],[85.33454417318518,27.706720113736502]]}},{"type":"Feature","properties":{},"geometry":{"type":"LineString","coordinates":[[85.334739160962,27.707451851954865],[85.33463883326746,27.70713863785414]]}},{"type":"Feature","properties":{},"geometry":{"type":"LineString","coordinates":[[85.33484113564555,27.707646305697303],[85.334739160962,27.707451851954865]]}},{"type":"Feature","properties":{},"geometry":{"type":"LineString","coordinates":[[85.32791180282673,27.7094626035646],[85.3278878093074,27.70944842529582]]}},{"type":"Feature","properties":{},"geometry":{"type":"LineString","coordinates":[[85.32974212595224,27.707613825195676],[85.33004067887609,27.707527019158253]]}},{"type":"Feature","properties":{},"geometry":{"type":"LineString","coordinates":[[85.33142895662921,27.707572298146786],[85.3315245299968,27.70754947760938],[85.33161584625812,27.707483533333846],[85.33165655217337,27.70748237591339]]}},{"type":"Feature","properties":{},"geometry":{"type":"LineString","coordinates":[[85.33505062404495,27.70809831911728],[85.3349809754064,27.707898488882552],[85.33474190457896,27.70745081724574],[85.33459264015455,27.70696234294097]]}},{"type":"Feature","properties":{},"geometry":{"type":"LineString","coordinates":[[85.33450617939634,27.706450674090156],[85.33449186337282,27.706120821020992]]}},{"type":"Feature","properties":{},"geometry":{"type":"LineString","coordinates":[[85.33107694503855,27.704990360058886],[85.33104461331682,27.70497645186342]]}},{"type":"Feature","properties":{},"geometry":{"type":"LineString","coordinates":[[85.33108045403878,27.704994069423332],[85.3310545793245,27.704987527165112]]}},{"type":"Feature","properties":{},"geometry":{"type":"LineString","coordinates":[[85.33112004883772,27.70503867243208],[85.33112356285172,27.70503152508883]]}},{"type":"Feature","properties":{},"geometry":{"type":"LineString","coordinates":[[85.33116264117308,27.705092275689218],[85.33117112378115,27.705087015908077]]}},{"type":"Feature","properties":{},"geometry":{"type":"LineString","coordinates":[[85.3310691453197,27.70514443770724],[85.33108000304297,27.705151693338767]]}},{"type":"Feature","properties":{},"geometry":{"type":"LineString","coordinates":[[85.3309999462738,27.705172826130507],[85.33100579561035,27.705181141444932]]}},{"type":"Feature","properties":{},"geometry":{"type":"LineString","coordinates":[[85.33091907846485,27.705207267113913],[85.33092085094887,27.705215202038712]]}},{"type":"Feature","properties":{},"geometry":{"type":"LineString","coordinates":[[85.33078206263187,27.705177559207787],[85.33075575565869,27.705190217930028]]}},{"type":"Feature","properties":{},"geometry":{"type":"LineString","coordinates":[[85.3307659443665,27.705165279706783],[85.33078325708065,27.70515531764741]]}},{"type":"Feature","properties":{},"geometry":{"type":"LineString","coordinates":[[85.33070749226977,27.705072902900334],[85.33071722957631,27.70507342015316]]}},{"type":"Feature","properties":{},"geometry":{"type":"LineString","coordinates":[[85.33068630538888,27.705038197095252],[85.33066522333316,27.705046564912156]]}},{"type":"Feature","properties":{},"geometry":{"type":"LineString","coordinates":[[85.32998270442154,27.705084820916937],[85.32997223757685,27.705091656001617]]}},{"type":"Feature","properties":{},"geometry":{"type":"LineString","coordinates":[[85.3300456809197,27.70520181817494],[85.33005530102011,27.705193984578635]]}},{"type":"Feature","properties":{},"geometry":{"type":"LineString","coordinates":[[85.33005812477126,27.705230701850972],[85.33006829666289,27.705248695036108]]}},{"type":"Feature","properties":{},"geometry":{"type":"LineString","coordinates":[[85.33005609683478,27.7049739301339],[85.33003580944374,27.704986647799362]]}},{"type":"Feature","properties":{},"geometry":{"type":"LineString","coordinates":[[85.33012108737844,27.706212332805137],[85.33003040729,27.706234391924397],[85.32982636920781,27.706337361432173]]}},{"type":"Feature","properties":{},"geometry":{"type":"LineString","coordinates":[[85.33401729951096,27.70549569728872],[85.33401497263885,27.705483789016526]]}},{"type":"Feature","properties":{},"geometry":{"type":"LineString","coordinates":[[85.33557738754752,27.703574905025718],[85.3355832126933,27.70359111267226]]}},{"type":"Feature","properties":{},"geometry":{"type":"LineString","coordinates":[[85.33579988350023,27.703513679435623],[85.33579503006904,27.70349631738337]]}},{"type":"Feature","properties":{},"geometry":{"type":"LineString","coordinates":[[85.33188789216823,27.707900373750995],[85.33196416251204,27.707949140647305]]}},{"type":"Feature","properties":{},"geometry":{"type":"LineString","coordinates":[[85.334912764791,27.70597160908435],[85.33500372248426,27.7057742567346]]}},{"type":"Feature","properties":{},"geometry":{"type":"LineString","coordinates":[[85.32723118200954,27.707026796124264],[85.3269301825962,27.705854860207292]]}},{"type":"Feature","properties":{},"geometry":{"type":"LineString","coordinates":[[85.32935899214745,27.705295847922148],[85.32922293726658,27.705160037403633]]}},{"type":"Feature","properties":{},"geometry":{"type":"LineString","coordinates":[[85.33418478941863,27.705510465121037],[85.33409443006633,27.70524070294814]]}},{"type":"Feature","properties":{},"geometry":{"type":"LineString","coordinates":[[85.33409443006633,27.70524070294814],[85.33405225724242,27.70512714828516]]}},{"type":"Feature","properties":{},"geometry":{"type":"LineString","coordinates":[[85.33405225724242,27.70512714828516],[85.333944178566,27.7048983750876]]}},{"type":"Feature","properties":{},"geometry":{"type":"LineString","coordinates":[[85.333944178566,27.7048983750876],[85.33389965507551,27.704813674598714]]}},{"type":"Feature","properties":{},"geometry":{"type":"LineString","coordinates":[[85.33430557868839,27.70602226927381],[85.33418264790562,27.70587938199666],[85.3342701345746,27.705846914997846]]}},{"type":"Feature","properties":{},"geometry":{"type":"LineString","coordinates":[[85.33452046995183,27.70576006660847],[85.33463254459282,27.70571552034216]]}},{"type":"Feature","properties":{},"geometry":{"type":"LineString","coordinates":[[85.33475161476063,27.70554206564815],[85.33485614493127,27.705443460430025]]}},{"type":"Feature","properties":{},"geometry":{"type":"LineString","coordinates":[[85.33485614493127,27.705443460430025],[85.33492240978177,27.705386873379787]]}},{"type":"Feature","properties":{},"geometry":{"type":"LineString","coordinates":[[85.33180730198103,27.708542891218457],[85.3317832158252,27.708467331029894]]}},{"type":"Feature","properties":{},"geometry":{"type":"LineString","coordinates":[[85.32860461617668,27.706451921724245],[85.32854208832788,27.70652168823683],[85.32850074995898,27.706686357250767]]}},{"type":"Feature","properties":{},"geometry":{"type":"LineString","coordinates":[[85.3350747838171,27.708127105036247],[85.33505080280479,27.708127951084514]]}},{"type":"Feature","properties":{},"geometry":{"type":"LineString","coordinates":[[85.33579763862265,27.703038500934422],[85.33575888429769,27.703037525091467]]}},{"type":"Feature","properties":{},"geometry":{"type":"LineString","coordinates":[[85.33575888429769,27.703037525091467],[85.33570326742384,27.70303634380159],[85.33557732204166,27.70295172268826]]}},{"type":"Feature","properties":{},"geometry":{"type":"LineString","coordinates":[[85.33489263655932,27.704002503751262],[85.33457957930891,27.703399516428945]]}},{"type":"Feature","properties":{},"geometry":{"type":"LineString","coordinates":[[85.33500238578746,27.704245824718782],[85.33528260190515,27.704138692861903]]}},{"type":"Feature","properties":{},"geometry":{"type":"LineString","coordinates":[[85.33489239525935,27.704487807674976],[85.33444555485201,27.70466198629324]]}},{"type":"Feature","properties":{},"geometry":{"type":"LineString","coordinates":[[85.33499580944131,27.704729231999906],[85.33475616463159,27.70479113439654],[85.33453658749573,27.70488424521782]]}},{"type":"Feature","properties":{},"geometry":{"type":"LineString","coordinates":[[85.33492874902396,27.704270185147916],[85.33443807815148,27.704436526801132]]}},{"type":"Feature","properties":{},"geometry":{"type":"LineString","coordinates":[[85.33489263655932,27.704002503751262],[85.33510372370706,27.70392283385311],[85.33525953057412,27.703829984972682]]}},{"type":"Feature","properties":{},"geometry":{"type":"LineString","coordinates":[[85.33499580944131,27.704729231999906],[85.33489590746797,27.704496255375066]]}},{"type":"Feature","properties":{},"geometry":{"type":"LineString","coordinates":[[85.33489590746797,27.704496255375066],[85.33489239525935,27.704487807674976]]}},{"type":"Feature","properties":{},"geometry":{"type":"LineString","coordinates":[[85.33492874902396,27.704270185147916],[85.33500238578746,27.704245824718782]]}},{"type":"Feature","properties":{},"geometry":{"type":"LineString","coordinates":[[85.33489239525935,27.704487807674976],[85.33500784238295,27.704449261158597],[85.33492874902396,27.704270185147916]]}},{"type":"Feature","properties":{},"geometry":{"type":"LineString","coordinates":[[85.33458804688567,27.703416126851327],[85.33458348695171,27.703418980912694]]}},{"type":"Feature","properties":{},"geometry":{"type":"LineString","coordinates":[[85.3346265460616,27.703497345725047],[85.33463689191527,27.703496913315583]]}},{"type":"Feature","properties":{},"geometry":{"type":"LineString","coordinates":[[85.33469041013676,27.70361146443982],[85.33469554572383,27.70360769760123]]}},{"type":"Feature","properties":{},"geometry":{"type":"LineString","coordinates":[[85.33470149768375,27.703636046111033],[85.3346931755434,27.703640373006767]]}},{"type":"Feature","properties":{},"geometry":{"type":"LineString","coordinates":[[85.33475612289278,27.703733868216524],[85.33474954106478,27.70373437569802]]}},{"type":"Feature","properties":{},"geometry":{"type":"LineString","coordinates":[[85.33479297722901,27.70381730829432],[85.33478988260971,27.703815954247027]]}},{"type":"Feature","properties":{},"geometry":{"type":"LineString","coordinates":[[85.33479386862392,27.703818841619906],[85.33479097514522,27.703818933170513]]}},{"type":"Feature","properties":{},"geometry":{"type":"LineString","coordinates":[[85.33480138119434,27.703829697613266],[85.33481110760991,27.70382638582457]]}},{"type":"Feature","properties":{},"geometry":{"type":"LineString","coordinates":[[85.33483616552667,27.703898470702622],[85.33482719022088,27.703901268048675]]}},{"type":"Feature","properties":{},"geometry":{"type":"LineString","coordinates":[[85.3348497351289,27.703925149962867],[85.33483930438065,27.70392776463552]]}},{"type":"Feature","properties":{},"geometry":{"type":"LineString","coordinates":[[85.33489792859478,27.704021425298013],[85.33489190792638,27.704023442282324]]}},{"type":"Feature","properties":{},"geometry":{"type":"LineString","coordinates":[[85.33491943831456,27.70406479976965],[85.33491507055672,27.704068954020375]]}},{"type":"Feature","properties":{},"geometry":{"type":"LineString","coordinates":[[85.33494208791309,27.704114247673367],[85.33495518157801,27.70410909636474]]}},{"type":"Feature","properties":{},"geometry":{"type":"LineString","coordinates":[[85.33503152257555,27.70483383302992],[85.3350067184079,27.70483951769413]]}},{"type":"Feature","properties":{},"geometry":{"type":"LineString","coordinates":[[85.3349932091595,27.704723836865995],[85.33500265254439,27.704722206724007]]}},{"type":"Feature","properties":{},"geometry":{"type":"LineString","coordinates":[[85.33479492286548,27.704782209608577],[85.33480435581629,27.70480256909344]]}},{"type":"Feature","properties":{},"geometry":{"type":"LineString","coordinates":[[85.33478552346533,27.70478454876731],[85.33478300290518,27.7047743719741]]}},{"type":"Feature","properties":{},"geometry":{"type":"LineString","coordinates":[[85.33475616463159,27.70479113439654],[85.33474817149052,27.704781603880793]]}},{"type":"Feature","properties":{},"geometry":{"type":"LineString","coordinates":[[85.33475194965376,27.704792571094117],[85.33475381240247,27.704818419080134]]}},{"type":"Feature","properties":{},"geometry":{"type":"LineString","coordinates":[[85.33466341455339,27.704823760444786],[85.33463129114176,27.704859405596345]]}},{"type":"Feature","properties":{},"geometry":{"type":"LineString","coordinates":[[85.33466086798295,27.704824912149256],[85.33462352738862,27.704824422302703]]}},{"type":"Feature","properties":{},"geometry":{"type":"LineString","coordinates":[[85.33495531253892,27.704633345308903],[85.33493640059775,27.704638998847333]]}},{"type":"Feature","properties":{},"geometry":{"type":"LineString","coordinates":[[85.33492127292638,27.704557915869],[85.33493114225298,27.704553677971248]]}},{"type":"Feature","properties":{},"geometry":{"type":"LineString","coordinates":[[85.33489914972652,27.704486017935448],[85.33489334718513,27.70447620600835]]}},{"type":"Feature","properties":{},"geometry":{"type":"LineString","coordinates":[[85.33484151456521,27.704501638247148],[85.33484596879443,27.70451255943774]]}},{"type":"Feature","properties":{},"geometry":{"type":"LineString","coordinates":[[85.33478042960901,27.704545768315715],[85.33477049847166,27.704540253401436]]}},{"type":"Feature","properties":{},"geometry":{"type":"LineString","coordinates":[[85.33467463650257,27.704583893760038],[85.33466784836897,27.704576548370504]]}},{"type":"Feature","properties":{},"geometry":{"type":"LineString","coordinates":[[85.33463305391079,27.704596975079102],[85.33463997068993,27.70461628171337]]}},{"type":"Feature","properties":{},"geometry":{"type":"LineString","coordinates":[[85.33451695532301,27.704636934048892],[85.33452963704676,27.704654704411766]]}},{"type":"Feature","properties":{},"geometry":{"type":"LineString","coordinates":[[85.3344523942423,27.704660081168953],[85.33444922584646,27.704650030153278]]}},{"type":"Feature","properties":{},"geometry":{"type":"LineString","coordinates":[[85.33445097667088,27.70466087640807],[85.33445878314824,27.704676418387077]]}},{"type":"Feature","properties":{},"geometry":{"type":"LineString","coordinates":[[85.33444882193083,27.704661067094314],[85.33441126451116,27.704669181303405]]}},{"type":"Feature","properties":{},"geometry":{"type":"LineString","coordinates":[[85.33444695539046,27.70466164483206],[85.3344140848543,27.70468852710807]]}},{"type":"Feature","properties":{},"geometry":{"type":"LineString","coordinates":[[85.33499119469022,27.70396431456204],[85.33499691194149,27.703973130848514]]}},{"type":"Feature","properties":{},"geometry":{"type":"LineString","coordinates":[[85.33502275098087,27.70395323894187],[85.33502606631534,27.70396309856785]]}},{"type":"Feature","properties":{},"geometry":{"type":"LineString","coordinates":[[85.3351327246531,27.703902200149436],[85.3351458661557,27.703910794340235]]}},{"type":"Feature","properties":{},"geometry":{"type":"LineString","coordinates":[[85.33514021173359,27.703893898279514],[85.33513032326115,27.703876892630554]]}},{"type":"Feature","properties":{},"geometry":{"type":"LineString","coordinates":[[85.33517450696245,27.703870131405274],[85.3351808566486,27.70387977209888]]}},{"type":"Feature","properties":{},"geometry":{"type":"LineString","coordinates":[[85.33517782922621,27.703868581066324],[85.33518328091381,27.703881063922598]]}},{"type":"Feature","properties":{},"geometry":{"type":"LineString","coordinates":[[85.33523736911873,27.70384022234382],[85.33523216671692,27.703835832951473]]}},{"type":"Feature","properties":{},"geometry":{"type":"LineString","coordinates":[[85.33523954047402,27.703839604035515],[85.33523660836886,27.703830951220205]]}},{"type":"Feature","properties":{},"geometry":{"type":"LineString","coordinates":[[85.33525559845683,27.70383229695277],[85.33527138618926,27.70380785620651]]}},{"type":"Feature","properties":{},"geometry":{"type":"LineString","coordinates":[[85.33525819699324,27.70383119369639],[85.33528039183723,27.703816285121057]]}},{"type":"Feature","properties":{},"geometry":{"type":"LineString","coordinates":[[85.335238537393,27.704152692202456],[85.33524875982984,27.704141823877208]]}},{"type":"Feature","properties":{},"geometry":{"type":"LineString","coordinates":[[85.33524121659568,27.70415188685595],[85.33527047326211,27.704148277402673]]}},{"type":"Feature","properties":{},"geometry":{"type":"LineString","coordinates":[[85.33518657187655,27.704172065061236],[85.33518719708671,27.704165817002128]]}},{"type":"Feature","properties":{},"geometry":{"type":"LineString","coordinates":[[85.33517651846573,27.70417594064724],[85.33517534420955,27.704166120312692]]}},{"type":"Feature","properties":{},"geometry":{"type":"LineString","coordinates":[[85.33517401407437,27.70417778873568],[85.33517124473165,27.704166296647454]]}},{"type":"Feature","properties":{},"geometry":{"type":"LineString","coordinates":[[85.3351629800129,27.704181601081377],[85.3351661280179,27.704187788921185]]}},{"type":"Feature","properties":{},"geometry":{"type":"LineString","coordinates":[[85.33510182046551,27.704207287688096],[85.33509900910748,27.704192685806635]]}},{"type":"Feature","properties":{},"geometry":{"type":"LineString","coordinates":[[85.33505203647253,27.704227106418102],[85.33505731455546,27.70423746529446]]}},{"type":"Feature","properties":{},"geometry":{"type":"LineString","coordinates":[[85.33503393584343,27.704235632620986],[85.33503982357874,27.70424851604414]]}},{"type":"Feature","properties":{},"geometry":{"type":"LineString","coordinates":[[85.33450575763698,27.704418167324892],[85.33448973906816,27.704424339381504]]}},{"type":"Feature","properties":{},"geometry":{"type":"LineString","coordinates":[[85.3347495420849,27.704344116264547],[85.3347462220933,27.7043344975578]]}},{"type":"Feature","properties":{},"geometry":{"type":"LineString","coordinates":[[85.33476528143989,27.704339100595455],[85.33476775694456,27.7043481703203]]}},{"type":"Feature","properties":{},"geometry":{"type":"LineString","coordinates":[[85.33480610043823,27.704315995346903],[85.33479973625451,27.704305907699993]]}},{"type":"Feature","properties":{},"geometry":{"type":"LineString","coordinates":[[85.33485347349841,27.70429828584946],[85.33485947819044,27.70430573642993]]}},{"type":"Feature","properties":{},"geometry":{"type":"LineString","coordinates":[[85.3349070195134,27.704278614433342],[85.33490177468929,27.704272811124188]]}},{"type":"Feature","properties":{},"geometry":{"type":"LineString","coordinates":[[85.33494417433445,27.704264479741934],[85.33494794808166,27.70427086284348]]}},{"type":"Feature","properties":{},"geometry":{"type":"LineString","coordinates":[[85.33498172873641,27.704389990658917],[85.33499011770314,27.704386541830598]]}},{"type":"Feature","properties":{},"geometry":{"type":"LineString","coordinates":[[85.33000524249499,27.701556056300923],[85.32992095521492,27.70159512894373]]}},{"type":"Feature","properties":{},"geometry":{"type":"LineString","coordinates":[[85.33129673087747,27.703078548599844],[85.33125645078051,27.702975395307643],[85.33102805265075,27.70272654184992],[85.3309761299801,27.702584856362577]]}},{"type":"Feature","properties":{},"geometry":{"type":"LineString","coordinates":[[85.33129673087747,27.703078548599844],[85.3314363119325,27.703071995319334],[85.33157081770506,27.70295059805628]]}},{"type":"Feature","properties":{},"geometry":{"type":"LineString","coordinates":[[85.33129591683168,27.70245030369195],[85.3311779488501,27.702098345745387]]}},{"type":"Feature","properties":{},"geometry":{"type":"LineString","coordinates":[[85.33150653257903,27.702367049548695],[85.33151149191777,27.702430190335537],[85.3314237288504,27.70264890792627]]}},{"type":"Feature","properties":{},"geometry":{"type":"LineString","coordinates":[[85.33184455008104,27.701713144339163],[85.33183807075959,27.701916782629624],[85.331902417189,27.70203927408244]]}},{"type":"Feature","properties":{},"geometry":{"type":"LineString","coordinates":[[85.3309761299801,27.702584856362577],[85.33062057618334,27.702706073201917],[85.33064806473614,27.702768037089932],[85.33052133991434,27.702844478315725]]}},{"type":"Feature","properties":{},"geometry":{"type":"LineString","coordinates":[[85.3319925744634,27.702607299896346],[85.3317494478422,27.702539066212573]]}},{"type":"Feature","properties":{},"geometry":{"type":"LineString","coordinates":[[85.3317494478422,27.702539066212573],[85.33176857632873,27.70247076701525],[85.33167363164786,27.702432962154777]]}},{"type":"Feature","properties":{},"geometry":{"type":"LineString","coordinates":[[85.3319925744634,27.702607299896346],[85.33209995328653,27.702291553137808],[85.33213922568144,27.702094084438972]]}},{"type":"Feature","properties":{},"geometry":{"type":"LineString","coordinates":[[85.33189548323284,27.702041004655992],[85.33160516794447,27.702171116016316],[85.33149147515213,27.70207191567363]]}},{"type":"Feature","properties":{},"geometry":{"type":"LineString","coordinates":[[85.3314213530234,27.70176535338846],[85.33147194842326,27.701551266436955],[85.3310350578891,27.70144425021259],[85.3309628306343,27.701526986239344]]}},{"type":"Feature","properties":{},"geometry":{"type":"LineString","coordinates":[[85.3309628306343,27.701526986239344],[85.33072993485902,27.701401175994754]]}},{"type":"Feature","properties":{},"geometry":{"type":"LineString","coordinates":[[85.3314213530234,27.70176535338846],[85.33119615479556,27.7017075797288]]}},{"type":"Feature","properties":{},"geometry":{"type":"LineString","coordinates":[[85.33149147515213,27.70207191567363],[85.3311779488501,27.702098345745387]]}},{"type":"Feature","properties":{},"geometry":{"type":"LineString","coordinates":[[85.3307812690862,27.70181625123111],[85.33058714189515,27.701704672975996],[85.3302771406458,27.701423438202056],[85.33013024680609,27.701513880799656],[85.33000524249499,27.701556056300923]]}},{"type":"Feature","properties":{},"geometry":{"type":"LineString","coordinates":[[85.33086434572195,27.702152534799033],[85.33049158131071,27.701998490041934]]}},{"type":"Feature","properties":{},"geometry":{"type":"LineString","coordinates":[[85.33096943222884,27.701945345307223],[85.33114422550942,27.701957637843822],[85.33116543457483,27.70194567931322],[85.33117338055486,27.701833261435777],[85.33132312199349,27.701854545298506]]}},{"type":"Feature","properties":{},"geometry":{"type":"LineString","coordinates":[[85.33052133991434,27.702844478315725],[85.33042892195589,27.702675152874654]]}},{"type":"Feature","properties":{},"geometry":{"type":"LineString","coordinates":[[85.3305554212178,27.70291027543152],[85.33069813451169,27.702874140792204],[85.33074586047363,27.703001724874568],[85.33081697629329,27.702995685107553]]}},{"type":"Feature","properties":{},"geometry":{"type":"LineString","coordinates":[[85.32950322748472,27.7028330455685],[85.32948805477962,27.702860242209695],[85.32933069873934,27.70291851530494],[85.32894201903528,27.70300681180926]]}},{"type":"Feature","properties":{},"geometry":{"type":"LineString","coordinates":[[85.32961254759766,27.702865472882163],[85.32972312728869,27.70316573959421]]}},{"type":"Feature","properties":{},"geometry":{"type":"LineString","coordinates":[[85.32982202043654,27.702916718124314],[85.33016779312877,27.70280210127859]]}},{"type":"Feature","properties":{},"geometry":{"type":"LineString","coordinates":[[85.32857597344774,27.702890711253303],[85.32813886269678,27.70303253664981],[85.32798680694428,27.703110246309418],[85.32797688148884,27.70313950709895],[85.3280345203865,27.70327343211365]]}},{"type":"Feature","properties":{},"geometry":{"type":"LineString","coordinates":[[85.33141296366055,27.70307318234159],[85.33141661438916,27.703054244821907]]}},{"type":"Feature","properties":{},"geometry":{"type":"LineString","coordinates":[[85.33155217138648,27.70296866169018],[85.33155054293442,27.70293226298885]]}},{"type":"Feature","properties":{},"geometry":{"type":"LineString","coordinates":[[85.33155404955914,27.702967118402853],[85.3315644659558,27.702935252165403]]}},{"type":"Feature","properties":{},"geometry":{"type":"LineString","coordinates":[[85.3312784281916,27.703026177747272],[85.33124687457617,27.703032608022294]]}},{"type":"Feature","properties":{},"geometry":{"type":"LineString","coordinates":[[85.3312748838471,27.703015398290738],[85.33124356726593,27.703025243962863]]}},{"type":"Feature","properties":{},"geometry":{"type":"LineString","coordinates":[[85.33126725223295,27.703004462160678],[85.33128115924742,27.703002705566423]]}},{"type":"Feature","properties":{},"geometry":{"type":"LineString","coordinates":[[85.33125645078051,27.702975395307643],[85.33127563119722,27.702956355276847]]}},{"type":"Feature","properties":{},"geometry":{"type":"LineString","coordinates":[[85.33123445614466,27.702958132450885],[85.33124024512792,27.702942952755574]]}},{"type":"Feature","properties":{},"geometry":{"type":"LineString","coordinates":[[85.33109568843409,27.70280836831751],[85.33110681229306,27.702804384991325]]}},{"type":"Feature","properties":{},"geometry":{"type":"LineString","coordinates":[[85.33109117288474,27.702807035868922],[85.33102173320827,27.70284520509647]]}},{"type":"Feature","properties":{},"geometry":{"type":"LineString","coordinates":[[85.3310130274103,27.70269903240047],[85.3310279151546,27.70269399876339]]}},{"type":"Feature","properties":{},"geometry":{"type":"LineString","coordinates":[[85.33100758663804,27.702685933987546],[85.330978690721,27.702694642692418]]}},{"type":"Feature","properties":{},"geometry":{"type":"LineString","coordinates":[[85.33099784927235,27.702659515390298],[85.3310210576519,27.702654188558512]]}},{"type":"Feature","properties":{},"geometry":{"type":"LineString","coordinates":[[85.3311164146124,27.7024981780877],[85.331122954103,27.70253223340883]]}},{"type":"Feature","properties":{},"geometry":{"type":"LineString","coordinates":[[85.33114014926358,27.702492583203878],[85.3311484271229,27.702523687384307]]}},{"type":"Feature","properties":{},"geometry":{"type":"LineString","coordinates":[[85.331178088357,27.70248454035206],[85.33117574711865,27.702474865676656]]}},{"type":"Feature","properties":{},"geometry":{"type":"LineString","coordinates":[[85.33131998323601,27.702440365193265],[85.33132702985702,27.702471418421386]]}},{"type":"Feature","properties":{},"geometry":{"type":"LineString","coordinates":[[85.33127924263397,27.70240993832968],[85.33126711876506,27.70241340238396]]}},{"type":"Feature","properties":{},"geometry":{"type":"LineString","coordinates":[[85.33125623239462,27.70234800236526],[85.33128059675764,27.702342138866527]]}},{"type":"Feature","properties":{},"geometry":{"type":"LineString","coordinates":[[85.33124819094316,27.70232721718386],[85.33122848701517,27.702333953664308]]}},{"type":"Feature","properties":{},"geometry":{"type":"LineString","coordinates":[[85.3312441685937,27.702317064651673],[85.33123434924582,27.702320422003297]]}},{"type":"Feature","properties":{},"geometry":{"type":"LineString","coordinates":[[85.33121271518752,27.702238088750455],[85.33123613023422,27.70223090241019]]}},{"type":"Feature","properties":{},"geometry":{"type":"LineString","coordinates":[[85.33120170449601,27.70221258173477],[85.33122301719082,27.702205677822644]]}},{"type":"Feature","properties":{},"geometry":{"type":"LineString","coordinates":[[85.33135761195557,27.702420062826107],[85.33136499479417,27.702451812361055]]}},{"type":"Feature","properties":{},"geometry":{"type":"LineString","coordinates":[[85.33137455183983,27.702412644980228],[85.3313729659712,27.70240524120229]]}},{"type":"Feature","properties":{},"geometry":{"type":"LineString","coordinates":[[85.33146901561803,27.702377476702086],[85.33146396489478,27.70237033081001]]}},{"type":"Feature","properties":{},"geometry":{"type":"LineString","coordinates":[[85.33147483035543,27.70252609024273],[85.33149045713505,27.702532664129656]]}},{"type":"Feature","properties":{},"geometry":{"type":"LineString","coordinates":[[85.3314453060553,27.702595565568043],[85.33146323438051,27.70260309502022]]}},{"type":"Feature","properties":{},"geometry":{"type":"LineString","coordinates":[[85.33144005031984,27.70261015782366],[85.33142826440528,27.70260720432301]]}},{"type":"Feature","properties":{},"geometry":{"type":"LineString","coordinates":[[85.33143733142323,27.70261490585866],[85.33141927159079,27.70262455034067]]}},{"type":"Feature","properties":{},"geometry":{"type":"LineString","coordinates":[[85.33143646076523,27.70261661201417],[85.33142140651263,27.702650119135296]]}},{"type":"Feature","properties":{},"geometry":{"type":"LineString","coordinates":[[85.33157959487943,27.702344215622944],[85.33158683709406,27.70237614757361]]}},{"type":"Feature","properties":{},"geometry":{"type":"LineString","coordinates":[[85.33166828541582,27.702314392021634],[85.33168022140042,27.702344874179094]]}},{"type":"Feature","properties":{},"geometry":{"type":"LineString","coordinates":[[85.33167768778615,27.702311380705524],[85.33167053455321,27.70229946116743]]}},{"type":"Feature","properties":{},"geometry":{"type":"LineString","coordinates":[[85.33173725576452,27.702290839906848],[85.33173196344087,27.702279977119602]]}},{"type":"Feature","properties":{},"geometry":{"type":"LineString","coordinates":[[85.33176158269153,27.702281168915384],[85.33177513587937,27.70230699895556]]}},{"type":"Feature","properties":{},"geometry":{"type":"LineString","coordinates":[[85.33180756763345,27.70225969001122],[85.33180102930359,27.7022459439078]]}},{"type":"Feature","properties":{},"geometry":{"type":"LineString","coordinates":[[85.33184538713571,27.702240501746555],[85.33186336773949,27.702266725390906]]}},{"type":"Feature","properties":{},"geometry":{"type":"LineString","coordinates":[[85.33186392821257,27.702231011924926],[85.33185797579922,27.702220811782645]]}},{"type":"Feature","properties":{},"geometry":{"type":"LineString","coordinates":[[85.33189635414215,27.70221461522371],[85.33191583579976,27.702241154790396]]}},{"type":"Feature","properties":{},"geometry":{"type":"LineString","coordinates":[[85.33194060206115,27.702115595324134],[85.33192216193109,27.70212405024601]]}},{"type":"Feature","properties":{},"geometry":{"type":"LineString","coordinates":[[85.33201665809314,27.702146263391345],[85.33200947355026,27.70213600057427]]}},{"type":"Feature","properties":{},"geometry":{"type":"LineString","coordinates":[[85.33204604809208,27.702127523155976],[85.33205903352994,27.702150815579515]]}},{"type":"Feature","properties":{},"geometry":{"type":"LineString","coordinates":[[85.33215663865552,27.70208369016808],[85.33214883547643,27.702070631024977]]}},{"type":"Feature","properties":{},"geometry":{"type":"LineString","coordinates":[[85.3321655207587,27.702077080400322],[85.33217988890809,27.702103670241346]]}},{"type":"Feature","properties":{},"geometry":{"type":"LineString","coordinates":[[85.33223259447188,27.702046468898967],[85.33224655029704,27.70207530111587]]}},{"type":"Feature","properties":{},"geometry":{"type":"LineString","coordinates":[[85.33093243599374,27.70245359072476],[85.33089887991503,27.702450019095476]]}},{"type":"Feature","properties":{},"geometry":{"type":"LineString","coordinates":[[85.33180213164121,27.702086347550352],[85.33178970780142,27.70207127056389]]}},{"type":"Feature","properties":{},"geometry":{"type":"LineString","coordinates":[[85.33158321761572,27.702162411728686],[85.33159951111756,27.702153952643403]]}},{"type":"Feature","properties":{},"geometry":{"type":"LineString","coordinates":[[85.33155541574757,27.702139945232055],[85.3315438215821,27.702147986208658]]}},{"type":"Feature","properties":{},"geometry":{"type":"LineString","coordinates":[[85.3318531853035,27.70195176167272],[85.33188745747835,27.701936580388743]]}},{"type":"Feature","properties":{},"geometry":{"type":"LineString","coordinates":[[85.33183861008109,27.701919458871366],[85.3318271687117,27.70191865762724]]}},{"type":"Feature","properties":{},"geometry":{"type":"LineString","coordinates":[[85.33183628888314,27.701904263548123],[85.33187733260645,27.70189836084828]]}},{"type":"Feature","properties":{},"geometry":{"type":"LineString","coordinates":[[85.33211439944797,27.701953365691914],[85.33211017005355,27.701940486791717]]}},{"type":"Feature","properties":{},"geometry":{"type":"LineString","coordinates":[[85.33212075669702,27.701949815838386],[85.33211425067694,27.701937677579465]]}},{"type":"Feature","properties":{},"geometry":{"type":"LineString","coordinates":[[85.33212364956775,27.701948494159062],[85.33211638349785,27.70193592434972]]}},{"type":"Feature","properties":{},"geometry":{"type":"LineString","coordinates":[[85.33224388555934,27.7020434839071],[85.33223715721603,27.70203342786584]]}},{"type":"Feature","properties":{},"geometry":{"type":"LineString","coordinates":[[85.33245838512512,27.701964731843418],[85.33247158631164,27.701988044880725]]}},{"type":"Feature","properties":{},"geometry":{"type":"LineString","coordinates":[[85.33212266655025,27.70220362418827],[85.33213293972304,27.702207962868854]]}},{"type":"Feature","properties":{},"geometry":{"type":"LineString","coordinates":[[85.33210608117687,27.702267414258984],[85.33211842036579,27.7022699258]]}},{"type":"Feature","properties":{},"geometry":{"type":"LineString","coordinates":[[85.3321038905254,27.70227523644041],[85.33211490497652,27.702278241059165]]}},{"type":"Feature","properties":{},"geometry":{"type":"LineString","coordinates":[[85.33209995328653,27.702291553137808],[85.33207512318408,27.702286504756934]]}},{"type":"Feature","properties":{},"geometry":{"type":"LineString","coordinates":[[85.33207949242981,27.70234859507686],[85.33205634653999,27.7023434198688]]}},{"type":"Feature","properties":{},"geometry":{"type":"LineString","coordinates":[[85.33206833793682,27.702386801005805],[85.33208034038464,27.702389918617115]]}},{"type":"Feature","properties":{},"geometry":{"type":"LineString","coordinates":[[85.33205612940253,27.702430903228397],[85.33202952187582,27.70242050657294]]}},{"type":"Feature","properties":{},"geometry":{"type":"LineString","coordinates":[[85.33203425642235,27.70248897961466],[85.3320057303511,27.702485180944652]]}},{"type":"Feature","properties":{},"geometry":{"type":"LineString","coordinates":[[85.33202957951981,27.702505056344116],[85.33203737228021,27.70250753387233]]}},{"type":"Feature","properties":{},"geometry":{"type":"LineString","coordinates":[[85.33202421213626,27.702519127410735],[85.33204238176887,27.702519260591586]]}},{"type":"Feature","properties":{},"geometry":{"type":"LineString","coordinates":[[85.33191111367279,27.70258840542936],[85.33191382727603,27.702570270699987]]}},{"type":"Feature","properties":{},"geometry":{"type":"LineString","coordinates":[[85.33185976836327,27.702576019275913],[85.33185731746256,27.70258548276227]]}},{"type":"Feature","properties":{},"geometry":{"type":"LineString","coordinates":[[85.33185722586565,27.702575571660436],[85.33186799481139,27.70255898530017]]}},{"type":"Feature","properties":{},"geometry":{"type":"LineString","coordinates":[[85.33174809952541,27.70254124225783],[85.33173842993725,27.70253608769663]]}},{"type":"Feature","properties":{},"geometry":{"type":"LineString","coordinates":[[85.33030489586426,27.702874382204648],[85.33032957859555,27.702869331403527]]}},{"type":"Feature","properties":{},"geometry":{"type":"LineString","coordinates":[[85.3317167550567,27.70260812615208],[85.33172037044685,27.702639701204127]]}},{"type":"Feature","properties":{},"geometry":{"type":"LineString","coordinates":[[85.33171512701722,27.70261095858991],[85.33168930564499,27.702640604844888]]}},{"type":"Feature","properties":{},"geometry":{"type":"LineString","coordinates":[[85.33177280857714,27.702480323672567],[85.33181028532952,27.702462541073267]]}},{"type":"Feature","properties":{},"geometry":{"type":"LineString","coordinates":[[85.33169334655844,27.702440501374678],[85.3316884357567,27.70242002380696]]}},{"type":"Feature","properties":{},"geometry":{"type":"LineString","coordinates":[[85.33141122880065,27.702088268402346],[85.33141108691554,27.702097660431093]]}},{"type":"Feature","properties":{},"geometry":{"type":"LineString","coordinates":[[85.33135937502789,27.70209432406177],[85.33134670817594,27.702060700319173]]}},{"type":"Feature","properties":{},"geometry":{"type":"LineString","coordinates":[[85.33150594902995,27.701970772578065],[85.33149754710026,27.70196888065457]]}},{"type":"Feature","properties":{},"geometry":{"type":"LineString","coordinates":[[85.3315248728252,27.701842545239874],[85.33154866988404,27.701837036774666]]}},{"type":"Feature","properties":{},"geometry":{"type":"LineString","coordinates":[[85.3315201757677,27.701838348632865],[85.33153639272263,27.7018142555635]]}},{"type":"Feature","properties":{},"geometry":{"type":"LineString","coordinates":[[85.33142225049302,27.701839063722513],[85.33142065346513,27.701846989620105]]}},{"type":"Feature","properties":{},"geometry":{"type":"LineString","coordinates":[[85.33131459106069,27.701734974649817],[85.3313193282739,27.701725868162317]]}},{"type":"Feature","properties":{},"geometry":{"type":"LineString","coordinates":[[85.33121339957277,27.701710972706124],[85.3311921260665,27.701716573810675]]}},{"type":"Feature","properties":{},"geometry":{"type":"LineString","coordinates":[[85.3314470328636,27.70166868572355],[85.33143915859588,27.7016664382345]]}},{"type":"Feature","properties":{},"geometry":{"type":"LineString","coordinates":[[85.33144793167864,27.7016566637613],[85.33146832416755,27.701661113624507]]}},{"type":"Feature","properties":{},"geometry":{"type":"LineString","coordinates":[[85.33144876258078,27.701652837938866],[85.33143493220392,27.701652434775045]]}},{"type":"Feature","properties":{},"geometry":{"type":"LineString","coordinates":[[85.33147201678071,27.70155723762867],[85.3314917840311,27.701521800782835]]}},{"type":"Feature","properties":{},"geometry":{"type":"LineString","coordinates":[[85.33141913177015,27.70153778114688],[85.3314291254,27.701501435874906]]}},{"type":"Feature","properties":{},"geometry":{"type":"LineString","coordinates":[[85.3313657318564,27.70152504243596],[85.3313637627775,27.70153629425795]]}},{"type":"Feature","properties":{},"geometry":{"type":"LineString","coordinates":[[85.33125472279329,27.70149989960336],[85.33125120204122,27.70150729868735]]}},{"type":"Feature","properties":{},"geometry":{"type":"LineString","coordinates":[[85.33122339931539,27.701496032763167],[85.33122804342334,27.701476451064714]]}},{"type":"Feature","properties":{},"geometry":{"type":"LineString","coordinates":[[85.33113319070767,27.701474186676048],[85.3311304098879,27.70148133925506]]}},{"type":"Feature","properties":{},"geometry":{"type":"LineString","coordinates":[[85.33112972201273,27.70147356632624],[85.33113735724893,27.701451937604414]]}},{"type":"Feature","properties":{},"geometry":{"type":"LineString","coordinates":[[85.33102163794923,27.701449928824463],[85.33100304263426,27.701435067990335]]}},{"type":"Feature","properties":{},"geometry":{"type":"LineString","coordinates":[[85.33096772932869,27.70151939709229],[85.33097925278038,27.701527128270556]]}},{"type":"Feature","properties":{},"geometry":{"type":"LineString","coordinates":[[85.33093660622175,27.701568794774317],[85.33091673736318,27.701556726406476]]}},{"type":"Feature","properties":{},"geometry":{"type":"LineString","coordinates":[[85.33089855074378,27.7016068919775],[85.33091480975233,27.70161422266396]]}},{"type":"Feature","properties":{},"geometry":{"type":"LineString","coordinates":[[85.3308955277219,27.701614699589694],[85.33088473319191,27.701606379705]]}},{"type":"Feature","properties":{},"geometry":{"type":"LineString","coordinates":[[85.33077153380155,27.701424076163878],[85.33076859240255,27.701431584208454]]}},{"type":"Feature","properties":{},"geometry":{"type":"LineString","coordinates":[[85.33075780345008,27.70141597087712],[85.3307492728934,27.701421534225002]]}},{"type":"Feature","properties":{},"geometry":{"type":"LineString","coordinates":[[85.33087457333491,27.701671357220864],[85.33085989190836,27.701662643890824]]}},{"type":"Feature","properties":{},"geometry":{"type":"LineString","coordinates":[[85.33080361286683,27.70178743688113],[85.33080995284027,27.7017926858379]]}},{"type":"Feature","properties":{},"geometry":{"type":"LineString","coordinates":[[85.33110711867648,27.702092384346937],[85.33110686839726,27.702105565776854]]}},{"type":"Feature","properties":{},"geometry":{"type":"LineString","coordinates":[[85.33109097131884,27.702091171606718],[85.33108703328075,27.702103600077002]]}},{"type":"Feature","properties":{},"geometry":{"type":"LineString","coordinates":[[85.33104688388755,27.702087510059613],[85.33105954017581,27.702057320723252]]}},{"type":"Feature","properties":{},"geometry":{"type":"LineString","coordinates":[[85.33092401580281,27.702299120714244],[85.33094016752447,27.702297516669802]]}},{"type":"Feature","properties":{},"geometry":{"type":"LineString","coordinates":[[85.33092277710591,27.7022695743531],[85.33093626111685,27.70226815475683]]}},{"type":"Feature","properties":{},"geometry":{"type":"LineString","coordinates":[[85.33083971066421,27.70221609315837],[85.33080573043267,27.702208880924466]]}},{"type":"Feature","properties":{},"geometry":{"type":"LineString","coordinates":[[85.33086716141224,27.70214409290401],[85.33087779718106,27.702148855733604]]}},{"type":"Feature","properties":{},"geometry":{"type":"LineString","coordinates":[[85.33070010390509,27.702089968955384],[85.3306934667064,27.70209971588231]]}},{"type":"Feature","properties":{},"geometry":{"type":"LineString","coordinates":[[85.33066742273502,27.702077691901415],[85.33066515526579,27.702084025728933]]}},{"type":"Feature","properties":{},"geometry":{"type":"LineString","coordinates":[[85.33059203645351,27.70204342459362],[85.33060386087242,27.702023924997167]]}},{"type":"Feature","properties":{},"geometry":{"type":"LineString","coordinates":[[85.33052585919143,27.702012655572194],[85.33051693155981,27.702014390012078]]}},{"type":"Feature","properties":{},"geometry":{"type":"LineString","coordinates":[[85.33097615414448,27.701915104287117],[85.33098795000741,27.70192053002756]]}},{"type":"Feature","properties":{},"geometry":{"type":"LineString","coordinates":[[85.33096516513841,27.70190263665219],[85.33097237572785,27.70188686037097]]}},{"type":"Feature","properties":{},"geometry":{"type":"LineString","coordinates":[[85.33087188960148,27.701872409338286],[85.3308653917346,27.701880465673813]]}},{"type":"Feature","properties":{},"geometry":{"type":"LineString","coordinates":[[85.33085924746072,27.70186468993373],[85.33084759694495,27.701877031724155]]}},{"type":"Feature","properties":{},"geometry":{"type":"LineString","coordinates":[[85.33075338332274,27.70180071244287],[85.33074877155882,27.701811966685185]]}},{"type":"Feature","properties":{},"geometry":{"type":"LineString","coordinates":[[85.33061769890082,27.701723654743848],[85.33063631393985,27.701699447198138]]}},{"type":"Feature","properties":{},"geometry":{"type":"LineString","coordinates":[[85.33059990045932,27.701712935338158],[85.33062337691177,27.701688319799562]]}},{"type":"Feature","properties":{},"geometry":{"type":"LineString","coordinates":[[85.33058714189515,27.701704672975996],[85.33058047597116,27.70171191136643]]}},{"type":"Feature","properties":{},"geometry":{"type":"LineString","coordinates":[[85.3304925439959,27.701620645630292],[85.33047774128333,27.701632758034286]]}},{"type":"Feature","properties":{},"geometry":{"type":"LineString","coordinates":[[85.33047957273777,27.701608904072348],[85.33050717836045,27.701592946869077]]}},{"type":"Feature","properties":{},"geometry":{"type":"LineString","coordinates":[[85.33040633803807,27.701539705067635],[85.33042899769862,27.701519185409346]]}},{"type":"Feature","properties":{},"geometry":{"type":"LineString","coordinates":[[85.3303500932616,27.70148850921714],[85.33034279712983,27.701496512578004]]}},{"type":"Feature","properties":{},"geometry":{"type":"LineString","coordinates":[[85.33029943798948,27.701441502704828],[85.33029144415445,27.701450108674056]]}},{"type":"Feature","properties":{},"geometry":{"type":"LineString","coordinates":[[85.3302771406458,27.701423438202056],[85.33030164555244,27.701397875711596]]}},{"type":"Feature","properties":{},"geometry":{"type":"LineString","coordinates":[[85.33027180999541,27.701422298068618],[85.33028817814821,27.70138768775859]]}},{"type":"Feature","properties":{},"geometry":{"type":"LineString","coordinates":[[85.33026644202651,27.70142241022377],[85.33025464583096,27.701373920166862]]}},{"type":"Feature","properties":{},"geometry":{"type":"LineString","coordinates":[[85.33018468312501,27.701477187206326],[85.33019647695944,27.701485670825452]]}},{"type":"Feature","properties":{},"geometry":{"type":"LineString","coordinates":[[85.33013024680609,27.701513880799656],[85.33013921569611,27.701524418847995]]}},{"type":"Feature","properties":{},"geometry":{"type":"LineString","coordinates":[[85.33116543457483,27.70194567931322],[85.33117802964314,27.701946631707287]]}},{"type":"Feature","properties":{},"geometry":{"type":"LineString","coordinates":[[85.33116687913095,27.70193024868468],[85.33114868062965,27.701930020276176]]}},{"type":"Feature","properties":{},"geometry":{"type":"LineString","coordinates":[[85.33116701972617,27.701849906297305],[85.33114686633309,27.701843137010677]]}},{"type":"Feature","properties":{},"geometry":{"type":"LineString","coordinates":[[85.33117338055486,27.701833261435777],[85.33116285371364,27.70178755576952]]}},{"type":"Feature","properties":{},"geometry":{"type":"LineString","coordinates":[[85.33118882099772,27.701834213832157],[85.33119171780002,27.701822638351306]]}},{"type":"Feature","properties":{},"geometry":{"type":"LineString","coordinates":[[85.33129603682555,27.70185002918058],[85.33131797873624,27.70184168695073]]}},{"type":"Feature","properties":{},"geometry":{"type":"LineString","coordinates":[[85.3313018729196,27.70185100839634],[85.33132935038121,27.70185340102916]]}},{"type":"Feature","properties":{},"geometry":{"type":"LineString","coordinates":[[85.3307337204895,27.702660023936787],[85.33072578213041,27.702644329448677]]}},{"type":"Feature","properties":{},"geometry":{"type":"LineString","coordinates":[[85.33071285054841,27.702668544159245],[85.33071650723261,27.70267993330162]]}},{"type":"Feature","properties":{},"geometry":{"type":"LineString","coordinates":[[85.33062630372184,27.70270326133257],[85.33060239431612,27.702687224417808]]}},{"type":"Feature","properties":{},"geometry":{"type":"LineString","coordinates":[[85.33062057618334,27.702706073201917],[85.33059665576839,27.702707412940327]]}},{"type":"Feature","properties":{},"geometry":{"type":"LineString","coordinates":[[85.33043758933327,27.702694180260664],[85.33042782349446,27.70265199013373]]}},{"type":"Feature","properties":{},"geometry":{"type":"LineString","coordinates":[[85.33043647994477,27.70269071823921],[85.33040667645038,27.702617632254455]]}},{"type":"Feature","properties":{},"geometry":{"type":"LineString","coordinates":[[85.33057771259442,27.702910302372455],[85.330580265724,27.702924773051958]]}},{"type":"Feature","properties":{},"geometry":{"type":"LineString","coordinates":[[85.33058923201342,27.702907248069877],[85.33058374928828,27.7029007052559]]}},{"type":"Feature","properties":{},"geometry":{"type":"LineString","coordinates":[[85.33075641770188,27.703008987733252],[85.33076422488512,27.703021243729303]]}},{"type":"Feature","properties":{},"geometry":{"type":"LineString","coordinates":[[85.33075906421433,27.703009597277173],[85.33076873701131,27.70302013655587]]}},{"type":"Feature","properties":{},"geometry":{"type":"LineString","coordinates":[[85.33078411976882,27.70300323768125],[85.33083568477694,27.702990467412345]]}},{"type":"Feature","properties":{},"geometry":{"type":"LineString","coordinates":[[85.33070125342992,27.702876025018405],[85.3307816412666,27.70284995487448]]}},{"type":"Feature","properties":{},"geometry":{"type":"LineString","coordinates":[[85.33048606596837,27.702922167670565],[85.33048841239318,27.702904921171008]]}},{"type":"Feature","properties":{},"geometry":{"type":"LineString","coordinates":[[85.33046481295929,27.702920876130268],[85.3304736527632,27.70294343275721]]}},{"type":"Feature","properties":{},"geometry":{"type":"LineString","coordinates":[[85.33046025275476,27.702920745318597],[85.33047138555352,27.70294401914776]]}},{"type":"Feature","properties":{},"geometry":{"type":"LineString","coordinates":[[85.32896060844543,27.703001494555416],[85.3289656611914,27.70302387107465]]}},{"type":"Feature","properties":{},"geometry":{"type":"LineString","coordinates":[[85.32905565036377,27.702979042840102],[85.32906457103677,27.702992279899085]]}},{"type":"Feature","properties":{},"geometry":{"type":"LineString","coordinates":[[85.32911545805418,27.70296851265572],[85.32910856890271,27.702905733926144]]}},{"type":"Feature","properties":{},"geometry":{"type":"LineString","coordinates":[[85.32928538649898,27.70292966999734],[85.32928841397424,27.702937222062577]]}},{"type":"Feature","properties":{},"geometry":{"type":"LineString","coordinates":[[85.32932406947357,27.702918810759986],[85.32931696308383,27.70289085156873]]}},{"type":"Feature","properties":{},"geometry":{"type":"LineString","coordinates":[[85.32933069873934,27.70291851530494],[85.32933929686611,27.702932358577815]]}},{"type":"Feature","properties":{},"geometry":{"type":"LineString","coordinates":[[85.32937906750882,27.70290102368139],[85.3293846675205,27.702917502315643]]}},{"type":"Feature","properties":{},"geometry":{"type":"LineString","coordinates":[[85.32938045766863,27.702900896952706],[85.32938940152695,27.702915010647025]]}},{"type":"Feature","properties":{},"geometry":{"type":"LineString","coordinates":[[85.32947539553467,27.70282548660959],[85.32947842122138,27.70280306769609]]}},{"type":"Feature","properties":{},"geometry":{"type":"LineString","coordinates":[[85.32947776455003,27.70282640511105],[85.32948650435611,27.70280685034689]]}},{"type":"Feature","properties":{},"geometry":{"type":"LineString","coordinates":[[85.32932729394665,27.702756343882104],[85.32911457150702,27.70260354626917],[85.32876506275623,27.702402756584572],[85.32864557523813,27.70228931039187]]}},{"type":"Feature","properties":{},"geometry":{"type":"LineString","coordinates":[[85.32917197249711,27.702056505416728],[85.32934561470599,27.70211299861379],[85.32952538882937,27.702073305994425],[85.32969362860467,27.702222134772718],[85.32978926551098,27.70226662818343]]}},{"type":"Feature","properties":{},"geometry":{"type":"LineString","coordinates":[[85.32788114635302,27.70071039298006],[85.32769373684549,27.70074772498786],[85.32763396438715,27.700701753646094],[85.3275194839988,27.700726621299914]]}},{"type":"Feature","properties":{},"geometry":{"type":"LineString","coordinates":[[85.3291154619656,27.702601674299334],[85.32892463147383,27.702501634706508],[85.32867231986515,27.70232002933333],[85.32854496560775,27.70216400238912],[85.32840823899366,27.701907449067537]]}},{"type":"Feature","properties":{},"geometry":{"type":"LineString","coordinates":[[85.32836260649212,27.702513354150106],[85.32857597344774,27.702890711253303]]}},{"type":"Feature","properties":{},"geometry":{"type":"LineString","coordinates":[[85.32836260649212,27.702513354150106],[85.32819574067034,27.70257502293668],[85.32818927663203,27.7026389148349],[85.32802637834808,27.702679973782338]]}},{"type":"Feature","properties":{},"geometry":{"type":"LineString","coordinates":[[85.32828242317885,27.702362279349654],[85.32815447657126,27.702404318308325],[85.32811790868416,27.702457766071543],[85.32800798849388,27.70249628243224],[85.32800921802215,27.70253030261784],[85.32793082581915,27.70255023083304],[85.32792721410554,27.702602552192655],[85.32784123530664,27.702638538928653],[85.32784812596347,27.70268407903502],[85.32774055182365,27.70270956994644],[85.32771039786137,27.702743773304874],[85.32763433209847,27.702764737595572]]}},{"type":"Feature","properties":{},"geometry":{"type":"LineString","coordinates":[[85.32932729394665,27.702756343882104],[85.32955258413243,27.70261914941503],[85.3296932438399,27.70257622732481],[85.32971842228962,27.70254907917879],[85.32987089936269,27.702525142911753],[85.32988639831292,27.702470787934267],[85.32985863288349,27.702453538281194],[85.32991737941543,27.70233920626353]]}},{"type":"Feature","properties":{},"geometry":{"type":"LineString","coordinates":[[85.3291154619656,27.702601674299334],[85.32922308236823,27.70251268581683],[85.32954950961954,27.70240950877434]]}},{"type":"Feature","properties":{},"geometry":{"type":"LineString","coordinates":[[85.32864557523813,27.70228931039187],[85.32869920790701,27.702290503042597],[85.32898837451677,27.702172121692065]]}},{"type":"Feature","properties":{},"geometry":{"type":"LineString","coordinates":[[85.32812294466514,27.7017770215516],[85.32790866829154,27.701813704401],[85.32765478713885,27.70181876422672],[85.32756562231391,27.701763285024498],[85.32738735994286,27.701575128653836],[85.32731712393512,27.701598797773165],[85.32712203859639,27.701770941070745],[85.32695444094864,27.701810289434057],[85.32675432548669,27.70172725427398],[85.32624389602951,27.701613836751687],[85.3257997517738,27.701749723097496]]}},{"type":"Feature","properties":{},"geometry":{"type":"LineString","coordinates":[[85.32737509581733,27.70152223100795],[85.32766480330639,27.701773975293385],[85.32797104712006,27.701756477176996],[85.32812211817223,27.70171975385934]]}},{"type":"Feature","properties":{},"geometry":{"type":"LineString","coordinates":[[85.32840823899366,27.701907449067537],[85.32866081947003,27.701788934366558],[85.3286892190029,27.70179961773744],[85.32876766003498,27.70192809221182]]}},{"type":"Feature","properties":{},"geometry":{"type":"LineString","coordinates":[[85.32910548328186,27.701348061845795],[85.32918172323284,27.70164385571699],[85.32925223996803,27.701784583876]]}},{"type":"Feature","properties":{},"geometry":{"type":"LineString","coordinates":[[85.32893289480401,27.701370175096475],[85.3287379380806,27.701413026732872],[85.3284580177725,27.701527644627255]]}},{"type":"Feature","properties":{},"geometry":{"type":"LineString","coordinates":[[85.32893289480401,27.701370175096475],[85.32898046761444,27.70168160355649],[85.32907210364777,27.701896593055128],[85.32917197249711,27.702056505416728]]}},{"type":"Feature","properties":{},"geometry":{"type":"LineString","coordinates":[[85.32905992013895,27.70084787141145],[85.32897402472888,27.701119753830255],[85.32893695842245,27.70136941726896]]}},{"type":"Feature","properties":{},"geometry":{"type":"LineString","coordinates":[[85.32897018091033,27.70032295489085],[85.32874883366675,27.700700756262904]]}},{"type":"Feature","properties":{},"geometry":{"type":"LineString","coordinates":[[85.32974699918438,27.701104712161097],[85.32942949636774,27.70120882875943],[85.32910548328186,27.701348061845795]]}},{"type":"Feature","properties":{},"geometry":{"type":"LineString","coordinates":[[85.33032429182367,27.70094349576247],[85.32993376901206,27.70113669177909],[85.32977824942958,27.701178029634434]]}},{"type":"Feature","properties":{},"geometry":{"type":"LineString","coordinates":[[85.32985343810333,27.701338947951477],[85.33000524249499,27.701556056300923]]}},{"type":"Feature","properties":{},"geometry":{"type":"LineString","coordinates":[[85.32985343810333,27.701338947951477],[85.32948445148493,27.70145709461418]]}},{"type":"Feature","properties":{},"geometry":{"type":"LineString","coordinates":[[85.32982765221644,27.700905474446884],[85.32977383262539,27.700668435670366]]}},{"type":"Feature","properties":{},"geometry":{"type":"LineString","coordinates":[[85.32972350899878,27.70094865501777],[85.32969461754018,27.70090256522578],[85.32963217813682,27.700906202766173],[85.32962367341867,27.70067784085783]]}},{"type":"Feature","properties":{},"geometry":{"type":"LineString","coordinates":[[85.33032429182367,27.70094349576247],[85.33055389464955,27.701114203089002],[85.33060064099467,27.701092914266624]]}},{"type":"Feature","properties":{},"geometry":{"type":"LineString","coordinates":[[85.3305157035679,27.700846058910567],[85.33041857280155,27.700709913936286],[85.33036477398586,27.700543834962158],[85.33046114139071,27.700510156924555]]}},{"type":"Feature","properties":{},"geometry":{"type":"LineString","coordinates":[[85.33179276686009,27.701268124564223],[85.33176938153453,27.701369235235834],[85.33145881719882,27.701309889060934]]}},{"type":"Feature","properties":{},"geometry":{"type":"LineString","coordinates":[[85.33107481886437,27.7011005602143],[85.33103876938928,27.701237008138538],[85.3309014000964,27.701210256594404]]}},{"type":"Feature","properties":{},"geometry":{"type":"LineString","coordinates":[[85.3314306219691,27.70119278904974],[85.33149293843869,27.701080864881114]]}},{"type":"Feature","properties":{},"geometry":{"type":"LineString","coordinates":[[85.32978926551098,27.70226662818343],[85.3299881719365,27.701989121077343],[85.33011690411593,27.701870042813844]]}},{"type":"Feature","properties":{},"geometry":{"type":"LineString","coordinates":[[85.33011690411593,27.701870042813844],[85.33027445229811,27.702006490728994],[85.33040966940946,27.701859874187722]]}},{"type":"Feature","properties":{},"geometry":{"type":"LineString","coordinates":[[85.32992095521492,27.70159512894373],[85.32960219141434,27.701717637272466]]}},{"type":"Feature","properties":{},"geometry":{"type":"LineString","coordinates":[[85.32960219141434,27.701717637272466],[85.3295327089823,27.701616959753284]]}},{"type":"Feature","properties":{},"geometry":{"type":"LineString","coordinates":[[85.32912626495049,27.700725132106474],[85.3293672689675,27.70079486632178]]}},{"type":"Feature","properties":{},"geometry":{"type":"LineString","coordinates":[[85.32905992013895,27.70084787141145],[85.32948239015904,27.7009490661677]]}},{"type":"Feature","properties":{},"geometry":{"type":"LineString","coordinates":[[85.32959325852742,27.69994908115557],[85.32941228429281,27.700322301208658]]}},{"type":"Feature","properties":{},"geometry":{"type":"LineString","coordinates":[[85.32959325852742,27.69994908115557],[85.32973711442942,27.700004475191562],[85.32961768804594,27.70023672334562]]}},{"type":"Feature","properties":{},"geometry":{"type":"LineString","coordinates":[[85.32905828557062,27.699984419637424],[85.32897018091033,27.70032295489085]]}},{"type":"Feature","properties":{},"geometry":{"type":"LineString","coordinates":[[85.3284886607781,27.70113537233154],[85.32845284534672,27.701119797821175],[85.32817209208267,27.701248844981414]]}},{"type":"Feature","properties":{},"geometry":{"type":"LineString","coordinates":[[85.32861390100125,27.70092122119269],[85.32857656351028,27.700913102349993],[85.32827364777174,27.70103347040507]]}},{"type":"Feature","properties":{},"geometry":{"type":"LineString","coordinates":[[85.32874500054642,27.700698500548455],[85.3285733037909,27.700484243780643],[85.32800816629427,27.700688305595115],[85.32788828522929,27.70069648337674]]}},{"type":"Feature","properties":{},"geometry":{"type":"LineString","coordinates":[[85.32897018091033,27.70032295489085],[85.32878191036802,27.70031537437856],[85.32857850368954,27.70036540742144]]}},{"type":"Feature","properties":{},"geometry":{"type":"LineString","coordinates":[[85.32905828557062,27.699984419637424],[85.32937031027171,27.699961262250053]]}},{"type":"Feature","properties":{},"geometry":{"type":"LineString","coordinates":[[85.32902074704704,27.699770474791663],[85.32812324139185,27.70008679971245]]}},{"type":"Feature","properties":{},"geometry":{"type":"LineString","coordinates":[[85.32806692671117,27.700205540421216],[85.32788319730192,27.700023764686225]]}},{"type":"Feature","properties":{},"geometry":{"type":"LineString","coordinates":[[85.32812324139185,27.70008679971245],[85.32812627098457,27.69999934407823]]}},{"type":"Feature","properties":{},"geometry":{"type":"LineString","coordinates":[[85.32791580538687,27.7010196918755],[85.32808268322785,27.700971852346242]]}},{"type":"Feature","properties":{},"geometry":{"type":"LineString","coordinates":[[85.3285579186468,27.70101563066875],[85.32863110098194,27.701010447282442],[85.32881270669392,27.70093815770985]]}},{"type":"Feature","properties":{},"geometry":{"type":"LineString","coordinates":[[85.32788506474951,27.70085051592625],[85.32784276446863,27.700854450056532],[85.32773236761541,27.70093989124169]]}},{"type":"Feature","properties":{},"geometry":{"type":"LineString","coordinates":[[85.32732253519255,27.700294031032197],[85.32746326243667,27.70011540557317]]}},{"type":"Feature","properties":{},"geometry":{"type":"LineString","coordinates":[[85.32761366219009,27.700452606124685],[85.32770676754318,27.700345283233226]]}},{"type":"Feature","properties":{},"geometry":{"type":"LineString","coordinates":[[85.32972128976492,27.703160750694405],[85.32972430675586,27.703179379611903]]}},{"type":"Feature","properties":{},"geometry":{"type":"LineString","coordinates":[[85.32972226645965,27.703163269760864],[85.32972795767074,27.703179224199403]]}},{"type":"Feature","properties":{},"geometry":{"type":"LineString","coordinates":[[85.32967463601287,27.703040075613394],[85.32965058871729,27.7030648528593]]}},{"type":"Feature","properties":{},"geometry":{"type":"LineString","coordinates":[[85.32967372702086,27.70303830467434],[85.32964983642063,27.703059451952516]]}},{"type":"Feature","properties":{},"geometry":{"type":"LineString","coordinates":[[85.32974581603405,27.702894336078582],[85.32974648880902,27.7028708697905]]}},{"type":"Feature","properties":{},"geometry":{"type":"LineString","coordinates":[[85.3297558400902,27.702895121299644],[85.32974905370847,27.702922910142117]]}},{"type":"Feature","properties":{},"geometry":{"type":"LineString","coordinates":[[85.32986656690183,27.702931405736518],[85.3298690121688,27.7029237888396]]}},{"type":"Feature","properties":{},"geometry":{"type":"LineString","coordinates":[[85.32992652434345,27.702949323555636],[85.32992304162062,27.702982582000637]]}},{"type":"Feature","properties":{},"geometry":{"type":"LineString","coordinates":[[85.32992974014697,27.70294990568641],[85.32992353702058,27.70298454380173]]}},{"type":"Feature","properties":{},"geometry":{"type":"LineString","coordinates":[[85.3299985047358,27.702967215809107],[85.32998669722487,27.702995179656725]]}},{"type":"Feature","properties":{},"geometry":{"type":"LineString","coordinates":[[85.33000192903656,27.702966958374883],[85.32998644714804,27.702996885165806]]}},{"type":"Feature","properties":{},"geometry":{"type":"LineString","coordinates":[[85.3301424627705,27.702998124600622],[85.33014034112908,27.70297949475684]]}},{"type":"Feature","properties":{},"geometry":{"type":"LineString","coordinates":[[85.33015588550714,27.70300053566693],[85.33016230217959,27.702985965593665]]}},{"type":"Feature","properties":{},"geometry":{"type":"LineString","coordinates":[[85.33020946948217,27.703066820826056],[85.3302265730976,27.7030629133117]]}},{"type":"Feature","properties":{},"geometry":{"type":"LineString","coordinates":[[85.33021110193599,27.70307062761441],[85.33017680651852,27.703079771931122]]}},{"type":"Feature","properties":{},"geometry":{"type":"LineString","coordinates":[[85.3302629893656,27.703181874451285],[85.3302358045608,27.703190810317274]]}},{"type":"Feature","properties":{},"geometry":{"type":"LineString","coordinates":[[85.33026081860436,27.7031770584381],[85.33027465239411,27.7031743190893]]}},{"type":"Feature","properties":{},"geometry":{"type":"LineString","coordinates":[[85.32989356738952,27.702894152939457],[85.32989026756302,27.702886436946574]]}},{"type":"Feature","properties":{},"geometry":{"type":"LineString","coordinates":[[85.33014807718892,27.702807952053927],[85.33014469161886,27.702799339703223]]}},{"type":"Feature","properties":{},"geometry":{"type":"LineString","coordinates":[[85.3301542594526,27.70280624499509],[85.33016688641419,27.702796051383068]]}},{"type":"Feature","properties":{},"geometry":{"type":"LineString","coordinates":[[85.33015113559513,27.702807283152435],[85.33014772289627,27.702788731600076]]}},{"type":"Feature","properties":{},"geometry":{"type":"LineString","coordinates":[[85.3295644189278,27.70284829876341],[85.32955075918322,27.702885015707174]]}},{"type":"Feature","properties":{},"geometry":{"type":"LineString","coordinates":[[85.32956240698542,27.70284730514778],[85.32954632803433,27.702882603875636]]}},{"type":"Feature","properties":{},"geometry":{"type":"LineString","coordinates":[[85.32885925974237,27.70302536920317],[85.32885394303375,27.70299975385574]]}},{"type":"Feature","properties":{},"geometry":{"type":"LineString","coordinates":[[85.32885482706747,27.70302618574944],[85.3288493718211,27.70300074472653]]}},{"type":"Feature","properties":{},"geometry":{"type":"LineString","coordinates":[[85.3286678104293,27.703058254611616],[85.32871374745788,27.703044103985338]]}},{"type":"Feature","properties":{},"geometry":{"type":"LineString","coordinates":[[85.32859216222109,27.702923077171974],[85.32864756802822,27.70290648667627]]}},{"type":"Feature","properties":{},"geometry":{"type":"LineString","coordinates":[[85.32858936944699,27.702916496361865],[85.32864688846735,27.702901040613693]]}},{"type":"Feature","properties":{},"geometry":{"type":"LineString","coordinates":[[85.32848162982303,27.702916979826874],[85.32847547190303,27.702906709376187]]}},{"type":"Feature","properties":{},"geometry":{"type":"LineString","coordinates":[[85.32847877120655,27.702917846053992],[85.32847306536596,27.70290745470504]]}},{"type":"Feature","properties":{},"geometry":{"type":"LineString","coordinates":[[85.32844266271847,27.702928778558768],[85.32843895795922,27.702919893356825]]}},{"type":"Feature","properties":{},"geometry":{"type":"LineString","coordinates":[[85.32833822640998,27.702961354922262],[85.32835026609578,27.70298723829753]]}},{"type":"Feature","properties":{},"geometry":{"type":"LineString","coordinates":[[85.328305049679,27.702971610681963],[85.3283013162198,27.702962613214023]]}},{"type":"Feature","properties":{},"geometry":{"type":"LineString","coordinates":[[85.32820278032926,27.703011436207298],[85.32821107177553,27.703033680377583]]}},{"type":"Feature","properties":{},"geometry":{"type":"LineString","coordinates":[[85.32811641333826,27.70304839226727],[85.32813605227383,27.703087776606584]]}},{"type":"Feature","properties":{},"geometry":{"type":"LineString","coordinates":[[85.32809317050335,27.70306381409967],[85.3281092886566,27.7030962812055]]}},{"type":"Feature","properties":{},"geometry":{"type":"LineString","coordinates":[[85.32808566580835,27.703068119777182],[85.32808459276853,27.703053831202023]]}},{"type":"Feature","properties":{},"geometry":{"type":"LineString","coordinates":[[85.32798806317116,27.70310985894568],[85.32796061632841,27.703097064136163]]}},{"type":"Feature","properties":{},"geometry":{"type":"LineString","coordinates":[[85.32798680694428,27.703110246309418],[85.32795845022136,27.70309800189509]]}},{"type":"Feature","properties":{},"geometry":{"type":"LineString","coordinates":[[85.32798625968223,27.70316163624536],[85.32797341889038,27.70316688380732]]}},{"type":"Feature","properties":{},"geometry":{"type":"LineString","coordinates":[[85.32802384727458,27.703252031932955],[85.32801788511145,27.703254463592042]]}},{"type":"Feature","properties":{},"geometry":{"type":"LineString","coordinates":[[85.3280289279738,27.703262187403862],[85.32802500726724,27.703275781172483]]}},{"type":"Feature","properties":{},"geometry":{"type":"LineString","coordinates":[[85.32803010238592,27.70326430633229],[85.32803724903074,27.703278031967194]]}},{"type":"Feature","properties":{},"geometry":{"type":"LineString","coordinates":[[85.32853314544714,27.702806667745524],[85.32857625012295,27.702788593879383]]}},{"type":"Feature","properties":{},"geometry":{"type":"LineString","coordinates":[[85.32853225553283,27.70280630771401],[85.32857334362849,27.702783553249667]]}},{"type":"Feature","properties":{},"geometry":{"type":"LineString","coordinates":[[85.32850271447738,27.702750482168028],[85.32854698061833,27.70272892224922]]}},{"type":"Feature","properties":{},"geometry":{"type":"LineString","coordinates":[[85.3284972163988,27.702739433565345],[85.32848111962981,27.702744012786194]]}},{"type":"Feature","properties":{},"geometry":{"type":"LineString","coordinates":[[85.32848480769928,27.70271793393941],[85.3285276419784,27.7026972403328]]}},{"type":"Feature","properties":{},"geometry":{"type":"LineString","coordinates":[[85.3284491042475,27.702660185554276],[85.3284330642071,27.702665501032314]]}},{"type":"Feature","properties":{},"geometry":{"type":"LineString","coordinates":[[85.32844393632725,27.702650961377586],[85.32843209288187,27.702656444860033]]}},{"type":"Feature","properties":{},"geometry":{"type":"LineString","coordinates":[[85.32840328944954,27.702585363389964],[85.32839501946157,27.702591714046523]]}},{"type":"Feature","properties":{},"geometry":{"type":"LineString","coordinates":[[85.32838874092933,27.7025602195986],[85.32843077629104,27.702541242949366]]}},{"type":"Feature","properties":{},"geometry":{"type":"LineString","coordinates":[[85.3283869205626,27.70255657117539],[85.32842944651043,27.702539138393963]]}},{"type":"Feature","properties":{},"geometry":{"type":"LineString","coordinates":[[85.32835247197345,27.702504651238222],[85.32839993272923,27.70248306134618]]}},{"type":"Feature","properties":{},"geometry":{"type":"LineString","coordinates":[[85.32834976864825,27.702501251184007],[85.32839974615946,27.702479734102745]]}},{"type":"Feature","properties":{},"geometry":{"type":"LineString","coordinates":[[85.32834052762901,27.70248615367044],[85.32832846624518,27.702493229316886]]}},{"type":"Feature","properties":{},"geometry":{"type":"LineString","coordinates":[[85.32830689897771,27.702428343661193],[85.32829544599977,27.702434423017447]]}},{"type":"Feature","properties":{},"geometry":{"type":"LineString","coordinates":[[85.32819537516835,27.70262906495906],[85.32822125346455,27.70263758525913]]}},{"type":"Feature","properties":{},"geometry":{"type":"LineString","coordinates":[[85.32819449079938,27.70263279805191],[85.32822982439954,27.70266630588494]]}},{"type":"Feature","properties":{},"geometry":{"type":"LineString","coordinates":[[85.32818927663203,27.7026389148349],[85.32819958327337,27.702664464108228]]}},{"type":"Feature","properties":{},"geometry":{"type":"LineString","coordinates":[[85.32805111545764,27.70267248987211],[85.32804600936187,27.702664999322216]]}},{"type":"Feature","properties":{},"geometry":{"type":"LineString","coordinates":[[85.32803204243807,27.702678534033065],[85.32801903529591,27.702702810738334]]}},{"type":"Feature","properties":{},"geometry":{"type":"LineString","coordinates":[[85.3281523841726,27.702408404149253],[85.32813771061132,27.702411356075103]]}},{"type":"Feature","properties":{},"geometry":{"type":"LineString","coordinates":[[85.32812764017794,27.702446342706235],[85.32815053861577,27.70251057386902]]}},{"type":"Feature","properties":{},"geometry":{"type":"LineString","coordinates":[[85.32800798849388,27.70249628243224],[85.32799638467189,27.7024970231693]]}},{"type":"Feature","properties":{},"geometry":{"type":"LineString","coordinates":[[85.32784811715223,27.702666168749168],[85.32783687387193,27.702666539269476]]}},{"type":"Feature","properties":{},"geometry":{"type":"LineString","coordinates":[[85.32785059326297,27.702676355943225],[85.32786205349691,27.702685698565563]]}},{"type":"Feature","properties":{},"geometry":{"type":"LineString","coordinates":[[85.32784194173217,27.702685980014106],[85.32784360928272,27.70269313209777]]}},{"type":"Feature","properties":{},"geometry":{"type":"LineString","coordinates":[[85.32774055182365,27.70270956994644],[85.32773478546048,27.702696768935407]]}},{"type":"Feature","properties":{},"geometry":{"type":"LineString","coordinates":[[85.32769898667789,27.702748570592394],[85.32770716834766,27.70276577002092]]}},{"type":"Feature","properties":{},"geometry":{"type":"LineString","coordinates":[[85.3276388708386,27.70276354871448],[85.32760369052468,27.70275929780365]]}},{"type":"Feature","properties":{},"geometry":{"type":"LineString","coordinates":[[85.32826547050628,27.702329746226965],[85.32830880286615,27.702316084139923]]}},{"type":"Feature","properties":{},"geometry":{"type":"LineString","coordinates":[[85.32825841113166,27.70230617304233],[85.3282466005275,27.70230877236002]]}},{"type":"Feature","properties":{},"geometry":{"type":"LineString","coordinates":[[85.32825506317533,27.702295902219188],[85.32824334987788,27.70229710737097]]}},{"type":"Feature","properties":{},"geometry":{"type":"LineString","coordinates":[[85.32825017298404,27.702265866804588],[85.32829190957375,27.702254376840305]]}},{"type":"Feature","properties":{},"geometry":{"type":"LineString","coordinates":[[85.32823757128543,27.7022246387166],[85.32828381825908,27.70221567981694]]}},{"type":"Feature","properties":{},"geometry":{"type":"LineString","coordinates":[[85.32821408998085,27.702144030093194],[85.32825578119142,27.702130059385546]]}},{"type":"Feature","properties":{},"geometry":{"type":"LineString","coordinates":[[85.32821379757108,27.70214239114315],[85.32825518190363,27.702125867931244]]}},{"type":"Feature","properties":{},"geometry":{"type":"LineString","coordinates":[[85.32817775218994,27.702019754316247],[85.32822391786199,27.702006544348542]]}},{"type":"Feature","properties":{},"geometry":{"type":"LineString","coordinates":[[85.3281870744742,27.702048940708668],[85.32817004704762,27.70205583903901]]}},{"type":"Feature","properties":{},"geometry":{"type":"LineString","coordinates":[[85.32821056865066,27.70212817039693],[85.32807446184908,27.702165384998477]]}},{"type":"Feature","properties":{},"geometry":{"type":"LineString","coordinates":[[85.32821066793352,27.70212737825532],[85.32808640705237,27.702150696774563]]}},{"type":"Feature","properties":{},"geometry":{"type":"LineString","coordinates":[[85.32820991449806,27.70212345389893],[85.32809025593338,27.702149260370497]]}},{"type":"Feature","properties":{},"geometry":{"type":"LineString","coordinates":[[85.32821017351382,27.702124955258274],[85.32808688409571,27.702150068946562]]}},{"type":"Feature","properties":{},"geometry":{"type":"LineString","coordinates":[[85.32821047718153,27.7021259887339],[85.32812272814255,27.702149815902676],[85.32812566554803,27.70216812528704]]}},{"type":"Feature","properties":{},"geometry":{"type":"LineString","coordinates":[[85.32935817384221,27.702776765780648],[85.32935010579796,27.702788767085668]]}},{"type":"Feature","properties":{},"geometry":{"type":"LineString","coordinates":[[85.3293409404681,27.702764230785363],[85.32936413851588,27.70274081702351]]}},{"type":"Feature","properties":{},"geometry":{"type":"LineString","coordinates":[[85.32920652611828,27.702665036670158],[85.32923976486434,27.702646239710738]]}},{"type":"Feature","properties":{},"geometry":{"type":"LineString","coordinates":[[85.32940550686214,27.702706043731425],[85.32940379285877,27.70270240021428]]}},{"type":"Feature","properties":{},"geometry":{"type":"LineString","coordinates":[[85.32955258413243,27.70261914941503],[85.329550240946,27.70261547032828]]}},{"type":"Feature","properties":{},"geometry":{"type":"LineString","coordinates":[[85.32958502889466,27.702609201310874],[85.32958804231231,27.70261787687452]]}},{"type":"Feature","properties":{},"geometry":{"type":"LineString","coordinates":[[85.32968088051771,27.70258022897561],[85.32967913005027,27.702577980362907]]}},{"type":"Feature","properties":{},"geometry":{"type":"LineString","coordinates":[[85.32969602827731,27.7025716416736],[85.32970246180713,27.70257647302627]]}},{"type":"Feature","properties":{},"geometry":{"type":"LineString","coordinates":[[85.32971842228962,27.70254907917879],[85.3297225290935,27.702540827983253]]}},{"type":"Feature","properties":{},"geometry":{"type":"LineString","coordinates":[[85.32980774424766,27.70253263477802],[85.32980944067369,27.702540296228378]]}},{"type":"Feature","properties":{},"geometry":{"type":"LineString","coordinates":[[85.3298103848607,27.70253216572191],[85.32980865026053,27.70252108495393]]}},{"type":"Feature","properties":{},"geometry":{"type":"LineString","coordinates":[[85.32987824928192,27.702498166835458],[85.32988659790927,27.70250122882113]]}},{"type":"Feature","properties":{},"geometry":{"type":"LineString","coordinates":[[85.32988639831292,27.702470787934267],[85.33000205249444,27.702514363826513]]}},{"type":"Feature","properties":{},"geometry":{"type":"LineString","coordinates":[[85.32986222332028,27.702442304243277],[85.32985691628218,27.702441275391006]]}},{"type":"Feature","properties":{},"geometry":{"type":"LineString","coordinates":[[85.32989142141435,27.702391181399985],[85.32990323296661,27.70239577617378]]}},{"type":"Feature","properties":{},"geometry":{"type":"LineString","coordinates":[[85.32968106387786,27.702580174327398],[85.32969043170915,27.702596279629955]]}},{"type":"Feature","properties":{},"geometry":{"type":"LineString","coordinates":[[85.32948075025934,27.70286299438588],[85.32949109570959,27.702870772845863]]}},{"type":"Feature","properties":{},"geometry":{"type":"LineString","coordinates":[[85.32911512062275,27.702601449054804],[85.32910416104782,27.702609288989727]]}},{"type":"Feature","properties":{},"geometry":{"type":"LineString","coordinates":[[85.32929889830743,27.70248765614958],[85.32929644068754,27.702480040563035]]}},{"type":"Feature","properties":{},"geometry":{"type":"LineString","coordinates":[[85.32934887264263,27.702470462794352],[85.32934181285393,27.70246440723157]]}},{"type":"Feature","properties":{},"geometry":{"type":"LineString","coordinates":[[85.32935939307897,27.70246688479228],[85.32936566348967,27.702484685629656]]}},{"type":"Feature","properties":{},"geometry":{"type":"LineString","coordinates":[[85.3294138044158,27.702448587891077],[85.32939919769325,27.702390971577916]]}},{"type":"Feature","properties":{},"geometry":{"type":"LineString","coordinates":[[85.32941785457422,27.702449781199846],[85.32942062329083,27.70245741136934]]}},{"type":"Feature","properties":{},"geometry":{"type":"LineString","coordinates":[[85.32954535015067,27.70241176369393],[85.32958004091815,27.702403082793612]]}},{"type":"Feature","properties":{},"geometry":{"type":"LineString","coordinates":[[85.3295476973532,27.702410319056618],[85.32956754468522,27.702401830896516]]}},{"type":"Feature","properties":{},"geometry":{"type":"LineString","coordinates":[[85.32904451106337,27.7025651581886],[85.32901972291072,27.70257885932471]]}},{"type":"Feature","properties":{},"geometry":{"type":"LineString","coordinates":[[85.32901702599887,27.702550745758792],[85.32898882689848,27.7025682875809]]}},{"type":"Feature","properties":{},"geometry":{"type":"LineString","coordinates":[[85.32901090861502,27.70254626477021],[85.32898182915916,27.70256328512156]]}},{"type":"Feature","properties":{},"geometry":{"type":"LineString","coordinates":[[85.32898396649223,27.70253288959891],[85.32899670051509,27.70250728906866]]}},{"type":"Feature","properties":{},"geometry":{"type":"LineString","coordinates":[[85.32893268186405,27.70250663182442],[85.32892666631138,27.702514833779688]]}},{"type":"Feature","properties":{},"geometry":{"type":"LineString","coordinates":[[85.32892463147383,27.702501634706508],[85.32894129522631,27.702478542870054]]}},{"type":"Feature","properties":{},"geometry":{"type":"LineString","coordinates":[[85.32883632839894,27.702441895830283],[85.3288244571443,27.70245858957494]]}},{"type":"Feature","properties":{},"geometry":{"type":"LineString","coordinates":[[85.32879313163684,27.70241491973765],[85.32881316265977,27.70239065463864]]}},{"type":"Feature","properties":{},"geometry":{"type":"LineString","coordinates":[[85.3287671532481,27.702400258294528],[85.32875622588084,27.702406649999403]]}},{"type":"Feature","properties":{},"geometry":{"type":"LineString","coordinates":[[85.32867231986515,27.70232002933333],[85.32866143879818,27.702327575047597]]}},{"type":"Feature","properties":{},"geometry":{"type":"LineString","coordinates":[[85.32872912353282,27.70227843159279],[85.32872982762599,27.702245338201035]]}},{"type":"Feature","properties":{},"geometry":{"type":"LineString","coordinates":[[85.3287687661673,27.7022607481827],[85.32876672833487,27.70222911540759]]}},{"type":"Feature","properties":{},"geometry":{"type":"LineString","coordinates":[[85.32883830578625,27.702232214210465],[85.32884144550452,27.702238785666072]]}},{"type":"Feature","properties":{},"geometry":{"type":"LineString","coordinates":[[85.32892737849673,27.702195182925323],[85.32890586395595,27.702169606712527]]}},{"type":"Feature","properties":{},"geometry":{"type":"LineString","coordinates":[[85.32895198640759,27.702185718900576],[85.32895513279799,27.7021959123643]]}},{"type":"Feature","properties":{},"geometry":{"type":"LineString","coordinates":[[85.32902476263111,27.7021585235712],[85.32899801494177,27.70213026410503]]}},{"type":"Feature","properties":{},"geometry":{"type":"LineString","coordinates":[[85.32904745726894,27.702149177232428],[85.3290508692455,27.702159310721537]]}},{"type":"Feature","properties":{},"geometry":{"type":"LineString","coordinates":[[85.32905491238212,27.70214605594765],[85.32906671219216,27.702161733051422]]}},{"type":"Feature","properties":{},"geometry":{"type":"LineString","coordinates":[[85.32910366573562,27.702112620103435],[85.32911247444864,27.70211929156673]]}},{"type":"Feature","properties":{},"geometry":{"type":"LineString","coordinates":[[85.32862136906411,27.702259170843327],[85.32860669740013,27.7022684542249]]}},{"type":"Feature","properties":{},"geometry":{"type":"LineString","coordinates":[[85.32860702151898,27.70224213078085],[85.32862734481142,27.702224771030295]]}},{"type":"Feature","properties":{},"geometry":{"type":"LineString","coordinates":[[85.32857246714691,27.702196285579532],[85.328596202717,27.702185909440093]]}},{"type":"Feature","properties":{},"geometry":{"type":"LineString","coordinates":[[85.32815920497598,27.701942557337894],[85.32814061687223,27.701947998154246]]}},{"type":"Feature","properties":{},"geometry":{"type":"LineString","coordinates":[[85.32814669420375,27.70190069043298],[85.32820044232828,27.701881989776837]]}},{"type":"Feature","properties":{},"geometry":{"type":"LineString","coordinates":[[85.32814673671285,27.70188479796058],[85.3281231016248,27.701884128037538]]}},{"type":"Feature","properties":{},"geometry":{"type":"LineString","coordinates":[[85.3281308190513,27.70180985481057],[85.32819164237456,27.701801044895003]]}},{"type":"Feature","properties":{},"geometry":{"type":"LineString","coordinates":[[85.32804873965725,27.701743892632695],[85.32804087080129,27.70173038662116]]}},{"type":"Feature","properties":{},"geometry":{"type":"LineString","coordinates":[[85.32797104712006,27.701756477176996],[85.32797384857193,27.701742930358122]]}},{"type":"Feature","properties":{},"geometry":{"type":"LineString","coordinates":[[85.32780085796178,27.701775736126013],[85.32780040405449,27.70176566902748]]}},{"type":"Feature","properties":{},"geometry":{"type":"LineString","coordinates":[[85.32829015872613,27.701725889761928],[85.32827174315769,27.70174103598603]]}},{"type":"Feature","properties":{},"geometry":{"type":"LineString","coordinates":[[85.32832857497733,27.70178013836391],[85.32831582129897,27.70179125809804]]}},{"type":"Feature","properties":{},"geometry":{"type":"LineString","coordinates":[[85.32835652035791,27.701819749334145],[85.32838832650648,27.701813036653135]]}},{"type":"Feature","properties":{},"geometry":{"type":"LineString","coordinates":[[85.32837944797328,27.70185625541133],[85.32836866744029,27.70186133204097]]}},{"type":"Feature","properties":{},"geometry":{"type":"LineString","coordinates":[[85.32839178347066,27.701876829048654],[85.32838211884018,27.70188287314816]]}},{"type":"Feature","properties":{},"geometry":{"type":"LineString","coordinates":[[85.32845658040985,27.701999709200116],[85.32844331901298,27.702006150318155]]}},{"type":"Feature","properties":{},"geometry":{"type":"LineString","coordinates":[[85.32864896870069,27.701793042298164],[85.32864496395769,27.70178361465751]]}},{"type":"Feature","properties":{},"geometry":{"type":"LineString","coordinates":[[85.32866081947003,27.701788934366558],[85.32865469620256,27.701769472781397]]}},{"type":"Feature","properties":{},"geometry":{"type":"LineString","coordinates":[[85.32872116759387,27.701850496557046],[85.32873793823067,27.701842678066477]]}},{"type":"Feature","properties":{},"geometry":{"type":"LineString","coordinates":[[85.32875471334715,27.701906430875844],[85.3287375490607,27.70191605873963]]}},{"type":"Feature","properties":{},"geometry":{"type":"LineString","coordinates":[[85.32875852968667,27.70191132092951],[85.32874716331908,27.70193274922048]]}},{"type":"Feature","properties":{},"geometry":{"type":"LineString","coordinates":[[85.32854496560775,27.70216400238912],[85.32853459774758,27.70216901361454]]}},{"type":"Feature","properties":{},"geometry":{"type":"LineString","coordinates":[[85.3285078544255,27.702101887638722],[85.32854553977948,27.702090401929677]]}},{"type":"Feature","properties":{},"geometry":{"type":"LineString","coordinates":[[85.32847537098093,27.702039131988634],[85.32850855533262,27.70202602782432]]}},{"type":"Feature","properties":{},"geometry":{"type":"LineString","coordinates":[[85.32829915774481,27.701606647144036],[85.32830422463104,27.701622296254982]]}},{"type":"Feature","properties":{},"geometry":{"type":"LineString","coordinates":[[85.32830071652288,27.701605502581366],[85.32828304145099,27.70158218298443]]}},{"type":"Feature","properties":{},"geometry":{"type":"LineString","coordinates":[[85.32830273322337,27.70160471825014],[85.32828387252952,27.701581545892573]]}},{"type":"Feature","properties":{},"geometry":{"type":"LineString","coordinates":[[85.32830406896407,27.701604102595567],[85.32828599476771,27.70158095598154]]}},{"type":"Feature","properties":{},"geometry":{"type":"LineString","coordinates":[[85.32840360754741,27.70145294883208],[85.32842057434826,27.70144815809177]]}},{"type":"Feature","properties":{},"geometry":{"type":"LineString","coordinates":[[85.32839971590145,27.70141774123422],[85.32841699871923,27.701415901132965]]}},{"type":"Feature","properties":{},"geometry":{"type":"LineString","coordinates":[[85.32839479296668,27.70136018128694],[85.32836318240021,27.701368574174566]]}},{"type":"Feature","properties":{},"geometry":{"type":"LineString","coordinates":[[85.32849336561762,27.701512364363747],[85.32851196189094,27.701541976799838]]}},{"type":"Feature","properties":{},"geometry":{"type":"LineString","coordinates":[[85.3285289867326,27.70149791593042],[85.32852122301098,27.70149101516612]]}},{"type":"Feature","properties":{},"geometry":{"type":"LineString","coordinates":[[85.32853023919576,27.701497108830203],[85.32852532921912,27.701489525897806]]}},{"type":"Feature","properties":{},"geometry":{"type":"LineString","coordinates":[[85.3285467431168,27.701491950563508],[85.3285643936245,27.70152360487342]]}},{"type":"Feature","properties":{},"geometry":{"type":"LineString","coordinates":[[85.32857686137442,27.701481274218853],[85.32859644507793,27.701507909323137]]}},{"type":"Feature","properties":{},"geometry":{"type":"LineString","coordinates":[[85.32870193601322,27.7014285220927],[85.32871232302429,27.70145445498323]]}},{"type":"Feature","properties":{},"geometry":{"type":"LineString","coordinates":[[85.32871158364436,27.701422125769202],[85.32870583735982,27.701415722306375]]}},{"type":"Feature","properties":{},"geometry":{"type":"LineString","coordinates":[[85.32876639741238,27.701403610133262],[85.32875774470497,27.70139568959987]]}},{"type":"Feature","properties":{},"geometry":{"type":"LineString","coordinates":[[85.32895388652366,27.701510248712765],[85.32892121823147,27.70151764879165]]}},{"type":"Feature","properties":{},"geometry":{"type":"LineString","coordinates":[[85.32896901113295,27.701634613033526],[85.32894027461788,27.701641520850576]]}},{"type":"Feature","properties":{},"geometry":{"type":"LineString","coordinates":[[85.32894667755046,27.701254907215358],[85.32893168595524,27.70125325419624]]}},{"type":"Feature","properties":{},"geometry":{"type":"LineString","coordinates":[[85.32894882772388,27.70124023786172],[85.3289325288161,27.701241661196416]]}},{"type":"Feature","properties":{},"geometry":{"type":"LineString","coordinates":[[85.3289902639269,27.701375548203547],[85.32899418742976,27.701382921554902]]}},{"type":"Feature","properties":{},"geometry":{"type":"LineString","coordinates":[[85.32903746696645,27.701363112224502],[85.32903803640387,27.701373657263595]]}},{"type":"Feature","properties":{},"geometry":{"type":"LineString","coordinates":[[85.329364369777,27.701234355768793],[85.32936717048806,27.70124241323147]]}},{"type":"Feature","properties":{},"geometry":{"type":"LineString","coordinates":[[85.32937019849236,27.701231688675843],[85.32937871703105,27.701236170644748]]}},{"type":"Feature","properties":{},"geometry":{"type":"LineString","coordinates":[[85.32914078123272,27.70146863163429],[85.32914670179663,27.701465527923528]]}},{"type":"Feature","properties":{},"geometry":{"type":"LineString","coordinates":[[85.32914471392964,27.701484853686367],[85.32913237767045,27.701488483768323]]}},{"type":"Feature","properties":{},"geometry":{"type":"LineString","coordinates":[[85.32917199930567,27.7015719947105],[85.32918459438457,27.701570612389247]]}},{"type":"Feature","properties":{},"geometry":{"type":"LineString","coordinates":[[85.3291801885855,27.701601550953875],[85.32916531435592,27.7016032397101]]}},{"type":"Feature","properties":{},"geometry":{"type":"LineString","coordinates":[[85.32918385128555,27.701622117326373],[85.32919433546807,27.701623909064995]]}},{"type":"Feature","properties":{},"geometry":{"type":"LineString","coordinates":[[85.32920810353922,27.70170514492117],[85.32920016434598,27.70170856001943]]}},{"type":"Feature","properties":{},"geometry":{"type":"LineString","coordinates":[[85.32924301782336,27.701768442397476],[85.32925496787662,27.7017621424175]]}},{"type":"Feature","properties":{},"geometry":{"type":"LineString","coordinates":[[85.32924713777155,27.70177550312342],[85.32925698632853,27.701771693185794]]}},{"type":"Feature","properties":{},"geometry":{"type":"LineString","coordinates":[[85.32925095043457,27.701782432881235],[85.32924030665507,27.701794044785416]]}},{"type":"Feature","properties":{},"geometry":{"type":"LineString","coordinates":[[85.32925199475062,27.70178410617558],[85.32924722307216,27.701802519259306]]}},{"type":"Feature","properties":{},"geometry":{"type":"LineString","coordinates":[[85.32925145130687,27.701783435340598],[85.32928426572424,27.70182322583872]]}},{"type":"Feature","properties":{},"geometry":{"type":"LineString","coordinates":[[85.32931293640762,27.701261295322162],[85.32929650783171,27.70122922803931]]}},{"type":"Feature","properties":{},"geometry":{"type":"LineString","coordinates":[[85.32942949636774,27.70120882875943],[85.32940575990645,27.701184400027792]]}},{"type":"Feature","properties":{},"geometry":{"type":"LineString","coordinates":[[85.32943902074696,27.70120539396556],[85.32942891700608,27.701176698228256]]}},{"type":"Feature","properties":{},"geometry":{"type":"LineString","coordinates":[[85.32950314794634,27.701181167167352],[85.32949538874794,27.701152996127533]]}},{"type":"Feature","properties":{},"geometry":{"type":"LineString","coordinates":[[85.32952047851929,27.701175922183445],[85.32950817677941,27.701148196343457]]}},{"type":"Feature","properties":{},"geometry":{"type":"LineString","coordinates":[[85.32956378048155,27.70115915634963],[85.32956908699755,27.701171599748285]]}},{"type":"Feature","properties":{},"geometry":{"type":"LineString","coordinates":[[85.32960611662548,27.70114514967519],[85.32961717768374,27.70116019506022]]}},{"type":"Feature","properties":{},"geometry":{"type":"LineString","coordinates":[[85.32980863965346,27.70125854899891],[85.32977772088438,27.701268666307254]]}},{"type":"Feature","properties":{},"geometry":{"type":"LineString","coordinates":[[85.32981188449594,27.701263813005742],[85.32982218973001,27.701260507645017]]}},{"type":"Feature","properties":{},"geometry":{"type":"LineString","coordinates":[[85.3298179255271,27.701275835643756],[85.32983248746288,27.701274274820122]]}},{"type":"Feature","properties":{},"geometry":{"type":"LineString","coordinates":[[85.32986356424458,27.701352463950695],[85.329892774719,27.70134012740425]]}},{"type":"Feature","properties":{},"geometry":{"type":"LineString","coordinates":[[85.3298729001598,27.701362470328725],[85.32991170165431,27.701343388303552]]}},{"type":"Feature","properties":{},"geometry":{"type":"LineString","coordinates":[[85.32995020436515,27.701483167630517],[85.32997381224075,27.701463711860676]]}},{"type":"Feature","properties":{},"geometry":{"type":"LineString","coordinates":[[85.32969112880531,27.701388038816606],[85.32969316500683,27.70139496157003]]}},{"type":"Feature","properties":{},"geometry":{"type":"LineString","coordinates":[[85.32965656211715,27.701396384602646],[85.32965963458314,27.701404910151915]]}},{"type":"Feature","properties":{},"geometry":{"type":"LineString","coordinates":[[85.32960463777277,27.701413681819194],[85.32960742156074,27.701423384420988]]}},{"type":"Feature","properties":{},"geometry":{"type":"LineString","coordinates":[[85.32948816197883,27.70145448860084],[85.32948846635975,27.7014659943637]]}},{"type":"Feature","properties":{},"geometry":{"type":"LineString","coordinates":[[85.32948611286427,27.70145600362363],[85.32946451016852,27.701450993728244]]}},{"type":"Feature","properties":{},"geometry":{"type":"LineString","coordinates":[[85.32973433462618,27.700992608922952],[85.32971071225525,27.700997174217775]]}},{"type":"Feature","properties":{},"geometry":{"type":"LineString","coordinates":[[85.32972944238544,27.700970340861122],[85.32973764118948,27.700967519129513]]}},{"type":"Feature","properties":{},"geometry":{"type":"LineString","coordinates":[[85.32963427204614,27.70090627315818],[85.32962781220921,27.70091469362184]]}},{"type":"Feature","properties":{},"geometry":{"type":"LineString","coordinates":[[85.32962949748179,27.70084658590685],[85.32963848376298,27.700840529016734]]}},{"type":"Feature","properties":{},"geometry":{"type":"LineString","coordinates":[[85.32962463060662,27.70070540814748],[85.32961614004049,27.700704484382246]]}},{"type":"Feature","properties":{},"geometry":{"type":"LineString","coordinates":[[85.32962407275745,27.700681381865298],[85.32961439070321,27.700664879256742]]}},{"type":"Feature","properties":{},"geometry":{"type":"LineString","coordinates":[[85.32962371406904,27.70067983237262],[85.32963267863293,27.700662883252186]]}},{"type":"Feature","properties":{},"geometry":{"type":"LineString","coordinates":[[85.32980519309048,27.700923015306856],[85.32981302052168,27.70093712182277]]}},{"type":"Feature","properties":{},"geometry":{"type":"LineString","coordinates":[[85.32981212885608,27.700853444719147],[85.32982404430372,27.70085047377296]]}},{"type":"Feature","properties":{},"geometry":{"type":"LineString","coordinates":[[85.32979349304287,27.700774475143916],[85.32980140123301,27.700770360158447]]}},{"type":"Feature","properties":{},"geometry":{"type":"LineString","coordinates":[[85.32977945613698,27.700705675021087],[85.32978889708582,27.700705384579926]]}},{"type":"Feature","properties":{},"geometry":{"type":"LineString","coordinates":[[85.3297785504006,27.70070375790898],[85.32976175396789,27.700705030031454]]}},{"type":"Feature","properties":{},"geometry":{"type":"LineString","coordinates":[[85.32977417149729,27.700672218733903],[85.32978853099695,27.700655513395255]]}},{"type":"Feature","properties":{},"geometry":{"type":"LineString","coordinates":[[85.32977402089159,27.700670056213173],[85.32976537710616,27.70064390344481]]}},{"type":"Feature","properties":{},"geometry":{"type":"LineString","coordinates":[[85.32988879850501,27.700894859852962],[85.32988631838604,27.70088945344513]]}},{"type":"Feature","properties":{},"geometry":{"type":"LineString","coordinates":[[85.32998805380217,27.70086208074022],[85.32998667817303,27.700858924175613]]}},{"type":"Feature","properties":{},"geometry":{"type":"LineString","coordinates":[[85.3301168106938,27.70082047396884],[85.33011690093224,27.700827600686953]]}},{"type":"Feature","properties":{},"geometry":{"type":"LineString","coordinates":[[85.33013092482847,27.700815819185184],[85.3301290659462,27.700810835447584]]}},{"type":"Feature","properties":{},"geometry":{"type":"LineString","coordinates":[[85.32989786093725,27.701149893409443],[85.3299108901723,27.70117213688268]]}},{"type":"Feature","properties":{},"geometry":{"type":"LineString","coordinates":[[85.32993376901206,27.70113669177909],[85.32992989343519,27.70112803199487]]}},{"type":"Feature","properties":{},"geometry":{"type":"LineString","coordinates":[[85.33004428394693,27.701084890044275],[85.33005869599563,27.701105824339702]]}},{"type":"Feature","properties":{},"geometry":{"type":"LineString","coordinates":[[85.330045885365,27.70108433985306],[85.33006256674211,27.701104279836347]]}},{"type":"Feature","properties":{},"geometry":{"type":"LineString","coordinates":[[85.33007694378595,27.701072171768768],[85.33007173453085,27.701060662797293]]}},{"type":"Feature","properties":{},"geometry":{"type":"LineString","coordinates":[[85.33015402913254,27.701036684618607],[85.33016221852215,27.70106025510511]]}},{"type":"Feature","properties":{},"geometry":{"type":"LineString","coordinates":[[85.33018242929262,27.701025013339898],[85.33017454244657,27.701015604800208]]}},{"type":"Feature","properties":{},"geometry":{"type":"LineString","coordinates":[[85.33025737377793,27.700984276349555],[85.33027750686686,27.701015277168988]]}},{"type":"Feature","properties":{},"geometry":{"type":"LineString","coordinates":[[85.33030704691662,27.700956772770123],[85.3302989554575,27.700942487098516]]}},{"type":"Feature","properties":{},"geometry":{"type":"LineString","coordinates":[[85.33032910738544,27.700940169280212],[85.33031640728716,27.70092580907249]]}},{"type":"Feature","properties":{},"geometry":{"type":"LineString","coordinates":[[85.33040709389414,27.701005005838667],[85.33039863652182,27.70101308996709]]}},{"type":"Feature","properties":{},"geometry":{"type":"LineString","coordinates":[[85.33044762239028,27.701035527857886],[85.33043961923718,27.70104454889795]]}},{"type":"Feature","properties":{},"geometry":{"type":"LineString","coordinates":[[85.33049927350471,27.701072863770268],[85.33049158472797,27.70107568808788]]}},{"type":"Feature","properties":{},"geometry":{"type":"LineString","coordinates":[[85.33054864905284,27.701109874381444],[85.33055199452787,27.701104466032216]]}},{"type":"Feature","properties":{},"geometry":{"type":"LineString","coordinates":[[85.33055389464955,27.701114203089002],[85.33055907118413,27.701124734187978]]}},{"type":"Feature","properties":{},"geometry":{"type":"LineString","coordinates":[[85.33055680478925,27.701113278772343],[85.33056497790719,27.70112133691892]]}},{"type":"Feature","properties":{},"geometry":{"type":"LineString","coordinates":[[85.33056931670461,27.70110856220354],[85.33061244629407,27.70107772771846]]}},{"type":"Feature","properties":{},"geometry":{"type":"LineString","coordinates":[[85.33056730971032,27.701109443258545],[85.33062356800694,27.70109199485827]]}},{"type":"Feature","properties":{},"geometry":{"type":"LineString","coordinates":[[85.33038823926925,27.700911937670107],[85.33040037145284,27.700938225437426]]}},{"type":"Feature","properties":{},"geometry":{"type":"LineString","coordinates":[[85.33048790061272,27.700856007274737],[85.33048054267304,27.700841162755154]]}},{"type":"Feature","properties":{},"geometry":{"type":"LineString","coordinates":[[85.33050784737408,27.700847825227523],[85.33053109607752,27.70087812890893]]}},{"type":"Feature","properties":{},"geometry":{"type":"LineString","coordinates":[[85.33041857280155,27.700709913936286],[85.33040588523902,27.700715446987253]]}},{"type":"Feature","properties":{},"geometry":{"type":"LineString","coordinates":[[85.33039506024855,27.70066044411882],[85.33041209743841,27.70065154917952]]}},{"type":"Feature","properties":{},"geometry":{"type":"LineString","coordinates":[[85.33036663897884,27.700554345985427],[85.33037808960468,27.700554728674206]]}},{"type":"Feature","properties":{},"geometry":{"type":"LineString","coordinates":[[85.33037300216333,27.700539879942916],[85.33037888934636,27.700529504832748]]}},{"type":"Feature","properties":{},"geometry":{"type":"LineString","coordinates":[[85.33045891703036,27.70051079618132],[85.33060491191853,27.700458852327795]]}},{"type":"Feature","properties":{},"geometry":{"type":"LineString","coordinates":[[85.33064418492093,27.700797492366906],[85.33065728465994,27.700822772802084]]}},{"type":"Feature","properties":{},"geometry":{"type":"LineString","coordinates":[[85.3307151540571,27.700769616350794],[85.33070849338432,27.700753596104555]]}},{"type":"Feature","properties":{},"geometry":{"type":"LineString","coordinates":[[85.33073129789236,27.70076445166916],[85.33072673597417,27.700754712302853]]}},{"type":"Feature","properties":{},"geometry":{"type":"LineString","coordinates":[[85.33082486210688,27.70073167372062],[85.33084052274243,27.700754126641186]]}},{"type":"Feature","properties":{},"geometry":{"type":"LineString","coordinates":[[85.330842298502,27.700725996618445],[85.33085547035803,27.70075167141751]]}},{"type":"Feature","properties":{},"geometry":{"type":"LineString","coordinates":[[85.33071195250649,27.700907542415553],[85.33071954233999,27.700900224901563]]}},{"type":"Feature","properties":{},"geometry":{"type":"LineString","coordinates":[[85.3307604767436,27.700946454287305],[85.33074534626547,27.700960922038018]]}},{"type":"Feature","properties":{},"geometry":{"type":"LineString","coordinates":[[85.33081416700729,27.700994392555856],[85.33080319127335,27.701006644104808]]}},{"type":"Feature","properties":{},"geometry":{"type":"LineString","coordinates":[[85.33088020574989,27.70102863276814],[85.33089101438196,27.701017233010365]]}},{"type":"Feature","properties":{},"geometry":{"type":"LineString","coordinates":[[85.3309845875358,27.701070368790415],[85.33098128667427,27.701085907005854]]}},{"type":"Feature","properties":{},"geometry":{"type":"LineString","coordinates":[[85.33102784680737,27.701076382333756],[85.33103586712005,27.70106396516988]]}},{"type":"Feature","properties":{},"geometry":{"type":"LineString","coordinates":[[85.33106550109414,27.70114599596726],[85.33105600244184,27.701161936916225]]}},{"type":"Feature","properties":{},"geometry":{"type":"LineString","coordinates":[[85.33106501849151,27.70116484892899],[85.33109482576482,27.701169323893453]]}},{"type":"Feature","properties":{},"geometry":{"type":"LineString","coordinates":[[85.33103876938928,27.701237008138538],[85.33105298465807,27.70125969271611]]}},{"type":"Feature","properties":{},"geometry":{"type":"LineString","coordinates":[[85.33091947063512,27.701215420436444],[85.33090630244794,27.701201626853024]]}},{"type":"Feature","properties":{},"geometry":{"type":"LineString","coordinates":[[85.33091732335745,27.701215258262714],[85.33087652049115,27.701206615388056]]}},{"type":"Feature","properties":{},"geometry":{"type":"LineString","coordinates":[[85.33109546005959,27.70110471799346],[85.33110140272449,27.701113018180813]]}},{"type":"Feature","properties":{},"geometry":{"type":"LineString","coordinates":[[85.33117889702203,27.701046305347575],[85.33118478573748,27.70101350185505],[85.33112841297073,27.70098070505689]]}},{"type":"Feature","properties":{},"geometry":{"type":"LineString","coordinates":[[85.33118136467093,27.701045271890248],[85.33118991010504,27.70097381893811]]}},{"type":"Feature","properties":{},"geometry":{"type":"LineString","coordinates":[[85.33125011194976,27.70108138397734],[85.33126193842772,27.70105653582895]]}},{"type":"Feature","properties":{},"geometry":{"type":"LineString","coordinates":[[85.33127841523631,27.701103930581084],[85.33129614932861,27.701083222334464]]}},{"type":"Feature","properties":{},"geometry":{"type":"LineString","coordinates":[[85.33128428911658,27.70110955477388],[85.33125771945312,27.701137814650707]]}},{"type":"Feature","properties":{},"geometry":{"type":"LineString","coordinates":[[85.33128475635725,27.701111369115996],[85.3312840877462,27.70114251617804]]}},{"type":"Feature","properties":{},"geometry":{"type":"LineString","coordinates":[[85.33135218932446,27.701168555196674],[85.33135944979298,27.701146560922428]]}},{"type":"Feature","properties":{},"geometry":{"type":"LineString","coordinates":[[85.33135553633201,27.70116930855385],[85.3313421490281,27.701187507764885]]}},{"type":"Feature","properties":{},"geometry":{"type":"LineString","coordinates":[[85.3313981155541,27.701184033321493],[85.33138611449553,27.70120056237954]]}},{"type":"Feature","properties":{},"geometry":{"type":"LineString","coordinates":[[85.33149213490165,27.70108209259266],[85.33148809812795,27.70107548871937]]}},{"type":"Feature","properties":{},"geometry":{"type":"LineString","coordinates":[[85.33149126985079,27.701086363863947],[85.33150424793487,27.701077530881726]]}},{"type":"Feature","properties":{},"geometry":{"type":"LineString","coordinates":[[85.33149172205762,27.701084434246916],[85.33151015931085,27.701061294853496]]}},{"type":"Feature","properties":{},"geometry":{"type":"LineString","coordinates":[[85.33148271438586,27.701215875954155],[85.33148266800895,27.70122339002635]]}},{"type":"Feature","properties":{},"geometry":{"type":"LineString","coordinates":[[85.33151446019312,27.701225771442136],[85.3315367811002,27.70120437203657]]}},{"type":"Feature","properties":{},"geometry":{"type":"LineString","coordinates":[[85.33154748044028,27.701235147070367],[85.33155840731821,27.70121743805467]]}},{"type":"Feature","properties":{},"geometry":{"type":"LineString","coordinates":[[85.33172356779045,27.701265959421395],[85.3317191492203,27.701239723197734]]}},{"type":"Feature","properties":{},"geometry":{"type":"LineString","coordinates":[[85.33172543162547,27.701265889821848],[85.33172080450274,27.701239698017623]]}},{"type":"Feature","properties":{},"geometry":{"type":"LineString","coordinates":[[85.33178085215397,27.70126758025663],[85.33177112547351,27.70134571594088]]}},{"type":"Feature","properties":{},"geometry":{"type":"LineString","coordinates":[[85.33179616646049,27.701266820730552],[85.33181157912199,27.701240728710225]]}},{"type":"Feature","properties":{},"geometry":{"type":"LineString","coordinates":[[85.3316512019443,27.70134558216737],[85.33164659705739,27.701389787724857]]}},{"type":"Feature","properties":{},"geometry":{"type":"LineString","coordinates":[[85.33158076852325,27.701333167159216],[85.33158138503568,27.701324169847993]]}},{"type":"Feature","properties":{},"geometry":{"type":"LineString","coordinates":[[85.33153347189563,27.70132477744983],[85.33153074974376,27.701341339828602]]}},{"type":"Feature","properties":{},"geometry":{"type":"LineString","coordinates":[[85.33145993869532,27.701309757267396],[85.33142600445065,27.701313000885644]]}},{"type":"Feature","properties":{},"geometry":{"type":"LineString","coordinates":[[85.33186554849173,27.7012660240673],[85.33186479733558,27.701248341280493]]}},{"type":"Feature","properties":{},"geometry":{"type":"LineString","coordinates":[[85.33188466659249,27.701266987303963],[85.33188353482196,27.701243594009295]]}},{"type":"Feature","properties":{},"geometry":{"type":"LineString","coordinates":[[85.33196391960804,27.701260164068348],[85.33196393535285,27.70123899404282]]}},{"type":"Feature","properties":{},"geometry":{"type":"LineString","coordinates":[[85.3289938964841,27.70171634321638],[85.32896010188072,27.701728312852246]]}},{"type":"Feature","properties":{},"geometry":{"type":"LineString","coordinates":[[85.32901646500018,27.701774700090528],[85.32902633523109,27.701768736046073]]}},{"type":"Feature","properties":{},"geometry":{"type":"LineString","coordinates":[[85.32907261576747,27.701897589332994],[85.32904528069831,27.701908616171544]]}},{"type":"Feature","properties":{},"geometry":{"type":"LineString","coordinates":[[85.32907210364777,27.701896593055128],[85.32908352966467,27.701885820951873]]}},{"type":"Feature","properties":{},"geometry":{"type":"LineString","coordinates":[[85.3291248263685,27.70198458715637],[85.32910588174963,27.702010434952292]]}},{"type":"Feature","properties":{},"geometry":{"type":"LineString","coordinates":[[85.32913068112457,27.701992460359932],[85.32914163496999,27.701984459697318]]}},{"type":"Feature","properties":{},"geometry":{"type":"LineString","coordinates":[[85.32920799081998,27.702060320178408],[85.32930150631104,27.701972998062597]]}},{"type":"Feature","properties":{},"geometry":{"type":"LineString","coordinates":[[85.32922967243445,27.702068343778915],[85.32932311403064,27.701965968941323]]}},{"type":"Feature","properties":{},"geometry":{"type":"LineString","coordinates":[[85.3292842905935,27.702094701239833],[85.32927716835538,27.702104594771843]]}},{"type":"Feature","properties":{},"geometry":{"type":"LineString","coordinates":[[85.32934561470599,27.70211299861379],[85.32933077101016,27.702127655582526]]}},{"type":"Feature","properties":{},"geometry":{"type":"LineString","coordinates":[[85.32940870627526,27.70210926440002],[85.32941387467874,27.702118793610595]]}},{"type":"Feature","properties":{},"geometry":{"type":"LineString","coordinates":[[85.32942170429013,27.702103402154012],[85.3294253957606,27.702111499246335]]}},{"type":"Feature","properties":{},"geometry":{"type":"LineString","coordinates":[[85.32944153544878,27.70208998138286],[85.32942227624301,27.7020679190111]]}},{"type":"Feature","properties":{},"geometry":{"type":"LineString","coordinates":[[85.32961064090553,27.702150878099747],[85.32964948242235,27.7021453682786]]}},{"type":"Feature","properties":{},"geometry":{"type":"LineString","coordinates":[[85.32964684081223,27.70218058998402],[85.32963494367958,27.702191269804917]]}},{"type":"Feature","properties":{},"geometry":{"type":"LineString","coordinates":[[85.329783426471,27.702265842013656],[85.32977831502414,27.70227926984723]]}},{"type":"Feature","properties":{},"geometry":{"type":"LineString","coordinates":[[85.32980075962796,27.702270025965337],[85.32978990437566,27.702285003674383]]}},{"type":"Feature","properties":{},"geometry":{"type":"LineString","coordinates":[[85.32986320037058,27.702156352270457],[85.32987267461402,27.70216080873683]]}},{"type":"Feature","properties":{},"geometry":{"type":"LineString","coordinates":[[85.32988004820632,27.702135006258246],[85.32989034939999,27.702139695629665]]}},{"type":"Feature","properties":{},"geometry":{"type":"LineString","coordinates":[[85.32993093397782,27.702064538061517],[85.32994023719606,27.702068571871855]]}},{"type":"Feature","properties":{},"geometry":{"type":"LineString","coordinates":[[85.32997023041139,27.70201090608798],[85.32994253750653,27.701993561658675]]}},{"type":"Feature","properties":{},"geometry":{"type":"LineString","coordinates":[[85.3299497037564,27.702337424689468],[85.3299728808235,27.70231018014415]]}},{"type":"Feature","properties":{},"geometry":{"type":"LineString","coordinates":[[85.33012294117738,27.70239019174307],[85.33012139596778,27.70235341858107]]}},{"type":"Feature","properties":{},"geometry":{"type":"LineString","coordinates":[[85.33002582454024,27.70195460240253],[85.33000275086232,27.701926784565295]]}},{"type":"Feature","properties":{},"geometry":{"type":"LineString","coordinates":[[85.33003119014654,27.701948453977916],[85.33003797219256,27.701954436659328]]}},{"type":"Feature","properties":{},"geometry":{"type":"LineString","coordinates":[[85.3301725576683,27.701921579109523],[85.33016306206244,27.701930913363285]]}},{"type":"Feature","properties":{},"geometry":{"type":"LineString","coordinates":[[85.33017724283935,27.701926686289845],[85.33020473954491,27.701902372936498]]}},{"type":"Feature","properties":{},"geometry":{"type":"LineString","coordinates":[[85.3301926959472,27.70193826195862],[85.33023410310001,27.701905164899575]]}},{"type":"Feature","properties":{},"geometry":{"type":"LineString","coordinates":[[85.33020628962767,27.701951082377157],[85.33022294594859,27.701935581628042]]}},{"type":"Feature","properties":{},"geometry":{"type":"LineString","coordinates":[[85.33020895919287,27.701954971171393],[85.33019981248876,27.701961769861594]]}},{"type":"Feature","properties":{},"geometry":{"type":"LineString","coordinates":[[85.33025710330502,27.702002082814005],[85.3301867438542,27.702069108586493]]}},{"type":"Feature","properties":{},"geometry":{"type":"LineString","coordinates":[[85.33026644031571,27.702003897640854],[85.33025024266233,27.70204282057552]]}},{"type":"Feature","properties":{},"geometry":{"type":"LineString","coordinates":[[85.33036988190223,27.701903084950644],[85.33038422409938,27.701907903349543]]}},{"type":"Feature","properties":{},"geometry":{"type":"LineString","coordinates":[[85.33039830131158,27.701873244641153],[85.33041015496975,27.701859352052228]]}},{"type":"Feature","properties":{},"geometry":{"type":"LineString","coordinates":[[85.33003870160721,27.701769485984105],[85.33007415328096,27.70175204044606]]}},{"type":"Feature","properties":{},"geometry":{"type":"LineString","coordinates":[[85.3299935751651,27.701708675674784],[85.33002048524642,27.701690454710075]]}},{"type":"Feature","properties":{},"geometry":{"type":"LineString","coordinates":[[85.32995954621244,27.701663657559525],[85.32994799288932,27.701669811662356]]}},{"type":"Feature","properties":{},"geometry":{"type":"LineString","coordinates":[[85.32979668515992,27.7016385523089],[85.32978279635064,27.70160889484117]]}},{"type":"Feature","properties":{},"geometry":{"type":"LineString","coordinates":[[85.32970982082813,27.701666988770462],[85.3297154958061,27.701681474566303]]}},{"type":"Feature","properties":{},"geometry":{"type":"LineString","coordinates":[[85.3296174680776,27.701710432430485],[85.32960839431674,27.70169173584253]]}},{"type":"Feature","properties":{},"geometry":{"type":"LineString","coordinates":[[85.3295920376139,27.70170693597265],[85.32958240918911,27.701711007622592]]}},{"type":"Feature","properties":{},"geometry":{"type":"LineString","coordinates":[[85.3295483534397,27.70164093070606],[85.32952118950217,27.701624951818882]]}},{"type":"Feature","properties":{},"geometry":{"type":"LineString","coordinates":[[85.32964468687778,27.70179258508107],[85.32963338329282,27.70180204730584]]}},{"type":"Feature","properties":{},"geometry":{"type":"LineString","coordinates":[[85.32964608897767,27.701794869202825],[85.32968068167136,27.70181411918675]]}},{"type":"Feature","properties":{},"geometry":{"type":"LineString","coordinates":[[85.32897402472888,27.701119753830255],[85.32896266929829,27.701116647376153]]}},{"type":"Feature","properties":{},"geometry":{"type":"LineString","coordinates":[[85.32899639693274,27.701046699862022],[85.32898584769238,27.701042060684205]]}},{"type":"Feature","properties":{},"geometry":{"type":"LineString","coordinates":[[85.32902655594592,27.70095493616305],[85.32901834650833,27.700953662857135]]}},{"type":"Feature","properties":{},"geometry":{"type":"LineString","coordinates":[[85.32906481945508,27.700839648752194],[85.32904353709404,27.700840644614917]]}},{"type":"Feature","properties":{},"geometry":{"type":"LineString","coordinates":[[85.32926730001799,27.700901710410477],[85.32927105138398,27.70089016333829]]}},{"type":"Feature","properties":{},"geometry":{"type":"LineString","coordinates":[[85.32932679236427,27.700913469260783],[85.32933798079715,27.700902308875282]]}},{"type":"Feature","properties":{},"geometry":{"type":"LineString","coordinates":[[85.32933165494805,27.70091471298952],[85.32933201500705,27.700922962123926]]}},{"type":"Feature","properties":{},"geometry":{"type":"LineString","coordinates":[[85.32933545258891,27.70091537165013],[85.32934146206674,27.700921938917535]]}},{"type":"Feature","properties":{},"geometry":{"type":"LineString","coordinates":[[85.3291175636909,27.700744560964807],[85.3291510644585,27.700754785935434]]}},{"type":"Feature","properties":{},"geometry":{"type":"LineString","coordinates":[[85.32935918636097,27.70079199073646],[85.32944795658352,27.700823393036494]]}},{"type":"Feature","properties":{},"geometry":{"type":"LineString","coordinates":[[85.32918713416156,27.700619413744974],[85.32917731086371,27.70061658031981]]}},{"type":"Feature","properties":{},"geometry":{"type":"LineString","coordinates":[[85.32922624999516,27.70054334331083],[85.32926112198783,27.700556210318577]]}},{"type":"Feature","properties":{},"geometry":{"type":"LineString","coordinates":[[85.32923615857851,27.700524402853066],[85.32922506235369,27.700518729089325]]}},{"type":"Feature","properties":{},"geometry":{"type":"LineString","coordinates":[[85.32936987211488,27.700371408873394],[85.32936341448136,27.70036397516727]]}},{"type":"Feature","properties":{},"geometry":{"type":"LineString","coordinates":[[85.32953368178185,27.70041186303876],[85.32951286633316,27.700427281034596]]}},{"type":"Feature","properties":{},"geometry":{"type":"LineString","coordinates":[[85.32957094248823,27.7004280801738],[85.32957147341493,27.70041059787686]]}},{"type":"Feature","properties":{},"geometry":{"type":"LineString","coordinates":[[85.32977351385071,27.700461978113847],[85.32977473043424,27.700485565582436]]}},{"type":"Feature","properties":{},"geometry":{"type":"LineString","coordinates":[[85.32985069647425,27.700461431794835],[85.32985143886933,27.70048026793663]]}},{"type":"Feature","properties":{},"geometry":{"type":"LineString","coordinates":[[85.32992875209328,27.700457894083872],[85.32992932850146,27.700480506296202]]}},{"type":"Feature","properties":{},"geometry":{"type":"LineString","coordinates":[[85.32998566978547,27.700455993989163],[85.3299853991386,27.700444400181336]]}},{"type":"Feature","properties":{},"geometry":{"type":"LineString","coordinates":[[85.33008379515368,27.70050845239662],[85.330095127262,27.7005044310416]]}},{"type":"Feature","properties":{},"geometry":{"type":"LineString","coordinates":[[85.33010388918609,27.700549335687008],[85.33012243472476,27.700544271347464]]}},{"type":"Feature","properties":{},"geometry":{"type":"LineString","coordinates":[[85.33012282975066,27.700608169410707],[85.33010678499184,27.700611222347504]]}},{"type":"Feature","properties":{},"geometry":{"type":"LineString","coordinates":[[85.33012510948834,27.700611752052385],[85.33013751149524,27.700608990020566]]}},{"type":"Feature","properties":{},"geometry":{"type":"LineString","coordinates":[[85.33018350578132,27.7007060201391],[85.33017039610198,27.700711704217753]]}},{"type":"Feature","properties":{},"geometry":{"type":"LineString","coordinates":[[85.33020432439916,27.70075619487959],[85.33021549018352,27.70075171030649]]}},{"type":"Feature","properties":{},"geometry":{"type":"LineString","coordinates":[[85.32944272556705,27.700275878570828],[85.32943360984852,27.70026953195444]]}},{"type":"Feature","properties":{},"geometry":{"type":"LineString","coordinates":[[85.32948836996313,27.700166813802024],[85.32951855478979,27.70017230902018]]}},{"type":"Feature","properties":{},"geometry":{"type":"LineString","coordinates":[[85.3296555156125,27.69996889777811],[85.3296587503489,27.699977818797237]]}},{"type":"Feature","properties":{},"geometry":{"type":"LineString","coordinates":[[85.32971212275399,27.700060682305942],[85.32973452635116,27.700066951849134]]}},{"type":"Feature","properties":{},"geometry":{"type":"LineString","coordinates":[[85.32970649420284,27.700071917027145],[85.32973420744138,27.700077372450142]]}},{"type":"Feature","properties":{},"geometry":{"type":"LineString","coordinates":[[85.32966178717278,27.700164792421287],[85.32964996420182,27.70016728882814]]}},{"type":"Feature","properties":{},"geometry":{"type":"LineString","coordinates":[[85.32967725849511,27.699780648171853],[85.32970674676918,27.699787863324783]]}},{"type":"Feature","properties":{},"geometry":{"type":"LineString","coordinates":[[85.3296747940026,27.699788067180023],[85.32966517415812,27.69978060075071]]}},{"type":"Feature","properties":{},"geometry":{"type":"LineString","coordinates":[[85.32946320225236,27.699753034088797],[85.32946725538419,27.69975981782165]]}},{"type":"Feature","properties":{},"geometry":{"type":"LineString","coordinates":[[85.32920193683978,27.699773061431568],[85.32920434486874,27.69977893630636]]}},{"type":"Feature","properties":{},"geometry":{"type":"LineString","coordinates":[[85.32839511850703,27.701319263639054],[85.32841286003419,27.701319261251413]]}},{"type":"Feature","properties":{},"geometry":{"type":"LineString","coordinates":[[85.32839364585925,27.701265326667695],[85.32835426185422,27.70126386732992]]}},{"type":"Feature","properties":{},"geometry":{"type":"LineString","coordinates":[[85.32841621540425,27.70120935773916],[85.32842978265136,27.701226420888542]]}},{"type":"Feature","properties":{},"geometry":{"type":"LineString","coordinates":[[85.32817941087289,27.70124621579038],[85.32815181091497,27.701254203081533]]}},{"type":"Feature","properties":{},"geometry":{"type":"LineString","coordinates":[[85.32817700806889,27.70124698462672],[85.32815153550852,27.701254375752665]]}},{"type":"Feature","properties":{},"geometry":{"type":"LineString","coordinates":[[85.32827364462175,27.701203514237143],[85.32826879959245,27.7011974600963]]}},{"type":"Feature","properties":{},"geometry":{"type":"LineString","coordinates":[[85.32832940887612,27.701178586808112],[85.3283186457565,27.701174475696238]]}},{"type":"Feature","properties":{},"geometry":{"type":"LineString","coordinates":[[85.32838059128767,27.701153621179138],[85.3283747665257,27.701148709572113]]}},{"type":"Feature","properties":{},"geometry":{"type":"LineString","coordinates":[[85.32848349903372,27.701142513253394],[85.32850593337004,27.701150035206446]]}},{"type":"Feature","properties":{},"geometry":{"type":"LineString","coordinates":[[85.3285011915233,27.70111618560865],[85.32858827423638,27.701117789375395]]}},{"type":"Feature","properties":{},"geometry":{"type":"LineString","coordinates":[[85.3281761245587,27.701626633035573],[85.32820077326895,27.701620474769207]]}},{"type":"Feature","properties":{},"geometry":{"type":"LineString","coordinates":[[85.32814344348999,27.70155983331282],[85.32817342861833,27.701548913567077]]}},{"type":"Feature","properties":{},"geometry":{"type":"LineString","coordinates":[[85.32806865087278,27.70146122730613],[85.32805919041354,27.701467981448285]]}},{"type":"Feature","properties":{},"geometry":{"type":"LineString","coordinates":[[85.32796973131119,27.70130516962559],[85.32800143539036,27.701294168688307]]}},{"type":"Feature","properties":{},"geometry":{"type":"LineString","coordinates":[[85.32795703386867,27.70116328357387],[85.32798428684383,27.701159498009133]]}},{"type":"Feature","properties":{},"geometry":{"type":"LineString","coordinates":[[85.32794437526154,27.701116956273736],[85.32797138301909,27.701109367115276]]}},{"type":"Feature","properties":{},"geometry":{"type":"LineString","coordinates":[[85.32793654157405,27.701093498273227],[85.32792991083886,27.701094296367]]}},{"type":"Feature","properties":{},"geometry":{"type":"LineString","coordinates":[[85.32790483417891,27.700985334702295],[85.32789984662664,27.700995414600133]]}},{"type":"Feature","properties":{},"geometry":{"type":"LineString","coordinates":[[85.32790375253894,27.700981788158376],[85.32788203029548,27.70098123877942]]}},{"type":"Feature","properties":{},"geometry":{"type":"LineString","coordinates":[[85.32788757339607,27.700882045189378],[85.3279185548622,27.7008859095478]]}},{"type":"Feature","properties":{},"geometry":{"type":"LineString","coordinates":[[85.32807793891668,27.70097356043541],[85.32816374854892,27.700953434660953]]}},{"type":"Feature","properties":{},"geometry":{"type":"LineString","coordinates":[[85.32807651616984,27.70097396384078],[85.32809129966088,27.700955539940264]]}},{"type":"Feature","properties":{},"geometry":{"type":"LineString","coordinates":[[85.32805963215529,27.700980511901463],[85.32806344671724,27.700998684766663]]}},{"type":"Feature","properties":{},"geometry":{"type":"LineString","coordinates":[[85.32827553146322,27.701033029241472],[85.32822002089205,27.701057616746027]]}},{"type":"Feature","properties":{},"geometry":{"type":"LineString","coordinates":[[85.32827907903899,27.701032064835584],[85.32821830938703,27.701049289918146]]}},{"type":"Feature","properties":{},"geometry":{"type":"LineString","coordinates":[[85.32842145761528,27.70097386111279],[85.32842011551132,27.70096192132997]]}},{"type":"Feature","properties":{},"geometry":{"type":"LineString","coordinates":[[85.32853058233549,27.7010632783321],[85.32850352874303,27.701047463946782]]}},{"type":"Feature","properties":{},"geometry":{"type":"LineString","coordinates":[[85.32864394258607,27.70087657284961],[85.32861682625942,27.700852567094987]]}},{"type":"Feature","properties":{},"geometry":{"type":"LineString","coordinates":[[85.32872598360011,27.70074327839971],[85.32868787008314,27.700734583419212]]}},{"type":"Feature","properties":{},"geometry":{"type":"LineString","coordinates":[[85.32876370627571,27.70067973492136],[85.32877971167177,27.700680864982917]]}},{"type":"Feature","properties":{},"geometry":{"type":"LineString","coordinates":[[85.32865677908529,27.700594312024492],[85.32862848990929,27.700599230552392]]}},{"type":"Feature","properties":{},"geometry":{"type":"LineString","coordinates":[[85.32879983862097,27.70061587800177],[85.32877290259721,27.70060313285497]]}},{"type":"Feature","properties":{},"geometry":{"type":"LineString","coordinates":[[85.32881849519615,27.70058516382456],[85.32883611936931,27.700594452610414]]}},{"type":"Feature","properties":{},"geometry":{"type":"LineString","coordinates":[[85.32882067506664,27.700581788430366],[85.32884082564426,27.700589316152612]]}},{"type":"Feature","properties":{},"geometry":{"type":"LineString","coordinates":[[85.32889264632344,27.700441110392973],[85.32890348352895,27.700444482262746]]}},{"type":"Feature","properties":{},"geometry":{"type":"LineString","coordinates":[[85.32889943982589,27.70042044278617],[85.32886474461961,27.70041534516379]]}},{"type":"Feature","properties":{},"geometry":{"type":"LineString","coordinates":[[85.32890912259407,27.700405145024227],[85.32893236934335,27.700414843732563]]}},{"type":"Feature","properties":{},"geometry":{"type":"LineString","coordinates":[[85.32865492432737,27.700347650880303],[85.32863239666324,27.70033042632598]]}},{"type":"Feature","properties":{},"geometry":{"type":"LineString","coordinates":[[85.32867571607015,27.70034111471877],[85.32868248835193,27.700351519836335]]}},{"type":"Feature","properties":{},"geometry":{"type":"LineString","coordinates":[[85.32873347099665,27.700325991164302],[85.32872565859711,27.700306251962843]]}},{"type":"Feature","properties":{},"geometry":{"type":"LineString","coordinates":[[85.328803730839,27.700321314822848],[85.32880533473015,27.700289391156385]]}},{"type":"Feature","properties":{},"geometry":{"type":"LineString","coordinates":[[85.32899546867617,27.700257858680736],[85.32903247086072,27.700257091368634]]}},{"type":"Feature","properties":{},"geometry":{"type":"LineString","coordinates":[[85.32899593153947,27.70025722887276],[85.32903269436007,27.700255733021677]]}},{"type":"Feature","properties":{},"geometry":{"type":"LineString","coordinates":[[85.32899710830571,27.70025380165546],[85.32903157749239,27.70025529534297]]}},{"type":"Feature","properties":{},"geometry":{"type":"LineString","coordinates":[[85.32902746088808,27.700154707061706],[85.32898800778119,27.700171119366864]]}},{"type":"Feature","properties":{},"geometry":{"type":"LineString","coordinates":[[85.32902788666735,27.700152451314395],[85.32899549421057,27.70014849616963]]}},{"type":"Feature","properties":{},"geometry":{"type":"LineString","coordinates":[[85.32904191690254,27.700091268954147],[85.32906233322898,27.700095858440992]]}},{"type":"Feature","properties":{},"geometry":{"type":"LineString","coordinates":[[85.32904350445236,27.70008330867558],[85.32905777239787,27.700082598191987]]}},{"type":"Feature","properties":{},"geometry":{"type":"LineString","coordinates":[[85.32930921008462,27.699967151437882],[85.32931157277173,27.699956166137987]]}},{"type":"Feature","properties":{},"geometry":{"type":"LineString","coordinates":[[85.3292137235049,27.699975968654474],[85.32921451462828,27.699967835400237]]}},{"type":"Feature","properties":{},"geometry":{"type":"LineString","coordinates":[[85.32917350943391,27.699981367045876],[85.32917780639053,27.69999890309419]]}},{"type":"Feature","properties":{},"geometry":{"type":"LineString","coordinates":[[85.32906010668107,27.699949347785527],[85.32907429385489,27.699946616419012]]}},{"type":"Feature","properties":{},"geometry":{"type":"LineString","coordinates":[[85.32905024209252,27.699871555313774],[85.32901703191195,27.699875354037648]]}},{"type":"Feature","properties":{},"geometry":{"type":"LineString","coordinates":[[85.32891669959238,27.69980243183628],[85.32891348083893,27.69978973743526]]}},{"type":"Feature","properties":{},"geometry":{"type":"LineString","coordinates":[[85.32891196515021,27.69980369602115],[85.32890628686513,27.69979210192382]]}},{"type":"Feature","properties":{},"geometry":{"type":"LineString","coordinates":[[85.32880639372365,27.699843162750216],[85.32880050335577,27.699821996357013]]}},{"type":"Feature","properties":{},"geometry":{"type":"LineString","coordinates":[[85.3288010604014,27.699844999138598],[85.32880803729076,27.69985501862374]]}},{"type":"Feature","properties":{},"geometry":{"type":"LineString","coordinates":[[85.328653570651,27.699902482748406],[85.32863789173666,27.69987760693258]]}},{"type":"Feature","properties":{},"geometry":{"type":"LineString","coordinates":[[85.32863705702192,27.699907562397758],[85.32864218811241,27.699930642060558]]}},{"type":"Feature","properties":{},"geometry":{"type":"LineString","coordinates":[[85.32862558083225,27.69991006019616],[85.32862922646444,27.69992681310562]]}},{"type":"Feature","properties":{},"geometry":{"type":"LineString","coordinates":[[85.32857767196224,27.699926665434965],[85.32856544284999,27.69990364628787]]}},{"type":"Feature","properties":{},"geometry":{"type":"LineString","coordinates":[[85.32846370730083,27.699963868053487],[85.32846796136434,27.69997462996958]]}},{"type":"Feature","properties":{},"geometry":{"type":"LineString","coordinates":[[85.32847366786908,27.69996121568453],[85.3284594088359,27.6999441098919]]}},{"type":"Feature","properties":{},"geometry":{"type":"LineString","coordinates":[[85.32836385916592,27.699997116377773],[85.32837292167494,27.70000728110585]]}},{"type":"Feature","properties":{},"geometry":{"type":"LineString","coordinates":[[85.32835954354061,27.69999777908714],[85.32835484139828,27.699973570993357]]}},{"type":"Feature","properties":{},"geometry":{"type":"LineString","coordinates":[[85.32829993200292,27.700021955204317],[85.32830659011628,27.700029867924336]]}},{"type":"Feature","properties":{},"geometry":{"type":"LineString","coordinates":[[85.32817635538294,27.700066667152154],[85.32816570618465,27.700038658805585]]}},{"type":"Feature","properties":{},"geometry":{"type":"LineString","coordinates":[[85.32813601019453,27.700081127957734],[85.32814177393293,27.7000872446422]]}},{"type":"Feature","properties":{},"geometry":{"type":"LineString","coordinates":[[85.32812500045893,27.700005195305],[85.32813312170191,27.69996674820911]]}},{"type":"Feature","properties":{},"geometry":{"type":"LineString","coordinates":[[85.3281210250517,27.7000249817186],[85.32811339227675,27.700025330888526]]}},{"type":"Feature","properties":{},"geometry":{"type":"LineString","coordinates":[[85.32806917744693,27.7001985150835],[85.32808659586776,27.700201004378396]]}},{"type":"Feature","properties":{},"geometry":{"type":"LineString","coordinates":[[85.32791408200819,27.700065021384905],[85.32790304320916,27.700042020170283]]}},{"type":"Feature","properties":{},"geometry":{"type":"LineString","coordinates":[[85.32791324673006,27.700063540141315],[85.3278986749565,27.700053317869024]]}},{"type":"Feature","properties":{},"geometry":{"type":"LineString","coordinates":[[85.32791126706101,27.70006149813106],[85.32789668298564,27.700052348840956]]}},{"type":"Feature","properties":{},"geometry":{"type":"LineString","coordinates":[[85.32791012337562,27.70005995991214],[85.32789653981153,27.70004591013096]]}},{"type":"Feature","properties":{},"geometry":{"type":"LineString","coordinates":[[85.3279090083634,27.700058669338002],[85.32790216765751,27.70006020769451]]}},{"type":"Feature","properties":{},"geometry":{"type":"LineString","coordinates":[[85.32797320206328,27.700101758864893],[85.32795521411227,27.70006592431571]]}},{"type":"Feature","properties":{},"geometry":{"type":"LineString","coordinates":[[85.32798056901913,27.700113392345774],[85.32799224817013,27.700107427654235]]}},{"type":"Feature","properties":{},"geometry":{"type":"LineString","coordinates":[[85.32804227280295,27.700268666614623],[85.32800705525698,27.700228994837683]]}},{"type":"Feature","properties":{},"geometry":{"type":"LineString","coordinates":[[85.32801535801963,27.700329436920175],[85.32798382275784,27.700321334749116]]}},{"type":"Feature","properties":{},"geometry":{"type":"LineString","coordinates":[[85.3279926835334,27.700440247018832],[85.32796201222118,27.700435667997546]]}},{"type":"Feature","properties":{},"geometry":{"type":"LineString","coordinates":[[85.32798562838597,27.70047188009537],[85.3279529414845,27.70045777017837]]}},{"type":"Feature","properties":{},"geometry":{"type":"LineString","coordinates":[[85.32858984471807,27.700957983111287],[85.32861071989383,27.700963945570763]]}},{"type":"Feature","properties":{},"geometry":{"type":"LineString","coordinates":[[85.3280535261748,27.700236487650198],[85.32806525514923,27.700242088820044]]}},{"type":"Feature","properties":{},"geometry":{"type":"LineString","coordinates":[[85.32805079398817,27.700243299586788],[85.32802662342522,27.70023121677485]]}},{"type":"Feature","properties":{},"geometry":{"type":"LineString","coordinates":[[85.32880568003064,27.700940850030374],[85.32881260470054,27.70092934579223]]}},{"type":"Feature","properties":{},"geometry":{"type":"LineString","coordinates":[[85.32880887755495,27.700939300143155],[85.32885849466274,27.700921683846325]]}},{"type":"Feature","properties":{},"geometry":{"type":"LineString","coordinates":[[85.3287325598996,27.70096937057626],[85.32873909124538,27.70097263181296]]}},{"type":"Feature","properties":{},"geometry":{"type":"LineString","coordinates":[[85.32864447055776,27.701005282749495],[85.32865879676727,27.70100581401972]]}},{"type":"Feature","properties":{},"geometry":{"type":"LineString","coordinates":[[85.3279780413089,27.700521709358046],[85.32799080061696,27.700524646018017]]}},{"type":"Feature","properties":{},"geometry":{"type":"LineString","coordinates":[[85.32797739809004,27.700523792795877],[85.32798549944836,27.700538471321902]]}},{"type":"Feature","properties":{},"geometry":{"type":"LineString","coordinates":[[85.32795592581994,27.700563122876346],[85.32792626184381,27.700550134326612]]}},{"type":"Feature","properties":{},"geometry":{"type":"LineString","coordinates":[[85.32795027089543,27.700578069384818],[85.3279599111561,27.70057980318562]]}},{"type":"Feature","properties":{},"geometry":{"type":"LineString","coordinates":[[85.32802506275891,27.70068200228031],[85.32803871313202,27.700704047637867]]}},{"type":"Feature","properties":{},"geometry":{"type":"LineString","coordinates":[[85.32733487091225,27.699935044987946],[85.32734123163364,27.699941575064074]]}},{"type":"Feature","properties":{},"geometry":{"type":"LineString","coordinates":[[85.32728277594241,27.699976918402616],[85.32729071906157,27.699984278089268]]}},{"type":"Feature","properties":{},"geometry":{"type":"LineString","coordinates":[[85.32727060201915,27.699992251832143],[85.32724433157941,27.699974915951834]]}},{"type":"Feature","properties":{},"geometry":{"type":"LineString","coordinates":[[85.32722462486694,27.700045940401615],[85.32719633772217,27.700023406733674]]}},{"type":"Feature","properties":{},"geometry":{"type":"LineString","coordinates":[[85.32718473456508,27.70008561822575],[85.32719348998555,27.700092374902347]]}},{"type":"Feature","properties":{},"geometry":{"type":"LineString","coordinates":[[85.32713525723975,27.70014214540524],[85.32714697183225,27.700146824072387]]}},{"type":"Feature","properties":{},"geometry":{"type":"LineString","coordinates":[[85.327065370496,27.700144902979826],[85.32706407284225,27.70012208169202]]}},{"type":"Feature","properties":{},"geometry":{"type":"LineString","coordinates":[[85.32696459211782,27.70008348060452],[85.32695920268836,27.700067255335785]]}},{"type":"Feature","properties":{},"geometry":{"type":"LineString","coordinates":[[85.32713303093082,27.700176085933776],[85.32712546397927,27.700188672602906]]}},{"type":"Feature","properties":{},"geometry":{"type":"LineString","coordinates":[[85.32723654223102,27.700250342967603],[85.32722605579042,27.700264201257426]]}},{"type":"Feature","properties":{},"geometry":{"type":"LineString","coordinates":[[85.32728170249823,27.700273824200348],[85.32727143432002,27.700286137259337]]}},{"type":"Feature","properties":{},"geometry":{"type":"LineString","coordinates":[[85.32735757172547,27.700248082282314],[85.32734391356146,27.700246640157076]]}},{"type":"Feature","properties":{},"geometry":{"type":"LineString","coordinates":[[85.32740015329423,27.700197097298055],[85.32742866005414,27.700199051851605]]}},{"type":"Feature","properties":{},"geometry":{"type":"LineString","coordinates":[[85.32743300309576,27.700156496786644],[85.32747190663872,27.700101395942873]]}},{"type":"Feature","properties":{},"geometry":{"type":"LineString","coordinates":[[85.32742634688125,27.70016495358141],[85.32748798379922,27.700080856814807]]}},{"type":"Feature","properties":{},"geometry":{"type":"LineString","coordinates":[[85.32742364552742,27.7001676800375],[85.3274766374889,27.700103228410732]]}},{"type":"Feature","properties":{},"geometry":{"type":"LineString","coordinates":[[85.32737211279319,27.70031610167324],[85.32738816627273,27.70029339525267]]}},{"type":"Feature","properties":{},"geometry":{"type":"LineString","coordinates":[[85.32739172533618,27.700327182754997],[85.32738218676855,27.70034697503549]]}},{"type":"Feature","properties":{},"geometry":{"type":"LineString","coordinates":[[85.327509449793,27.70038612627894],[85.32752664777719,27.700357521972343]]}},{"type":"Feature","properties":{},"geometry":{"type":"LineString","coordinates":[[85.32758370392871,27.700431191360757],[85.3276055054935,27.70040851012856]]}},{"type":"Feature","properties":{},"geometry":{"type":"LineString","coordinates":[[85.32762908588414,27.700462820667603],[85.32760895972156,27.700477173563705]]}},{"type":"Feature","properties":{},"geometry":{"type":"LineString","coordinates":[[85.3276491805067,27.700476803817793],[85.32764037026412,27.70048321469707]]}},{"type":"Feature","properties":{},"geometry":{"type":"LineString","coordinates":[[85.32770079971218,27.700353616584454],[85.32772487764241,27.700332403297697]]}},{"type":"Feature","properties":{},"geometry":{"type":"LineString","coordinates":[[85.32770291368644,27.70035084060788],[85.32771862169433,27.700328043329172]]}},{"type":"Feature","properties":{},"geometry":{"type":"LineString","coordinates":[[85.32770540326558,27.700347970790535],[85.32771437606029,27.700325577725575]]}},{"type":"Feature","properties":{},"geometry":{"type":"LineString","coordinates":[[85.32768560823196,27.700500880715442],[85.32770548708683,27.700472354800162]]}},{"type":"Feature","properties":{},"geometry":{"type":"LineString","coordinates":[[85.32752839769131,27.70072393469382],[85.32749535801624,27.700737013305403]]}},{"type":"Feature","properties":{},"geometry":{"type":"LineString","coordinates":[[85.32752504600221,27.700725020583555],[85.32750301681077,27.700725119981428]]}},{"type":"Feature","properties":{},"geometry":{"type":"LineString","coordinates":[[85.32752270052165,27.70072548864994],[85.32749951688464,27.700725752805184]]}},{"type":"Feature","properties":{},"geometry":{"type":"LineString","coordinates":[[85.32760512889479,27.700706053434427],[85.32760397934169,27.700710552292563]]}},{"type":"Feature","properties":{},"geometry":{"type":"LineString","coordinates":[[85.327751620072,27.700734184671187],[85.32775294197077,27.700724633618723]]}},{"type":"Feature","properties":{},"geometry":{"type":"LineString","coordinates":[[85.32772751584778,27.700739559710463],[85.32771080592634,27.70073608792755]]}},{"type":"Feature","properties":{},"geometry":{"type":"LineString","coordinates":[[85.3285038378267,27.700497436113412],[85.32849888682324,27.700490485372264]]}},{"type":"Feature","properties":{},"geometry":{"type":"LineString","coordinates":[[85.32841779400918,27.70052603512595],[85.32843050668684,27.70054666927117]]}},{"type":"Feature","properties":{},"geometry":{"type":"LineString","coordinates":[[85.32841315004306,27.70052788072404],[85.3284050879688,27.70052286268027]]}},{"type":"Feature","properties":{},"geometry":{"type":"LineString","coordinates":[[85.32835526331974,27.700549778887797],[85.328366924418,27.700577134260705]]}},{"type":"Feature","properties":{},"geometry":{"type":"LineString","coordinates":[[85.32829685496047,27.700574098585008],[85.32829658362947,27.700569613249176]]}},{"type":"Feature","properties":{},"geometry":{"type":"LineString","coordinates":[[85.32826129594285,27.700589214702635],[85.32828071005538,27.700609198719285]]}},{"type":"Feature","properties":{},"geometry":{"type":"LineString","coordinates":[[85.32814182080415,27.700638555657488],[85.3281380298483,27.70062814680663]]}},{"type":"Feature","properties":{},"geometry":{"type":"LineString","coordinates":[[85.3281029621999,27.700652667963137],[85.32811078794589,27.70067019520928]]}},{"type":"Feature","properties":{},"geometry":{"type":"LineString","coordinates":[[85.32809300172573,27.700657305009603],[85.32809031450164,27.700649127050397]]}},{"type":"Feature","properties":{},"geometry":{"type":"LineString","coordinates":[[85.32807304552446,27.70066656333121],[85.32806945283279,27.700656186657234]]}},{"type":"Feature","properties":{},"geometry":{"type":"LineString","coordinates":[[85.32787947304814,27.70081136530478],[85.32786749607236,27.70081284884039]]}},{"type":"Feature","properties":{},"geometry":{"type":"LineString","coordinates":[[85.32787924538188,27.70081465866419],[85.32790656828668,27.700812732305117]]}},{"type":"Feature","properties":{},"geometry":{"type":"LineString","coordinates":[[85.32776149234213,27.70091702497601],[85.32775236410829,27.700908842314835]]}},{"type":"Feature","properties":{},"geometry":{"type":"LineString","coordinates":[[85.32773595577551,27.700936996787636],[85.32770144813144,27.70093382356532]]}},{"type":"Feature","properties":{},"geometry":{"type":"LineString","coordinates":[[85.32773418964962,27.700937840998314],[85.32759735322362,27.700980765817636]]}},{"type":"Feature","properties":{},"geometry":{"type":"LineString","coordinates":[[85.32783939670837,27.700856589937043],[85.32783339041484,27.70085101725482]]}},{"type":"Feature","properties":{},"geometry":{"type":"LineString","coordinates":[[85.3344467900437,27.703306652911067],[85.33270845071404,27.703845096758645]]}},{"type":"Feature","properties":{},"geometry":{"type":"LineString","coordinates":[[85.33171964195009,27.70413158014221],[85.3326524111837,27.703847815375536],[85.33270830181198,27.70380240074043],[85.33289656447458,27.70374842390029]]}},{"type":"Feature","properties":{},"geometry":{"type":"LineString","coordinates":[[85.33406773950371,27.703387966759937],[85.33400798535295,27.70329959916874]]}},{"type":"Feature","properties":{},"geometry":{"type":"LineString","coordinates":[[85.33379144665345,27.702698412566313],[85.33364006565974,27.702654714803437],[85.3327314716946,27.70268269459584],[85.3327189917543,27.70245072157659]]}},{"type":"Feature","properties":{},"geometry":{"type":"LineString","coordinates":[[85.33357200222808,27.70266056804346],[85.333375144324,27.702674600220885],[85.3332498721076,27.70265625942531],[85.33273038605725,27.70268533592053]]}},{"type":"Feature","properties":{},"geometry":{"type":"LineString","coordinates":[[85.33425650286466,27.70295606186498],[85.3342532938152,27.702905764726005],[85.33439871231332,27.702699258137226],[85.33446117512139,27.702569084771717]]}},{"type":"Feature","properties":{},"geometry":{"type":"LineString","coordinates":[[85.33437016606922,27.702539545902],[85.33445624874076,27.70227143921908],[85.33438595795533,27.702248968401577],[85.33433042300811,27.702036587103734],[85.33392839678889,27.70204046432661]]}},{"type":"Feature","properties":{},"geometry":{"type":"LineString","coordinates":[[85.33437016606922,27.702539545902],[85.33400104266319,27.702452913370923]]}},{"type":"Feature","properties":{},"geometry":{"type":"LineString","coordinates":[[85.33446117512139,27.702569084771717],[85.33449705099399,27.70257756534722],[85.3345687861325,27.70238662102395],[85.33489235124486,27.7024766346806]]}},{"type":"Feature","properties":{},"geometry":{"type":"LineString","coordinates":[[85.3338691697363,27.70273248336816],[85.33392075929076,27.70254893163199]]}},{"type":"Feature","properties":{},"geometry":{"type":"LineString","coordinates":[[85.33379144665345,27.702698412566313],[85.33369408903629,27.702828624975535]]}},{"type":"Feature","properties":{},"geometry":{"type":"LineString","coordinates":[[85.33357200222808,27.70266056804346],[85.33364200911193,27.702181786442328]]}},{"type":"Feature","properties":{},"geometry":{"type":"LineString","coordinates":[[85.33557732204166,27.70295172268826],[85.3353245348759,27.70258137381233],[85.33500556781192,27.70217436570696],[85.33481570394771,27.702120262985588]]}},{"type":"Feature","properties":{},"geometry":{"type":"LineString","coordinates":[[85.33577579548741,27.702820765991817],[85.33588736974369,27.702733782741124],[85.33583285576017,27.702571926400115],[85.33550120017674,27.701897934881423],[85.33520876033701,27.701492803097725]]}},{"type":"Feature","properties":{},"geometry":{"type":"LineString","coordinates":[[85.3350678349765,27.70309090035231],[85.33495160603326,27.702965046086295]]}},{"type":"Feature","properties":{},"geometry":{"type":"LineString","coordinates":[[85.33366176997279,27.70162383925865],[85.33374805987451,27.701919403584863]]}},{"type":"Feature","properties":{},"geometry":{"type":"LineString","coordinates":[[85.33368723838876,27.701623645801995],[85.33366587289994,27.701323303218658],[85.33379224650412,27.701311371765936]]}},{"type":"Feature","properties":{},"geometry":{"type":"LineString","coordinates":[[85.33336020915979,27.701671002830388],[85.33348429735183,27.70193655314718]]}},{"type":"Feature","properties":{},"geometry":{"type":"LineString","coordinates":[[85.33331123560814,27.701687195250855],[85.33318775666336,27.701360852722154]]}},{"type":"Feature","properties":{},"geometry":{"type":"LineString","coordinates":[[85.33310982946165,27.701760338134306],[85.33276254749231,27.70186978088802],[85.33276886598132,27.70192847762178]]}},{"type":"Feature","properties":{},"geometry":{"type":"LineString","coordinates":[[85.33519517327733,27.701495275153228],[85.33509950102327,27.70166140427831],[85.33480052929784,27.701555440176126],[85.33470659205474,27.70157006875051],[85.33462299148013,27.701723819840424],[85.33449022717683,27.70172599078482],[85.33432782791485,27.701647758719517],[85.3341051135846,27.70160320410068],[85.33357814733196,27.701629991713347],[85.33336122084786,27.701673759665937],[85.33289532041364,27.701830896870035]]}},{"type":"Feature","properties":{},"geometry":{"type":"LineString","coordinates":[[85.33357821380095,27.701628286693065],[85.33356129580035,27.701235071940232]]}},{"type":"Feature","properties":{},"geometry":{"type":"LineString","coordinates":[[85.33289532041364,27.701830896870035],[85.33263687531694,27.7013537712574]]}},{"type":"Feature","properties":{},"geometry":{"type":"LineString","coordinates":[[85.33310982946165,27.701760338134306],[85.3332230514636,27.701992210030653]]}},{"type":"Feature","properties":{},"geometry":{"type":"LineString","coordinates":[[85.33448739388638,27.700851674730167],[85.33436845844375,27.7009438166653],[85.33322790693116,27.701115873100363],[85.33307838532873,27.701189576565326]]}},{"type":"Feature","properties":{},"geometry":{"type":"LineString","coordinates":[[85.33318775666336,27.701360852722154],[85.33343725051094,27.701306325169814]]}},{"type":"Feature","properties":{},"geometry":{"type":"LineString","coordinates":[[85.33276041214536,27.701870967296163],[85.3327000329609,27.701865987295463],[85.33213922568144,27.702094084438972]]}},{"type":"Feature","properties":{},"geometry":{"type":"LineString","coordinates":[[85.33285128341852,27.702086071673147],[85.33241106715786,27.70221580366557]]}},{"type":"Feature","properties":{},"geometry":{"type":"LineString","coordinates":[[85.33291540334295,27.702234018197867],[85.33302616744962,27.702224518707073],[85.33343832214302,27.70230647856363]]}},{"type":"Feature","properties":{},"geometry":{"type":"LineString","coordinates":[[85.33293760096,27.702308114117773],[85.33310606272009,27.702324658389823],[85.33343754627093,27.702474108023328]]}},{"type":"Feature","properties":{},"geometry":{"type":"LineString","coordinates":[[85.3327189917543,27.70245072157659],[85.3332877464159,27.70247285961766]]}},{"type":"Feature","properties":{},"geometry":{"type":"LineString","coordinates":[[85.33341759881942,27.700569069448633],[85.33326241822013,27.700606047029012],[85.33317584399894,27.700660006126572],[85.33311943418614,27.70072676009405],[85.33301951152725,27.700937673440933],[85.33293546500458,27.701034720781468]]}},{"type":"Feature","properties":{},"geometry":{"type":"LineString","coordinates":[[85.33245778233392,27.700979337415504],[85.3324190315234,27.70076077117644]]}},{"type":"Feature","properties":{},"geometry":{"type":"LineString","coordinates":[[85.3324190315234,27.70076077117644],[85.33281447308637,27.70064541439377]]}},{"type":"Feature","properties":{},"geometry":{"type":"LineString","coordinates":[[85.33245067385708,27.70107318109922],[85.33225602544174,27.701184159641958]]}},{"type":"Feature","properties":{},"geometry":{"type":"LineString","coordinates":[[85.33245921126226,27.701006203692668],[85.3326807965611,27.70091805435954]]}},{"type":"Feature","properties":{},"geometry":{"type":"LineString","coordinates":[[85.33341759881942,27.700569069448633],[85.33352769802487,27.700818570947636],[85.33330935551234,27.70089290114197]]}},{"type":"Feature","properties":{},"geometry":{"type":"LineString","coordinates":[[85.33293546500458,27.701034720781468],[85.33288050620641,27.70090626595194]]}},{"type":"Feature","properties":{},"geometry":{"type":"LineString","coordinates":[[85.33422353550036,27.701620374991517],[85.3340269262958,27.701608616257168]]}},{"type":"Feature","properties":{},"geometry":{"type":"LineString","coordinates":[[85.33395346718312,27.70162412524415],[85.33393078473186,27.7013405380248]]}},{"type":"Feature","properties":{},"geometry":{"type":"LineString","coordinates":[[85.3340269262958,27.701608616257168],[85.33404141757761,27.701778991833102]]}},{"type":"Feature","properties":{},"geometry":{"type":"LineString","coordinates":[[85.33422353550036,27.701620374991517],[85.33423846196136,27.701312610625177]]}},{"type":"Feature","properties":{},"geometry":{"type":"LineString","coordinates":[[85.33432708818188,27.70164879316761],[85.33432387327173,27.701895316885114]]}},{"type":"Feature","properties":{},"geometry":{"type":"LineString","coordinates":[[85.33464263345797,27.701718472048558],[85.33474327504153,27.701745822381117],[85.33471854675992,27.70189333926923]]}},{"type":"Feature","properties":{},"geometry":{"type":"LineString","coordinates":[[85.33444377206494,27.70169548073719],[85.33452560745798,27.701664657597245],[85.33457154528264,27.701392617357257]]}},{"type":"Feature","properties":{},"geometry":{"type":"LineString","coordinates":[[85.33357578174714,27.700137342254138],[85.33332091156244,27.700056658403483],[85.3331388683736,27.70002763838178],[85.33221104222586,27.699922502313257],[85.3315574358734,27.699990487140706],[85.33128177907267,27.69999099158554]]}},{"type":"Feature","properties":{},"geometry":{"type":"LineString","coordinates":[[85.33509859286485,27.701664716548727],[85.33502957663156,27.70189821939725]]}},{"type":"Feature","properties":{},"geometry":{"type":"LineString","coordinates":[[85.33375124055962,27.700502467247418],[85.33381887001661,27.70080295961737],[85.33419006573695,27.700715396233537]]}},{"type":"Feature","properties":{},"geometry":{"type":"LineString","coordinates":[[85.33459171893395,27.700907050344963],[85.33448035843466,27.701046326254545],[85.33388137724093,27.701148018728286]]}},{"type":"Feature","properties":{},"geometry":{"type":"LineString","coordinates":[[85.33571178703211,27.702846943034405],[85.33538045128623,27.702278679903316]]}},{"type":"Feature","properties":{},"geometry":{"type":"LineString","coordinates":[[85.33574045882015,27.702835677319],[85.33577579548741,27.702820765991817]]}},{"type":"Feature","properties":{},"geometry":{"type":"LineString","coordinates":[[85.33517546057003,27.701424057878228],[85.33521450271932,27.701390469626983]]}},{"type":"Feature","properties":{},"geometry":{"type":"LineString","coordinates":[[85.332729719021,27.703795974409584],[85.33272342695972,27.703785426339053]]}},{"type":"Feature","properties":{},"geometry":{"type":"LineString","coordinates":[[85.3328425819631,27.703665467534602],[85.33282233332548,27.70367593964876]]}},{"type":"Feature","properties":{},"geometry":{"type":"LineString","coordinates":[[85.33282921942184,27.703636475545892],[85.33280744474409,27.703640537419915]]}},{"type":"Feature","properties":{},"geometry":{"type":"LineString","coordinates":[[85.3328271002427,27.70362492355709],[85.332839852853,27.70362659974358]]}},{"type":"Feature","properties":{},"geometry":{"type":"LineString","coordinates":[[85.33296079929119,27.703735716072448],[85.33294772705366,27.70371143890153]]}},{"type":"Feature","properties":{},"geometry":{"type":"LineString","coordinates":[[85.33300073982056,27.703723845652423],[85.33298701532574,27.70369971586895]]}},{"type":"Feature","properties":{},"geometry":{"type":"LineString","coordinates":[[85.33307560865923,27.703696017242994],[85.33306394750015,27.703669435715106]]}},{"type":"Feature","properties":{},"geometry":{"type":"LineString","coordinates":[[85.3331534564739,27.703672743730333],[85.33314340564456,27.703648895566857]]}},{"type":"Feature","properties":{},"geometry":{"type":"LineString","coordinates":[[85.33315907503437,27.70367116332723],[85.33315332518669,27.703647290235892]]}},{"type":"Feature","properties":{},"geometry":{"type":"LineString","coordinates":[[85.33323937147946,27.703650910300222],[85.33322891232,27.703623569772102]]}},{"type":"Feature","properties":{},"geometry":{"type":"LineString","coordinates":[[85.33327664340322,27.70363760961699],[85.33326643433566,27.703611761310317]]}},{"type":"Feature","properties":{},"geometry":{"type":"LineString","coordinates":[[85.33332855714153,27.703620045564413],[85.33331867239751,27.703594675004826]]}},{"type":"Feature","properties":{},"geometry":{"type":"LineString","coordinates":[[85.333330398146,27.70361934568958],[85.33332029374698,27.70359494994735]]}},{"type":"Feature","properties":{},"geometry":{"type":"LineString","coordinates":[[85.33340718982176,27.703596832800223],[85.3333943800703,27.703571092184504]]}},{"type":"Feature","properties":{},"geometry":{"type":"LineString","coordinates":[[85.33354737655277,27.703553199811306],[85.33354079589219,27.703537816047376]]}},{"type":"Feature","properties":{},"geometry":{"type":"LineString","coordinates":[[85.33358644985586,27.703540334095507],[85.33357596893318,27.703514754204388]]}},{"type":"Feature","properties":{},"geometry":{"type":"LineString","coordinates":[[85.33385562680557,27.703457071031696],[85.33383345136635,27.703414432097073]]}},{"type":"Feature","properties":{},"geometry":{"type":"LineString","coordinates":[[85.33391950557373,27.703433740861314],[85.33391179820511,27.703410951665475]]}},{"type":"Feature","properties":{},"geometry":{"type":"LineString","coordinates":[[85.33433067982081,27.703314284982227],[85.33432426698872,27.70329952873892]]}},{"type":"Feature","properties":{},"geometry":{"type":"LineString","coordinates":[[85.33457695475636,27.703238608829967],[85.33456879962084,27.703209906183396]]}},{"type":"Feature","properties":{},"geometry":{"type":"LineString","coordinates":[[85.33462536860229,27.703224318141686],[85.33462154768034,27.70321383327491]]}},{"type":"Feature","properties":{},"geometry":{"type":"LineString","coordinates":[[85.33465842232127,27.703214253418125],[85.33464700642489,27.703194068630253]]}},{"type":"Feature","properties":{},"geometry":{"type":"LineString","coordinates":[[85.33474356563069,27.703191577595977],[85.33473583500346,27.703174316283068]]}},{"type":"Feature","properties":{},"geometry":{"type":"LineString","coordinates":[[85.33482661816262,27.703162742836547],[85.33482419073893,27.70315244441641]]}},{"type":"Feature","properties":{},"geometry":{"type":"LineString","coordinates":[[85.33484057471891,27.703158990939677],[85.33483476914262,27.703144909007275]]}},{"type":"Feature","properties":{},"geometry":{"type":"LineString","coordinates":[[85.33441197878196,27.703219784172973],[85.33444619684047,27.70320783725122]]}},{"type":"Feature","properties":{},"geometry":{"type":"LineString","coordinates":[[85.33436930245796,27.70314100331647],[85.33436207967378,27.70314792742306]]}},{"type":"Feature","properties":{},"geometry":{"type":"LineString","coordinates":[[85.33436731226347,27.703137172412127],[85.33436009679924,27.703143481067233]]}},{"type":"Feature","properties":{},"geometry":{"type":"LineString","coordinates":[[85.3343636653445,27.703131189749456],[85.33435604897298,27.70313384998418]]}},{"type":"Feature","properties":{},"geometry":{"type":"LineString","coordinates":[[85.33426152804347,27.70296103130456],[85.33423745060026,27.702992266767925]]}},{"type":"Feature","properties":{},"geometry":{"type":"LineString","coordinates":[[85.3342834222958,27.70286957305764],[85.33430890973455,27.702883034411478]]}},{"type":"Feature","properties":{},"geometry":{"type":"LineString","coordinates":[[85.33435553706477,27.70276463477291],[85.33434470763946,27.702758186617597]]}},{"type":"Feature","properties":{},"geometry":{"type":"LineString","coordinates":[[85.33436137650182,27.70275585191532],[85.33439053264243,27.702770855629794]]}},{"type":"Feature","properties":{},"geometry":{"type":"LineString","coordinates":[[85.33436269280642,27.70275377744611],[85.33439384000522,27.702763675019092]]}},{"type":"Feature","properties":{},"geometry":{"type":"LineString","coordinates":[[85.33437105597272,27.70274294006195],[85.33436201129513,27.702734887888536]]}},{"type":"Feature","properties":{},"geometry":{"type":"LineString","coordinates":[[85.33439871231332,27.702699258137226],[85.33442789302443,27.702716983329225]]}},{"type":"Feature","properties":{},"geometry":{"type":"LineString","coordinates":[[85.33443056895263,27.70263700531856],[85.33446004796063,27.702651847735766]]}},{"type":"Feature","properties":{},"geometry":{"type":"LineString","coordinates":[[85.33452546553758,27.702509792608517],[85.33455109956569,27.702516202247047]]}},{"type":"Feature","properties":{},"geometry":{"type":"LineString","coordinates":[[85.3345687861325,27.70238662102395],[85.33457316299696,27.70236683922653]]}},{"type":"Feature","properties":{},"geometry":{"type":"LineString","coordinates":[[85.33470440253916,27.702413578060444],[85.33470823439757,27.70239703076142]]}},{"type":"Feature","properties":{},"geometry":{"type":"LineString","coordinates":[[85.33472042687136,27.702418158123244],[85.33471290193339,27.702437372259165]]}},{"type":"Feature","properties":{},"geometry":{"type":"LineString","coordinates":[[85.334773657273,27.70243470499606],[85.33477600613195,27.702428739411314]]}},{"type":"Feature","properties":{},"geometry":{"type":"LineString","coordinates":[[85.33486328407689,27.702463785627852],[85.33486618056662,27.70245714881297]]}},{"type":"Feature","properties":{},"geometry":{"type":"LineString","coordinates":[[85.3342962834062,27.702516539927384],[85.33429046795492,27.702540968785318]]}},{"type":"Feature","properties":{},"geometry":{"type":"LineString","coordinates":[[85.3342919765531,27.70251561894896],[85.33429317675603,27.702508903973424]]}},{"type":"Feature","properties":{},"geometry":{"type":"LineString","coordinates":[[85.33419278368282,27.702486986031772],[85.33419452410182,27.7024819581069]]}},{"type":"Feature","properties":{},"geometry":{"type":"LineString","coordinates":[[85.33413230490542,27.702476918670797],[85.33412589808202,27.702497552399915]]}},{"type":"Feature","properties":{},"geometry":{"type":"LineString","coordinates":[[85.33400597807837,27.70245350978415],[85.33398998037562,27.702437232905456]]}},{"type":"Feature","properties":{},"geometry":{"type":"LineString","coordinates":[[85.33400336446722,27.702452870011395],[85.33398554950077,27.70243726712861]]}},{"type":"Feature","properties":{},"geometry":{"type":"LineString","coordinates":[[85.33442018226135,27.702384547059456],[85.33441422071786,27.702382876915554]]}},{"type":"Feature","properties":{},"geometry":{"type":"LineString","coordinates":[[85.33445360321716,27.70226568973179],[85.3344673712138,27.70223041221409]]}},{"type":"Feature","properties":{},"geometry":{"type":"LineString","coordinates":[[85.33433454846273,27.702059464954626],[85.33432534695464,27.702061274868765]]}},{"type":"Feature","properties":{},"geometry":{"type":"LineString","coordinates":[[85.33413707786865,27.70203820476596],[85.33413752821238,27.702043805096217]]}},{"type":"Feature","properties":{},"geometry":{"type":"LineString","coordinates":[[85.3340339253373,27.702040365154403],[85.33403485741435,27.702016589651404]]}},{"type":"Feature","properties":{},"geometry":{"type":"LineString","coordinates":[[85.3339398911788,27.702039513282752],[85.3339396776068,27.702043092032923]]}},{"type":"Feature","properties":{},"geometry":{"type":"LineString","coordinates":[[85.33393909967278,27.702039616575863],[85.33392347171879,27.702017962231924]]}},{"type":"Feature","properties":{},"geometry":{"type":"LineString","coordinates":[[85.33393601844351,27.702039921560075],[85.333926784866,27.702043908915996]]}},{"type":"Feature","properties":{},"geometry":{"type":"LineString","coordinates":[[85.33393026711985,27.702040168235722],[85.33391060210404,27.702023598109157]]}},{"type":"Feature","properties":{},"geometry":{"type":"LineString","coordinates":[[85.33420612637438,27.70294248332221],[85.33421762184254,27.702924110339104]]}},{"type":"Feature","properties":{},"geometry":{"type":"LineString","coordinates":[[85.3341433393726,27.702905179896497],[85.33412693869698,27.70292623940332]]}},{"type":"Feature","properties":{},"geometry":{"type":"LineString","coordinates":[[85.33408842740964,27.702874624814676],[85.33407569972812,27.70289787929418]]}},{"type":"Feature","properties":{},"geometry":{"type":"LineString","coordinates":[[85.33399673909534,27.70282250563708],[85.3340014800315,27.702815212322076]]}},{"type":"Feature","properties":{},"geometry":{"type":"LineString","coordinates":[[85.33397442726128,27.70280920699735],[85.33395727288598,27.70282741257406]]}},{"type":"Feature","properties":{},"geometry":{"type":"LineString","coordinates":[[85.33388310240792,27.702741515003808],[85.33386586151157,27.702762144680847]]}},{"type":"Feature","properties":{},"geometry":{"type":"LineString","coordinates":[[85.33389021066348,27.702663903598577],[85.33386367482093,27.702661320628327]]}},{"type":"Feature","properties":{},"geometry":{"type":"LineString","coordinates":[[85.33389828572307,27.70262657833641],[85.33391461729404,27.702630491595155]]}},{"type":"Feature","properties":{},"geometry":{"type":"LineString","coordinates":[[85.33390200917069,27.702603225431712],[85.33388214605877,27.70259781926922]]}},{"type":"Feature","properties":{},"geometry":{"type":"LineString","coordinates":[[85.33390936976734,27.702579954208133],[85.33390095989262,27.70251263374215]]}},{"type":"Feature","properties":{},"geometry":{"type":"LineString","coordinates":[[85.33390973855005,27.702578707711623],[85.33393066117544,27.70252665491568]]}},{"type":"Feature","properties":{},"geometry":{"type":"LineString","coordinates":[[85.33374046474229,27.702768072404997],[85.33369803908074,27.702827535308444],[85.3337128368958,27.70284302970732]]}},{"type":"Feature","properties":{},"geometry":{"type":"LineString","coordinates":[[85.33373915568986,27.70276993575839],[85.33368686043558,27.702831058788345]]}},{"type":"Feature","properties":{},"geometry":{"type":"LineString","coordinates":[[85.33364006565974,27.702654714803437],[85.3336402025036,27.70268868664161]]}},{"type":"Feature","properties":{},"geometry":{"type":"LineString","coordinates":[[85.33358188109425,27.702662167145178],[85.33357278193219,27.70269360716215]]}},{"type":"Feature","properties":{},"geometry":{"type":"LineString","coordinates":[[85.33359715626243,27.702493757320116],[85.33357350695586,27.702490940082367]]}},{"type":"Feature","properties":{},"geometry":{"type":"LineString","coordinates":[[85.33360512480168,27.70243061424336],[85.3336130199549,27.702434296918536]]}},{"type":"Feature","properties":{},"geometry":{"type":"LineString","coordinates":[[85.33363500273248,27.70222732512707],[85.33364232784119,27.70222387620543]]}},{"type":"Feature","properties":{},"geometry":{"type":"LineString","coordinates":[[85.33363567528433,27.70222310477396],[85.33361406408402,27.702199277237785]]}},{"type":"Feature","properties":{},"geometry":{"type":"LineString","coordinates":[[85.3336358428704,27.70222208600668],[85.33364550782888,27.702207528680297]]}},{"type":"Feature","properties":{},"geometry":{"type":"LineString","coordinates":[[85.33363604570653,27.70222008207867],[85.33362642573017,27.702180492335568]]}},{"type":"Feature","properties":{},"geometry":{"type":"LineString","coordinates":[[85.33346132831929,27.702671044701145],[85.33346482760064,27.70270115168133]]}},{"type":"Feature","properties":{},"geometry":{"type":"LineString","coordinates":[[85.33329592905639,27.70266252889597],[85.33330341370599,27.702630369984835]]}},{"type":"Feature","properties":{},"geometry":{"type":"LineString","coordinates":[[85.33324990677214,27.702657915119875],[85.33324789553298,27.702632653793604]]}},{"type":"Feature","properties":{},"geometry":{"type":"LineString","coordinates":[[85.3331379826928,27.702669982102588],[85.3331392058732,27.702641211795854]]}},{"type":"Feature","properties":{},"geometry":{"type":"LineString","coordinates":[[85.33313310255133,27.70267055241869],[85.33313510922893,27.702685170818345]]}},{"type":"Feature","properties":{},"geometry":{"type":"LineString","coordinates":[[85.33304712763889,27.702676029975535],[85.33304940871402,27.702689340274773]]}},{"type":"Feature","properties":{},"geometry":{"type":"LineString","coordinates":[[85.33300878770046,27.70267569014171],[85.33301114029643,27.70269703670715]]}},{"type":"Feature","properties":{},"geometry":{"type":"LineString","coordinates":[[85.33301492493482,27.70267500770809],[85.33300822019662,27.702650516597902]]}},{"type":"Feature","properties":{},"geometry":{"type":"LineString","coordinates":[[85.33292584659642,27.70267804613234],[85.33292607428514,27.702649593271957]]}},{"type":"Feature","properties":{},"geometry":{"type":"LineString","coordinates":[[85.33499413495764,27.703009545225612],[85.33500297371054,27.703002645935747]]}},{"type":"Feature","properties":{},"geometry":{"type":"LineString","coordinates":[[85.3349644477878,27.70297721168932],[85.33496210450588,27.702961103661806]]}},{"type":"Feature","properties":{},"geometry":{"type":"LineString","coordinates":[[85.33496332697577,27.702975894925228],[85.33494184122904,27.70296347823711]]}},{"type":"Feature","properties":{},"geometry":{"type":"LineString","coordinates":[[85.33515958105389,27.703064386609586],[85.33514910759479,27.703040230238116]]}},{"type":"Feature","properties":{},"geometry":{"type":"LineString","coordinates":[[85.33520710342943,27.703048157142895],[85.33519225264553,27.703024446340354]]}},{"type":"Feature","properties":{},"geometry":{"type":"LineString","coordinates":[[85.33553059449281,27.70294692518738],[85.33551791693255,27.702923002274424]]}},{"type":"Feature","properties":{},"geometry":{"type":"LineString","coordinates":[[85.3353245348759,27.70258137381233],[85.33529620460509,27.702590851986127]]}},{"type":"Feature","properties":{},"geometry":{"type":"LineString","coordinates":[[85.33531376025707,27.702568239391493],[85.33532243233887,27.70256149421609]]}},{"type":"Feature","properties":{},"geometry":{"type":"LineString","coordinates":[[85.33523019530243,27.70246687444555],[85.33523659867431,27.702463221208063]]}},{"type":"Feature","properties":{},"geometry":{"type":"LineString","coordinates":[[85.33512280491557,27.702334425177884],[85.33509949703816,27.702349861884148]]}},{"type":"Feature","properties":{},"geometry":{"type":"LineString","coordinates":[[85.33511760837686,27.702326648580126],[85.33512451675423,27.702322927411895]]}},{"type":"Feature","properties":{},"geometry":{"type":"LineString","coordinates":[[85.33488073816261,27.70213250222159],[85.33488647516435,27.70212298072259]]}},{"type":"Feature","properties":{},"geometry":{"type":"LineString","coordinates":[[85.33482279379602,27.7021216199605],[85.33480379117752,27.702151572681682]]}},{"type":"Feature","properties":{},"geometry":{"type":"LineString","coordinates":[[85.3357660685237,27.702811759831125],[85.33575988889105,27.7027937870526]]}},{"type":"Feature","properties":{},"geometry":{"type":"LineString","coordinates":[[85.3358164805337,27.702783382254697],[85.33580831750096,27.702770081606943]]}},{"type":"Feature","properties":{},"geometry":{"type":"LineString","coordinates":[[85.3338679738402,27.70165663059613],[85.33386483055222,27.701625845575816],[85.3338679738402,27.70165663059613]]}},{"type":"Feature","properties":{},"geometry":{"type":"LineString","coordinates":[[85.33385766530442,27.701625516553253],[85.3338577236672,27.701661455916145]]}},{"type":"Feature","properties":{},"geometry":{"type":"LineString","coordinates":[[85.33374735416554,27.701916729859143],[85.33374103225785,27.70193571021775]]}},{"type":"Feature","properties":{},"geometry":{"type":"LineString","coordinates":[[85.33372427744564,27.701835122372064],[85.33371702288261,27.7018374006377]]}},{"type":"Feature","properties":{},"geometry":{"type":"LineString","coordinates":[[85.33370299303805,27.701777309634736],[85.33370702546759,27.701776201101545]]}},{"type":"Feature","properties":{},"geometry":{"type":"LineString","coordinates":[[85.33378851976299,27.701311583235988],[85.33378908045988,27.70130631457633]]}},{"type":"Feature","properties":{},"geometry":{"type":"LineString","coordinates":[[85.3337164720343,27.70131156265682],[85.33371659855167,27.701304637104105]]}},{"type":"Feature","properties":{},"geometry":{"type":"LineString","coordinates":[[85.33370370197837,27.701311852103906],[85.33370353381915,27.701304032186997]]}},{"type":"Feature","properties":{},"geometry":{"type":"LineString","coordinates":[[85.3336706080287,27.70141462973436],[85.33367950237619,27.70141407883327]]}},{"type":"Feature","properties":{},"geometry":{"type":"LineString","coordinates":[[85.33356181282902,27.701236681996203],[85.33357298879547,27.70123852956654]]}},{"type":"Feature","properties":{},"geometry":{"type":"LineString","coordinates":[[85.33356251250962,27.701260239766796],[85.33353942603786,27.701259038553918]]}},{"type":"Feature","properties":{},"geometry":{"type":"LineString","coordinates":[[85.33356324434833,27.701298298301047],[85.33357619888558,27.7012999488635]]}},{"type":"Feature","properties":{},"geometry":{"type":"LineString","coordinates":[[85.33356442034949,27.70137579641857],[85.33357667296941,27.701375258872492]]}},{"type":"Feature","properties":{},"geometry":{"type":"LineString","coordinates":[[85.33356550418735,27.70137974458543],[85.33354939063773,27.701378380010567]]}},{"type":"Feature","properties":{},"geometry":{"type":"LineString","coordinates":[[85.33357421667407,27.701494602439837],[85.33355427244257,27.70149328110596]]}},{"type":"Feature","properties":{},"geometry":{"type":"LineString","coordinates":[[85.33357698910366,27.701539578314563],[85.33359068554984,27.701539853294726]]}},{"type":"Feature","properties":{},"geometry":{"type":"LineString","coordinates":[[85.3335782573146,27.70154907758109],[85.33359090046022,27.7015488669458]]}},{"type":"Feature","properties":{},"geometry":{"type":"LineString","coordinates":[[85.33356294902194,27.70163065535637],[85.33356416958097,27.7016155956508]]}},{"type":"Feature","properties":{},"geometry":{"type":"LineString","coordinates":[[85.33355315622958,27.701631606094725],[85.33356053168383,27.701665482756884]]}},{"type":"Feature","properties":{},"geometry":{"type":"LineString","coordinates":[[85.33353634131086,27.701635288259567],[85.33355681050017,27.701685081071293]]}},{"type":"Feature","properties":{},"geometry":{"type":"LineString","coordinates":[[85.33347727639637,27.701646190356335],[85.3334753803121,27.70161728501387]]}},{"type":"Feature","properties":{},"geometry":{"type":"LineString","coordinates":[[85.33346660866891,27.701647729849363],[85.33346359153278,27.70162273078799]]}},{"type":"Feature","properties":{},"geometry":{"type":"LineString","coordinates":[[85.33348032466965,27.70192885801351],[85.33349280500668,27.70192381588136]]}},{"type":"Feature","properties":{},"geometry":{"type":"LineString","coordinates":[[85.33347234417813,27.701914511573833],[85.33348618604833,27.70191062485136]]}},{"type":"Feature","properties":{},"geometry":{"type":"LineString","coordinates":[[85.33341056798331,27.70178505697248],[85.3334221475832,27.701782901189365]]}},{"type":"Feature","properties":{},"geometry":{"type":"LineString","coordinates":[[85.33341187688475,27.701787673880226],[85.33338817238418,27.701793770441483]]}},{"type":"Feature","properties":{},"geometry":{"type":"LineString","coordinates":[[85.33341651249394,27.70179732018748],[85.33342787550164,27.701792067853596]]}},{"type":"Feature","properties":{},"geometry":{"type":"LineString","coordinates":[[85.33328393118651,27.701605557559525],[85.33330332495532,27.70160019704282]]}},{"type":"Feature","properties":{},"geometry":{"type":"LineString","coordinates":[[85.33326428354839,27.701574844590066],[85.33324486020835,27.70158255137639]]}},{"type":"Feature","properties":{},"geometry":{"type":"LineString","coordinates":[[85.3332522477406,27.70155123968966],[85.3332730860678,27.701545240414866]]}},{"type":"Feature","properties":{},"geometry":{"type":"LineString","coordinates":[[85.33322299604481,27.70146896119815],[85.33320845039002,27.70147038538782]]}},{"type":"Feature","properties":{},"geometry":{"type":"LineString","coordinates":[[85.3332205530486,27.70146029979249],[85.33320454613404,27.701463728101185]]}},{"type":"Feature","properties":{},"geometry":{"type":"LineString","coordinates":[[85.33320953736916,27.70142615364908],[85.33323022891359,27.701421003717755]]}},{"type":"Feature","properties":{},"geometry":{"type":"LineString","coordinates":[[85.33321863377488,27.701354860601295],[85.33321363514709,27.701330871098726]]}},{"type":"Feature","properties":{},"geometry":{"type":"LineString","coordinates":[[85.33333932068018,27.701327052926416],[85.33333245423705,27.701304661018572]]}},{"type":"Feature","properties":{},"geometry":{"type":"LineString","coordinates":[[85.33337871229567,27.70131734458457],[85.33337995958772,27.701323348022772]]}},{"type":"Feature","properties":{},"geometry":{"type":"LineString","coordinates":[[85.33339380219927,27.70131400269066],[85.33340972744944,27.70129806312384]]}},{"type":"Feature","properties":{},"geometry":{"type":"LineString","coordinates":[[85.33316675945605,27.701292707361212],[85.33315162239595,27.701296683155377]]}},{"type":"Feature","properties":{},"geometry":{"type":"LineString","coordinates":[[85.3329489428451,27.70123863292423],[85.33295966839938,27.701262573163127]]}},{"type":"Feature","properties":{},"geometry":{"type":"LineString","coordinates":[[85.33293337319812,27.70124438331468],[85.33293236593684,27.70123773382992]]}},{"type":"Feature","properties":{},"geometry":{"type":"LineString","coordinates":[[85.33282111165141,27.701286948615042],[85.33281721532293,27.701280705684333]]}},{"type":"Feature","properties":{},"geometry":{"type":"LineString","coordinates":[[85.33280625072015,27.701292971070313],[85.33280332194703,27.701284449118706]]}},{"type":"Feature","properties":{},"geometry":{"type":"LineString","coordinates":[[85.33265735949094,27.70138987539],[85.33262292885333,27.70140629326511]]}},{"type":"Feature","properties":{},"geometry":{"type":"LineString","coordinates":[[85.33268315744645,27.701429432594473],[85.33267085534757,27.701435358592782]]}},{"type":"Feature","properties":{},"geometry":{"type":"LineString","coordinates":[[85.33268367296586,27.70143054081719],[85.3327108133659,27.701419548805877]]}},{"type":"Feature","properties":{},"geometry":{"type":"LineString","coordinates":[[85.3327157746872,27.701484871968603],[85.3327016946751,27.70149155184764]]}},{"type":"Feature","properties":{},"geometry":{"type":"LineString","coordinates":[[85.33272533515982,27.701500603035754],[85.33270921803545,27.70150594336568]]}},{"type":"Feature","properties":{},"geometry":{"type":"LineString","coordinates":[[85.33272680389062,27.70150304407196],[85.3327105018002,27.70150941198424]]}},{"type":"Feature","properties":{},"geometry":{"type":"LineString","coordinates":[[85.33275133991445,27.701549572708313],[85.33277216714808,27.701537501017985]]}},{"type":"Feature","properties":{},"geometry":{"type":"LineString","coordinates":[[85.33277213472147,27.701586659833453],[85.33279793934352,27.701578223987426]]}},{"type":"Feature","properties":{},"geometry":{"type":"LineString","coordinates":[[85.33283106649381,27.701687444325753],[85.33285638082064,27.70167510806051]]}},{"type":"Feature","properties":{},"geometry":{"type":"LineString","coordinates":[[85.33285568363115,27.70172857576879],[85.33283600715595,27.701734253221957]]}},{"type":"Feature","properties":{},"geometry":{"type":"LineString","coordinates":[[85.33284459194554,27.70184191893773],[85.33285253850188,27.70186309460017]]}},{"type":"Feature","properties":{},"geometry":{"type":"LineString","coordinates":[[85.33289926562158,27.701827455120434],[85.33291150076484,27.701851818786828]]}},{"type":"Feature","properties":{},"geometry":{"type":"LineString","coordinates":[[85.33292971367673,27.70182294801281],[85.33293595774961,27.701842317924893]]}},{"type":"Feature","properties":{},"geometry":{"type":"LineString","coordinates":[[85.33298163734815,27.701803542075115],[85.33297949183415,27.701798793193525]]}},{"type":"Feature","properties":{},"geometry":{"type":"LineString","coordinates":[[85.33298854154445,27.70180103218676],[85.33299539282818,27.701817280266475]]}},{"type":"Feature","properties":{},"geometry":{"type":"LineString","coordinates":[[85.33308506706997,27.701767117771677],[85.33308390758037,27.7017548047568]]}},{"type":"Feature","properties":{},"geometry":{"type":"LineString","coordinates":[[85.33315291081628,27.70185474376102],[85.33314288337286,27.701857654691196]]}},{"type":"Feature","properties":{},"geometry":{"type":"LineString","coordinates":[[85.3331703117793,27.70189350210509],[85.33315799299844,27.701897254603473]]}},{"type":"Feature","properties":{},"geometry":{"type":"LineString","coordinates":[[85.33317833516786,27.701912095576787],[85.33318361145113,27.701910278190308]]}},{"type":"Feature","properties":{},"geometry":{"type":"LineString","coordinates":[[85.33319268093331,27.701942775408934],[85.33320036364505,27.70194755575737]]}},{"type":"Feature","properties":{},"geometry":{"type":"LineString","coordinates":[[85.33316155524139,27.701743206878714],[85.33315684533012,27.701731045163697]]}},{"type":"Feature","properties":{},"geometry":{"type":"LineString","coordinates":[[85.33316472351127,27.701742445366506],[85.33315882912753,27.701729821725003]]}},{"type":"Feature","properties":{},"geometry":{"type":"LineString","coordinates":[[85.33322086542134,27.701724245390107],[85.33323236471605,27.701746322133566]]}},{"type":"Feature","properties":{},"geometry":{"type":"LineString","coordinates":[[85.33276254749231,27.70186978088802],[85.33275729372309,27.70185037325548]]}},{"type":"Feature","properties":{},"geometry":{"type":"LineString","coordinates":[[85.33264828058694,27.701889861908857],[85.33264420308095,27.701877860326032]]}},{"type":"Feature","properties":{},"geometry":{"type":"LineString","coordinates":[[85.33264314844645,27.70189146891146],[85.3326572706132,27.701918103578905]]}},{"type":"Feature","properties":{},"geometry":{"type":"LineString","coordinates":[[85.33250113571677,27.70194554141628],[85.33251225948003,27.701972167057264]]}},{"type":"Feature","properties":{},"geometry":{"type":"LineString","coordinates":[[85.33240502013408,27.70198868621784],[85.33239561121907,27.701972124804122]]}},{"type":"Feature","properties":{},"geometry":{"type":"LineString","coordinates":[[85.3323979683014,27.7019918342058],[85.33238903664423,27.701973228849383]]}},{"type":"Feature","properties":{},"geometry":{"type":"LineString","coordinates":[[85.33282496290981,27.702046989262787],[85.33284941188927,27.70203895225811]]}},{"type":"Feature","properties":{},"geometry":{"type":"LineString","coordinates":[[85.33278644460113,27.70210849086983],[85.33278175181282,27.702100741015133]]}},{"type":"Feature","properties":{},"geometry":{"type":"LineString","coordinates":[[85.33270399025967,27.70213195061662],[85.33270947994157,27.70215278260846]]}},{"type":"Feature","properties":{},"geometry":{"type":"LineString","coordinates":[[85.3326071478527,27.702157065582046],[85.33261274688087,27.702178974733926]]}},{"type":"Feature","properties":{},"geometry":{"type":"LineString","coordinates":[[85.33258458871914,27.7021621866018],[85.3325890425171,27.7021863879761]]}},{"type":"Feature","properties":{},"geometry":{"type":"LineString","coordinates":[[85.33250162119174,27.70218511295462],[85.33249837313845,27.702177915705494]]}},{"type":"Feature","properties":{},"geometry":{"type":"LineString","coordinates":[[85.33249223097077,27.702187794140876],[85.3324982491135,27.702206479923227]]}},{"type":"Feature","properties":{},"geometry":{"type":"LineString","coordinates":[[85.33244872480728,27.70219978303827],[85.33244705120522,27.702193809657903]]}},{"type":"Feature","properties":{},"geometry":{"type":"LineString","coordinates":[[85.33243785214971,27.702203058292646],[85.33242933845756,27.702224919294835]]}},{"type":"Feature","properties":{},"geometry":{"type":"LineString","coordinates":[[85.33287340484377,27.702114411900702],[85.33290916961963,27.702110636714856]]}},{"type":"Feature","properties":{},"geometry":{"type":"LineString","coordinates":[[85.33292069396565,27.702242465698642],[85.33286714832215,27.702253486334396]]}},{"type":"Feature","properties":{},"geometry":{"type":"LineString","coordinates":[[85.3329549317536,27.702228743158503],[85.33295441129117,27.702223356789034]]}},{"type":"Feature","properties":{},"geometry":{"type":"LineString","coordinates":[[85.33301902975775,27.702224375897096],[85.33301869922352,27.702216767930953]]}},{"type":"Feature","properties":{},"geometry":{"type":"LineString","coordinates":[[85.33302616744962,27.702224518707073],[85.33302513556971,27.702243771217]]}},{"type":"Feature","properties":{},"geometry":{"type":"LineString","coordinates":[[85.3330712003252,27.70223190229803],[85.3330716300074,27.702223113924607]]}},{"type":"Feature","properties":{},"geometry":{"type":"LineString","coordinates":[[85.33326914266755,27.702270033845306],[85.33327052776472,27.7022643012761]]}},{"type":"Feature","properties":{},"geometry":{"type":"LineString","coordinates":[[85.33335981637316,27.702289975276656],[85.33336429296213,27.70228413010203]]}},{"type":"Feature","properties":{},"geometry":{"type":"LineString","coordinates":[[85.3333880526646,27.70229522689493],[85.33338391301923,27.70230972797447]]}},{"type":"Feature","properties":{},"geometry":{"type":"LineString","coordinates":[[85.33293657981935,27.70228543336927],[85.3328977259933,27.702293225615996]]}},{"type":"Feature","properties":{},"geometry":{"type":"LineString","coordinates":[[85.33303283388956,27.702304897975726],[85.3330325222649,27.702309655175885]]}},{"type":"Feature","properties":{},"geometry":{"type":"LineString","coordinates":[[85.33305591728403,27.702309984721676],[85.3330453337535,27.702323792656813]]}},{"type":"Feature","properties":{},"geometry":{"type":"LineString","coordinates":[[85.33316847308929,27.702352470124033],[85.33316279670048,27.7023639977429]]}},{"type":"Feature","properties":{},"geometry":{"type":"LineString","coordinates":[[85.3332531004429,27.702393673309018],[85.3332507691597,27.702399010901935]]}},{"type":"Feature","properties":{},"geometry":{"type":"LineString","coordinates":[[85.33333255181785,27.702425559377303],[85.33335549909496,27.70243540177841]]}},{"type":"Feature","properties":{},"geometry":{"type":"LineString","coordinates":[[85.3328884241199,27.702345928128686],[85.33289612524281,27.702369109909746]]}},{"type":"Feature","properties":{},"geometry":{"type":"LineString","coordinates":[[85.33282295560021,27.702359264611577],[85.33282201966644,27.702344788168027]]}},{"type":"Feature","properties":{},"geometry":{"type":"LineString","coordinates":[[85.33275335136027,27.702376298642392],[85.33267981062605,27.70236271585202]]}},{"type":"Feature","properties":{},"geometry":{"type":"LineString","coordinates":[[85.33275138959442,27.702376672137724],[85.33264078143971,27.702374569193708]]}},{"type":"Feature","properties":{},"geometry":{"type":"LineString","coordinates":[[85.33274935362063,27.702376590756565],[85.33259880674778,27.702370929972712]]}},{"type":"Feature","properties":{},"geometry":{"type":"LineString","coordinates":[[85.3327220140113,27.702416944836997],[85.33274903047783,27.702413253868063]]}},{"type":"Feature","properties":{},"geometry":{"type":"LineString","coordinates":[[85.33271965321902,27.70245250215169],[85.33270544765186,27.702451691152948]]}},{"type":"Feature","properties":{},"geometry":{"type":"LineString","coordinates":[[85.33279439831995,27.702454837406275],[85.33279319832215,27.702460465698007]]}},{"type":"Feature","properties":{},"geometry":{"type":"LineString","coordinates":[[85.33288580747478,27.702458154909674],[85.33288561892229,27.702464087809123]]}},{"type":"Feature","properties":{},"geometry":{"type":"LineString","coordinates":[[85.33290156750567,27.702459103746307],[85.33290262307248,27.70245450442647]]}},{"type":"Feature","properties":{},"geometry":{"type":"LineString","coordinates":[[85.33295239349403,27.702460763672445],[85.33295154646503,27.7024663204021]]}},{"type":"Feature","properties":{},"geometry":{"type":"LineString","coordinates":[[85.3330040449803,27.70246188567244],[85.3330059190836,27.702469547425192]]}},{"type":"Feature","properties":{},"geometry":{"type":"LineString","coordinates":[[85.33300886188519,27.702462005952587],[85.33300866361716,27.702469178839436]]}},{"type":"Feature","properties":{},"geometry":{"type":"LineString","coordinates":[[85.33302362257152,27.702462855194096],[85.33302162358659,27.70247061381365]]}},{"type":"Feature","properties":{},"geometry":{"type":"LineString","coordinates":[[85.33327880420397,27.70247181691313],[85.33327917142786,27.702477078689956]]}},{"type":"Feature","properties":{},"geometry":{"type":"LineString","coordinates":[[85.3332845938107,27.702472855957907],[85.33338523330474,27.70248067968327]]}},{"type":"Feature","properties":{},"geometry":{"type":"LineString","coordinates":[[85.3327252087704,27.702555044606314],[85.33275251864748,27.70256013717954]]}},{"type":"Feature","properties":{},"geometry":{"type":"LineString","coordinates":[[85.33259658070189,27.701295010974608],[85.33252510562832,27.701327757441124]]}},{"type":"Feature","properties":{},"geometry":{"type":"LineString","coordinates":[[85.3325922336398,27.70128986913575],[85.33248285372807,27.701343310296647]]}},{"type":"Feature","properties":{},"geometry":{"type":"LineString","coordinates":[[85.33262484446053,27.701182315092968],[85.33262037521347,27.701172137357915]]}},{"type":"Feature","properties":{},"geometry":{"type":"LineString","coordinates":[[85.33267227465062,27.701161845187695],[85.33269287742728,27.70119368168066]]}},{"type":"Feature","properties":{},"geometry":{"type":"LineString","coordinates":[[85.33281924115435,27.701093675621518],[85.33281608873882,27.701086457869728]]}},{"type":"Feature","properties":{},"geometry":{"type":"LineString","coordinates":[[85.33283273241909,27.701087031960657],[85.33285137738345,27.701110113581972]]}},{"type":"Feature","properties":{},"geometry":{"type":"LineString","coordinates":[[85.33291652160263,27.701047949691826],[85.33293313075448,27.701071608788336]]}},{"type":"Feature","properties":{},"geometry":{"type":"LineString","coordinates":[[85.33251905698837,27.7011596847845],[85.33250087461546,27.701162738424884]]}},{"type":"Feature","properties":{},"geometry":{"type":"LineString","coordinates":[[85.33242079563992,27.701085106714476],[85.33240305265224,27.701054329026533]]}},{"type":"Feature","properties":{},"geometry":{"type":"LineString","coordinates":[[85.33236882561708,27.701106977659993],[85.33237833967205,27.70111435238013]]}},{"type":"Feature","properties":{},"geometry":{"type":"LineString","coordinates":[[85.33235429047211,27.70111611598443],[85.33236930176632,27.701121411563605]]}},{"type":"Feature","properties":{},"geometry":{"type":"LineString","coordinates":[[85.33235025243273,27.701118661270993],[85.33233243052315,27.701093541613734]]}},{"type":"Feature","properties":{},"geometry":{"type":"LineString","coordinates":[[85.3323205326969,27.701137568193662],[85.33230196065601,27.70111710026558]]}},{"type":"Feature","properties":{},"geometry":{"type":"LineString","coordinates":[[85.33230326318822,27.701153743248984],[85.33231019669542,27.701160907279675]]}},{"type":"Feature","properties":{},"geometry":{"type":"LineString","coordinates":[[85.33256085659721,27.70096438357851],[85.33255577060531,27.70095222002287]]}},{"type":"Feature","properties":{},"geometry":{"type":"LineString","coordinates":[[85.33246156641162,27.70095247887499],[85.33243598411683,27.700953970411483]]}},{"type":"Feature","properties":{},"geometry":{"type":"LineString","coordinates":[[85.33245452940538,27.7009176423164],[85.33242848845646,27.70091702087225]]}},{"type":"Feature","properties":{},"geometry":{"type":"LineString","coordinates":[[85.3324371823494,27.700808406193623],[85.33241200755549,27.700810575937794]]}},{"type":"Feature","properties":{},"geometry":{"type":"LineString","coordinates":[[85.33248369887094,27.700734574691772],[85.33248378905112,27.700726842727008]]}},{"type":"Feature","properties":{},"geometry":{"type":"LineString","coordinates":[[85.33261079242334,27.700698859940076],[85.33261875353122,27.70071693643247]]}},{"type":"Feature","properties":{},"geometry":{"type":"LineString","coordinates":[[85.33262611626448,27.700694199611583],[85.33262788116936,27.70068616289866]]}},{"type":"Feature","properties":{},"geometry":{"type":"LineString","coordinates":[[85.33268545516732,27.70067745173427],[85.33269042141634,27.700697425416863]]}},{"type":"Feature","properties":{},"geometry":{"type":"LineString","coordinates":[[85.33277396363397,27.700654760735343],[85.33276880627521,27.700649225559868]]}},{"type":"Feature","properties":{},"geometry":{"type":"LineString","coordinates":[[85.33277810291435,27.700653291592143],[85.33280256740828,27.700661156806728]]}},{"type":"Feature","properties":{},"geometry":{"type":"LineString","coordinates":[[85.33278007653075,27.700652736825447],[85.33281767557375,27.700661077912695]]}},{"type":"Feature","properties":{},"geometry":{"type":"LineString","coordinates":[[85.33278259513088,27.700652018942424],[85.33282054347706,27.700645919818907]]}},{"type":"Feature","properties":{},"geometry":{"type":"LineString","coordinates":[[85.33259657447225,27.700946861152737],[85.33259524565173,27.700932350190087]]}},{"type":"Feature","properties":{},"geometry":{"type":"LineString","coordinates":[[85.33264046104695,27.70093629558126],[85.33266930380171,27.700913702838747]]}},{"type":"Feature","properties":{},"geometry":{"type":"LineString","coordinates":[[85.33289279597604,27.70095938372748],[85.33287943105177,27.700965188641977]]}},{"type":"Feature","properties":{},"geometry":{"type":"LineString","coordinates":[[85.33288660020376,27.700949981258546],[85.33286591193834,27.700932106217934]]}},{"type":"Feature","properties":{},"geometry":{"type":"LineString","coordinates":[[85.33297436870662,27.700998867012228],[85.33296472006218,27.700991672123962]]}},{"type":"Feature","properties":{},"geometry":{"type":"LineString","coordinates":[[85.33298461540687,27.700988797896883],[85.33300848638704,27.701006229282893]]}},{"type":"Feature","properties":{},"geometry":{"type":"LineString","coordinates":[[85.33305322632364,27.70087653810189],[85.33308319637652,27.700890920089137]]}},{"type":"Feature","properties":{},"geometry":{"type":"LineString","coordinates":[[85.33305674110322,27.700870456618603],[85.33308578551635,27.700882292195462]]}},{"type":"Feature","properties":{},"geometry":{"type":"LineString","coordinates":[[85.33306634930275,27.70085242472866],[85.33305752879367,27.700847853604518]]}},{"type":"Feature","properties":{},"geometry":{"type":"LineString","coordinates":[[85.33311943418614,27.70072676009405],[85.3331460195002,27.70073919963918]]}},{"type":"Feature","properties":{},"geometry":{"type":"LineString","coordinates":[[85.33312186555368,27.7007226412469],[85.33311353246758,27.700716090384265]]}},{"type":"Feature","properties":{},"geometry":{"type":"LineString","coordinates":[[85.3331423809603,27.700696179084037],[85.33316652082901,27.70071306312393]]}},{"type":"Feature","properties":{},"geometry":{"type":"LineString","coordinates":[[85.33317584399894,27.700660006126572],[85.3331643526578,27.70065015722903]]}},{"type":"Feature","properties":{},"geometry":{"type":"LineString","coordinates":[[85.33318558955368,27.700650615093732],[85.33320803328203,27.700670813628935]]}},{"type":"Feature","properties":{},"geometry":{"type":"LineString","coordinates":[[85.33326241822013,27.700606047029012],[85.33327887506545,27.700633457057005]]}},{"type":"Feature","properties":{},"geometry":{"type":"LineString","coordinates":[[85.33331704808249,27.700590551782607],[85.3333147362268,27.70058060130952]]}},{"type":"Feature","properties":{},"geometry":{"type":"LineString","coordinates":[[85.33334008645599,27.700584899382832],[85.33333322668383,27.70057127944335]]}},{"type":"Feature","properties":{},"geometry":{"type":"LineString","coordinates":[[85.33340032389347,27.70057233811196],[85.33339781362207,27.700562165029073]]}},{"type":"Feature","properties":{},"geometry":{"type":"LineString","coordinates":[[85.3335788789608,27.7005055786781],[85.33357575927523,27.70049647139498]]}},{"type":"Feature","properties":{},"geometry":{"type":"LineString","coordinates":[[85.333679186388,27.700497499708096],[85.33368105300065,27.70048623397442]]}},{"type":"Feature","properties":{},"geometry":{"type":"LineString","coordinates":[[85.33348113573601,27.70071474331644],[85.33351029843655,27.700706515626692]]}},{"type":"Feature","properties":{},"geometry":{"type":"LineString","coordinates":[[85.33348532843797,27.7007267751463],[85.33347226809356,27.70072715404246]]}},{"type":"Feature","properties":{},"geometry":{"type":"LineString","coordinates":[[85.33348928882073,27.700735477378032],[85.33347602778629,27.700737185120733]]}},{"type":"Feature","properties":{},"geometry":{"type":"LineString","coordinates":[[85.33350873556986,27.700825586555553],[85.3335167045749,27.700850561289933]]}},{"type":"Feature","properties":{},"geometry":{"type":"LineString","coordinates":[[85.33341773470505,27.700853610073022],[85.33341396002476,27.70084263023232]]}},{"type":"Feature","properties":{},"geometry":{"type":"LineString","coordinates":[[85.33336302388288,27.70086948706172],[85.33337204832631,27.70091729188905]]}},{"type":"Feature","properties":{},"geometry":{"type":"LineString","coordinates":[[85.33336156164872,27.70087035486029],[85.33327208150043,27.70091761188681]]}},{"type":"Feature","properties":{},"geometry":{"type":"LineString","coordinates":[[85.33310127993475,27.701177647046094],[85.33309371470726,27.701165340837722]]}},{"type":"Feature","properties":{},"geometry":{"type":"LineString","coordinates":[[85.33311216072377,27.701172427739568],[85.33310508683873,27.70116108595639]]}},{"type":"Feature","properties":{},"geometry":{"type":"LineString","coordinates":[[85.33322790693116,27.701115873100363],[85.33322813150687,27.701104365578306]]}},{"type":"Feature","properties":{},"geometry":{"type":"LineString","coordinates":[[85.33323235050632,27.701115867031753],[85.33323859225648,27.701139861572955]]}},{"type":"Feature","properties":{},"geometry":{"type":"LineString","coordinates":[[85.33333435207639,27.701101239965798],[85.3333324850855,27.701090173881333]]}},{"type":"Feature","properties":{},"geometry":{"type":"LineString","coordinates":[[85.33336131057686,27.701096603197417],[85.3333627718008,27.70112342744084]]}},{"type":"Feature","properties":{},"geometry":{"type":"LineString","coordinates":[[85.33350897840229,27.70107460678404],[85.33350240202968,27.701064555338295]]}},{"type":"Feature","properties":{},"geometry":{"type":"LineString","coordinates":[[85.3335123540297,27.70107441185333],[85.33351383403772,27.701063432091033]]}},{"type":"Feature","properties":{},"geometry":{"type":"LineString","coordinates":[[85.33352972922732,27.701069888035303],[85.33353430290357,27.7010988247085]]}},{"type":"Feature","properties":{},"geometry":{"type":"LineString","coordinates":[[85.33361067750391,27.701056790769833],[85.3336292737217,27.701079887950577]]}},{"type":"Feature","properties":{},"geometry":{"type":"LineString","coordinates":[[85.33378899411665,27.70103046790239],[85.33378847528715,27.701016761842194]]}},{"type":"Feature","properties":{},"geometry":{"type":"LineString","coordinates":[[85.3338711406695,27.701016853302264],[85.33387328535285,27.701038879687943]]}},{"type":"Feature","properties":{},"geometry":{"type":"LineString","coordinates":[[85.33394444324409,27.701006616064785],[85.33394393963155,27.700995978859858]]}},{"type":"Feature","properties":{},"geometry":{"type":"LineString","coordinates":[[85.33401907067152,27.700996076130956],[85.33401351470405,27.701017377157132]]}},{"type":"Feature","properties":{},"geometry":{"type":"LineString","coordinates":[[85.33414223920511,27.700978558698015],[85.33413332363953,27.70096555486829]]}},{"type":"Feature","properties":{},"geometry":{"type":"LineString","coordinates":[[85.33425912055955,27.700960117107243],[85.3342509861821,27.700938674809258]]}},{"type":"Feature","properties":{},"geometry":{"type":"LineString","coordinates":[[85.33426470645271,27.700958741139683],[85.33425376732978,27.700880945927928]]}},{"type":"Feature","properties":{},"geometry":{"type":"LineString","coordinates":[[85.33426869648403,27.70095775121541],[85.33427918785638,27.700806847314166]]}},{"type":"Feature","properties":{},"geometry":{"type":"LineString","coordinates":[[85.3342776824957,27.70095643691698],[85.33428790529186,27.700977510829528]]}},{"type":"Feature","properties":{},"geometry":{"type":"LineString","coordinates":[[85.33441510464893,27.70091878876208],[85.33443442528912,27.700934925058082]]}},{"type":"Feature","properties":{},"geometry":{"type":"LineString","coordinates":[[85.33441908173063,27.700914444798833],[85.3344104736958,27.700909166007897]]}},{"type":"Feature","properties":{},"geometry":{"type":"LineString","coordinates":[[85.33442533856297,27.700906881788185],[85.33441529590567,27.700896446613292]]}},{"type":"Feature","properties":{},"geometry":{"type":"LineString","coordinates":[[85.33443855932377,27.700892402376418],[85.33445876702284,27.700908285796395]]}},{"type":"Feature","properties":{},"geometry":{"type":"LineString","coordinates":[[85.33389916164408,27.701623716273332],[85.33389766030757,27.701598656036545]]}},{"type":"Feature","properties":{},"geometry":{"type":"LineString","coordinates":[[85.33393775444907,27.70149331180416],[85.33391300239676,27.701492409207432]]}},{"type":"Feature","properties":{},"geometry":{"type":"LineString","coordinates":[[85.33393393950917,27.701445461397384],[85.33394393639641,27.701442822610364]]}},{"type":"Feature","properties":{},"geometry":{"type":"LineString","coordinates":[[85.33393259913352,27.701423555706587],[85.33394096414861,27.70142233775121]]}},{"type":"Feature","properties":{},"geometry":{"type":"LineString","coordinates":[[85.3339314993757,27.701396224069654],[85.33391141970013,27.70139907996693]]}},{"type":"Feature","properties":{},"geometry":{"type":"LineString","coordinates":[[85.33393062449939,27.701345612041052],[85.33390865210886,27.70131719795534]]}},{"type":"Feature","properties":{},"geometry":{"type":"LineString","coordinates":[[85.33393058073663,27.701342819022802],[85.33391460222248,27.701318014168766]]}},{"type":"Feature","properties":{},"geometry":{"type":"LineString","coordinates":[[85.3340348650834,27.701607287568837],[85.33403268892572,27.701632589658207]]}},{"type":"Feature","properties":{},"geometry":{"type":"LineString","coordinates":[[85.33404273938353,27.701607467168607],[85.33404260158886,27.7015961782125]]}},{"type":"Feature","properties":{},"geometry":{"type":"LineString","coordinates":[[85.33403641733253,27.70173233297269],[85.33402741248646,27.70173174535246]]}},{"type":"Feature","properties":{},"geometry":{"type":"LineString","coordinates":[[85.33404127954411,27.701771990892205],[85.33402965043565,27.70177980963669]]}},{"type":"Feature","properties":{},"geometry":{"type":"LineString","coordinates":[[85.33404116781306,27.701773939056885],[85.3340497189811,27.701779293001692]]}},{"type":"Feature","properties":{},"geometry":{"type":"LineString","coordinates":[[85.33404081789642,27.701775746264968],[85.33405037545198,27.701784273955443]]}},{"type":"Feature","properties":{},"geometry":{"type":"LineString","coordinates":[[85.33404129839295,27.70177755895358],[85.33404085864217,27.701799765431442]]}},{"type":"Feature","properties":{},"geometry":{"type":"LineString","coordinates":[[85.33423083505974,27.7015491721538],[85.33424208264537,27.701546307413572]]}},{"type":"Feature","properties":{},"geometry":{"type":"LineString","coordinates":[[85.33423942343396,27.701456606104713],[85.33421758133937,27.701459663769842]]}},{"type":"Feature","properties":{},"geometry":{"type":"LineString","coordinates":[[85.3342383735584,27.701396276010147],[85.3342538044955,27.701396450852727]]}},{"type":"Feature","properties":{},"geometry":{"type":"LineString","coordinates":[[85.3343074023979,27.70164253719613],[85.3342945783,27.70167101811896]]}},{"type":"Feature","properties":{},"geometry":{"type":"LineString","coordinates":[[85.3343255703462,27.70173430782684],[85.334332736384,27.70173478575579]]}},{"type":"Feature","properties":{},"geometry":{"type":"LineString","coordinates":[[85.3343255342031,27.701836033876674],[85.33430822564262,27.701870547643487]]}},{"type":"Feature","properties":{},"geometry":{"type":"LineString","coordinates":[[85.33444043362697,27.70169315892362],[85.33445278619158,27.701675359416058]]}},{"type":"Feature","properties":{},"geometry":{"type":"LineString","coordinates":[[85.33473605266822,27.70181690433831],[85.3347406224679,27.701861077795137]]}},{"type":"Feature","properties":{},"geometry":{"type":"LineString","coordinates":[[85.33474327504153,27.701745822381117],[85.33478082816778,27.701737321702705]]}},{"type":"Feature","properties":{},"geometry":{"type":"LineString","coordinates":[[85.33472119215692,27.701737087207142],[85.33473370288715,27.701717750726843]]}},{"type":"Feature","properties":{},"geometry":{"type":"LineString","coordinates":[[85.33469659914975,27.701732117060537],[85.33469109657011,27.701749907834635]]}},{"type":"Feature","properties":{},"geometry":{"type":"LineString","coordinates":[[85.33447859998314,27.701726207406733],[85.33448153393044,27.70173025815293]]}},{"type":"Feature","properties":{},"geometry":{"type":"LineString","coordinates":[[85.33456638179831,27.701413653266272],[85.33457595965601,27.70138037862391]]}},{"type":"Feature","properties":{},"geometry":{"type":"LineString","coordinates":[[85.3346663029712,27.701677278259787],[85.33464558108571,27.7016713384003]]}},{"type":"Feature","properties":{},"geometry":{"type":"LineString","coordinates":[[85.33469911473182,27.701591427020464],[85.33467918988174,27.701586422771292]]}},{"type":"Feature","properties":{},"geometry":{"type":"LineString","coordinates":[[85.33470905547371,27.701572451333465],[85.33470697455864,27.701534928024138]]}},{"type":"Feature","properties":{},"geometry":{"type":"LineString","coordinates":[[85.33456569543483,27.701719808273694],[85.33452402765866,27.701864104103976]]}},{"type":"Feature","properties":{},"geometry":{"type":"LineString","coordinates":[[85.33371566023874,27.70023931011443],[85.33370631873176,27.700252079785336]]}},{"type":"Feature","properties":{},"geometry":{"type":"LineString","coordinates":[[85.33377207999449,27.700452594914665],[85.33381396418137,27.700453136017664]]}},{"type":"Feature","properties":{},"geometry":{"type":"LineString","coordinates":[[85.33376930791196,27.7006140350846],[85.3337812792849,27.70061478387747]]}},{"type":"Feature","properties":{},"geometry":{"type":"LineString","coordinates":[[85.33380669818418,27.700752262164457],[85.3338170375308,27.700753242221495]]}},{"type":"Feature","properties":{},"geometry":{"type":"LineString","coordinates":[[85.33380918222937,27.70075855756779],[85.33377480268209,27.700768366076908]]}},{"type":"Feature","properties":{},"geometry":{"type":"LineString","coordinates":[[85.33381278801734,27.70077117891102],[85.33383307910101,27.700769885176154]]}},{"type":"Feature","properties":{},"geometry":{"type":"LineString","coordinates":[[85.33381308833243,27.700772770112046],[85.33383436632495,27.7007727942457]]}},{"type":"Feature","properties":{},"geometry":{"type":"LineString","coordinates":[[85.33381392214608,27.700774553659404],[85.33383565524015,27.70077505801189]]}},{"type":"Feature","properties":{},"geometry":{"type":"LineString","coordinates":[[85.33381410096078,27.700776533299994],[85.33383655458817,27.700776399195476]]}},{"type":"Feature","properties":{},"geometry":{"type":"LineString","coordinates":[[85.33381442148675,27.70077786210202],[85.33383651685351,27.700778215575795]]}},{"type":"Feature","properties":{},"geometry":{"type":"LineString","coordinates":[[85.3355891076122,27.70263701132442],[85.33559289416715,27.702635534247456]]}},{"type":"Feature","properties":{},"geometry":{"type":"LineString","coordinates":[[85.33555029746041,27.702568568175376],[85.33555785650535,27.702567409027917]]}},{"type":"Feature","properties":{},"geometry":{"type":"LineString","coordinates":[[85.33553911585955,27.70254763805871],[85.33554605347713,27.702544195206755]]}},{"type":"Feature","properties":{},"geometry":{"type":"LineString","coordinates":[[85.33547950819467,27.70243420087073],[85.3354912160709,27.70242900756898]]}},{"type":"Feature","properties":{},"geometry":{"type":"LineString","coordinates":[[85.33547863316804,27.702431722775362],[85.33548749981125,27.70242291398924]]}},{"type":"Feature","properties":{},"geometry":{"type":"LineString","coordinates":[[85.33541820829366,27.702335055060594],[85.33542593075434,27.702329475385486]]}},{"type":"Feature","properties":{},"geometry":{"type":"LineString","coordinates":[[85.3353835402403,27.702283478002546],[85.33537397683763,27.702254682647308]]}},{"type":"Feature","properties":{},"geometry":{"type":"LineString","coordinates":[[85.33538191545567,27.70228095839929],[85.33537700720713,27.702249311001477]]}},{"type":"Feature","properties":{},"geometry":{"type":"LineString","coordinates":[[85.33512075703449,27.701634432658278],[85.3351487018936,27.701647388194587]]}},{"type":"Feature","properties":{},"geometry":{"type":"LineString","coordinates":[[85.33508606903345,27.701733547893813],[85.33510037893177,27.70173857030021]]}},{"type":"Feature","properties":{},"geometry":{"type":"LineString","coordinates":[[85.33508020711662,27.701749630347784],[85.33509719825891,27.701755045118595]]}},{"type":"Feature","properties":{},"geometry":{"type":"LineString","coordinates":[[85.33504815883485,27.701824014932008],[85.3350214935525,27.701813537825398]]}},{"type":"Feature","properties":{},"geometry":{"type":"LineString","coordinates":[[85.33503177534445,27.701891788992544],[85.33498876907716,27.70188323182709]]}},{"type":"Feature","properties":{},"geometry":{"type":"LineString","coordinates":[[85.33503095227663,27.701894839643376],[85.33501018150866,27.7019016667328]]}},{"type":"Feature","properties":{},"geometry":{"type":"LineString","coordinates":[[85.33496879039096,27.7016148057769],[85.33497591929779,27.70159515363415]]}},{"type":"Feature","properties":{},"geometry":{"type":"LineString","coordinates":[[85.33494871812927,27.701607220302762],[85.33494216830518,27.701631609677783]]}},{"type":"Feature","properties":{},"geometry":{"type":"LineString","coordinates":[[85.33490493559,27.701593897335165],[85.33489459268078,27.70162139730529]]}},{"type":"Feature","properties":{},"geometry":{"type":"LineString","coordinates":[[85.33481565150011,27.701559454304473],[85.33482071901001,27.701542933595118]]}},{"type":"Feature","properties":{},"geometry":{"type":"LineString","coordinates":[[85.33480009324471,27.70155717775664],[85.33480122576144,27.701537219734842]]}},{"type":"Feature","properties":{},"geometry":{"type":"LineString","coordinates":[[85.33496120314774,27.70124753516817],[85.33495369870747,27.70125285118949]]}},{"type":"Feature","properties":{},"geometry":{"type":"LineString","coordinates":[[85.334914069097,27.7011996998693],[85.33490875578727,27.701207366310886]]}},{"type":"Feature","properties":{},"geometry":{"type":"LineString","coordinates":[[85.3349024023065,27.701188435605207],[85.3348959997687,27.70119511058023]]}},{"type":"Feature","properties":{},"geometry":{"type":"LineString","coordinates":[[85.33447083704696,27.70104904029908],[85.33445183180626,27.701167778671856]]}},{"type":"Feature","properties":{},"geometry":{"type":"LineString","coordinates":[[85.33429864696743,27.701070311276638],[85.334303489122,27.701088394378385]]}},{"type":"Feature","properties":{},"geometry":{"type":"LineString","coordinates":[[85.33428303888526,27.701082871105],[85.33428886416912,27.7011106666516]]}},{"type":"Feature","properties":{},"geometry":{"type":"LineString","coordinates":[[85.33418634836949,27.701099537563586],[85.33418872306741,27.701121712927176]]}},{"type":"Feature","properties":{},"geometry":{"type":"LineString","coordinates":[[85.33393010369751,27.701139860334063],[85.33392349030082,27.7011677543976]]}},{"type":"Feature","properties":{},"geometry":{"type":"LineString","coordinates":[[85.33392682902556,27.701140351623984],[85.33388753957085,27.7011575597458]]}},{"type":"Feature","properties":{},"geometry":{"type":"LineString","coordinates":[[85.33586485097422,27.702685056787104],[85.33582676699558,27.70268662429104]]}},{"type":"Feature","properties":{},"geometry":{"type":"LineString","coordinates":[[85.33579130939164,27.702538978436642],[85.33578236870792,27.702542176095818]]}},{"type":"Feature","properties":{},"geometry":{"type":"LineString","coordinates":[[85.33578513049785,27.70252516733029],[85.33577428986602,27.702531548009258]]}},{"type":"Feature","properties":{},"geometry":{"type":"LineString","coordinates":[[85.33567451849056,27.702287965778943],[85.33566853424578,27.70228899314051]]}},{"type":"Feature","properties":{},"geometry":{"type":"LineString","coordinates":[[85.33563833219401,27.70220753131757],[85.33562710369371,27.70221220962445]]}},{"type":"Feature","properties":{},"geometry":{"type":"LineString","coordinates":[[85.33559193128225,27.702113348225826],[85.33558077894207,27.70212323155366]]}},{"type":"Feature","properties":{},"geometry":{"type":"LineString","coordinates":[[85.33555315650145,27.702036705828576],[85.33554741303303,27.702037771279738]]}},{"type":"Feature","properties":{},"geometry":{"type":"LineString","coordinates":[[85.3355508213482,27.70203208376804],[85.33554514940253,27.702033982231047]]}},{"type":"Feature","properties":{},"geometry":{"type":"LineString","coordinates":[[85.33004425166006,27.704678142812597],[85.32951755706492,27.704836272897868]]}},{"type":"Feature","properties":{},"geometry":{"type":"LineString","coordinates":[[85.32851661249734,27.70505730679115],[85.32902891598734,27.70494967507746],[85.3292386741329,27.704884065421403]]}},{"type":"Feature","properties":{},"geometry":{"type":"LineString","coordinates":[[85.32851661249734,27.70505730679115],[85.32834187910906,27.70428705920014]]}},{"type":"Feature","properties":{},"geometry":{"type":"LineString","coordinates":[[85.32781591832394,27.705262854642882],[85.3276440700655,27.704668911633494]]}},{"type":"Feature","properties":{},"geometry":{"type":"LineString","coordinates":[[85.32747188198886,27.705159654352],[85.32675375470934,27.703868265826035]]}},{"type":"Feature","properties":{},"geometry":{"type":"LineString","coordinates":[[85.3291267721381,27.704940232387056],[85.32890590958313,27.70453993212033]]}},{"type":"Feature","properties":{},"geometry":{"type":"LineString","coordinates":[[85.33064374947621,27.70411207259215],[85.33056787012755,27.703897685627062]]}},{"type":"Feature","properties":{},"geometry":{"type":"LineString","coordinates":[[85.3299038476618,27.70468679214232],[85.33171964195009,27.70413158014221]]}},{"type":"Feature","properties":{},"geometry":{"type":"LineString","coordinates":[[85.33171964195009,27.70413158014221],[85.33159150910112,27.703842683015424]]}},{"type":"Feature","properties":{},"geometry":{"type":"LineString","coordinates":[[85.33267590408292,27.70385806880939],[85.33117272210626,27.704335060732184]]}},{"type":"Feature","properties":{},"geometry":{"type":"LineString","coordinates":[[85.33117272210626,27.704335060732184],[85.3309676458294,27.703739087952865]]}},{"type":"Feature","properties":{},"geometry":{"type":"LineString","coordinates":[[85.33143810890087,27.7033689657681],[85.33074770496417,27.703427688227613],[85.33042797192758,27.703408611795428]]}},{"type":"Feature","properties":{},"geometry":{"type":"LineString","coordinates":[[85.33267821430475,27.70385705509235],[85.33263756113102,27.703764330244244],[85.33247193327348,27.70355141377399],[85.33206466106746,27.703330073920835],[85.33132199046072,27.703372861357114]]}},{"type":"Feature","properties":{},"geometry":{"type":"LineString","coordinates":[[85.33064374947621,27.70411207259215],[85.33042596744139,27.704165285937083],[85.33039413104095,27.704093824390267],[85.33018892067074,27.704164988162194]]}},{"type":"Feature","properties":{},"geometry":{"type":"LineString","coordinates":[[85.33052306897766,27.70373197517132],[85.32987867483077,27.703920754868214]]}},{"type":"Feature","properties":{},"geometry":{"type":"LineString","coordinates":[[85.32930194557319,27.704255166662737],[85.32990468123657,27.704075298949466],[85.32993161100346,27.704059488070698],[85.32989717638819,27.703964492691526]]}},{"type":"Feature","properties":{},"geometry":{"type":"LineString","coordinates":[[85.32890590958313,27.70453993212033],[85.3292556376094,27.70443253717706]]}},{"type":"Feature","properties":{},"geometry":{"type":"LineString","coordinates":[[85.32930194557319,27.704255166662737],[85.32918733378281,27.703828741422292]]}},{"type":"Feature","properties":{},"geometry":{"type":"LineString","coordinates":[[85.32918733378281,27.703828741422292],[85.32915713968072,27.70380016420129],[85.3290960301402,27.703617851775952]]}},{"type":"Feature","properties":{},"geometry":{"type":"LineString","coordinates":[[85.3285791576788,27.703818355227693],[85.32889221208646,27.70372242835878]]}},{"type":"Feature","properties":{},"geometry":{"type":"LineString","coordinates":[[85.32840986032025,27.703937430344975],[85.32825782348425,27.703966399242187],[85.32780598003764,27.70397108914797]]}},{"type":"Feature","properties":{},"geometry":{"type":"LineString","coordinates":[[85.32854407652526,27.703560083349885],[85.32833531646357,27.70355331244421],[85.32814606264343,27.703615057333263]]}},{"type":"Feature","properties":{},"geometry":{"type":"LineString","coordinates":[[85.32840986032025,27.703937430344975],[85.32846479439152,27.704140689730874]]}},{"type":"Feature","properties":{},"geometry":{"type":"LineString","coordinates":[[85.33233770254014,27.702981916846376],[85.33191521679281,27.702829718196707],[85.33198005737343,27.70264468341979]]}},{"type":"Feature","properties":{},"geometry":{"type":"LineString","coordinates":[[85.33132199046072,27.703372861357114],[85.33139945188107,27.703631234735944]]}},{"type":"Feature","properties":{},"geometry":{"type":"LineString","coordinates":[[85.3322881845322,27.703445545971334],[85.33191876831472,27.703578749212124]]}},{"type":"Feature","properties":{},"geometry":{"type":"LineString","coordinates":[[85.33042797192758,27.703408611795428],[85.33031557530552,27.70329260621682],[85.33017872817045,27.703022630338257],[85.33009241479078,27.702988980055235]]}},{"type":"Feature","properties":{},"geometry":{"type":"LineString","coordinates":[[85.3310692842199,27.703393893164865],[85.33103816980056,27.703241729054888]]}},{"type":"Feature","properties":{},"geometry":{"type":"LineString","coordinates":[[85.32675375470934,27.703868265826035],[85.32718591448717,27.703707980388344],[85.32721542237744,27.703747735917556],[85.32728217231976,27.70376542738818],[85.32754944190853,27.703674964924705]]}},{"type":"Feature","properties":{},"geometry":{"type":"LineString","coordinates":[[85.32659301828228,27.703529406945027],[85.32704877078078,27.703392255106955]]}},{"type":"Feature","properties":{},"geometry":{"type":"LineString","coordinates":[[85.32643110912082,27.703130707391225],[85.3265529915833,27.70311688264106],[85.32660020816552,27.703157585234507],[85.32707964749076,27.702974748255233],[85.32721319908457,27.702983477826287],[85.32737368849317,27.70305306398492]]}},{"type":"Feature","properties":{},"geometry":{"type":"LineString","coordinates":[[85.32737368849317,27.70305306398492],[85.3275062628289,27.702965838734457],[85.32779165488192,27.702921423394585]]}},{"type":"Feature","properties":{},"geometry":{"type":"LineString","coordinates":[[85.33241677324024,27.703330660693656],[85.33274449915741,27.703288719840494],[85.33274276857969,27.70322239496187],[85.33294156873377,27.70322541822995]]}},{"type":"Feature","properties":{},"geometry":{"type":"LineString","coordinates":[[85.33238593578142,27.703152225127816],[85.33209225446635,27.703092316430155],[85.33184900845806,27.702994059032477]]}},{"type":"Feature","properties":{},"geometry":{"type":"LineString","coordinates":[[85.3324104099909,27.70299844022748],[85.33273183811443,27.70298041509276],[85.33274958904876,27.702865423776434]]}},{"type":"Feature","properties":{},"geometry":{"type":"LineString","coordinates":[[85.33294421089778,27.702856692427073],[85.33337588580913,27.702851806846766]]}},{"type":"Feature","properties":{},"geometry":{"type":"LineString","coordinates":[[85.33294421089778,27.702856692427073],[85.33293734504423,27.70305492799394],[85.33315367349071,27.703071845594035]]}},{"type":"Feature","properties":{},"geometry":{"type":"LineString","coordinates":[[85.33233770254014,27.702981916846376],[85.33240342934069,27.702767437810447]]}},{"type":"Feature","properties":{},"geometry":{"type":"LineString","coordinates":[[85.33233709069756,27.702515492382705],[85.33235668997337,27.70239453677215],[85.3324535745542,27.702413214230084]]}},{"type":"Feature","properties":{},"geometry":{"type":"LineString","coordinates":[[85.33246946408595,27.702595909381323],[85.33272980061005,27.70265501040535]]}},{"type":"Feature","properties":{},"geometry":{"type":"LineString","coordinates":[[85.33240342934069,27.702767437810447],[85.33216456700076,27.70270928263468]]}},{"type":"Feature","properties":{},"geometry":{"type":"LineString","coordinates":[[85.32869441212382,27.703309152268012],[85.32877559468957,27.70331515596602],[85.32894526226526,27.703284291840408],[85.32927150746309,27.70318684363333]]}},{"type":"Feature","properties":{},"geometry":{"type":"LineString","coordinates":[[85.32770119866382,27.705298509358286],[85.32769785305511,27.705291274725976]]}},{"type":"Feature","properties":{},"geometry":{"type":"LineString","coordinates":[[85.32778554964985,27.70514737674212],[85.32777562456664,27.705147802885552]]}},{"type":"Feature","properties":{},"geometry":{"type":"LineString","coordinates":[[85.32777915367325,27.705122258267323],[85.32779949330016,27.705116972255553]]}},{"type":"Feature","properties":{},"geometry":{"type":"LineString","coordinates":[[85.32776177146953,27.705065876369577],[85.32774890012266,27.70506719383644]]}},{"type":"Feature","properties":{},"geometry":{"type":"LineString","coordinates":[[85.32834256329384,27.70428954044607],[85.32833080254866,27.704287059015947]]}},{"type":"Feature","properties":{},"geometry":{"type":"LineString","coordinates":[[85.32834238573054,27.704287950718488],[85.32834341490538,27.70427052861183]]}},{"type":"Feature","properties":{},"geometry":{"type":"LineString","coordinates":[[85.328348958221,27.704318991121657],[85.32838115070608,27.70430707271887]]}},{"type":"Feature","properties":{},"geometry":{"type":"LineString","coordinates":[[85.32770921779465,27.704899491155235],[85.32774280990192,27.704902668696953]]}},{"type":"Feature","properties":{},"geometry":{"type":"LineString","coordinates":[[85.32766996443823,27.704751941236726],[85.32770724028258,27.704745763245622]]}},{"type":"Feature","properties":{},"geometry":{"type":"LineString","coordinates":[[85.32766325861503,27.704728059115286],[85.32764500591927,27.70473288475091]]}},{"type":"Feature","properties":{},"geometry":{"type":"LineString","coordinates":[[85.32764996939846,27.704685100616576],[85.32766719849201,27.70466593916808]]}},{"type":"Feature","properties":{},"geometry":{"type":"LineString","coordinates":[[85.32764818881648,27.704678776608475],[85.32765958406796,27.704651499363248]]}},{"type":"Feature","properties":{},"geometry":{"type":"LineString","coordinates":[[85.32795043496316,27.705223181640033],[85.32795721213562,27.70520754291113]]}},{"type":"Feature","properties":{},"geometry":{"type":"LineString","coordinates":[[85.32795164067346,27.70522318266573],[85.32796017952725,27.70520825927611]]}},{"type":"Feature","properties":{},"geometry":{"type":"LineString","coordinates":[[85.32803803709692,27.70519631942974],[85.32803570329143,27.705189764009372]]}},{"type":"Feature","properties":{},"geometry":{"type":"LineString","coordinates":[[85.328055344583,27.705190972387882],[85.32805271375697,27.705184742810488]]}},{"type":"Feature","properties":{},"geometry":{"type":"LineString","coordinates":[[85.32810691864881,27.705179091400424],[85.32810490330154,27.705170271722732]]}},{"type":"Feature","properties":{},"geometry":{"type":"LineString","coordinates":[[85.32816931938302,27.705159528692267],[85.32816509161269,27.705151688636377]]}},{"type":"Feature","properties":{},"geometry":{"type":"LineString","coordinates":[[85.32825656583415,27.705131578985803],[85.32825259432047,27.705126418986524]]}},{"type":"Feature","properties":{},"geometry":{"type":"LineString","coordinates":[[85.32832763965318,27.705113491016927],[85.32832315827224,27.705105989066233]]}},{"type":"Feature","properties":{},"geometry":{"type":"LineString","coordinates":[[85.32841888468076,27.705087325094862],[85.32841436041174,27.70507664926774]]}},{"type":"Feature","properties":{},"geometry":{"type":"LineString","coordinates":[[85.32849622928545,27.704971122678625],[85.32847364071753,27.704974932145035]]}},{"type":"Feature","properties":{},"geometry":{"type":"LineString","coordinates":[[85.3284932058003,27.704953397116686],[85.32852592679586,27.704947532145173]]}},{"type":"Feature","properties":{},"geometry":{"type":"LineString","coordinates":[[85.3284814388728,27.704920648650255],[85.3284654446495,27.704923801263877]]}},{"type":"Feature","properties":{},"geometry":{"type":"LineString","coordinates":[[85.32844470669853,27.704759510804095],[85.32843490883654,27.704760175000096]]}},{"type":"Feature","properties":{},"geometry":{"type":"LineString","coordinates":[[85.32842253359199,27.704649323443885],[85.32845522970085,27.704645484407553]]}},{"type":"Feature","properties":{},"geometry":{"type":"LineString","coordinates":[[85.3284194664922,27.704640314169588],[85.32845281670666,27.70463680524237]]}},{"type":"Feature","properties":{},"geometry":{"type":"LineString","coordinates":[[85.32860728381117,27.705037705271636],[85.32860352938556,27.705027083872906]]}},{"type":"Feature","properties":{},"geometry":{"type":"LineString","coordinates":[[85.32876916037576,27.704996504357712],[85.32876625846438,27.704986235321392]]}},{"type":"Feature","properties":{},"geometry":{"type":"LineString","coordinates":[[85.32890121558222,27.70496432794731],[85.32890127171629,27.704950729921336]]}},{"type":"Feature","properties":{},"geometry":{"type":"LineString","coordinates":[[85.3289303524276,27.704958557700895],[85.3289293844552,27.704953536869336]]}},{"type":"Feature","properties":{},"geometry":{"type":"LineString","coordinates":[[85.32918199974938,27.70489786456815],[85.32918081297578,27.704885173943772]]}},{"type":"Feature","properties":{},"geometry":{"type":"LineString","coordinates":[[85.32921446404741,27.704890807676605],[85.32920528572731,27.704878896067378]]}},{"type":"Feature","properties":{},"geometry":{"type":"LineString","coordinates":[[85.32931515590724,27.704862765953724],[85.32931358391922,27.70485672156415]]}},{"type":"Feature","properties":{},"geometry":{"type":"LineString","coordinates":[[85.32934878914716,27.704852597611005],[85.32934624634393,27.704846243663884]]}},{"type":"Feature","properties":{},"geometry":{"type":"LineString","coordinates":[[85.32944653926423,27.704826810955826],[85.32944376060377,27.70481863191747]]}},{"type":"Feature","properties":{},"geometry":{"type":"LineString","coordinates":[[85.32955987425447,27.704792185906463],[85.32955775526116,27.704779178972768]]}},{"type":"Feature","properties":{},"geometry":{"type":"LineString","coordinates":[[85.32962628327242,27.704771348659552],[85.32962360923884,27.704763356812006]]}},{"type":"Feature","properties":{},"geometry":{"type":"LineString","coordinates":[[85.32963689532603,27.704769692374175],[85.32963226363343,27.70476026983003]]}},{"type":"Feature","properties":{},"geometry":{"type":"LineString","coordinates":[[85.32969703277098,27.704752221736516],[85.32969691730587,27.704743425002373]]}},{"type":"Feature","properties":{},"geometry":{"type":"LineString","coordinates":[[85.32969685333958,27.704752550806933],[85.32969155841906,27.704746125750344]]}},{"type":"Feature","properties":{},"geometry":{"type":"LineString","coordinates":[[85.329791188959,27.704721303796777],[85.32978818822839,27.704712989410336]]}},{"type":"Feature","properties":{},"geometry":{"type":"LineString","coordinates":[[85.32982128169614,27.70471175599112],[85.32981761362825,27.704703979595745]]}},{"type":"Feature","properties":{},"geometry":{"type":"LineString","coordinates":[[85.32988695318674,27.704690999069427],[85.32988536962061,27.704684048386262]]}},{"type":"Feature","properties":{},"geometry":{"type":"LineString","coordinates":[[85.3298907547597,27.70469014328871],[85.32988957439267,27.704683085554056]]}},{"type":"Feature","properties":{},"geometry":{"type":"LineString","coordinates":[[85.3299011958895,27.70468745781952],[85.32990123897898,27.704680500587976]]}},{"type":"Feature","properties":{},"geometry":{"type":"LineString","coordinates":[[85.3299006923894,27.70468775861156],[85.32989888193714,27.704680723961737]]}},{"type":"Feature","properties":{},"geometry":{"type":"LineString","coordinates":[[85.32990000665667,27.704687373975275],[85.32989805909659,27.704680952307214]]}},{"type":"Feature","properties":{},"geometry":{"type":"LineString","coordinates":[[85.3298982935723,27.704687995019537],[85.32989766104596,27.704681120794216]]}},{"type":"Feature","properties":{},"geometry":{"type":"LineString","coordinates":[[85.329969479219,27.704666191742145],[85.32996948417374,27.704657476787105]]}},{"type":"Feature","properties":{},"geometry":{"type":"LineString","coordinates":[[85.33002585904676,27.70465001320227],[85.33002221111401,27.704641180169666]]}},{"type":"Feature","properties":{},"geometry":{"type":"LineString","coordinates":[[85.33003487852756,27.704647522671063],[85.33003055967443,27.704636466689035]]}},{"type":"Feature","properties":{},"geometry":{"type":"LineString","coordinates":[[85.33003458122204,27.704647668005013],[85.33002935734858,27.70463657673602]]}},{"type":"Feature","properties":{},"geometry":{"type":"LineString","coordinates":[[85.33003334714674,27.7046478652163],[85.33002818566936,27.704637337890695]]}},{"type":"Feature","properties":{},"geometry":{"type":"LineString","coordinates":[[85.33003187891632,27.704648455821832],[85.33002773091525,27.70463770064465]]}},{"type":"Feature","properties":{},"geometry":{"type":"LineString","coordinates":[[85.33003839042418,27.704646510860762],[85.33003401177112,27.704638316140873]]}},{"type":"Feature","properties":{},"geometry":{"type":"LineString","coordinates":[[85.33012664997987,27.704619167848698],[85.3301234819885,27.704608783710746]]}},{"type":"Feature","properties":{},"geometry":{"type":"LineString","coordinates":[[85.33013218696144,27.704618954852236],[85.33012562894778,27.70459951515818]]}},{"type":"Feature","properties":{},"geometry":{"type":"LineString","coordinates":[[85.33013408250041,27.704618938006316],[85.33012742575664,27.704598590059355]]}},{"type":"Feature","properties":{},"geometry":{"type":"LineString","coordinates":[[85.33015979540549,27.704611124337738],[85.33015656854944,27.704596814303756]]}},{"type":"Feature","properties":{},"geometry":{"type":"LineString","coordinates":[[85.33018670081442,27.704601847576093],[85.33018473281426,27.704592571804266]]}},{"type":"Feature","properties":{},"geometry":{"type":"LineString","coordinates":[[85.3302327752384,27.7045888281115],[85.33022681637038,27.7045783218609]]}},{"type":"Feature","properties":{},"geometry":{"type":"LineString","coordinates":[[85.3302771345805,27.70457496211107],[85.33027048490587,27.70456000879234]]}},{"type":"Feature","properties":{},"geometry":{"type":"LineString","coordinates":[[85.33028239118225,27.704574115747153],[85.33028462231344,27.704553391246492]]}},{"type":"Feature","properties":{},"geometry":{"type":"LineString","coordinates":[[85.3304097707517,27.70453374137373],[85.33040444421115,27.704519400604486]]}},{"type":"Feature","properties":{},"geometry":{"type":"LineString","coordinates":[[85.33046697739444,27.704515599649003],[85.33046286127038,27.704502082164453]]}},{"type":"Feature","properties":{},"geometry":{"type":"LineString","coordinates":[[85.33047715043418,27.704512937075858],[85.33047350568172,27.704498697821876]]}},{"type":"Feature","properties":{},"geometry":{"type":"LineString","coordinates":[[85.33053771202427,27.704493166970234],[85.33053415731155,27.704483137391076]]}},{"type":"Feature","properties":{},"geometry":{"type":"LineString","coordinates":[[85.33053913016087,27.704492536042856],[85.33053523009023,27.704483077222566]]}},{"type":"Feature","properties":{},"geometry":{"type":"LineString","coordinates":[[85.33054111911471,27.704491445381606],[85.3305383375102,27.70448172296767]]}},{"type":"Feature","properties":{},"geometry":{"type":"LineString","coordinates":[[85.33061686522159,27.704467612775733],[85.33061403921843,27.70445994041982]]}},{"type":"Feature","properties":{},"geometry":{"type":"LineString","coordinates":[[85.32907859586132,27.704833028248526],[85.3291237798412,27.704812509061682]]}},{"type":"Feature","properties":{},"geometry":{"type":"LineString","coordinates":[[85.32907771760482,27.704830371373788],[85.32912436812636,27.704810437592407]]}},{"type":"Feature","properties":{},"geometry":{"type":"LineString","coordinates":[[85.32906676311082,27.704811775699795],[85.32905231215325,27.704816336936393]]}},{"type":"Feature","properties":{},"geometry":{"type":"LineString","coordinates":[[85.32904270856454,27.70477057911202],[85.32902843943099,27.704775519806535]]}},{"type":"Feature","properties":{},"geometry":{"type":"LineString","coordinates":[[85.32904104802635,27.704767818026408],[85.32902744212423,27.704773421977304]]}},{"type":"Feature","properties":{},"geometry":{"type":"LineString","coordinates":[[85.32902721084209,27.70474554396223],[85.32906737444576,27.704723742139347]]}},{"type":"Feature","properties":{},"geometry":{"type":"LineString","coordinates":[[85.3290037704989,27.704703638158577],[85.32904150832051,27.704685105876546]]}},{"type":"Feature","properties":{},"geometry":{"type":"LineString","coordinates":[[85.33159729680759,27.70385311494426],[85.33158244011953,27.703848233601065]]}},{"type":"Feature","properties":{},"geometry":{"type":"LineString","coordinates":[[85.33163074454305,27.703928290697654],[85.33163684131948,27.70392427382162]]}},{"type":"Feature","properties":{},"geometry":{"type":"LineString","coordinates":[[85.33166239866442,27.704001986306825],[85.33165119850517,27.704005179023266]]}},{"type":"Feature","properties":{},"geometry":{"type":"LineString","coordinates":[[85.33166712158027,27.704011754661835],[85.33167435031159,27.704008920228404]]}},{"type":"Feature","properties":{},"geometry":{"type":"LineString","coordinates":[[85.33169400095697,27.704069759656203],[85.33170041311905,27.704066742090884]]}},{"type":"Feature","properties":{},"geometry":{"type":"LineString","coordinates":[[85.33167712987071,27.704143559085615],[85.33167123185358,27.704130778298616]]}},{"type":"Feature","properties":{},"geometry":{"type":"LineString","coordinates":[[85.3316325179794,27.70415698386423],[85.33162629928364,27.704145018725697]]}},{"type":"Feature","properties":{},"geometry":{"type":"LineString","coordinates":[[85.33152524498774,27.70418776214428],[85.33152136235493,27.704179418208042]]}},{"type":"Feature","properties":{},"geometry":{"type":"LineString","coordinates":[[85.33147717698373,27.704204663353366],[85.33147182171778,27.7041929351556]]}},{"type":"Feature","properties":{},"geometry":{"type":"LineString","coordinates":[[85.3313500151493,27.70424390595379],[85.33134412305297,27.7042316712679]]}},{"type":"Feature","properties":{},"geometry":{"type":"LineString","coordinates":[[85.33134852999,27.704244277050115],[85.331342843765,27.70423204123562]]}},{"type":"Feature","properties":{},"geometry":{"type":"LineString","coordinates":[[85.33134656807927,27.704244990783657],[85.33134083523925,27.704232886179422]]}},{"type":"Feature","properties":{},"geometry":{"type":"LineString","coordinates":[[85.33129836744615,27.70426214123883],[85.33129758244038,27.70425595201895]]}},{"type":"Feature","properties":{},"geometry":{"type":"LineString","coordinates":[[85.33125519292442,27.70427346493568],[85.33124282744053,27.704268070251498]]}},{"type":"Feature","properties":{},"geometry":{"type":"LineString","coordinates":[[85.33112101175608,27.704316429655762],[85.33111457878276,27.704306420445075]]}},{"type":"Feature","properties":{},"geometry":{"type":"LineString","coordinates":[[85.33110265956346,27.70432100996466],[85.33109877760681,27.704310291417958]]}},{"type":"Feature","properties":{},"geometry":{"type":"LineString","coordinates":[[85.33106117107346,27.704333486626023],[85.33105658442665,27.704322296574357]]}},{"type":"Feature","properties":{},"geometry":{"type":"LineString","coordinates":[[85.33100105727466,27.704351563767958],[85.33099212900851,27.704337670580273]]}},{"type":"Feature","properties":{},"geometry":{"type":"LineString","coordinates":[[85.33096054517,27.704363915885505],[85.33095605947557,27.70434922515609]]}},{"type":"Feature","properties":{},"geometry":{"type":"LineString","coordinates":[[85.3309455363338,27.704367895674178],[85.33094195096191,27.704350284319116]]}},{"type":"Feature","properties":{},"geometry":{"type":"LineString","coordinates":[[85.330861398886,27.704393535273056],[85.33085808068687,27.704383688160437]]}},{"type":"Feature","properties":{},"geometry":{"type":"LineString","coordinates":[[85.33183330914855,27.704095424654756],[85.33182971955459,27.704084881133866]]}},{"type":"Feature","properties":{},"geometry":{"type":"LineString","coordinates":[[85.33183532038439,27.70409446782008],[85.33183077593664,27.704084565335986]]}},{"type":"Feature","properties":{},"geometry":{"type":"LineString","coordinates":[[85.33197344598591,27.704051418145156],[85.3319630596623,27.704026974691452]]}},{"type":"Feature","properties":{},"geometry":{"type":"LineString","coordinates":[[85.33205781262522,27.704025344681845],[85.33205441792,27.704015854082275]]}},{"type":"Feature","properties":{},"geometry":{"type":"LineString","coordinates":[[85.33212241080142,27.704005830989423],[85.33212060123628,27.70399692899899]]}},{"type":"Feature","properties":{},"geometry":{"type":"LineString","coordinates":[[85.33212531200827,27.704004831622882],[85.33212199193707,27.70399650079798]]}},{"type":"Feature","properties":{},"geometry":{"type":"LineString","coordinates":[[85.3322082278591,27.703978532096343],[85.33220159896682,27.703968797655634]]}},{"type":"Feature","properties":{},"geometry":{"type":"LineString","coordinates":[[85.33221041107898,27.703978068315212],[85.33220378986358,27.70396762907565]]}},{"type":"Feature","properties":{},"geometry":{"type":"LineString","coordinates":[[85.33227229889636,27.703958403662483],[85.3322707120615,27.703951458377386]]}},{"type":"Feature","properties":{},"geometry":{"type":"LineString","coordinates":[[85.33227433988547,27.70395795712034],[85.33227342780125,27.70395078530137]]}},{"type":"Feature","properties":{},"geometry":{"type":"LineString","coordinates":[[85.33227599091148,27.703957214356464],[85.33227324962189,27.70394963240368]]}},{"type":"Feature","properties":{},"geometry":{"type":"LineString","coordinates":[[85.33227779483987,27.703956486070346],[85.33227436167225,27.70395025682739]]}},{"type":"Feature","properties":{},"geometry":{"type":"LineString","coordinates":[[85.33239985157209,27.703918691061027],[85.33239579479739,27.703909124801953]]}},{"type":"Feature","properties":{},"geometry":{"type":"LineString","coordinates":[[85.33240118447462,27.70391792911996],[85.33239751504365,27.703908764649047]]}},{"type":"Feature","properties":{},"geometry":{"type":"LineString","coordinates":[[85.33240273932445,27.70391750921133],[85.33239904694324,27.70390838688384]]}},{"type":"Feature","properties":{},"geometry":{"type":"LineString","coordinates":[[85.33240412481096,27.7039167569292],[85.33240040825022,27.70390809100068]]}},{"type":"Feature","properties":{},"geometry":{"type":"LineString","coordinates":[[85.33250561558219,27.7038916196344],[85.33249956994474,27.703877137599935]]}},{"type":"Feature","properties":{},"geometry":{"type":"LineString","coordinates":[[85.3326524111837,27.703847815375536],[85.33264874963892,27.703841799099916]]}},{"type":"Feature","properties":{},"geometry":{"type":"LineString","coordinates":[[85.33263756113102,27.703764330244244],[85.3326230679594,27.703769951851537]]}},{"type":"Feature","properties":{},"geometry":{"type":"LineString","coordinates":[[85.33258587627097,27.70369420413068],[85.33257380533573,27.703701048982953]]}},{"type":"Feature","properties":{},"geometry":{"type":"LineString","coordinates":[[85.3325667829476,27.70366504019964],[85.33255165663611,27.70367382122128]]}},{"type":"Feature","properties":{},"geometry":{"type":"LineString","coordinates":[[85.3309676458294,27.703739087952865],[85.33096409043362,27.703705916102123]]}},{"type":"Feature","properties":{},"geometry":{"type":"LineString","coordinates":[[85.33096781937587,27.70373954493027],[85.3310892477804,27.70370006927822]]}},{"type":"Feature","properties":{},"geometry":{"type":"LineString","coordinates":[[85.33097756066238,27.70376531103265],[85.33098377248727,27.703761597927024]]}},{"type":"Feature","properties":{},"geometry":{"type":"LineString","coordinates":[[85.33112695857254,27.704196935199324],[85.33113117644285,27.704195576267043]]}},{"type":"Feature","properties":{},"geometry":{"type":"LineString","coordinates":[[85.33111509219115,27.70415141736396],[85.33110533293583,27.704154213136356]]}},{"type":"Feature","properties":{},"geometry":{"type":"LineString","coordinates":[[85.33109138450568,27.704082656012677],[85.33108343070772,27.704085290332955]]}},{"type":"Feature","properties":{},"geometry":{"type":"LineString","coordinates":[[85.33108397118897,27.704058972186775],[85.33108927648271,27.70405772293852]]}},{"type":"Feature","properties":{},"geometry":{"type":"LineString","coordinates":[[85.33108302034113,27.70405595162305],[85.33108855091776,27.704054758341286]]}},{"type":"Feature","properties":{},"geometry":{"type":"LineString","coordinates":[[85.33107676282955,27.704039411872703],[85.3310667507265,27.704043497045262]]}},{"type":"Feature","properties":{},"geometry":{"type":"LineString","coordinates":[[85.33105050160025,27.703962467901473],[85.33103857709189,27.703965547139113]]}},{"type":"Feature","properties":{},"geometry":{"type":"LineString","coordinates":[[85.3310232655269,27.703885548274393],[85.33102713785343,27.70388517166547]]}},{"type":"Feature","properties":{},"geometry":{"type":"LineString","coordinates":[[85.33102207312098,27.703882142116917],[85.33102660339661,27.703880577562444]]}},{"type":"Feature","properties":{},"geometry":{"type":"LineString","coordinates":[[85.33102138061817,27.703879204091905],[85.33100807909149,27.703884877800913]]}},{"type":"Feature","properties":{},"geometry":{"type":"LineString","coordinates":[[85.33102026017323,27.70387719955891],[85.33100754231492,27.70388116907098]]}},{"type":"Feature","properties":{},"geometry":{"type":"LineString","coordinates":[[85.33071975771752,27.704360244400164],[85.33073058651692,27.70435806896911]]}},{"type":"Feature","properties":{},"geometry":{"type":"LineString","coordinates":[[85.33068288796674,27.704228385886736],[85.33069399895048,27.704225925045197]]}},{"type":"Feature","properties":{},"geometry":{"type":"LineString","coordinates":[[85.33065185129354,27.70413242260092],[85.33066684696303,27.704129905717117]]}},{"type":"Feature","properties":{},"geometry":{"type":"LineString","coordinates":[[85.33063471439459,27.704085882664195],[85.33064783404576,27.704082167136697]]}},{"type":"Feature","properties":{},"geometry":{"type":"LineString","coordinates":[[85.33060419351743,27.70400273727769],[85.33062147649716,27.70399971277047]]}},{"type":"Feature","properties":{},"geometry":{"type":"LineString","coordinates":[[85.33060709201015,27.704119219157473],[85.33060498124335,27.704108262024032]]}},{"type":"Feature","properties":{},"geometry":{"type":"LineString","coordinates":[[85.33031165392596,27.704121047801674],[85.33031443010698,27.704129126611964]]}},{"type":"Feature","properties":{},"geometry":{"type":"LineString","coordinates":[[85.33028988346962,27.704129083248564],[85.3302852766088,27.704120025654007]]}},{"type":"Feature","properties":{},"geometry":{"type":"LineString","coordinates":[[85.3302876821713,27.704129801299857],[85.33028383168127,27.704120551560056]]}},{"type":"Feature","properties":{},"geometry":{"type":"LineString","coordinates":[[85.33027212395719,27.70413523110386],[85.330275836386,27.70414375804176]]}},{"type":"Feature","properties":{},"geometry":{"type":"LineString","coordinates":[[85.3302019043442,27.70416074755898],[85.33017797156711,27.704158682649396]]}},{"type":"Feature","properties":{},"geometry":{"type":"LineString","coordinates":[[85.3301983875042,27.704162085134712],[85.33018081179551,27.704175607217643]]}},{"type":"Feature","properties":{},"geometry":{"type":"LineString","coordinates":[[85.33068462147641,27.703848719587302],[85.330689131021,27.703855911328844]]}},{"type":"Feature","properties":{},"geometry":{"type":"LineString","coordinates":[[85.33072049251811,27.70383367432995],[85.33073452462692,27.703818910857397]]}},{"type":"Feature","properties":{},"geometry":{"type":"LineString","coordinates":[[85.33067840518704,27.703851326099493],[85.33068314614921,27.70385863706077]]}},{"type":"Feature","properties":{},"geometry":{"type":"LineString","coordinates":[[85.33072384304234,27.703832269751217],[85.3307375738366,27.70382177892429]]}},{"type":"Feature","properties":{},"geometry":{"type":"LineString","coordinates":[[85.33072731399972,27.70383081427679],[85.33074060445011,27.703824403078517]]}},{"type":"Feature","properties":{},"geometry":{"type":"LineString","coordinates":[[85.33055590509944,27.70383102163275],[85.33057010794593,27.703826959057622]]}},{"type":"Feature","properties":{},"geometry":{"type":"LineString","coordinates":[[85.3305564949659,27.703833373569896],[85.33052213072249,27.703847690547857]]}},{"type":"Feature","properties":{},"geometry":{"type":"LineString","coordinates":[[85.33052734196785,27.703737985335326],[85.33055138216733,27.703726127847194]]}},{"type":"Feature","properties":{},"geometry":{"type":"LineString","coordinates":[[85.33047121143098,27.703566379964645],[85.33048075197043,27.703563494050535]]}},{"type":"Feature","properties":{},"geometry":{"type":"LineString","coordinates":[[85.33050139448076,27.70366357580371],[85.33051304119886,27.703660091627015]]}},{"type":"Feature","properties":{},"geometry":{"type":"LineString","coordinates":[[85.3302788708589,27.703797686829056],[85.33028720094809,27.703822619145964]]}},{"type":"Feature","properties":{},"geometry":{"type":"LineString","coordinates":[[85.33018093886425,27.703827099263457],[85.33017768770321,27.70381558503375]]}},{"type":"Feature","properties":{},"geometry":{"type":"LineString","coordinates":[[85.33000963808206,27.703884666058446],[85.33000280598556,27.703874771121043]]}},{"type":"Feature","properties":{},"geometry":{"type":"LineString","coordinates":[[85.32994993238829,27.70390298594316],[85.3299439894671,27.703891170274872]]}},{"type":"Feature","properties":{},"geometry":{"type":"LineString","coordinates":[[85.32979672187612,27.70372654384451],[85.32978736570328,27.70368190278929]]}},{"type":"Feature","properties":{},"geometry":{"type":"LineString","coordinates":[[85.32979753282274,27.703729359654446],[85.3297838429415,27.703682964103397]]}},{"type":"Feature","properties":{},"geometry":{"type":"LineString","coordinates":[[85.32983637246238,27.70383746357812],[85.32982477317675,27.703841892335248]]}},{"type":"Feature","properties":{},"geometry":{"type":"LineString","coordinates":[[85.32985732351318,27.7038783003823],[85.32984474565123,27.703884394270933]]}},{"type":"Feature","properties":{},"geometry":{"type":"LineString","coordinates":[[85.32988847904643,27.70394184027539],[85.32986922737757,27.703948220082957]]}},{"type":"Feature","properties":{},"geometry":{"type":"LineString","coordinates":[[85.33019597573055,27.70416310660984],[85.33007673469527,27.704193536313177]]}},{"type":"Feature","properties":{},"geometry":{"type":"LineString","coordinates":[[85.32888668827252,27.704511038735628],[85.3288534084961,27.704525499245342]]}},{"type":"Feature","properties":{},"geometry":{"type":"LineString","coordinates":[[85.32888521300478,27.70450783222066],[85.32885439313785,27.704523969578815]]}},{"type":"Feature","properties":{},"geometry":{"type":"LineString","coordinates":[[85.32905265779642,27.704494056228008],[85.32905879529547,27.70451193128639]]}},{"type":"Feature","properties":{},"geometry":{"type":"LineString","coordinates":[[85.3292004524324,27.704448178365165],[85.32920606683861,27.70446471313671]]}},{"type":"Feature","properties":{},"geometry":{"type":"LineString","coordinates":[[85.32923599132553,27.704436123252897],[85.32925442875157,27.70443287638599]]}},{"type":"Feature","properties":{},"geometry":{"type":"LineString","coordinates":[[85.32904096479491,27.70433732735017],[85.32903685546566,27.70432816741711]]}},{"type":"Feature","properties":{},"geometry":{"type":"LineString","coordinates":[[85.32904284777501,27.70433686992357],[85.32903864713109,27.704327912864375]]}},{"type":"Feature","properties":{},"geometry":{"type":"LineString","coordinates":[[85.32910312010812,27.704324978017052],[85.32907632323709,27.704365463313525]]}},{"type":"Feature","properties":{},"geometry":{"type":"LineString","coordinates":[[85.32910589155375,27.70432431109189],[85.3291082162377,27.704363013376035]]}},{"type":"Feature","properties":{},"geometry":{"type":"LineString","coordinates":[[85.32916446580175,27.704308328165386],[85.32916135593273,27.704289810035526]]}},{"type":"Feature","properties":{},"geometry":{"type":"LineString","coordinates":[[85.32916687753108,27.704307842822246],[85.32916519930644,27.70428853960644]]}},{"type":"Feature","properties":{},"geometry":{"type":"LineString","coordinates":[[85.32918014364463,27.704303903567094],[85.32919113125541,27.704340157100848]]}},{"type":"Feature","properties":{},"geometry":{"type":"LineString","coordinates":[[85.32918103316902,27.704303624585414],[85.32918671290282,27.704324057352835],[85.32921366191958,27.70432356581646]]}},{"type":"Feature","properties":{},"geometry":{"type":"LineString","coordinates":[[85.32928941455687,27.704259844964135],[85.32931574100027,27.70428550627754]]}},{"type":"Feature","properties":{},"geometry":{"type":"LineString","coordinates":[[85.32923624906756,27.7040359108519],[85.32921300117907,27.704039413745132]]}},{"type":"Feature","properties":{},"geometry":{"type":"LineString","coordinates":[[85.3292305926242,27.70401115425447],[85.32923599394441,27.70400999288162]]}},{"type":"Feature","properties":{},"geometry":{"type":"LineString","coordinates":[[85.32921089255927,27.703944864332374],[85.32917494318177,27.703953322344216]]}},{"type":"Feature","properties":{},"geometry":{"type":"LineString","coordinates":[[85.32914293848783,27.703760922345783],[85.32915678728988,27.703767985878866]]}},{"type":"Feature","properties":{},"geometry":{"type":"LineString","coordinates":[[85.3291021143088,27.703634965340555],[85.32907951069241,27.70364503932746]]}},{"type":"Feature","properties":{},"geometry":{"type":"LineString","coordinates":[[85.32909839151696,27.70362472972356],[85.3290660536089,27.703586447671707]]}},{"type":"Feature","properties":{},"geometry":{"type":"LineString","coordinates":[[85.32935787874614,27.703785860937064],[85.32939501768475,27.703781320756196]]}},{"type":"Feature","properties":{},"geometry":{"type":"LineString","coordinates":[[85.32935983226706,27.70378529875884],[85.32939577562477,27.703779893947566]]}},{"type":"Feature","properties":{},"geometry":{"type":"LineString","coordinates":[[85.32946684451501,27.704201327765485],[85.3294647050484,27.704192262014903]]}},{"type":"Feature","properties":{},"geometry":{"type":"LineString","coordinates":[[85.32972113854778,27.704125920574945],[85.32971988587364,27.70411988274951]]}},{"type":"Feature","properties":{},"geometry":{"type":"LineString","coordinates":[[85.32983104239577,27.70409747243801],[85.32982939768179,27.704090742140828]]}},{"type":"Feature","properties":{},"geometry":{"type":"LineString","coordinates":[[85.32985184288327,27.704091271074606],[85.32986200822921,27.70411774183894]]}},{"type":"Feature","properties":{},"geometry":{"type":"LineString","coordinates":[[85.32882038386946,27.704278819327946],[85.32879083819218,27.704282815625692]]}},{"type":"Feature","properties":{},"geometry":{"type":"LineString","coordinates":[[85.32881849319133,27.704272262950965],[85.32879100276467,27.704277606295136]]}},{"type":"Feature","properties":{},"geometry":{"type":"LineString","coordinates":[[85.32879595013789,27.7042012345713],[85.3288447484842,27.70419605459928]]}},{"type":"Feature","properties":{},"geometry":{"type":"LineString","coordinates":[[85.3287751472592,27.704156753109945],[85.32882103049823,27.70413977412912]]}},{"type":"Feature","properties":{},"geometry":{"type":"LineString","coordinates":[[85.32873539969935,27.704090918767776],[85.32871428254585,27.704099197415815]]}},{"type":"Feature","properties":{},"geometry":{"type":"LineString","coordinates":[[85.3287276052278,27.70407417985672],[85.32876552809158,27.70406212476311]]}},{"type":"Feature","properties":{},"geometry":{"type":"LineString","coordinates":[[85.32870379230478,27.704040501657165],[85.32868355283891,27.704051673638663]]}},{"type":"Feature","properties":{},"geometry":{"type":"LineString","coordinates":[[85.32870133189563,27.704036330154786],[85.32868049827987,27.704046232296527]]}},{"type":"Feature","properties":{},"geometry":{"type":"LineString","coordinates":[[85.32867073868697,27.703984775434567],[85.32865589346278,27.703993255253085]]}},{"type":"Feature","properties":{},"geometry":{"type":"LineString","coordinates":[[85.32865393963466,27.70394839483842],[85.32877193998755,27.703903497065127]]}},{"type":"Feature","properties":{},"geometry":{"type":"LineString","coordinates":[[85.3284410503473,27.70393059741467],[85.32843725105059,27.703917600863694]]}},{"type":"Feature","properties":{},"geometry":{"type":"LineString","coordinates":[[85.3283945013463,27.703940828899118],[85.32839007904664,27.70392872195749]]}},{"type":"Feature","properties":{},"geometry":{"type":"LineString","coordinates":[[85.32837836642123,27.703943508678],[85.32837665223235,27.703936219752197]]}},{"type":"Feature","properties":{},"geometry":{"type":"LineString","coordinates":[[85.32858026851842,27.703823781225978],[85.32855414814107,27.70382606698727]]}},{"type":"Feature","properties":{},"geometry":{"type":"LineString","coordinates":[[85.32857587640979,27.70380822872238],[85.32862157440086,27.70379334960302]]}},{"type":"Feature","properties":{},"geometry":{"type":"LineString","coordinates":[[85.32856348564661,27.70375041616592],[85.32854562160784,27.703754372050376]]}},{"type":"Feature","properties":{},"geometry":{"type":"LineString","coordinates":[[85.32808377379668,27.703968874037145],[85.32808338323224,27.70395924002725]]}},{"type":"Feature","properties":{},"geometry":{"type":"LineString","coordinates":[[85.32841887036797,27.703968619317227],[85.32844493225276,27.703965383395005]]}},{"type":"Feature","properties":{},"geometry":{"type":"LineString","coordinates":[[85.32845219913273,27.70408604986516],[85.32843607474624,27.70408198322479]]}},{"type":"Feature","properties":{},"geometry":{"type":"LineString","coordinates":[[85.3284544206,27.704094586822812],[85.328479038711,27.70409586064636]]}},{"type":"Feature","properties":{},"geometry":{"type":"LineString","coordinates":[[85.32845582630696,27.704105947933375],[85.32847378004955,27.704145672899678]]}},{"type":"Feature","properties":{},"geometry":{"type":"LineString","coordinates":[[85.32845606430398,27.704106899386048],[85.32846224526592,27.704144667169274]]}},{"type":"Feature","properties":{},"geometry":{"type":"LineString","coordinates":[[85.3279670008596,27.70396563957526],[85.32795647850662,27.703958889576423]]}},{"type":"Feature","properties":{},"geometry":{"type":"LineString","coordinates":[[85.32796463750188,27.703966278012583],[85.32784280191997,27.70396400668869]]}},{"type":"Feature","properties":{},"geometry":{"type":"LineString","coordinates":[[85.32796241963482,27.703966485886344],[85.32780454384014,27.703988265351416]]}},{"type":"Feature","properties":{},"geometry":{"type":"LineString","coordinates":[[85.32884864437034,27.70373473304336],[85.32889205856908,27.703724117882366]]}},{"type":"Feature","properties":{},"geometry":{"type":"LineString","coordinates":[[85.32876727358232,27.703761819064006],[85.3287721685671,27.703772588708723]]}},{"type":"Feature","properties":{},"geometry":{"type":"LineString","coordinates":[[85.32874858834397,27.703765497003626],[85.32874708045493,27.703756048064875]]}},{"type":"Feature","properties":{},"geometry":{"type":"LineString","coordinates":[[85.32874913653606,27.70376565705524],[85.32875228620931,27.703774105934784]]}},{"type":"Feature","properties":{},"geometry":{"type":"LineString","coordinates":[[85.3288486107752,27.703734741663276],[85.32886956220001,27.7037218949957]]}},{"type":"Feature","properties":{},"geometry":{"type":"LineString","coordinates":[[85.32854562473702,27.70369794924301],[85.32859493274155,27.703692582360375]]}},{"type":"Feature","properties":{},"geometry":{"type":"LineString","coordinates":[[85.3285362615924,27.70365852296278],[85.32858582650164,27.703649605849655]]}},{"type":"Feature","properties":{},"geometry":{"type":"LineString","coordinates":[[85.32849617607684,27.703560993277172],[85.32849581861298,27.703575862967043]]}},{"type":"Feature","properties":{},"geometry":{"type":"LineString","coordinates":[[85.32850965939326,27.70355996381658],[85.3285048469541,27.703533202895755]]}},{"type":"Feature","properties":{},"geometry":{"type":"LineString","coordinates":[[85.32841545050204,27.703558793756606],[85.32842569309912,27.703519566306504]]}},{"type":"Feature","properties":{},"geometry":{"type":"LineString","coordinates":[[85.32833531646357,27.70355331244421],[85.32833140401861,27.70352911389258]]}},{"type":"Feature","properties":{},"geometry":{"type":"LineString","coordinates":[[85.32824149416889,27.703586317433903],[85.32825518862329,27.703619664121035]]}},{"type":"Feature","properties":{},"geometry":{"type":"LineString","coordinates":[[85.32823100129585,27.703589874017513],[85.32822121606337,27.70357149096353]]}},{"type":"Feature","properties":{},"geometry":{"type":"LineString","coordinates":[[85.3282265558089,27.703590731002677],[85.32821573017604,27.703574275863772]]}},{"type":"Feature","properties":{},"geometry":{"type":"LineString","coordinates":[[85.32818783627005,27.703603234825962],[85.32819127167127,27.703578637634482]]}},{"type":"Feature","properties":{},"geometry":{"type":"LineString","coordinates":[[85.32816246003871,27.70360965866263],[85.32813917204253,27.703598369922897]]}},{"type":"Feature","properties":{},"geometry":{"type":"LineString","coordinates":[[85.3326126836969,27.703731492768178],[85.33263347459065,27.703720439657122]]}},{"type":"Feature","properties":{},"geometry":{"type":"LineString","coordinates":[[85.3325244134718,27.703614907642127],[85.33255258458101,27.703600390102384]]}},{"type":"Feature","properties":{},"geometry":{"type":"LineString","coordinates":[[85.33243788261296,27.703529125785547],[85.3323757608092,27.703561327732206]]}},{"type":"Feature","properties":{},"geometry":{"type":"LineString","coordinates":[[85.33243663585078,27.703528824658438],[85.33237522957161,27.703560119136046]]}},{"type":"Feature","properties":{},"geometry":{"type":"LineString","coordinates":[[85.33243525855774,27.70352803819214],[85.33237463776358,27.703559426068768]]}},{"type":"Feature","properties":{},"geometry":{"type":"LineString","coordinates":[[85.33234131382257,27.703477349268397],[85.3323244710483,27.703487643019926]]}},{"type":"Feature","properties":{},"geometry":{"type":"LineString","coordinates":[[85.33232372138654,27.703466523345824],[85.33230571216788,27.70348143673422]]}},{"type":"Feature","properties":{},"geometry":{"type":"LineString","coordinates":[[85.33224119189725,27.703414036809022],[85.33222892805144,27.703431699978527]]}},{"type":"Feature","properties":{},"geometry":{"type":"LineString","coordinates":[[85.33206466106746,27.703330073920835],[85.33206121312077,27.70333808582958]]}},{"type":"Feature","properties":{},"geometry":{"type":"LineString","coordinates":[[85.33194492810121,27.70356899919895],[85.33191253712174,27.70358853809313],[85.3319408384921,27.70363866016015]]}},{"type":"Feature","properties":{},"geometry":{"type":"LineString","coordinates":[[85.33194354993427,27.703569203717024],[85.33190288432132,27.703568207368182]]}},{"type":"Feature","properties":{},"geometry":{"type":"LineString","coordinates":[[85.33194711572796,27.703568445219833],[85.33193917603235,27.703579755972708]]}},{"type":"Feature","properties":{},"geometry":{"type":"LineString","coordinates":[[85.33194867152318,27.703567896262967],[85.33188273899627,27.703542618307473]]}},{"type":"Feature","properties":{},"geometry":{"type":"LineString","coordinates":[[85.3321348371228,27.703505780362207],[85.33213657332152,27.703510771622806]]}},{"type":"Feature","properties":{},"geometry":{"type":"LineString","coordinates":[[85.33214419161277,27.70336824157463],[85.33216558910367,27.703329503804923]]}},{"type":"Feature","properties":{},"geometry":{"type":"LineString","coordinates":[[85.3320431131643,27.703324028946934],[85.3320544627746,27.703292803894723]]}},{"type":"Feature","properties":{},"geometry":{"type":"LineString","coordinates":[[85.33197083735251,27.703327718660677],[85.33197071513844,27.703360486968204]]}},{"type":"Feature","properties":{},"geometry":{"type":"LineString","coordinates":[[85.33195441457619,27.70332893326345],[85.33194881174707,27.7032882131007]]}},{"type":"Feature","properties":{},"geometry":{"type":"LineString","coordinates":[[85.33195258363824,27.70332917113565],[85.33194565380376,27.70328822559126]]}},{"type":"Feature","properties":{},"geometry":{"type":"LineString","coordinates":[[85.33188007866465,27.703331793031627],[85.33186856621145,27.703291924060295]]}},{"type":"Feature","properties":{},"geometry":{"type":"LineString","coordinates":[[85.33186234105656,27.703331981826185],[85.33186171756982,27.70334730412178]]}},{"type":"Feature","properties":{},"geometry":{"type":"LineString","coordinates":[[85.33183041866168,27.70333411977429],[85.33183191012091,27.703349932369015]]}},{"type":"Feature","properties":{},"geometry":{"type":"LineString","coordinates":[[85.33179389433467,27.703338935178856],[85.33179644714848,27.70335310438508]]}},{"type":"Feature","properties":{},"geometry":{"type":"LineString","coordinates":[[85.33168120712891,27.703348319307985],[85.33168639026813,27.703372360715694]]}},{"type":"Feature","properties":{},"geometry":{"type":"LineString","coordinates":[[85.33167736675732,27.703347863267588],[85.331672263461,27.70331057519614]]}},{"type":"Feature","properties":{},"geometry":{"type":"LineString","coordinates":[[85.33164195713843,27.70335046096271],[85.33164522755412,27.703363851796162]]}},{"type":"Feature","properties":{},"geometry":{"type":"LineString","coordinates":[[85.3316054663143,27.703350807294427],[85.3316018001959,27.703322367991685]]}},{"type":"Feature","properties":{},"geometry":{"type":"LineString","coordinates":[[85.33160007639452,27.703351422856564],[85.33158458775908,27.703322563982685]]}},{"type":"Feature","properties":{},"geometry":{"type":"LineString","coordinates":[[85.33148223715595,27.703363780906336],[85.33155649227595,27.703534191877335]]}},{"type":"Feature","properties":{},"geometry":{"type":"LineString","coordinates":[[85.33127741592483,27.70337785215478],[85.33127837650595,27.70334484756462]]}},{"type":"Feature","properties":{},"geometry":{"type":"LineString","coordinates":[[85.33127747679794,27.703377850180935],[85.33128076794083,27.70334482765457]]}},{"type":"Feature","properties":{},"geometry":{"type":"LineString","coordinates":[[85.33133550246093,27.70343112135629],[85.33134330840521,27.70343120281441]]}},{"type":"Feature","properties":{},"geometry":{"type":"LineString","coordinates":[[85.33134975364788,27.703472658798468],[85.33132734099983,27.70348139337126]]}},{"type":"Feature","properties":{},"geometry":{"type":"LineString","coordinates":[[85.3313929332637,27.703617391376987],[85.33139898750073,27.703617169219626]]}},{"type":"Feature","properties":{},"geometry":{"type":"LineString","coordinates":[[85.33139861309648,27.703629179447876],[85.33141249484285,27.703657812288476]]}},{"type":"Feature","properties":{},"geometry":{"type":"LineString","coordinates":[[85.3313979685746,27.70362761929353],[85.33138043169059,27.70363700562021]]}},{"type":"Feature","properties":{},"geometry":{"type":"LineString","coordinates":[[85.3310255477173,27.70339832176763],[85.33102842575258,27.70342476326249]]}},{"type":"Feature","properties":{},"geometry":{"type":"LineString","coordinates":[[85.33098224968194,27.703401991183416],[85.33098544128815,27.70335645903212]]}},{"type":"Feature","properties":{},"geometry":{"type":"LineString","coordinates":[[85.33094922684735,27.703431123552793],[85.33094810170503,27.70340664186794]]}},{"type":"Feature","properties":{},"geometry":{"type":"LineString","coordinates":[[85.33092473332464,27.70340834572372],[85.33092831631551,27.703434773155873]]}},{"type":"Feature","properties":{},"geometry":{"type":"LineString","coordinates":[[85.33091226980652,27.70341013232045],[85.3309048612165,27.703369087098956]]}},{"type":"Feature","properties":{},"geometry":{"type":"LineString","coordinates":[[85.33085133568548,27.70341797905294],[85.33085365149248,27.703435319681613]]}},{"type":"Feature","properties":{},"geometry":{"type":"LineString","coordinates":[[85.33083066479838,27.703419408551238],[85.3308353246887,27.703442838064802]]}},{"type":"Feature","properties":{},"geometry":{"type":"LineString","coordinates":[[85.33082593673329,27.703419711658384],[85.33081728136267,27.703378435690436]]}},{"type":"Feature","properties":{},"geometry":{"type":"LineString","coordinates":[[85.33068059833933,27.703425872670056],[85.33068654791482,27.70339861792366]]}},{"type":"Feature","properties":{},"geometry":{"type":"LineString","coordinates":[[85.33064424140844,27.70342841355711],[85.3306487177245,27.70345590594486]]}},{"type":"Feature","properties":{},"geometry":{"type":"LineString","coordinates":[[85.33049978617315,27.70341999170599],[85.3305042378517,27.70337962742392]]}},{"type":"Feature","properties":{},"geometry":{"type":"LineString","coordinates":[[85.33049616175632,27.703419605026],[85.3305004486761,27.703376075321184]]}},{"type":"Feature","properties":{},"geometry":{"type":"LineString","coordinates":[[85.33026410317245,27.70318451340211],[85.33022952051492,27.70320366263659]]}},{"type":"Feature","properties":{},"geometry":{"type":"LineString","coordinates":[[85.33029828371713,27.70325444454764],[85.33031198821577,27.703248941834687]]}},{"type":"Feature","properties":{},"geometry":{"type":"LineString","coordinates":[[85.33031657997181,27.703291757302434],[85.33028833474756,27.70330713361599]]}},{"type":"Feature","properties":{},"geometry":{"type":"LineString","coordinates":[[85.33034131435099,27.70332481366502],[85.33036228542393,27.703317520386165]]}},{"type":"Feature","properties":{},"geometry":{"type":"LineString","coordinates":[[85.33038850199668,27.70338150513095],[85.33035428524542,27.703404858370497]]}},{"type":"Feature","properties":{},"geometry":{"type":"LineString","coordinates":[[85.3304067802362,27.703391897315484],[85.33039866006452,27.703353110694753]]}},{"type":"Feature","properties":{},"geometry":{"type":"LineString","coordinates":[[85.33117527160732,27.703386245601898],[85.33117737454474,27.703399919309096]]}},{"type":"Feature","properties":{},"geometry":{"type":"LineString","coordinates":[[85.33117187643107,27.703386654141728],[85.33117502434091,27.70339976191209]]}},{"type":"Feature","properties":{},"geometry":{"type":"LineString","coordinates":[[85.3311697795837,27.703386906848824],[85.33117213390119,27.703401453644403]]}},{"type":"Feature","properties":{},"geometry":{"type":"LineString","coordinates":[[85.3310531704399,27.703306507187126],[85.33106574171588,27.703303569320493]]}},{"type":"Feature","properties":{},"geometry":{"type":"LineString","coordinates":[[85.33104370159784,27.703262907285744],[85.33103531929498,27.70326178544304]]}},{"type":"Feature","properties":{},"geometry":{"type":"LineString","coordinates":[[85.33103869972065,27.703244822163445],[85.33105316624969,27.703242883706043]]}},{"type":"Feature","properties":{},"geometry":{"type":"LineString","coordinates":[[85.33103857848567,27.703243193404848],[85.33103177706461,27.703172578054417]]}},{"type":"Feature","properties":{},"geometry":{"type":"LineString","coordinates":[[85.33075138960496,27.70342471814301],[85.33072692990145,27.70333377021979]]}},{"type":"Feature","properties":{},"geometry":{"type":"LineString","coordinates":[[85.33074968073699,27.703424997183287],[85.33071725509116,27.70329811386269]]}},{"type":"Feature","properties":{},"geometry":{"type":"LineString","coordinates":[[85.33074838814706,27.703425175644877],[85.33069938724653,27.703299198071953]]}},{"type":"Feature","properties":{},"geometry":{"type":"LineString","coordinates":[[85.33074691570201,27.703425444900294],[85.3306866974615,27.703209197145807]]}},{"type":"Feature","properties":{},"geometry":{"type":"LineString","coordinates":[[85.3274812783461,27.705180928132524],[85.32749329780006,27.70517529524203]]}},{"type":"Feature","properties":{},"geometry":{"type":"LineString","coordinates":[[85.32741275444336,27.705058759755968],[85.32742240699136,27.705054992721145]]}},{"type":"Feature","properties":{},"geometry":{"type":"LineString","coordinates":[[85.32738037010675,27.704991159280095],[85.32738464179116,27.70498813862068]]}},{"type":"Feature","properties":{},"geometry":{"type":"LineString","coordinates":[[85.3273720121765,27.70497606876467],[85.3273780747012,27.704974577000513]]}},{"type":"Feature","properties":{},"geometry":{"type":"LineString","coordinates":[[85.32735290975226,27.704940401184203],[85.327358430995,27.704937830652767]]}},{"type":"Feature","properties":{},"geometry":{"type":"LineString","coordinates":[[85.32722895020636,27.7047286329603],[85.32727440447854,27.704703442452377]]}},{"type":"Feature","properties":{},"geometry":{"type":"LineString","coordinates":[[85.3272154619759,27.7047019224051],[85.32722694938293,27.704699655027746]]}},{"type":"Feature","properties":{},"geometry":{"type":"LineString","coordinates":[[85.32712363225286,27.70454719803132],[85.3271448378043,27.704537458573057]]}},{"type":"Feature","properties":{},"geometry":{"type":"LineString","coordinates":[[85.32711335180845,27.704531171791672],[85.32713063299589,27.704520431818402]]}},{"type":"Feature","properties":{},"geometry":{"type":"LineString","coordinates":[[85.3269199988658,27.704185760092518],[85.32693017561634,27.704180530979066]]}},{"type":"Feature","properties":{},"geometry":{"type":"LineString","coordinates":[[85.32691863443904,27.70418247096106],[85.32692893164563,27.704178385929872]]}},{"type":"Feature","properties":{},"geometry":{"type":"LineString","coordinates":[[85.32677988513296,27.703918358120635],[85.32679730907618,27.7039064321579]]}},{"type":"Feature","properties":{},"geometry":{"type":"LineString","coordinates":[[85.326778950852,27.703916187029403],[85.32679793817628,27.703905409954135]]}},{"type":"Feature","properties":{},"geometry":{"type":"LineString","coordinates":[[85.32702950239917,27.703762983228806],[85.32705272556304,27.703783567618803]]}},{"type":"Feature","properties":{},"geometry":{"type":"LineString","coordinates":[[85.3271750670446,27.703714835030755],[85.32717751650276,27.70369937870266]]}},{"type":"Feature","properties":{},"geometry":{"type":"LineString","coordinates":[[85.32717837818353,27.703713688192188],[85.32723145439542,27.703692703603732]]}},{"type":"Feature","properties":{},"geometry":{"type":"LineString","coordinates":[[85.32718033580609,27.703711062868646],[85.327223881349,27.703686860149627]]}},{"type":"Feature","properties":{},"geometry":{"type":"LineString","coordinates":[[85.3271840476366,27.703708643765793],[85.3272445311451,27.70367757786362]]}},{"type":"Feature","properties":{},"geometry":{"type":"LineString","coordinates":[[85.32718591448717,27.703707980388344],[85.32725408162186,27.703661681154962]]}},{"type":"Feature","properties":{},"geometry":{"type":"LineString","coordinates":[[85.32724466169329,27.703763019201457],[85.32723321628006,27.703789995260532]]}},{"type":"Feature","properties":{},"geometry":{"type":"LineString","coordinates":[[85.32751056922945,27.703687928809522],[85.32751066065948,27.703679473935914]]}},{"type":"Feature","properties":{},"geometry":{"type":"LineString","coordinates":[[85.32751998734702,27.70368363364757],[85.32751769889833,27.703676634713226]]}},{"type":"Feature","properties":{},"geometry":{"type":"LineString","coordinates":[[85.32752827999525,27.70368125814654],[85.32754839982569,27.703696151397452]]}},{"type":"Feature","properties":{},"geometry":{"type":"LineString","coordinates":[[85.32753149035322,27.70367940519126],[85.32755014425575,27.703674192705588]]}},{"type":"Feature","properties":{},"geometry":{"type":"LineString","coordinates":[[85.32666429205105,27.70350407656104],[85.32667300345487,27.703522770751434]]}},{"type":"Feature","properties":{},"geometry":{"type":"LineString","coordinates":[[85.32667745077794,27.703498933150176],[85.32668511762826,27.703520158094975]]}},{"type":"Feature","properties":{},"geometry":{"type":"LineString","coordinates":[[85.32684408826739,27.703450181692272],[85.32685600060785,27.703488378921463]]}},{"type":"Feature","properties":{},"geometry":{"type":"LineString","coordinates":[[85.32697136316652,27.703412667585017],[85.32707042560163,27.703381833339154]]}},{"type":"Feature","properties":{},"geometry":{"type":"LineString","coordinates":[[85.3269707062042,27.703414054082657],[85.32698989256093,27.703443398567423]]}},{"type":"Feature","properties":{},"geometry":{"type":"LineString","coordinates":[[85.32696921687055,27.703414166952545],[85.32701766804911,27.703511420874825]]}},{"type":"Feature","properties":{},"geometry":{"type":"LineString","coordinates":[[85.32658620279912,27.703511866562064],[85.32660127169858,27.703504683024015]]}},{"type":"Feature","properties":{},"geometry":{"type":"LineString","coordinates":[[85.32684694006143,27.70306972878132],[85.32684192609518,27.703063448717955]]}},{"type":"Feature","properties":{},"geometry":{"type":"LineString","coordinates":[[85.32684878700714,27.7030689072215],[85.32684364062827,27.703062732058548]]}},{"type":"Feature","properties":{},"geometry":{"type":"LineString","coordinates":[[85.3268509308117,27.703067304934965],[85.32684433090505,27.70306215284247]]}},{"type":"Feature","properties":{},"geometry":{"type":"LineString","coordinates":[[85.32687324150528,27.703053437972567],[85.32686418345304,27.70303440114833]]}},{"type":"Feature","properties":{},"geometry":{"type":"LineString","coordinates":[[85.3270104221588,27.702997577391574],[85.32702728949747,27.703030168291054]]}},{"type":"Feature","properties":{},"geometry":{"type":"LineString","coordinates":[[85.32703298048004,27.7029874174543],[85.32702511499596,27.702974358190644]]}},{"type":"Feature","properties":{},"geometry":{"type":"LineString","coordinates":[[85.32703442168022,27.70298706933919],[85.32702696575132,27.702973486131683]]}},{"type":"Feature","properties":{},"geometry":{"type":"LineString","coordinates":[[85.32705418537405,27.702978233058],[85.32704588650945,27.7029632046123]]}},{"type":"Feature","properties":{},"geometry":{"type":"LineString","coordinates":[[85.3271921298774,27.70298017802906],[85.32718305050373,27.703010332574863]]}},{"type":"Feature","properties":{},"geometry":{"type":"LineString","coordinates":[[85.3271945383431,27.702980569957425],[85.32718479294913,27.703011641567564]]}},{"type":"Feature","properties":{},"geometry":{"type":"LineString","coordinates":[[85.32719701368177,27.702981164864735],[85.32718677905417,27.703011735063946]]}},{"type":"Feature","properties":{},"geometry":{"type":"LineString","coordinates":[[85.32722636211268,27.70298835089692],[85.32723207259109,27.702974897014176]]}},{"type":"Feature","properties":{},"geometry":{"type":"LineString","coordinates":[[85.32721319908457,27.702983477826287],[85.32720519419053,27.70301226355555]]}},{"type":"Feature","properties":{},"geometry":{"type":"LineString","coordinates":[[85.3272536317426,27.702999725803444],[85.32726045834629,27.702987956023765]]}},{"type":"Feature","properties":{},"geometry":{"type":"LineString","coordinates":[[85.32725629948938,27.703001002653828],[85.32726419393974,27.702988963279548]]}},{"type":"Feature","properties":{},"geometry":{"type":"LineString","coordinates":[[85.32763177286816,27.702945590088298],[85.32764056335574,27.70296003778388]]}},{"type":"Feature","properties":{},"geometry":{"type":"LineString","coordinates":[[85.327675734464,27.702939561447337],[85.32767989612469,27.70293197976958]]}},{"type":"Feature","properties":{},"geometry":{"type":"LineString","coordinates":[[85.32776800939153,27.7029254113326],[85.32778017906521,27.702916692602276]]}},{"type":"Feature","properties":{},"geometry":{"type":"LineString","coordinates":[[85.32776603751914,27.70292578102406],[85.32777913984647,27.702916880414666]]}},{"type":"Feature","properties":{},"geometry":{"type":"LineString","coordinates":[[85.32776402515564,27.70292581357566],[85.32779548348262,27.70294266600134]]}},{"type":"Feature","properties":{},"geometry":{"type":"LineString","coordinates":[[85.32684877373059,27.703068913378882],[85.32686668481891,27.703094038394482]]}},{"type":"Feature","properties":{},"geometry":{"type":"LineString","coordinates":[[85.32767543561876,27.70293960837987],[85.32768018138329,27.702930629392476]]}},{"type":"Feature","properties":{},"geometry":{"type":"LineString","coordinates":[[85.32741351283872,27.703073961717987],[85.32742126407064,27.703064197734392]]}},{"type":"Feature","properties":{},"geometry":{"type":"LineString","coordinates":[[85.32751704783006,27.70316254234112],[85.32748660735159,27.703176489890705]]}},{"type":"Feature","properties":{},"geometry":{"type":"LineString","coordinates":[[85.32755585371565,27.703255211942047],[85.3275650125108,27.703250829705528]]}},{"type":"Feature","properties":{},"geometry":{"type":"LineString","coordinates":[[85.32757343070631,27.703301857719367],[85.32751302772903,27.703332915724012]]}},{"type":"Feature","properties":{},"geometry":{"type":"LineString","coordinates":[[85.32759173029592,27.703334701424204],[85.32760131957757,27.703332146632125]]}},{"type":"Feature","properties":{},"geometry":{"type":"LineString","coordinates":[[85.32761382092136,27.70338426822155],[85.32763077770578,27.703428829734925]]}},{"type":"Feature","properties":{},"geometry":{"type":"LineString","coordinates":[[85.3276131588806,27.703382863077998],[85.32763298354276,27.70342867858137]]}},{"type":"Feature","properties":{},"geometry":{"type":"LineString","coordinates":[[85.32761250832264,27.703381436412016],[85.32763395048819,27.703428176712745]]}},{"type":"Feature","properties":{},"geometry":{"type":"LineString","coordinates":[[85.32635007494045,27.702921118980278],[85.3263690308602,27.702915579969762]]}},{"type":"Feature","properties":{},"geometry":{"type":"LineString","coordinates":[[85.32655938008305,27.70311854384168],[85.32656282884847,27.70310651665428]]}},{"type":"Feature","properties":{},"geometry":{"type":"LineString","coordinates":[[85.32656168737103,27.703118721556542],[85.32656397133825,27.70310680484006]]}},{"type":"Feature","properties":{},"geometry":{"type":"LineString","coordinates":[[85.3324608038969,27.703480802290382],[85.332453579265,27.70346936659875]]}},{"type":"Feature","properties":{},"geometry":{"type":"LineString","coordinates":[[85.33249297076988,27.703443382853845],[85.33252481367857,27.703428868030525]]}},{"type":"Feature","properties":{},"geometry":{"type":"LineString","coordinates":[[85.33247766577183,27.70341350098773],[85.3324869783506,27.703401728387565]]}},{"type":"Feature","properties":{},"geometry":{"type":"LineString","coordinates":[[85.33252088103535,27.703308770679445],[85.33251996710408,27.70330271980601]]}},{"type":"Feature","properties":{},"geometry":{"type":"LineString","coordinates":[[85.33260106435797,27.70329981477602],[85.33260085019232,27.703303896235255]]}},{"type":"Feature","properties":{},"geometry":{"type":"LineString","coordinates":[[85.33260331486069,27.703299393315863],[85.33259891439873,27.70329369034928]]}},{"type":"Feature","properties":{},"geometry":{"type":"LineString","coordinates":[[85.33264932173282,27.703294164820665],[85.33264859054343,27.703303772684432]]}},{"type":"Feature","properties":{},"geometry":{"type":"LineString","coordinates":[[85.3327108040347,27.703290336629436],[85.33270947651185,27.703283275334776]]}},{"type":"Feature","properties":{},"geometry":{"type":"LineString","coordinates":[[85.33280840070884,27.70322421161395],[85.33281349486467,27.703217036318435]]}},{"type":"Feature","properties":{},"geometry":{"type":"LineString","coordinates":[[85.33280908707971,27.70322362058696],[85.33283617521067,27.703217029674708]]}},{"type":"Feature","properties":{},"geometry":{"type":"LineString","coordinates":[[85.33281108489778,27.70322374483061],[85.33285229128984,27.70322471492949]]}},{"type":"Feature","properties":{},"geometry":{"type":"LineString","coordinates":[[85.3323892615116,27.70328835077452],[85.33236820050192,27.703291830910764]]}},{"type":"Feature","properties":{},"geometry":{"type":"LineString","coordinates":[[85.33238548178618,27.703281239178303],[85.33236554702317,27.70328847756135]]}},{"type":"Feature","properties":{},"geometry":{"type":"LineString","coordinates":[[85.33237873940138,27.703241826633178],[85.33239899553577,27.703240394613072]]}},{"type":"Feature","properties":{},"geometry":{"type":"LineString","coordinates":[[85.33237882039805,27.703221296402056],[85.33239162828963,27.703224735071764]]}},{"type":"Feature","properties":{},"geometry":{"type":"LineString","coordinates":[[85.33233068099425,27.703149841035934],[85.33233081085714,27.70317497590944]]}},{"type":"Feature","properties":{},"geometry":{"type":"LineString","coordinates":[[85.33237665696129,27.702985665982926],[85.33237185095328,27.703000565145906]]}},{"type":"Feature","properties":{},"geometry":{"type":"LineString","coordinates":[[85.33225789660355,27.702959670582768],[85.33225588612095,27.702970448079867]]}},{"type":"Feature","properties":{},"geometry":{"type":"LineString","coordinates":[[85.33220443029946,27.702934709041493],[85.33220973167579,27.702923778047236]]}},{"type":"Feature","properties":{},"geometry":{"type":"LineString","coordinates":[[85.33217545702418,27.702923768552502],[85.3321677753448,27.702941588912886]]}},{"type":"Feature","properties":{},"geometry":{"type":"LineString","coordinates":[[85.33215638686227,27.702916766962808],[85.33214442283658,27.70293605562185]]}},{"type":"Feature","properties":{},"geometry":{"type":"LineString","coordinates":[[85.33247660952617,27.702995609417275],[85.33247599152853,27.702974364970785]]}},{"type":"Feature","properties":{},"geometry":{"type":"LineString","coordinates":[[85.33248339524074,27.702994961895893],[85.33248225415332,27.703008718356475]]}},{"type":"Feature","properties":{},"geometry":{"type":"LineString","coordinates":[[85.3325227492506,27.702996640842404],[85.33252228688796,27.703012510225687]]}},{"type":"Feature","properties":{},"geometry":{"type":"LineString","coordinates":[[85.33256086694958,27.702992263216114],[85.33255702793565,27.702973511624663]]}},{"type":"Feature","properties":{},"geometry":{"type":"LineString","coordinates":[[85.3325759688574,27.702989749203326],[85.33257790802,27.70301160434393]]}},{"type":"Feature","properties":{},"geometry":{"type":"LineString","coordinates":[[85.33260940517006,27.70298834142624],[85.33260737421,27.702965653931525]]}},{"type":"Feature","properties":{},"geometry":{"type":"LineString","coordinates":[[85.33263824704468,27.702989320603407],[85.33263839918834,27.703015129050105]]}},{"type":"Feature","properties":{},"geometry":{"type":"LineString","coordinates":[[85.33272969009427,27.702980499333247],[85.33274928149389,27.70297242912103]]}},{"type":"Feature","properties":{},"geometry":{"type":"LineString","coordinates":[[85.33273183811443,27.70298041509276],[85.33274975029234,27.702974609912893]]}},{"type":"Feature","properties":{},"geometry":{"type":"LineString","coordinates":[[85.33274812731361,27.702873193374025],[85.33272435234929,27.702867565739954]]}},{"type":"Feature","properties":{},"geometry":{"type":"LineString","coordinates":[[85.33272761676702,27.70270213964027],[85.3327180892146,27.702692574288836]]}},{"type":"Feature","properties":{},"geometry":{"type":"LineString","coordinates":[[85.33273169591654,27.702762859091145],[85.33276716467725,27.702762760983514]]}},{"type":"Feature","properties":{},"geometry":{"type":"LineString","coordinates":[[85.33273285008549,27.702793795261552],[85.33276396497993,27.702794468745868]]}},{"type":"Feature","properties":{},"geometry":{"type":"LineString","coordinates":[[85.33273632631823,27.702813666154942],[85.33271221565994,27.702810510171094]]}},{"type":"Feature","properties":{},"geometry":{"type":"LineString","coordinates":[[85.33284598580363,27.702858457259083],[85.33284955622248,27.702872067391585]]}},{"type":"Feature","properties":{},"geometry":{"type":"LineString","coordinates":[[85.33292149763409,27.70286033687418],[85.33292040295176,27.70284789738079]]}},{"type":"Feature","properties":{},"geometry":{"type":"LineString","coordinates":[[85.33297916649317,27.702856199989743],[85.33297871043756,27.702864254270946]]}},{"type":"Feature","properties":{},"geometry":{"type":"LineString","coordinates":[[85.33306598950317,27.702858780732367],[85.33306772171757,27.702867171841344]]}},{"type":"Feature","properties":{},"geometry":{"type":"LineString","coordinates":[[85.33313537461821,27.70285831563959],[85.33313776373451,27.702866920439043]]}},{"type":"Feature","properties":{},"geometry":{"type":"LineString","coordinates":[[85.33321159021382,27.70285712587414],[85.3332357919353,27.702867702733688]]}},{"type":"Feature","properties":{},"geometry":{"type":"LineString","coordinates":[[85.33294160400082,27.70295100189469],[85.3329488096859,27.702951678033525]]}},{"type":"Feature","properties":{},"geometry":{"type":"LineString","coordinates":[[85.33294014490879,27.70295432917458],[85.33292800036583,27.70295321539062]]}},{"type":"Feature","properties":{},"geometry":{"type":"LineString","coordinates":[[85.33293902652304,27.703012356901695],[85.33294788598175,27.703013309280415]]}},{"type":"Feature","properties":{},"geometry":{"type":"LineString","coordinates":[[85.33293734504423,27.70305492799394],[85.33292000040764,27.703062088442532]]}},{"type":"Feature","properties":{},"geometry":{"type":"LineString","coordinates":[[85.33294766838411,27.703061977579303],[85.33294642278982,27.703077876343492]]}},{"type":"Feature","properties":{},"geometry":{"type":"LineString","coordinates":[[85.332968640374,27.703063815911285],[85.33297159974695,27.703077132574204]]}},{"type":"Feature","properties":{},"geometry":{"type":"LineString","coordinates":[[85.33301542252507,27.703065281815583],[85.33301738824908,27.703058778243843]]}},{"type":"Feature","properties":{},"geometry":{"type":"LineString","coordinates":[[85.33302143455785,27.703065232367496],[85.33304035387455,27.703062416790843]]}},{"type":"Feature","properties":{},"geometry":{"type":"LineString","coordinates":[[85.33301927017821,27.703065258652238],[85.33304186251337,27.703081913795177]]}},{"type":"Feature","properties":{},"geometry":{"type":"LineString","coordinates":[[85.3322644215903,27.703139399054788],[85.33226049978967,27.703161834326774]]}},{"type":"Feature","properties":{},"geometry":{"type":"LineString","coordinates":[[85.33226128571678,27.70313856071396],[85.33226625377458,27.703128010188635]]}},{"type":"Feature","properties":{},"geometry":{"type":"LineString","coordinates":[[85.3322295706634,27.703129202767876],[85.33223533691819,27.703165117911052]]}},{"type":"Feature","properties":{},"geometry":{"type":"LineString","coordinates":[[85.33209225446635,27.703092316430155],[85.3320832945176,27.703114039352467]]}},{"type":"Feature","properties":{},"geometry":{"type":"LineString","coordinates":[[85.33202499443742,27.70307092879041],[85.33200729873549,27.703102033151428]]}},{"type":"Feature","properties":{},"geometry":{"type":"LineString","coordinates":[[85.33198753085357,27.70305596618697],[85.33197754441674,27.703077305785467]]}},{"type":"Feature","properties":{},"geometry":{"type":"LineString","coordinates":[[85.33193990862615,27.70303839825101],[85.33192921357097,27.70305199084453]]}},{"type":"Feature","properties":{},"geometry":{"type":"LineString","coordinates":[[85.33192032890537,27.703027763140717],[85.33190155805983,27.70303754984264]]}},{"type":"Feature","properties":{},"geometry":{"type":"LineString","coordinates":[[85.33191816367982,27.703026245135206],[85.3318786216446,27.702993729037082]]}},{"type":"Feature","properties":{},"geometry":{"type":"LineString","coordinates":[[85.33191644482514,27.703025314653015],[85.33184185021686,27.702994664126404]]}},{"type":"Feature","properties":{},"geometry":{"type":"LineString","coordinates":[[85.33234672262405,27.702951834309026],[85.33233112175881,27.702948750086172]]}},{"type":"Feature","properties":{},"geometry":{"type":"LineString","coordinates":[[85.33237183073062,27.702868726714794],[85.33237922593703,27.702870209338172]]}},{"type":"Feature","properties":{},"geometry":{"type":"LineString","coordinates":[[85.3323126183737,27.70274424039985],[85.33230956427339,27.702753162318846]]}},{"type":"Feature","properties":{},"geometry":{"type":"LineString","coordinates":[[85.33231072622065,27.70274376994045],[85.33231560226803,27.70272693204276]]}},{"type":"Feature","properties":{},"geometry":{"type":"LineString","coordinates":[[85.33228394587775,27.702737395719787],[85.33228910184194,27.702718088208286]]}},{"type":"Feature","properties":{},"geometry":{"type":"LineString","coordinates":[[85.33221938867196,27.702725728712117],[85.3322170745942,27.702730531280668]]}},{"type":"Feature","properties":{},"geometry":{"type":"LineString","coordinates":[[85.33219690051625,27.702718239188044],[85.33219701113227,27.702698897069325]]}},{"type":"Feature","properties":{},"geometry":{"type":"LineString","coordinates":[[85.33219515207155,27.702717787606918],[85.332167310673,27.7027000365739]]}},{"type":"Feature","properties":{},"geometry":{"type":"LineString","coordinates":[[85.33246752582167,27.70259647088598],[85.33245274524307,27.70258912659477]]}},{"type":"Feature","properties":{},"geometry":{"type":"LineString","coordinates":[[85.33252735339485,27.70260781004165],[85.33252403459338,27.702615935436285]]}},{"type":"Feature","properties":{},"geometry":{"type":"LineString","coordinates":[[85.33243565022808,27.702531992324285],[85.33244012945488,27.7025152407983]]}},{"type":"Feature","properties":{},"geometry":{"type":"LineString","coordinates":[[85.33237000061654,27.7025199503083],[85.33235967433971,27.70254344113549]]}},{"type":"Feature","properties":{},"geometry":{"type":"LineString","coordinates":[[85.33230786529316,27.702524605353705],[85.33231176469604,27.702503240231984]]}},{"type":"Feature","properties":{},"geometry":{"type":"LineString","coordinates":[[85.33227139141303,27.702516453663037],[85.33226825526005,27.702524370054793]]}},{"type":"Feature","properties":{},"geometry":{"type":"LineString","coordinates":[[85.33225811930171,27.702513006684413],[85.33223655564167,27.702512875062688]]}},{"type":"Feature","properties":{},"geometry":{"type":"LineString","coordinates":[[85.33234464774306,27.702409838849604],[85.33233402043562,27.702406513994337]]}},{"type":"Feature","properties":{},"geometry":{"type":"LineString","coordinates":[[85.33235668997337,27.70239453677215],[85.33235586689909,27.702381244930166]]}},{"type":"Feature","properties":{},"geometry":{"type":"LineString","coordinates":[[85.3323976890002,27.70240358773705],[85.33239992979328,27.702395734565275]]}},{"type":"Feature","properties":{},"geometry":{"type":"LineString","coordinates":[[85.33243472174294,27.702409662137498],[85.33245171413431,27.702406855918223]]}},{"type":"Feature","properties":{},"geometry":{"type":"LineString","coordinates":[[85.33207026776563,27.702879639102747],[85.33208642145544,27.702863975930025]]}},{"type":"Feature","properties":{},"geometry":{"type":"LineString","coordinates":[[85.33191599128352,27.702823934061318],[85.3318768091151,27.70283169588185]]}},{"type":"Feature","properties":{},"geometry":{"type":"LineString","coordinates":[[85.33193449506547,27.702769502214213],[85.33191339041768,27.702764457174435]]}},{"type":"Feature","properties":{},"geometry":{"type":"LineString","coordinates":[[85.33195927005464,27.702703179018812],[85.3319661146691,27.702704924891897]]}},{"type":"Feature","properties":{},"geometry":{"type":"LineString","coordinates":[[85.33196454699723,27.70268885505443],[85.3319423916183,27.702682422775265]]}},{"type":"Feature","properties":{},"geometry":{"type":"LineString","coordinates":[[85.33198996058253,27.70261647892346],[85.33199937715122,27.7026190689822]]}},{"type":"Feature","properties":{},"geometry":{"type":"LineString","coordinates":[[85.32861829459212,27.70345379004452],[85.32859477994243,27.703435149188106]]}},{"type":"Feature","properties":{},"geometry":{"type":"LineString","coordinates":[[85.32926532294914,27.703188762723375],[85.32929433809801,27.703185756325144]]}},{"type":"Feature","properties":{},"geometry":{"type":"LineString","coordinates":[[85.3292680037119,27.703187989101206],[85.32932006680787,27.703175355384676]]}},{"type":"Feature","properties":{},"geometry":{"type":"LineString","coordinates":[[85.32926965854541,27.70318739624254],[85.32932636897984,27.70317323463851]]}},{"type":"Feature","properties":{},"geometry":{"type":"LineString","coordinates":[[85.32917756346986,27.703209238344808],[85.32919000069174,27.703219626975084]]}},{"type":"Feature","properties":{},"geometry":{"type":"LineString","coordinates":[[85.32917558789443,27.703209651334003],[85.3291895658023,27.70322241331063]]}},{"type":"Feature","properties":{},"geometry":{"type":"LineString","coordinates":[[85.32912550833306,27.703234126012116],[85.32912962592353,27.70324660200796]]}},{"type":"Feature","properties":{},"geometry":{"type":"LineString","coordinates":[[85.32906541504553,27.70325214300358],[85.32906441703166,27.70326559879475]]}},{"type":"Feature","properties":{},"geometry":{"type":"LineString","coordinates":[[85.32900579669533,27.703267872324002],[85.32901034170625,27.703280713599415]]}},{"type":"Feature","properties":{},"geometry":{"type":"LineString","coordinates":[[85.32889230672197,27.70328847400044],[85.32889218387453,27.70326865344275]]}},{"type":"Feature","properties":{},"geometry":{"type":"LineString","coordinates":[[85.32887202966826,27.703296999288103],[85.32887676163321,27.70331167860904]]}},{"type":"Feature","properties":{},"geometry":{"type":"LineString","coordinates":[[85.32883678955926,27.703301314957923],[85.32884321340111,27.70332009061595]]}},{"type":"Feature","properties":{},"geometry":{"type":"LineString","coordinates":[[85.32880739932048,27.703308037940147],[85.32880382732506,27.703288441995397]]}},{"type":"Feature","properties":{},"geometry":{"type":"LineString","coordinates":[[85.3287943054709,27.703309530627635],[85.32878505562775,27.7033337968078]]}},{"type":"Feature","properties":{},"geometry":{"type":"LineString","coordinates":[[85.32869730619034,27.70312378288308],[85.32877344604515,27.70312218219181]]}},{"type":"Feature","properties":{},"geometry":{"type":"LineString","coordinates":[[85.32870538200096,27.703161513969764],[85.32868172068446,27.70316314531675]]}},{"type":"Feature","properties":{},"geometry":{"type":"LineString","coordinates":[[85.32870751484319,27.703171474979357],[85.32868113824728,27.703174813658855]]}},{"type":"Feature","properties":{},"geometry":{"type":"LineString","coordinates":[[85.32870795815289,27.70324352359896],[85.32867840923652,27.7032438915959]]}},{"type":"Feature","properties":{},"geometry":{"type":"LineString","coordinates":[[85.32866903375962,27.703369283255395],[85.32864788778049,27.70335983458583]]}},{"type":"Feature","properties":{},"geometry":{"type":"LineString","coordinates":[[85.32864101889817,27.703421292858255],[85.32867816714669,27.703436162294945]]}},{"type":"Feature","properties":{},"geometry":{"type":"LineString","coordinates":[[85.3286407607433,27.703422994656407],[85.32867730980706,27.703440318110065]]}},{"type":"Feature","properties":{},"geometry":{"type":"LineString","coordinates":[[85.32863902156659,27.703424663229885],[85.32867624479795,27.703453575429442]]}},{"type":"Feature","properties":{},"geometry":{"type":"LineString","coordinates":[[85.32698176969286,27.70175089805921],[85.32674635128376,27.701669088811883],[85.32656592537144,27.701646817187402],[85.32626470267085,27.701570004229207],[85.32577760613145,27.7017032357688]]}},{"type":"Feature","properties":{},"geometry":{"type":"LineString","coordinates":[[85.32597075695872,27.702062917575407],[85.32627027402734,27.70197675364499]]}},{"type":"Feature","properties":{},"geometry":{"type":"LineString","coordinates":[[85.32702593357659,27.701191210725288],[85.3268554656624,27.70122081559558],[85.32677388501195,27.701289601126746],[85.32687078789168,27.701452907070077],[85.32698176969286,27.70175089805921]]}},{"type":"Feature","properties":{},"geometry":{"type":"LineString","coordinates":[[85.32710232016659,27.70210056359697],[85.32722000432827,27.70239321108683]]}},{"type":"Feature","properties":{},"geometry":{"type":"LineString","coordinates":[[85.32722000432827,27.70239321108683],[85.32739188804382,27.702392696736535],[85.32765166958352,27.70230575367141]]}},{"type":"Feature","properties":{},"geometry":{"type":"LineString","coordinates":[[85.32710232016659,27.70210056359697],[85.32726811349676,27.702054150678514]]}},{"type":"Feature","properties":{},"geometry":{"type":"LineString","coordinates":[[85.32765166958352,27.70230575367141],[85.3277996668773,27.70226238333578]]}},{"type":"Feature","properties":{},"geometry":{"type":"LineString","coordinates":[[85.32696339119153,27.70067279441752],[85.32703682899998,27.700983164089596],[85.32703008726516,27.7011483862421]]}},{"type":"Feature","properties":{},"geometry":{"type":"LineString","coordinates":[[85.3271224634969,27.70128133063023],[85.32736878186724,27.70114228994569]]}},{"type":"Feature","properties":{},"geometry":{"type":"LineString","coordinates":[[85.32736878186724,27.70114228994569],[85.32725342473908,27.70088028514074],[85.32731505007352,27.70085875122323]]}},{"type":"Feature","properties":{},"geometry":{"type":"LineString","coordinates":[[85.32497872354759,27.701504675794318],[85.32459808723532,27.701436583607478],[85.32443705920075,27.701351952276497],[85.32440787061324,27.70126200213843],[85.32442601562589,27.70091640682657],[85.32440857148495,27.700738653637426],[85.32436109340335,27.700647091294908],[85.32427053614627,27.700549456826135]]}},{"type":"Feature","properties":{},"geometry":{"type":"LineString","coordinates":[[85.32643110912082,27.703130707391225],[85.32597075695872,27.702062917575407]]}},{"type":"Feature","properties":{},"geometry":{"type":"LineString","coordinates":[[85.32647526471263,27.699983878151237],[85.32595852924165,27.700131090189394],[85.32514389549424,27.700196692948786],[85.32436713908515,27.700344303592253],[85.32429596793654,27.70038711464708],[85.32427444871519,27.700432421123583],[85.32427053614627,27.700549456826135]]}},{"type":"Feature","properties":{},"geometry":{"type":"LineString","coordinates":[[85.3266560423999,27.700363011042086],[85.32676498454586,27.700741088674857],[85.32696339119153,27.70067279441752]]}},{"type":"Feature","properties":{},"geometry":{"type":"LineString","coordinates":[[85.32696339119153,27.70067279441752],[85.32696390520043,27.70065538504648],[85.32722091768193,27.700572559106057]]}},{"type":"Feature","properties":{},"geometry":{"type":"LineString","coordinates":[[85.32712917250109,27.700169975083575],[85.32695111490843,27.700084536175854],[85.3268472124337,27.70026686073746]]}},{"type":"Feature","properties":{},"geometry":{"type":"LineString","coordinates":[[85.32497872354759,27.701504675794318],[85.32498186656427,27.701463344622184],[85.324923387387,27.701424239028754],[85.32465919461616,27.70065004567338]]}},{"type":"Feature","properties":{},"geometry":{"type":"LineString","coordinates":[[85.32762867914869,27.69970504725945],[85.32753392792117,27.69984705686268],[85.3274044219637,27.69992470180478],[85.32731756639845,27.699947896699904],[85.32712917250109,27.700169975083575]]}},{"type":"Feature","properties":{},"geometry":{"type":"LineString","coordinates":[[85.32861445391936,27.69945878293031],[85.32862631679731,27.699477951888618]]}},{"type":"Feature","properties":{},"geometry":{"type":"LineString","coordinates":[[85.32972797550241,27.699656138700075],[85.32949307326048,27.699614882039285],[85.32912496878626,27.69966197634849],[85.32900279468365,27.69970393155047]]}},{"type":"Feature","properties":{},"geometry":{"type":"LineString","coordinates":[[85.33225435043687,27.699950547304823],[85.33198056097105,27.699954087450884],[85.33135867934433,27.700018914661065],[85.33112928788624,27.699969656555968],[85.33061463434338,27.699733227396663],[85.33028798070818,27.69973490379073],[85.3300228259197,27.69970656416962],[85.3295544719259,27.699615613858935],[85.32912492853839,27.699663752982783],[85.32900142981234,27.6997051299082]]}},{"type":"Feature","properties":{},"geometry":{"type":"LineString","coordinates":[[85.32901420666273,27.699730671938717],[85.32905732583899,27.699948974863265],[85.32902276421552,27.700167135340003],[85.32897106861985,27.700311944574725],[85.32874500054642,27.700698500548455]]}},{"type":"Feature","properties":{},"geometry":{"type":"LineString","coordinates":[[85.32572812664881,27.70171510516752],[85.32572451787998,27.701706657894096]]}},{"type":"Feature","properties":{},"geometry":{"type":"LineString","coordinates":[[85.32588634658063,27.701916569370585],[85.3259093015187,27.701905993820127]]}},{"type":"Feature","properties":{},"geometry":{"type":"LineString","coordinates":[[85.32613075477192,27.702400353890873],[85.32614432679978,27.702395961931526]]}},{"type":"Feature","properties":{},"geometry":{"type":"LineString","coordinates":[[85.326204211482,27.702574450142954],[85.32622455994627,27.702574936252493]]}},{"type":"Feature","properties":{},"geometry":{"type":"LineString","coordinates":[[85.32620516868373,27.702577044810084],[85.32622574199179,27.7025761536415]]}},{"type":"Feature","properties":{},"geometry":{"type":"LineString","coordinates":[[85.32620576415465,27.70258088332801],[85.32622629970132,27.702578479934154]]}},{"type":"Feature","properties":{},"geometry":{"type":"LineString","coordinates":[[85.32620667733056,27.70258543238273],[85.32622423594614,27.702588058999535]]}},{"type":"Feature","properties":{},"geometry":{"type":"LineString","coordinates":[[85.32620913566596,27.70259099382573],[85.3262246085778,27.702590485944974]]}},{"type":"Feature","properties":{},"geometry":{"type":"LineString","coordinates":[[85.32628778805966,27.70277841219708],[85.32630423856514,27.702769730013504]]}},{"type":"Feature","properties":{},"geometry":{"type":"LineString","coordinates":[[85.32602467489666,27.702047601682207],[85.32602157796295,27.702034983610808]]}},{"type":"Feature","properties":{},"geometry":{"type":"LineString","coordinates":[[85.32608969359693,27.702029421728614],[85.32610275925492,27.70204870200796]]}},{"type":"Feature","properties":{},"geometry":{"type":"LineString","coordinates":[[85.326115431324,27.70202215062841],[85.32611153875041,27.70201076935766]]}},{"type":"Feature","properties":{},"geometry":{"type":"LineString","coordinates":[[85.32612026319543,27.702021022201535],[85.32611586276919,27.70200889831067]]}},{"type":"Feature","properties":{},"geometry":{"type":"LineString","coordinates":[[85.32612566290392,27.702019230949467],[85.32612113196598,27.702007087429692]]}},{"type":"Feature","properties":{},"geometry":{"type":"LineString","coordinates":[[85.32618560243024,27.70200084061474],[85.3261810448849,27.701990174246887]]}},{"type":"Feature","properties":{},"geometry":{"type":"LineString","coordinates":[[85.3262760604149,27.701974674636247],[85.32630317546419,27.701959012912916]]}},{"type":"Feature","properties":{},"geometry":{"type":"LineString","coordinates":[[85.32627027402734,27.70197675364499],[85.3263040940425,27.701960550228172]]}},{"type":"Feature","properties":{},"geometry":{"type":"LineString","coordinates":[[85.32626706401969,27.701977522615792],[85.32630656563602,27.70196537535031]]}},{"type":"Feature","properties":{},"geometry":{"type":"LineString","coordinates":[[85.32593427156021,27.701707672843384],[85.32594148116318,27.701719309939435]]}},{"type":"Feature","properties":{},"geometry":{"type":"LineString","coordinates":[[85.32617008690124,27.70163733481969],[85.32617526128651,27.701645986937343]]}},{"type":"Feature","properties":{},"geometry":{"type":"LineString","coordinates":[[85.32633436675106,27.70163458896254],[85.32632967722525,27.70165316899268]]}},{"type":"Feature","properties":{},"geometry":{"type":"LineString","coordinates":[[85.3265271578159,27.701682571442028],[85.32652471901751,27.70169672912262]]}},{"type":"Feature","properties":{},"geometry":{"type":"LineString","coordinates":[[85.32599319897396,27.701635668895687],[85.32599153132116,27.7016218225897]]}},{"type":"Feature","properties":{},"geometry":{"type":"LineString","coordinates":[[85.32644337450246,27.701614444193496],[85.32644851077328,27.701600277606833]]}},{"type":"Feature","properties":{},"geometry":{"type":"LineString","coordinates":[[85.32648083765628,27.701621907175134],[85.3264849375079,27.701613659607546]]}},{"type":"Feature","properties":{},"geometry":{"type":"LineString","coordinates":[[85.32656592537144,27.701646817187402],[85.32656622833926,27.701631082206525]]}},{"type":"Feature","properties":{},"geometry":{"type":"LineString","coordinates":[[85.32661701965698,27.701652521575536],[85.32661777682739,27.701632538372806]]}},{"type":"Feature","properties":{},"geometry":{"type":"LineString","coordinates":[[85.32669138200181,27.701660616449008],[85.32669235549129,27.701649051223974]]}},{"type":"Feature","properties":{},"geometry":{"type":"LineString","coordinates":[[85.32674635128376,27.701669088811883],[85.32675149454298,27.701658848384167]]}},{"type":"Feature","properties":{},"geometry":{"type":"LineString","coordinates":[[85.32686826032965,27.701713631874576],[85.32687522356481,27.701696425905997]]}},{"type":"Feature","properties":{},"geometry":{"type":"LineString","coordinates":[[85.32691416513634,27.701558859838382],[85.32690780330879,27.70156270091601]]}},{"type":"Feature","properties":{},"geometry":{"type":"LineString","coordinates":[[85.32692914349357,27.70159142521096],[85.32694649932213,27.701585068018527]]}},{"type":"Feature","properties":{},"geometry":{"type":"LineString","coordinates":[[85.32716823971468,27.701740649343243],[85.32718444424106,27.701754593679997]]}},{"type":"Feature","properties":{},"geometry":{"type":"LineString","coordinates":[[85.32716102651544,27.70174811922126],[85.32718083156294,27.70178535221047]]}},{"type":"Feature","properties":{},"geometry":{"type":"LineString","coordinates":[[85.32702855998875,27.701836071145102],[85.32704390075625,27.701834114786536]]}},{"type":"Feature","properties":{},"geometry":{"type":"LineString","coordinates":[[85.3270927782421,27.702086592360537],[85.3271060408672,27.702082136996975]]}},{"type":"Feature","properties":{},"geometry":{"type":"LineString","coordinates":[[85.32712932795964,27.70209412175341],[85.32713745205568,27.702105048705846]]}},{"type":"Feature","properties":{},"geometry":{"type":"LineString","coordinates":[[85.32720822971827,27.702071221731995],[85.32721362669471,27.702081974026576]]}},{"type":"Feature","properties":{},"geometry":{"type":"LineString","coordinates":[[85.32730472602951,27.702568087351143],[85.32731359998223,27.70258955700091]]}},{"type":"Feature","properties":{},"geometry":{"type":"LineString","coordinates":[[85.32729217342212,27.702539618210825],[85.32730340077536,27.702534440567483]]}},{"type":"Feature","properties":{},"geometry":{"type":"LineString","coordinates":[[85.32742540188424,27.70238546338836],[85.32743355465388,27.70240734580808]]}},{"type":"Feature","properties":{},"geometry":{"type":"LineString","coordinates":[[85.32718020471417,27.7023025700545],[85.32718986949139,27.70230051169957]]}},{"type":"Feature","properties":{},"geometry":{"type":"LineString","coordinates":[[85.32717897055426,27.70229732306615],[85.32718724549729,27.702296101727878]]}},{"type":"Feature","properties":{},"geometry":{"type":"LineString","coordinates":[[85.32715858667058,27.70224823983727],[85.32713337349358,27.702259746813937]]}},{"type":"Feature","properties":{},"geometry":{"type":"LineString","coordinates":[[85.32726690130225,27.70205451058912],[85.32729464537428,27.70205796773869]]}},{"type":"Feature","properties":{},"geometry":{"type":"LineString","coordinates":[[85.32751065914955,27.70235835107583],[85.32750709474173,27.70234618678204]]}},{"type":"Feature","properties":{},"geometry":{"type":"LineString","coordinates":[[85.32759219394326,27.702332827351952],[85.32759195888164,27.702321975875304]]}},{"type":"Feature","properties":{},"geometry":{"type":"LineString","coordinates":[[85.32762869154223,27.70231286164148],[85.32764296486408,27.702337219672632]]}},{"type":"Feature","properties":{},"geometry":{"type":"LineString","coordinates":[[85.32764035248543,27.70230850691666],[85.32760668902398,27.702291840822642]]}},{"type":"Feature","properties":{},"geometry":{"type":"LineString","coordinates":[[85.3277362917059,27.702281184146017],[85.32773568231808,27.702275661308555]]}},{"type":"Feature","properties":{},"geometry":{"type":"LineString","coordinates":[[85.32779555816087,27.70226330304251],[85.32781839412641,27.702258196083815]]}},{"type":"Feature","properties":{},"geometry":{"type":"LineString","coordinates":[[85.32779164231907,27.702264076158365],[85.32782133735451,27.702262886080394]]}},{"type":"Feature","properties":{},"geometry":{"type":"LineString","coordinates":[[85.32759837047922,27.702192787580884],[85.32764364444968,27.702171963065144]]}},{"type":"Feature","properties":{},"geometry":{"type":"LineString","coordinates":[[85.32759722248571,27.70218966894417],[85.3276132310523,27.702162543088587]]}},{"type":"Feature","properties":{},"geometry":{"type":"LineString","coordinates":[[85.32684637302157,27.701402061141167],[85.32679982122124,27.701411542069952]]}},{"type":"Feature","properties":{},"geometry":{"type":"LineString","coordinates":[[85.32679789471351,27.701261918624798],[85.32680037191976,27.70126431595046]]}},{"type":"Feature","properties":{},"geometry":{"type":"LineString","coordinates":[[85.3268554656624,27.70122081559558],[85.32684578833877,27.701206886029844]]}},{"type":"Feature","properties":{},"geometry":{"type":"LineString","coordinates":[[85.32692690677327,27.701202691185507],[85.32693211447446,27.701212552192054]]}},{"type":"Feature","properties":{},"geometry":{"type":"LineString","coordinates":[[85.32703501727897,27.701109777017514],[85.32700199008426,27.70110866488075]]}},{"type":"Feature","properties":{},"geometry":{"type":"LineString","coordinates":[[85.3270314472556,27.701140131719654],[85.3270563622421,27.701143835414115]]}},{"type":"Feature","properties":{},"geometry":{"type":"LineString","coordinates":[[85.3270975077049,27.701263148667902],[85.3270768637288,27.70128404501755]]}},{"type":"Feature","properties":{},"geometry":{"type":"LineString","coordinates":[[85.32717500392758,27.70132191954991],[85.32715250884921,27.701340122900792]]}},{"type":"Feature","properties":{},"geometry":{"type":"LineString","coordinates":[[85.32725158083348,27.701397888181425],[85.32726260573405,27.70138922244702]]}},{"type":"Feature","properties":{},"geometry":{"type":"LineString","coordinates":[[85.32730981051245,27.700859022761957],[85.32731045019477,27.700839087769783]]}},{"type":"Feature","properties":{},"geometry":{"type":"LineString","coordinates":[[85.3273131765159,27.700858461431533],[85.32736649776702,27.700859480232094]]}},{"type":"Feature","properties":{},"geometry":{"type":"LineString","coordinates":[[85.32727530110313,27.700952969994045],[85.32729171299293,27.70094918985876]]}},{"type":"Feature","properties":{},"geometry":{"type":"LineString","coordinates":[[85.32755209973303,27.701055006140113],[85.32757906853924,27.70104239119532]]}},{"type":"Feature","properties":{},"geometry":{"type":"LineString","coordinates":[[85.32755475648153,27.701053344151333],[85.32758184529541,27.70107009779435]]}},{"type":"Feature","properties":{},"geometry":{"type":"LineString","coordinates":[[85.32755751172107,27.70105253806625],[85.32756153289208,27.701042926663384]]}},{"type":"Feature","properties":{},"geometry":{"type":"LineString","coordinates":[[85.32744044865998,27.701109358969656],[85.327456266317,27.70113111377105]]}},{"type":"Feature","properties":{},"geometry":{"type":"LineString","coordinates":[[85.32742447888458,27.701117526338475],[85.32744050116273,27.70114102372811]]}},{"type":"Feature","properties":{},"geometry":{"type":"LineString","coordinates":[[85.32728409714746,27.70118604309806],[85.32728082641194,27.70117982563131]]}},{"type":"Feature","properties":{},"geometry":{"type":"LineString","coordinates":[[85.32719856416826,27.70123082387746],[85.32719189732761,27.701221755737603]]}},{"type":"Feature","properties":{},"geometry":{"type":"LineString","coordinates":[[85.32718696242135,27.70165837540283],[85.32717095430237,27.70165090110465]]}},{"type":"Feature","properties":{},"geometry":{"type":"LineString","coordinates":[[85.32722019883116,27.70161805942809],[85.32719553434653,27.70160417442596]]}},{"type":"Feature","properties":{},"geometry":{"type":"LineString","coordinates":[[85.32736300524594,27.701510812091104],[85.32737723433861,27.70150122565231]]}},{"type":"Feature","properties":{},"geometry":{"type":"LineString","coordinates":[[85.32736729229548,27.701514021906974],[85.32738393165343,27.70150789878743]]}},{"type":"Feature","properties":{},"geometry":{"type":"LineString","coordinates":[[85.3274558947394,27.70159019980861],[85.32746762964567,27.701571548712423]]}},{"type":"Feature","properties":{},"geometry":{"type":"LineString","coordinates":[[85.32745141149859,27.701642075598137],[85.3274305485078,27.701655124398613]]}},{"type":"Feature","properties":{},"geometry":{"type":"LineString","coordinates":[[85.3274818947853,27.701681079294783],[85.32746823963434,27.701691130270078]]}},{"type":"Feature","properties":{},"geometry":{"type":"LineString","coordinates":[[85.32756562231391,27.701763285024498],[85.3275525063675,27.701777143155343]]}},{"type":"Feature","properties":{},"geometry":{"type":"LineString","coordinates":[[85.32764624820848,27.701816087004236],[85.32762685513025,27.70183561403576]]}},{"type":"Feature","properties":{},"geometry":{"type":"LineString","coordinates":[[85.32765214842297,27.70181784604721],[85.32764175492233,27.70184003240147]]}},{"type":"Feature","properties":{},"geometry":{"type":"LineString","coordinates":[[85.32767729361629,27.7018224910669],[85.32768973292352,27.701849481334293]]}},{"type":"Feature","properties":{},"geometry":{"type":"LineString","coordinates":[[85.32768398789946,27.701823979008292],[85.3276921537934,27.70184779483302]]}},{"type":"Feature","properties":{},"geometry":{"type":"LineString","coordinates":[[85.32776257855093,27.701821196327558],[85.32775969132977,27.701836243043942]]}},{"type":"Feature","properties":{},"geometry":{"type":"LineString","coordinates":[[85.3272825448745,27.70162868303856],[85.32728489773665,27.701630325225292]]}},{"type":"Feature","properties":{},"geometry":{"type":"LineString","coordinates":[[85.32491244816052,27.701391034589726],[85.32492360900295,27.701388749903515]]}},{"type":"Feature","properties":{},"geometry":{"type":"LineString","coordinates":[[85.32489206209112,27.701335134085454],[85.32485615180887,27.701347178193878]]}},{"type":"Feature","properties":{},"geometry":{"type":"LineString","coordinates":[[85.32488892012603,27.701329058922116],[85.32485425437794,27.70134307391116]]}},{"type":"Feature","properties":{},"geometry":{"type":"LineString","coordinates":[[85.32479781444988,27.701069297912248],[85.32476657695767,27.701077819038076]]}},{"type":"Feature","properties":{},"geometry":{"type":"LineString","coordinates":[[85.32468946380433,27.700744935854758],[85.32466085249311,27.700752808218873]]}},{"type":"Feature","properties":{},"geometry":{"type":"LineString","coordinates":[[85.3246701215442,27.700683913355004],[85.32465811021703,27.70064993958794]]}},{"type":"Feature","properties":{},"geometry":{"type":"LineString","coordinates":[[85.3248839406628,27.70148053019887],[85.32488808642371,27.701472470967705]]}},{"type":"Feature","properties":{},"geometry":{"type":"LineString","coordinates":[[85.32468227646389,27.70145249541015],[85.32468041255575,27.70144347535108]]}},{"type":"Feature","properties":{},"geometry":{"type":"LineString","coordinates":[[85.3246050678893,27.70143684498852],[85.32460847251738,27.701426920255386]]}},{"type":"Feature","properties":{},"geometry":{"type":"LineString","coordinates":[[85.32654770836548,27.70015187430428],[85.32655522154546,27.700147335046545]]}},{"type":"Feature","properties":{},"geometry":{"type":"LineString","coordinates":[[85.32650624135088,27.700074298994934],[85.32648291426777,27.70008676461248]]}},{"type":"Feature","properties":{},"geometry":{"type":"LineString","coordinates":[[85.3266408852879,27.699943805097966],[85.32665051144646,27.699965665656922]]}},{"type":"Feature","properties":{},"geometry":{"type":"LineString","coordinates":[[85.32660218819686,27.69995371666968],[85.32661494661959,27.69998827333928]]}},{"type":"Feature","properties":{},"geometry":{"type":"LineString","coordinates":[[85.32635142370283,27.70001198467052],[85.32636828866157,27.70006024115265]]}},{"type":"Feature","properties":{},"geometry":{"type":"LineString","coordinates":[[85.32671402246775,27.69992545306891],[85.32672083322527,27.69995459114342]]}},{"type":"Feature","properties":{},"geometry":{"type":"LineString","coordinates":[[85.32655840224683,27.700169816272854],[85.32652905807403,27.700177887760752]]}},{"type":"Feature","properties":{},"geometry":{"type":"LineString","coordinates":[[85.32657450228308,27.700200624438157],[85.32654265970294,27.700209018625422]]}},{"type":"Feature","properties":{},"geometry":{"type":"LineString","coordinates":[[85.32660500206815,27.70026209475729],[85.32661287174277,27.70025898041758]]}},{"type":"Feature","properties":{},"geometry":{"type":"LineString","coordinates":[[85.32661466344265,27.700280452049657],[85.32658498603065,27.700294212798376]]}},{"type":"Feature","properties":{},"geometry":{"type":"LineString","coordinates":[[85.32664622376105,27.700344791746534],[85.3266165232381,27.700358338318054]]}},{"type":"Feature","properties":{},"geometry":{"type":"LineString","coordinates":[[85.3268156541838,27.700292775994836],[85.3268136093281,27.700277859224585]]}},{"type":"Feature","properties":{},"geometry":{"type":"LineString","coordinates":[[85.3268152870301,27.700294575752626],[85.32684539203917,27.700315730711786]]}},{"type":"Feature","properties":{},"geometry":{"type":"LineString","coordinates":[[85.32684493685349,27.700270058945193],[85.32687565702064,27.700306591739846]]}},{"type":"Feature","properties":{},"geometry":{"type":"LineString","coordinates":[[85.32685024007542,27.70026401729506],[85.3268932975455,27.70028435041927]]}},{"type":"Feature","properties":{},"geometry":{"type":"LineString","coordinates":[[85.32691111582862,27.700134794086104],[85.32692070260899,27.700139232250457]]}},{"type":"Feature","properties":{},"geometry":{"type":"LineString","coordinates":[[85.32667683641033,27.700414288879482],[85.3266480546079,27.70042185183252]]}},{"type":"Feature","properties":{},"geometry":{"type":"LineString","coordinates":[[85.32669809154982,27.700478013020444],[85.32670979482216,27.700474993749296]]}},{"type":"Feature","properties":{},"geometry":{"type":"LineString","coordinates":[[85.32671071477702,27.700521237028962],[85.32672403633647,27.700517758965688]]}},{"type":"Feature","properties":{},"geometry":{"type":"LineString","coordinates":[[85.32671525025296,27.700549965823697],[85.32668254739569,27.70055518891605]]}},{"type":"Feature","properties":{},"geometry":{"type":"LineString","coordinates":[[85.32671823726771,27.70056766480702],[85.32673224082204,27.700560228284207]]}},{"type":"Feature","properties":{},"geometry":{"type":"LineString","coordinates":[[85.32671864407575,27.700569713094495],[85.32673466199205,27.70056038209961]]}},{"type":"Feature","properties":{},"geometry":{"type":"LineString","coordinates":[[85.32672828539981,27.700619628658846],[85.32674521161178,27.700613639046356]]}},{"type":"Feature","properties":{},"geometry":{"type":"LineString","coordinates":[[85.32673518524237,27.70064698437178],[85.32670582593714,27.700654843611144]]}},{"type":"Feature","properties":{},"geometry":{"type":"LineString","coordinates":[[85.32673901483305,27.700662429043565],[85.32670748919168,27.70066851837526]]}},{"type":"Feature","properties":{},"geometry":{"type":"LineString","coordinates":[[85.3267513538911,27.70071045658878],[85.32672019425114,27.700718875312273]]}},{"type":"Feature","properties":{},"geometry":{"type":"LineString","coordinates":[[85.32678224854551,27.700737551756017],[85.32678254132189,27.700780374014805]]}},{"type":"Feature","properties":{},"geometry":{"type":"LineString","coordinates":[[85.32683680851119,27.70071439922697],[85.32684446953412,27.700750354594348]]}},{"type":"Feature","properties":{},"geometry":{"type":"LineString","coordinates":[[85.32690700814626,27.70068889501265],[85.32689902328654,27.700652098168856]]}},{"type":"Feature","properties":{},"geometry":{"type":"LineString","coordinates":[[85.32701293549596,27.700640217257863],[85.32700847179287,27.700603520733917]]}},{"type":"Feature","properties":{},"geometry":{"type":"LineString","coordinates":[[85.32701716507273,27.700639547233934],[85.32701136035361,27.700603347152228]]}},{"type":"Feature","properties":{},"geometry":{"type":"LineString","coordinates":[[85.32705560628978,27.7006298048483],[85.32705954795343,27.70063910180141]]}},{"type":"Feature","properties":{},"geometry":{"type":"LineString","coordinates":[[85.32706600468072,27.700625977340803],[85.32706757180318,27.700637714070474]]}},{"type":"Feature","properties":{},"geometry":{"type":"LineString","coordinates":[[85.32716569420704,27.700604718433052],[85.32717091962064,27.70061202182156]]}},{"type":"Feature","properties":{},"geometry":{"type":"LineString","coordinates":[[85.32718304463471,27.700598105718083],[85.32718789939254,27.700609566280296]]}},{"type":"Feature","properties":{},"geometry":{"type":"LineString","coordinates":[[85.3272040866089,27.70058993106946],[85.32719526353246,27.70057697035638]]}},{"type":"Feature","properties":{},"geometry":{"type":"LineString","coordinates":[[85.32722096890501,27.70057358863078],[85.32726635909872,27.700541778890955]]}},{"type":"Feature","properties":{},"geometry":{"type":"LineString","coordinates":[[85.32721963193782,27.700574019237838],[85.32726218102398,27.700537543288853]]}},{"type":"Feature","properties":{},"geometry":{"type":"LineString","coordinates":[[85.32721888811093,27.70057478644221],[85.32725102050085,27.700538618756674]]}},{"type":"Feature","properties":{},"geometry":{"type":"LineString","coordinates":[[85.32699322683187,27.700775431813586],[85.32702568264638,27.70076247623567]]}},{"type":"Feature","properties":{},"geometry":{"type":"LineString","coordinates":[[85.3270016897635,27.700823966662508],[85.32700924107665,27.700824374712475]]}},{"type":"Feature","properties":{},"geometry":{"type":"LineString","coordinates":[[85.32701737970103,27.700891245433915],[85.32702565977861,27.70088954761801]]}},{"type":"Feature","properties":{},"geometry":{"type":"LineString","coordinates":[[85.32703293496795,27.70096768615452],[85.32704978145547,27.70096745741461]]}},{"type":"Feature","properties":{},"geometry":{"type":"LineString","coordinates":[[85.32703426585181,27.700974235788692],[85.32705008196895,27.700972951250783]]}},{"type":"Feature","properties":{},"geometry":{"type":"LineString","coordinates":[[85.32703947051202,27.70103355462599],[85.3270077515367,27.70103782034309]]}},{"type":"Feature","properties":{},"geometry":{"type":"LineString","coordinates":[[85.32761372157535,27.699736224740587],[85.32769334623462,27.6998826648702]]}},{"type":"Feature","properties":{},"geometry":{"type":"LineString","coordinates":[[85.32762785286289,27.69970610228601],[85.3276376464892,27.699733151755524]]}},{"type":"Feature","properties":{},"geometry":{"type":"LineString","coordinates":[[85.3269863262909,27.699861006810593],[85.32699460037765,27.699895926235413]]}},{"type":"Feature","properties":{},"geometry":{"type":"LineString","coordinates":[[85.32698949117732,27.699860532408987],[85.32699849020591,27.69989492538266]]}},{"type":"Feature","properties":{},"geometry":{"type":"LineString","coordinates":[[85.32717601905223,27.699815031614374],[85.32718722489723,27.699849540595405]]}},{"type":"Feature","properties":{},"geometry":{"type":"LineString","coordinates":[[85.3272959612193,27.699785033327444],[85.32730564768518,27.69981990211058]]}},{"type":"Feature","properties":{},"geometry":{"type":"LineString","coordinates":[[85.32754390883247,27.699834426223795],[85.32755132968951,27.699841323799344]]}},{"type":"Feature","properties":{},"geometry":{"type":"LineString","coordinates":[[85.32744079360634,27.699906693122774],[85.32745080832107,27.699918311685725]]}},{"type":"Feature","properties":{},"geometry":{"type":"LineString","coordinates":[[85.32733712851194,27.699933423307268],[85.32734529449908,27.69995482663905]]}},{"type":"Feature","properties":{},"geometry":{"type":"LineString","coordinates":[[85.32812881332178,27.69958343765668],[85.3281376318987,27.69961046629439]]}},{"type":"Feature","properties":{},"geometry":{"type":"LineString","coordinates":[[85.32815548553329,27.699575151238268],[85.32815966979742,27.69961137774861]]}},{"type":"Feature","properties":{},"geometry":{"type":"LineString","coordinates":[[85.32824554480611,27.69955396023908],[85.32825093637163,27.69958043484003]]}},{"type":"Feature","properties":{},"geometry":{"type":"LineString","coordinates":[[85.32836908983492,27.699523988261845],[85.32837617079461,27.69954746784001]]}},{"type":"Feature","properties":{},"geometry":{"type":"LineString","coordinates":[[85.32861094347524,27.69946137328653],[85.32862498437018,27.699493723197524]]}},{"type":"Feature","properties":{},"geometry":{"type":"LineString","coordinates":[[85.3284670554541,27.699500458404493],[85.32847958601943,27.699536628636093]]}},{"type":"Feature","properties":{},"geometry":{"type":"LineString","coordinates":[[85.32874447605282,27.69955546414896],[85.32872063399674,27.699613061340383]]}},{"type":"Feature","properties":{},"geometry":{"type":"LineString","coordinates":[[85.32881717586234,27.699566910598858],[85.32881951925295,27.699591933189147]]}},{"type":"Feature","properties":{},"geometry":{"type":"LineString","coordinates":[[85.3299080969369,27.69969378370072],[85.32990258930393,27.699704738294866]]}},{"type":"Feature","properties":{},"geometry":{"type":"LineString","coordinates":[[85.32989489869787,27.69969123994817],[85.32989324537422,27.699702525341422]]}},{"type":"Feature","properties":{},"geometry":{"type":"LineString","coordinates":[[85.32960312849293,27.699633322304134],[85.32960273343055,27.699647144598522]]}},{"type":"Feature","properties":{},"geometry":{"type":"LineString","coordinates":[[85.32937442650227,27.69963224504648],[85.32937468964403,27.69964419436861]]}},{"type":"Feature","properties":{},"geometry":{"type":"LineString","coordinates":[[85.32922955426677,27.699656860237475],[85.32923014722046,27.699668458837607]]}},{"type":"Feature","properties":{},"geometry":{"type":"LineString","coordinates":[[85.32895969104462,27.699621059058664],[85.32893530825659,27.699626967071023]]}},{"type":"Feature","properties":{},"geometry":{"type":"LineString","coordinates":[[85.33110797592724,27.70055370600151],[85.33096732130419,27.70015944985334]]}},{"type":"Feature","properties":{},"geometry":{"type":"LineString","coordinates":[[85.3303696894755,27.699947307920834],[85.33043788139877,27.700012779050798],[85.33053105993038,27.700051799886765],[85.330539993303,27.70011816018961],[85.3305113839416,27.700226796277338],[85.33032154920186,27.700225446449593]]}},{"type":"Feature","properties":{},"geometry":{"type":"LineString","coordinates":[[85.3303696894755,27.699947307920834],[85.33027505149383,27.700067239086533]]}},{"type":"Feature","properties":{},"geometry":{"type":"LineString","coordinates":[[85.33076102427567,27.699770384223978],[85.33073404828637,27.69974940230429]]}},{"type":"Feature","properties":{},"geometry":{"type":"LineString","coordinates":[[85.33096732130419,27.70015944985334],[85.33079225953416,27.700231215639732]]}},{"type":"Feature","properties":{},"geometry":{"type":"LineString","coordinates":[[85.33016702980119,27.69971911610981],[85.33014145249413,27.699829925024904],[85.3300555525068,27.700010905202607],[85.3299945984644,27.70028143576684]]}},{"type":"Feature","properties":{},"geometry":{"type":"LineString","coordinates":[[85.3299945984644,27.70028143576684],[85.33014127542508,27.700290581582678]]}},{"type":"Feature","properties":{},"geometry":{"type":"LineString","coordinates":[[85.33096478495666,27.700674545141382],[85.33113545617692,27.700843643890614],[85.33127653413278,27.70093059304447]]}},{"type":"Feature","properties":{},"geometry":{"type":"LineString","coordinates":[[85.33090747943459,27.700704187148908],[85.33076816716331,27.700417782765697]]}},{"type":"Feature","properties":{},"geometry":{"type":"LineString","coordinates":[[85.33123490728728,27.700494474625525],[85.33133826071796,27.70064916474647],[85.33139291492824,27.700691471671668]]}},{"type":"Feature","properties":{},"geometry":{"type":"LineString","coordinates":[[85.33181253992234,27.700430497585028],[85.33176586267155,27.700204480800814]]}},{"type":"Feature","properties":{},"geometry":{"type":"LineString","coordinates":[[85.33169368541519,27.700418947769446],[85.33171479012735,27.700522820264624]]}},{"type":"Feature","properties":{},"geometry":{"type":"LineString","coordinates":[[85.33185239499713,27.700694180405588],[85.33176236774688,27.70094916890158],[85.33158640127236,27.700885913202207]]}},{"type":"Feature","properties":{},"geometry":{"type":"LineString","coordinates":[[85.33225255143006,27.70047443713038],[85.33189407276039,27.700513153589227]]}},{"type":"Feature","properties":{},"geometry":{"type":"LineString","coordinates":[[85.33237162663032,27.700704827788567],[85.33231887193088,27.700447345446648]]}},{"type":"Feature","properties":{},"geometry":{"type":"LineString","coordinates":[[85.33225255143006,27.70047443713038],[85.33208167644618,27.70004553997205]]}},{"type":"Feature","properties":{},"geometry":{"type":"LineString","coordinates":[[85.33235957813983,27.700433392282605],[85.33227506310772,27.700203136351217],[85.3323443132407,27.700184694783378],[85.33225525628238,27.699954727097094]]}},{"type":"Feature","properties":{},"geometry":{"type":"LineString","coordinates":[[85.33185239499713,27.700694180405588],[85.33178912604902,27.70065629974747]]}},{"type":"Feature","properties":{},"geometry":{"type":"LineString","coordinates":[[85.33281823116803,27.700313004301467],[85.33300725334833,27.70030025301311],[85.33306761529211,27.70053835602279]]}},{"type":"Feature","properties":{},"geometry":{"type":"LineString","coordinates":[[85.33237162663032,27.700704827788567],[85.33210530350136,27.700686435834694],[85.33201173433251,27.700972394365326]]}},{"type":"Feature","properties":{},"geometry":{"type":"LineString","coordinates":[[85.33201173433251,27.700972394365326],[85.3321168131166,27.700988796139413]]}},{"type":"Feature","properties":{},"geometry":{"type":"LineString","coordinates":[[85.33260870958114,27.700368168381893],[85.33243508086507,27.699988784854966]]}},{"type":"Feature","properties":{},"geometry":{"type":"LineString","coordinates":[[85.33278371703445,27.70004683268062],[85.33281823116803,27.700313004301467]]}},{"type":"Feature","properties":{},"geometry":{"type":"LineString","coordinates":[[85.33079483938644,27.70023060412986],[85.3307565627698,27.700223097313618]]}},{"type":"Feature","properties":{},"geometry":{"type":"LineString","coordinates":[[85.33079702059865,27.700229534733403],[85.33078199505236,27.700207999236753]]}},{"type":"Feature","properties":{},"geometry":{"type":"LineString","coordinates":[[85.33084831113982,27.70020572833378],[85.33085213740645,27.700215698905136]]}},{"type":"Feature","properties":{},"geometry":{"type":"LineString","coordinates":[[85.33103535596469,27.700357766039765],[85.33102616353841,27.70036531606486]]}},{"type":"Feature","properties":{},"geometry":{"type":"LineString","coordinates":[[85.3310170534552,27.700306683093146],[85.33105004504387,27.70030665933019]]}},{"type":"Feature","properties":{},"geometry":{"type":"LineString","coordinates":[[85.33101563114428,27.700304526902983],[85.33104734700746,27.700297045333947]]}},{"type":"Feature","properties":{},"geometry":{"type":"LineString","coordinates":[[85.3309721354419,27.70017560396808],[85.33101408400428,27.700163175243013]]}},{"type":"Feature","properties":{},"geometry":{"type":"LineString","coordinates":[[85.33095363995905,27.700100157058408],[85.33099719853797,27.70009267386558]]}},{"type":"Feature","properties":{},"geometry":{"type":"LineString","coordinates":[[85.3309445202673,27.70005361994078],[85.33092622157642,27.70005753030174]]}},{"type":"Feature","properties":{},"geometry":{"type":"LineString","coordinates":[[85.33093160718246,27.700010611187036],[85.33091817235832,27.700014813946705]]}},{"type":"Feature","properties":{},"geometry":{"type":"LineString","coordinates":[[85.33092622893864,27.69998021886192],[85.33098111565513,27.699973497712556]]}},{"type":"Feature","properties":{},"geometry":{"type":"LineString","coordinates":[[85.33092598454795,27.699966759797803],[85.33090855637039,27.699971838623544]]}},{"type":"Feature","properties":{},"geometry":{"type":"LineString","coordinates":[[85.3310037118681,27.70026937329571],[85.33098977449829,27.700274613350516]]}},{"type":"Feature","properties":{},"geometry":{"type":"LineString","coordinates":[[85.33112928788624,27.699969656555968],[85.3311258174288,27.700000809557647]]}},{"type":"Feature","properties":{},"geometry":{"type":"LineString","coordinates":[[85.33061463434338,27.699733227396663],[85.33061568536166,27.699759310224845]]}},{"type":"Feature","properties":{},"geometry":{"type":"LineString","coordinates":[[85.33060529452582,27.699733674355024],[85.33061388179418,27.699756487864462]]}},{"type":"Feature","properties":{},"geometry":{"type":"LineString","coordinates":[[85.33056576748838,27.699736248336777],[85.33056607237721,27.699750792995044]]}},{"type":"Feature","properties":{},"geometry":{"type":"LineString","coordinates":[[85.3304151515834,27.699782469345163],[85.33043743392497,27.699783514255746]]}},{"type":"Feature","properties":{},"geometry":{"type":"LineString","coordinates":[[85.33040068788226,27.69983574301626],[85.3304198826292,27.699841378969687]]}},{"type":"Feature","properties":{},"geometry":{"type":"LineString","coordinates":[[85.33039603919515,27.69985015934063],[85.33041419090041,27.699850374637126]]}},{"type":"Feature","properties":{},"geometry":{"type":"LineString","coordinates":[[85.33027975051695,27.70006337237666],[85.33027430183965,27.700081578781802]]}},{"type":"Feature","properties":{},"geometry":{"type":"LineString","coordinates":[[85.33029279964809,27.70005213506784],[85.33028420197739,27.70008122885968]]}},{"type":"Feature","properties":{},"geometry":{"type":"LineString","coordinates":[[85.33032587441235,27.700002547149882],[85.3303177229154,27.699991809581554]]}},{"type":"Feature","properties":{},"geometry":{"type":"LineString","coordinates":[[85.33034267627879,27.699984258346223],[85.33035527403405,27.699996209312708]]}},{"type":"Feature","properties":{},"geometry":{"type":"LineString","coordinates":[[85.33043788139877,27.700012779050798],[85.33043240130381,27.700022526387162]]}},{"type":"Feature","properties":{},"geometry":{"type":"LineString","coordinates":[[85.3305113839416,27.700226796277338],[85.33053026869423,27.70024287639628]]}},{"type":"Feature","properties":{},"geometry":{"type":"LineString","coordinates":[[85.33051292131742,27.700220459963365],[85.33053925944697,27.70023418766255]]}},{"type":"Feature","properties":{},"geometry":{"type":"LineString","coordinates":[[85.33051386045939,27.700217651722916],[85.33053751785756,27.70022536138439]]}},{"type":"Feature","properties":{},"geometry":{"type":"LineString","coordinates":[[85.3304441149703,27.700227115044523],[85.33042065804126,27.70024367283681]]}},{"type":"Feature","properties":{},"geometry":{"type":"LineString","coordinates":[[85.32988991621086,27.699690348593617],[85.32988730020068,27.699700993296222]]}},{"type":"Feature","properties":{},"geometry":{"type":"LineString","coordinates":[[85.3299020781483,27.699692624423705],[85.32989878043887,27.699701622775148]]}},{"type":"Feature","properties":{},"geometry":{"type":"LineString","coordinates":[[85.33028798070818,27.69973490379073],[85.33029228983594,27.69974785500396]]}},{"type":"Feature","properties":{},"geometry":{"type":"LineString","coordinates":[[85.32998141262699,27.70034187028267],[85.32995143259002,27.700346495215832]]}},{"type":"Feature","properties":{},"geometry":{"type":"LineString","coordinates":[[85.3299816980426,27.700339241890745],[85.32995811275953,27.700334855290095]]}},{"type":"Feature","properties":{},"geometry":{"type":"LineString","coordinates":[[85.32998473370046,27.700333735952317],[85.32999260785184,27.700376006182754]]}},{"type":"Feature","properties":{},"geometry":{"type":"LineString","coordinates":[[85.32998289724188,27.700336270722346],[85.32998559458794,27.70041877825103]]}},{"type":"Feature","properties":{},"geometry":{"type":"LineString","coordinates":[[85.33013572078794,27.700290370175253],[85.3301423955804,27.700319641852072]]}},{"type":"Feature","properties":{},"geometry":{"type":"LineString","coordinates":[[85.33013742493873,27.70029066420315],[85.33015469538512,27.700328518768785]]}},{"type":"Feature","properties":{},"geometry":{"type":"LineString","coordinates":[[85.330138940508,27.700290823281545],[85.33018345424166,27.700287147994608]]}},{"type":"Feature","properties":{},"geometry":{"type":"LineString","coordinates":[[85.33000032021062,27.700260083673076],[85.33001183767465,27.700259537571224]]}},{"type":"Feature","properties":{},"geometry":{"type":"LineString","coordinates":[[85.33000751632086,27.700201306186557],[85.32998137121467,27.700196883296698]]}},{"type":"Feature","properties":{},"geometry":{"type":"LineString","coordinates":[[85.3300215170668,27.700131836142752],[85.33003455830988,27.7001294437517]]}},{"type":"Feature","properties":{},"geometry":{"type":"LineString","coordinates":[[85.33002659425763,27.700112723620812],[85.33000372499994,27.700103203840687]]}},{"type":"Feature","properties":{},"geometry":{"type":"LineString","coordinates":[[85.33003343734028,27.700087985146137],[85.33001462153813,27.700084631745145]]}},{"type":"Feature","properties":{},"geometry":{"type":"LineString","coordinates":[[85.33005380172175,27.700017603566767],[85.33006915799575,27.70002446586297]]}},{"type":"Feature","properties":{},"geometry":{"type":"LineString","coordinates":[[85.33008048068685,27.69996358466144],[85.33006441119036,27.69995668036921]]}},{"type":"Feature","properties":{},"geometry":{"type":"LineString","coordinates":[[85.33009961221605,27.69992255717122],[85.33010918416423,27.699924314366427]]}},{"type":"Feature","properties":{},"geometry":{"type":"LineString","coordinates":[[85.33012491763344,27.699867972937067],[85.33010521942897,27.699862171119037]]}},{"type":"Feature","properties":{},"geometry":{"type":"LineString","coordinates":[[85.33014145249413,27.699829925024904],[85.33012046547135,27.699823724080147]]}},{"type":"Feature","properties":{},"geometry":{"type":"LineString","coordinates":[[85.33110186153324,27.700532370020557],[85.33114279785194,27.700514168081817]]}},{"type":"Feature","properties":{},"geometry":{"type":"LineString","coordinates":[[85.3310867752876,27.70057199241317],[85.33110878753969,27.700594063378873]]}},{"type":"Feature","properties":{},"geometry":{"type":"LineString","coordinates":[[85.33108572096111,27.700574041127215],[85.33110475228085,27.700597225104072]]}},{"type":"Feature","properties":{},"geometry":{"type":"LineString","coordinates":[[85.33103245250298,27.700624330754135],[85.33105947721394,27.70064739268429]]}},{"type":"Feature","properties":{},"geometry":{"type":"LineString","coordinates":[[85.33094740284533,27.7006828529444],[85.33096872237951,27.700709063699726]]}},{"type":"Feature","properties":{},"geometry":{"type":"LineString","coordinates":[[85.33108212895185,27.70079343388933],[85.331089482016,27.700784681152843]]}},{"type":"Feature","properties":{},"geometry":{"type":"LineString","coordinates":[[85.33113545617692,27.700843643890614],[85.33112956896218,27.70085082581225]]}},{"type":"Feature","properties":{},"geometry":{"type":"LineString","coordinates":[[85.3312264259734,27.70090046662995],[85.33123106025575,27.700892391419973]]}},{"type":"Feature","properties":{},"geometry":{"type":"LineString","coordinates":[[85.33124537135625,27.7009127097453],[85.33125025750314,27.700897344966982]]}},{"type":"Feature","properties":{},"geometry":{"type":"LineString","coordinates":[[85.33124817601475,27.700914385291203],[85.33125790889136,27.700899841589987]]}},{"type":"Feature","properties":{},"geometry":{"type":"LineString","coordinates":[[85.33125046402733,27.700915560914567],[85.33128719688395,27.70090038686697]]}},{"type":"Feature","properties":{},"geometry":{"type":"LineString","coordinates":[[85.33084499923763,27.70057912294194],[85.3308531055461,27.70057864394906]]}},{"type":"Feature","properties":{},"geometry":{"type":"LineString","coordinates":[[85.33084245733673,27.70057124372069],[85.3308356077196,27.70057483361094]]}},{"type":"Feature","properties":{},"geometry":{"type":"LineString","coordinates":[[85.33083053382094,27.700549096695934],[85.33082027233515,27.70055079973409]]}},{"type":"Feature","properties":{},"geometry":{"type":"LineString","coordinates":[[85.33078194003565,27.700453867607788],[85.33081469615726,27.700439202606503]]}},{"type":"Feature","properties":{},"geometry":{"type":"LineString","coordinates":[[85.33078143069878,27.70045182170382],[85.33080463634535,27.70042512338029]]}},{"type":"Feature","properties":{},"geometry":{"type":"LineString","coordinates":[[85.33137384449319,27.700675319028036],[85.33140452188941,27.700689578124067]]}},{"type":"Feature","properties":{},"geometry":{"type":"LineString","coordinates":[[85.33136801903461,27.700670112401053],[85.33137618330812,27.700659958740115]]}},{"type":"Feature","properties":{},"geometry":{"type":"LineString","coordinates":[[85.3313640635832,27.700666895872367],[85.33137340524817,27.70065780155578]]}},{"type":"Feature","properties":{},"geometry":{"type":"LineString","coordinates":[[85.3313025828861,27.700599069183557],[85.33130135689694,27.700609534816678]]}},{"type":"Feature","properties":{},"geometry":{"type":"LineString","coordinates":[[85.33130064960662,27.70059557286819],[85.33129375205934,27.700606045952707]]}},{"type":"Feature","properties":{},"geometry":{"type":"LineString","coordinates":[[85.33124353945587,27.700491090321908],[85.33125941419605,27.700513404077864]]}},{"type":"Feature","properties":{},"geometry":{"type":"LineString","coordinates":[[85.33126095779255,27.70048326397559],[85.33125311203815,27.700471084259284]]}},{"type":"Feature","properties":{},"geometry":{"type":"LineString","coordinates":[[85.33138809156523,27.70042418110618],[85.33138181202132,27.700413563634715]]}},{"type":"Feature","properties":{},"geometry":{"type":"LineString","coordinates":[[85.33144019618113,27.700406583914837],[85.33145544006429,27.700436173625032]]}},{"type":"Feature","properties":{},"geometry":{"type":"LineString","coordinates":[[85.33168712482879,27.700406938802054],[85.33166187622437,27.700416032789878]]}},{"type":"Feature","properties":{},"geometry":{"type":"LineString","coordinates":[[85.33168900572808,27.70045994296592],[85.33170354453573,27.700462694046617]]}},{"type":"Feature","properties":{},"geometry":{"type":"LineString","coordinates":[[85.33169384062435,27.700480139830862],[85.3316888254512,27.70049059320076]]}},{"type":"Feature","properties":{},"geometry":{"type":"LineString","coordinates":[[85.3317694631287,27.700228702603326],[85.33177919708663,27.700203012378275]]}},{"type":"Feature","properties":{},"geometry":{"type":"LineString","coordinates":[[85.33176855457688,27.700224901847005],[85.33176175587934,27.700225080758887]]}},{"type":"Feature","properties":{},"geometry":{"type":"LineString","coordinates":[[85.33177158687046,27.700243410880823],[85.33178682198952,27.70023891474172]]}},{"type":"Feature","properties":{},"geometry":{"type":"LineString","coordinates":[[85.3317990723519,27.700356384854757],[85.3317918486516,27.700356238241294]]}},{"type":"Feature","properties":{},"geometry":{"type":"LineString","coordinates":[[85.3317986164105,27.700353493907826],[85.33181496228838,27.700342438780336]]}},{"type":"Feature","properties":{},"geometry":{"type":"LineString","coordinates":[[85.33180312945323,27.70037285203251],[85.33181901551639,27.700367294212313]]}},{"type":"Feature","properties":{},"geometry":{"type":"LineString","coordinates":[[85.33182052191167,27.700437057830744],[85.33184008531383,27.700428468428544]]}},{"type":"Feature","properties":{},"geometry":{"type":"LineString","coordinates":[[85.33169540243307,27.700481925844908],[85.33170873511077,27.700528971283735]]}},{"type":"Feature","properties":{},"geometry":{"type":"LineString","coordinates":[[85.33198136951295,27.700500928008132],[85.33197607891978,27.70048822134042]]}},{"type":"Feature","properties":{},"geometry":{"type":"LineString","coordinates":[[85.33198175085013,27.700501057154643],[85.33198330358745,27.70053457672118]]}},{"type":"Feature","properties":{},"geometry":{"type":"LineString","coordinates":[[85.3319897547801,27.70049904162338],[85.33199417753444,27.700531539785775]]}},{"type":"Feature","properties":{},"geometry":{"type":"LineString","coordinates":[[85.33187233256302,27.700647393268895],[85.33186738467522,27.70063795615332]]}},{"type":"Feature","properties":{},"geometry":{"type":"LineString","coordinates":[[85.33180926059812,27.700670496696382],[85.33178481304434,27.700648589637545]]}},{"type":"Feature","properties":{},"geometry":{"type":"LineString","coordinates":[[85.33180656966387,27.700669344206077],[85.33178468595172,27.700671811623383]]}},{"type":"Feature","properties":{},"geometry":{"type":"LineString","coordinates":[[85.3318298563088,27.700760242645384],[85.33182286631538,27.700753595975176]]}},{"type":"Feature","properties":{},"geometry":{"type":"LineString","coordinates":[[85.33182380032909,27.700779123224482],[85.33183906897693,27.700780161021083]]}},{"type":"Feature","properties":{},"geometry":{"type":"LineString","coordinates":[[85.33181073786655,27.70082004087887],[85.33180370277941,27.70081889199957]]}},{"type":"Feature","properties":{},"geometry":{"type":"LineString","coordinates":[[85.33180568746246,27.70083394337438],[85.33181933239726,27.700835865060316]]}},{"type":"Feature","properties":{},"geometry":{"type":"LineString","coordinates":[[85.33180201974665,27.70084734175967],[85.33179362362705,27.70084480640825]]}},{"type":"Feature","properties":{},"geometry":{"type":"LineString","coordinates":[[85.33179426860615,27.70087033558964],[85.33181019885991,27.7008726106355]]}},{"type":"Feature","properties":{},"geometry":{"type":"LineString","coordinates":[[85.33176910931341,27.70094281586007],[85.33178092828784,27.70095251809233]]}},{"type":"Feature","properties":{},"geometry":{"type":"LineString","coordinates":[[85.33168821193415,27.700927363193077],[85.33167811203022,27.700940507160848]]}},{"type":"Feature","properties":{},"geometry":{"type":"LineString","coordinates":[[85.33163859046451,27.700911163721493],[85.33164157796678,27.700905286216567]]}},{"type":"Feature","properties":{},"geometry":{"type":"LineString","coordinates":[[85.33159085148203,27.70088813656463],[85.33156509447659,27.700898246992594]]}},{"type":"Feature","properties":{},"geometry":{"type":"LineString","coordinates":[[85.33203199322516,27.70049382384901],[85.33203212657546,27.70052092723336]]}},{"type":"Feature","properties":{},"geometry":{"type":"LineString","coordinates":[[85.3320948320056,27.70048957809745],[85.33209747580385,27.700519901340154]]}},{"type":"Feature","properties":{},"geometry":{"type":"LineString","coordinates":[[85.33212210753874,27.700488024888102],[85.33212020677345,27.700474587384228]]}},{"type":"Feature","properties":{},"geometry":{"type":"LineString","coordinates":[[85.3321826360028,27.70048173586789],[85.33218369034986,27.700512958757454]]}},{"type":"Feature","properties":{},"geometry":{"type":"LineString","coordinates":[[85.33219967048652,27.700480076415456],[85.3321963939157,27.700470157627283]]}},{"type":"Feature","properties":{},"geometry":{"type":"LineString","coordinates":[[85.33218460747824,27.70028894329282],[85.33219171566999,27.70028668319762]]}},{"type":"Feature","properties":{},"geometry":{"type":"LineString","coordinates":[[85.33217105057632,27.70025022934082],[85.33215721094741,27.700251912839473]]}},{"type":"Feature","properties":{},"geometry":{"type":"LineString","coordinates":[[85.33211030047401,27.700106602090237],[85.33210510771924,27.700108732727124]]}},{"type":"Feature","properties":{},"geometry":{"type":"LineString","coordinates":[[85.33213735765504,27.70017241259715],[85.33212693408618,27.700176975768372]]}},{"type":"Feature","properties":{},"geometry":{"type":"LineString","coordinates":[[85.33214728333863,27.700201256740804],[85.33213772359912,27.700204627220074]]}},{"type":"Feature","properties":{},"geometry":{"type":"LineString","coordinates":[[85.33231032245179,27.70019494896079],[85.33231048297908,27.700186659164732]]}},{"type":"Feature","properties":{},"geometry":{"type":"LineString","coordinates":[[85.33250291041463,27.7003921781348],[85.33251330139973,27.700417170359337]]}},{"type":"Feature","properties":{},"geometry":{"type":"LineString","coordinates":[[85.33233767471178,27.7004922445765],[85.33234903414701,27.700488221558157]]}},{"type":"Feature","properties":{},"geometry":{"type":"LineString","coordinates":[[85.33198573480884,27.701071058364363],[85.33199226887281,27.70109394994876]]}},{"type":"Feature","properties":{},"geometry":{"type":"LineString","coordinates":[[85.3319851591205,27.70107324011209],[85.33196995204369,27.701097420322654]]}},{"type":"Feature","properties":{},"geometry":{"type":"LineString","coordinates":[[85.33201058751843,27.700991526344158],[85.33194022219779,27.700983779431684]]}},{"type":"Feature","properties":{},"geometry":{"type":"LineString","coordinates":[[85.33210419956214,27.700985865221273],[85.33212396506912,27.700988929237123]]}},{"type":"Feature","properties":{},"geometry":{"type":"LineString","coordinates":[[85.33210219276428,27.700985467387806],[85.33211633605083,27.70102409995967]]}},{"type":"Feature","properties":{},"geometry":{"type":"LineString","coordinates":[[85.33203840069766,27.700882086982013],[85.33200981457102,27.70087813055805]]}},{"type":"Feature","properties":{},"geometry":{"type":"LineString","coordinates":[[85.33204092567586,27.70087241589202],[85.33205355819535,27.70087516563142]]}},{"type":"Feature","properties":{},"geometry":{"type":"LineString","coordinates":[[85.33205492213824,27.700820819662336],[85.3320703202221,27.700820348124136]]}},{"type":"Feature","properties":{},"geometry":{"type":"LineString","coordinates":[[85.33206700181553,27.70078884343915],[85.3320635546609,27.700786541019205]]}},{"type":"Feature","properties":{},"geometry":{"type":"LineString","coordinates":[[85.33210345892743,27.700698975305407],[85.3320868384277,27.70069568112165]]}},{"type":"Feature","properties":{},"geometry":{"type":"LineString","coordinates":[[85.33221709562409,27.700692986742922],[85.3322134104625,27.700702068033195]]}},{"type":"Feature","properties":{},"geometry":{"type":"LineString","coordinates":[[85.3322454567253,27.70069853521828],[85.33224568353728,27.700675550898456]]}},{"type":"Feature","properties":{},"geometry":{"type":"LineString","coordinates":[[85.33225379617531,27.70070012940226],[85.33225387047814,27.70071204757079]]}},{"type":"Feature","properties":{},"geometry":{"type":"LineString","coordinates":[[85.3323317336941,27.70070870294501],[85.33233263081917,27.700720058808752]]}},{"type":"Feature","properties":{},"geometry":{"type":"LineString","coordinates":[[85.33235847447355,27.700610545097888],[85.33232520433083,27.70061454335364]]}},{"type":"Feature","properties":{},"geometry":{"type":"LineString","coordinates":[[85.33235284286606,27.700576781447445],[85.33237237653942,27.700568812566065]]}},{"type":"Feature","properties":{},"geometry":{"type":"LineString","coordinates":[[85.3323263854125,27.70034380783736],[85.3323334600496,27.70034288761793]]}},{"type":"Feature","properties":{},"geometry":{"type":"LineString","coordinates":[[85.33257352973337,27.700297889977826],[85.33258879496607,27.700294413091676]]}},{"type":"Feature","properties":{},"geometry":{"type":"LineString","coordinates":[[85.33256549000134,27.700281318892635],[85.33253797194793,27.70028642170852]]}},{"type":"Feature","properties":{},"geometry":{"type":"LineString","coordinates":[[85.33255935239056,27.700264293267775],[85.33257102228802,27.700260323609687]]}},{"type":"Feature","properties":{},"geometry":{"type":"LineString","coordinates":[[85.33253870177323,27.700214406979125],[85.3325481278226,27.700213226253886]]}},{"type":"Feature","properties":{},"geometry":{"type":"LineString","coordinates":[[85.33252508744442,27.700182797242665],[85.33249774161345,27.700189312811922]]}},{"type":"Feature","properties":{},"geometry":{"type":"LineString","coordinates":[[85.33250606035428,27.700144379355862],[85.33251651317826,27.70013942480096]]}},{"type":"Feature","properties":{},"geometry":{"type":"LineString","coordinates":[[85.33249987127573,27.700129806240614],[85.33247556006681,27.700136011777907]]}},{"type":"Feature","properties":{},"geometry":{"type":"LineString","coordinates":[[85.33249662548866,27.70012293032666],[85.33250644567099,27.70011503396111]]}},{"type":"Feature","properties":{},"geometry":{"type":"LineString","coordinates":[[85.33247281478643,27.70007167289951],[85.3324455147443,27.700079913784595]]}},{"type":"Feature","properties":{},"geometry":{"type":"LineString","coordinates":[[85.3326836485829,27.700349050558934],[85.33269257774454,27.700374886198897]]}},{"type":"Feature","properties":{},"geometry":{"type":"LineString","coordinates":[[85.3327512137493,27.70032865432996],[85.33275762716488,27.700361892171703]]}},{"type":"Feature","properties":{},"geometry":{"type":"LineString","coordinates":[[85.3327571968755,27.70032636080012],[85.33276440476497,27.700360700295445]]}},{"type":"Feature","properties":{},"geometry":{"type":"LineString","coordinates":[[85.33278223374103,27.700323451041918],[85.33277840183885,27.700344190631355]]}},{"type":"Feature","properties":{},"geometry":{"type":"LineString","coordinates":[[85.33280402524097,27.70022064582076],[85.3328233822749,27.70021795376262]]}},{"type":"Feature","properties":{},"geometry":{"type":"LineString","coordinates":[[85.33279638822508,27.70017044244497],[85.33281360809353,27.700168657887946]]}},{"type":"Feature","properties":{},"geometry":{"type":"LineString","coordinates":[[85.33279329666236,27.700127870719164],[85.33280827040115,27.70012142090636]]}},{"type":"Feature","properties":{},"geometry":{"type":"LineString","coordinates":[[85.33293824946057,27.700302829236684],[85.3329382404968,27.700322832354825]]}},{"type":"Feature","properties":{},"geometry":{"type":"LineString","coordinates":[[85.33294163568513,27.70030246928001],[85.33294436659375,27.700324741910805]]}},{"type":"Feature","properties":{},"geometry":{"type":"LineString","coordinates":[[85.33294230080826,27.700303007988865],[85.33294694324483,27.700325007600963]]}},{"type":"Feature","properties":{},"geometry":{"type":"LineString","coordinates":[[85.33294479239036,27.700301798789763],[85.33295167638276,27.700324561874876]]}},{"type":"Feature","properties":{},"geometry":{"type":"LineString","coordinates":[[85.33300229250591,27.700300068726722],[85.33302666684266,27.70029651555066]]}},{"type":"Feature","properties":{},"geometry":{"type":"LineString","coordinates":[[85.33302507888364,27.70036376532323],[85.33303385051543,27.700363076698217]]}},{"type":"Feature","properties":{},"geometry":{"type":"LineString","coordinates":[[85.3330356456225,27.700388276764073],[85.33302932747712,27.700389862282673]]}},{"type":"Feature","properties":{},"geometry":{"type":"LineString","coordinates":[[85.33304383858035,27.700424794229836],[85.33305165509374,27.700425234024596]]}},{"type":"Feature","properties":{},"geometry":{"type":"LineString","coordinates":[[85.33304486584058,27.700428460123366],[85.333039315344,27.700428575605297]]}},{"type":"Feature","properties":{},"geometry":{"type":"LineString","coordinates":[[85.3330515070637,27.70047947372116],[85.3330577935238,27.70047710440636]]}},{"type":"Feature","properties":{},"geometry":{"type":"LineString","coordinates":[[85.33306699620852,27.700535655357903],[85.33307634592643,27.70054903903794]]}},{"type":"Feature","properties":{},"geometry":{"type":"LineString","coordinates":[[85.33306576958802,27.70053296362368],[85.33306528185307,27.700548708159328]]}},{"type":"Feature","properties":{},"geometry":{"type":"LineString","coordinates":[[85.33237701950928,27.699951276769987],[85.33238886309628,27.699982765909652]]}},{"type":"Feature","properties":{},"geometry":{"type":"LineString","coordinates":[[85.33223260872953,27.699944886335444],[85.33223304165986,27.699959027294057]]}},{"type":"Feature","properties":{},"geometry":{"type":"LineString","coordinates":[[85.33123503813417,27.700006100062822],[85.33123446824008,27.70001603117209]]}},{"type":"Feature","properties":{},"geometry":{"type":"LineString","coordinates":[[85.3312726055392,27.700011898695124],[85.33127289631314,27.700019246249923]]}},{"type":"Feature","properties":{},"geometry":{"type":"LineString","coordinates":[[85.33143139694572,27.700014436277367],[85.33143340683715,27.70003022624685]]}},{"type":"Feature","properties":{},"geometry":{"type":"LineString","coordinates":[[85.33150689900954,27.7000109598497],[85.33150801759034,27.700022550341277]]}},{"type":"Feature","properties":{},"geometry":{"type":"LineString","coordinates":[[85.33165840823754,27.69999453257008],[85.33166515909244,27.700004830791276]]}},{"type":"Feature","properties":{},"geometry":{"type":"LineString","coordinates":[[85.33178487450142,27.699975617383277],[85.33178542804652,27.69999029139687]]}},{"type":"Feature","properties":{},"geometry":{"type":"LineString","coordinates":[[85.33198056097105,27.699954087450884],[85.33198297742322,27.699961818929413]]}},{"type":"Feature","properties":{},"geometry":{"type":"LineString","coordinates":[[85.331902417189,27.70203927408244],[85.33222876433207,27.70189977912577]]}},{"type":"Feature","properties":{},"geometry":{"type":"LineString","coordinates":[[85.33214652196115,27.701692802008058],[85.33226327861667,27.701669492283056]]}},{"type":"Feature","properties":{},"geometry":{"type":"LineString","coordinates":[[85.33214652196115,27.701692802008058],[85.33210899615742,27.701450924967833],[85.33207181758088,27.701403588654912]]}},{"type":"Feature","properties":{},"geometry":{"type":"LineString","coordinates":[[85.33207181758088,27.701403588654912],[85.33220388994798,27.701401146335577],[85.3322350827069,27.701422812375895],[85.33246226625255,27.70162878624257],[85.33251049523928,27.701754071633626]]}},{"type":"Feature","properties":{},"geometry":{"type":"LineString","coordinates":[[85.33207181758088,27.701403588654912],[85.33189590456298,27.701418694267943]]}},{"type":"Feature","properties":{},"geometry":{"type":"LineString","coordinates":[[85.3319000877899,27.701265266935938],[85.33189590456298,27.701418694267943]]}},{"type":"Feature","properties":{},"geometry":{"type":"LineString","coordinates":[[85.33189590456298,27.701418694267943],[85.33186516894139,27.70158711340957]]}},{"type":"Feature","properties":{},"geometry":{"type":"LineString","coordinates":[[85.33186516894139,27.70158711340957],[85.33163563353142,27.701548554038222]]}},{"type":"Feature","properties":{},"geometry":{"type":"LineString","coordinates":[[85.33241951546162,27.70159264582111],[85.33243211371274,27.701586918364473]]}},{"type":"Feature","properties":{},"geometry":{"type":"LineString","coordinates":[[85.33242158767527,27.701594410899286],[85.33244306850736,27.701625320255154]]}},{"type":"Feature","properties":{},"geometry":{"type":"LineString","coordinates":[[85.33242380414073,27.701596292338944],[85.33246746929456,27.70162484971576]]}},{"type":"Feature","properties":{},"geometry":{"type":"LineString","coordinates":[[85.33216257665006,27.701749647597822],[85.33214006019263,27.701751566813773]]}},{"type":"Feature","properties":{},"geometry":{"type":"LineString","coordinates":[[85.33215601871777,27.701726320704378],[85.33216076704379,27.701723146781482]]}},{"type":"Feature","properties":{},"geometry":{"type":"LineString","coordinates":[[85.33215549230201,27.701724462329448],[85.33216554449811,27.70171665724028]]}},{"type":"Feature","properties":{},"geometry":{"type":"LineString","coordinates":[[85.33214438853011,27.70167225863352],[85.33216612017061,27.70166753476345]]}},{"type":"Feature","properties":{},"geometry":{"type":"LineString","coordinates":[[85.33224307620715,27.70167367862041],[85.33226335875347,27.701664889340226]]}},{"type":"Feature","properties":{},"geometry":{"type":"LineString","coordinates":[[85.33224658772085,27.701673017837326],[85.33226386651576,27.70167504282835]]}},{"type":"Feature","properties":{},"geometry":{"type":"LineString","coordinates":[[85.33212935475787,27.701543750227394],[85.33213834329848,27.701548008445283]]}},{"type":"Feature","properties":{},"geometry":{"type":"LineString","coordinates":[[85.33212868888945,27.701530858302238],[85.3321108891923,27.701534282032128]]}},{"type":"Feature","properties":{},"geometry":{"type":"LineString","coordinates":[[85.33210899615742,27.701450924967833],[85.33212030028048,27.70145021276222]]}},{"type":"Feature","properties":{},"geometry":{"type":"LineString","coordinates":[[85.33209149165528,27.70143393927623],[85.33207621896477,27.701446296202082]]}},{"type":"Feature","properties":{},"geometry":{"type":"LineString","coordinates":[[85.33212278188826,27.70140058706021],[85.33212547780963,27.70140908094775]]}},{"type":"Feature","properties":{},"geometry":{"type":"LineString","coordinates":[[85.33220388994798,27.701401146335577],[85.3322045873008,27.70138983044007]]}},{"type":"Feature","properties":{},"geometry":{"type":"LineString","coordinates":[[85.3322089405718,27.701405432019065],[85.33222897156683,27.701397777827356]]}},{"type":"Feature","properties":{},"geometry":{"type":"LineString","coordinates":[[85.33227480947276,27.70146409074142],[85.33228110280578,27.701460940841493]]}},{"type":"Feature","properties":{},"geometry":{"type":"LineString","coordinates":[[85.33227614113217,27.70146707617366],[85.3322700678661,27.70147162496955]]}},{"type":"Feature","properties":{},"geometry":{"type":"LineString","coordinates":[[85.3322786496465,27.70147022380143],[85.33228569388979,27.70146630585167]]}},{"type":"Feature","properties":{},"geometry":{"type":"LineString","coordinates":[[85.33233163804414,27.70151890036316],[85.3323272531005,27.70152791997456]]}},{"type":"Feature","properties":{},"geometry":{"type":"LineString","coordinates":[[85.33234311454832,27.70152905872524],[85.33234640390046,27.701516066427867]]}},{"type":"Feature","properties":{},"geometry":{"type":"LineString","coordinates":[[85.33189316231164,27.701441648272663],[85.331878277892,27.701438476967905]]}},{"type":"Feature","properties":{},"geometry":{"type":"LineString","coordinates":[[85.33188843879967,27.701452924677497],[85.33191980945159,27.701462958157908]]}},{"type":"Feature","properties":{},"geometry":{"type":"LineString","coordinates":[[85.3318707713488,27.701544055271214],[85.3319018718603,27.701548116937747]]}},{"type":"Feature","properties":{},"geometry":{"type":"LineString","coordinates":[[85.33186887571443,27.701567215329696],[85.33189872968143,27.70157263024242]]}},{"type":"Feature","properties":{},"geometry":{"type":"LineString","coordinates":[[85.33172898410007,27.7015665801669],[85.33172568789368,27.701561086335374]]}},{"type":"Feature","properties":{},"geometry":{"type":"LineString","coordinates":[[85.33168697727136,27.701559410419296],[85.33168599135756,27.701565960978968]]}},{"type":"Feature","properties":{},"geometry":{"type":"LineString","coordinates":[[85.33163898255896,27.701549108852277],[85.33162336635493,27.70154224810204]]}},{"type":"Feature","properties":{},"geometry":{"type":"LineString","coordinates":[[85.33184845748188,27.701683456912814],[85.331884298882,27.70168436985408]]}},{"type":"Feature","properties":{},"geometry":{"type":"LineString","coordinates":[[85.33184741252886,27.701689422812525],[85.33183929426114,27.70169134940725]]}},{"type":"Feature","properties":{},"geometry":{"type":"LineString","coordinates":[[85.33184243246413,27.701730697788573],[85.33187493649429,27.701736356740177]]}},{"type":"Feature","properties":{},"geometry":{"type":"LineString","coordinates":[[85.33183670720237,27.701802630628528],[85.33182317902,27.701801491955916]]}},{"type":"Feature","properties":{},"geometry":{"type":"LineString","coordinates":[[85.33183497328064,27.701817358304247],[85.33186715273142,27.70182082466346]]}},{"type":"Feature","properties":{},"geometry":{"type":"LineString","coordinates":[[85.33183484301266,27.701842255381365],[85.3318176932333,27.701841280653976]]}},{"type":"Feature","properties":{},"geometry":{"type":"LineString","coordinates":[[85.33183807075959,27.701916782629624],[85.33182833238368,27.701918086797278]]}},{"type":"Feature","properties":{},"geometry":{"type":"LineString","coordinates":[[85.3305554212178,27.70291027543152],[85.33044233939812,27.702916963303323],[85.33033377578454,27.702957310202034]]}},{"type":"Feature","properties":{},"geometry":{"type":"LineString","coordinates":[[85.33052133991434,27.702844478315725],[85.3305554212178,27.70291027543152]]}},{"type":"Feature","properties":{},"geometry":{"type":"LineString","coordinates":[[85.33056295740558,27.702820229594707],[85.33055931633064,27.70281074682172]]}},{"type":"Feature","properties":{},"geometry":{"type":"LineString","coordinates":[[85.32900279468365,27.69970393155047],[85.32892139488736,27.699577721196132],[85.3287457433437,27.699553149967233],[85.32869577240336,27.699433587093154]]}},{"type":"Feature","properties":{},"geometry":{"type":"LineString","coordinates":[[85.32900142981234,27.6997051299082],[85.32892008749903,27.699579006891707],[85.32874447605282,27.69955546414896],[85.32869503481217,27.69943587607982],[85.32647526471263,27.699983878151237]]}},{"type":"Feature","properties":{},"geometry":{"type":"LineString","coordinates":[[85.33016702980119,27.69971911610981],[85.32972797550241,27.699656138700075]]}},{"type":"Feature","properties":{},"geometry":{"type":"LineString","coordinates":[[85.33557732204166,27.70295172268826],[85.33574310110703,27.702839173075294]]}},{"type":"Feature","properties":{},"geometry":{"type":"LineString","coordinates":[[85.33073404828637,27.69974940230429],[85.33061795230965,27.6997264919633],[85.33041046050297,27.699730793236874]]}},{"type":"Feature","properties":{},"geometry":{"type":"LineString","coordinates":[[85.33033377578454,27.702957310202034],[85.33016929220618,27.703009061310826]]}},{"type":"Feature","properties":{},"geometry":{"type":"LineString","coordinates":[[85.33026657706345,27.702984873131857],[85.33026159821644,27.702973875983908]]}},{"type":"Feature","properties":{},"geometry":{"type":"LineString","coordinates":[[85.33027429013946,27.702981661028733],[85.33027714635362,27.70299693592955]]}},{"type":"Feature","properties":{},"geometry":{"type":"LineString","coordinates":[[85.33033377578454,27.702957310202034],[85.33028433578988,27.70281539268911]]}},{"type":"Feature","properties":{},"geometry":{"type":"LineString","coordinates":[[85.33030178958515,27.7028644753599],[85.33032266540934,27.70285610599862]]}},{"type":"Feature","properties":{},"geometry":{"type":"LineString","coordinates":[[85.33030065280825,27.702861413739125],[85.33031799098912,27.70285714982674]]}},{"type":"Feature","properties":{},"geometry":{"type":"LineString","coordinates":[[85.33029938774924,27.702858385770508],[85.33031134685594,27.70284470205392]]}},{"type":"Feature","properties":{},"geometry":{"type":"LineString","coordinates":[[85.3302919316471,27.702838060679493],[85.33028191908284,27.702829327785278]]}},{"type":"Feature","properties":{},"geometry":{"type":"LineString","coordinates":[[85.3302910253798,27.70283484479534],[85.33027491431108,27.702814592210796]]}},{"type":"Feature","properties":{},"geometry":{"type":"LineString","coordinates":[[85.33085751444465,27.702370445260105],[85.3308498766605,27.702343197254088]]}},{"type":"Feature","properties":{},"geometry":{"type":"LineString","coordinates":[[85.33081441023316,27.70237180012857],[85.33081376013968,27.70238213280154]]}},{"type":"Feature","properties":{},"geometry":{"type":"LineString","coordinates":[[85.33073460049195,27.70238616308357],[85.33073748510041,27.70239304731596]]}},{"type":"Feature","properties":{},"geometry":{"type":"LineString","coordinates":[[85.33063736220967,27.70240620044734],[85.33063159978389,27.702376864884783]]}},{"type":"Feature","properties":{},"geometry":{"type":"LineString","coordinates":[[85.33061398869748,27.702407922246575],[85.33061379596523,27.702379615064]]}},{"type":"Feature","properties":{},"geometry":{"type":"LineString","coordinates":[[85.33049698234842,27.70239440711665],[85.33049426092694,27.702407178767412]]}},{"type":"Feature","properties":{},"geometry":{"type":"LineString","coordinates":[[85.33047618868774,27.702255773832782],[85.33045059358578,27.702243898077345]]}},{"type":"Feature","properties":{},"geometry":{"type":"LineString","coordinates":[[85.33047945936158,27.702246555825962],[85.33048933716383,27.702222440592596]]}},{"type":"Feature","properties":{},"geometry":{"type":"LineString","coordinates":[[85.33032872808772,27.70238783896082],[85.33032849136734,27.702401455578222]]}},{"type":"Feature","properties":{},"geometry":{"type":"LineString","coordinates":[[85.33023195070776,27.702388456925505],[85.33023100630798,27.702397202972236]]}},{"type":"Feature","properties":{},"geometry":{"type":"LineString","coordinates":[[85.33020614960802,27.702389377694757],[85.33020732075568,27.702360078818224]]}},{"type":"Feature","properties":{},"geometry":{"type":"LineString","coordinates":[[85.33015726316495,27.70239200831371],[85.33016105006526,27.70235787985853]]}},{"type":"Feature","properties":{},"geometry":{"type":"LineString","coordinates":[[85.33045617725894,27.702388615233676],[85.33012294117738,27.70239019174307],[85.32992984370976,27.70232431023159]]}},{"type":"Feature","properties":{},"geometry":{"type":"LineString","coordinates":[[85.33045617725894,27.702388615233676],[85.33048917441744,27.702218276973674]]}},{"type":"Feature","properties":{},"geometry":{"type":"LineString","coordinates":[[85.32402300315715,27.701891552956145],[85.32388406743367,27.70158175182275],[85.32378123508424,27.701153115998743]]}},{"type":"Feature","properties":{},"geometry":{"type":"LineString","coordinates":[[85.3236487426762,27.7007429598354],[85.32381449652775,27.70126137501449],[85.32386431916187,27.701531459216106],[85.32410055422709,27.70208978157227]]}},{"type":"Feature","properties":{},"geometry":{"type":"LineString","coordinates":[[85.3236487426762,27.7007429598354],[85.3229027050823,27.700919188282068],[85.32233466487902,27.7010805468548],[85.32228656187674,27.701148065636104],[85.32235095827058,27.70156180486654]]}},{"type":"Feature","properties":{},"geometry":{"type":"LineString","coordinates":[[85.32332093812177,27.701469969904306],[85.32279294620932,27.70155259600249],[85.32274336938288,27.701359703964908],[85.32268948323753,27.70132188417607],[85.32256846564039,27.701468352644426],[85.32257893919909,27.701533215681184],[85.32235095827058,27.70156180486654]]}},{"type":"Feature","properties":{},"geometry":{"type":"LineString","coordinates":[[85.32332093812177,27.701469969904306],[85.3235106195433,27.701824406971188],[85.32354011844922,27.701925790896606]]}},{"type":"Feature","properties":{},"geometry":{"type":"LineString","coordinates":[[85.32348081511684,27.701242991145342],[85.32338415206665,27.701031378824347]]}},{"type":"Feature","properties":{},"geometry":{"type":"LineString","coordinates":[[85.32352120903931,27.70123210731572],[85.32355927078191,27.701371735707042]]}},{"type":"Feature","properties":{},"geometry":{"type":"LineString","coordinates":[[85.32418962357515,27.702293680397105],[85.32446688258617,27.702164161546992]]}},{"type":"Feature","properties":{},"geometry":{"type":"LineString","coordinates":[[85.3248532671643,27.701902690581115],[85.32513219565121,27.702252755920263]]}},{"type":"Feature","properties":{},"geometry":{"type":"LineString","coordinates":[[85.32340276947286,27.702472863913965],[85.32386213864191,27.70238597057201],[85.32408934876662,27.70231441915951]]}},{"type":"Feature","properties":{},"geometry":{"type":"LineString","coordinates":[[85.32416770757722,27.702559086388142],[85.3242199523867,27.70268527859556],[85.32444794413846,27.702622794042313],[85.32444102172204,27.702541993585466],[85.32463379134681,27.702537988087652]]}},{"type":"Feature","properties":{},"geometry":{"type":"LineString","coordinates":[[85.32416141668503,27.70254215063758],[85.32375200427873,27.702668952226254]]}},{"type":"Feature","properties":{},"geometry":{"type":"LineString","coordinates":[[85.32416770757722,27.702559086388142],[85.32443115794926,27.702489243014206],[85.32468639224415,27.702478211715636]]}},{"type":"Feature","properties":{},"geometry":{"type":"LineString","coordinates":[[85.32402300315715,27.701891552956145],[85.32442190812469,27.701738258037352],[85.3242455436606,27.70163026070892],[85.32417218007215,27.70155449905409]]}},{"type":"Feature","properties":{},"geometry":{"type":"LineString","coordinates":[[85.32410055422709,27.70208978157227],[85.32454792317692,27.701923109689577]]}},{"type":"Feature","properties":{},"geometry":{"type":"LineString","coordinates":[[85.32446688258617,27.702164161546992],[85.32460306225018,27.702360206837746]]}},{"type":"Feature","properties":{},"geometry":{"type":"LineString","coordinates":[[85.3246575999847,27.70205601862421],[85.32484255346841,27.70231842623542]]}},{"type":"Feature","properties":{},"geometry":{"type":"LineString","coordinates":[[85.32317990127484,27.702532376236988],[85.32314211919345,27.70242659488439],[85.3231362928068,27.70232351835077]]}},{"type":"Feature","properties":{},"geometry":{"type":"LineString","coordinates":[[85.32340276947286,27.702472863913965],[85.32329064304479,27.702030344174123]]}},{"type":"Feature","properties":{},"geometry":{"type":"LineString","coordinates":[[85.3227838321214,27.703045228854663],[85.32283158251134,27.70324878218751],[85.322859934904,27.70326458723063],[85.32323648567817,27.703118856546467],[85.32334531059698,27.703054356371567]]}},{"type":"Feature","properties":{},"geometry":{"type":"LineString","coordinates":[[85.32279850481598,27.703039164607734],[85.32293189399594,27.703005704948556],[85.32297336827185,27.70311459703346]]}},{"type":"Feature","properties":{},"geometry":{"type":"LineString","coordinates":[[85.32303715790363,27.702636745215894],[85.3231939944027,27.70281622398134],[85.32334531059698,27.703054356371567]]}},{"type":"Feature","properties":{},"geometry":{"type":"LineString","coordinates":[[85.32348993216408,27.70319992618373],[85.32324590872565,27.703435367759777]]}},{"type":"Feature","properties":{},"geometry":{"type":"LineString","coordinates":[[85.32513219565121,27.702252755920263],[85.32523788738858,27.702123440391844]]}},{"type":"Feature","properties":{},"geometry":{"type":"LineString","coordinates":[[85.32517915340506,27.70545230978983],[85.32512741850445,27.70527120856078],[85.32511188524069,27.704945817283203]]}},{"type":"Feature","properties":{},"geometry":{"type":"LineString","coordinates":[[85.32478211799202,27.703631969073818],[85.32483330636997,27.703493424655587],[85.32495866704778,27.703370094852062],[85.32496438165421,27.703177075583636]]}},{"type":"Feature","properties":{},"geometry":{"type":"LineString","coordinates":[[85.32386738412875,27.703787984979307],[85.32414939244514,27.703868192589987],[85.32424669663344,27.70387120090869],[85.32457727294951,27.703776960880298],[85.32471421283938,27.703678645686484]]}},{"type":"Feature","properties":{},"geometry":{"type":"LineString","coordinates":[[85.32383656298154,27.703318876349762],[85.32374469142637,27.703142132637826],[85.32385227771549,27.70294057871751],[85.32373767459893,27.702750302240645]]}},{"type":"Feature","properties":{},"geometry":{"type":"LineString","coordinates":[[85.32386738412875,27.703787984979307],[85.32381025915683,27.703888248654966]]}},{"type":"Feature","properties":{},"geometry":{"type":"LineString","coordinates":[[85.32566530098747,27.701874655069407],[85.32548677350269,27.702064887432172],[85.32543653618549,27.702345990338696],[85.32542752704747,27.702644920862017],[85.32509679864654,27.702803300811546],[85.32501837808607,27.702867931118092]]}},{"type":"Feature","properties":{},"geometry":{"type":"LineString","coordinates":[[85.32496146255592,27.703144589147524],[85.32489487450808,27.70315213287843],[85.32474084007406,27.70321749426312],[85.32469274933987,27.70319954093179],[85.32461349057645,27.70321034642402]]}},{"type":"Feature","properties":{},"geometry":{"type":"LineString","coordinates":[[85.32423099426282,27.70064502646185],[85.32427360540228,27.700673243258084],[85.32432229820296,27.700776354896774],[85.32430905858125,27.701254431425035],[85.32433248568115,27.70135564333472],[85.3244081444473,27.701445646013216],[85.32446089775256,27.70148139724212],[85.3246708230001,27.701548081963725],[85.32506579402092,27.701616977377462],[85.32543826881887,27.70180769720031],[85.32550167347571,27.701807890127277],[85.32566530098747,27.701874655069407]]}},{"type":"Feature","properties":{},"geometry":{"type":"LineString","coordinates":[[85.32496438165421,27.703177075583636],[85.32522488858253,27.703145857571812]]}},{"type":"Feature","properties":{},"geometry":{"type":"LineString","coordinates":[[85.32437400152791,27.70328510026966],[85.32434494513583,27.703149310417658]]}},{"type":"Feature","properties":{},"geometry":{"type":"LineString","coordinates":[[85.32461349057645,27.70321034642402],[85.32455138983565,27.70302513207849],[85.32446572940489,27.703042515398206]]}},{"type":"Feature","properties":{},"geometry":{"type":"LineString","coordinates":[[85.32510674786839,27.704513024928644],[85.32499578300848,27.70450335535935],[85.32465191450666,27.704399803655523],[85.32454178029236,27.704431816215678],[85.32443192552329,27.70453353583013],[85.32427608901416,27.704557946068785]]}},{"type":"Feature","properties":{},"geometry":{"type":"LineString","coordinates":[[85.32427608901416,27.704557946068785],[85.32403136730142,27.704357151248377]]}},{"type":"Feature","properties":{},"geometry":{"type":"LineString","coordinates":[[85.32511124835864,27.70488248411131],[85.32535161907859,27.704857703917764]]}},{"type":"Feature","properties":{},"geometry":{"type":"LineString","coordinates":[[85.32535161907859,27.704857703917764],[85.3254060509904,27.705187518937016]]}},{"type":"Feature","properties":{},"geometry":{"type":"LineString","coordinates":[[85.32511188524069,27.704945817283203],[85.32485359693204,27.705028006997843],[85.32477348050544,27.704887437676817]]}},{"type":"Feature","properties":{},"geometry":{"type":"LineString","coordinates":[[85.3274503429784,27.705334519187794],[85.32661635991347,27.70529580198107],[85.32631470424586,27.70530802630522],[85.32517915340506,27.70545230978983]]}},{"type":"Feature","properties":{},"geometry":{"type":"LineString","coordinates":[[85.32688443699486,27.70430737919108],[85.3274503429784,27.705334519187794]]}},{"type":"Feature","properties":{},"geometry":{"type":"LineString","coordinates":[[85.32450535584393,27.705543414291927],[85.32447330212501,27.705395356877485],[85.32435539397598,27.705095042859192]]}},{"type":"Feature","properties":{},"geometry":{"type":"LineString","coordinates":[[85.3239295952877,27.705573035993588],[85.32450535584393,27.705543414291927]]}},{"type":"Feature","properties":{},"geometry":{"type":"LineString","coordinates":[[85.3230740708336,27.70558993944849],[85.32306977431273,27.705491532311324],[85.32311070054534,27.7054511192483]]}},{"type":"Feature","properties":{},"geometry":{"type":"LineString","coordinates":[[85.32293949159035,27.70559206723024],[85.3230740708336,27.70558993944849]]}},{"type":"Feature","properties":{},"geometry":{"type":"LineString","coordinates":[[85.3239295952877,27.705573035993588],[85.32391964838277,27.705453746793935]]}},{"type":"Feature","properties":{},"geometry":{"type":"LineString","coordinates":[[85.32331769189794,27.705586023097478],[85.3239295952877,27.705573035993588]]}},{"type":"Feature","properties":{},"geometry":{"type":"LineString","coordinates":[[85.32418293333228,27.700633562667758],[85.32399687529053,27.70065313211022],[85.323652731088,27.700741351052645]]}},{"type":"Feature","properties":{},"geometry":{"type":"LineString","coordinates":[[85.32688443699486,27.70430737919108],[85.3266392163987,27.704392502910625]]}},{"type":"Feature","properties":{},"geometry":{"type":"LineString","coordinates":[[85.32593259943404,27.702187359824123],[85.32612869650269,27.702641501674034]]}},{"type":"Feature","properties":{},"geometry":{"type":"LineString","coordinates":[[85.32646801031753,27.703456168408906],[85.32620422347935,27.703560599009908]]}},{"type":"Feature","properties":{},"geometry":{"type":"LineString","coordinates":[[85.32653592916385,27.703629551326042],[85.32626201042955,27.70373977032833],[85.32612205376915,27.703836370975118],[85.32581706260403,27.703832271138157],[85.32577546067856,27.703797624594362],[85.32562720950524,27.703514012643645]]}},{"type":"Feature","properties":{},"geometry":{"type":"LineString","coordinates":[[85.32562720950524,27.703514012643645],[85.32583526503555,27.70343127069396]]}},{"type":"Feature","properties":{},"geometry":{"type":"LineString","coordinates":[[85.32562720950524,27.703514012643645],[85.32556328650716,27.70337237515075]]}},{"type":"Feature","properties":{},"geometry":{"type":"LineString","coordinates":[[85.32679296079792,27.704140435675036],[85.32662553622532,27.70420381324207]]}},{"type":"Feature","properties":{},"geometry":{"type":"LineString","coordinates":[[85.32593259943404,27.702187359824123],[85.32556713048348,27.70232107480021]]}},{"type":"Feature","properties":{},"geometry":{"type":"LineString","coordinates":[[85.32612869650269,27.702641501674034],[85.32588877285646,27.70273457198995],[85.32583270725834,27.702659854310465]]}},{"type":"Feature","properties":{},"geometry":{"type":"LineString","coordinates":[[85.32583270725834,27.702659854310465],[85.3257834520064,27.70250662777421]]}},{"type":"Feature","properties":{},"geometry":{"type":"LineString","coordinates":[[85.32583270725834,27.702659854310465],[85.32546207796511,27.702797632086238]]}},{"type":"Feature","properties":{},"geometry":{"type":"LineString","coordinates":[[85.32620183039462,27.70281217517016],[85.32566368753889,27.702984704087445]]}},{"type":"Feature","properties":{},"geometry":{"type":"LineString","coordinates":[[85.32235095827058,27.70156180486654],[85.32241008286469,27.70196660993823]]}},{"type":"Feature","properties":{},"geometry":{"type":"LineString","coordinates":[[85.32241008286469,27.70196660993823],[85.32264100925227,27.70195433923297]]}},{"type":"Feature","properties":{},"geometry":{"type":"LineString","coordinates":[[85.32241008286469,27.70196660993823],[85.32257483382567,27.703073301887308]]}},{"type":"Feature","properties":{},"geometry":{"type":"LineString","coordinates":[[85.32286405019876,27.70506104840739],[85.32293949159035,27.70559206723024]]}},{"type":"Feature","properties":{},"geometry":{"type":"LineString","coordinates":[[85.32271170601682,27.70401405279438],[85.32286405019876,27.70506104840739]]}},{"type":"Feature","properties":{},"geometry":{"type":"LineString","coordinates":[[85.32264100925227,27.70195433923297],[85.32266195605396,27.7020742175917],[85.32275270747822,27.70206465535257]]}},{"type":"Feature","properties":{},"geometry":{"type":"LineString","coordinates":[[85.32275270747822,27.70206465535257],[85.32277922690895,27.702248294898062]]}},{"type":"Feature","properties":{},"geometry":{"type":"LineString","coordinates":[[85.32264100925227,27.70195433923297],[85.32271553628335,27.701961135860476],[85.32309442904152,27.701868862795052],[85.32308831920317,27.701792483792033],[85.32327319058834,27.70175847314084]]}},{"type":"Feature","properties":{},"geometry":{"type":"LineString","coordinates":[[85.32286405019876,27.70506104840739],[85.32307218078199,27.70501085394806],[85.3232281176517,27.704997510640606]]}},{"type":"Feature","properties":{},"geometry":{"type":"LineString","coordinates":[[85.3232281176517,27.704997510640606],[85.3232636703854,27.705024524021322],[85.32332321868212,27.705028806766578],[85.32365824275365,27.704990228007688]]}},{"type":"Feature","properties":{},"geometry":{"type":"LineString","coordinates":[[85.3232281176517,27.704997510640606],[85.32329224080186,27.70480732006866],[85.32370430108939,27.704744752224787],[85.32379246875355,27.70478056976529],[85.32386752363439,27.70477678173199]]}},{"type":"Feature","properties":{},"geometry":{"type":"LineString","coordinates":[[85.32368904948206,27.7008639470829],[85.32364759075104,27.700886920338828]]}},{"type":"Feature","properties":{},"geometry":{"type":"LineString","coordinates":[[85.32368957168947,27.700867729666854],[85.32364840805111,27.700888711865172]]}},{"type":"Feature","properties":{},"geometry":{"type":"LineString","coordinates":[[85.32374870334172,27.701064657785356],[85.32370084406946,27.701078073191038]]}},{"type":"Feature","properties":{},"geometry":{"type":"LineString","coordinates":[[85.32375104886334,27.701072216143306],[85.3236919440838,27.701087816734777]]}},{"type":"Feature","properties":{},"geometry":{"type":"LineString","coordinates":[[85.32375611277565,27.70108118199677],[85.32378759547093,27.70106975876871]]}},{"type":"Feature","properties":{},"geometry":{"type":"LineString","coordinates":[[85.32378066287056,27.701159703988285],[85.32379798710862,27.701157874894953]]}},{"type":"Feature","properties":{},"geometry":{"type":"LineString","coordinates":[[85.32385003624108,27.701405880856736],[85.32386784302838,27.70140047989835]]}},{"type":"Feature","properties":{},"geometry":{"type":"LineString","coordinates":[[85.32385248528361,27.701415889079065],[85.32380926675143,27.701426208105634]]}},{"type":"Feature","properties":{},"geometry":{"type":"LineString","coordinates":[[85.32383945887261,27.701360765286378],[85.3237988518103,27.701372921025268]]}},{"type":"Feature","properties":{},"geometry":{"type":"LineString","coordinates":[[85.3238610391396,27.701511862191513],[85.32387844166662,27.70150577671915]]}},{"type":"Feature","properties":{},"geometry":{"type":"LineString","coordinates":[[85.32355944374592,27.700766369130566],[85.32355967074457,27.700780773837085]]}},{"type":"Feature","properties":{},"geometry":{"type":"LineString","coordinates":[[85.32347600243173,27.700784164154403],[85.3234812343136,27.700798059962935]]}},{"type":"Feature","properties":{},"geometry":{"type":"LineString","coordinates":[[85.32305220744865,27.700881489396615],[85.32305973503429,27.70089439044119]]}},{"type":"Feature","properties":{},"geometry":{"type":"LineString","coordinates":[[85.3230423340945,27.700884658681694],[85.32304705984252,27.70089650410312]]}},{"type":"Feature","properties":{},"geometry":{"type":"LineString","coordinates":[[85.3227807006339,27.700950610792844],[85.32278282755104,27.70096125322986]]}},{"type":"Feature","properties":{},"geometry":{"type":"LineString","coordinates":[[85.3227531601358,27.700959863991457],[85.322753672708,27.700980121567145]]}},{"type":"Feature","properties":{},"geometry":{"type":"LineString","coordinates":[[85.32259684625876,27.701001944917603],[85.32259927632191,27.701006489807703]]}},{"type":"Feature","properties":{},"geometry":{"type":"LineString","coordinates":[[85.32258551419541,27.701005147939853],[85.32258072776699,27.701015107320625]]}},{"type":"Feature","properties":{},"geometry":{"type":"LineString","coordinates":[[85.32233466487902,27.7010805468548],[85.32234437674165,27.701118098611857]]}},{"type":"Feature","properties":{},"geometry":{"type":"LineString","coordinates":[[85.32365626615618,27.701190736382447],[85.32364695462823,27.701220172145202]]}},{"type":"Feature","properties":{},"geometry":{"type":"LineString","coordinates":[[85.32357460446093,27.701216405171106],[85.32357077857515,27.701202604011062]]}},{"type":"Feature","properties":{},"geometry":{"type":"LineString","coordinates":[[85.32355039791251,27.70134480995075],[85.32356235353592,27.701333850684048]]}},{"type":"Feature","properties":{},"geometry":{"type":"LineString","coordinates":[[85.32355184076837,27.701347404197676],[85.32356416647804,27.70134858687643]]}},{"type":"Feature","properties":{},"geometry":{"type":"LineString","coordinates":[[85.32355195663584,27.701348713392683],[85.32352869245072,27.701362265919716]]}},{"type":"Feature","properties":{},"geometry":{"type":"LineString","coordinates":[[85.32345315999316,27.70116720683912],[85.32346480122779,27.70116115814609]]}},{"type":"Feature","properties":{},"geometry":{"type":"LineString","coordinates":[[85.32342261593435,27.70108240177426],[85.32339140183713,27.70109701416481]]}},{"type":"Feature","properties":{},"geometry":{"type":"LineString","coordinates":[[85.32342129978714,27.701079810865746],[85.32337239568938,27.70102240771993]]}},{"type":"Feature","properties":{},"geometry":{"type":"LineString","coordinates":[[85.32345088121318,27.701251201033433],[85.32346716493763,27.701285930620646]]}},{"type":"Feature","properties":{},"geometry":{"type":"LineString","coordinates":[[85.32335923306385,27.70127986795557],[85.32335387496438,27.701269916553546]]}},{"type":"Feature","properties":{},"geometry":{"type":"LineString","coordinates":[[85.32330876857874,27.701302173353636],[85.32332210140156,27.701328746993685]]}},{"type":"Feature","properties":{},"geometry":{"type":"LineString","coordinates":[[85.3232920480274,27.70130842225259],[85.32327168544367,27.701301912846834]]}},{"type":"Feature","properties":{},"geometry":{"type":"LineString","coordinates":[[85.32347200377247,27.70174695199142],[85.3234579505935,27.701749783673666]]}},{"type":"Feature","properties":{},"geometry":{"type":"LineString","coordinates":[[85.3235106195433,27.701824406971188],[85.32353310797271,27.70181802662978]]}},{"type":"Feature","properties":{},"geometry":{"type":"LineString","coordinates":[[85.3235110517296,27.70182704674213],[85.32349809180032,27.70183590624624]]}},{"type":"Feature","properties":{},"geometry":{"type":"LineString","coordinates":[[85.32317422712357,27.70149815391001],[85.32317649924289,27.70150586843051]]}},{"type":"Feature","properties":{},"geometry":{"type":"LineString","coordinates":[[85.32313397429328,27.701500663699562],[85.32311567621097,27.701454431976792]]}},{"type":"Feature","properties":{},"geometry":{"type":"LineString","coordinates":[[85.32305262628755,27.701512028780712],[85.3230656671706,27.70153308885328]]}},{"type":"Feature","properties":{},"geometry":{"type":"LineString","coordinates":[[85.32301699762986,27.70151399525894],[85.32301133780015,27.701507795690556]]}},{"type":"Feature","properties":{},"geometry":{"type":"LineString","coordinates":[[85.32301351980493,27.70151457227722],[85.32300914625937,27.70150986576109]]}},{"type":"Feature","properties":{},"geometry":{"type":"LineString","coordinates":[[85.32299670377472,27.701517976956808],[85.32299635678272,27.701526146225483]]}},{"type":"Feature","properties":{},"geometry":{"type":"LineString","coordinates":[[85.32296669757577,27.70152228685437],[85.32296864299998,27.701530409884512]]}},{"type":"Feature","properties":{},"geometry":{"type":"LineString","coordinates":[[85.32277350341741,27.701480837153355],[85.32276892341311,27.701486183412097]]}},{"type":"Feature","properties":{},"geometry":{"type":"LineString","coordinates":[[85.32269482483623,27.701325683637165],[85.32269581162473,27.701319243279887]]}},{"type":"Feature","properties":{},"geometry":{"type":"LineString","coordinates":[[85.32269270949098,27.701324230177246],[85.3226931132293,27.701317125701042]]}},{"type":"Feature","properties":{},"geometry":{"type":"LineString","coordinates":[[85.32265659117506,27.70136809501628],[85.32266965713264,27.701373917715564]]}},{"type":"Feature","properties":{},"geometry":{"type":"LineString","coordinates":[[85.32258740004974,27.70146003765221],[85.32258947236164,27.701464304735772]]}},{"type":"Feature","properties":{},"geometry":{"type":"LineString","coordinates":[[85.32256882419284,27.701482169577556],[85.32256074165102,27.701482614072646]]}},{"type":"Feature","properties":{},"geometry":{"type":"LineString","coordinates":[[85.32257178201115,27.70150133671884],[85.32257820959836,27.701501426334485]]}},{"type":"Feature","properties":{},"geometry":{"type":"LineString","coordinates":[[85.32257607888639,27.701519408146655],[85.32257843880548,27.701544848871823]]}},{"type":"Feature","properties":{},"geometry":{"type":"LineString","coordinates":[[85.32251592698516,27.701542383788134],[85.3225166874267,27.701547692762077]]}},{"type":"Feature","properties":{},"geometry":{"type":"LineString","coordinates":[[85.32520997252924,27.700192014764287],[85.32522339287031,27.70026261741273],[85.32505194583173,27.70034478530361]]}},{"type":"Feature","properties":{},"geometry":{"type":"LineString","coordinates":[[85.32521517664284,27.700190343925314],[85.32524100148314,27.700271904652414]]}},{"type":"Feature","properties":{},"geometry":{"type":"LineString","coordinates":[[85.32385806021162,27.701449873427702],[85.32380252300734,27.70145795029259]]}},{"type":"Feature","properties":{},"geometry":{"type":"LineString","coordinates":[[85.32386431916187,27.701531459216106],[85.32380569869886,27.7015430890856]]}},{"type":"Feature","properties":{},"geometry":{"type":"LineString","coordinates":[[85.32381449652775,27.70126137501449],[85.32382922733247,27.701259251875296]]}},{"type":"Feature","properties":{},"geometry":{"type":"LineString","coordinates":[[85.32388204779414,27.701582195792387],[85.32389836744683,27.701580217338364]]}},{"type":"Feature","properties":{},"geometry":{"type":"LineString","coordinates":[[85.32388727626956,27.701593068912675],[85.32384399076604,27.701613736653922]]}},{"type":"Feature","properties":{},"geometry":{"type":"LineString","coordinates":[[85.32392086487452,27.701661755138222],[85.32394478263119,27.701665154894208]]}},{"type":"Feature","properties":{},"geometry":{"type":"LineString","coordinates":[[85.32394922518593,27.701720354359782],[85.32390122989261,27.701729183235006]]}},{"type":"Feature","properties":{},"geometry":{"type":"LineString","coordinates":[[85.32396627847528,27.701760744063183],[85.32398051948178,27.701759555435057]]}},{"type":"Feature","properties":{},"geometry":{"type":"LineString","coordinates":[[85.32399216149382,27.701824588677],[85.32394231633626,27.70182739412797]]}},{"type":"Feature","properties":{},"geometry":{"type":"LineString","coordinates":[[85.32399745190249,27.701838775796794],[85.32394858601671,27.701843258306507]]}},{"type":"Feature","properties":{},"geometry":{"type":"LineString","coordinates":[[85.32411314599878,27.701857367256824],[85.32410332510703,27.701846681334185]]}},{"type":"Feature","properties":{},"geometry":{"type":"LineString","coordinates":[[85.32412823997184,27.70185304987795],[85.32414568921294,27.701877554094978]]}},{"type":"Feature","properties":{},"geometry":{"type":"LineString","coordinates":[[85.32423738515071,27.701813196883545],[85.3242341685994,27.70180470468258]]}},{"type":"Feature","properties":{},"geometry":{"type":"LineString","coordinates":[[85.32442190812469,27.701738258037352],[85.32452833729356,27.701810657939824]]}},{"type":"Feature","properties":{},"geometry":{"type":"LineString","coordinates":[[85.3244212833203,27.701736542854],[85.32450733222115,27.70178711887838],[85.32451871674462,27.7017693997513]]}},{"type":"Feature","properties":{},"geometry":{"type":"LineString","coordinates":[[85.32439938048314,27.70172099309692],[85.32441036890422,27.7017058378364]]}},{"type":"Feature","properties":{},"geometry":{"type":"LineString","coordinates":[[85.32431999210141,27.701673652937586],[85.32433256930692,27.70166461723679]]}},{"type":"Feature","properties":{},"geometry":{"type":"LineString","coordinates":[[85.32421492711401,27.701601715254384],[85.32422781834848,27.701594956882882]]}},{"type":"Feature","properties":{},"geometry":{"type":"LineString","coordinates":[[85.32417435346599,27.701557198711075],[85.32414107850032,27.70150985167149]]}},{"type":"Feature","properties":{},"geometry":{"type":"LineString","coordinates":[[85.32405831707105,27.701993465680033],[85.32401513630545,27.70200939455603]]}},{"type":"Feature","properties":{},"geometry":{"type":"LineString","coordinates":[[85.32406025171869,27.70199606226568],[85.32408096950482,27.701992080130463]]}},{"type":"Feature","properties":{},"geometry":{"type":"LineString","coordinates":[[85.32407732709648,27.702041647289906],[85.32403314496085,27.702059068595503]]}},{"type":"Feature","properties":{},"geometry":{"type":"LineString","coordinates":[[85.32410082541641,27.70209174338431],[85.32405866061053,27.70210747788846]]}},{"type":"Feature","properties":{},"geometry":{"type":"LineString","coordinates":[[85.32411638069716,27.70213726758202],[85.32407447050254,27.70216600096022]]}},{"type":"Feature","properties":{},"geometry":{"type":"LineString","coordinates":[[85.32421392161159,27.702048434557526],[85.3242283224956,27.702070165338544]]}},{"type":"Feature","properties":{},"geometry":{"type":"LineString","coordinates":[[85.32422440596105,27.702045500029833],[85.32422180478203,27.702034230014768]]}},{"type":"Feature","properties":{},"geometry":{"type":"LineString","coordinates":[[85.32426793801237,27.702028878573252],[85.32426418565188,27.702020478264792]]}},{"type":"Feature","properties":{},"geometry":{"type":"LineString","coordinates":[[85.32438532715756,27.701984331825916],[85.32439908264487,27.702008617112124]]}},{"type":"Feature","properties":{},"geometry":{"type":"LineString","coordinates":[[85.32448911953342,27.701948246063562],[85.32448590882248,27.70193990105386]]}},{"type":"Feature","properties":{},"geometry":{"type":"LineString","coordinates":[[85.3240349935043,27.70233543489799],[85.32402805450194,27.702321960689588]]}},{"type":"Feature","properties":{},"geometry":{"type":"LineString","coordinates":[[85.32400830705264,27.702341935977678],[85.32402091468369,27.70238950577325]]}},{"type":"Feature","properties":{},"geometry":{"type":"LineString","coordinates":[[85.32398685428437,27.702347493172752],[85.32400153813269,27.70239144813087]]}},{"type":"Feature","properties":{},"geometry":{"type":"LineString","coordinates":[[85.32419753966614,27.702632015082454],[85.32421545119448,27.70262435086128]]}},{"type":"Feature","properties":{},"geometry":{"type":"LineString","coordinates":[[85.3242199523867,27.70268527859556],[85.32423350608731,27.70273757022378]]}},{"type":"Feature","properties":{},"geometry":{"type":"LineString","coordinates":[[85.32421873918061,27.702683779217956],[85.32424726393442,27.702740070754626]]}},{"type":"Feature","properties":{},"geometry":{"type":"LineString","coordinates":[[85.3242675468575,27.702258344855668],[85.32427212960542,27.70226582378627]]}},{"type":"Feature","properties":{},"geometry":{"type":"LineString","coordinates":[[85.32430519058542,27.702241914754126],[85.3242926743456,27.70221695942588]]}},{"type":"Feature","properties":{},"geometry":{"type":"LineString","coordinates":[[85.32436811330454,27.702213867966318],[85.32437157309994,27.702219715032893]]}},{"type":"Feature","properties":{},"geometry":{"type":"LineString","coordinates":[[85.32437673633399,27.70220904623362],[85.32438061123317,27.702214471419236]]}},{"type":"Feature","properties":{},"geometry":{"type":"LineString","coordinates":[[85.32439465946167,27.702198161835312],[85.32438332410246,27.702176554820284]]}},{"type":"Feature","properties":{},"geometry":{"type":"LineString","coordinates":[[85.32452089131293,27.702246593299613],[85.32454750776358,27.702230665962848]]}},{"type":"Feature","properties":{},"geometry":{"type":"LineString","coordinates":[[85.32452751167811,27.70225663484876],[85.32454887276272,27.702244995992555]]}},{"type":"Feature","properties":{},"geometry":{"type":"LineString","coordinates":[[85.32457721662279,27.70232554486551],[85.32457113348869,27.7023356944047]]}},{"type":"Feature","properties":{},"geometry":{"type":"LineString","coordinates":[[85.324586688052,27.70233627797252],[85.32460019432074,27.702361349953776]]}},{"type":"Feature","properties":{},"geometry":{"type":"LineString","coordinates":[[85.32470718423586,27.7020174598305],[85.32471223902785,27.70202457441518]]}},{"type":"Feature","properties":{},"geometry":{"type":"LineString","coordinates":[[85.32313643948778,27.702325796352714],[85.32311339275809,27.702225104244317]]}},{"type":"Feature","properties":{},"geometry":{"type":"LineString","coordinates":[[85.32313578034902,27.702328317307035],[85.3231098936573,27.702326612910586]]}},{"type":"Feature","properties":{},"geometry":{"type":"LineString","coordinates":[[85.32473660481214,27.702167593722745],[85.32473278929847,27.702172220040808]]}},{"type":"Feature","properties":{},"geometry":{"type":"LineString","coordinates":[[85.32477428226869,27.70222389573704],[85.32479259173813,27.702217722749577]]}},{"type":"Feature","properties":{},"geometry":{"type":"LineString","coordinates":[[85.32481934967029,27.702295891321345],[85.32481097766053,27.702305922017008]]}},{"type":"Feature","properties":{},"geometry":{"type":"LineString","coordinates":[[85.32482024213154,27.702297411181384],[85.32484614021212,27.70231822143697]]}},{"type":"Feature","properties":{},"geometry":{"type":"LineString","coordinates":[[85.32482122238441,27.7022989591802],[85.32485141364708,27.702310027836685]]}},{"type":"Feature","properties":{},"geometry":{"type":"LineString","coordinates":[[85.3248294252015,27.701929706867027],[85.3248009980557,27.70189138094104]]}},{"type":"Feature","properties":{},"geometry":{"type":"LineString","coordinates":[[85.324831486117,27.701928154151467],[85.32480847314214,27.70188317427128]]}},{"type":"Feature","properties":{},"geometry":{"type":"LineString","coordinates":[[85.32487852048405,27.70193045528348],[85.32488576750286,27.701925429137148]]}},{"type":"Feature","properties":{},"geometry":{"type":"LineString","coordinates":[[85.32496499905827,27.70204235264787],[85.32497493749705,27.702036585578856]]}},{"type":"Feature","properties":{},"geometry":{"type":"LineString","coordinates":[[85.32497459588225,27.702054105320723],[85.32498313736103,27.70204997301148]]}},{"type":"Feature","properties":{},"geometry":{"type":"LineString","coordinates":[[85.32502458427209,27.70212219729533],[85.32500063034004,27.702136028733978]]}},{"type":"Feature","properties":{},"geometry":{"type":"LineString","coordinates":[[85.32507883899135,27.702193263322723],[85.3250853538672,27.702187175936974]]}},{"type":"Feature","properties":{},"geometry":{"type":"LineString","coordinates":[[85.32509457187753,27.70221251278431],[85.32507107665664,27.702226385886462]]}},{"type":"Feature","properties":{},"geometry":{"type":"LineString","coordinates":[[85.32512961306432,27.702270539170538],[85.32516698004382,27.702314385773477]]}},{"type":"Feature","properties":{},"geometry":{"type":"LineString","coordinates":[[85.32515148803762,27.702236004276255],[85.32517030872515,27.702247283679867]]}},{"type":"Feature","properties":{},"geometry":{"type":"LineString","coordinates":[[85.32521162682397,27.702162684991837],[85.32524813702669,27.702091384935184]]}},{"type":"Feature","properties":{},"geometry":{"type":"LineString","coordinates":[[85.32509633550823,27.70236188869688],[85.32520175198808,27.70245817262449]]}},{"type":"Feature","properties":{},"geometry":{"type":"LineString","coordinates":[[85.32510175196904,27.70234950809096],[85.32517959139773,27.70242362844714],[85.32520737162942,27.70240612657708]]}},{"type":"Feature","properties":{},"geometry":{"type":"LineString","coordinates":[[85.32502772238625,27.702418796343764],[85.32504315311971,27.702435057428776]]}},{"type":"Feature","properties":{},"geometry":{"type":"LineString","coordinates":[[85.3249780615517,27.7024568534073],[85.3249691598025,27.702447193128112]]}},{"type":"Feature","properties":{},"geometry":{"type":"LineString","coordinates":[[85.32493045817341,27.702506196440023],[85.32492056604951,27.702508397194368]]}},{"type":"Feature","properties":{},"geometry":{"type":"LineString","coordinates":[[85.32496160785117,27.702573824017982],[85.32494255946354,27.702574728034616]]}},{"type":"Feature","properties":{},"geometry":{"type":"LineString","coordinates":[[85.324962632031,27.70257674532308],[85.32499257035273,27.70265536842162]]}},{"type":"Feature","properties":{},"geometry":{"type":"LineString","coordinates":[[85.32496390606882,27.702578644356777],[85.32499916112066,27.70261238037765]]}},{"type":"Feature","properties":{},"geometry":{"type":"LineString","coordinates":[[85.32495742788727,27.701751717239016],[85.32494640109336,27.7017407748997]]}},{"type":"Feature","properties":{},"geometry":{"type":"LineString","coordinates":[[85.3252272669953,27.701891657557663],[85.32524416850832,27.701908419276545]]}},{"type":"Feature","properties":{},"geometry":{"type":"LineString","coordinates":[[85.32368504674281,27.702411511004446],[85.3236945077086,27.702447137213717]]}},{"type":"Feature","properties":{},"geometry":{"type":"LineString","coordinates":[[85.3234725822871,27.702457131417574],[85.32346038650063,27.70244054381066]]}},{"type":"Feature","properties":{},"geometry":{"type":"LineString","coordinates":[[85.32339651714386,27.702474041829284],[85.3234100108298,27.702533083856245]]}},{"type":"Feature","properties":{},"geometry":{"type":"LineString","coordinates":[[85.32338896004725,27.702410596869417],[85.32338096345161,27.702416094010747]]}},{"type":"Feature","properties":{},"geometry":{"type":"LineString","coordinates":[[85.32337401140747,27.702352870281768],[85.32336401490261,27.702354402677287]]}},{"type":"Feature","properties":{},"geometry":{"type":"LineString","coordinates":[[85.32334735994804,27.702278350850875],[85.32336962710127,27.70227225667499]]}},{"type":"Feature","properties":{},"geometry":{"type":"LineString","coordinates":[[85.32332494370576,27.702172953303176],[85.32334784710756,27.70217001221494]]}},{"type":"Feature","properties":{},"geometry":{"type":"LineString","coordinates":[[85.32331574831147,27.702131307587486],[85.32330594534115,27.702132651885954]]}},{"type":"Feature","properties":{},"geometry":{"type":"LineString","coordinates":[[85.32330914742592,27.702101893032957],[85.32332908788236,27.70209669128061]]}},{"type":"Feature","properties":{},"geometry":{"type":"LineString","coordinates":[[85.32330834512095,27.702098855267995],[85.32330079947336,27.702099597830603]]}},{"type":"Feature","properties":{},"geometry":{"type":"LineString","coordinates":[[85.3232916068637,27.702032501203735],[85.32327575427054,27.701943902842626]]}},{"type":"Feature","properties":{},"geometry":{"type":"LineString","coordinates":[[85.32315977424759,27.70247994081773],[85.32313335096549,27.702486932289148]]}},{"type":"Feature","properties":{},"geometry":{"type":"LineString","coordinates":[[85.32306082057498,27.702612274980538],[85.32303706417339,27.702579346566186]]}},{"type":"Feature","properties":{},"geometry":{"type":"LineString","coordinates":[[85.32312418259544,27.702728419689826],[85.3231404575553,27.702713393561847]]}},{"type":"Feature","properties":{},"geometry":{"type":"LineString","coordinates":[[85.3231939944027,27.70281622398134],[85.32321930072683,27.70280243903404]]}},{"type":"Feature","properties":{},"geometry":{"type":"LineString","coordinates":[[85.32319536854976,27.70281953221727],[85.32322335650088,27.702806112791333]]}},{"type":"Feature","properties":{},"geometry":{"type":"LineString","coordinates":[[85.32333588281521,27.703035400599727],[85.32336446314805,27.703019650723316]]}},{"type":"Feature","properties":{},"geometry":{"type":"LineString","coordinates":[[85.32336969678911,27.7030819204015],[85.32339151849958,27.703053702098025]]}},{"type":"Feature","properties":{},"geometry":{"type":"LineString","coordinates":[[85.32337176356965,27.703084762284686],[85.32339638794141,27.70305708515695]]}},{"type":"Feature","properties":{},"geometry":{"type":"LineString","coordinates":[[85.32345885778287,27.70317246078006],[85.32350593179387,27.70313505529084]]}},{"type":"Feature","properties":{},"geometry":{"type":"LineString","coordinates":[[85.32353372042705,27.70324133828589],[85.3235674714781,27.70322140540435]]}},{"type":"Feature","properties":{},"geometry":{"type":"LineString","coordinates":[[85.32354966769338,27.7032576328643],[85.32353676587356,27.703275282980304]]}},{"type":"Feature","properties":{},"geometry":{"type":"LineString","coordinates":[[85.32355756121444,27.703270423692892],[85.32359301489748,27.703254202844704]]}},{"type":"Feature","properties":{},"geometry":{"type":"LineString","coordinates":[[85.32323648567817,27.703118856546467],[85.32323322093923,27.703085133926002]]}},{"type":"Feature","properties":{},"geometry":{"type":"LineString","coordinates":[[85.32285470201155,27.70326408338895],[85.32285450340389,27.703280782623622]]}},{"type":"Feature","properties":{},"geometry":{"type":"LineString","coordinates":[[85.32281807213604,27.70317274675093],[85.32282296651678,27.703171779852937]]}},{"type":"Feature","properties":{},"geometry":{"type":"LineString","coordinates":[[85.32288988518995,27.703014587021936],[85.3228803584406,27.702979696448878]]}},{"type":"Feature","properties":{},"geometry":{"type":"LineString","coordinates":[[85.32285512501888,27.70302060196164],[85.32285706340402,27.703029053434314]]}},{"type":"Feature","properties":{},"geometry":{"type":"LineString","coordinates":[[85.32293708460854,27.70301918420043],[85.32296568823801,27.703005826441277]]}},{"type":"Feature","properties":{},"geometry":{"type":"LineString","coordinates":[[85.32297223789433,27.703111528216144],[85.32293605754323,27.703118370754932]]}},{"type":"Feature","properties":{},"geometry":{"type":"LineString","coordinates":[[85.32297140907748,27.70310903075448],[85.32298198974094,27.70311419605139]]}},{"type":"Feature","properties":{},"geometry":{"type":"LineString","coordinates":[[85.3228917571937,27.702772561799307],[85.32288107991234,27.70276549456081]]}},{"type":"Feature","properties":{},"geometry":{"type":"LineString","coordinates":[[85.32291871003252,27.702750044851793],[85.32295494849201,27.702779180367916]]}},{"type":"Feature","properties":{},"geometry":{"type":"LineString","coordinates":[[85.32375653074487,27.702666976303494],[85.32375976181977,27.70267624217355]]}},{"type":"Feature","properties":{},"geometry":{"type":"LineString","coordinates":[[85.32398945486227,27.702583599589403],[85.3239982858667,27.702591447659053]]}},{"type":"Feature","properties":{},"geometry":{"type":"LineString","coordinates":[[85.3240031908892,27.702577838859128],[85.3240126909275,27.70258364534162]]}},{"type":"Feature","properties":{},"geometry":{"type":"LineString","coordinates":[[85.3242885609411,27.70251861155882],[85.32429297488862,27.702528112860577]]}},{"type":"Feature","properties":{},"geometry":{"type":"LineString","coordinates":[[85.32437393741657,27.70249894776988],[85.32437569197558,27.702506031445193]]}},{"type":"Feature","properties":{},"geometry":{"type":"LineString","coordinates":[[85.3245421717961,27.702477847192252],[85.32454398126346,27.702492156427127]]}},{"type":"Feature","properties":{},"geometry":{"type":"LineString","coordinates":[[85.32464907366644,27.702478666241763],[85.32468874255711,27.702486922671138]]}},{"type":"Feature","properties":{},"geometry":{"type":"LineString","coordinates":[[85.32429076995254,27.70266710382222],[85.3242867257767,27.702654439955765]]}},{"type":"Feature","properties":{},"geometry":{"type":"LineString","coordinates":[[85.32432070732749,27.70265782609204],[85.3243249477644,27.702677754233882]]}},{"type":"Feature","properties":{},"geometry":{"type":"LineString","coordinates":[[85.32435969112406,27.7026464809109],[85.32435641606786,27.702635577298917]]}},{"type":"Feature","properties":{},"geometry":{"type":"LineString","coordinates":[[85.32438847965166,27.702640052141703],[85.32439232043559,27.702661117167597]]}},{"type":"Feature","properties":{},"geometry":{"type":"LineString","coordinates":[[85.32443613464719,27.702628100687843],[85.3244701442943,27.702630510570454]]}},{"type":"Feature","properties":{},"geometry":{"type":"LineString","coordinates":[[85.32443528949992,27.702548222183818],[85.32441414804585,27.702537384818527]]}},{"type":"Feature","properties":{},"geometry":{"type":"LineString","coordinates":[[85.32459525564907,27.702532153354827],[85.32457003325781,27.702537140637265]]}},{"type":"Feature","properties":{},"geometry":{"type":"LineString","coordinates":[[85.32459970979642,27.70253192295894],[85.32463470141089,27.702536762610755]]}},{"type":"Feature","properties":{},"geometry":{"type":"LineString","coordinates":[[85.32332923222829,27.703353652197816],[85.32333691133762,27.703361430399664]]}},{"type":"Feature","properties":{},"geometry":{"type":"LineString","coordinates":[[85.32328415735725,27.703399905140124],[85.32327908682274,27.703424131278894]]}},{"type":"Feature","properties":{},"geometry":{"type":"LineString","coordinates":[[85.3232826929428,27.703401438881897],[85.3232766731574,27.703423880919487]]}},{"type":"Feature","properties":{},"geometry":{"type":"LineString","coordinates":[[85.32328007329437,27.703404181582982],[85.3232743545801,27.703425768041843]]}},{"type":"Feature","properties":{},"geometry":{"type":"LineString","coordinates":[[85.3232781490677,27.70340620886408],[85.32326884430746,27.703426890856704]]}},{"type":"Feature","properties":{},"geometry":{"type":"LineString","coordinates":[[85.32327560872815,27.70340887129641],[85.32326432846828,27.70342956185233]]}},{"type":"Feature","properties":{},"geometry":{"type":"LineString","coordinates":[[85.32327366509998,27.703410907367935],[85.32325980342993,27.703433563994032]]}},{"type":"Feature","properties":{},"geometry":{"type":"LineString","coordinates":[[85.32327153083055,27.703413142398386],[85.32323257187055,27.703432653810324]]}},{"type":"Feature","properties":{},"geometry":{"type":"LineString","coordinates":[[85.32478842129433,27.70357229577758],[85.32482719353054,27.703588294215034]]}},{"type":"Feature","properties":{},"geometry":{"type":"LineString","coordinates":[[85.3246868757725,27.703697977756875],[85.32465125082877,27.70366089233401]]}},{"type":"Feature","properties":{},"geometry":{"type":"LineString","coordinates":[[85.32448069312333,27.703804398184705],[85.32447964547069,27.703818344308864]]}},{"type":"Feature","properties":{},"geometry":{"type":"LineString","coordinates":[[85.3242730791172,27.70386172131869],[85.32426917521727,27.7038024488758]]}},{"type":"Feature","properties":{},"geometry":{"type":"LineString","coordinates":[[85.32426942797701,27.70386268616881],[85.32426163744994,27.7038020047322]]}},{"type":"Feature","properties":{},"geometry":{"type":"LineString","coordinates":[[85.32426531996997,27.70386375289147],[85.32425538050738,27.703803413680404]]}},{"type":"Feature","properties":{},"geometry":{"type":"LineString","coordinates":[[85.32424669663344,27.70387120090869],[85.32423888073747,27.703910921284805]]}},{"type":"Feature","properties":{},"geometry":{"type":"LineString","coordinates":[[85.32421579949545,27.70387451468948],[85.32420391327342,27.703828163962623]]}},{"type":"Feature","properties":{},"geometry":{"type":"LineString","coordinates":[[85.32415481559777,27.703869254656478],[85.32415810695254,27.703883073698503]]}},{"type":"Feature","properties":{},"geometry":{"type":"LineString","coordinates":[[85.32414939244514,27.703868192589987],[85.32415014259134,27.703880949255673]]}},{"type":"Feature","properties":{},"geometry":{"type":"LineString","coordinates":[[85.32408452050717,27.70385365419859],[85.32409006617112,27.703815049875686]]}},{"type":"Feature","properties":{},"geometry":{"type":"LineString","coordinates":[[85.32408046463406,27.70385276933615],[85.32408008473963,27.703812402802704]]}},{"type":"Feature","properties":{},"geometry":{"type":"LineString","coordinates":[[85.32388404112947,27.70379905333923],[85.32388335696601,27.70380924925931]]}},{"type":"Feature","properties":{},"geometry":{"type":"LineString","coordinates":[[85.32381406840246,27.703879992244037],[85.32381866835375,27.703901738870762]]}},{"type":"Feature","properties":{},"geometry":{"type":"LineString","coordinates":[[85.32381387392672,27.70388030939106],[85.32380405801567,27.70392355523985]]}},{"type":"Feature","properties":{},"geometry":{"type":"LineString","coordinates":[[85.32381337029827,27.70388121486592],[85.32380388337293,27.70389504345025]]}},{"type":"Feature","properties":{},"geometry":{"type":"LineString","coordinates":[[85.32384135837368,27.703751436172187],[85.32382501643107,27.703756377402637]]}},{"type":"Feature","properties":{},"geometry":{"type":"LineString","coordinates":[[85.3238208937024,27.703701884001987],[85.32380824774167,27.7037122148709]]}},{"type":"Feature","properties":{},"geometry":{"type":"LineString","coordinates":[[85.32380756254943,27.70360691084999],[85.3238390120337,27.70360149007962]]}},{"type":"Feature","properties":{},"geometry":{"type":"LineString","coordinates":[[85.32379917187694,27.703583585796004],[85.32384352533535,27.70356747174794]]}},{"type":"Feature","properties":{},"geometry":{"type":"LineString","coordinates":[[85.32380019605364,27.70358617406849],[85.32376935402017,27.703589934277584]]}},{"type":"Feature","properties":{},"geometry":{"type":"LineString","coordinates":[[85.32380175263398,27.703590087409832],[85.3237705112612,27.703593436637238]]}},{"type":"Feature","properties":{},"geometry":{"type":"LineString","coordinates":[[85.3238027139924,27.703592406864992],[85.32377100431896,27.70359780010776]]}},{"type":"Feature","properties":{},"geometry":{"type":"LineString","coordinates":[[85.3237452447953,27.70350350499515],[85.32369851156002,27.70351967322899]]}},{"type":"Feature","properties":{},"geometry":{"type":"LineString","coordinates":[[85.32371589168497,27.703472419611142],[85.32370120113349,27.703475206588042]]}},{"type":"Feature","properties":{},"geometry":{"type":"LineString","coordinates":[[85.32372570159625,27.703397855288706],[85.32373855960688,27.703410534739334]]}},{"type":"Feature","properties":{},"geometry":{"type":"LineString","coordinates":[[85.3239659846215,27.70330065320363],[85.32396716698808,27.70330788609596]]}},{"type":"Feature","properties":{},"geometry":{"type":"LineString","coordinates":[[85.32377753878656,27.70323186906662],[85.32375788241625,27.703242554586563]]}},{"type":"Feature","properties":{},"geometry":{"type":"LineString","coordinates":[[85.32382546112298,27.703015492203154],[85.3238328622128,27.70301724521319]]}},{"type":"Feature","properties":{},"geometry":{"type":"LineString","coordinates":[[85.32384743071951,27.7029286939461],[85.32386288538667,27.702925601213767]]}},{"type":"Feature","properties":{},"geometry":{"type":"LineString","coordinates":[[85.32381735192816,27.702875101087887],[85.32391794944992,27.702809598273618]]}},{"type":"Feature","properties":{},"geometry":{"type":"LineString","coordinates":[[85.32381846353914,27.702877408824065],[85.32392830863957,27.70280464054879]]}},{"type":"Feature","properties":{},"geometry":{"type":"LineString","coordinates":[[85.32381964157459,27.702879417718677],[85.32395760229649,27.70279615025037]]}},{"type":"Feature","properties":{},"geometry":{"type":"LineString","coordinates":[[85.32377177293476,27.702810731847748],[85.3237335980291,27.702831444268977]]}},{"type":"Feature","properties":{},"geometry":{"type":"LineString","coordinates":[[85.32374013217515,27.702755639882504],[85.32370260079591,27.70278380881468]]}},{"type":"Feature","properties":{},"geometry":{"type":"LineString","coordinates":[[85.32373883385166,27.70275294269188],[85.32371905005762,27.702745699360577]]}},{"type":"Feature","properties":{},"geometry":{"type":"LineString","coordinates":[[85.3255853817489,27.70184277887472],[85.32557645071121,27.701854031227395]]}},{"type":"Feature","properties":{},"geometry":{"type":"LineString","coordinates":[[85.32561030174088,27.70193947696347],[85.32562345013439,27.70194489694836]]}},{"type":"Feature","properties":{},"geometry":{"type":"LineString","coordinates":[[85.325519207636,27.702011481555193],[85.32552072490603,27.70203875957459]]}},{"type":"Feature","properties":{},"geometry":{"type":"LineString","coordinates":[[85.32543948041122,27.702469214764214],[85.32545156093309,27.70245558439916]]}},{"type":"Feature","properties":{},"geometry":{"type":"LineString","coordinates":[[85.32543775481284,27.702490246730815],[85.32541592980958,27.7024816666433]]}},{"type":"Feature","properties":{},"geometry":{"type":"LineString","coordinates":[[85.3254319088776,27.702556853571267],[85.32541159927456,27.70254937396919]]}},{"type":"Feature","properties":{},"geometry":{"type":"LineString","coordinates":[[85.32536436434684,27.702685362630014],[85.32536163125499,27.702679667882673]]}},{"type":"Feature","properties":{},"geometry":{"type":"LineString","coordinates":[[85.32535994221116,27.702687480665897],[85.32535616219864,27.70268214600613]]}},{"type":"Feature","properties":{},"geometry":{"type":"LineString","coordinates":[[85.32535565655245,27.70269002455029],[85.32535148309103,27.70268442429434]]}},{"type":"Feature","properties":{},"geometry":{"type":"LineString","coordinates":[[85.325326179918,27.70270320077108],[85.32532119652771,27.70270003842693]]}},{"type":"Feature","properties":{},"geometry":{"type":"LineString","coordinates":[[85.32530788329915,27.70271138395742],[85.3253041029802,27.702708924811095]]}},{"type":"Feature","properties":{},"geometry":{"type":"LineString","coordinates":[[85.32528840831911,27.70271937057112],[85.32528727549902,27.70271579360645]]}},{"type":"Feature","properties":{},"geometry":{"type":"LineString","coordinates":[[85.32528577741809,27.702720729570103],[85.32528117374797,27.702719395868115]]}},{"type":"Feature","properties":{},"geometry":{"type":"LineString","coordinates":[[85.32526799429482,27.702729882884494],[85.32526857330143,27.70272510277373]]}},{"type":"Feature","properties":{},"geometry":{"type":"LineString","coordinates":[[85.32519629601185,27.702758058570854],[85.3251895296611,27.702740439296136]]}},{"type":"Feature","properties":{},"geometry":{"type":"LineString","coordinates":[[85.32519397136902,27.702758420347347],[85.32517980579395,27.702722990020792]]}},{"type":"Feature","properties":{},"geometry":{"type":"LineString","coordinates":[[85.32519195624323,27.70275936440178],[85.32515561668991,27.70267625404595]]}},{"type":"Feature","properties":{},"geometry":{"type":"LineString","coordinates":[[85.32511478586264,27.702793600337582],[85.32510632602398,27.702785279379167]]}},{"type":"Feature","properties":{},"geometry":{"type":"LineString","coordinates":[[85.325020066605,27.70286393881979],[85.32501513831576,27.702856770720455]]}},{"type":"Feature","properties":{},"geometry":{"type":"LineString","coordinates":[[85.324996227849,27.703035131803052],[85.32500992992775,27.703030664816385]]}},{"type":"Feature","properties":{},"geometry":{"type":"LineString","coordinates":[[85.32474583711557,27.702893771059458],[85.3247349907297,27.702877253138464]]}},{"type":"Feature","properties":{},"geometry":{"type":"LineString","coordinates":[[85.32472363961864,27.702889792056993],[85.32470881065078,27.702901646271677]]}},{"type":"Feature","properties":{},"geometry":{"type":"LineString","coordinates":[[85.32472351288374,27.70287107167763],[85.32472752560464,27.702847696410146]]}},{"type":"Feature","properties":{},"geometry":{"type":"LineString","coordinates":[[85.32465621093753,27.702884268342757],[85.32458086697001,27.70290540483332]]}},{"type":"Feature","properties":{},"geometry":{"type":"LineString","coordinates":[[85.32465673794155,27.702884088795816],[85.32457876546407,27.702923418625293]]}},{"type":"Feature","properties":{},"geometry":{"type":"LineString","coordinates":[[85.32499520300345,27.703056751674424],[85.32501334498899,27.703041834555396]]}},{"type":"Feature","properties":{},"geometry":{"type":"LineString","coordinates":[[85.32499351360208,27.70306511680685],[85.3249855376653,27.703056051678683]]}},{"type":"Feature","properties":{},"geometry":{"type":"LineString","coordinates":[[85.32498289294254,27.70310093678652],[85.32497858902119,27.703098102153483]]}},{"type":"Feature","properties":{},"geometry":{"type":"LineString","coordinates":[[85.32500755096412,27.70317280720614],[85.325012897922,27.703183437130686]]}},{"type":"Feature","properties":{},"geometry":{"type":"LineString","coordinates":[[85.32511939175956,27.70316228468649],[85.32511894980361,27.703188233914272]]}},{"type":"Feature","properties":{},"geometry":{"type":"LineString","coordinates":[[85.32515514227175,27.70315722070967],[85.32519901364077,27.70317902364734]]}},{"type":"Feature","properties":{},"geometry":{"type":"LineString","coordinates":[[85.32516188549032,27.703156901562636],[85.3252071574167,27.703158110854293]]}},{"type":"Feature","properties":{},"geometry":{"type":"LineString","coordinates":[[85.32493484284578,27.703395728652932],[85.32494280362884,27.7034024677347]]}},{"type":"Feature","properties":{},"geometry":{"type":"LineString","coordinates":[[85.3248801335413,27.703452243051963],[85.32485495339863,27.7034346689964]]}},{"type":"Feature","properties":{},"geometry":{"type":"LineString","coordinates":[[85.32487617405802,27.70345553727408],[85.32485172925726,27.703438815998542]]}},{"type":"Feature","properties":{},"geometry":{"type":"LineString","coordinates":[[85.32489487450808,27.70315213287843],[85.32487402557966,27.70314443998596]]}},{"type":"Feature","properties":{},"geometry":{"type":"LineString","coordinates":[[85.32477424398823,27.703203078667322],[85.32476669568607,27.70319509544172]]}},{"type":"Feature","properties":{},"geometry":{"type":"LineString","coordinates":[[85.32462731471443,27.70320844599505],[85.32462565920004,27.703190364169632]]}},{"type":"Feature","properties":{},"geometry":{"type":"LineString","coordinates":[[85.32459608748904,27.7031578448792],[85.32457662424834,27.703159612072263]]}},{"type":"Feature","properties":{},"geometry":{"type":"LineString","coordinates":[[85.32447745501436,27.70304044517596],[85.32447961031359,27.70305090200919]]}},{"type":"Feature","properties":{},"geometry":{"type":"LineString","coordinates":[[85.32447417277956,27.703041027304536],[85.32445853546172,27.703039150270694]]}},{"type":"Feature","properties":{},"geometry":{"type":"LineString","coordinates":[[85.32447081320193,27.70304162745043],[85.32444179394419,27.703050208724907]]}},{"type":"Feature","properties":{},"geometry":{"type":"LineString","coordinates":[[85.32446596750133,27.703259488089035],[85.32446891742131,27.703273820152756]]}},{"type":"Feature","properties":{},"geometry":{"type":"LineString","coordinates":[[85.32437058307197,27.70328610223649],[85.32438059649911,27.703300323948515]]}},{"type":"Feature","properties":{},"geometry":{"type":"LineString","coordinates":[[85.32436944477716,27.70326337403591],[85.32435487529743,27.70326759760036]]}},{"type":"Feature","properties":{},"geometry":{"type":"LineString","coordinates":[[85.3243687529311,27.70326007316686],[85.32435381909873,27.703264648827336]]}},{"type":"Feature","properties":{},"geometry":{"type":"LineString","coordinates":[[85.32436816691599,27.703257279005662],[85.32435326690549,27.70326050396132]]}},{"type":"Feature","properties":{},"geometry":{"type":"LineString","coordinates":[[85.32434620562694,27.70315521480027],[85.32435385224659,27.703142227635446]]}},{"type":"Feature","properties":{},"geometry":{"type":"LineString","coordinates":[[85.32434540505498,27.703151464048734],[85.32432933999468,27.703131456855864]]}},{"type":"Feature","properties":{},"geometry":{"type":"LineString","coordinates":[[85.3243473292233,27.70330154494818],[85.32434437444847,27.703310957955207]]}},{"type":"Feature","properties":{},"geometry":{"type":"LineString","coordinates":[[85.3242374042349,27.70330918382395],[85.32423701767324,27.70331231640071]]}},{"type":"Feature","properties":{},"geometry":{"type":"LineString","coordinates":[[85.32422794320624,27.70330984458247],[85.32422859873834,27.70329853366573]]}},{"type":"Feature","properties":{},"geometry":{"type":"LineString","coordinates":[[85.32414025923009,27.7033123806526],[85.32413966918965,27.70331708300392]]}},{"type":"Feature","properties":{},"geometry":{"type":"LineString","coordinates":[[85.32413661925445,27.703312018889722],[85.32413071467792,27.70331804231318]]}},{"type":"Feature","properties":{},"geometry":{"type":"LineString","coordinates":[[85.32389411423817,27.703298644007525],[85.32389646239719,27.70331406087771]]}},{"type":"Feature","properties":{},"geometry":{"type":"LineString","coordinates":[[85.3248846966062,27.703941039717474],[85.32484616208605,27.703958062982085]]}},{"type":"Feature","properties":{},"geometry":{"type":"LineString","coordinates":[[85.32488604353192,27.703944275404954],[85.32484700201941,27.703959703147824]]}},{"type":"Feature","properties":{},"geometry":{"type":"LineString","coordinates":[[85.32488695381424,27.70394642184859],[85.32484739361186,27.703961550889396]]}},{"type":"Feature","properties":{},"geometry":{"type":"LineString","coordinates":[[85.32493945043653,27.70407381363439],[85.32495427112333,27.704066095678016]]}},{"type":"Feature","properties":{},"geometry":{"type":"LineString","coordinates":[[85.32494075383373,27.70407604877157],[85.32495669133723,27.704071030311663]]}},{"type":"Feature","properties":{},"geometry":{"type":"LineString","coordinates":[[85.32496265277913,27.704129728350566],[85.32496794467257,27.704128099204695]]}},{"type":"Feature","properties":{},"geometry":{"type":"LineString","coordinates":[[85.32510057204487,27.704454149207578],[85.32506318765246,27.704452229326577]]}},{"type":"Feature","properties":{},"geometry":{"type":"LineString","coordinates":[[85.32506452302889,27.704509333444445],[85.32505679174517,27.704525737570343]]}},{"type":"Feature","properties":{},"geometry":{"type":"LineString","coordinates":[[85.32512150002766,27.70457087713562],[85.32513222310327,27.70457178036153]]}},{"type":"Feature","properties":{},"geometry":{"type":"LineString","coordinates":[[85.32511843385804,27.704672499422323],[85.32512792719923,27.70467245273014]]}},{"type":"Feature","properties":{},"geometry":{"type":"LineString","coordinates":[[85.32511756860293,27.70471421013215],[85.32512989949909,27.704711427853336]]}},{"type":"Feature","properties":{},"geometry":{"type":"LineString","coordinates":[[85.32511528780854,27.704725507706666],[85.32507926464203,27.704728404949396]]}},{"type":"Feature","properties":{},"geometry":{"type":"LineString","coordinates":[[85.32492754698383,27.70448350305539],[85.3248921510693,27.70449247567136]]}},{"type":"Feature","properties":{},"geometry":{"type":"LineString","coordinates":[[85.32447382697788,27.70448425938345],[85.32445757789353,27.70446898203241]]}},{"type":"Feature","properties":{},"geometry":{"type":"LineString","coordinates":[[85.3244656456447,27.704492415960154],[85.32448084749933,27.70450342692714]]}},{"type":"Feature","properties":{},"geometry":{"type":"LineString","coordinates":[[85.32443192552329,27.70453353583013],[85.32444219027592,27.704555341079804]]}},{"type":"Feature","properties":{},"geometry":{"type":"LineString","coordinates":[[85.32417475649834,27.70447105764873],[85.3241530483492,27.704482018023768]]}},{"type":"Feature","properties":{},"geometry":{"type":"LineString","coordinates":[[85.3240513071864,27.704385784104915],[85.32402685745944,27.70435922936675]]}},{"type":"Feature","properties":{},"geometry":{"type":"LineString","coordinates":[[85.32405254963582,27.704386698084786],[85.32404076267296,27.70434201555474]]}},{"type":"Feature","properties":{},"geometry":{"type":"LineString","coordinates":[[85.32401540513511,27.70458551283405],[85.32399024614669,27.70459660288543]]}},{"type":"Feature","properties":{},"geometry":{"type":"LineString","coordinates":[[85.32401139600934,27.704586411066348],[85.32396574325128,27.704581884404284]]}},{"type":"Feature","properties":{},"geometry":{"type":"LineString","coordinates":[[85.32400791377971,27.704587203762017],[85.32396645955478,27.704588494310276]]}},{"type":"Feature","properties":{},"geometry":{"type":"LineString","coordinates":[[85.32477571068874,27.704892133546164],[85.32475605974692,27.704868796824]]}},{"type":"Feature","properties":{},"geometry":{"type":"LineString","coordinates":[[85.32477718747892,27.70489523271637],[85.32475575466593,27.70487097729748]]}},{"type":"Feature","properties":{},"geometry":{"type":"LineString","coordinates":[[85.32480070575345,27.704951712664712],[85.32479166760689,27.70495335874174]]}},{"type":"Feature","properties":{},"geometry":{"type":"LineString","coordinates":[[85.32485359693204,27.705028006997843],[85.32482847893299,27.705054201833622]]}},{"type":"Feature","properties":{},"geometry":{"type":"LineString","coordinates":[[85.32486880520753,27.70502559440948],[85.3248733197814,27.705045644085583]]}},{"type":"Feature","properties":{},"geometry":{"type":"LineString","coordinates":[[85.32496684492915,27.70498915176488],[85.32497069981784,27.705002931579042]]}},{"type":"Feature","properties":{},"geometry":{"type":"LineString","coordinates":[[85.32546820360061,27.70494750171142],[85.32550497917909,27.704973828948727]]}},{"type":"Feature","properties":{},"geometry":{"type":"LineString","coordinates":[[85.32546778849375,27.704944138308935],[85.3255173543225,27.7049407910558]]}},{"type":"Feature","properties":{},"geometry":{"type":"LineString","coordinates":[[85.32544861762301,27.70484340316975],[85.32546970247081,27.70483693244646]]}},{"type":"Feature","properties":{},"geometry":{"type":"LineString","coordinates":[[85.32540338882363,27.705167149619292],[85.32541416823976,27.70516191076567]]}},{"type":"Feature","properties":{},"geometry":{"type":"LineString","coordinates":[[85.32540437797884,27.705176217751376],[85.32536602186035,27.70518751122329]]}},{"type":"Feature","properties":{},"geometry":{"type":"LineString","coordinates":[[85.32540486356552,27.70517954770974],[85.32536476857793,27.705192484443558]]}},{"type":"Feature","properties":{},"geometry":{"type":"LineString","coordinates":[[85.32540520393138,27.7051818289557],[85.32541289856479,27.70521609882327]]}},{"type":"Feature","properties":{},"geometry":{"type":"LineString","coordinates":[[85.32538987709714,27.70509877700409],[85.3253983433547,27.705099120405617]]}},{"type":"Feature","properties":{},"geometry":{"type":"LineString","coordinates":[[85.32538624862396,27.705069769442943],[85.3253563041299,27.705079408315715]]}},{"type":"Feature","properties":{},"geometry":{"type":"LineString","coordinates":[[85.3253770343021,27.70500532886811],[85.3253523278708,27.7050076374364]]}},{"type":"Feature","properties":{},"geometry":{"type":"LineString","coordinates":[[85.32535948800275,27.704900545589663],[85.3253659490444,27.70489885656489]]}},{"type":"Feature","properties":{},"geometry":{"type":"LineString","coordinates":[[85.32516522235795,27.7048781370473],[85.32516894813345,27.704896188858896]]}},{"type":"Feature","properties":{},"geometry":{"type":"LineString","coordinates":[[85.32511313004998,27.70495288485386],[85.32512504491334,27.70495191437145]]}},{"type":"Feature","properties":{},"geometry":{"type":"LineString","coordinates":[[85.32511324425649,27.704975217074857],[85.32512691225087,27.704973528617817]]}},{"type":"Feature","properties":{},"geometry":{"type":"LineString","coordinates":[[85.32511444455027,27.705013746925154],[85.32512772977866,27.705015873419413]]}},{"type":"Feature","properties":{},"geometry":{"type":"LineString","coordinates":[[85.32511555972488,27.70503912742828],[85.32512659026227,27.705038161589396]]}},{"type":"Feature","properties":{},"geometry":{"type":"LineString","coordinates":[[85.32511562624094,27.705064581887566],[85.32508065630905,27.705071280766504]]}},{"type":"Feature","properties":{},"geometry":{"type":"LineString","coordinates":[[85.32511589315504,27.705101547159092],[85.32508500225879,27.705105625656838]]}},{"type":"Feature","properties":{},"geometry":{"type":"LineString","coordinates":[[85.32511627064709,27.705104252149734],[85.32512507367737,27.70510412400009]]}},{"type":"Feature","properties":{},"geometry":{"type":"LineString","coordinates":[[85.32511467802273,27.705167690115733],[85.32513319354652,27.705166647870694]]}},{"type":"Feature","properties":{},"geometry":{"type":"LineString","coordinates":[[85.32511812352257,27.705186099555945],[85.32509062473167,27.705191500715138]]}},{"type":"Feature","properties":{},"geometry":{"type":"LineString","coordinates":[[85.32511812246948,27.705184575139906],[85.32509009322901,27.705190115190995]]}},{"type":"Feature","properties":{},"geometry":{"type":"LineString","coordinates":[[85.32512741850445,27.70527120856078],[85.3251372398396,27.705266422046808]]}},{"type":"Feature","properties":{},"geometry":{"type":"LineString","coordinates":[[85.32512335487486,27.705226346087795],[85.32512986759211,27.705251748575822]]}},{"type":"Feature","properties":{},"geometry":{"type":"LineString","coordinates":[[85.32512255159054,27.705222172915235],[85.32513057772613,27.705221721278797]]}},{"type":"Feature","properties":{},"geometry":{"type":"LineString","coordinates":[[85.3251142544972,27.704763415753575],[85.32507358853687,27.704765078091313]]}},{"type":"Feature","properties":{},"geometry":{"type":"LineString","coordinates":[[85.32511478975634,27.704768073961745],[85.32507766052044,27.704766305186425]]}},{"type":"Feature","properties":{},"geometry":{"type":"LineString","coordinates":[[85.32512294896173,27.705223842021457],[85.32513170464442,27.705223030070112]]}},{"type":"Feature","properties":{},"geometry":{"type":"LineString","coordinates":[[85.32514566629105,27.705352228138906],[85.32509901624383,27.705357134033385]]}},{"type":"Feature","properties":{},"geometry":{"type":"LineString","coordinates":[[85.32516117807366,27.70538239665573],[85.32518606040509,27.705377208417566]]}},{"type":"Feature","properties":{},"geometry":{"type":"LineString","coordinates":[[85.32424954160527,27.70065174029173],[85.32424230726639,27.70067896924514]]}},{"type":"Feature","properties":{},"geometry":{"type":"LineString","coordinates":[[85.3242448654978,27.700649911084856],[85.32423610497878,27.700669048270985]]}},{"type":"Feature","properties":{},"geometry":{"type":"LineString","coordinates":[[85.32424103146838,27.70064818593586],[85.32423010725277,27.70066239699699]]}},{"type":"Feature","properties":{},"geometry":{"type":"LineString","coordinates":[[85.32416370725038,27.700633840776177],[85.32417076080527,27.7006529527776]]}},{"type":"Feature","properties":{},"geometry":{"type":"LineString","coordinates":[[85.32415096321928,27.70063356105262],[85.32415639988301,27.700652774423244]]}},{"type":"Feature","properties":{},"geometry":{"type":"LineString","coordinates":[[85.32411736246773,27.700634029774],[85.32411820020913,27.70065644928241]]}},{"type":"Feature","properties":{},"geometry":{"type":"LineString","coordinates":[[85.32406685638136,27.70064044018689],[85.32407162791871,27.70066654909882]]}},{"type":"Feature","properties":{},"geometry":{"type":"LineString","coordinates":[[85.32399687529053,27.70065313211022],[85.32400264643344,27.700676003049967]]}},{"type":"Feature","properties":{},"geometry":{"type":"LineString","coordinates":[[85.32399445493093,27.70065438532921],[85.32399354240826,27.70066891072117]]}},{"type":"Feature","properties":{},"geometry":{"type":"LineString","coordinates":[[85.32387562535106,27.700684321956544],[85.32388397522472,27.700710305420806]]}},{"type":"Feature","properties":{},"geometry":{"type":"LineString","coordinates":[[85.32736110031351,27.705149880561564],[85.32735137938388,27.705154074573397]]}},{"type":"Feature","properties":{},"geometry":{"type":"LineString","coordinates":[[85.32744052912957,27.70529640512495],[85.32743476009715,27.70529939686279]]}},{"type":"Feature","properties":{},"geometry":{"type":"LineString","coordinates":[[85.32734492587527,27.7053302417342],[85.32734561540626,27.70531967400397]]}},{"type":"Feature","properties":{},"geometry":{"type":"LineString","coordinates":[[85.32733857006714,27.705329286753745],[85.32734031619053,27.70531905580587]]}},{"type":"Feature","properties":{},"geometry":{"type":"LineString","coordinates":[[85.32731543138705,27.705328534218076],[85.32731648380059,27.705317112549526]]}},{"type":"Feature","properties":{},"geometry":{"type":"LineString","coordinates":[[85.32725675224903,27.705325149987598],[85.32725960162547,27.705314657095627]]}},{"type":"Feature","properties":{},"geometry":{"type":"LineString","coordinates":[[85.32717714895502,27.705323021028896],[85.32717823748183,27.70531202489857]]}},{"type":"Feature","properties":{},"geometry":{"type":"LineString","coordinates":[[85.32715171455973,27.705320797547905],[85.32714659672249,27.705310350977676]]}},{"type":"Feature","properties":{},"geometry":{"type":"LineString","coordinates":[[85.3270858473452,27.70531923255963],[85.32709172815703,27.705307120131536]]}},{"type":"Feature","properties":{},"geometry":{"type":"LineString","coordinates":[[85.32703480170817,27.70531740442258],[85.3270378491102,27.70530416927965]]}},{"type":"Feature","properties":{},"geometry":{"type":"LineString","coordinates":[[85.32700688370113,27.705314128311407],[85.3270099293841,27.70530213595746]]}},{"type":"Feature","properties":{},"geometry":{"type":"LineString","coordinates":[[85.32682725398014,27.70530334778459],[85.32682733010685,27.705294238382493]]}},{"type":"Feature","properties":{},"geometry":{"type":"LineString","coordinates":[[85.32676079569367,27.70531260788165],[85.32676174013591,27.705291053809844]]}},{"type":"Feature","properties":{},"geometry":{"type":"LineString","coordinates":[[85.32666659633654,27.705298358774385],[85.32667058975561,27.705287858064814]]}},{"type":"Feature","properties":{},"geometry":{"type":"LineString","coordinates":[[85.32664235374384,27.70529731479698],[85.32664114080123,27.705283633748977]]}},{"type":"Feature","properties":{},"geometry":{"type":"LineString","coordinates":[[85.32660897317936,27.705296749711994],[85.32660912823162,27.705286190869725]]}},{"type":"Feature","properties":{},"geometry":{"type":"LineString","coordinates":[[85.32655977891662,27.705299329262846],[85.32656007862876,27.705287730628996]]}},{"type":"Feature","properties":{},"geometry":{"type":"LineString","coordinates":[[85.32651576250065,27.705300379298972],[85.32651369446383,27.70528910674183]]}},{"type":"Feature","properties":{},"geometry":{"type":"LineString","coordinates":[[85.32647974939583,27.705302406966684],[85.32647996583599,27.705294005957295]]}},{"type":"Feature","properties":{},"geometry":{"type":"LineString","coordinates":[[85.32615100021481,27.705322114026114],[85.32615018847947,27.70530719862875]]}},{"type":"Feature","properties":{},"geometry":{"type":"LineString","coordinates":[[85.3258159836548,27.705366153006892],[85.32581504718522,27.70535403038909]]}},{"type":"Feature","properties":{},"geometry":{"type":"LineString","coordinates":[[85.32578744750934,27.705372812545363],[85.32578034868702,27.70535968486779]]}},{"type":"Feature","properties":{},"geometry":{"type":"LineString","coordinates":[[85.32570475330401,27.70538436859665],[85.32571011699372,27.70537325902623]]}},{"type":"Feature","properties":{},"geometry":{"type":"LineString","coordinates":[[85.32569945028824,27.705385992219053],[85.32570381711446,27.70537455289448]]}},{"type":"Feature","properties":{},"geometry":{"type":"LineString","coordinates":[[85.32562041654703,27.705399958974922],[85.32561387180269,27.70539125596374]]}},{"type":"Feature","properties":{},"geometry":{"type":"LineString","coordinates":[[85.32561703924678,27.705401117609156],[85.3256078225721,27.70539346804303]]}},{"type":"Feature","properties":{},"geometry":{"type":"LineString","coordinates":[[85.3255033108653,27.70541915480037],[85.32549935073622,27.705407148135304]]}},{"type":"Feature","properties":{},"geometry":{"type":"LineString","coordinates":[[85.32540895082509,27.705430972088184],[85.32540530894067,27.705419442205823]]}},{"type":"Feature","properties":{},"geometry":{"type":"LineString","coordinates":[[85.32538565694517,27.705433343777624],[85.32538773805692,27.70542290300916]]}},{"type":"Feature","properties":{},"geometry":{"type":"LineString","coordinates":[[85.32532988150479,27.705439628556192],[85.32532598029593,27.70542761628176]]}},{"type":"Feature","properties":{},"geometry":{"type":"LineString","coordinates":[[85.3252753268208,27.70544492896096],[85.32527266936728,27.705436535606406]]}},{"type":"Feature","properties":{},"geometry":{"type":"LineString","coordinates":[[85.32504252838547,27.70546675360352],[85.3250326500555,27.705459071625267]]}},{"type":"Feature","properties":{},"geometry":{"type":"LineString","coordinates":[[85.32500150895149,27.705473880171365],[85.3250013678074,27.705458690389552]]}},{"type":"Feature","properties":{},"geometry":{"type":"LineString","coordinates":[[85.32484110672073,27.705496308817906],[85.3248418591959,27.70548787639525]]}},{"type":"Feature","properties":{},"geometry":{"type":"LineString","coordinates":[[85.3247726081074,27.705506416924813],[85.32476270407712,27.705488006032198]]}},{"type":"Feature","properties":{},"geometry":{"type":"LineString","coordinates":[[85.32466019414129,27.705523697643454],[85.32465988234667,27.70551549873692]]}},{"type":"Feature","properties":{},"geometry":{"type":"LineString","coordinates":[[85.32462535984182,27.705528145283864],[85.3246230053724,27.705517712217613]]}},{"type":"Feature","properties":{},"geometry":{"type":"LineString","coordinates":[[85.32462105301799,27.705526291672044],[85.32461909660657,27.705516154946434]]}},{"type":"Feature","properties":{},"geometry":{"type":"LineString","coordinates":[[85.3244987983758,27.70550216791671],[85.32448133871983,27.705506509933752]]}},{"type":"Feature","properties":{},"geometry":{"type":"LineString","coordinates":[[85.32449686152276,27.705487699197793],[85.3245036965364,27.705488748558388]]}},{"type":"Feature","properties":{},"geometry":{"type":"LineString","coordinates":[[85.3244747827694,27.70540092456512],[85.3244822058524,27.705402576726218]]}},{"type":"Feature","properties":{},"geometry":{"type":"LineString","coordinates":[[85.32447330212501,27.705395356877485],[85.32447863994587,27.705393712965396]]}},{"type":"Feature","properties":{},"geometry":{"type":"LineString","coordinates":[[85.3243694055395,27.705130796313217],[85.32434651204983,27.70511480041601]]}},{"type":"Feature","properties":{},"geometry":{"type":"LineString","coordinates":[[85.32436867848125,27.705128671037958],[85.32434480895145,27.705104479926042]]}},{"type":"Feature","properties":{},"geometry":{"type":"LineString","coordinates":[[85.32437634387297,27.705147844587096],[85.324354057247,27.705086362220573]]}},{"type":"Feature","properties":{},"geometry":{"type":"LineString","coordinates":[[85.3243752901274,27.705144866962545],[85.3243376261563,27.705088697673453]]}},{"type":"Feature","properties":{},"geometry":{"type":"LineString","coordinates":[[85.32437439950878,27.705142429231017],[85.32433985496596,27.705096203163414]]}},{"type":"Feature","properties":{},"geometry":{"type":"LineString","coordinates":[[85.32439231949041,27.705557621302475],[85.3243888633575,27.705549205629467]]}},{"type":"Feature","properties":{},"geometry":{"type":"LineString","coordinates":[[85.32431377860354,27.705563938761898],[85.32431250878491,27.70555406486287]]}},{"type":"Feature","properties":{},"geometry":{"type":"LineString","coordinates":[[85.32429407076616,27.705564430347756],[85.32429504348644,27.705555324587582]]}},{"type":"Feature","properties":{},"geometry":{"type":"LineString","coordinates":[[85.32310577275392,27.70545698296978],[85.32310536689697,27.70544088473269]]}},{"type":"Feature","properties":{},"geometry":{"type":"LineString","coordinates":[[85.32310275060925,27.705460578209028],[85.32305651811545,27.705469073386006]]}},{"type":"Feature","properties":{},"geometry":{"type":"LineString","coordinates":[[85.32307903326006,27.70548778608896],[85.3231014879512,27.70550123530297]]}},{"type":"Feature","properties":{},"geometry":{"type":"LineString","coordinates":[[85.3230830050038,27.70548442799093],[85.32310745495823,27.705500888806853]]}},{"type":"Feature","properties":{},"geometry":{"type":"LineString","coordinates":[[85.32307119211521,27.705524942833264],[85.32305991699118,27.705525453366732]]}},{"type":"Feature","properties":{},"geometry":{"type":"LineString","coordinates":[[85.32300558415102,27.705590701843366],[85.32300551763659,27.705581988749124]]}},{"type":"Feature","properties":{},"geometry":{"type":"LineString","coordinates":[[85.32313927199185,27.705588775297343],[85.32313984954672,27.705575013032735]]}},{"type":"Feature","properties":{},"geometry":{"type":"LineString","coordinates":[[85.32319989915584,27.70558811077458],[85.32319887760966,27.705574806586167]]}},{"type":"Feature","properties":{},"geometry":{"type":"LineString","coordinates":[[85.32325433320038,27.70558626558649],[85.32325136596373,27.705569691367092]]}},{"type":"Feature","properties":{},"geometry":{"type":"LineString","coordinates":[[85.32327326008723,27.705585781837808],[85.32327418017917,27.705572032746755]]}},{"type":"Feature","properties":{},"geometry":{"type":"LineString","coordinates":[[85.32336464117141,27.705582647641663],[85.32335895180051,27.70557060643939]]}},{"type":"Feature","properties":{},"geometry":{"type":"LineString","coordinates":[[85.32336211160563,27.70558274516428],[85.32335717034755,27.70557092060926]]}},{"type":"Feature","properties":{},"geometry":{"type":"LineString","coordinates":[[85.32340228025052,27.705581528590713],[85.3233995003786,27.705569080381924]]}},{"type":"Feature","properties":{},"geometry":{"type":"LineString","coordinates":[[85.32348183210661,27.70557873299966],[85.32348694362297,27.705559260172855]]}},{"type":"Feature","properties":{},"geometry":{"type":"LineString","coordinates":[[85.32363937968681,27.705576759197935],[85.32363627462568,27.705561634612042]]}},{"type":"Feature","properties":{},"geometry":{"type":"LineString","coordinates":[[85.32378306973068,27.70557500279904],[85.3237747914972,27.70555333618365]]}},{"type":"Feature","properties":{},"geometry":{"type":"LineString","coordinates":[[85.32378631191013,27.705575520409884],[85.32377824513594,27.705553089189994]]}},{"type":"Feature","properties":{},"geometry":{"type":"LineString","coordinates":[[85.32379002808976,27.70557501485638],[85.32378245047457,27.705553089571367]]}},{"type":"Feature","properties":{},"geometry":{"type":"LineString","coordinates":[[85.32392133437291,27.705482034995757],[85.32392424624499,27.7054816054417]]}},{"type":"Feature","properties":{},"geometry":{"type":"LineString","coordinates":[[85.32392064537518,27.705469127444463],[85.32390987628017,27.705428373385875]]}},{"type":"Feature","properties":{},"geometry":{"type":"LineString","coordinates":[[85.32392063464023,27.705466379959944],[85.32391350288708,27.70543352842467]]}},{"type":"Feature","properties":{},"geometry":{"type":"LineString","coordinates":[[85.32392041761493,27.705460343802173],[85.32392226555172,27.705446126685878]]}},{"type":"Feature","properties":{},"geometry":{"type":"LineString","coordinates":[[85.32391965386914,27.70545663862253],[85.32391813536232,27.705434244278596]]}},{"type":"Feature","properties":{},"geometry":{"type":"LineString","coordinates":[[85.32402181407433,27.705573478373076],[85.32402369430167,27.705563517157714]]}},{"type":"Feature","properties":{},"geometry":{"type":"LineString","coordinates":[[85.3240860808896,27.705562519749595],[85.32408595440882,27.705573050947805],[85.3240860808896,27.705562519749595]]}},{"type":"Feature","properties":{},"geometry":{"type":"LineString","coordinates":[[85.32417867779334,27.705572193345652],[85.3241787095494,27.7055624850262]]}},{"type":"Feature","properties":{},"geometry":{"type":"LineString","coordinates":[[85.32533441244362,27.702700311123206],[85.32533507871284,27.702708409625238]]}},{"type":"Feature","properties":{},"geometry":{"type":"LineString","coordinates":[[85.32533987576038,27.702697212880615],[85.32534509658284,27.70270415074783]]}},{"type":"Feature","properties":{},"geometry":{"type":"LineString","coordinates":[[85.32700929244211,27.704527018820883],[85.32700031806789,27.704532730893334]]}},{"type":"Feature","properties":{},"geometry":{"type":"LineString","coordinates":[[85.32676386731798,27.704348858797225],[85.32676917253734,27.704364166063165]]}},{"type":"Feature","properties":{},"geometry":{"type":"LineString","coordinates":[[85.32671041295889,27.70436615532058],[85.32670036923713,27.704353161768598]]}},{"type":"Feature","properties":{},"geometry":{"type":"LineString","coordinates":[[85.32668941581129,27.70437393328625],[85.32669300545037,27.704382979597547]]}},{"type":"Feature","properties":{},"geometry":{"type":"LineString","coordinates":[[85.32666680213099,27.704382317173714],[85.32663678816014,27.704375728577972]]}},{"type":"Feature","properties":{},"geometry":{"type":"LineString","coordinates":[[85.32666199581234,27.70438409034459],[85.32663830176672,27.70438067117873]]}},{"type":"Feature","properties":{},"geometry":{"type":"LineString","coordinates":[[85.32665878541562,27.70438527900234],[85.32664274526459,27.70439662689239]]}},{"type":"Feature","properties":{},"geometry":{"type":"LineString","coordinates":[[85.32671187975906,27.704174068339448],[85.32670411937391,27.70415026458754]]}},{"type":"Feature","properties":{},"geometry":{"type":"LineString","coordinates":[[85.32667958833166,27.704182361421577],[85.32669588098703,27.704202776352634]]}},{"type":"Feature","properties":{},"geometry":{"type":"LineString","coordinates":[[85.32663622874104,27.704199408094375],[85.32656044845022,27.704184575622794]]}},{"type":"Feature","properties":{},"geometry":{"type":"LineString","coordinates":[[85.32663266502021,27.704200891224104],[85.32656916017528,27.70418816657924]]}},{"type":"Feature","properties":{},"geometry":{"type":"LineString","coordinates":[[85.32662964221711,27.704202147132563],[85.3265806802321,27.70423053788445]]}},{"type":"Feature","properties":{},"geometry":{"type":"LineString","coordinates":[[85.32292691821381,27.705445401699752],[85.32293434352863,27.705444254268816]]}},{"type":"Feature","properties":{},"geometry":{"type":"LineString","coordinates":[[85.32292342746415,27.705419764070648],[85.32293131669378,27.705421104265287]]}},{"type":"Feature","properties":{},"geometry":{"type":"LineString","coordinates":[[85.3229174520383,27.70537995161796],[85.32292373556868,27.705377076416887]]}},{"type":"Feature","properties":{},"geometry":{"type":"LineString","coordinates":[[85.32290852784098,27.70530777509933],[85.32291530899279,27.705306973663202]]}},{"type":"Feature","properties":{},"geometry":{"type":"LineString","coordinates":[[85.32290216040688,27.70526945973496],[85.32291130797165,27.705269215862224]]}},{"type":"Feature","properties":{},"geometry":{"type":"LineString","coordinates":[[85.32289280919372,27.70520769975437],[85.32289750775502,27.705205618546188]]}},{"type":"Feature","properties":{},"geometry":{"type":"LineString","coordinates":[[85.32288976957446,27.705201762975893],[85.32289672567033,27.70520205393711]]}},{"type":"Feature","properties":{},"geometry":{"type":"LineString","coordinates":[[85.32288838606888,27.70517864461438],[85.32289979672346,27.705167480262926]]}},{"type":"Feature","properties":{},"geometry":{"type":"LineString","coordinates":[[85.32283382729757,27.70482201894742],[85.32284272391558,27.704820079761394]]}},{"type":"Feature","properties":{},"geometry":{"type":"LineString","coordinates":[[85.32282931847293,27.70478583896106],[85.32283741508381,27.70478256785059]]}},{"type":"Feature","properties":{},"geometry":{"type":"LineString","coordinates":[[85.32281335081201,27.704701521771085],[85.32282707668443,27.70469956257586]]}},{"type":"Feature","properties":{},"geometry":{"type":"LineString","coordinates":[[85.32279339088271,27.704566547673508],[85.32281990109755,27.704558017593286]]}},{"type":"Feature","properties":{},"geometry":{"type":"LineString","coordinates":[[85.322792909255,27.704559914433187],[85.32281912550292,27.704551111832213]]}},{"type":"Feature","properties":{},"geometry":{"type":"LineString","coordinates":[[85.32277032002325,27.704399076667716],[85.32279470324065,27.70440125210707]]}},{"type":"Feature","properties":{},"geometry":{"type":"LineString","coordinates":[[85.32276925679685,27.70439214756525],[85.32279520079022,27.704395507103946]]}},{"type":"Feature","properties":{},"geometry":{"type":"LineString","coordinates":[[85.32268234068908,27.70378568373784],[85.32273187902804,27.70377674314688]]}},{"type":"Feature","properties":{},"geometry":{"type":"LineString","coordinates":[[85.322665776137,27.703681400363084],[85.32267764970439,27.703678812222403]]}},{"type":"Feature","properties":{},"geometry":{"type":"LineString","coordinates":[[85.32264095430968,27.703507167888276],[85.32265435099264,27.703504246211075]]}},{"type":"Feature","properties":{},"geometry":{"type":"LineString","coordinates":[[85.3226273119157,27.703416567334525],[85.32264097671244,27.703415474760384]]}},{"type":"Feature","properties":{},"geometry":{"type":"LineString","coordinates":[[85.32262310183039,27.703394806445537],[85.32263746246555,27.70339283870932]]}},{"type":"Feature","properties":{},"geometry":{"type":"LineString","coordinates":[[85.32261649948752,27.70334925339876],[85.32263052033805,27.703347025222374]]}},{"type":"Feature","properties":{},"geometry":{"type":"LineString","coordinates":[[85.32260055086371,27.703239779707097],[85.32261353332504,27.703237948706064]]}},{"type":"Feature","properties":{},"geometry":{"type":"LineString","coordinates":[[85.32260034879529,27.703237676128218],[85.32261296365733,27.703234685412273]]}},{"type":"Feature","properties":{},"geometry":{"type":"LineString","coordinates":[[85.32298347594805,27.705027404262708],[85.3229909717405,27.705045848373125]]}},{"type":"Feature","properties":{},"geometry":{"type":"LineString","coordinates":[[85.3230041836499,27.705022861705974],[85.32301447383682,27.70503887661726]]}},{"type":"Feature","properties":{},"geometry":{"type":"LineString","coordinates":[[85.32307218078199,27.70501085394806],[85.32307194137046,27.705033206242213]]}},{"type":"Feature","properties":{},"geometry":{"type":"LineString","coordinates":[[85.32310973974276,27.70500574383815],[85.32309319794757,27.70497586317997]]}},{"type":"Feature","properties":{},"geometry":{"type":"LineString","coordinates":[[85.32311320547848,27.705005102593933],[85.32309953407812,27.704975846071918]]}},{"type":"Feature","properties":{},"geometry":{"type":"LineString","coordinates":[[85.32313509590902,27.70500425132272],[85.32313329169395,27.70502163779962]]}},{"type":"Feature","properties":{},"geometry":{"type":"LineString","coordinates":[[85.32317444929234,27.704998375911178],[85.32316794650052,27.704958097680024]]}},{"type":"Feature","properties":{},"geometry":{"type":"LineString","coordinates":[[85.32320394162245,27.704994243895698],[85.32319803096487,27.70495523008681]]}},{"type":"Feature","properties":{},"geometry":{"type":"LineString","coordinates":[[85.32332321868212,27.705028806766578],[85.32332345021914,27.704996885567585]]}},{"type":"Feature","properties":{},"geometry":{"type":"LineString","coordinates":[[85.3233843382639,27.70501820114252],[85.32338302656585,27.704998205563335]]}},{"type":"Feature","properties":{},"geometry":{"type":"LineString","coordinates":[[85.323542614416,27.7050006889675],[85.3235444849087,27.704980289679874]]}},{"type":"Feature","properties":{},"geometry":{"type":"LineString","coordinates":[[85.32359933453127,27.704993626617085],[85.32360147268341,27.704999430620028]]}},{"type":"Feature","properties":{},"geometry":{"type":"LineString","coordinates":[[85.32364966399471,27.70499127486584],[85.3236440997093,27.704969790932395]]}},{"type":"Feature","properties":{},"geometry":{"type":"LineString","coordinates":[[85.32365352343548,27.704990816177652],[85.32366434857413,27.704966405200075]]}},{"type":"Feature","properties":{},"geometry":{"type":"LineString","coordinates":[[85.32365582550018,27.704990541702543],[85.32370817277388,27.704968234672073]]}},{"type":"Feature","properties":{},"geometry":{"type":"LineString","coordinates":[[85.32335494650026,27.70479437711423],[85.32335401965426,27.704781311442204]]}},{"type":"Feature","properties":{},"geometry":{"type":"LineString","coordinates":[[85.32366102598867,27.704749927757327],[85.32364754425203,27.70472318176119]]}},{"type":"Feature","properties":{},"geometry":{"type":"LineString","coordinates":[[85.32378752189514,27.704778795925606],[85.32383019983689,27.704770892844497]]}},{"type":"Feature","properties":{},"geometry":{"type":"LineString","coordinates":[[85.32379246875355,27.70478056976529],[85.3238305742195,27.70479489521447]]}},{"type":"Feature","properties":{},"geometry":{"type":"LineString","coordinates":[[85.32229479532685,27.70122379529219],[85.32230593052999,27.70122405027652]]}},{"type":"Feature","properties":{},"geometry":{"type":"LineString","coordinates":[[85.32230298856001,27.701298574979997],[85.32232114963196,27.701302896245704]]}},{"type":"Feature","properties":{},"geometry":{"type":"LineString","coordinates":[[85.322307476237,27.701327238317717],[85.32232934431042,27.701320773936107]]}},{"type":"Feature","properties":{},"geometry":{"type":"LineString","coordinates":[[85.3226404813013,27.70195259182175],[85.32265533899222,27.701927660264083]]}},{"type":"Feature","properties":{},"geometry":{"type":"LineString","coordinates":[[85.32264710479221,27.70197740007386],[85.32267260122872,27.70198823811985]]}},{"type":"Feature","properties":{},"geometry":{"type":"LineString","coordinates":[[85.3227902088345,27.702056947065703],[85.32279237756676,27.70206253574183]]}},{"type":"Feature","properties":{},"geometry":{"type":"LineString","coordinates":[[85.32283968541836,27.702044698726166],[85.32285083596037,27.702044553123994]]}},{"type":"Feature","properties":{},"geometry":{"type":"LineString","coordinates":[[85.32277594232976,27.70222867613878],[85.32278667801847,27.70225028684066]]}},{"type":"Feature","properties":{},"geometry":{"type":"LineString","coordinates":[[85.32277643085142,27.702231675807834],[85.32278946744664,27.70225281888792]]}},{"type":"Feature","properties":{},"geometry":{"type":"LineString","coordinates":[[85.32277694993198,27.702234865382124],[85.32279323202766,27.702254313086804]]}},{"type":"Feature","properties":{},"geometry":{"type":"LineString","coordinates":[[85.32277746816433,27.70223804411555],[85.3227920514161,27.70225612102658]]}},{"type":"Feature","properties":{},"geometry":{"type":"LineString","coordinates":[[85.32277795534507,27.702240534731533],[85.3227916654717,27.702256823947945]]}},{"type":"Feature","properties":{},"geometry":{"type":"LineString","coordinates":[[85.32277853941949,27.70224411589635],[85.32278860711553,27.702260935905375]]}},{"type":"Feature","properties":{},"geometry":{"type":"LineString","coordinates":[[85.32281190210422,27.70193468002598],[85.32281868008579,27.70194567574906]]}},{"type":"Feature","properties":{},"geometry":{"type":"LineString","coordinates":[[85.32284598915686,27.701921468138625],[85.32284167380888,27.701895583139628]]}},{"type":"Feature","properties":{},"geometry":{"type":"LineString","coordinates":[[85.32286166578432,27.701916186817545],[85.32286198174222,27.701933056552924]]}},{"type":"Feature","properties":{},"geometry":{"type":"LineString","coordinates":[[85.32290111500542,27.701907817965758],[85.32290301262675,27.701918204909393]]}},{"type":"Feature","properties":{},"geometry":{"type":"LineString","coordinates":[[85.3229803549686,27.701894408448087],[85.32298397324642,27.701905071656046]]}},{"type":"Feature","properties":{},"geometry":{"type":"LineString","coordinates":[[85.32303892286778,27.701882453383913],[85.32303566224256,27.70186836121833]]}},{"type":"Feature","properties":{},"geometry":{"type":"LineString","coordinates":[[85.32305574453989,27.701879081261154],[85.32305718887821,27.701888939234635]]}},{"type":"Feature","properties":{},"geometry":{"type":"LineString","coordinates":[[85.3230996932963,27.701866847092372],[85.32313162814302,27.701895042320118]]}},{"type":"Feature","properties":{},"geometry":{"type":"LineString","coordinates":[[85.32308881677584,27.701795090961756],[85.32307163725524,27.701777302133582]]}},{"type":"Feature","properties":{},"geometry":{"type":"LineString","coordinates":[[85.32308883790164,27.701794969373733],[85.32307417666352,27.701765811873]]}},{"type":"Feature","properties":{},"geometry":{"type":"LineString","coordinates":[[85.32318966578916,27.701773584580863],[85.32319140415044,27.701782584181707]]}},{"type":"Feature","properties":{},"geometry":{"type":"LineString","coordinates":[[85.32319432760276,27.70177250383708],[85.32320877150393,27.701772503694063]]}},{"type":"Feature","properties":{},"geometry":{"type":"LineString","coordinates":[[85.32242429487894,27.702099767121148],[85.32244019766665,27.702098928221236]]}},{"type":"Feature","properties":{},"geometry":{"type":"LineString","coordinates":[[85.32242464165775,27.702103480793667],[85.3224413275746,27.702101098099497]]}},{"type":"Feature","properties":{},"geometry":{"type":"LineString","coordinates":[[85.32242491023463,27.702106340611152],[85.32244191663482,27.702104949187543]]}},{"type":"Feature","properties":{},"geometry":{"type":"LineString","coordinates":[[85.3224251907968,27.70210934498146],[85.3224425032632,27.702107898601184]]}},{"type":"Feature","properties":{},"geometry":{"type":"LineString","coordinates":[[85.32246621725592,27.702374607154187],[85.32247780980835,27.70237175297919]]}},{"type":"Feature","properties":{},"geometry":{"type":"LineString","coordinates":[[85.32247514635101,27.70242939890241],[85.32248696565377,27.702425841682462]]}},{"type":"Feature","properties":{},"geometry":{"type":"LineString","coordinates":[[85.32254763841236,27.70287301206386],[85.3225694933385,27.702869283117003]]}},{"type":"Feature","properties":{},"geometry":{"type":"LineString","coordinates":[[85.32752773966384,27.705360185063846],[85.32746518219743,27.705341210373064]]}},{"type":"Feature","properties":{},"geometry":{"type":"LineString","coordinates":[[85.32417612522124,27.70456735439366],[85.32417041644231,27.70454543279779]]}},{"type":"Feature","properties":{},"geometry":{"type":"LineString","coordinates":[[85.32578594271044,27.701960150422178],[85.32577484147738,27.70196570131754]]}},{"type":"Feature","properties":{},"geometry":{"type":"LineString","coordinates":[[85.3257879628996,27.70196232743194],[85.32578044328855,27.701966679736614]]}},{"type":"Feature","properties":{},"geometry":{"type":"LineString","coordinates":[[85.32588619837885,27.70209613319602],[85.32584112895593,27.70211655977168]]}},{"type":"Feature","properties":{},"geometry":{"type":"LineString","coordinates":[[85.3257891426059,27.702238292256027],[85.32578521552941,27.702223526906135]]}},{"type":"Feature","properties":{},"geometry":{"type":"LineString","coordinates":[[85.32575473889027,27.702250275386056],[85.32576858089486,27.702280141146222]]}},{"type":"Feature","properties":{},"geometry":{"type":"LineString","coordinates":[[85.32569650960632,27.702271537361607],[85.32570955181818,27.702303509027324]]}},{"type":"Feature","properties":{},"geometry":{"type":"LineString","coordinates":[[85.32566022013552,27.702283960667277],[85.32565366171643,27.702271448740944]]}},{"type":"Feature","properties":{},"geometry":{"type":"LineString","coordinates":[[85.32564234064034,27.702290931408733],[85.32565181570288,27.702316775856517]]}},{"type":"Feature","properties":{},"geometry":{"type":"LineString","coordinates":[[85.32559132126316,27.702311255247096],[85.32557729484542,27.702339496007298]]}},{"type":"Feature","properties":{},"geometry":{"type":"LineString","coordinates":[[85.32597958897274,27.702290925073168],[85.32597400760368,27.702292724952812]]}},{"type":"Feature","properties":{},"geometry":{"type":"LineString","coordinates":[[85.32602958597967,27.70240201421621],[85.32602086968247,27.702406372821095]]}},{"type":"Feature","properties":{},"geometry":{"type":"LineString","coordinates":[[85.32606015471443,27.70246894770416],[85.32604813323886,27.70247658862496]]}},{"type":"Feature","properties":{},"geometry":{"type":"LineString","coordinates":[[85.32609983385002,27.702561710366226],[85.32608784475043,27.70256483803709]]}},{"type":"Feature","properties":{},"geometry":{"type":"LineString","coordinates":[[85.32608027088467,27.702660103400586],[85.32608674534029,27.702667291965223]]}},{"type":"Feature","properties":{},"geometry":{"type":"LineString","coordinates":[[85.3260766041945,27.70266155909865],[85.32606629812342,27.702642449372544]]}},{"type":"Feature","properties":{},"geometry":{"type":"LineString","coordinates":[[85.32598690190862,27.70269803213982],[85.3259967353469,27.702736744019226]]}},{"type":"Feature","properties":{},"geometry":{"type":"LineString","coordinates":[[85.32597743566518,27.70270182841005],[85.32597024049652,27.702677483608852]]}},{"type":"Feature","properties":{},"geometry":{"type":"LineString","coordinates":[[85.32589864605293,27.702731685000824],[85.32590003982517,27.70274055495264]]}},{"type":"Feature","properties":{},"geometry":{"type":"LineString","coordinates":[[85.32586343816638,27.702718352777598],[85.32585008355088,27.70272450820863]]}},{"type":"Feature","properties":{},"geometry":{"type":"LineString","coordinates":[[85.32582614666693,27.702614735099377],[85.32586150285047,27.702600880758382]]}},{"type":"Feature","properties":{},"geometry":{"type":"LineString","coordinates":[[85.32580233004356,27.70256457314743],[85.32578269642723,27.702537854028748]]}},{"type":"Feature","properties":{},"geometry":{"type":"LineString","coordinates":[[85.32580079649277,27.702560940797316],[85.32577606854895,27.702502391268798]]}},{"type":"Feature","properties":{},"geometry":{"type":"LineString","coordinates":[[85.32579947627531,27.702557814649193],[85.32580408645222,27.702502727408735]]}},{"type":"Feature","properties":{},"geometry":{"type":"LineString","coordinates":[[85.32574381216966,27.702691871144456],[85.32573825558413,27.70268640038437]]}},{"type":"Feature","properties":{},"geometry":{"type":"LineString","coordinates":[[85.32571221886585,27.70270208495711],[85.32570983516852,27.702696684159847]]}},{"type":"Feature","properties":{},"geometry":{"type":"LineString","coordinates":[[85.3257048705903,27.702705373418237],[85.32569672771456,27.702699867766064]]}},{"type":"Feature","properties":{},"geometry":{"type":"LineString","coordinates":[[85.32562798389387,27.70273505520935],[85.32563698498596,27.70275760774676]]}},{"type":"Feature","properties":{},"geometry":{"type":"LineString","coordinates":[[85.32558060008652,27.70275176407822],[85.32557704047852,27.702745475388877]]}},{"type":"Feature","properties":{},"geometry":{"type":"LineString","coordinates":[[85.32555898827836,27.7027608296033],[85.32555330579244,27.702751650547533]]}},{"type":"Feature","properties":{},"geometry":{"type":"LineString","coordinates":[[85.3255140531322,27.702778217901628],[85.32552991014008,27.702800970705834]]}},{"type":"Feature","properties":{},"geometry":{"type":"LineString","coordinates":[[85.32547336619797,27.702793588029696],[85.3254986085002,27.702813132084703]]}},{"type":"Feature","properties":{},"geometry":{"type":"LineString","coordinates":[[85.32546947454965,27.702794966078567],[85.3254316544837,27.702800363418135]]}},{"type":"Feature","properties":{},"geometry":{"type":"LineString","coordinates":[[85.32546577151194,27.702796277815175],[85.32541348444772,27.70281831913608]]}},{"type":"Feature","properties":{},"geometry":{"type":"LineString","coordinates":[[85.32595754729931,27.702899183715928],[85.32596736144527,27.702919961728064]]}},{"type":"Feature","properties":{},"geometry":{"type":"LineString","coordinates":[[85.32592315368399,27.70291075814854],[85.32593237072776,27.702932388168097]]}},{"type":"Feature","properties":{},"geometry":{"type":"LineString","coordinates":[[85.32591826624312,27.702912202689525],[85.32591866004309,27.702937421944085]]}},{"type":"Feature","properties":{},"geometry":{"type":"LineString","coordinates":[[85.32576466126785,27.702955338871536],[85.32571300334554,27.70299588112749]]}},{"type":"Feature","properties":{},"geometry":{"type":"LineString","coordinates":[[85.32575831961341,27.702957186406557],[85.32570789469496,27.702997534181645]]}},{"type":"Feature","properties":{},"geometry":{"type":"LineString","coordinates":[[85.3257580405212,27.70295726787066],[85.32566015828901,27.702991037904365]]}},{"type":"Feature","properties":{},"geometry":{"type":"LineString","coordinates":[[85.32575575687005,27.70295793340847],[85.32566586392453,27.70300003040864]]}},{"type":"Feature","properties":{},"geometry":{"type":"LineString","coordinates":[[85.32627748841547,27.702988299854937],[85.32626834289772,27.702989086413105]]}},{"type":"Feature","properties":{},"geometry":{"type":"LineString","coordinates":[[85.32634993450066,27.70317230914178],[85.32634145641822,27.703177600269765]]}},{"type":"Feature","properties":{},"geometry":{"type":"LineString","coordinates":[[85.32640017234326,27.70329291483717],[85.32639112173686,27.703296450809948]]}},{"type":"Feature","properties":{},"geometry":{"type":"LineString","coordinates":[[85.32624825106268,27.703542361055153],[85.32622207065658,27.703536025411776]]}},{"type":"Feature","properties":{},"geometry":{"type":"LineString","coordinates":[[85.3262430665141,27.703544401306516],[85.32619164154261,27.703550805856555]]}},{"type":"Feature","properties":{},"geometry":{"type":"LineString","coordinates":[[85.32642144843354,27.70367967305969],[85.32643345046235,27.703705008285322]]}},{"type":"Feature","properties":{},"geometry":{"type":"LineString","coordinates":[[85.3263437583363,27.703709205621408],[85.32635150062792,27.703731264546732]]}},{"type":"Feature","properties":{},"geometry":{"type":"LineString","coordinates":[[85.32626201042955,27.70373977032833],[85.32625409361718,27.70373452827615]]}},{"type":"Feature","properties":{},"geometry":{"type":"LineString","coordinates":[[85.32620008428988,27.70378009383588],[85.32622327439984,27.70379638905111]]}},{"type":"Feature","properties":{},"geometry":{"type":"LineString","coordinates":[[85.32612205376915,27.703836370975118],[85.32611705058342,27.70380985407958]]}},{"type":"Feature","properties":{},"geometry":{"type":"LineString","coordinates":[[85.32610443195333,27.703836875417686],[85.32610516813725,27.703873812984018]]}},{"type":"Feature","properties":{},"geometry":{"type":"LineString","coordinates":[[85.32586793755765,27.70383526824315],[85.32586807239305,27.70382816320934]]}},{"type":"Feature","properties":{},"geometry":{"type":"LineString","coordinates":[[85.32568131641979,27.703629164341425],[85.32569118061693,27.70362614187914]]}},{"type":"Feature","properties":{},"geometry":{"type":"LineString","coordinates":[[85.32557114859326,27.703388436326314],[85.32559101902316,27.703381786620987]]}},{"type":"Feature","properties":{},"geometry":{"type":"LineString","coordinates":[[85.32556533289495,27.703376025439535],[85.32555781934322,27.70335141683558]]}},{"type":"Feature","properties":{},"geometry":{"type":"LineString","coordinates":[[85.32574797973321,27.70346673395156],[85.32573745153725,27.703451479006908]]}},{"type":"Feature","properties":{},"geometry":{"type":"LineString","coordinates":[[85.32581955978807,27.70343702584043],[85.32582617645612,27.703447653943567]]}},{"type":"Feature","properties":{},"geometry":{"type":"LineString","coordinates":[[85.32583091892855,27.703432923948643],[85.32582504903013,27.70341456281841]]}},{"type":"Feature","properties":{},"geometry":{"type":"LineString","coordinates":[[85.32660733016154,27.7037745794264],[85.32659294658104,27.703782171077137]]}},{"type":"Feature","properties":{},"geometry":{"type":"LineString","coordinates":[[85.32665083056875,27.703862195776583],[85.3266379411859,27.703868026570817]]}},{"type":"Feature","properties":{},"geometry":{"type":"LineString","coordinates":[[85.32666430258699,27.70389021939405],[85.32664896403695,27.703896596409407]]}},{"type":"Feature","properties":{},"geometry":{"type":"LineString","coordinates":[[85.33222876433207,27.70189977912577],[85.33214652196115,27.701692802008058]]}},{"type":"Feature","properties":{},"geometry":{"type":"LineString","coordinates":[[85.33331452487793,27.702666915345915],[85.33331178068953,27.702688612107575]]}},{"type":"Feature","properties":{},"geometry":{"type":"LineString","coordinates":[[85.323652731088,27.700741351052645],[85.3236487426762,27.7007429598354]]}},{"type":"Feature","properties":{},"geometry":{"type":"LineString","coordinates":[[85.32348081511684,27.701242991145342],[85.32325431823503,27.70132379506243],[85.32332093812177,27.701469969904306]]}},{"type":"Feature","properties":{},"geometry":{"type":"LineString","coordinates":[[85.32450535584393,27.705543414291927],[85.32517915340506,27.70545230978983]]}},{"type":"Feature","properties":{},"geometry":{"type":"LineString","coordinates":[[85.32679296079792,27.704140435675036],[85.32688443699486,27.70430737919108]]}},{"type":"Feature","properties":{},"geometry":{"type":"LineString","coordinates":[[85.32653592916385,27.703629551326042],[85.32679296079792,27.704140435675036]]}},{"type":"Feature","properties":{},"geometry":{"type":"LineString","coordinates":[[85.32646801031753,27.703456168408906],[85.32653592916385,27.703629551326042]]}},{"type":"Feature","properties":{},"geometry":{"type":"LineString","coordinates":[[85.32620183039462,27.70281217517016],[85.32646801031753,27.703456168408906]]}},{"type":"Feature","properties":{},"geometry":{"type":"LineString","coordinates":[[85.32612869650269,27.702641501674034],[85.32620183039462,27.70281217517016]]}},{"type":"Feature","properties":{},"geometry":{"type":"LineString","coordinates":[[85.32566530098747,27.701874655069407],[85.3258276683191,27.702001265204128],[85.32593259943404,27.702187359824123]]}},{"type":"Feature","properties":{},"geometry":{"type":"LineString","coordinates":[[85.32501837808607,27.702867931118092],[85.32486347570138,27.7029052381824],[85.32482483286815,27.702865847282123],[85.32474583711557,27.702893771059458],[85.3247095231782,27.702860646723586],[85.32462106358493,27.702897115846024]]}},{"type":"Feature","properties":{},"geometry":{"type":"LineString","coordinates":[[85.32501837808607,27.702867931118092],[85.32498845348458,27.703091209617376],[85.32496146255592,27.703144589147524]]}},{"type":"Feature","properties":{},"geometry":{"type":"LineString","coordinates":[[85.32368205048067,27.703429654156434],[85.32379116621989,27.70356744697549],[85.3238208937024,27.703701884001987],[85.32386738412875,27.703787984979307]]}},{"type":"Feature","properties":{},"geometry":{"type":"LineString","coordinates":[[85.32368205048067,27.703429654156434],[85.32383656298154,27.703318876349762]]}},{"type":"Feature","properties":{},"geometry":{"type":"LineString","coordinates":[[85.32437400152791,27.70328510026966],[85.32430703396622,27.70330977489294],[85.32389411423817,27.703298644007525],[85.32383656298154,27.703318876349762]]}},{"type":"Feature","properties":{},"geometry":{"type":"LineString","coordinates":[[85.32408934876662,27.70231441915951],[85.32416141668503,27.70254215063758]]}},{"type":"Feature","properties":{},"geometry":{"type":"LineString","coordinates":[[85.32416141668503,27.70254215063758],[85.32416770757722,27.702559086388142]]}},{"type":"Feature","properties":{},"geometry":{"type":"LineString","coordinates":[[85.32461349057645,27.70321034642402],[85.32437400152791,27.70328510026966]]}},{"type":"Feature","properties":{},"geometry":{"type":"LineString","coordinates":[[85.32348993216408,27.70319992618373],[85.32368205048067,27.703429654156434]]}},{"type":"Feature","properties":{},"geometry":{"type":"LineString","coordinates":[[85.32257483382567,27.703073301887308],[85.3227838321214,27.703045228854663]]}},{"type":"Feature","properties":{},"geometry":{"type":"LineString","coordinates":[[85.3227838321214,27.703045228854663],[85.32279850481598,27.703039164607734]]}},{"type":"Feature","properties":{},"geometry":{"type":"LineString","coordinates":[[85.32279850481598,27.703039164607734],[85.32278571226418,27.70290094782963],[85.32303715790363,27.702636745215894]]}},{"type":"Feature","properties":{},"geometry":{"type":"LineString","coordinates":[[85.32303715790363,27.702636745215894],[85.32317990127484,27.702532376236988]]}},{"type":"Feature","properties":{},"geometry":{"type":"LineString","coordinates":[[85.32317990127484,27.702532376236988],[85.32340276947286,27.702472863913965]]}},{"type":"Feature","properties":{},"geometry":{"type":"LineString","coordinates":[[85.32408934876662,27.70231441915951],[85.32418809364052,27.702293995819257]]}},{"type":"Feature","properties":{},"geometry":{"type":"LineString","coordinates":[[85.32410055422709,27.70208978157227],[85.32418809364052,27.702293995819257]]}},{"type":"Feature","properties":{},"geometry":{"type":"LineString","coordinates":[[85.32418962357515,27.702293680397105],[85.32402300315715,27.701891552956145]]}},{"type":"Feature","properties":{},"geometry":{"type":"LineString","coordinates":[[85.32378123508424,27.701153115998743],[85.323652731088,27.700741351052645]]}},{"type":"Feature","properties":{},"geometry":{"type":"LineString","coordinates":[[85.32378123508424,27.701153115998743],[85.32352120903931,27.70123210731572]]}},{"type":"Feature","properties":{},"geometry":{"type":"LineString","coordinates":[[85.32352120903931,27.70123210731572],[85.32348081511684,27.701242991145342]]}},{"type":"Feature","properties":{},"geometry":{"type":"LineString","coordinates":[[85.3248532671643,27.701902690581115],[85.32496692121606,27.701746144246957],[85.32512604642416,27.70181898815297],[85.3252309409473,27.70189357659728]]}},{"type":"Feature","properties":{},"geometry":{"type":"LineString","coordinates":[[85.3246575999847,27.70205601862421],[85.3248532671643,27.701902690581115]]}},{"type":"Feature","properties":{},"geometry":{"type":"LineString","coordinates":[[85.32446688258617,27.702164161546992],[85.3246575999847,27.70205601862421]]}},{"type":"Feature","properties":{},"geometry":{"type":"LineString","coordinates":[[85.32513219565121,27.702252755920263],[85.32509136256755,27.702369529972966],[85.32493234863566,27.702490244213458],[85.32498717133778,27.702612430254558]]}},{"type":"Feature","properties":{},"geometry":{"type":"LineString","coordinates":[[85.3257997517738,27.701749723097496],[85.32577760613145,27.7017032357688]]}},{"type":"Feature","properties":{},"geometry":{"type":"LineString","coordinates":[[85.32597075695872,27.702062917575407],[85.3257997517738,27.701749723097496]]}},{"type":"Feature","properties":{},"geometry":{"type":"LineString","coordinates":[[85.32675375470934,27.703868265826035],[85.32659301828228,27.703529406945027]]}},{"type":"Feature","properties":{},"geometry":{"type":"LineString","coordinates":[[85.32737368849317,27.70305306398492],[85.32747983320286,27.703119728890176],[85.32754217759484,27.70321875162074]]}},{"type":"Feature","properties":{},"geometry":{"type":"LineString","coordinates":[[85.32756843550155,27.705338958730913],[85.32781591832394,27.705262854642882]]}},{"type":"Feature","properties":{},"geometry":{"type":"LineString","coordinates":[[85.32791679026445,27.705237278289836],[85.32851661249734,27.70505730679115]]}},{"type":"Feature","properties":{},"geometry":{"type":"LineString","coordinates":[[85.33406773950371,27.703387966759937],[85.3350678349765,27.70309090035231]]}},{"type":"Feature","properties":{},"geometry":{"type":"LineString","coordinates":[[85.33527708075447,27.703026258910295],[85.33556322666809,27.702930950685733]]}},{"type":"Feature","properties":{},"geometry":{"type":"LineString","coordinates":[[85.33556322666809,27.702930950685733],[85.33571178703211,27.702846943034405]]}},{"type":"Feature","properties":{},"geometry":{"type":"LineString","coordinates":[[85.33571178703211,27.702846943034405],[85.33587759967327,27.702734500153884],[85.33585629009401,27.702656141740693],[85.33548268531412,27.701896968562878],[85.33519962130141,27.701497048003244]]}},{"type":"Feature","properties":{},"geometry":{"type":"LineString","coordinates":[[85.33519962130141,27.701497048003244],[85.33459803659771,27.70089988788791]]}},{"type":"Feature","properties":{},"geometry":{"type":"LineString","coordinates":[[85.33459803659771,27.70089988788791],[85.3345161663568,27.700825204288037]]}},{"type":"Feature","properties":{},"geometry":{"type":"LineString","coordinates":[[85.3345161663568,27.700825204288037],[85.33426453026607,27.7005930534297],[85.33382317107713,27.70029050068952]]}},{"type":"Feature","properties":{},"geometry":{"type":"LineString","coordinates":[[85.33382317107713,27.70029050068952],[85.33349728839849,27.700122656975758],[85.33327404160198,27.700067860688154]]}},{"type":"Feature","properties":{},"geometry":{"type":"LineString","coordinates":[[85.33278279447082,27.699996722799263],[85.33242502008174,27.699954616762476]]}},{"type":"Feature","properties":{},"geometry":{"type":"LineString","coordinates":[[85.33242502008174,27.699954616762476],[85.33225435043687,27.699950547304823]]}},{"type":"Feature","properties":{},"geometry":{"type":"LineString","coordinates":[[85.33041046050297,27.699730793236874],[85.33016702980119,27.69971911610981]]}},{"type":"Feature","properties":{},"geometry":{"type":"LineString","coordinates":[[85.32861445391936,27.69945878293031],[85.32762979023646,27.69970213912963]]}},{"type":"Feature","properties":{},"geometry":{"type":"LineString","coordinates":[[85.32425986875019,27.70053498079788],[85.32420950815388,27.700614429929317]]}},{"type":"Feature","properties":{},"geometry":{"type":"LineString","coordinates":[[85.32577760613145,27.7017032357688],[85.32559135819636,27.70175373263326],[85.32506910563076,27.701519522376937],[85.32497872354759,27.701504675794318]]}},{"type":"Feature","properties":{},"geometry":{"type":"LineString","coordinates":[[85.32701305489553,27.70175992526618],[85.32715528060123,27.701689377799607],[85.3272535958823,27.701584827686045],[85.32737509581733,27.70152223100795]]}},{"type":"Feature","properties":{},"geometry":{"type":"LineString","coordinates":[[85.32698176969286,27.70175089805921],[85.32701305489553,27.70175992526618]]}},{"type":"Feature","properties":{},"geometry":{"type":"LineString","coordinates":[[85.32819921031818,27.701689544220518],[85.32812211817223,27.70171975385934]]}},{"type":"Feature","properties":{},"geometry":{"type":"LineString","coordinates":[[85.32824252880742,27.701663072098732],[85.32819921031818,27.701689544220518]]}},{"type":"Feature","properties":{},"geometry":{"type":"LineString","coordinates":[[85.32874500054642,27.700698500548455],[85.32848678693628,27.70113416917228],[85.32839806258406,27.70122310640071],[85.32839754579241,27.701417946083183],[85.32843001937339,27.701534226404803]]}},{"type":"Feature","properties":{},"geometry":{"type":"LineString","coordinates":[[85.33266382291274,27.70382623657153],[85.3325214452642,27.703614845714277],[85.33241274328378,27.703517252259164]]}},{"type":"Feature","properties":{},"geometry":{"type":"LineString","coordinates":[[85.33241274328378,27.703517252259164],[85.3322881845322,27.703445545971334]]}},{"type":"Feature","properties":{},"geometry":{"type":"LineString","coordinates":[[85.3322881845322,27.703445545971334],[85.33204261532921,27.70332655821111],[85.33143810890087,27.7033689657681]]}},{"type":"Feature","properties":{},"geometry":{"type":"LineString","coordinates":[[85.3310692842199,27.703393893164865],[85.33064424140844,27.70342841355711],[85.33042706815739,27.703406763304645],[85.33031657997181,27.703291757302434],[85.33016929220618,27.703009061310826]]}},{"type":"Feature","properties":{},"geometry":{"type":"LineString","coordinates":[[85.33132199046072,27.703372861357114],[85.3310692842199,27.703393893164865]]}},{"type":"Feature","properties":{},"geometry":{"type":"LineString","coordinates":[[85.33553389442103,27.7029758401735],[85.3344467900437,27.703306652911067]]}},{"type":"Feature","properties":{},"geometry":{"type":"LineString","coordinates":[[85.3344224852074,27.703235751248407],[85.33425650286466,27.70295606186498]]}},{"type":"Feature","properties":{},"geometry":{"type":"LineString","coordinates":[[85.33442031059877,27.70323651752331],[85.3342708289425,27.702968238170246],[85.3338691697363,27.70273248336816]]}},{"type":"Feature","properties":{},"geometry":{"type":"LineString","coordinates":[[85.3338691697363,27.70273248336816],[85.33379144665345,27.702698412566313]]}},{"type":"Feature","properties":{},"geometry":{"type":"LineString","coordinates":[[85.33425650286466,27.70295606186498],[85.3337920234294,27.702697225434292],[85.333711157345,27.70266352290664],[85.33357200222808,27.70266056804346]]}},{"type":"Feature","properties":{},"geometry":{"type":"LineString","coordinates":[[85.33272980061005,27.70265501040535],[85.33273038605725,27.70268533592053]]}},{"type":"Feature","properties":{},"geometry":{"type":"LineString","coordinates":[[85.3327189917543,27.70245072157659],[85.33273347004776,27.702379833663187],[85.3328884241199,27.702345928128686],[85.33293760096,27.702308114117773]]}},{"type":"Feature","properties":{},"geometry":{"type":"LineString","coordinates":[[85.33293760096,27.702308114117773],[85.33291540334295,27.702234018197867]]}},{"type":"Feature","properties":{},"geometry":{"type":"LineString","coordinates":[[85.33291540334295,27.702234018197867],[85.33285128341852,27.702086071673147]]}},{"type":"Feature","properties":{},"geometry":{"type":"LineString","coordinates":[[85.33395346718312,27.70162412524415],[85.33368723838876,27.701623645801995]]}},{"type":"Feature","properties":{},"geometry":{"type":"LineString","coordinates":[[85.33336020915979,27.701671002830388],[85.33331123560814,27.701687195250855]]}},{"type":"Feature","properties":{},"geometry":{"type":"LineString","coordinates":[[85.33357821380095,27.701628286693065],[85.33336020915979,27.701671002830388]]}},{"type":"Feature","properties":{},"geometry":{"type":"LineString","coordinates":[[85.33366176997279,27.70162383925865],[85.33357821380095,27.701628286693065]]}},{"type":"Feature","properties":{},"geometry":{"type":"LineString","coordinates":[[85.33368723838876,27.701623645801995],[85.33366176997279,27.70162383925865]]}},{"type":"Feature","properties":{},"geometry":{"type":"LineString","coordinates":[[85.33519821428497,27.701497618643593],[85.33509859286485,27.701664716548727]]}},{"type":"Feature","properties":{},"geometry":{"type":"LineString","coordinates":[[85.33509859286485,27.701664716548727],[85.33481565150011,27.701559454304473],[85.33475120793574,27.701558625882207],[85.33470905547371,27.701572451333465],[85.33464263345797,27.701718472048558]]}},{"type":"Feature","properties":{},"geometry":{"type":"LineString","coordinates":[[85.33464263345797,27.701718472048558],[85.33448929592561,27.70172982083688],[85.33444377206494,27.70169548073719]]}},{"type":"Feature","properties":{},"geometry":{"type":"LineString","coordinates":[[85.33444377206494,27.70169548073719],[85.33432708818188,27.70164879316761]]}},{"type":"Feature","properties":{},"geometry":{"type":"LineString","coordinates":[[85.33432708818188,27.70164879316761],[85.33422353550036,27.701620374991517]]}},{"type":"Feature","properties":{},"geometry":{"type":"LineString","coordinates":[[85.3340269262958,27.701608616257168],[85.33395346718312,27.70162412524415]]}},{"type":"Feature","properties":{},"geometry":{"type":"LineString","coordinates":[[85.33073611029978,27.704410082712833],[85.33064374947621,27.70411207259215]]}},{"type":"Feature","properties":{},"geometry":{"type":"LineString","coordinates":[[85.33052306897766,27.70373197517132],[85.33042797192758,27.703408611795428]]}},{"type":"Feature","properties":{},"geometry":{"type":"LineString","coordinates":[[85.33117272210626,27.704335060732184],[85.33075077334382,27.70444940400061]]}},{"type":"Feature","properties":{},"geometry":{"type":"LineString","coordinates":[[85.33267821430475,27.70385705509235],[85.33267590408292,27.70385806880939]]}},{"type":"Feature","properties":{},"geometry":{"type":"LineString","coordinates":[[85.32939304843532,27.70034838742979],[85.32963269131554,27.700451324882437],[85.33004219627847,27.700462404342375],[85.33014374638569,27.700651170974247],[85.33016198765924,27.70064784307573],[85.33021718187435,27.70078952136934]]}},{"type":"Feature","properties":{},"geometry":{"type":"LineString","coordinates":[[85.32939304843532,27.70034838742979],[85.3292432763276,27.700513931632102],[85.32912626495049,27.700725132106474]]}},{"type":"Feature","properties":{},"geometry":{"type":"LineString","coordinates":[[85.32912626495049,27.700725132106474],[85.32905992013895,27.70084787141145]]}},{"type":"Feature","properties":{},"geometry":{"type":"LineString","coordinates":[[85.32901014156701,27.699730998334115],[85.32902074704704,27.699770474791663]]}},{"type":"Feature","properties":{},"geometry":{"type":"LineString","coordinates":[[85.32903116961553,27.699800925350793],[85.32905828557062,27.699984419637424]]}},{"type":"Feature","properties":{},"geometry":{"type":"LineString","coordinates":[[85.3284886607781,27.70113537233154],[85.32840267402416,27.701225725322246],[85.32839364585925,27.701265326667695],[85.32840360754741,27.70145294883208],[85.32843001937339,27.701534226404803]]}},{"type":"Feature","properties":{},"geometry":{"type":"LineString","coordinates":[[85.3285579186468,27.70101563066875],[85.3284886607781,27.70113537233154]]}},{"type":"Feature","properties":{},"geometry":{"type":"LineString","coordinates":[[85.32806692671117,27.700205540421216],[85.32801535801963,27.700329436920175],[85.32797739809004,27.700523792795877],[85.32792768731079,27.700617660412664],[85.32787377960109,27.700660301879257]]}},{"type":"Feature","properties":{},"geometry":{"type":"LineString","coordinates":[[85.32812324139185,27.70008679971245],[85.32806692671117,27.700205540421216]]}},{"type":"Feature","properties":{},"geometry":{"type":"LineString","coordinates":[[85.32972797550241,27.699656138700075],[85.32971600702362,27.69968990038833]]}},{"type":"Feature","properties":{},"geometry":{"type":"LineString","coordinates":[[85.32969469590385,27.699742205059145],[85.32959325852742,27.69994908115557]]}},{"type":"Feature","properties":{},"geometry":{"type":"LineString","coordinates":[[85.32910548328186,27.701348061845795],[85.32893695842245,27.70136941726896]]}},{"type":"Feature","properties":{},"geometry":{"type":"LineString","coordinates":[[85.32893695842245,27.70136941726896],[85.32893289480401,27.701370175096475]]}},{"type":"Feature","properties":{},"geometry":{"type":"LineString","coordinates":[[85.32843894937405,27.7015345977751],[85.32843001937339,27.701534226404803]]}},{"type":"Feature","properties":{},"geometry":{"type":"LineString","coordinates":[[85.32843001937339,27.701534226404803],[85.32823410576152,27.701649000727212],[85.32824252880742,27.701663072098732]]}},{"type":"Feature","properties":{},"geometry":{"type":"LineString","coordinates":[[85.32791580538687,27.7010196918755],[85.32797728829235,27.701340592985172],[85.32812271356205,27.701518528713382]]}},{"type":"Feature","properties":{},"geometry":{"type":"LineString","coordinates":[[85.32788506474951,27.70085051592625],[85.32791580538687,27.7010196918755]]}},{"type":"Feature","properties":{},"geometry":{"type":"LineString","coordinates":[[85.32788114635302,27.70071039298006],[85.32788506474951,27.70085051592625]]}},{"type":"Feature","properties":{},"geometry":{"type":"LineString","coordinates":[[85.32788828522929,27.70069648337674],[85.32788114635302,27.70071039298006]]}},{"type":"Feature","properties":{},"geometry":{"type":"LineString","coordinates":[[85.32788828522929,27.70069648337674],[85.32787377960109,27.700660301879257]]}},{"type":"Feature","properties":{},"geometry":{"type":"LineString","coordinates":[[85.32787377960109,27.700660301879257],[85.32761366219009,27.700452606124685]]}},{"type":"Feature","properties":{},"geometry":{"type":"LineString","coordinates":[[85.32761366219009,27.700452606124685],[85.32732253519255,27.700294031032197]]}},{"type":"Feature","properties":{},"geometry":{"type":"LineString","coordinates":[[85.32732253519255,27.700294031032197],[85.3271870491119,27.70022473169823],[85.32712917250109,27.700169975083575]]}},{"type":"Feature","properties":{},"geometry":{"type":"LineString","coordinates":[[85.32275270747822,27.70206465535257],[85.32284245276013,27.70204409956705]]}},{"type":"Feature","properties":{},"geometry":{"type":"LineString","coordinates":[[85.32334531059698,27.703054356371567],[85.32348993216408,27.70319992618373]]}},{"type":"Feature","properties":{},"geometry":{"type":"LineString","coordinates":[[85.32496438165421,27.703177075583636],[85.32496146255592,27.703144589147524]]}},{"type":"Feature","properties":{},"geometry":{"type":"LineString","coordinates":[[85.32478211799202,27.703631969073818],[85.3248846966062,27.703941039717474],[85.32508488238932,27.704383983024297],[85.32510674786839,27.704513024928644]]}},{"type":"Feature","properties":{},"geometry":{"type":"LineString","coordinates":[[85.32510674786839,27.704513024928644],[85.32511124835864,27.70488248411131]]}},{"type":"Feature","properties":{},"geometry":{"type":"LineString","coordinates":[[85.32511124835864,27.70488248411131],[85.32511188524069,27.704945817283203]]}},{"type":"Feature","properties":{},"geometry":{"type":"LineString","coordinates":[[85.32535161907859,27.704857703917764],[85.32544861762301,27.70484340316975],[85.32546865386654,27.704951152549476]]}},{"type":"Feature","properties":{},"geometry":{"type":"LineString","coordinates":[[85.32702593357659,27.701191210725288],[85.3271224634969,27.70128133063023]]}},{"type":"Feature","properties":{},"geometry":{"type":"LineString","coordinates":[[85.3271224634969,27.70128133063023],[85.32737509581733,27.70152223100795]]}},{"type":"Feature","properties":{},"geometry":{"type":"LineString","coordinates":[[85.3266560423999,27.700363011042086],[85.32649284639128,27.700034144234593]]}},{"type":"Feature","properties":{},"geometry":{"type":"LineString","coordinates":[[85.32736878186724,27.70114228994569],[85.32755972096287,27.701051562023665]]}},{"type":"Feature","properties":{},"geometry":{"type":"LineString","coordinates":[[85.32701305489553,27.70175992526618],[85.32704679496426,27.701957547127773],[85.32710232016659,27.70210056359697]]}},{"type":"Feature","properties":{},"geometry":{"type":"LineString","coordinates":[[85.32722000432827,27.70239321108683],[85.32730868569543,27.702572286920013]]}},{"type":"Feature","properties":{},"geometry":{"type":"LineString","coordinates":[[85.32765166958352,27.70230575367141],[85.32759638577758,27.702186884400906]]}},{"type":"Feature","properties":{},"geometry":{"type":"LineString","coordinates":[[85.32812211817223,27.70171975385934],[85.32812294466514,27.7017770215516]]}},{"type":"Feature","properties":{},"geometry":{"type":"LineString","coordinates":[[85.32812294466514,27.7017770215516],[85.32828242317885,27.702362279349654]]}},{"type":"Feature","properties":{},"geometry":{"type":"LineString","coordinates":[[85.32828242317885,27.702362279349654],[85.32836260649212,27.702513354150106]]}},{"type":"Feature","properties":{},"geometry":{"type":"LineString","coordinates":[[85.32857597344774,27.702890711253303],[85.32869165094655,27.703097361077546],[85.32870872272865,27.70317712056557]]}},{"type":"Feature","properties":{},"geometry":{"type":"LineString","coordinates":[[85.32870872272865,27.70317712056557],[85.32869441212382,27.703309152268012]]}},{"type":"Feature","properties":{},"geometry":{"type":"LineString","coordinates":[[85.32869441212382,27.703309152268012],[85.32854407652526,27.703560083349885]]}},{"type":"Feature","properties":{},"geometry":{"type":"LineString","coordinates":[[85.3285791576788,27.703818355227693],[85.3285362615924,27.70365852296278],[85.32854407652526,27.703560083349885]]}},{"type":"Feature","properties":{},"geometry":{"type":"LineString","coordinates":[[85.32861621546616,27.703891861292355],[85.3285791576788,27.703818355227693]]}},{"type":"Feature","properties":{},"geometry":{"type":"LineString","coordinates":[[85.32883586974272,27.704389995429132],[85.32879595013789,27.7042012345713],[85.32861621546616,27.703891861292355]]}},{"type":"Feature","properties":{},"geometry":{"type":"LineString","coordinates":[[85.32890590958313,27.70453993212033],[85.32883586974272,27.704389995429132]]}},{"type":"Feature","properties":{},"geometry":{"type":"LineString","coordinates":[[85.3291267721381,27.704940232387056],[85.32864373315093,27.70505581727357],[85.32757758428416,27.705358249322984]]}},{"type":"Feature","properties":{},"geometry":{"type":"LineString","coordinates":[[85.33075077334382,27.70444940400061],[85.33004425166006,27.704678142812597]]}},{"type":"Feature","properties":{},"geometry":{"type":"LineString","coordinates":[[85.33274958904876,27.702865423776434],[85.33273038605725,27.70268533592053]]}},{"type":"Feature","properties":{},"geometry":{"type":"LineString","coordinates":[[85.33274958904876,27.702865423776434],[85.33294421089778,27.702856692427073]]}},{"type":"Feature","properties":{},"geometry":{"type":"LineString","coordinates":[[85.33233709069756,27.702515492382705],[85.33223879227108,27.702508297197955]]}},{"type":"Feature","properties":{},"geometry":{"type":"LineString","coordinates":[[85.33246946408595,27.702595909381323],[85.33246506239908,27.702537738452648],[85.33233709069756,27.702515492382705]]}},{"type":"Feature","properties":{},"geometry":{"type":"LineString","coordinates":[[85.33240342934069,27.702767437810447],[85.33246946408595,27.702595909381323]]}},{"type":"Feature","properties":{},"geometry":{"type":"LineString","coordinates":[[85.33241274328378,27.703517252259164],[85.33249297076988,27.703443382853845],[85.33241677324024,27.703330660693656]]}},{"type":"Feature","properties":{},"geometry":{"type":"LineString","coordinates":[[85.3324104099909,27.70299844022748],[85.33233770254014,27.702981916846376]]}},{"type":"Feature","properties":{},"geometry":{"type":"LineString","coordinates":[[85.33238593578142,27.703152225127816],[85.3324104099909,27.70299844022748]]}},{"type":"Feature","properties":{},"geometry":{"type":"LineString","coordinates":[[85.3317494478422,27.702539066212573],[85.33170766066232,27.70262935283278]]}},{"type":"Feature","properties":{},"geometry":{"type":"LineString","coordinates":[[85.33241677324024,27.703330660693656],[85.33237994819449,27.703262228896318],[85.33238593578142,27.703152225127816]]}},{"type":"Feature","properties":{},"geometry":{"type":"LineString","coordinates":[[85.33272980061005,27.70265501040535],[85.33273458679989,27.70238174878627],[85.33288930267678,27.702348370179077],[85.33293592223735,27.702307879095212],[85.33287165717336,27.702114643568155],[85.33276654855342,27.701928834198544]]}},{"type":"Feature","properties":{},"geometry":{"type":"LineString","coordinates":[[85.33289532041364,27.701830896870035],[85.33276041214536,27.701870967296163]]}},{"type":"Feature","properties":{},"geometry":{"type":"LineString","coordinates":[[85.33307838532873,27.701189576565326],[85.33263687531694,27.7013537712574]]}},{"type":"Feature","properties":{},"geometry":{"type":"LineString","coordinates":[[85.33318775666336,27.701360852722154],[85.33315351693872,27.701241818265625],[85.33307838532873,27.701189576565326]]}},{"type":"Feature","properties":{},"geometry":{"type":"LineString","coordinates":[[85.33375124055962,27.700502467247418],[85.33360713025178,27.700496199170995],[85.33341759881942,27.700569069448633]]}},{"type":"Feature","properties":{},"geometry":{"type":"LineString","coordinates":[[85.33293546500458,27.701034720781468],[85.33254979595054,27.701214399386643]]}},{"type":"Feature","properties":{},"geometry":{"type":"LineString","coordinates":[[85.33096732130419,27.70015944985334],[85.33092622893864,27.69998021886192],[85.33092808650346,27.699879677332017]]}},{"type":"Feature","properties":{},"geometry":{"type":"LineString","coordinates":[[85.33169368541519,27.700418947769446],[85.33165555565277,27.700361847838455],[85.33162340150872,27.700364745629084],[85.33144019618113,27.700406583914837],[85.33123490728728,27.700494474625525]]}},{"type":"Feature","properties":{},"geometry":{"type":"LineString","coordinates":[[85.33189407276039,27.700513153589227],[85.33185989820552,27.700501212630662],[85.33181253992234,27.700430497585028]]}},{"type":"Feature","properties":{},"geometry":{"type":"LineString","coordinates":[[85.33181253992234,27.700430497585028],[85.33169368541519,27.700418947769446]]}},{"type":"Feature","properties":{},"geometry":{"type":"LineString","coordinates":[[85.33231887193088,27.700447345446648],[85.33225255143006,27.70047443713038]]}},{"type":"Feature","properties":{},"geometry":{"type":"LineString","coordinates":[[85.33260870958114,27.700368168381893],[85.33235957813983,27.700433392282605]]}},{"type":"Feature","properties":{},"geometry":{"type":"LineString","coordinates":[[85.33281823116803,27.700313004301467],[85.33260870958114,27.700368168381893]]}},{"type":"Feature","properties":{},"geometry":{"type":"LineString","coordinates":[[85.33235957813983,27.700433392282605],[85.33231887193088,27.700447345446648]]}},{"type":"Feature","properties":{},"geometry":{"type":"LineString","coordinates":[[85.33254979595054,27.701214399386643],[85.33247046345087,27.701066859736336]]}},{"type":"Feature","properties":{},"geometry":{"type":"LineString","coordinates":[[85.33247046345087,27.701066859736336],[85.33245921126226,27.701006203692668]]}},{"type":"Feature","properties":{},"geometry":{"type":"LineString","coordinates":[[85.33245921126226,27.701006203692668],[85.33245778233392,27.700979337415504]]}},{"type":"Feature","properties":{},"geometry":{"type":"LineString","coordinates":[[85.33059758993828,27.700818106122025],[85.33083570830826,27.701007232924493],[85.33107481886437,27.7011005602143]]}},{"type":"Feature","properties":{},"geometry":{"type":"LineString","coordinates":[[85.33107481886437,27.7011005602143],[85.33111076020975,27.701101822036435],[85.33118136467093,27.701045271890248],[85.33127199770776,27.701096915323326],[85.33132389113808,27.701156734572265],[85.3314306219691,27.70119278904974]]}},{"type":"Feature","properties":{},"geometry":{"type":"LineString","coordinates":[[85.3314306219691,27.70119278904974],[85.33159838792393,27.701249074112482],[85.33179276686009,27.701268124564223]]}},{"type":"Feature","properties":{},"geometry":{"type":"LineString","coordinates":[[85.33179276686009,27.701268124564223],[85.3319000877899,27.701265266935938]]}},{"type":"Feature","properties":{},"geometry":{"type":"LineString","coordinates":[[85.33225602544174,27.701184159641958],[85.3319000877899,27.701265266935938]]}},{"type":"Feature","properties":{},"geometry":{"type":"LineString","coordinates":[[85.33090747943459,27.700704187148908],[85.33059758993828,27.700818106122025]]}},{"type":"Feature","properties":{},"geometry":{"type":"LineString","coordinates":[[85.3305157035679,27.700846058910567],[85.33032429182367,27.70094349576247]]}},{"type":"Feature","properties":{},"geometry":{"type":"LineString","coordinates":[[85.33059758993828,27.700818106122025],[85.3305157035679,27.700846058910567]]}},{"type":"Feature","properties":{},"geometry":{"type":"LineString","coordinates":[[85.33110797592724,27.70055370600151],[85.33096478495666,27.700674545141382]]}},{"type":"Feature","properties":{},"geometry":{"type":"LineString","coordinates":[[85.33096478495666,27.700674545141382],[85.33090747943459,27.700704187148908]]}},{"type":"Feature","properties":{},"geometry":{"type":"LineString","coordinates":[[85.33119408341246,27.700513618404823],[85.33110797592724,27.70055370600151]]}},{"type":"Feature","properties":{},"geometry":{"type":"LineString","coordinates":[[85.3268472124337,27.70026686073746],[85.3267800936601,27.700319151007296],[85.3266560423999,27.700363011042086]]}},{"type":"Feature","properties":{},"geometry":{"type":"LineString","coordinates":[[85.33092699061817,27.702370504037443],[85.33091067279067,27.702247435081997],[85.33084346379162,27.702235470123092],[85.33086434572195,27.702152534799033]]}},{"type":"Feature","properties":{},"geometry":{"type":"LineString","coordinates":[[85.33096943222884,27.701945345307223],[85.330962820898,27.701900623682164],[85.3307812690862,27.70181625123111]]}},{"type":"Feature","properties":{},"geometry":{"type":"LineString","coordinates":[[85.33090557858291,27.702066320383192],[85.33096943222884,27.701945345307223]]}},{"type":"Feature","properties":{},"geometry":{"type":"LineString","coordinates":[[85.33086434572195,27.702152534799033],[85.33090557858291,27.702066320383192]]}},{"type":"Feature","properties":{},"geometry":{"type":"LineString","coordinates":[[85.33263687531694,27.7013537712574],[85.33254979595054,27.701214399386643]]}},{"type":"Feature","properties":{},"geometry":{"type":"LineString","coordinates":[[85.33331123560814,27.701687195250855],[85.33310982946165,27.701760338134306]]}},{"type":"Feature","properties":{},"geometry":{"type":"LineString","coordinates":[[85.3324190315234,27.70076077117644],[85.33237982870257,27.700742399574363],[85.33237162663032,27.700704827788567]]}},{"type":"Feature","properties":{},"geometry":{"type":"LineString","coordinates":[[85.33201173433251,27.700972394365326],[85.33198095452683,27.701086802615393]]}},{"type":"Feature","properties":{},"geometry":{"type":"LineString","coordinates":[[85.33189548323284,27.702041004655992],[85.33196838662312,27.70217640637378]]}},{"type":"Feature","properties":{},"geometry":{"type":"LineString","coordinates":[[85.331902417189,27.70203927408244],[85.33189548323284,27.702041004655992]]}},{"type":"Feature","properties":{},"geometry":{"type":"LineString","coordinates":[[85.33129591683168,27.70245030369195],[85.3309667359809,27.702546138345774]]}},{"type":"Feature","properties":{},"geometry":{"type":"LineString","coordinates":[[85.33196838662312,27.70217640637378],[85.33176158269153,27.702281168915384],[85.33150653257903,27.702367049548695]]}},{"type":"Feature","properties":{},"geometry":{"type":"LineString","coordinates":[[85.33150653257903,27.702367049548695],[85.33129591683168,27.70245030369195]]}},{"type":"Feature","properties":{},"geometry":{"type":"LineString","coordinates":[[85.33213922568144,27.702094084438972],[85.33196838662312,27.70217640637378]]}},{"type":"Feature","properties":{},"geometry":{"type":"LineString","coordinates":[[85.3309667359809,27.702546138345774],[85.3309420057959,27.702525996725235],[85.33092699061817,27.702370504037443]]}},{"type":"Feature","properties":{},"geometry":{"type":"LineString","coordinates":[[85.33097308622524,27.70257323634283],[85.3309667359809,27.702546138345774]]}},{"type":"Feature","properties":{},"geometry":{"type":"LineString","coordinates":[[85.3314295499407,27.703338799574954],[85.33129673087747,27.703078548599844]]}},{"type":"Feature","properties":{},"geometry":{"type":"LineString","coordinates":[[85.33092699061817,27.702370504037443],[85.3307828459347,27.7023732138036],[85.3305754349595,27.70241137709182],[85.33045617725894,27.702388615233676]]}},{"type":"Feature","properties":{},"geometry":{"type":"LineString","coordinates":[[85.32978926551098,27.70226662818343],[85.32992984370976,27.70232431023159]]}},{"type":"Feature","properties":{},"geometry":{"type":"LineString","coordinates":[[85.32861621546616,27.703891861292355],[85.32840986032025,27.703937430344975]]}},{"type":"Feature","properties":{},"geometry":{"type":"LineString","coordinates":[[85.32883586974272,27.704389995429132],[85.32930194557319,27.704255166662737]]}},{"type":"Feature","properties":{},"geometry":{"type":"LineString","coordinates":[[85.32918733378281,27.703828741422292],[85.32936203991476,27.703784962577163]]}},{"type":"Feature","properties":{},"geometry":{"type":"LineString","coordinates":[[85.32987867483077,27.703920754868214],[85.32978457371907,27.70368931242641]]}},{"type":"Feature","properties":{},"geometry":{"type":"LineString","coordinates":[[85.32982202043654,27.702916718124314],[85.32961254759766,27.702865472882163]]}},{"type":"Feature","properties":{},"geometry":{"type":"LineString","coordinates":[[85.32961254759766,27.702865472882163],[85.32950322748472,27.7028330455685]]}},{"type":"Feature","properties":{},"geometry":{"type":"LineString","coordinates":[[85.32950322748472,27.7028330455685],[85.32939949113897,27.702805386934173],[85.32932729394665,27.702756343882104]]}},{"type":"Feature","properties":{},"geometry":{"type":"LineString","coordinates":[[85.33016929220618,27.703009061310826],[85.32940002101148,27.702803620721927],[85.3291154619656,27.702601674299334]]}},{"type":"Feature","properties":{},"geometry":{"type":"LineString","coordinates":[[85.32864557523813,27.70228931039187],[85.32854333350413,27.702165034152856],[85.32827723245518,27.701712476124484]]}},{"type":"Feature","properties":{},"geometry":{"type":"LineString","coordinates":[[85.3282813011021,27.70171651181573],[85.32824536402278,27.701662142414346],[85.32825405578589,27.701636433569302],[85.32843894937405,27.7015345977751]]}},{"type":"Feature","properties":{},"geometry":{"type":"LineString","coordinates":[[85.33446117512139,27.702569084771717],[85.33437016606922,27.702539545902]]}},{"type":"Feature","properties":{},"geometry":{"type":"LineString","coordinates":[[85.33149147515213,27.70207191567363],[85.3315252907246,27.701838538442157],[85.33140598654238,27.701837984997297],[85.3314213530234,27.70176535338846]]}},{"type":"Feature","properties":{},"geometry":{"type":"LineString","coordinates":[[85.3309628306343,27.701526986239344],[85.3307812690862,27.70181625123111]]}},{"type":"Feature","properties":{},"geometry":{"type":"LineString","coordinates":[[85.3311779488501,27.702098345745387],[85.33090557858291,27.702066320383192]]}},{"type":"Feature","properties":{},"geometry":{"type":"LineString","coordinates":[[85.33011690411593,27.701870042813844],[85.32992095521492,27.70159512894373]]}},{"type":"Feature","properties":{},"geometry":{"type":"LineString","coordinates":[[85.32977824942958,27.701178029634434],[85.32985343810333,27.701338947951477]]}},{"type":"Feature","properties":{},"geometry":{"type":"LineString","coordinates":[[85.32974699918438,27.701104712161097],[85.32972350899878,27.70094865501777]]}},{"type":"Feature","properties":{},"geometry":{"type":"LineString","coordinates":[[85.32972350899878,27.70094865501777],[85.32982765221644,27.700905474446884]]}},{"type":"Feature","properties":{},"geometry":{"type":"LineString","coordinates":[[85.32861390100125,27.70092122119269],[85.3285579186468,27.70101563066875]]}},{"type":"Feature","properties":{},"geometry":{"type":"LineString","coordinates":[[85.32427608901416,27.704557946068785],[85.32396511718397,27.704593785939625]]}},{"type":"Feature","properties":{},"geometry":{"type":"LineString","coordinates":[[85.32874883366675,27.700700756262904],[85.32861390100125,27.70092122119269]]}},{"type":"Feature","properties":{},"geometry":{"type":"LineString","coordinates":[[85.32902074704704,27.699770474791663],[85.32903116961553,27.699800925350793]]}},{"type":"Feature","properties":{},"geometry":{"type":"LineString","coordinates":[[85.33052369852942,27.700843037014742],[85.330539395458,27.700872228841916]]}},{"type":"Feature","properties":{},"geometry":{"type":"LineString","coordinates":[[85.32757758428416,27.705358249322984],[85.32756843550155,27.705338958730913]]}},{"type":"Feature","properties":{},"geometry":{"type":"LineString","coordinates":[[85.32659301828228,27.703529406945027],[85.32649710588426,27.703291081222705]]}},{"type":"Feature","properties":{},"geometry":{"type":"LineString","coordinates":[[85.33520876033701,27.701492803097725],[85.3351644839665,27.701428913371522]]}},{"type":"Feature","properties":{},"geometry":{"type":"LineString","coordinates":[[85.32977824942958,27.701178029634434],[85.32974699918438,27.701104712161097]]}},{"type":"Feature","properties":{},"geometry":{"type":"LineString","coordinates":[[85.32982765221644,27.700905474446884],[85.33021718187435,27.70078952136934]]}},{"type":"Feature","properties":{},"geometry":{"type":"LineString","coordinates":[[85.3338133151804,27.700314769893325],[85.33375124055962,27.700502467247418]]}},{"type":"Feature","properties":{},"geometry":{"type":"LineString","coordinates":[[85.33449749925899,27.70102598319373],[85.33448557671284,27.701022483171386]]}},{"type":"Feature","properties":{},"geometry":{"type":"LineString","coordinates":[[85.32669035475868,27.703744343129948],[85.32670196332067,27.703742503260415]]}},{"type":"Feature","properties":{},"geometry":{"type":"LineString","coordinates":[[85.32668608650899,27.703737039559496],[85.32669766301427,27.703732980838783]]}},{"type":"Feature","properties":{},"geometry":{"type":"LineString","coordinates":[[85.33673064249939,27.708008092015298],[85.33671043088088,27.70792157072464]]}},{"type":"Feature","properties":{},"geometry":{"type":"LineString","coordinates":[[85.3333515049801,27.708175816175448],[85.33335386668631,27.708122121247587]]}},{"type":"Feature","properties":{},"geometry":{"type":"LineString","coordinates":[[85.33335386668631,27.708122121247587],[85.33335677370604,27.708085055142284]]}},{"type":"Feature","properties":{},"geometry":{"type":"LineString","coordinates":[[85.3333515049801,27.708175816175448],[85.33327682679858,27.708180695081634]]}},{"type":"Feature","properties":{},"geometry":{"type":"LineString","coordinates":[[85.33327682679858,27.708180695081634],[85.33316876370553,27.70821638118327]]}},{"type":"Feature","properties":{},"geometry":{"type":"LineString","coordinates":[[85.32682641596561,27.705447387065526],[85.32681906204206,27.70540338559328],[85.32688568727845,27.705390963153594],[85.327639140231,27.705413172102848]]}},{"type":"Feature","properties":{},"geometry":{"type":"LineString","coordinates":[[85.33613760738916,27.70535808174036],[85.33617832267696,27.705349705376417]]}},{"type":"Feature","properties":{},"geometry":{"type":"LineString","coordinates":[[85.3361705290317,27.705288588439654],[85.33617625175874,27.7052874306588]]}},{"type":"Feature","properties":{},"geometry":{"type":"LineString","coordinates":[[85.33631895127587,27.70580069981181],[85.33626720833665,27.705809372380262]]}},{"type":"Feature","properties":{},"geometry":{"type":"LineString","coordinates":[[85.33266448116713,27.70391666466404],[85.3328242239616,27.703858536556194],[85.33284874474586,27.703912504715134]]}},{"type":"Feature","properties":{},"geometry":{"type":"LineString","coordinates":[[85.33263104858568,27.70392741207721],[85.33260751350686,27.703936871623508]]}},{"type":"Feature","properties":{},"geometry":{"type":"LineString","coordinates":[[85.33639325121847,27.706056847666748],[85.33635667095633,27.70606222496656]]}},{"type":"Feature","properties":{},"geometry":{"type":"LineString","coordinates":[[85.33198005737343,27.70264468341979],[85.3319925744634,27.702607299896346]]}},{"type":"Feature","properties":{},"geometry":{"type":"LineString","coordinates":[[85.32991737941543,27.70233920626353],[85.32992984370976,27.70232431023159]]}},{"type":"Feature","properties":{},"geometry":{"type":"LineString","coordinates":[[85.32840823899366,27.701907449067537],[85.3282813011021,27.70171651181573]]}},{"type":"Feature","properties":{},"geometry":{"type":"LineString","coordinates":[[85.32827723245518,27.701712476124484],[85.32824252880742,27.701663072098732]]}},{"type":"Feature","properties":{},"geometry":{"type":"LineString","coordinates":[[85.3284580177725,27.701527644627255],[85.32843894937405,27.7015345977751]]}},{"type":"Feature","properties":{},"geometry":{"type":"LineString","coordinates":[[85.32900279468365,27.69970393155047],[85.32901420666273,27.699730671938717]]}},{"type":"Feature","properties":{},"geometry":{"type":"LineString","coordinates":[[85.32812271356205,27.701518528713382],[85.32819921031818,27.701689544220518]]}},{"type":"Feature","properties":{},"geometry":{"type":"LineString","coordinates":[[85.3345161663568,27.700825204288037],[85.33448739388638,27.700851674730167]]}},{"type":"Feature","properties":{},"geometry":{"type":"LineString","coordinates":[[85.33459803659771,27.70089988788791],[85.33459171893395,27.700907050344963]]}},{"type":"Feature","properties":{},"geometry":{"type":"LineString","coordinates":[[85.3351644839665,27.701428913371522],[85.33517546057003,27.701424057878228]]}},{"type":"Feature","properties":{},"geometry":{"type":"LineString","coordinates":[[85.33519962130141,27.701497048003244],[85.33519821428497,27.701497618643593]]}},{"type":"Feature","properties":{},"geometry":{"type":"LineString","coordinates":[[85.32426561578579,27.70054171297306],[85.32425986875019,27.70053498079788]]}},{"type":"Feature","properties":{},"geometry":{"type":"LineString","coordinates":[[85.32970965458424,27.69971131616336],[85.32969469590385,27.699742205059145]]}},{"type":"Feature","properties":{},"geometry":{"type":"LineString","coordinates":[[85.33092808650346,27.699879677332017],[85.33093012468801,27.699864684375115]]}},{"type":"Feature","properties":{},"geometry":{"type":"LineString","coordinates":[[85.33093012468801,27.699864684375115],[85.33076057832771,27.699764040238662]]}},{"type":"Feature","properties":{},"geometry":{"type":"LineString","coordinates":[[85.33074993470268,27.699754945071543],[85.33073404828637,27.69974940230429]]}},{"type":"Feature","properties":{},"geometry":{"type":"LineString","coordinates":[[85.33076057832771,27.699764040238662],[85.33076102427567,27.699770384223978]]}},{"type":"Feature","properties":{},"geometry":{"type":"LineString","coordinates":[[85.33076057832771,27.699764040238662],[85.33074993470268,27.699754945071543]]}},{"type":"Feature","properties":{},"geometry":{"type":"LineString","coordinates":[[85.33225525628238,27.699954727097094],[85.33225435043687,27.699950547304823]]}},{"type":"Feature","properties":{},"geometry":{"type":"LineString","coordinates":[[85.33243508086507,27.699988784854966],[85.33242502008174,27.699954616762476]]}},{"type":"Feature","properties":{},"geometry":{"type":"LineString","coordinates":[[85.33278279447082,27.699996722799263],[85.33278371703445,27.70004683268062]]}},{"type":"Feature","properties":{},"geometry":{"type":"LineString","coordinates":[[85.32746518219743,27.705341210373064],[85.3274503429784,27.705334519187794]]}},{"type":"Feature","properties":{},"geometry":{"type":"LineString","coordinates":[[85.32419594619392,27.700635825833153],[85.32418293333228,27.700633562667758]]}},{"type":"Feature","properties":{},"geometry":{"type":"LineString","coordinates":[[85.32419594619392,27.700635825833153],[85.32423099426282,27.70064502646185]]}},{"type":"Feature","properties":{},"geometry":{"type":"LineString","coordinates":[[85.32426256149823,27.70051881987292],[85.32425986875019,27.70053498079788]]}},{"type":"Feature","properties":{},"geometry":{"type":"LineString","coordinates":[[85.33356892035918,27.708190344841004],[85.33340058304587,27.70817902721499]]}},{"type":"Feature","properties":{},"geometry":{"type":"LineString","coordinates":[[85.3366621374379,27.70782238674654],[85.33667199747354,27.707892574745156]]}},{"type":"Feature","properties":{},"geometry":{"type":"LineString","coordinates":[[85.33579890058732,27.703042879036516],[85.33576895709506,27.703041518130263]]}},{"type":"Feature","properties":{},"geometry":{"type":"LineString","coordinates":[[85.33581608729612,27.70305500112723],[85.33579890058732,27.703042879036516]]}},{"type":"Feature","properties":{},"geometry":{"type":"LineString","coordinates":[[85.33557732204166,27.70295172268826],[85.33555813009141,27.70296816295186]]}},{"type":"Feature","properties":{},"geometry":{"type":"LineString","coordinates":[[85.33555813009141,27.70296816295186],[85.33553389442103,27.7029758401735]]}},{"type":"Feature","properties":{},"geometry":{"type":"LineString","coordinates":[[85.33667199747354,27.707892574745156],[85.3364309811579,27.70803216301486]]}},{"type":"Feature","properties":{},"geometry":{"type":"LineString","coordinates":[[85.33574310110703,27.702839173075294],[85.33574728144545,27.70283607072146]]}},{"type":"Feature","properties":{},"geometry":{"type":"LineString","coordinates":[[85.33574310110703,27.702839173075294],[85.33574045882015,27.702835677319]]}},{"type":"Feature","properties":{},"geometry":{"type":"LineString","coordinates":[[85.33574728144545,27.70283607072146],[85.33576634028134,27.702827129027444]]}},{"type":"Feature","properties":{},"geometry":{"type":"LineString","coordinates":[[85.33576634028134,27.702827129027444],[85.33577579548741,27.702820765991817]]}},{"type":"Feature","properties":{},"geometry":{"type":"LineString","coordinates":[[85.32762979023646,27.69970213912963],[85.3263234392879,27.70001633961248],[85.32595757017215,27.700129018073685],[85.32514207757606,27.70019395608997],[85.32444097091683,27.700327381805725]]}},{"type":"Feature","properties":{},"geometry":{"type":"LineString","coordinates":[[85.32754217759484,27.70321875162074],[85.32761458317923,27.70338615021898]]}},{"type":"Feature","properties":{},"geometry":{"type":"LineString","coordinates":[[85.33579890058732,27.703042879036516],[85.33579763862265,27.703038500934422]]}},{"type":"Feature","properties":{},"geometry":{"type":"LineString","coordinates":[[85.33576895709506,27.703041518130263],[85.33575888429769,27.703037525091467]]}},{"type":"Feature","properties":{},"geometry":{"type":"LineString","coordinates":[[85.3350747838171,27.708127105036247],[85.33505062404495,27.70809831911728]]}},{"type":"Feature","properties":{},"geometry":{"type":"LineString","coordinates":[[85.32756843550155,27.705338958730913],[85.32747188198886,27.705159654352]]}},{"type":"Feature","properties":{},"geometry":{"type":"LineString","coordinates":[[85.33299965850647,27.704651021368488],[85.33284754534004,27.70467073784512]]}},{"type":"Feature","properties":{},"geometry":{"type":"LineString","coordinates":[[85.33492240978177,27.705386873379787],[85.33504518408459,27.705237156709604]]}},{"type":"Feature","properties":{},"geometry":{"type":"LineString","coordinates":[[85.33009241479078,27.702988980055235],[85.32982202043654,27.702916718124314]]}},{"type":"Feature","properties":{},"geometry":{"type":"LineString","coordinates":[[85.3351644839665,27.701428913371522],[85.33467296207198,27.700944506064864],[85.33427094363982,27.700586532950055],[85.33380806852085,27.700252367570883],[85.33357578174714,27.700137342254138]]}},{"type":"Feature","properties":{},"geometry":{"type":"LineString","coordinates":[[85.32781591832394,27.705262854642882],[85.32791679026445,27.705237278289836]]}},{"type":"Feature","properties":{},"geometry":{"type":"LineString","coordinates":[[85.32444097091683,27.700327381805725],[85.32429278194151,27.700384455985876],[85.32426134504877,27.700505588233142]]}},{"type":"Feature","properties":{},"geometry":{"type":"LineString","coordinates":[[85.32649710588426,27.703291081222705],[85.32643110912082,27.703130707391225]]}},{"type":"Feature","properties":{},"geometry":{"type":"LineString","coordinates":[[85.3230740708336,27.70558993944849],[85.32331769189794,27.705586023097478]]}},{"type":"Feature","properties":{},"geometry":{"type":"LineString","coordinates":[[85.33282425266319,27.704346224372877],[85.33260425286828,27.70398198421498],[85.33255117622859,27.703986977703266]]}},{"type":"Feature","properties":{},"geometry":{"type":"LineString","coordinates":[[85.32869577240336,27.699433587093154],[85.32861445391936,27.69945878293031]]}},{"type":"Feature","properties":{},"geometry":{"type":"LineString","coordinates":[[85.33180695490813,27.704412645710956],[85.33200626058938,27.704358171429078]]}},{"type":"Feature","properties":{},"geometry":{"type":"LineString","coordinates":[[85.32731207361422,27.7073973039619],[85.32729243785056,27.707290417072286]]}},{"type":"Feature","properties":{},"geometry":{"type":"LineString","coordinates":[[85.33271667716814,27.707708248710805],[85.33274353494949,27.70767966807209]]}},{"type":"Feature","properties":{},"geometry":{"type":"LineString","coordinates":[[85.33303125349038,27.70825138132532],[85.33290334498109,27.708118892624693]]}},{"type":"Feature","properties":{},"geometry":{"type":"LineString","coordinates":[[85.33017749811701,27.704685892963372],[85.32900434691983,27.70503487243825]]}},{"type":"Feature","properties":{},"geometry":{"type":"LineString","coordinates":[[85.33040452018147,27.704612781978845],[85.33017749811701,27.704685892963372]]}},{"type":"Feature","properties":{},"geometry":{"type":"LineString","coordinates":[[85.33124772997988,27.704346329855117],[85.33040452018147,27.704612781978845]]}},{"type":"Feature","properties":{},"geometry":{"type":"LineString","coordinates":[[85.33163675107045,27.704232873423102],[85.33124772997988,27.704346329855117]]}},{"type":"Feature","properties":{},"geometry":{"type":"LineString","coordinates":[[85.33144887009082,27.70473544460873],[85.3315484650661,27.704978124905416]]}},{"type":"Feature","properties":{},"geometry":{"type":"LineString","coordinates":[[85.33504518408459,27.705237156709604],[85.3351462306339,27.705128648986182]]}},{"type":"Feature","properties":{},"geometry":{"type":"LineString","coordinates":[[85.33500238578746,27.704245824718782],[85.33489263655932,27.704002503751262]]}},{"type":"Feature","properties":{},"geometry":{"type":"LineString","coordinates":[[85.32960219141434,27.701717637272466],[85.32965983724017,27.70181371334769]]}},{"type":"Feature","properties":{},"geometry":{"type":"LineString","coordinates":[[85.33041046050297,27.699730793236874],[85.3303696894755,27.699947307920834]]}},{"type":"Feature","properties":{},"geometry":{"type":"LineString","coordinates":[[85.3299945984644,27.70028143576684],[85.32998067206664,27.700343889378406]]}},{"type":"Feature","properties":{},"geometry":{"type":"LineString","coordinates":[[85.33189407276039,27.700513153589227],[85.33188712742539,27.700632844627428],[85.33185239499713,27.700694180405588]]}},{"type":"Feature","properties":{},"geometry":{"type":"LineString","coordinates":[[85.32420950815388,27.700614429929317],[85.32419594619392,27.700635825833153]]}},{"type":"Feature","properties":{},"geometry":{"type":"LineString","coordinates":[[85.32420950815388,27.700614429929317],[85.32399607292794,27.700629261732864],[85.32232568537829,27.7010406600562],[85.3222388194494,27.70115064866646],[85.32224182544903,27.701177135155575]]}},{"type":"Feature","properties":{},"geometry":{"type":"LineString","coordinates":[[85.32224182544903,27.701177135155575],[85.32254363120087,27.703076777667423],[85.32257483382567,27.703073301887308]]}},{"type":"Feature","properties":{},"geometry":{"type":"LineString","coordinates":[[85.32224182544903,27.701177135155575],[85.32225845053888,27.701174344692664]]}},{"type":"Feature","properties":{},"geometry":{"type":"LineString","coordinates":[[85.32471421283938,27.703678645686484],[85.32469897148111,27.7036608669646]]}},{"type":"Feature","properties":{},"geometry":{"type":"LineString","coordinates":[[85.33382317107713,27.70029050068952],[85.3338133151804,27.700314769893325]]}},{"type":"Feature","properties":{},"geometry":{"type":"LineString","coordinates":[[85.32762979023646,27.69970213912963],[85.32762867914869,27.69970504725945]]}},{"type":"Feature","properties":{},"geometry":{"type":"LineString","coordinates":[[85.32649284639128,27.700034144234593],[85.32647526471263,27.699983878151237]]}},{"type":"Feature","properties":{},"geometry":{"type":"LineString","coordinates":[[85.33075077334382,27.70444940400061],[85.33073611029978,27.704410082712833]]}},{"type":"Feature","properties":{},"geometry":{"type":"LineString","coordinates":[[85.33641952463755,27.7062198229173],[85.3363951443123,27.706222418971986]]}},{"type":"Feature","properties":{},"geometry":{"type":"LineString","coordinates":[[85.33267590408292,27.70385806880939],[85.33266382291274,27.70382623657153]]}},{"type":"Feature","properties":{},"geometry":{"type":"LineString","coordinates":[[85.33520876033701,27.701492803097725],[85.33519517327733,27.701495275153228]]}},{"type":"Feature","properties":{},"geometry":{"type":"LineString","coordinates":[[85.3309761299801,27.702584856362577],[85.33097308622524,27.70257323634283]]}},{"type":"Feature","properties":{},"geometry":{"type":"LineString","coordinates":[[85.3359570003827,27.70381256699291],[85.33599465771276,27.70380686426443]]}},{"type":"Feature","properties":{},"geometry":{"type":"LineString","coordinates":[[85.33648965519112,27.706643271556135],[85.336450740698,27.7066519656746]]}},{"type":"Feature","properties":{},"geometry":{"type":"LineString","coordinates":[[85.3357142037525,27.706565074714646],[85.33569852393842,27.70656614885703]]}},{"type":"Feature","properties":{},"geometry":{"type":"LineString","coordinates":[[85.33341764615811,27.707682205771764],[85.33342970873257,27.70768254234916]]}},{"type":"Feature","properties":{},"geometry":{"type":"LineString","coordinates":[[85.33496660247627,27.70466030220035],[85.33498171657904,27.704655995612338]]}},{"type":"Feature","properties":{},"geometry":{"type":"LineString","coordinates":[[85.33497619353096,27.704683206963466],[85.33495873208794,27.704687899586833]]}},{"type":"Feature","properties":{},"geometry":{"type":"LineString","coordinates":[[85.33518991505906,27.7035803389187],[85.33519749478731,27.70358991227221]]}},{"type":"Feature","properties":{},"geometry":{"type":"LineString","coordinates":[[85.33457349080129,27.70683772037753],[85.3345927182408,27.706835757616226]]}},{"type":"Feature","properties":{},"geometry":{"type":"LineString","coordinates":[[85.33452852379585,27.706635730152385],[85.33449092640947,27.706638152397726]]}},{"type":"Feature","properties":{},"geometry":{"type":"LineString","coordinates":[[85.33542182813838,27.704748008410284],[85.33541153801215,27.704734942095698]]}},{"type":"Feature","properties":{},"geometry":{"type":"LineString","coordinates":[[85.33369764644159,27.706482072574328],[85.33371616568084,27.70648593639341]]}},{"type":"Feature","properties":{},"geometry":{"type":"LineString","coordinates":[[85.32507460740914,27.704953972025965],[85.32506154316559,27.704917794167823]]}},{"type":"Feature","properties":{},"geometry":{"type":"LineString","coordinates":[[85.32376159881555,27.7031924729905],[85.32374052941952,27.70320166302499]]}},{"type":"Feature","properties":{},"geometry":{"type":"LineString","coordinates":[[85.32457515521544,27.70309288607202],[85.32455734350037,27.70309806231851]]}},{"type":"Feature","properties":{},"geometry":{"type":"LineString","coordinates":[[85.3262589593562,27.703741550267775],[85.32625271357306,27.70373598454892]]}},{"type":"Feature","properties":{},"geometry":{"type":"LineString","coordinates":[[85.32609238305119,27.703837069079004],[85.32609347263757,27.70387344141074]]}},{"type":"Feature","properties":{},"geometry":{"type":"LineString","coordinates":[[85.32640705966064,27.703311659193872],[85.32639498755249,27.703316898750966]]}},{"type":"Feature","properties":{},"geometry":{"type":"LineString","coordinates":[[85.33128177907267,27.69999099158554],[85.33128773857956,27.69997958749439]]}},{"type":"Feature","properties":{},"geometry":{"type":"LineString","coordinates":[[85.33128773857956,27.69997958749439],[85.33130555465993,27.699941081035643]]}},{"type":"Feature","properties":{},"geometry":{"type":"LineString","coordinates":[[85.33649897961601,27.706742067599684],[85.33651673028359,27.706740788103506]]}},{"type":"Feature","properties":{},"geometry":{"type":"LineString","coordinates":[[85.33651673028359,27.706740788103506],[85.33654372503628,27.706738392226903]]}},{"type":"Feature","properties":{},"geometry":{"type":"LineString","coordinates":[[85.32617549960736,27.702747937419733],[85.32615243446179,27.70275602334988]]}},{"type":"Feature","properties":{},"geometry":{"type":"LineString","coordinates":[[85.32381721691736,27.701272206036418],[85.32383285457985,27.701269664264156]]}},{"type":"Feature","properties":{},"geometry":{"type":"LineString","coordinates":[[85.32446853171639,27.701955404095223],[85.32446134942616,27.701942785285556]]}},{"type":"Feature","properties":{},"geometry":{"type":"LineString","coordinates":[[85.32521268735765,27.70216110121441],[85.32523014356464,27.702090613088743]]}},{"type":"Feature","properties":{},"geometry":{"type":"LineString","coordinates":[[85.32520847532165,27.702166527822122],[85.32528372730808,27.702117773683547]]}},{"type":"Feature","properties":{},"geometry":{"type":"LineString","coordinates":[[85.32342598919686,27.701660175234938],[85.32348329517508,27.701606648684063]]}},{"type":"Feature","properties":{},"geometry":{"type":"LineString","coordinates":[[85.32336430134654,27.702325717764943],[85.32334421983984,27.702328734549702]]}},{"type":"Feature","properties":{},"geometry":{"type":"LineString","coordinates":[[85.32357370238554,27.702431194744022],[85.32356618880328,27.702404233102794]]}},{"type":"Feature","properties":{},"geometry":{"type":"LineString","coordinates":[[85.32402164976502,27.702338685883554],[85.32401664222913,27.702323770223074]]}},{"type":"Feature","properties":{},"geometry":{"type":"LineString","coordinates":[[85.32433272156817,27.701775704692764],[85.32432309369668,27.701760548093464]]}},{"type":"Feature","properties":{},"geometry":{"type":"LineString","coordinates":[[85.32667392768195,27.704379674904796],[85.32667816608742,27.704388204678217]]}},{"type":"Feature","properties":{},"geometry":{"type":"LineString","coordinates":[[85.32393685423233,27.701694792443774],[85.32389349945242,27.701705924844227]]}},{"type":"Feature","properties":{},"geometry":{"type":"LineString","coordinates":[[85.32491615319174,27.70197793611592],[85.32489280053665,27.701992634940638]]}},{"type":"Feature","properties":{},"geometry":{"type":"LineString","coordinates":[[85.32537880446398,27.705017705261486],[85.32535448893941,27.70502057904138]]}},{"type":"Feature","properties":{},"geometry":{"type":"LineString","coordinates":[[85.32353738973302,27.70324508768103],[85.323570226952,27.70322529897012]]}},{"type":"Feature","properties":{},"geometry":{"type":"LineString","coordinates":[[85.3235204326288,27.70477438995033],[85.32351646686895,27.70475361401577]]}},{"type":"Feature","properties":{},"geometry":{"type":"LineString","coordinates":[[85.3295406097433,27.70855473271556],[85.32955983144367,27.708548245219074]]}},{"type":"Feature","properties":{},"geometry":{"type":"LineString","coordinates":[[85.32737531567703,27.707690886397085],[85.32739036066666,27.707686701672205]]}},{"type":"Feature","properties":{},"geometry":{"type":"LineString","coordinates":[[85.32855020007194,27.70770511121857],[85.328546255472,27.707695318769925]]}},{"type":"Feature","properties":{},"geometry":{"type":"LineString","coordinates":[[85.33622080556707,27.706238345722596],[85.33622095582298,27.706254774852486]]}},{"type":"Feature","properties":{},"geometry":{"type":"LineString","coordinates":[[85.33556269753542,27.70414174958032],[85.33558280851047,27.70414641659539]]}},{"type":"Feature","properties":{},"geometry":{"type":"LineString","coordinates":[[85.33629113199778,27.706686394905237],[85.33628551630778,27.706671805369677]]}},{"type":"Feature","properties":{},"geometry":{"type":"LineString","coordinates":[[85.33383849910035,27.70703964497724],[85.33381799691573,27.707036936032686]]}},{"type":"Feature","properties":{},"geometry":{"type":"LineString","coordinates":[[85.33390118079906,27.7069845180906],[85.333925374265,27.706986625226854]]}},{"type":"Feature","properties":{},"geometry":{"type":"LineString","coordinates":[[85.33471379799761,27.705595882859804],[85.33470081629325,27.705588441298573]]}},{"type":"Feature","properties":{},"geometry":{"type":"LineString","coordinates":[[85.33644461965253,27.707997680725615],[85.33643049396426,27.70795172095918]]}},{"type":"Feature","properties":{},"geometry":{"type":"LineString","coordinates":[[85.33555611591588,27.703580638590786],[85.33556192617732,27.70359916290695]]}},{"type":"Feature","properties":{},"geometry":{"type":"LineString","coordinates":[[85.32908321058623,27.707466124657312],[85.32907523024005,27.707441269608186]]}},{"type":"Feature","properties":{},"geometry":{"type":"LineString","coordinates":[[85.32912210884899,27.707454288868284],[85.329112679453,27.707432821645032]]}},{"type":"Feature","properties":{},"geometry":{"type":"LineString","coordinates":[[85.33009126307283,27.7085614711049],[85.33008048274826,27.708562699379694]]}},{"type":"Feature","properties":{},"geometry":{"type":"LineString","coordinates":[[85.33003589772169,27.708421631019178],[85.33000050711034,27.708429196096304]]}},{"type":"Feature","properties":{},"geometry":{"type":"LineString","coordinates":[[85.33239585099315,27.704403146980773],[85.33238895058115,27.704382457737537]]}},{"type":"Feature","properties":{},"geometry":{"type":"LineString","coordinates":[[85.33164417392295,27.708160032168],[85.33166117394721,27.708156251415883]]}},{"type":"Feature","properties":{},"geometry":{"type":"LineString","coordinates":[[85.33145049310312,27.706286560403054],[85.33145456263917,27.706274295976733]]}},{"type":"Feature","properties":{},"geometry":{"type":"LineString","coordinates":[[85.32988443783444,27.705550976165977],[85.3298425642049,27.7055739191675]]}},{"type":"Feature","properties":{},"geometry":{"type":"LineString","coordinates":[[85.32986540800214,27.705531054749915],[85.32988953153591,27.705517751613808]]}},{"type":"Feature","properties":{},"geometry":{"type":"LineString","coordinates":[[85.32984636200695,27.705513459907834],[85.32981947177652,27.70553170991969]]}},{"type":"Feature","properties":{},"geometry":{"type":"LineString","coordinates":[[85.32866311509426,27.705135914222527],[85.3286671467268,27.705146112963767]]}},{"type":"Feature","properties":{},"geometry":{"type":"LineString","coordinates":[[85.32947973888123,27.705414890140545],[85.32946390511286,27.705424214629062]]}},{"type":"Feature","properties":{},"geometry":{"type":"LineString","coordinates":[[85.33085204066235,27.7045064207187],[85.33086612473132,27.704523823821834]]}},{"type":"Feature","properties":{},"geometry":{"type":"LineString","coordinates":[[85.33241272364492,27.70560602940244],[85.33241536742821,27.705620759273938]]}},{"type":"Feature","properties":{},"geometry":{"type":"LineString","coordinates":[[85.33503656618079,27.70132026566116],[85.33502453999523,27.70133006803761]]}},{"type":"Feature","properties":{},"geometry":{"type":"LineString","coordinates":[[85.33509995934318,27.70138266326494],[85.33508811693845,27.701393585215044]]}},{"type":"Feature","properties":{},"geometry":{"type":"LineString","coordinates":[[85.33309011610967,27.702673291216048],[85.33309013015956,27.702654487653735]]}},{"type":"Feature","properties":{},"geometry":{"type":"LineString","coordinates":[[85.33335901598181,27.70132219875083],[85.33336055206686,27.701327348243]]}},{"type":"Feature","properties":{},"geometry":{"type":"LineString","coordinates":[[85.3328763273145,27.70322458200294],[85.3328755851712,27.703229241957033]]}},{"type":"Feature","properties":{},"geometry":{"type":"LineString","coordinates":[[85.33274671907287,27.702903523758472],[85.33275778046165,27.702903913303427]]}},{"type":"Feature","properties":{},"geometry":{"type":"LineString","coordinates":[[85.33153762235246,27.702358500747646],[85.33153120134509,27.70234604308265]]}},{"type":"Feature","properties":{},"geometry":{"type":"LineString","coordinates":[[85.33106354673959,27.70145307311992],[85.33107062571231,27.701420487961272]]}},{"type":"Feature","properties":{},"geometry":{"type":"LineString","coordinates":[[85.3304521771946,27.701583017990743],[85.33043453479326,27.701595689118605]]}},{"type":"Feature","properties":{},"geometry":{"type":"LineString","coordinates":[[85.33149525897255,27.702051958065514],[85.33151162165119,27.702051881804746]]}},{"type":"Feature","properties":{},"geometry":{"type":"LineString","coordinates":[[85.32852513552221,27.70290326922994],[85.3285272284009,27.702913322721965]]}},{"type":"Feature","properties":{},"geometry":{"type":"LineString","coordinates":[[85.32891744796768,27.70249697838563],[85.32892776940261,27.70248117298635]]}},{"type":"Feature","properties":{},"geometry":{"type":"LineString","coordinates":[[85.32978475723704,27.700731658395966],[85.32977264125624,27.700733082657486]]}},{"type":"Feature","properties":{},"geometry":{"type":"LineString","coordinates":[[85.3299480421846,27.700875407077493],[85.3299458010023,27.7008693591326]]}},{"type":"Feature","properties":{},"geometry":{"type":"LineString","coordinates":[[85.32985803147177,27.701166898900848],[85.3298688516956,27.701190969564657]]}},{"type":"Feature","properties":{},"geometry":{"type":"LineString","coordinates":[[85.32969461754018,27.70090256522578],[85.32969825447643,27.700891005026822]]}},{"type":"Feature","properties":{},"geometry":{"type":"LineString","coordinates":[[85.33122393006991,27.70106763121273],[85.33121576821434,27.701084820268555]]}},{"type":"Feature","properties":{},"geometry":{"type":"LineString","coordinates":[[85.3289148069252,27.70220000872956],[85.32889552593734,27.702178583224327]]}},{"type":"Feature","properties":{},"geometry":{"type":"LineString","coordinates":[[85.32969362860467,27.702222134772718],[85.32968106798052,27.70222950596894]]}},{"type":"Feature","properties":{},"geometry":{"type":"LineString","coordinates":[[85.32897367876421,27.701121229835177],[85.32896269261266,27.70111824516989]]}},{"type":"Feature","properties":{},"geometry":{"type":"LineString","coordinates":[[85.32897325681206,27.701123034353397],[85.32896237244071,27.701121089750902]]}},{"type":"Feature","properties":{},"geometry":{"type":"LineString","coordinates":[[85.32945127286338,27.70025103975298],[85.32943956970315,27.700248532047237]]}},{"type":"Feature","properties":{},"geometry":{"type":"LineString","coordinates":[[85.330061791053,27.701539744341574],[85.33006956345655,27.701554406151033]]}},{"type":"Feature","properties":{},"geometry":{"type":"LineString","coordinates":[[85.33011075649173,27.70152124516758],[85.33011987649576,27.70153624363487]]}},{"type":"Feature","properties":{},"geometry":{"type":"LineString","coordinates":[[85.32856343970519,27.700918242767536],[85.32855417013316,27.700894512040083]]}},{"type":"Feature","properties":{},"geometry":{"type":"LineString","coordinates":[[85.32904091216713,27.700095651340614],[85.32905903479549,27.70010143790318]]}},{"type":"Feature","properties":{},"geometry":{"type":"LineString","coordinates":[[85.32828074234047,27.700028897850007],[85.32827650169571,27.700015793072847]]}},{"type":"Feature","properties":{},"geometry":{"type":"LineString","coordinates":[[85.32910751240364,27.7007626819801],[85.32908755250537,27.700753484172658]]}},{"type":"Feature","properties":{},"geometry":{"type":"LineString","coordinates":[[85.32703567199104,27.70110514673102],[85.3270039497268,27.70110264690085]]}},{"type":"Feature","properties":{},"geometry":{"type":"LineString","coordinates":[[85.32844848358044,27.701531120750328],[85.32845319785929,27.70154489010186]]}},{"type":"Feature","properties":{},"geometry":{"type":"LineString","coordinates":[[85.3270116129678,27.700873361235832],[85.32702328470455,27.700871946290146]]}},{"type":"Feature","properties":{},"geometry":{"type":"LineString","coordinates":[[85.33169142368979,27.700470040953334],[85.33170445354189,27.700472131234246]]}},{"type":"Feature","properties":{},"geometry":{"type":"LineString","coordinates":[[85.33211816536642,27.700125729823338],[85.33213156183987,27.700120046301624]]}},{"type":"Feature","properties":{},"geometry":{"type":"LineString","coordinates":[[85.33249316656149,27.700994164717955],[85.33249884707571,27.701006774978694]]}},{"type":"Feature","properties":{},"geometry":{"type":"LineString","coordinates":[[85.33204902454521,27.700976041388692],[85.33204484451228,27.701017326920944]]}},{"type":"Feature","properties":{},"geometry":{"type":"LineString","coordinates":[[85.33376298436039,27.700559376322424],[85.33371951831391,27.7005637702638]]}},{"type":"Feature","properties":{},"geometry":{"type":"LineString","coordinates":[[85.33213945226623,27.7016421162649],[85.3321118771798,27.70164641141667]]}},{"type":"Feature","properties":{},"geometry":{"type":"LineString","coordinates":[[85.33186702283504,27.701577164375777],[85.33184830726958,27.70157540000833]]}},{"type":"Feature","properties":{},"geometry":{"type":"LineString","coordinates":[[85.33190061286022,27.701395550951087],[85.33188452464191,27.70139578941697]]}},{"type":"Feature","properties":{},"geometry":{"type":"LineString","coordinates":[[85.33190075690567,27.7013284119868],[85.33192349389118,27.701324255334967]]}},{"type":"Feature","properties":{},"geometry":{"type":"LineString","coordinates":[[85.33204750677602,27.70124086019551],[85.33204915460722,27.70126299433237]]}},{"type":"Feature","properties":{},"geometry":{"type":"LineString","coordinates":[[85.33209842574433,27.70122909971451],[85.33210862693836,27.701264302937055]]}},{"type":"Feature","properties":{},"geometry":{"type":"LineString","coordinates":[[85.3321346473995,27.70122073534185],[85.33212502744982,27.70119311964233]]}},{"type":"Feature","properties":{},"geometry":{"type":"LineString","coordinates":[[85.3321700977277,27.701212547592288],[85.33215931780893,27.70118319224426]]}},{"type":"Feature","properties":{},"geometry":{"type":"LineString","coordinates":[[85.3322041046418,27.70120412222209],[85.33219214442994,27.701178831281286]]}},{"type":"Feature","properties":{},"geometry":{"type":"LineString","coordinates":[[85.3322379231243,27.701194084423808],[85.3322439237728,27.701220383016587]]}},{"type":"Feature","properties":{},"geometry":{"type":"LineString","coordinates":[[85.32764919782252,27.70181696561725],[85.32763458115039,27.70183760362493]]}},{"type":"Feature","properties":{},"geometry":{"type":"LineString","coordinates":[[85.32816413717981,27.701964380067018],[85.32813979905308,27.7019683190967]]}},{"type":"Feature","properties":{},"geometry":{"type":"LineString","coordinates":[[85.33581330124979,27.70259469103209],[85.33579858364791,27.70259875067711]]}},{"type":"Feature","properties":{},"geometry":{"type":"LineString","coordinates":[[85.3288931980278,27.6998098649546],[85.32889675973807,27.699823143835076]]}},{"type":"Feature","properties":{},"geometry":{"type":"LineString","coordinates":[[85.32893680056513,27.69979537013238],[85.32893912622956,27.69981117567166]]}},{"type":"Feature","properties":{},"geometry":{"type":"LineString","coordinates":[[85.3342701345746,27.705846914997846],[85.33452046995183,27.70576006660847]]}},{"type":"Feature","properties":{},"geometry":{"type":"LineString","coordinates":[[85.33142499710269,27.707598986631044],[85.33142895662921,27.707572298146786]]}},{"type":"Feature","properties":{},"geometry":{"type":"LineString","coordinates":[[85.33128177907267,27.69999099158554],[85.33110843883652,27.699946318899247],[85.33093012468801,27.699864684375115]]}},{"type":"Feature","properties":{},"geometry":{"type":"LineString","coordinates":[[85.33648965519112,27.706643271556135],[85.33649898062991,27.70674206761187]]}},{"type":"Feature","properties":{},"geometry":{"type":"LineString","coordinates":[[85.33578590344996,27.705156820692892],[85.33581407396254,27.705170940415325]]}},{"type":"Feature","properties":{},"geometry":{"type":"LineString","coordinates":[[85.32426134504877,27.700505588233142],[85.32426256149823,27.70051881987292]]}},{"type":"Feature","properties":{},"geometry":{"type":"LineString","coordinates":[[85.33565372331773,27.703063249777326],[85.33567473888789,27.703058211689324]]}},{"type":"Feature","properties":{},"geometry":{"type":"LineString","coordinates":[[85.3344467900437,27.703306652911067],[85.3344224852074,27.703235751248407]]}},{"type":"Feature","properties":{},"geometry":{"type":"LineString","coordinates":[[85.3344467900437,27.703306652911067],[85.33442031059877,27.70323651752331]]}},{"type":"Feature","properties":{},"geometry":{"type":"LineString","coordinates":[[85.32951755706492,27.704836272897868],[85.3291267721381,27.704940232387056]]}},{"type":"Feature","properties":{},"geometry":{"type":"LineString","coordinates":[[85.3292386741329,27.704884065421403],[85.3299038476618,27.70468679214232]]}},{"type":"Feature","properties":{},"geometry":{"type":"LineString","coordinates":[[85.32900434691983,27.70503487243825],[85.32893957613219,27.705049203725284]]}},{"type":"Feature","properties":{},"geometry":{"type":"LineString","coordinates":[[85.3285447935213,27.7063900625304],[85.3285804780751,27.706429767825565]]}},{"type":"Feature","properties":{},"geometry":{"type":"LineString","coordinates":[[85.32935899214745,27.705295847922148],[85.3292454273466,27.705350308939572]]}},{"type":"Feature","properties":{},"geometry":{"type":"LineString","coordinates":[[85.33366704401496,27.708166811635497],[85.33366558655392,27.708160619746938]]}},{"type":"Feature","properties":{},"geometry":{"type":"LineString","coordinates":[[85.33534093963762,27.70609782796539],[85.33530993257533,27.70609806970872]]}},{"type":"Feature","properties":{},"geometry":{"type":"LineString","coordinates":[[85.32941228429281,27.700322301208658],[85.32939304843532,27.70034838742979]]}},{"type":"Feature","properties":{},"geometry":{"type":"LineString","coordinates":[[85.32894201903528,27.70300681180926],[85.32879905722403,27.70304031158347],[85.32870872272865,27.70317712056557]]}},{"type":"Feature","properties":{},"geometry":{"type":"LineString","coordinates":[[85.32989717638819,27.703964492691526],[85.32987867483077,27.703920754868214]]}},{"type":"Feature","properties":{},"geometry":{"type":"LineString","coordinates":[[85.32898837451677,27.702172121692065],[85.32908621341286,27.702129971257683],[85.32917197249711,27.702056505416728]]}},{"type":"Feature","properties":{},"geometry":{"type":"LineString","coordinates":[[85.331457255526,27.707838332613957],[85.3314039802412,27.707740641989034]]}},{"type":"Feature","properties":{},"geometry":{"type":"LineString","coordinates":[[85.33147821937204,27.707882745248668],[85.3314544892635,27.707839786668952]]}},{"type":"Feature","properties":{},"geometry":{"type":"LineString","coordinates":[[85.33327404160198,27.700067860688154],[85.3332749999445,27.700230000093875]]}},{"type":"Feature","properties":{},"geometry":{"type":"LineString","coordinates":[[85.3332751757825,27.70022476832007],[85.33326423984477,27.700241363629242]]}},{"type":"Feature","properties":{},"geometry":{"type":"LineString","coordinates":[[85.33289656447458,27.70374842390029],[85.33283056885742,27.703643830432114],[85.33283600028113,27.70360500045052]]}},{"type":"Feature","properties":{},"geometry":{"type":"LineString","coordinates":[[85.33327404160198,27.700067860688154],[85.33278279447082,27.699996722799263]]}},{"type":"Feature","properties":{},"geometry":{"type":"LineString","coordinates":[[85.33289656447458,27.70374842390029],[85.33406773950371,27.703387966759937]]}},{"type":"Feature","properties":{},"geometry":{"type":"LineString","coordinates":[[85.33056787012755,27.703897685627062],[85.33073325781186,27.703828320905508]]}},{"type":"Feature","properties":{},"geometry":{"type":"LineString","coordinates":[[85.33184455008104,27.701713144339163],[85.33164514236216,27.701715717094988]]}},{"type":"Feature","properties":{},"geometry":{"type":"LineString","coordinates":[[85.33056787012755,27.703897685627062],[85.33052306897766,27.70373197517132]]}},{"type":"Feature","properties":{},"geometry":{"type":"LineString","coordinates":[[85.33186516894139,27.70158711340957],[85.33184455008104,27.701713144339163]]}},{"type":"Feature","properties":{},"geometry":{"type":"LineString","coordinates":[[85.32731853362611,27.70758427267019],[85.32728024177976,27.70740047081708]]}},{"type":"Feature","properties":{},"geometry":{"type":"LineString","coordinates":[[85.33260751350686,27.703936871623508],[85.3325625382953,27.703954062283685]]}},{"type":"Feature","properties":{},"geometry":{"type":"LineString","coordinates":[[85.33115824685568,27.706324611443108],[85.33117484661474,27.70634178130506]]}},{"type":"Feature","properties":{},"geometry":{"type":"LineString","coordinates":[[85.3316917385793,27.707438219491106],[85.33168055622359,27.707427289320613]]}},{"type":"Feature","properties":{},"geometry":{"type":"LineString","coordinates":[[85.32847227803832,27.70518905710955],[85.32847421393903,27.70519850038719]]}},{"type":"Feature","properties":{},"geometry":{"type":"LineString","coordinates":[[85.32381025915683,27.703888248654966],[85.32361782214245,27.70387783785464],[85.32361916854909,27.70396475144179]]}},{"type":"Feature","properties":{},"geometry":{"type":"LineString","coordinates":[[85.32361916854909,27.70396475144179],[85.32329514015152,27.704057237175558],[85.32309444098694,27.70404831314503],[85.32293812166148,27.70407667371148],[85.32292436853055,27.703979768451088]]}},{"type":"Feature","properties":{},"geometry":{"type":"LineString","coordinates":[[85.32292436853055,27.703979768451088],[85.3230987592292,27.703935754610928]]}},{"type":"Feature","properties":{},"geometry":{"type":"LineString","coordinates":[[85.32361916854909,27.70396475144179],[85.32363006549772,27.704081702845464],[85.32375383741594,27.704076570655364]]}},{"type":"Feature","properties":{},"geometry":{"type":"LineString","coordinates":[[85.32292436853055,27.703979768451088],[85.32271170601682,27.70401405279438]]}},{"type":"Feature","properties":{},"geometry":{"type":"LineString","coordinates":[[85.33041114167186,27.705412084543624],[85.33024755385543,27.70547342517073]]}},{"type":"Feature","properties":{},"geometry":{"type":"LineString","coordinates":[[85.33079736538153,27.7053904330941],[85.33088720971448,27.705411032286715],[85.33100230217377,27.705523986852352],[85.33108350671264,27.7054884235065]]}},{"type":"Feature","properties":{},"geometry":{"type":"LineString","coordinates":[[85.33066404959652,27.705326360894336],[85.33064906048665,27.705299660526236]]}},{"type":"Feature","properties":{},"geometry":{"type":"LineString","coordinates":[[85.32364200647352,27.704081207544384],[85.32363197104864,27.704093567345932]]}},{"type":"Feature","properties":{},"geometry":{"type":"LineString","coordinates":[[85.32367870304427,27.704079686184524],[85.32367855982089,27.704093897769532]]}},{"type":"Feature","properties":{},"geometry":{"type":"LineString","coordinates":[[85.32372242945613,27.704077872677114],[85.32373126591445,27.70409432572037]]}},{"type":"Feature","properties":{},"geometry":{"type":"LineString","coordinates":[[85.32355735595631,27.703974163752967],[85.32355792651926,27.704004101847747]]}},{"type":"Feature","properties":{},"geometry":{"type":"LineString","coordinates":[[85.32344541738304,27.704013571631606],[85.32345448030274,27.704043199212652]]}},{"type":"Feature","properties":{},"geometry":{"type":"LineString","coordinates":[[85.32331777592908,27.704051000370807],[85.32332835641876,27.704072631718454]]}},{"type":"Feature","properties":{},"geometry":{"type":"LineString","coordinates":[[85.32330083168475,27.704055668892718],[85.32330846040549,27.704076627290153]]}},{"type":"Feature","properties":{},"geometry":{"type":"LineString","coordinates":[[85.32318863594001,27.70405710688105],[85.32318105753866,27.70407629620335]]}},{"type":"Feature","properties":{},"geometry":{"type":"LineString","coordinates":[[85.3230095957351,27.704062787466626],[85.323015361774,27.704102830241634]]}},{"type":"Feature","properties":{},"geometry":{"type":"LineString","coordinates":[[85.32295711095826,27.703971504280325],[85.32295253671687,27.70395770216431]]}},{"type":"Feature","properties":{},"geometry":{"type":"LineString","coordinates":[[85.3230065890182,27.703959016754045],[85.32300236841827,27.703946093492128]]}},{"type":"Feature","properties":{},"geometry":{"type":"LineString","coordinates":[[85.32303244679578,27.703952491403985],[85.32303877489579,27.70397335282932]]}},{"type":"Feature","properties":{},"geometry":{"type":"LineString","coordinates":[[85.32307068835809,27.703942838917452],[85.32306516664039,27.703930451351887]]}},{"type":"Feature","properties":{},"geometry":{"type":"LineString","coordinates":[[85.32257483382567,27.703073301887308],[85.32271170601682,27.70401405279438]]}},{"type":"Feature","properties":{},"geometry":{"type":"LineString","coordinates":[[85.3364309811579,27.70803216301486],[85.33624316708499,27.708060197012966]]}},{"type":"Feature","properties":{},"geometry":{"type":"LineString","coordinates":[[85.32757758428416,27.705358249322984],[85.32752773966384,27.705360185063846]]}},{"type":"Feature","properties":{},"geometry":{"type":"LineString","coordinates":[[85.33182016535638,27.70858384508379],[85.33180730198103,27.708542891218457]]}},{"type":"Feature","properties":{},"geometry":{"type":"LineString","coordinates":[[85.3351462306339,27.705128648986182],[85.33520941018051,27.704987846500316]]}},{"type":"Feature","properties":{},"geometry":{"type":"LineString","coordinates":[[85.32969469590385,27.699742205059145],[85.32903116961553,27.699800925350793]]}},{"type":"Feature","properties":{},"geometry":{"type":"LineString","coordinates":[[85.32703008726516,27.7011483862421],[85.32702593357659,27.701191210725288]]}},{"type":"Feature","properties":{},"geometry":{"type":"LineString","coordinates":[[85.33276886598132,27.70192847762178],[85.33285128341852,27.702086071673147]]}},{"type":"Feature","properties":{},"geometry":{"type":"LineString","coordinates":[[85.33276654855342,27.701928834198544],[85.33276041214536,27.701870967296163]]}},{"type":"Feature","properties":{},"geometry":{"type":"LineString","coordinates":[[85.33520724022425,27.70498589977562],[85.33525280266839,27.70480853155448]]}},{"type":"Feature","properties":{},"geometry":{"type":"LineString","coordinates":[[85.3269301825962,27.705854860207292],[85.32685438167707,27.705457773163253]]}},{"type":"Feature","properties":{},"geometry":{"type":"LineString","coordinates":[[85.33270845071404,27.703845096758645],[85.33267821430475,27.70385705509235]]}},{"type":"Feature","properties":{},"geometry":{"type":"LineString","coordinates":[[85.33247046345087,27.701066859736336],[85.33245067385708,27.70107318109922]]}},{"type":"Feature","properties":{},"geometry":{"type":"LineString","coordinates":[[85.33123490728728,27.700494474625525],[85.33119408341246,27.700513618404823]]}},{"type":"Feature","properties":{},"geometry":{"type":"LineString","coordinates":[[85.32900142981234,27.6997051299082],[85.32901014156701,27.699730998334115]]}},{"type":"Feature","properties":{},"geometry":{"type":"LineString","coordinates":[[85.33143810890087,27.7033689657681],[85.3314295499407,27.703338799574954]]}},{"type":"Feature","properties":{},"geometry":{"type":"LineString","coordinates":[[85.33041114167186,27.705412084543624],[85.33041980940446,27.705432299689686]]}},{"type":"Feature","properties":{},"geometry":{"type":"LineString","coordinates":[[85.33500668661443,27.70527611525938],[85.33514401751772,27.70512707359219],[85.33520724022425,27.70498589977562]]}},{"type":"Feature","properties":{},"geometry":{"type":"LineString","coordinates":[[85.3290246691411,27.705045563856505],[85.32900434691983,27.70503487243825]]}},{"type":"Feature","properties":{},"geometry":{"type":"LineString","coordinates":[[85.32427053614627,27.700549456826135],[85.32426561578579,27.70054171297306]]}},{"type":"Feature","properties":{},"geometry":{"type":"LineString","coordinates":[[85.32471421283938,27.703678645686484],[85.32478211799202,27.703631969073818]]}},{"type":"Feature","properties":{},"geometry":{"type":"LineString","coordinates":[[85.32418809364052,27.702293995819257],[85.32418962357515,27.702293680397105]]}},{"type":"Feature","properties":{},"geometry":{"type":"LineString","coordinates":[[85.32971600702362,27.69968990038833],[85.32970965458424,27.69971131616336]]}},{"type":"Feature","properties":{},"geometry":{"type":"LineString","coordinates":[[85.32988375164369,27.701381692872452],[85.32994359337034,27.701381517659048]]}},{"type":"Feature","properties":{},"geometry":{"type":"LineString","coordinates":[[85.33427263053235,27.700957175790744],[85.3342924249567,27.700770728555764]]}},{"type":"Feature","properties":{},"geometry":{"type":"LineString","coordinates":[[85.33183546653237,27.701868995523224],[85.33178677889603,27.701867705737914]]}},{"type":"Feature","properties":{},"geometry":{"type":"LineString","coordinates":[[85.33558636712219,27.70210233157965],[85.33549216496023,27.702159977579583]]}},{"type":"Feature","properties":{},"geometry":{"type":"LineString","coordinates":[[85.33579747209261,27.70255459174236],[85.33577375441446,27.702561486407465]]}},{"type":"Feature","properties":{},"geometry":{"type":"LineString","coordinates":[[85.32995639220924,27.700456971167437],[85.32994644260118,27.700440256864127]]}},{"type":"Feature","properties":{},"geometry":{"type":"LineString","coordinates":[[85.3301182616188,27.700593980381115],[85.33009384753542,27.700596405275316]]}},{"type":"Feature","properties":{},"geometry":{"type":"LineString","coordinates":[[85.3303952262631,27.701876473881633],[85.33041102971676,27.701876028180788]]}},{"type":"Feature","properties":{},"geometry":{"type":"LineString","coordinates":[[85.33036477398586,27.700543834962158],[85.33035076809328,27.700525995926377]]}},{"type":"Feature","properties":{},"geometry":{"type":"LineString","coordinates":[[85.32983243310656,27.70117483486544],[85.32984351367203,27.701201119918316]]}},{"type":"Feature","properties":{},"geometry":{"type":"LineString","coordinates":[[85.33039076305714,27.700626856252434],[85.3304172520466,27.700620087988273]]}},{"type":"Feature","properties":{},"geometry":{"type":"LineString","coordinates":[[85.3296362942324,27.701403136618477],[85.3296398229911,27.701414060332354]]}},{"type":"Feature","properties":{},"geometry":{"type":"LineString","coordinates":[[85.33571266844719,27.706600817108907],[85.33569572180954,27.706600035718896]]}},{"type":"Feature","properties":{},"geometry":{"type":"LineString","coordinates":[[85.33519143139254,27.705049722139552],[85.33521471806911,27.705060701034252]]}},{"type":"Feature","properties":{},"geometry":{"type":"LineString","coordinates":[[85.3335035976321,27.703717630986517],[85.33351195070703,27.703742834174378]]}},{"type":"Feature","properties":{},"geometry":{"type":"LineString","coordinates":[[85.33502059331506,27.704239942473908],[85.3350283728578,27.70425325479943]]}},{"type":"Feature","properties":{},"geometry":{"type":"LineString","coordinates":[[85.33493066691008,27.704089314526872],[85.33489786820019,27.704114958591216]]}},{"type":"Feature","properties":{},"geometry":{"type":"LineString","coordinates":[[85.33571162433226,27.706625110238534],[85.33568914680384,27.706625536748362]]}},{"type":"Feature","properties":{},"geometry":{"type":"LineString","coordinates":[[85.3353338335575,27.707468410487778],[85.33537688478359,27.707484704811556]]}},{"type":"Feature","properties":{},"geometry":{"type":"LineString","coordinates":[[85.33533384720515,27.70748420979392],[85.33537305764649,27.707505274838752]]}},{"type":"Feature","properties":{},"geometry":{"type":"LineString","coordinates":[[85.33533508693696,27.707528192438375],[85.3353114323833,27.70753038816465]]}},{"type":"Feature","properties":{},"geometry":{"type":"LineString","coordinates":[[85.33432975531818,27.70724841184182],[85.33433100621892,27.70721560115082]]}},{"type":"Feature","properties":{},"geometry":{"type":"LineString","coordinates":[[85.33440821171307,27.707255123228066],[85.33439132750023,27.707322856803508]]}},{"type":"Feature","properties":{},"geometry":{"type":"LineString","coordinates":[[85.33446395312517,27.707755003392872],[85.33446147929504,27.707748157568314]]}},{"type":"Feature","properties":{},"geometry":{"type":"LineString","coordinates":[[85.33484448383543,27.706136223375957],[85.33484600154559,27.70612342632199]]}},{"type":"Feature","properties":{},"geometry":{"type":"LineString","coordinates":[[85.33434313511843,27.707252021492078],[85.33434332091154,27.707167497211227]]}},{"type":"Feature","properties":{},"geometry":{"type":"LineString","coordinates":[[85.33422213304102,27.706965474183853],[85.3342197452721,27.706979999067613]]}},{"type":"Feature","properties":{},"geometry":{"type":"LineString","coordinates":[[85.33440964765126,27.706988631919796],[85.3344090552985,27.70698136377681]]}},{"type":"Feature","properties":{},"geometry":{"type":"LineString","coordinates":[[85.33442353439598,27.70724438765296],[85.33443713080234,27.707303900239417]]}},{"type":"Feature","properties":{},"geometry":{"type":"LineString","coordinates":[[85.33467237286195,27.70677083702469],[85.33467806593941,27.70678312153432]]}},{"type":"Feature","properties":{},"geometry":{"type":"LineString","coordinates":[[85.33472663623631,27.706764442744873],[85.33472976632812,27.70677515125238]]}},{"type":"Feature","properties":{},"geometry":{"type":"LineString","coordinates":[[85.33469856088556,27.707341884175655],[85.3346715966214,27.707348069860455]]}},{"type":"Feature","properties":{},"geometry":{"type":"LineString","coordinates":[[85.33475689014043,27.705766280188232],[85.33474740566652,27.70579524896683]]}},{"type":"Feature","properties":{},"geometry":{"type":"LineString","coordinates":[[85.33418862323451,27.7065495224383],[85.33418620914892,27.706531270900534]]}},{"type":"Feature","properties":{},"geometry":{"type":"LineString","coordinates":[[85.33574971053639,27.70768657119952],[85.33573516110522,27.707686787970875]]}},{"type":"Feature","properties":{},"geometry":{"type":"LineString","coordinates":[[85.335811185522,27.707977487478715],[85.33583005377774,27.707973679030157]]}},{"type":"Feature","properties":{},"geometry":{"type":"LineString","coordinates":[[85.33472448380154,27.707416079704466],[85.33473736004227,27.707413452956047]]}},{"type":"Feature","properties":{},"geometry":{"type":"LineString","coordinates":[[85.3237678773567,27.70112192917528],[85.32381898619872,27.70111391422701]]}},{"type":"Feature","properties":{},"geometry":{"type":"LineString","coordinates":[[85.32475705993615,27.701984049068905],[85.32476605943005,27.702009478961607]]}},{"type":"Feature","properties":{},"geometry":{"type":"LineString","coordinates":[[85.32509706699766,27.702360735967623],[85.32521513588456,27.702447975096884]]}},{"type":"Feature","properties":{},"geometry":{"type":"LineString","coordinates":[[85.32521629174578,27.701883778208558],[85.3252134698346,27.70192088663744]]}},{"type":"Feature","properties":{},"geometry":{"type":"LineString","coordinates":[[85.32522098998122,27.701887151009707],[85.32526480983415,27.70188128567399]]}},{"type":"Feature","properties":{},"geometry":{"type":"LineString","coordinates":[[85.32357495703606,27.703290533731572],[85.32359588654751,27.70328373017052]]}},{"type":"Feature","properties":{},"geometry":{"type":"LineString","coordinates":[[85.32543865188661,27.702479312379747],[85.3254192648801,27.702459360794663]]}},{"type":"Feature","properties":{},"geometry":{"type":"LineString","coordinates":[[85.32554141367376,27.702003203020148],[85.32555970618387,27.702022576353738]]}},{"type":"Feature","properties":{},"geometry":{"type":"LineString","coordinates":[[85.32535348298863,27.70543696907466],[85.32534664951571,27.705421476301037]]}},{"type":"Feature","properties":{},"geometry":{"type":"LineString","coordinates":[[85.32330914647471,27.70405337785374],[85.32329841207188,27.704023840129533]]}},{"type":"Feature","properties":{},"geometry":{"type":"LineString","coordinates":[[85.32268827596656,27.70383268631187],[85.32274727860032,27.70382499760218]]}},{"type":"Feature","properties":{},"geometry":{"type":"LineString","coordinates":[[85.3296913447188,27.703081137431887],[85.32966082866669,27.703089146686203]]}},{"type":"Feature","properties":{},"geometry":{"type":"LineString","coordinates":[[85.33520538505384,27.702436523847833],[85.33522227404588,27.70242556239843]]}},{"type":"Feature","properties":{},"geometry":{"type":"LineString","coordinates":[[85.33288753451826,27.702857645319],[85.33288349417741,27.70284366219023]]}},{"type":"Feature","properties":{},"geometry":{"type":"LineString","coordinates":[[85.33617545710833,27.705327237132447],[85.33617832267696,27.705349705376417]]}},{"type":"Feature","properties":{},"geometry":{"type":"LineString","coordinates":[[85.33452046995183,27.70576006660847],[85.33448954432114,27.705737528782823]]}},{"type":"Feature","properties":{},"geometry":{"type":"LineString","coordinates":[[85.33459264015455,27.70696234294097],[85.33456333569744,27.706785716002543]]}},{"type":"Feature","properties":{},"geometry":{"type":"LineString","coordinates":[[85.33463883326746,27.70713863785414],[85.33458998879964,27.706963446448846]]}},{"type":"Feature","properties":{},"geometry":{"type":"LineString","coordinates":[[85.3325625382953,27.703954062283685],[85.33254032302773,27.70396075244675]]}},{"type":"Feature","properties":{},"geometry":{"type":"LineString","coordinates":[[85.333444248714,27.706942584183913],[85.33338212217576,27.70694596353134]]}},{"type":"Feature","properties":{},"geometry":{"type":"LineString","coordinates":[[85.33339936257525,27.70711222402657],[85.33333104739023,27.70709242626829]]}},{"type":"Feature","properties":{},"geometry":{"type":"LineString","coordinates":[[85.33120138980118,27.70622919780886],[85.33118347201766,27.70622120542732]]}},{"type":"Feature","properties":{},"geometry":{"type":"LineString","coordinates":[[85.32973152062492,27.709038816161858],[85.32918375715029,27.70916676415536]]}},{"type":"Feature","properties":{},"geometry":{"type":"LineString","coordinates":[[85.32998930035687,27.70603979289697],[85.32949672635695,27.705427618013534],[85.32935899214745,27.705295847922148]]}},{"type":"Feature","properties":{},"geometry":{"type":"LineString","coordinates":[[85.33032883841935,27.706451334737608],[85.33027403844731,27.706422709133413],[85.3301878846951,27.7063281278744],[85.32998787964054,27.70604059166083]]}},{"type":"Feature","properties":{},"geometry":{"type":"LineString","coordinates":[[85.33452816904676,27.7036852780949],[85.33455995078185,27.703688333816643]]}},{"type":"Feature","properties":{},"geometry":{"type":"LineString","coordinates":[[85.33636942627815,27.70666888688636],[85.33637586904402,27.7066895866988]]}},{"type":"Feature","properties":{},"geometry":{"type":"LineString","coordinates":[[85.33555054873895,27.705915632579455],[85.33550331567253,27.7059099173766]]}},{"type":"Feature","properties":{},"geometry":{"type":"LineString","coordinates":[[85.33577777750338,27.703968357949105],[85.33577632748108,27.703977640399856]]}},{"type":"Feature","properties":{},"geometry":{"type":"LineString","coordinates":[[85.33496970160931,27.704667705191994],[85.33499044912561,27.704663980816772]]}},{"type":"Feature","properties":{},"geometry":{"type":"LineString","coordinates":[[85.33208396360396,27.707297109679683],[85.33204980369926,27.70731673194248]]}},{"type":"Feature","properties":{},"geometry":{"type":"LineString","coordinates":[[85.3321407992423,27.70540208579115],[85.33213201573778,27.705405194841152]]}},{"type":"Feature","properties":{},"geometry":{"type":"LineString","coordinates":[[85.32792187555935,27.70572547767815],[85.32795723279261,27.70570389161266]]}},{"type":"Feature","properties":{},"geometry":{"type":"LineString","coordinates":[[85.33013594777299,27.704921365935995],[85.33013374172809,27.704885170567778]]}},{"type":"Feature","properties":{},"geometry":{"type":"LineString","coordinates":[[85.33008981671078,27.704940025611997],[85.33008199671875,27.704900307560834]]}},{"type":"Feature","properties":{},"geometry":{"type":"LineString","coordinates":[[85.33133954946481,27.704357499238494],[85.33134852684321,27.704374565458906]]}},{"type":"Feature","properties":{},"geometry":{"type":"LineString","coordinates":[[85.33004818222572,27.702376257120036],[85.33004870704681,27.702325676455825]]}},{"type":"Feature","properties":{},"geometry":{"type":"LineString","coordinates":[[85.32848755922717,27.706947820608313],[85.32847325646526,27.706923682520365]]}},{"type":"Feature","properties":{},"geometry":{"type":"LineString","coordinates":[[85.33280878233514,27.70236273300329],[85.33282732663233,27.702394250457562]]}},{"type":"Feature","properties":{},"geometry":{"type":"LineString","coordinates":[[85.33140783739239,27.707755331444496],[85.3313535479925,27.70776232789093]]}},{"type":"Feature","properties":{},"geometry":{"type":"LineString","coordinates":[[85.32872222116745,27.700328936658735],[85.32873095056414,27.700340403332397]]}},{"type":"Feature","properties":{},"geometry":{"type":"LineString","coordinates":[[85.32702470542164,27.70181714053606],[85.32704579483995,27.701815510875015]]}},{"type":"Feature","properties":{},"geometry":{"type":"LineString","coordinates":[[85.32831508950895,27.701757973179152],[85.32829505158409,27.70176772423314]]}},{"type":"Feature","properties":{},"geometry":{"type":"LineString","coordinates":[[85.32717104492323,27.702976581099886],[85.32715788760389,27.70300656632642]]}},{"type":"Feature","properties":{},"geometry":{"type":"LineString","coordinates":[[85.32714665973161,27.7029724208083],[85.32713549933345,27.70300557915607]]}},{"type":"Feature","properties":{},"geometry":{"type":"LineString","coordinates":[[85.32711798962674,27.702973416437075],[85.32711887709365,27.70300478079831]]}},{"type":"Feature","properties":{},"geometry":{"type":"LineString","coordinates":[[85.32557107073666,27.705408408315467],[85.32556857715686,27.705398247051633]]}},{"type":"Feature","properties":{},"geometry":{"type":"LineString","coordinates":[[85.33131274803611,27.704366150211257],[85.33132919074629,27.70438895909205]]}},{"type":"Feature","properties":{},"geometry":{"type":"LineString","coordinates":[[85.33329195955137,27.707084079965288],[85.33328098708502,27.707141188452272]]}},{"type":"Feature","properties":{},"geometry":{"type":"LineString","coordinates":[[85.32763190766885,27.702310561087646],[85.32764446140152,27.702327257366502]]}},{"type":"Feature","properties":{},"geometry":{"type":"LineString","coordinates":[[85.32406825650715,27.704398235077218],[85.32409542063758,27.704346976130328]]}},{"type":"Feature","properties":{},"geometry":{"type":"LineString","coordinates":[[85.3226761534948,27.70374673154111],[85.3227475295572,27.703735859648493]]}},{"type":"Feature","properties":{},"geometry":{"type":"LineString","coordinates":[[85.32901172052003,27.700208799108278],[85.32895291350667,27.70020293393176]]}},{"type":"Feature","properties":{},"geometry":{"type":"LineString","coordinates":[[85.33044145474318,27.700745322542673],[85.33041734540512,27.700755703534174]]}},{"type":"Feature","properties":{},"geometry":{"type":"LineString","coordinates":[[85.32348951855711,27.701782082775512],[85.32351767874916,27.70177064284673]]}},{"type":"Feature","properties":{},"geometry":{"type":"LineString","coordinates":[[85.33097172933472,27.70374988745486],[85.33098781237481,27.70374514802929]]}},{"type":"Feature","properties":{},"geometry":{"type":"LineString","coordinates":[[85.33393272980032,27.702040062491466],[85.33392487740966,27.7020423101065]]}},{"type":"Feature","properties":{},"geometry":{"type":"LineString","coordinates":[[85.33225331038285,27.70342160086497],[85.33228340200257,27.703395820129728]]}},{"type":"Feature","properties":{},"geometry":{"type":"LineString","coordinates":[[85.32662354444913,27.703807102909213],[85.32660662031554,27.703809201627333]]}},{"type":"Feature","properties":{},"geometry":{"type":"LineString","coordinates":[[85.33205002324665,27.70287131104174],[85.33204423663301,27.702885675800754]]}},{"type":"Feature","properties":{},"geometry":{"type":"LineString","coordinates":[[85.33107068636164,27.702776168986617],[85.33102990944161,27.702792768059687]]}},{"type":"Feature","properties":{},"geometry":{"type":"LineString","coordinates":[[85.33230799942102,27.706782964126052],[85.33229081538967,27.70678619038861]]}},{"type":"Feature","properties":{},"geometry":{"type":"LineString","coordinates":[[85.3323105197978,27.70674053495138],[85.33229071849355,27.706739623080676]]}},{"type":"Feature","properties":{},"geometry":{"type":"LineString","coordinates":[[85.33009857552673,27.70053809170927],[85.3301198975129,27.700534689059847]]}},{"type":"Feature","properties":{},"geometry":{"type":"LineString","coordinates":[[85.33218297572556,27.701402132673085],[85.33218335382811,27.70141407706409]]}},{"type":"Feature","properties":{},"geometry":{"type":"LineString","coordinates":[[85.33263367994398,27.701349112617002],[85.33264595221196,27.701342346890655]]}},{"type":"Feature","properties":{},"geometry":{"type":"LineString","coordinates":[[85.32846704540691,27.705800668311788],[85.3284379221556,27.705810453152502]]}},{"type":"Feature","properties":{},"geometry":{"type":"LineString","coordinates":[[85.33153869998624,27.7069437679868],[85.33153217812963,27.70693419004264]]}},{"type":"Feature","properties":{},"geometry":{"type":"LineString","coordinates":[[85.3314960671682,27.706962274421006],[85.33148970351976,27.706948364340267]]}},{"type":"Feature","properties":{},"geometry":{"type":"LineString","coordinates":[[85.33146569304655,27.706974753369114],[85.33145930037392,27.706962684137782]]}},{"type":"Feature","properties":{},"geometry":{"type":"LineString","coordinates":[[85.3314169334296,27.706996503695148],[85.33141389468753,27.706984344925004]]}},{"type":"Feature","properties":{},"geometry":{"type":"LineString","coordinates":[[85.33134657219554,27.707027820551385],[85.33134333931986,27.7070189564521]]}},{"type":"Feature","properties":{},"geometry":{"type":"LineString","coordinates":[[85.331300370416,27.707049014110122],[85.33129508426386,27.70704273272138]]}},{"type":"Feature","properties":{},"geometry":{"type":"LineString","coordinates":[[85.33126791972973,27.7070626042887],[85.33126321856231,27.707056199081524]]}},{"type":"Feature","properties":{},"geometry":{"type":"LineString","coordinates":[[85.33123329119933,27.707077899292816],[85.3312290959053,27.707072503818043]]}},{"type":"Feature","properties":{},"geometry":{"type":"LineString","coordinates":[[85.32365149262749,27.704991057835784],[85.32365543298654,27.705002021865734]]}},{"type":"Feature","properties":{},"geometry":{"type":"LineString","coordinates":[[85.33288294755056,27.700944318896298],[85.33286790185866,27.700911533981596]]}},{"type":"Feature","properties":{},"geometry":{"type":"LineString","coordinates":[[85.3315155064585,27.70430249601074],[85.33152044802542,27.7043131560172]]}},{"type":"Feature","properties":{},"geometry":{"type":"LineString","coordinates":[[85.33472461554146,27.701866842983],[85.3347197240963,27.701912168907135]]}},{"type":"Feature","properties":{},"geometry":{"type":"LineString","coordinates":[[85.33326630121483,27.70265955839506],[85.33326967232205,27.702634110060643]]}},{"type":"Feature","properties":{},"geometry":{"type":"LineString","coordinates":[[85.32705800904199,27.699843400576132],[85.32706721100988,27.699874860909077]]}},{"type":"Feature","properties":{},"geometry":{"type":"LineString","coordinates":[[85.3270987138062,27.699833223416118],[85.32710338114346,27.699860492569634]]}},{"type":"Feature","properties":{},"geometry":{"type":"LineString","coordinates":[[85.32788922202964,27.707176212308138],[85.32790846172819,27.70708966921535]]}},{"type":"Feature","properties":{},"geometry":{"type":"LineString","coordinates":[[85.33535378190624,27.70577506520437],[85.33536841593585,27.705775938860786]]}},{"type":"Feature","properties":{},"geometry":{"type":"LineString","coordinates":[[85.33183747547832,27.708281288157906],[85.33182114222889,27.70827097102533]]}},{"type":"Feature","properties":{},"geometry":{"type":"LineString","coordinates":[[85.33051634541664,27.702401072200594],[85.33051603623528,27.70238607802586]]}},{"type":"Feature","properties":{},"geometry":{"type":"LineString","coordinates":[[85.32769217570439,27.70293700097254],[85.32769356249506,27.702943678535437]]}},{"type":"Feature","properties":{},"geometry":{"type":"LineString","coordinates":[[85.33053273400147,27.703755549894492],[85.33055306654472,27.70374764057033]]}},{"type":"Feature","properties":{},"geometry":{"type":"LineString","coordinates":[[85.3263534585357,27.70318166333957],[85.32634237603406,27.703187641408412]]}},{"type":"Feature","properties":{},"geometry":{"type":"LineString","coordinates":[[85.33218028540472,27.70311596336267],[85.33217344013278,27.70313332808375]]}},{"type":"Feature","properties":{},"geometry":{"type":"LineString","coordinates":[[85.33186355757968,27.705787632902116],[85.33188666810358,27.70577611508299]]}},{"type":"Feature","properties":{},"geometry":{"type":"LineString","coordinates":[[85.32869190498344,27.704020444297637],[85.32870733274838,27.70401073591905]]}},{"type":"Feature","properties":{},"geometry":{"type":"LineString","coordinates":[[85.3295801428851,27.70478582654284],[85.32957301692804,27.704773253785884]]}},{"type":"Feature","properties":{},"geometry":{"type":"LineString","coordinates":[[85.32953730790454,27.704799267557473],[85.32953240818286,27.70478746987693]]}},{"type":"Feature","properties":{},"geometry":{"type":"LineString","coordinates":[[85.32948732306801,27.70481495085135],[85.32948540495357,27.704808395053846]]}},{"type":"Feature","properties":{},"geometry":{"type":"LineString","coordinates":[[85.32965335315617,27.704767123751356],[85.3296496046459,27.704757971798983]]}},{"type":"Feature","properties":{},"geometry":{"type":"LineString","coordinates":[[85.32961452273602,27.704775038969228],[85.32961167228275,27.704769907878262]]}},{"type":"Feature","properties":{},"geometry":{"type":"LineString","coordinates":[[85.32960141007563,27.704779153405642],[85.32959970015189,27.70477377524061]]}},{"type":"Feature","properties":{},"geometry":{"type":"LineString","coordinates":[[85.32959290095819,27.704781823355916],[85.32959080434561,27.704776533487124]]}},{"type":"Feature","properties":{},"geometry":{"type":"LineString","coordinates":[[85.32963033800675,27.704770716162997],[85.32962706069802,27.704762252223098]]}},{"type":"Feature","properties":{},"geometry":{"type":"LineString","coordinates":[[85.3296207698146,27.70477307910432],[85.32961838164158,27.70476835612867]]}},{"type":"Feature","properties":{},"geometry":{"type":"LineString","coordinates":[[85.32964244022557,27.70476882695015],[85.32964048782156,27.704761459349097]]}},{"type":"Feature","properties":{},"geometry":{"type":"LineString","coordinates":[[85.33347907593541,27.70054879723344],[85.33347490198494,27.700538734994467]]}},{"type":"Feature","properties":{},"geometry":{"type":"LineString","coordinates":[[85.32511415744843,27.705004526632653],[85.325124209958,27.70500478635323]]}},{"type":"Feature","properties":{},"geometry":{"type":"LineString","coordinates":[[85.33163140035496,27.7069161842692],[85.33162506258265,27.706904504705438]]}},{"type":"Feature","properties":{},"geometry":{"type":"LineString","coordinates":[[85.33167593081869,27.7069050537332],[85.3316682029094,27.706890696700885]]}},{"type":"Feature","properties":{},"geometry":{"type":"LineString","coordinates":[[85.33268689290061,27.707695537651258],[85.33268002191063,27.707704107628025]]}},{"type":"Feature","properties":{},"geometry":{"type":"LineString","coordinates":[[85.32853543882955,27.708564019132805],[85.32853963481611,27.708573487894803]]}},{"type":"Feature","properties":{},"geometry":{"type":"LineString","coordinates":[[85.333599753707,27.702473171628483],[85.33357715002953,27.70247187965269]]}},{"type":"Feature","properties":{},"geometry":{"type":"LineString","coordinates":[[85.32670216590788,27.701715269761003],[85.32670187859011,27.70174400343762]]}},{"type":"Feature","properties":{},"geometry":{"type":"LineString","coordinates":[[85.33521639491576,27.703199871231508],[85.33522129745467,27.703209315814497]]}},{"type":"Feature","properties":{},"geometry":{"type":"LineString","coordinates":[[85.33343141615192,27.706424005052394],[85.33341244177905,27.706431205490098]]}},{"type":"Feature","properties":{},"geometry":{"type":"LineString","coordinates":[[85.3317652076603,27.70422643217906],[85.33177294254656,27.704244186486576]]}},{"type":"Feature","properties":{},"geometry":{"type":"LineString","coordinates":[[85.32758389553004,27.70295331423024],[85.32758914501974,27.70298019237328]]}},{"type":"Feature","properties":{},"geometry":{"type":"LineString","coordinates":[[85.33290069222035,27.703224894379858],[85.33290172264269,27.70323242232379]]}},{"type":"Feature","properties":{},"geometry":{"type":"LineString","coordinates":[[85.33309696975816,27.702858573437236],[85.33309720192636,27.702869317482843]]}},{"type":"Feature","properties":{},"geometry":{"type":"LineString","coordinates":[[85.33327520022229,27.702855066768905],[85.33327800528178,27.702870599134688]]}},{"type":"Feature","properties":{},"geometry":{"type":"LineString","coordinates":[[85.32809107306817,27.701729559680786],[85.32808497454826,27.701714800652915]]}},{"type":"Feature","properties":{},"geometry":{"type":"LineString","coordinates":[[85.32793999000091,27.70110382627512],[85.32796691642201,27.7010943886171]]}},{"type":"Feature","properties":{},"geometry":{"type":"LineString","coordinates":[[85.32313722406035,27.702374360212318],[85.32307852388959,27.702356021500787]]}},{"type":"Feature","properties":{},"geometry":{"type":"LineString","coordinates":[[85.32537827130143,27.70268155333316],[85.32537276810265,27.70267072838632]]}},{"type":"Feature","properties":{},"geometry":{"type":"LineString","coordinates":[[85.32297775157598,27.70396629573039],[85.3229850883464,27.70398711071201]]}},{"type":"Feature","properties":{},"geometry":{"type":"LineString","coordinates":[[85.33037346225707,27.702389056312857],[85.33037299910575,27.702403425633563]]}},{"type":"Feature","properties":{},"geometry":{"type":"LineString","coordinates":[[85.33527708075447,27.703026258910295],[85.33515107977087,27.702866371239455],[85.33509376825903,27.702885980341666],[85.33503117338252,27.70285597403575]]}},{"type":"Feature","properties":{},"geometry":{"type":"LineString","coordinates":[[85.3350678349765,27.70309090035231],[85.33527708075447,27.703026258910295]]}},{"type":"Feature","properties":{},"geometry":{"type":"LineString","coordinates":[[85.33523870009525,27.702977556921407],[85.33522183272417,27.702984683691206]]}},{"type":"Feature","properties":{},"geometry":{"type":"LineString","coordinates":[[85.33523364708083,27.702971144905057],[85.33525542176598,27.702963595185512]]}},{"type":"Feature","properties":{},"geometry":{"type":"LineString","coordinates":[[85.33521508852091,27.70294759529729],[85.33519858214203,27.702961001841015]]}},{"type":"Feature","properties":{},"geometry":{"type":"LineString","coordinates":[[85.33522065490567,27.702954657909256],[85.33524258927424,27.70292523318407]]}},{"type":"Feature","properties":{},"geometry":{"type":"LineString","coordinates":[[85.33519872470005,27.702926829373872],[85.33517692607685,27.702938294061894]]}},{"type":"Feature","properties":{},"geometry":{"type":"LineString","coordinates":[[85.33517840520818,27.702901045529984],[85.33515687177402,27.702916082992367]]}},{"type":"Feature","properties":{},"geometry":{"type":"LineString","coordinates":[[85.33519018162292,27.702915989890148],[85.33521530696815,27.70288430926019]]}},{"type":"Feature","properties":{},"geometry":{"type":"LineString","coordinates":[[85.33516673622516,27.702886238746057],[85.33518513280325,27.70285720019478]]}},{"type":"Feature","properties":{},"geometry":{"type":"LineString","coordinates":[[85.33515932236654,27.70287683074808],[85.33513613716372,27.70290341633541]]}},{"type":"Feature","properties":{},"geometry":{"type":"LineString","coordinates":[[85.33515107977087,27.702866371239455],[85.33514786727527,27.70283764863936]]}},{"type":"Feature","properties":{},"geometry":{"type":"LineString","coordinates":[[85.3351306857872,27.702873349085078],[85.33510791998815,27.70285340600079]]}},{"type":"Feature","properties":{},"geometry":{"type":"LineString","coordinates":[[85.33509376825903,27.702885980341666],[85.3351002279227,27.702900596317935]]}},{"type":"Feature","properties":{},"geometry":{"type":"LineString","coordinates":[[85.33507996776153,27.702880123782393],[85.33506015648351,27.7028891294366]]}},{"type":"Feature","properties":{},"geometry":{"type":"LineString","coordinates":[[85.3350702871657,27.70287601537237],[85.33507206150956,27.70284724353916]]}},{"type":"Feature","properties":{},"geometry":{"type":"LineString","coordinates":[[85.33505178138873,27.70286816173586],[85.33504043670692,27.70284495338745]]}},{"type":"Feature","properties":{},"geometry":{"type":"LineString","coordinates":[[85.32653980261988,27.705299806192066],[85.3265376239788,27.70528581382289]]}},{"type":"Feature","properties":{},"geometry":{"type":"LineString","coordinates":[[85.33603936601929,27.707069925595842],[85.3360312290638,27.70705568752134]]}},{"type":"Feature","properties":{},"geometry":{"type":"LineString","coordinates":[[85.33248574915835,27.700099516230896],[85.33246427298327,27.70011080207315]]}},{"type":"Feature","properties":{},"geometry":{"type":"LineString","coordinates":[[85.32817141808117,27.701994438941078],[85.32821353767945,27.7019834942493]]}},{"type":"Feature","properties":{},"geometry":{"type":"LineString","coordinates":[[85.32867989471087,27.704000204040383],[85.32869500547231,27.7039921994583]]}},{"type":"Feature","properties":{},"geometry":{"type":"LineString","coordinates":[[85.32853249502234,27.699482683048483],[85.32854103629356,27.699518266289306]]}},{"type":"Feature","properties":{},"geometry":{"type":"LineString","coordinates":[[85.32308805412515,27.703938456221994],[85.32310180805477,27.703955610583364]]}},{"type":"Feature","properties":{},"geometry":{"type":"LineString","coordinates":[[85.33375898971157,27.70348696373275],[85.33373956629104,27.703448405847407]]}},{"type":"Feature","properties":{},"geometry":{"type":"LineString","coordinates":[[85.33007433177488,27.69971196625895],[85.33007209458272,27.69974075498058]]}},{"type":"Feature","properties":{},"geometry":{"type":"LineString","coordinates":[[85.3358299467351,27.70277351499307],[85.3358191219293,27.702747645012426]]}},{"type":"Feature","properties":{},"geometry":{"type":"LineString","coordinates":[[85.32935183228773,27.70291087304779],[85.32935755215122,27.702928137444665]]}},{"type":"Feature","properties":{},"geometry":{"type":"LineString","coordinates":[[85.33587584592075,27.707099032797277],[85.33588273026912,27.70711622340686]]}},{"type":"Feature","properties":{},"geometry":{"type":"LineString","coordinates":[[85.3358571938615,27.707105110160693],[85.33586469484858,27.70713332020235]]}},{"type":"Feature","properties":{},"geometry":{"type":"LineString","coordinates":[[85.32412068713992,27.70557272956462],[85.32411994005642,27.70555910920049]]}},{"type":"Feature","properties":{},"geometry":{"type":"LineString","coordinates":[[85.33288184639099,27.702679098425918],[85.33287054622622,27.70264892456801]]}},{"type":"Feature","properties":{},"geometry":{"type":"LineString","coordinates":[[85.32761115482478,27.707979134447633],[85.32760916690177,27.707968849358743]]}},{"type":"Feature","properties":{},"geometry":{"type":"LineString","coordinates":[[85.32718766719923,27.706852813124303],[85.32720130653323,27.706850092510138]]}},{"type":"Feature","properties":{},"geometry":{"type":"LineString","coordinates":[[85.32718505844021,27.706841814734158],[85.327198241856,27.706839930687874]]}},{"type":"Feature","properties":{},"geometry":{"type":"LineString","coordinates":[[85.33571515436466,27.706542933043373],[85.33569352805281,27.70654173075734]]}},{"type":"Feature","properties":{},"geometry":{"type":"LineString","coordinates":[[85.33617071963039,27.705823237391137],[85.33617148214752,27.705830860473856]]}}]}