{"type":"FeatureCollection","features":[{"type":"Feature","properties":{},"geometry":{"type":"LineString","coordinates":[[85.34048388544046,27.676126615916445],[85.34059781992286,27.67638811442401],[85.34061709999526,27.67650103212739],[85.34058807886204,27.676678438225274]]}},{"type":"Feature","properties":{},"geometry":{"type":"LineString","coordinates":[[85.34072550042464,27.676798842639194],[85.34076140583906,27.677072368819655]]}},{"type":"Feature","properties":{},"geometry":{"type":"LineString","coordinates":[[85.3406183546683,27.676701680690307],[85.34072550042464,27.676798842639194]]}},{"type":"Feature","properties":{},"geometry":{"type":"LineString","coordinates":[[85.34021107534831,27.676767502802758],[85.34010472647776,27.676854903595718],[85.33988779435921,27.676874577155914],[85.33973691520153,27.676964215709756],[85.33961841951086,27.676998378623047]]}},{"type":"Feature","properties":{},"geometry":{"type":"LineString","coordinates":[[85.34021107534831,27.676767502802758],[85.34012778118279,27.676586168780506]]}},{"type":"Feature","properties":{},"geometry":{"type":"LineString","coordinates":[[85.33961841951086,27.676998378623047],[85.33956565863818,27.676644463590875],[85.33978854001222,27.67655133607817]]}},{"type":"Feature","properties":{},"geometry":{"type":"LineString","coordinates":[[85.34076140583906,27.677072368819655],[85.34056024597444,27.677062816269476]]}},{"type":"Feature","properties":{},"geometry":{"type":"LineString","coordinates":[[85.34072550042464,27.676798842639194],[85.34100945569487,27.676783493153163],[85.34101400532418,27.676750842644783]]}},{"type":"Feature","properties":{},"geometry":{"type":"LineString","coordinates":[[85.34224059815523,27.67382655103536],[85.34232112054242,27.673908689600673]]}},{"type":"Feature","properties":{},"geometry":{"type":"LineString","coordinates":[[85.34233480638859,27.673954701412114],[85.3423000168018,27.673918885957704]]}},{"type":"Feature","properties":{},"geometry":{"type":"LineString","coordinates":[[85.34066845817934,27.674480747165074],[85.34021263516125,27.674835727328148],[85.33926607582298,27.67547333332166]]}},{"type":"Feature","properties":{},"geometry":{"type":"LineString","coordinates":[[85.33926607582298,27.67547333332166],[85.33927149067023,27.6755483879311]]}},{"type":"Feature","properties":{},"geometry":{"type":"LineString","coordinates":[[85.339863509934,27.67542510111549],[85.33988946532062,27.67541027000458],[85.33998622904448,27.67561216061361],[85.34002885895353,27.675631354361922],[85.34028988270296,27.675617513103955],[85.34034621738785,27.67563515068794],[85.34038521955227,27.675904065908504],[85.3404478199599,27.676059177230965]]}},{"type":"Feature","properties":{},"geometry":{"type":"LineString","coordinates":[[85.3404478199599,27.676059177230965],[85.3404229452265,27.67606978118481]]}},{"type":"Feature","properties":{},"geometry":{"type":"LineString","coordinates":[[85.34032732645184,27.675657942222873],[85.34074730121279,27.675662098799446]]}},{"type":"Feature","properties":{},"geometry":{"type":"LineString","coordinates":[[85.34147719078904,27.67437279658924],[85.34161967604801,27.67452424094497]]}},{"type":"Feature","properties":{},"geometry":{"type":"LineString","coordinates":[[85.34087407728757,27.675643134688546],[85.34076428061448,27.67543017122982]]}},{"type":"Feature","properties":{},"geometry":{"type":"LineString","coordinates":[[85.34096253661522,27.67556118793087],[85.34099603264195,27.67576231834436]]}},{"type":"Feature","properties":{},"geometry":{"type":"LineString","coordinates":[[85.34115846496985,27.67547812099167],[85.34127239922034,27.675757821734138]]}},{"type":"Feature","properties":{},"geometry":{"type":"LineString","coordinates":[[85.34113323178879,27.67486153579334],[85.34139143585172,27.67514388101979]]}},{"type":"Feature","properties":{},"geometry":{"type":"LineString","coordinates":[[85.34241102886934,27.67402237555718],[85.34184128444033,27.674381956817825],[85.34202800156534,27.67459806764269]]}},{"type":"Feature","properties":{},"geometry":{"type":"LineString","coordinates":[[85.34202800156534,27.67459806764269],[85.3417585204952,27.674757086414242]]}},{"type":"Feature","properties":{},"geometry":{"type":"LineString","coordinates":[[85.34113323178879,27.67486153579334],[85.34074724467366,27.67509959395137]]}},{"type":"Feature","properties":{},"geometry":{"type":"LineString","coordinates":[[85.3417585204952,27.674757086414242],[85.34151675882433,27.674631530334825],[85.3413548848731,27.674737518951115]]}},{"type":"Feature","properties":{},"geometry":{"type":"LineString","coordinates":[[85.34202800156534,27.67459806764269],[85.34212077543668,27.674547504850352]]}},{"type":"Feature","properties":{},"geometry":{"type":"LineString","coordinates":[[85.34104650123285,27.677100367328137],[85.3411300676801,27.67692370461065],[85.34114440176621,27.676831459109444]]}},{"type":"Feature","properties":{},"geometry":{"type":"LineString","coordinates":[[85.34151194557352,27.677409899909254],[85.34142413235124,27.67741236303413],[85.341408469157,27.677374232056067],[85.3412709955666,27.677407343306843]]}},{"type":"Feature","properties":{},"geometry":{"type":"LineString","coordinates":[[85.34223342669775,27.677059210048775],[85.34213976443338,27.67657182457563],[85.34187167946163,27.676610898709985]]}},{"type":"Feature","properties":{},"geometry":{"type":"LineString","coordinates":[[85.34170446068005,27.677617428750448],[85.34187535093938,27.677597867327787]]}},{"type":"Feature","properties":{},"geometry":{"type":"LineString","coordinates":[[85.34187535093938,27.677597867327787],[85.34203875081886,27.677534554009117],[85.34217840265443,27.677509928620093]]}},{"type":"Feature","properties":{},"geometry":{"type":"LineString","coordinates":[[85.34268976494744,27.676960042785932],[85.34254876517801,27.676972135043997],[85.342304241774,27.67703259637213]]}},{"type":"Feature","properties":{},"geometry":{"type":"LineString","coordinates":[[85.34151251377982,27.677190957588355],[85.34136365138491,27.677171788343333],[85.34115094742023,27.67719132586455]]}},{"type":"Feature","properties":{},"geometry":{"type":"LineString","coordinates":[[85.34165312414707,27.677209298616635],[85.34151251377982,27.677190957588355]]}},{"type":"Feature","properties":{},"geometry":{"type":"LineString","coordinates":[[85.3419142794518,27.677110064298763],[85.34165312414707,27.677209298616635]]}},{"type":"Feature","properties":{},"geometry":{"type":"LineString","coordinates":[[85.342304241774,27.67703259637213],[85.34223342669775,27.677059210048775]]}},{"type":"Feature","properties":{},"geometry":{"type":"LineString","coordinates":[[85.34223342669775,27.677059210048775],[85.3419142794518,27.677110064298763]]}},{"type":"Feature","properties":{},"geometry":{"type":"LineString","coordinates":[[85.34129906404927,27.676075095978554],[85.34137326537818,27.67655750958035]]}},{"type":"Feature","properties":{},"geometry":{"type":"LineString","coordinates":[[85.34088451201798,27.67607962357489],[85.34097529039988,27.676488969140415],[85.34085891491522,27.676514311691953]]}},{"type":"Feature","properties":{},"geometry":{"type":"LineString","coordinates":[[85.34247001175983,27.67563709062855],[85.34285128250247,27.67560380177929]]}},{"type":"Feature","properties":{},"geometry":{"type":"LineString","coordinates":[[85.34249412548462,27.67577995592039],[85.342650425547,27.67577387092119],[85.34286034494372,27.675803283008264]]}},{"type":"Feature","properties":{},"geometry":{"type":"LineString","coordinates":[[85.34195892099622,27.675148560762498],[85.34200373605572,27.675419289880818]]}},{"type":"Feature","properties":{},"geometry":{"type":"LineString","coordinates":[[85.3415748395085,27.67530084079001],[85.34164305291453,27.675391636818798],[85.34172519034537,27.67560409613846]]}},{"type":"Feature","properties":{},"geometry":{"type":"LineString","coordinates":[[85.34286034494372,27.675803283008264],[85.34287027194088,27.67591075989589]]}},{"type":"Feature","properties":{},"geometry":{"type":"LineString","coordinates":[[85.3423851013881,27.675162261617647],[85.34234949054557,27.674885766186335]]}},{"type":"Feature","properties":{},"geometry":{"type":"LineString","coordinates":[[85.34245352638403,27.67553468522966],[85.34228063234309,27.675580149414902],[85.34221468602986,27.675637207728876],[85.34209485780772,27.675672076228633]]}},{"type":"Feature","properties":{},"geometry":{"type":"LineString","coordinates":[[85.34284100718556,27.67510544896846],[85.34285076186026,27.675286403599415],[85.34288596699626,27.67532192966611],[85.34290838026311,27.675492254688567]]}},{"type":"Feature","properties":{},"geometry":{"type":"LineString","coordinates":[[85.34152917872474,27.677566981209335],[85.3414674884125,27.677571453930053]]}},{"type":"Feature","properties":{},"geometry":{"type":"LineString","coordinates":[[85.34165312414707,27.677209298616635],[85.34169765596236,27.677559640596265]]}},{"type":"Feature","properties":{},"geometry":{"type":"LineString","coordinates":[[85.340827378147,27.677232117991366],[85.34081296250712,27.677466180074365]]}},{"type":"Feature","properties":{},"geometry":{"type":"LineString","coordinates":[[85.3419142794518,27.677110064298763],[85.34196015606041,27.676953680680796]]}},{"type":"Feature","properties":{},"geometry":{"type":"LineString","coordinates":[[85.34400855468617,27.675788191954116],[85.3436090407909,27.675852553853037],[85.3436052001179,27.676033206893486],[85.34316300480693,27.676172826670822],[85.34307377797897,27.676262102562237],[85.34267845478465,27.676359587790724]]}},{"type":"Feature","properties":{},"geometry":{"type":"LineString","coordinates":[[85.34267364952225,27.676361524044545],[85.34262305203302,27.67638190760196]]}},{"type":"Feature","properties":{},"geometry":{"type":"LineString","coordinates":[[85.34345171431247,27.676104446941924],[85.34339598279287,27.675959236092414],[85.34319146556197,27.67596441579707]]}},{"type":"Feature","properties":{},"geometry":{"type":"LineString","coordinates":[[85.3433393720358,27.67613466671383],[85.34340107426164,27.676322313164835]]}},{"type":"Feature","properties":{},"geometry":{"type":"LineString","coordinates":[[85.34295177006086,27.676305808815176],[85.34291845802456,27.676099899230014]]}},{"type":"Feature","properties":{},"geometry":{"type":"LineString","coordinates":[[85.343643980612,27.675870213173216],[85.34361343426517,27.67575802842772],[85.3436314747058,27.67558587215474],[85.34360893148872,27.675468570839968],[85.3434734065148,27.675457661137177]]}},{"type":"Feature","properties":{},"geometry":{"type":"LineString","coordinates":[[85.34402970179492,27.67559627517641],[85.34405279536608,27.67559477862388],[85.34414237787023,27.676055617092185]]}},{"type":"Feature","properties":{},"geometry":{"type":"LineString","coordinates":[[85.34416907919183,27.677369753970407],[85.34385799075635,27.677379936967828],[85.34367495121963,27.677407717768684],[85.34296719885451,27.677887051933475]]}},{"type":"Feature","properties":{},"geometry":{"type":"LineString","coordinates":[[85.34424746609294,27.676973300001045],[85.34393836991661,27.677039198352812]]}},{"type":"Feature","properties":{},"geometry":{"type":"LineString","coordinates":[[85.34422666306209,27.67689960221401],[85.34386340377682,27.67695827423079]]}},{"type":"Feature","properties":{},"geometry":{"type":"LineString","coordinates":[[85.34421149608075,27.676501145413546],[85.34419924451032,27.676785064101242],[85.34422666306209,27.67689960221401]]}},{"type":"Feature","properties":{},"geometry":{"type":"LineString","coordinates":[[85.34421149608075,27.676501145413546],[85.34382656430498,27.676539564893268]]}},{"type":"Feature","properties":{},"geometry":{"type":"LineString","coordinates":[[85.34414237787023,27.676055617092185],[85.34382001960046,27.676132675692504]]}},{"type":"Feature","properties":{},"geometry":{"type":"LineString","coordinates":[[85.34533265886544,27.67709172110994],[85.34515867641568,27.677153472399173],[85.34502832663169,27.677170140408922],[85.34461693022062,27.677141117299325]]}},{"type":"Feature","properties":{},"geometry":{"type":"LineString","coordinates":[[85.34461693022062,27.677141117299325],[85.34464689833064,27.677453040568377],[85.34455511273964,27.677473736778406]]}},{"type":"Feature","properties":{},"geometry":{"type":"LineString","coordinates":[[85.34533265886544,27.67709172110994],[85.34522645382968,27.676599173761947]]}},{"type":"Feature","properties":{},"geometry":{"type":"LineString","coordinates":[[85.34485059620178,27.676157203298292],[85.34465095970069,27.67628935372994]]}},{"type":"Feature","properties":{},"geometry":{"type":"LineString","coordinates":[[85.34465095970069,27.67628935372994],[85.34429346273264,27.676649952150218],[85.34417591558814,27.676739030148802]]}},{"type":"Feature","properties":{},"geometry":{"type":"LineString","coordinates":[[85.34549290269734,27.6764538670055],[85.34546172880567,27.67648066522187],[85.34563771508864,27.676946459213426]]}},{"type":"Feature","properties":{},"geometry":{"type":"LineString","coordinates":[[85.34559093292195,27.67723156413816],[85.3458596716098,27.67721077009288],[85.34589509957229,27.67730731092288],[85.34607989145196,27.677284235964173]]}},{"type":"Feature","properties":{},"geometry":{"type":"LineString","coordinates":[[85.34571105468052,27.677670492295366],[85.3459146912372,27.677573790945466],[85.34593264419618,27.677601023358303]]}},{"type":"Feature","properties":{},"geometry":{"type":"LineString","coordinates":[[85.34301196109261,27.675812593327034],[85.34301881077663,27.675677274707105]]}},{"type":"Feature","properties":{},"geometry":{"type":"LineString","coordinates":[[85.34286034494372,27.675803283008264],[85.34301196109261,27.675812593327034]]}},{"type":"Feature","properties":{},"geometry":{"type":"LineString","coordinates":[[85.34276885296585,27.677298890561875],[85.34249467393796,27.677373448220347]]}},{"type":"Feature","properties":{},"geometry":{"type":"LineString","coordinates":[[85.3435095309112,27.67702098455095],[85.34341919413406,27.67657009557407]]}},{"type":"Feature","properties":{},"geometry":{"type":"LineString","coordinates":[[85.34290421520718,27.677085710707043],[85.3429973564948,27.6771050285714],[85.34329431989259,27.677090199164205]]}},{"type":"Feature","properties":{},"geometry":{"type":"LineString","coordinates":[[85.34329431989259,27.677090199164205],[85.34343316532578,27.67708194242189],[85.34348362664149,27.677060853856027],[85.3435095309112,27.67702098455095]]}},{"type":"Feature","properties":{},"geometry":{"type":"LineString","coordinates":[[85.34329431989259,27.677090199164205],[85.34326221988212,27.67690314681206]]}},{"type":"Feature","properties":{},"geometry":{"type":"LineString","coordinates":[[85.34196394722854,27.673627240161228],[85.3417213104991,27.673785581116263],[85.34138474649235,27.673892158259672],[85.34095730377324,27.67420086385146],[85.34068055456885,27.674491353581267]]}},{"type":"Feature","properties":{},"geometry":{"type":"LineString","coordinates":[[85.34089290339934,27.678436896178333],[85.34077111613347,27.67871692264982],[85.3410592521346,27.67881389123798]]}},{"type":"Feature","properties":{},"geometry":{"type":"LineString","coordinates":[[85.34083989970664,27.677827873214262],[85.3408564543939,27.67801254476735]]}},{"type":"Feature","properties":{},"geometry":{"type":"LineString","coordinates":[[85.3408564543939,27.67801254476735],[85.34089664054088,27.67837167988479]]}},{"type":"Feature","properties":{},"geometry":{"type":"LineString","coordinates":[[85.34083989970664,27.677827873214262],[85.34134158354895,27.677779948423716],[85.34136836172209,27.677952588553858]]}},{"type":"Feature","properties":{},"geometry":{"type":"LineString","coordinates":[[85.34082542925327,27.677666090151053],[85.3412465090069,27.677629768253727]]}},{"type":"Feature","properties":{},"geometry":{"type":"LineString","coordinates":[[85.3408564543939,27.67801254476735],[85.34050927847493,27.678042966346315]]}},{"type":"Feature","properties":{},"geometry":{"type":"LineString","coordinates":[[85.34081296250712,27.677466180074365],[85.3403691220803,27.677520344954946],[85.34008502076188,27.677529601772893]]}},{"type":"Feature","properties":{},"geometry":{"type":"LineString","coordinates":[[85.34008502076188,27.677529601772893],[85.34010182188551,27.677769500067573],[85.34032583435163,27.677754244231572]]}},{"type":"Feature","properties":{},"geometry":{"type":"LineString","coordinates":[[85.3410103597088,27.674718603176803],[85.34113323178879,27.67486153579334]]}},{"type":"Feature","properties":{},"geometry":{"type":"LineString","coordinates":[[85.3417585204952,27.674757086414242],[85.34179582076588,27.674796831098533],[85.34179608235453,27.674848315111856],[85.34139143585172,27.67514388101979]]}},{"type":"Feature","properties":{},"geometry":{"type":"LineString","coordinates":[[85.34138020277183,27.675152487773666],[85.34133780690664,27.675184971261046],[85.34109265499269,27.67526847160432],[85.34115846496985,27.67547812099167]]}},{"type":"Feature","properties":{},"geometry":{"type":"LineString","coordinates":[[85.34096253661522,27.67556118793087],[85.34103283891652,27.675510225911747],[85.34115846496985,27.67547812099167]]}},{"type":"Feature","properties":{},"geometry":{"type":"LineString","coordinates":[[85.34087407728757,27.675643134688546],[85.34096253661522,27.67556118793087]]}},{"type":"Feature","properties":{},"geometry":{"type":"LineString","coordinates":[[85.34074730121279,27.675662098799446],[85.34087407728757,27.675643134688546]]}},{"type":"Feature","properties":{},"geometry":{"type":"LineString","coordinates":[[85.34224180879472,27.673872735778268],[85.3415795038733,27.674267635433175],[85.34096917005772,27.674716551171205],[85.34026165510458,27.675138845822964],[85.33982740266691,27.675353827725974]]}},{"type":"Feature","properties":{},"geometry":{"type":"LineString","coordinates":[[85.33906841033463,27.6756730184061],[85.33940633754816,27.675971143038026],[85.33953915914782,27.6761481350774],[85.33965393581795,27.67618312020561],[85.33983480543291,27.676295739113353],[85.3399835544409,27.676354223001226],[85.34023345827784,27.676302372915202],[85.34044619674626,27.676131150109757]]}},{"type":"Feature","properties":{},"geometry":{"type":"LineString","coordinates":[[85.34233790849736,27.675145595293852],[85.34216673216757,27.675162875943197],[85.34195892099622,27.675148560762498]]}},{"type":"Feature","properties":{},"geometry":{"type":"LineString","coordinates":[[85.3415748395085,27.67530084079001],[85.34149043492727,27.675359437753247]]}},{"type":"Feature","properties":{},"geometry":{"type":"LineString","coordinates":[[85.34195892099622,27.675148560762498],[85.3415748395085,27.67530084079001]]}},{"type":"Feature","properties":{},"geometry":{"type":"LineString","coordinates":[[85.34245975458988,27.67610758941086],[85.34246044587438,27.676073015352664],[85.34223024577429,27.676114855895637],[85.34179798032405,27.676133482452613],[85.34165657069575,27.676127068341728],[85.34147674331889,27.67607506904432],[85.34129906404927,27.676075095978554]]}},{"type":"Feature","properties":{},"geometry":{"type":"LineString","coordinates":[[85.34142485637891,27.67611027202901],[85.34150266165402,27.676442672551012],[85.34150557160162,27.676635125014283]]}},{"type":"Feature","properties":{},"geometry":{"type":"LineString","coordinates":[[85.34151251377982,27.677190957588355],[85.34151194557352,27.677409899909254]]}},{"type":"Feature","properties":{},"geometry":{"type":"LineString","coordinates":[[85.34149601897128,27.676979233581168],[85.34151251377982,27.677190957588355]]}},{"type":"Feature","properties":{},"geometry":{"type":"LineString","coordinates":[[85.34150557160162,27.676635125014283],[85.34149601897128,27.676979233581168]]}},{"type":"Feature","properties":{},"geometry":{"type":"LineString","coordinates":[[85.34151194557352,27.677409899909254],[85.34152917872474,27.677566981209335]]}},{"type":"Feature","properties":{},"geometry":{"type":"LineString","coordinates":[[85.34152917872474,27.677566981209335],[85.34169765596236,27.677559640596265]]}},{"type":"Feature","properties":{},"geometry":{"type":"LineString","coordinates":[[85.34187535093938,27.677597867327787],[85.34189015708968,27.677709200594546]]}},{"type":"Feature","properties":{},"geometry":{"type":"LineString","coordinates":[[85.342304241774,27.67703259637213],[85.34230737515851,27.677220815828775],[85.34197321719668,27.67727950796202]]}},{"type":"Feature","properties":{},"geometry":{"type":"LineString","coordinates":[[85.34058807886204,27.676678438225274],[85.3403503594814,27.67671558607502]]}},{"type":"Feature","properties":{},"geometry":{"type":"LineString","coordinates":[[85.3403503594814,27.67671558607502],[85.34021107534831,27.676767502802758]]}},{"type":"Feature","properties":{},"geometry":{"type":"LineString","coordinates":[[85.33961841951086,27.676998378623047],[85.33935721074575,27.677074163144255]]}},{"type":"Feature","properties":{},"geometry":{"type":"LineString","coordinates":[[85.34080838234256,27.67712257476629],[85.340827378147,27.677232117991366]]}},{"type":"Feature","properties":{},"geometry":{"type":"LineString","coordinates":[[85.34008502076188,27.677529601772893],[85.33993050186007,27.677532174340293],[85.33962540701874,27.677593275888317]]}},{"type":"Feature","properties":{},"geometry":{"type":"LineString","coordinates":[[85.34081296250712,27.677466180074365],[85.34082542925327,27.677666090151053]]}},{"type":"Feature","properties":{},"geometry":{"type":"LineString","coordinates":[[85.34082542925327,27.677666090151053],[85.34083989970664,27.677827873214262]]}},{"type":"Feature","properties":{},"geometry":{"type":"LineString","coordinates":[[85.34129906404927,27.676075095978554],[85.34088451201798,27.67607962357489]]}},{"type":"Feature","properties":{},"geometry":{"type":"LineString","coordinates":[[85.34088451201798,27.67607962357489],[85.34045888409231,27.676087848583023],[85.3404478199599,27.676059177230965]]}},{"type":"Feature","properties":{},"geometry":{"type":"LineString","coordinates":[[85.3394418367895,27.677364904115265],[85.33999395885402,27.677256721395405]]}},{"type":"Feature","properties":{},"geometry":{"type":"LineString","coordinates":[[85.33935543121025,27.677297434797648],[85.33897473771103,27.677440756578168]]}},{"type":"Feature","properties":{},"geometry":{"type":"LineString","coordinates":[[85.33902620614828,27.67656432690845],[85.33922872650672,27.6764498887214]]}},{"type":"Feature","properties":{},"geometry":{"type":"LineString","coordinates":[[85.33922872650672,27.6764498887214],[85.33917804993109,27.67630262136783],[85.3391051976399,27.676192208389622]]}},{"type":"Feature","properties":{},"geometry":{"type":"LineString","coordinates":[[85.33762125555113,27.676928225807053],[85.33786498034333,27.67665902132651]]}},{"type":"Feature","properties":{},"geometry":{"type":"LineString","coordinates":[[85.33755950369259,27.676958539798274],[85.33731450318476,27.677093925587904]]}},{"type":"Feature","properties":{},"geometry":{"type":"LineString","coordinates":[[85.343643980612,27.675870213173216],[85.3436254757958,27.676037128159415],[85.34345171431247,27.676104446941924]]}},{"type":"Feature","properties":{},"geometry":{"type":"LineString","coordinates":[[85.34345171431247,27.676104446941924],[85.3433393720358,27.67613466671383]]}},{"type":"Feature","properties":{},"geometry":{"type":"LineString","coordinates":[[85.3433393720358,27.67613466671383],[85.3431773465055,27.6761783061408],[85.34311200804909,27.67626824685158],[85.34295177006086,27.676305808815176]]}},{"type":"Feature","properties":{},"geometry":{"type":"LineString","coordinates":[[85.34271608229822,27.677110891329598],[85.34290421520718,27.677085710707043]]}},{"type":"Feature","properties":{},"geometry":{"type":"LineString","coordinates":[[85.34414237787023,27.676055617092185],[85.34419307440687,27.676259071720615],[85.34421149608075,27.676501145413546]]}},{"type":"Feature","properties":{},"geometry":{"type":"LineString","coordinates":[[85.34422666306209,27.67689960221401],[85.34424746609294,27.676973300001045]]}},{"type":"Feature","properties":{},"geometry":{"type":"LineString","coordinates":[[85.34424746609294,27.676973300001045],[85.34429197856537,27.677122259236675]]}},{"type":"Feature","properties":{},"geometry":{"type":"LineString","coordinates":[[85.34594175357917,27.67683054192426],[85.34563771508864,27.676946459213426]]}},{"type":"Feature","properties":{},"geometry":{"type":"LineString","coordinates":[[85.34563771508864,27.676946459213426],[85.34555764963756,27.677023605685218]]}},{"type":"Feature","properties":{},"geometry":{"type":"LineString","coordinates":[[85.34555764963756,27.677023605685218],[85.34533265886544,27.67709172110994]]}},{"type":"Feature","properties":{},"geometry":{"type":"LineString","coordinates":[[85.34571105468052,27.677670492295366],[85.345753246967,27.677794743904187],[85.34582735553631,27.67777977733251],[85.34587804905911,27.6779247403075],[85.34582997311851,27.677943821162465],[85.3458684346507,27.67821704838656]]}},{"type":"Feature","properties":{},"geometry":{"type":"LineString","coordinates":[[85.34424063291607,27.677840376229327],[85.34422480833886,27.678136060297287],[85.34433704976567,27.678758784726494],[85.34431541850464,27.678767203337753]]}},{"type":"Feature","properties":{},"geometry":{"type":"LineString","coordinates":[[85.33982740266691,27.675353827725974],[85.3398496443177,27.675397407007758]]}},{"type":"Feature","properties":{},"geometry":{"type":"LineString","coordinates":[[85.339863509934,27.67542510111549],[85.33997532546415,27.67563248997397],[85.34004480688404,27.67565047205427],[85.34027274192381,27.675633642178337],[85.34032732645184,27.675657942222873]]}},{"type":"Feature","properties":{},"geometry":{"type":"LineString","coordinates":[[85.34032732645184,27.675657942222873],[85.34036002089199,27.67590377483616],[85.3404229452265,27.67606978118481]]}},{"type":"Feature","properties":{},"geometry":{"type":"LineString","coordinates":[[85.3404229452265,27.67606978118481],[85.34044619674626,27.676131150109757]]}},{"type":"Feature","properties":{},"geometry":{"type":"LineString","coordinates":[[85.34104650123285,27.677100367328137],[85.34080838234256,27.67712257476629]]}},{"type":"Feature","properties":{},"geometry":{"type":"LineString","coordinates":[[85.34149601897128,27.676979233581168],[85.34107192966789,27.67707809083389],[85.34104650123285,27.677100367328137]]}},{"type":"Feature","properties":{},"geometry":{"type":"LineString","coordinates":[[85.34169765596236,27.677559640596265],[85.34170446068005,27.677617428750448]]}},{"type":"Feature","properties":{},"geometry":{"type":"LineString","coordinates":[[85.3423724519188,27.67398513840353],[85.34349843790706,27.675066202331557]]}},{"type":"Feature","properties":{},"geometry":{"type":"LineString","coordinates":[[85.34349843790706,27.675066202331557],[85.34352115471054,27.675086849186762]]}},{"type":"Feature","properties":{},"geometry":{"type":"LineString","coordinates":[[85.34357508754105,27.675139864928678],[85.34402791850918,27.67550210730533]]}},{"type":"Feature","properties":{},"geometry":{"type":"LineString","coordinates":[[85.33860391742851,27.676000388090387],[85.33884573722565,27.676384114918307]]}},{"type":"Feature","properties":{},"geometry":{"type":"LineString","coordinates":[[85.34044619674626,27.676131150109757],[85.34048388544046,27.676126615916445]]}},{"type":"Feature","properties":{},"geometry":{"type":"LineString","coordinates":[[85.34251545569506,27.676105052742642],[85.34245975458988,27.67610758941086]]}},{"type":"Feature","properties":{},"geometry":{"type":"LineString","coordinates":[[85.34142485637891,27.67611027202901],[85.34107626984239,27.676091612720413],[85.34048388544046,27.676126615916445]]}},{"type":"Feature","properties":{},"geometry":{"type":"LineString","coordinates":[[85.34245975458988,27.67610758941086],[85.3419506014629,27.676160783983143],[85.34165272310653,27.67615151312666],[85.34142485637891,27.67611027202901]]}},{"type":"Feature","properties":{},"geometry":{"type":"LineString","coordinates":[[85.34301334224931,27.67817040714067],[85.34274515390393,27.678229851387396]]}},{"type":"Feature","properties":{},"geometry":{"type":"LineString","coordinates":[[85.33902620614828,27.67656432690845],[85.3392369429484,27.676877297355457],[85.33935753560642,27.677110795425303],[85.3394418367895,27.677364904115265]]}},{"type":"Feature","properties":{},"geometry":{"type":"LineString","coordinates":[[85.33874719488132,27.677852218295207],[85.33908226824221,27.677828117403802],[85.33947615538803,27.67785044238909]]}},{"type":"Feature","properties":{},"geometry":{"type":"LineString","coordinates":[[85.339485265866,27.678762567897884],[85.3395966787971,27.678891895683343],[85.33964992220591,27.6790657558445],[85.33970618555514,27.679507033125226],[85.33971112102299,27.67975168912521]]}},{"type":"Feature","properties":{},"geometry":{"type":"LineString","coordinates":[[85.33705823678615,27.678356241179575],[85.3370470495636,27.6783250337353],[85.33710869063057,27.678172452367583]]}},{"type":"Feature","properties":{},"geometry":{"type":"LineString","coordinates":[[85.33574801528445,27.677782757436123],[85.335814388816,27.677834652978607],[85.33660104271316,27.678237490946817],[85.3367061620423,27.678236864221443]]}},{"type":"Feature","properties":{},"geometry":{"type":"LineString","coordinates":[[85.3367061620423,27.678236864221443],[85.33677317953408,27.67824349404027],[85.33705823678615,27.678356241179575]]}},{"type":"Feature","properties":{},"geometry":{"type":"LineString","coordinates":[[85.3367061620423,27.678236864221443],[85.33667177346854,27.67818211661816],[85.33652163772088,27.67808203906264]]}},{"type":"Feature","properties":{},"geometry":{"type":"LineString","coordinates":[[85.33652163772088,27.67808203906264],[85.33611479239933,27.677807315049606]]}},{"type":"Feature","properties":{},"geometry":{"type":"LineString","coordinates":[[85.3378143477051,27.677224848868242],[85.33748231027432,27.677374548352848],[85.33723055204455,27.677520885669715]]}},{"type":"Feature","properties":{},"geometry":{"type":"LineString","coordinates":[[85.33723055204455,27.677520885669715],[85.33683471500356,27.677768059788647]]}},{"type":"Feature","properties":{},"geometry":{"type":"LineString","coordinates":[[85.33683471500356,27.677768059788647],[85.33668139756772,27.67788944634134],[85.33652163772088,27.67808203906264]]}},{"type":"Feature","properties":{},"geometry":{"type":"LineString","coordinates":[[85.33683471500356,27.677768059788647],[85.33629947127915,27.677297741850786]]}},{"type":"Feature","properties":{},"geometry":{"type":"LineString","coordinates":[[85.33723055204455,27.677520885669715],[85.33702658006281,27.677327515205963],[85.33683437834422,27.677444105577134]]}},{"type":"Feature","properties":{},"geometry":{"type":"LineString","coordinates":[[85.33723055204455,27.677520885669715],[85.33750982373424,27.67778308586817]]}},{"type":"Feature","properties":{},"geometry":{"type":"LineString","coordinates":[[85.33705823678615,27.678356241179575],[85.33710889340509,27.678544444313676],[85.33717954164531,27.678684265931683]]}},{"type":"Feature","properties":{},"geometry":{"type":"LineString","coordinates":[[85.33717954164531,27.678684265931683],[85.3374044105906,27.678630001444166],[85.3380216833642,27.678557083744668]]}},{"type":"Feature","properties":{},"geometry":{"type":"LineString","coordinates":[[85.33857290204978,27.67849794994792],[85.33855117576488,27.67833758609706]]}},{"type":"Feature","properties":{},"geometry":{"type":"LineString","coordinates":[[85.33828559951829,27.678527504554943],[85.33826252616369,27.678390255178442]]}},{"type":"Feature","properties":{},"geometry":{"type":"LineString","coordinates":[[85.3380216833642,27.678557083744668],[85.33828559951829,27.678527504554943]]}},{"type":"Feature","properties":{},"geometry":{"type":"LineString","coordinates":[[85.33828559951829,27.678527504554943],[85.33857290204978,27.67849794994792]]}},{"type":"Feature","properties":{},"geometry":{"type":"LineString","coordinates":[[85.33857290204978,27.67849794994792],[85.33880765644201,27.678464880879687]]}},{"type":"Feature","properties":{},"geometry":{"type":"LineString","coordinates":[[85.33808629821235,27.67888932302555],[85.33820416510984,27.67946752718373]]}},{"type":"Feature","properties":{},"geometry":{"type":"LineString","coordinates":[[85.33806573349833,27.67875975919389],[85.33754533138344,27.67884883026908]]}},{"type":"Feature","properties":{},"geometry":{"type":"LineString","coordinates":[[85.33808629821235,27.67888932302555],[85.33842658573022,27.67884085243678]]}},{"type":"Feature","properties":{},"geometry":{"type":"LineString","coordinates":[[85.33842658573022,27.67884085243678],[85.33867453876975,27.67880102477045],[85.33867051516745,27.678716865648177]]}},{"type":"Feature","properties":{},"geometry":{"type":"LineString","coordinates":[[85.33842658573022,27.67884085243678],[85.3383942502444,27.678687099778994]]}},{"type":"Feature","properties":{},"geometry":{"type":"LineString","coordinates":[[85.33926683681526,27.679140952694766],[85.3391690089466,27.679150296286803]]}},{"type":"Feature","properties":{},"geometry":{"type":"LineString","coordinates":[[85.33962907280753,27.67924700336203],[85.33929127775887,27.679273136949448]]}},{"type":"Feature","properties":{},"geometry":{"type":"LineString","coordinates":[[85.33860685874085,27.679395144424486],[85.33851411728878,27.679464553079693],[85.33822989230686,27.679471264650047]]}},{"type":"Feature","properties":{},"geometry":{"type":"LineString","coordinates":[[85.33929127775887,27.679273136949448],[85.33896150787076,27.679305380569236],[85.33860685874085,27.679395144424486]]}},{"type":"Feature","properties":{},"geometry":{"type":"LineString","coordinates":[[85.33860685874085,27.679395144424486],[85.33854669705856,27.679151915436336],[85.33880735608138,27.679066530087958],[85.33879347853383,27.678918620887764],[85.33889056365861,27.678889943149297]]}},{"type":"Feature","properties":{},"geometry":{"type":"LineString","coordinates":[[85.33827130511473,27.6797128509035],[85.33844306070871,27.679711384199145],[85.33845636956733,27.679795561734572],[85.33887490496049,27.679753225670733],[85.33893964426996,27.679863917857265],[85.33917259313436,27.67983987562449]]}},{"type":"Feature","properties":{},"geometry":{"type":"LineString","coordinates":[[85.33827130511473,27.6797128509035],[85.33832511483392,27.67997690242522]]}},{"type":"Feature","properties":{},"geometry":{"type":"LineString","coordinates":[[85.33827130511473,27.6797128509035],[85.33813620677745,27.679746324958053]]}},{"type":"Feature","properties":{},"geometry":{"type":"LineString","coordinates":[[85.33567621689902,27.67798644867522],[85.33564500518024,27.67814127680671]]}},{"type":"Feature","properties":{},"geometry":{"type":"LineString","coordinates":[[85.33551374420342,27.678709414949108],[85.33542317713265,27.67895700720811]]}},{"type":"Feature","properties":{},"geometry":{"type":"LineString","coordinates":[[85.3355977495825,27.67848641687614],[85.33551374420342,27.678709414949108]]}},{"type":"Feature","properties":{},"geometry":{"type":"LineString","coordinates":[[85.33564500518024,27.67814127680671],[85.33560013921003,27.678474511121692]]}},{"type":"Feature","properties":{},"geometry":{"type":"LineString","coordinates":[[85.33560013921003,27.678474511121692],[85.3355977495825,27.67848641687614]]}},{"type":"Feature","properties":{},"geometry":{"type":"LineString","coordinates":[[85.33564500518024,27.67814127680671],[85.33649002795882,27.678463723203365]]}},{"type":"Feature","properties":{},"geometry":{"type":"LineString","coordinates":[[85.33567621689902,27.67798644867522],[85.3359315158965,27.67807376666964],[85.33640352249101,27.67830350082358]]}},{"type":"Feature","properties":{},"geometry":{"type":"LineString","coordinates":[[85.33477335737938,27.678401788700597],[85.33551374420342,27.678709414949108]]}},{"type":"Feature","properties":{},"geometry":{"type":"LineString","coordinates":[[85.3355977495825,27.67848641687614],[85.33598236081875,27.678713984937602]]}},{"type":"Feature","properties":{},"geometry":{"type":"LineString","coordinates":[[85.33598236081875,27.678713984937602],[85.33637577308866,27.678945204717348],[85.33648652481422,27.67903590576626]]}},{"type":"Feature","properties":{},"geometry":{"type":"LineString","coordinates":[[85.33658266150474,27.678796212891967],[85.33663391341143,27.678615825677582],[85.33674580494426,27.678642466089595],[85.33677346562914,27.678563203795612]]}},{"type":"Feature","properties":{},"geometry":{"type":"LineString","coordinates":[[85.33497944989907,27.67830406921733],[85.33560013921003,27.678474511121692]]}},{"type":"Feature","properties":{},"geometry":{"type":"LineString","coordinates":[[85.33675953623637,27.679269578390088],[85.3370811938503,27.67911298170454]]}},{"type":"Feature","properties":{},"geometry":{"type":"LineString","coordinates":[[85.33648652481422,27.67903590576626],[85.33666982648441,27.679253721806706]]}},{"type":"Feature","properties":{},"geometry":{"type":"LineString","coordinates":[[85.33675953623637,27.679269578390088],[85.3369381208664,27.679339340258746],[85.33721702801112,27.679265023053365],[85.33747736706296,27.679231102758983]]}},{"type":"Feature","properties":{},"geometry":{"type":"LineString","coordinates":[[85.33666982648441,27.679253721806706],[85.33675953623637,27.679269578390088]]}},{"type":"Feature","properties":{},"geometry":{"type":"LineString","coordinates":[[85.33747736706296,27.679231102758983],[85.33749331958974,27.679258286920646]]}},{"type":"Feature","properties":{},"geometry":{"type":"LineString","coordinates":[[85.33758531724804,27.67953372335534],[85.33747175016113,27.679782784738]]}},{"type":"Feature","properties":{},"geometry":{"type":"LineString","coordinates":[[85.33756207071421,27.67940661923952],[85.33758531724804,27.67953372335534]]}},{"type":"Feature","properties":{},"geometry":{"type":"LineString","coordinates":[[85.33749331958974,27.679258286920646],[85.33756207071421,27.67940661923952]]}},{"type":"Feature","properties":{},"geometry":{"type":"LineString","coordinates":[[85.33759635737051,27.6800592136703],[85.337752315677,27.68041849143904]]}},{"type":"Feature","properties":{},"geometry":{"type":"LineString","coordinates":[[85.33747475794713,27.67980703456199],[85.33759635737051,27.6800592136703]]}},{"type":"Feature","properties":{},"geometry":{"type":"LineString","coordinates":[[85.33810520400368,27.680973906855634],[85.3382178165066,27.681188366397432]]}},{"type":"Feature","properties":{},"geometry":{"type":"LineString","coordinates":[[85.33796608757275,27.680773805626075],[85.33810520400368,27.680973906855634]]}},{"type":"Feature","properties":{},"geometry":{"type":"LineString","coordinates":[[85.33790522016848,27.680670443086562],[85.33796608757275,27.680773805626075]]}},{"type":"Feature","properties":{},"geometry":{"type":"LineString","coordinates":[[85.337752315677,27.68041849143904],[85.33790522016848,27.680670443086562]]}},{"type":"Feature","properties":{},"geometry":{"type":"LineString","coordinates":[[85.33823346281699,27.681225292587186],[85.3384306160748,27.68169704740806],[85.33840584116501,27.681772888753862],[85.33843362981719,27.68187804295625],[85.3385084534494,27.681967648100425]]}},{"type":"Feature","properties":{},"geometry":{"type":"LineString","coordinates":[[85.3385084534494,27.681967648100425],[85.33862244389942,27.682092189768724],[85.33857980904965,27.682132857374384]]}},{"type":"Feature","properties":{},"geometry":{"type":"LineString","coordinates":[[85.33749331958974,27.679258286920646],[85.33769810317375,27.679163746314757],[85.337974399412,27.679102312671418]]}},{"type":"Feature","properties":{},"geometry":{"type":"LineString","coordinates":[[85.33756207071421,27.67940661923952],[85.3373427468192,27.6794758155577]]}},{"type":"Feature","properties":{},"geometry":{"type":"LineString","coordinates":[[85.33747175016113,27.679782784738],[85.3373007788679,27.679869412915338]]}},{"type":"Feature","properties":{},"geometry":{"type":"LineString","coordinates":[[85.3373007788679,27.679869412915338],[85.33709733309217,27.67994787820045]]}},{"type":"Feature","properties":{},"geometry":{"type":"LineString","coordinates":[[85.3373007788679,27.679869412915338],[85.33717056715803,27.679666335619505]]}},{"type":"Feature","properties":{},"geometry":{"type":"LineString","coordinates":[[85.33759635737051,27.6800592136703],[85.33795228937566,27.67994906024817],[85.33788968063182,27.67974847533141]]}},{"type":"Feature","properties":{},"geometry":{"type":"LineString","coordinates":[[85.33930733753985,27.68030143123646],[85.33918592715877,27.68028166355964],[85.33896521627429,27.680292316034958]]}},{"type":"Feature","properties":{},"geometry":{"type":"LineString","coordinates":[[85.33896521627429,27.680292316034958],[85.33893660984788,27.680365808243817],[85.33834150397635,27.680523920578864],[85.33790522016848,27.680670443086562]]}},{"type":"Feature","properties":{},"geometry":{"type":"LineString","coordinates":[[85.33796608757275,27.680773805626075],[85.33838101509063,27.680639676034136]]}},{"type":"Feature","properties":{},"geometry":{"type":"LineString","coordinates":[[85.33810520400368,27.680973906855634],[85.3384705792464,27.68083697840726]]}},{"type":"Feature","properties":{},"geometry":{"type":"LineString","coordinates":[[85.3384705792464,27.68083697840726],[85.3387553704321,27.68073587960271]]}},{"type":"Feature","properties":{},"geometry":{"type":"LineString","coordinates":[[85.33828283194043,27.681151706686048],[85.3383618950115,27.681111442795437]]}},{"type":"Feature","properties":{},"geometry":{"type":"LineString","coordinates":[[85.33828283194043,27.681151706686048],[85.33839415311994,27.681311193177745]]}},{"type":"Feature","properties":{},"geometry":{"type":"LineString","coordinates":[[85.33896521627429,27.680292316034958],[85.3387003265189,27.680074250862063]]}},{"type":"Feature","properties":{},"geometry":{"type":"LineString","coordinates":[[85.3387003265189,27.680074250862063],[85.33843831017535,27.680024493715482],[85.33832511483392,27.67997690242522]]}},{"type":"Feature","properties":{},"geometry":{"type":"LineString","coordinates":[[85.33832511483392,27.67997690242522],[85.33796888506986,27.680018484393948],[85.33797766189905,27.680080085241926],[85.33788410468159,27.680175784979863]]}},{"type":"Feature","properties":{},"geometry":{"type":"LineString","coordinates":[[85.3384705792464,27.68083697840726],[85.33853337546628,27.681007398361857],[85.33854611326747,27.681022279039855],[85.33859434431716,27.681010199267593]]}},{"type":"Feature","properties":{},"geometry":{"type":"LineString","coordinates":[[85.337752315677,27.68041849143904],[85.3385387851848,27.68020978938472]]}},{"type":"Feature","properties":{},"geometry":{"type":"LineString","coordinates":[[85.33963267656712,27.679245019423195],[85.33964848422104,27.679623935313128]]}},{"type":"Feature","properties":{},"geometry":{"type":"LineString","coordinates":[[85.33964848422104,27.679623935313128],[85.33964835940301,27.679637013639546]]}},{"type":"Feature","properties":{},"geometry":{"type":"LineString","coordinates":[[85.33964253560863,27.679505123006543],[85.33898241929194,27.67952889084222]]}},{"type":"Feature","properties":{},"geometry":{"type":"LineString","coordinates":[[85.339485265866,27.678762567897884],[85.33978437674303,27.678700572823153]]}},{"type":"Feature","properties":{},"geometry":{"type":"LineString","coordinates":[[85.33925545848945,27.678496345288668],[85.33902798328535,27.678562589157753]]}},{"type":"Feature","properties":{},"geometry":{"type":"LineString","coordinates":[[85.33964449960631,27.67968327203713],[85.33963540254553,27.679817591286824],[85.33958644077187,27.679946187002386]]}},{"type":"Feature","properties":{},"geometry":{"type":"LineString","coordinates":[[85.33964835940301,27.679637013639546],[85.33973393094546,27.67964298628053]]}},{"type":"Feature","properties":{},"geometry":{"type":"LineString","coordinates":[[85.33964835940301,27.679637013639546],[85.33904863330203,27.679644636016683]]}},{"type":"Feature","properties":{},"geometry":{"type":"LineString","coordinates":[[85.33974404872475,27.679648099588146],[85.33972788712813,27.67969080338857],[85.33980483722746,27.679737858021788],[85.33996077745162,27.679927836611295]]}},{"type":"Feature","properties":{},"geometry":{"type":"LineString","coordinates":[[85.33983423337118,27.679688720580618],[85.34004036933186,27.679594517604073],[85.34022466996394,27.679560330685316]]}},{"type":"Feature","properties":{},"geometry":{"type":"LineString","coordinates":[[85.33928493049297,27.680408327387163],[85.3390959295776,27.680444621860836]]}},{"type":"Feature","properties":{},"geometry":{"type":"LineString","coordinates":[[85.33937595334305,27.680501064114058],[85.33963289361688,27.680396752181725]]}},{"type":"Feature","properties":{},"geometry":{"type":"LineString","coordinates":[[85.3456888571267,27.678268120309255],[85.34587828872952,27.678724725907653]]}},{"type":"Feature","properties":{},"geometry":{"type":"LineString","coordinates":[[85.33598236081875,27.678713984937602],[85.33584851032911,27.678873041373205]]}},{"type":"Feature","properties":{},"geometry":{"type":"LineString","coordinates":[[85.33659596836203,27.678961581592134],[85.33658266150474,27.678796212891967]]}},{"type":"Feature","properties":{},"geometry":{"type":"LineString","coordinates":[[85.33659596836203,27.678961581592134],[85.33681518018471,27.67889191215123]]}},{"type":"Feature","properties":{},"geometry":{"type":"LineString","coordinates":[[85.33677290035689,27.67880373398196],[85.33658266150474,27.678796212891967]]}},{"type":"Feature","properties":{},"geometry":{"type":"LineString","coordinates":[[85.33681518018471,27.67889191215123],[85.33677290035689,27.67880373398196]]}},{"type":"Feature","properties":{},"geometry":{"type":"LineString","coordinates":[[85.33648652481422,27.67903590576626],[85.33659596836203,27.678961581592134]]}},{"type":"Feature","properties":{},"geometry":{"type":"LineString","coordinates":[[85.33822989230686,27.679471264650047],[85.33827130511473,27.6797128509035]]}},{"type":"Feature","properties":{},"geometry":{"type":"LineString","coordinates":[[85.3387003265189,27.680074250862063],[85.33882417007786,27.68000596785048]]}},{"type":"Feature","properties":{},"geometry":{"type":"LineString","coordinates":[[85.3380216833642,27.678557083744668],[85.33806573349833,27.67875975919389]]}},{"type":"Feature","properties":{},"geometry":{"type":"LineString","coordinates":[[85.33806573349833,27.67875975919389],[85.33808629821235,27.67888932302555]]}},{"type":"Feature","properties":{},"geometry":{"type":"LineString","coordinates":[[85.33929127775887,27.679273136949448],[85.33926683681526,27.679140952694766]]}},{"type":"Feature","properties":{},"geometry":{"type":"LineString","coordinates":[[85.33926683681526,27.679140952694766],[85.33916994119461,27.678850118692317]]}},{"type":"Feature","properties":{},"geometry":{"type":"LineString","coordinates":[[85.3403503594814,27.67671558607502],[85.34035717512788,27.676821827183037],[85.34043424947814,27.676873630357957]]}},{"type":"Feature","properties":{},"geometry":{"type":"LineString","coordinates":[[85.33931015992273,27.68030619897494],[85.33928493049297,27.680408327387163]]}},{"type":"Feature","properties":{},"geometry":{"type":"LineString","coordinates":[[85.33928493049297,27.680408327387163],[85.33938749333203,27.680652424577893]]}},{"type":"Feature","properties":{},"geometry":{"type":"LineString","coordinates":[[85.33938749333203,27.680652424577893],[85.33944183754639,27.680726199283367],[85.33956054942918,27.68082238528338]]}},{"type":"Feature","properties":{},"geometry":{"type":"LineString","coordinates":[[85.33956054942918,27.68082238528338],[85.33980528600937,27.680925381634413],[85.34003453691884,27.680965535728237],[85.3402145518843,27.68102853156047],[85.34041155292178,27.681136263647165],[85.34068036361722,27.68137803856504]]}},{"type":"Feature","properties":{},"geometry":{"type":"LineString","coordinates":[[85.33922872650672,27.6764498887214],[85.33924162495802,27.676475100095654],[85.33939281200868,27.67643231197401]]}},{"type":"Feature","properties":{},"geometry":{"type":"LineString","coordinates":[[85.338700198935,27.68172126741679],[85.338810131504,27.681657795220154]]}},{"type":"Feature","properties":{},"geometry":{"type":"LineString","coordinates":[[85.33780443198917,27.68131786397724],[85.3382178165066,27.681188366397432]]}},{"type":"Feature","properties":{},"geometry":{"type":"LineString","coordinates":[[85.34018500962421,27.678360849129987],[85.34011449172881,27.678562031096718],[85.34011355051543,27.67887953683542]]}},{"type":"Feature","properties":{},"geometry":{"type":"LineString","coordinates":[[85.34036216691788,27.67927588007561],[85.34036694276759,27.679607637960693]]}},{"type":"Feature","properties":{},"geometry":{"type":"LineString","coordinates":[[85.34065898418439,27.679245696899297],[85.34055961256831,27.678897954172353]]}},{"type":"Feature","properties":{},"geometry":{"type":"LineString","coordinates":[[85.34067218849813,27.67924561771184],[85.34062203652707,27.679740167576703],[85.34042657482172,27.679737240909507]]}},{"type":"Feature","properties":{},"geometry":{"type":"LineString","coordinates":[[85.34085718976847,27.67922908417159],[85.34093165783946,27.67948136481967],[85.34092342071453,27.679598738207076],[85.34085452931946,27.67978919510088],[85.34084599590449,27.679934749010577]]}},{"type":"Feature","properties":{},"geometry":{"type":"LineString","coordinates":[[85.34011355051543,27.67887953683542],[85.34027479506572,27.67891967599463]]}},{"type":"Feature","properties":{},"geometry":{"type":"LineString","coordinates":[[85.33999939571852,27.67924083158498],[85.33984645829207,27.67920825759469],[85.33962326608582,27.67920139084323]]}},{"type":"Feature","properties":{},"geometry":{"type":"LineString","coordinates":[[85.33962326608582,27.67920139084323],[85.33961788753444,27.679201939203608]]}},{"type":"Feature","properties":{},"geometry":{"type":"LineString","coordinates":[[85.3422499338316,27.673884581581216],[85.34170386703951,27.674211711737353],[85.34147719078904,27.67437279658924]]}},{"type":"Feature","properties":{},"geometry":{"type":"LineString","coordinates":[[85.34147719078904,27.67437279658924],[85.3412505371842,27.67456058974533],[85.3410103597088,27.674718603176803]]}},{"type":"Feature","properties":{},"geometry":{"type":"LineString","coordinates":[[85.34131488172964,27.679209683275964],[85.34136836759019,27.67939023279456],[85.34137592344368,27.679500559556846],[85.34132988003115,27.680146642900294],[85.34133910796307,27.680223604165683],[85.34138787901584,27.680263575702607]]}},{"type":"Feature","properties":{},"geometry":{"type":"LineString","coordinates":[[85.34088148538038,27.68053635875098],[85.34125404578845,27.680550879064594],[85.34145752593187,27.680526532448535]]}},{"type":"Feature","properties":{},"geometry":{"type":"LineString","coordinates":[[85.34067059805105,27.68051630213835],[85.34064132082682,27.68026657638506],[85.34077020128483,27.68020452812826],[85.3407522834768,27.680146391120168]]}},{"type":"Feature","properties":{},"geometry":{"type":"LineString","coordinates":[[85.34139047070839,27.680273283933186],[85.34180445584485,27.68017243597228]]}},{"type":"Feature","properties":{},"geometry":{"type":"LineString","coordinates":[[85.34008225003375,27.679993894575485],[85.33988819829756,27.68018241859162],[85.3398402103778,27.680320033562886]]}},{"type":"Feature","properties":{},"geometry":{"type":"LineString","coordinates":[[85.33975947957828,27.679657933762257],[85.33983917465484,27.679685780616833],[85.3403210889283,27.68027847019072],[85.34045473112813,27.680401872175786],[85.34064957045118,27.68050298935295],[85.34088286121938,27.680529043778016]]}},{"type":"Feature","properties":{},"geometry":{"type":"LineString","coordinates":[[85.33936650256231,27.68066195118505],[85.33897318316738,27.680771420669075],[85.33891957761124,27.680813398220366],[85.33903474680112,27.68093537508332],[85.33887050896695,27.681095885978877]]}},{"type":"Feature","properties":{},"geometry":{"type":"LineString","coordinates":[[85.33887050896695,27.681095885978877],[85.3387523289793,27.681222085227347],[85.33884528706129,27.681330389301877]]}},{"type":"Feature","properties":{},"geometry":{"type":"LineString","coordinates":[[85.33884528706129,27.681330389301877],[85.33901880812161,27.681518073394624],[85.33918173513592,27.68178789717296],[85.33932058624032,27.681866314415494],[85.33964707537184,27.682189194146513]]}},{"type":"Feature","properties":{},"geometry":{"type":"LineString","coordinates":[[85.33949815801712,27.68223938515014],[85.33940067401221,27.682158469382237],[85.33909789675923,27.681981315554687]]}},{"type":"Feature","properties":{},"geometry":{"type":"LineString","coordinates":[[85.34049263382333,27.68148454090832],[85.34015448058864,27.68138929474235]]}},{"type":"Feature","properties":{},"geometry":{"type":"LineString","coordinates":[[85.34015448058864,27.68138929474235],[85.34002740915307,27.681362981384314],[85.34000133303456,27.681315443594055],[85.33971122654953,27.681311054739066]]}},{"type":"Feature","properties":{},"geometry":{"type":"LineString","coordinates":[[85.34015448058864,27.68138929474235],[85.34009807553737,27.68159273600235]]}},{"type":"Feature","properties":{},"geometry":{"type":"LineString","coordinates":[[85.33963789276726,27.681835653687173],[85.33979486201089,27.68174494497849],[85.33985468406864,27.681677735787055],[85.33984675899464,27.681575162047732]]}},{"type":"Feature","properties":{},"geometry":{"type":"LineString","coordinates":[[85.33949414211675,27.681586568156074],[85.33930080718324,27.68167940826047],[85.33922340455197,27.681550422135444],[85.33915164722454,27.68157675203798],[85.33910091223197,27.681493992249486]]}},{"type":"Feature","properties":{},"geometry":{"type":"LineString","coordinates":[[85.3395451858186,27.680834637399354],[85.33931100399303,27.68098627668012],[85.33947021540801,27.681201337318353],[85.33932890229767,27.6813057347109],[85.33944915492724,27.68143327056398],[85.33949414211675,27.681586568156074]]}},{"type":"Feature","properties":{},"geometry":{"type":"LineString","coordinates":[[85.33949414211675,27.681586568156074],[85.33963789276726,27.681835653687173]]}},{"type":"Feature","properties":{},"geometry":{"type":"LineString","coordinates":[[85.33963789276726,27.681835653687173],[85.33993970870189,27.682051601061822]]}},{"type":"Feature","properties":{},"geometry":{"type":"LineString","coordinates":[[85.34068036361722,27.68137803856504],[85.34049263382333,27.68148454090832]]}},{"type":"Feature","properties":{},"geometry":{"type":"LineString","coordinates":[[85.34049263382333,27.68148454090832],[85.34032841542073,27.681789549182366],[85.33993970870189,27.682051601061822]]}},{"type":"Feature","properties":{},"geometry":{"type":"LineString","coordinates":[[85.33964707537184,27.682189194146513],[85.33949815801712,27.68223938515014]]}},{"type":"Feature","properties":{},"geometry":{"type":"LineString","coordinates":[[85.33949815801712,27.68223938515014],[85.33919786059687,27.682407954889502]]}},{"type":"Feature","properties":{},"geometry":{"type":"LineString","coordinates":[[85.33993970870189,27.682051601061822],[85.33964707537184,27.682189194146513]]}},{"type":"Feature","properties":{},"geometry":{"type":"LineString","coordinates":[[85.34032462190397,27.68101882944879],[85.3403733362405,27.68087808032124],[85.3403258072174,27.68086171519387]]}},{"type":"Feature","properties":{},"geometry":{"type":"LineString","coordinates":[[85.34225387006437,27.680318624998105],[85.34219506799018,27.68032213614052]]}},{"type":"Feature","properties":{},"geometry":{"type":"LineString","coordinates":[[85.34219506799018,27.68032213614052],[85.34200160363432,27.680418467907025],[85.341932931516,27.68037776284231],[85.34151883278084,27.68050608087284]]}},{"type":"Feature","properties":{},"geometry":{"type":"LineString","coordinates":[[85.34211422708803,27.679784661687407],[85.34262865837563,27.679757957952976]]}},{"type":"Feature","properties":{},"geometry":{"type":"LineString","coordinates":[[85.33887050896695,27.681095885978877],[85.33897981511029,27.681162601375735],[85.33900554673401,27.681157967571984],[85.33909171958466,27.681238582784502]]}},{"type":"Feature","properties":{},"geometry":{"type":"LineString","coordinates":[[85.33876459506808,27.68181248928235],[85.33888517430711,27.68196311777081]]}},{"type":"Feature","properties":{},"geometry":{"type":"LineString","coordinates":[[85.33884528706129,27.681330389301877],[85.33865088148711,27.681475274082118],[85.33871086006876,27.68157734944642],[85.33863386152403,27.68163773907602],[85.338700198935,27.68172126741679]]}},{"type":"Feature","properties":{},"geometry":{"type":"LineString","coordinates":[[85.338700198935,27.68172126741679],[85.33876459506808,27.68181248928235]]}},{"type":"Feature","properties":{},"geometry":{"type":"LineString","coordinates":[[85.33876459506808,27.68181248928235],[85.3385084534494,27.681967648100425]]}},{"type":"Feature","properties":{},"geometry":{"type":"LineString","coordinates":[[85.33435713130302,27.678635305580514],[85.33434638897081,27.678679663260173],[85.3345877345893,27.67880283595626],[85.33487771218374,27.67889451342319],[85.3350631938255,27.67894082468024],[85.33542317713265,27.67895700720811]]}},{"type":"Feature","properties":{},"geometry":{"type":"LineString","coordinates":[[85.33542317713265,27.67895700720811],[85.33615970138258,27.67908138606557]]}},{"type":"Feature","properties":{},"geometry":{"type":"LineString","coordinates":[[85.33656720766996,27.67924361915755],[85.33694499008506,27.67968969943089],[85.33709733309217,27.67994787820045]]}},{"type":"Feature","properties":{},"geometry":{"type":"LineString","coordinates":[[85.3372282133972,27.68037601993981],[85.33740796753399,27.68073196899633],[85.33780443198917,27.68131786397724]]}},{"type":"Feature","properties":{},"geometry":{"type":"LineString","coordinates":[[85.33780443198917,27.68131786397724],[85.33810112597786,27.68180185291559],[85.338183220004,27.681891098699637],[85.33857980904965,27.682132857374384]]}},{"type":"Feature","properties":{},"geometry":{"type":"LineString","coordinates":[[85.33857980904965,27.682132857374384],[85.33918861737484,27.68241471339154]]}},{"type":"Feature","properties":{},"geometry":{"type":"LineString","coordinates":[[85.33918861737484,27.68241471339154],[85.33949891117152,27.682598134251883],[85.33971694821243,27.6826454489694],[85.33997290862065,27.682549867883036],[85.34004747368655,27.682487813820696],[85.340232668698,27.682119178145303],[85.34049333631786,27.681847736423357],[85.34056791341999,27.681779335429997],[85.34093148203435,27.681601414585202]]}},{"type":"Feature","properties":{},"geometry":{"type":"LineString","coordinates":[[85.34068036361722,27.68137803856504],[85.3407293176122,27.681445494418334],[85.34093148203435,27.681601414585202]]}},{"type":"Feature","properties":{},"geometry":{"type":"LineString","coordinates":[[85.33946624349953,27.680674749336763],[85.33976785721333,27.680607964843755]]}},{"type":"Feature","properties":{},"geometry":{"type":"LineString","coordinates":[[85.33996077745162,27.679927836611295],[85.33988877222247,27.6800032882181]]}},{"type":"Feature","properties":{},"geometry":{"type":"LineString","coordinates":[[85.3401421524774,27.68005049231875],[85.34039303449254,27.679930277304205],[85.3403818483294,27.679914283578096]]}},{"type":"Feature","properties":{},"geometry":{"type":"LineString","coordinates":[[85.33958644077187,27.679946187002386],[85.3392682080181,27.67993168098092]]}},{"type":"Feature","properties":{},"geometry":{"type":"LineString","coordinates":[[85.34344250980112,27.675070515637007],[85.34343937143659,27.675091726085572],[85.34284100718556,27.67510544896846]]}},{"type":"Feature","properties":{},"geometry":{"type":"LineString","coordinates":[[85.34245352638403,27.67553468522966],[85.34247001175983,27.67563709062855]]}},{"type":"Feature","properties":{},"geometry":{"type":"LineString","coordinates":[[85.34247001175983,27.67563709062855],[85.34249412548462,27.67577995592039]]}},{"type":"Feature","properties":{},"geometry":{"type":"LineString","coordinates":[[85.34284100718556,27.67510544896846],[85.3425963523975,27.67512037002742],[85.3423851013881,27.675162261617647]]}},{"type":"Feature","properties":{},"geometry":{"type":"LineString","coordinates":[[85.33903469827177,27.67563215805953],[85.33863970238048,27.675799409451862]]}},{"type":"Feature","properties":{},"geometry":{"type":"LineString","coordinates":[[85.33927149067023,27.6755483879311],[85.33903469827177,27.67563215805953]]}},{"type":"Feature","properties":{},"geometry":{"type":"LineString","coordinates":[[85.33982740266691,27.675353827725974],[85.33948451101554,27.675492317051596],[85.3392888457534,27.675545243906445]]}},{"type":"Feature","properties":{},"geometry":{"type":"LineString","coordinates":[[85.3356800623769,27.677849555798154],[85.33514290657796,27.67823250923194],[85.33497944989907,27.67830406921733]]}},{"type":"Feature","properties":{},"geometry":{"type":"LineString","coordinates":[[85.33719449758769,27.676756496564522],[85.33629947127915,27.677297741850786]]}},{"type":"Feature","properties":{},"geometry":{"type":"LineString","coordinates":[[85.33629947127915,27.677297741850786],[85.33589220455316,27.677641012580118]]}},{"type":"Feature","properties":{},"geometry":{"type":"LineString","coordinates":[[85.33574801528445,27.677782757436123],[85.3356800623769,27.677849555798154]]}},{"type":"Feature","properties":{},"geometry":{"type":"LineString","coordinates":[[85.33497944989907,27.67830406921733],[85.33483735585287,27.67837144435088]]}},{"type":"Feature","properties":{},"geometry":{"type":"LineString","coordinates":[[85.33477335737938,27.678401788700597],[85.33442516803649,27.67857616438267]]}},{"type":"Feature","properties":{},"geometry":{"type":"LineString","coordinates":[[85.34402791850918,27.67550210730533],[85.34430711754158,27.6757078664173],[85.34495203511963,27.676102474866802]]}},{"type":"Feature","properties":{},"geometry":{"type":"LineString","coordinates":[[85.34495203511963,27.676102474866802],[85.34549290269734,27.6764538670055]]}},{"type":"Feature","properties":{},"geometry":{"type":"LineString","coordinates":[[85.34292862842189,27.67791215180154],[85.34299662916457,27.678241687819003],[85.34301684105151,27.678578983623463],[85.34304807210184,27.67870498124438]]}},{"type":"Feature","properties":{},"geometry":{"type":"LineString","coordinates":[[85.34304807210184,27.67870498124438],[85.34310287475196,27.678851597209583]]}},{"type":"Feature","properties":{},"geometry":{"type":"LineString","coordinates":[[85.34344250980112,27.675070515637007],[85.34250015656544,27.675095526049706],[85.34233790849736,27.675145595293852]]}},{"type":"Feature","properties":{},"geometry":{"type":"LineString","coordinates":[[85.34241203450118,27.675503609244064],[85.34251545569506,27.676105052742642]]}},{"type":"Feature","properties":{},"geometry":{"type":"LineString","coordinates":[[85.34251545569506,27.676105052742642],[85.34256198741608,27.67617877339661],[85.34262305203302,27.67638190760196]]}},{"type":"Feature","properties":{},"geometry":{"type":"LineString","coordinates":[[85.34262305203302,27.67638190760196],[85.34265160264448,27.676664650803968]]}},{"type":"Feature","properties":{},"geometry":{"type":"LineString","coordinates":[[85.34265160264448,27.676664650803968],[85.3426793311577,27.67686593210634]]}},{"type":"Feature","properties":{},"geometry":{"type":"LineString","coordinates":[[85.34269218674956,27.676959585283925],[85.34271608229822,27.677110891329598]]}},{"type":"Feature","properties":{},"geometry":{"type":"LineString","coordinates":[[85.34271608229822,27.677110891329598],[85.3428054615456,27.677586356624182],[85.34292862842189,27.67791215180154]]}},{"type":"Feature","properties":{},"geometry":{"type":"LineString","coordinates":[[85.34402970179492,27.67559627517641],[85.3440520072779,27.675779311282568]]}},{"type":"Feature","properties":{},"geometry":{"type":"LineString","coordinates":[[85.3440520072779,27.675779311282568],[85.34416542501405,27.676263031965565],[85.34418746917369,27.676447887182515],[85.34417591558814,27.676739030148802]]}},{"type":"Feature","properties":{},"geometry":{"type":"LineString","coordinates":[[85.34417591558814,27.676739030148802],[85.34427934405164,27.677162954299764]]}},{"type":"Feature","properties":{},"geometry":{"type":"LineString","coordinates":[[85.34427934405164,27.677162954299764],[85.34414752867879,27.67718315190517],[85.34416907919183,27.677369753970407]]}},{"type":"Feature","properties":{},"geometry":{"type":"LineString","coordinates":[[85.34419291288442,27.677671767902464],[85.34421564571525,27.67782643630885],[85.34420627433218,27.67798591966909]]}},{"type":"Feature","properties":{},"geometry":{"type":"LineString","coordinates":[[85.34461693022062,27.677141117299325],[85.34430263082113,27.677163189323213]]}},{"type":"Feature","properties":{},"geometry":{"type":"LineString","coordinates":[[85.34555764963756,27.677023605685218],[85.34559093292195,27.67723156413816]]}},{"type":"Feature","properties":{},"geometry":{"type":"LineString","coordinates":[[85.34559093292195,27.67723156413816],[85.34560609828752,27.677360347838523],[85.34571105468052,27.677670492295366]]}},{"type":"Feature","properties":{},"geometry":{"type":"LineString","coordinates":[[85.34018707670704,27.678354686885317],[85.34065660213025,27.67843028027106],[85.34089325980311,27.67843296891701]]}},{"type":"Feature","properties":{},"geometry":{"type":"LineString","coordinates":[[85.33948407570415,27.677851087895704],[85.33947672179063,27.677934782099953],[85.33963215373998,27.678143490146446],[85.33970696917544,27.6782037831664],[85.34018707670704,27.678354686885317]]}},{"type":"Feature","properties":{},"geometry":{"type":"LineString","coordinates":[[85.3394344515977,27.677526539880795],[85.33948407570415,27.677851087895704]]}},{"type":"Feature","properties":{},"geometry":{"type":"LineString","coordinates":[[85.3392854059807,27.677065828230848],[85.33935543121025,27.677297434797648]]}},{"type":"Feature","properties":{},"geometry":{"type":"LineString","coordinates":[[85.33899644220841,27.676613688149477],[85.3392854059807,27.677065828230848]]}},{"type":"Feature","properties":{},"geometry":{"type":"LineString","coordinates":[[85.34131488172964,27.679209683275964],[85.34109499366616,27.679184886785045],[85.34085718976847,27.67922908417159]]}},{"type":"Feature","properties":{},"geometry":{"type":"LineString","coordinates":[[85.34085718976847,27.67922908417159],[85.34067218849813,27.67924561771184]]}},{"type":"Feature","properties":{},"geometry":{"type":"LineString","coordinates":[[85.34067218849813,27.67924561771184],[85.34065898418439,27.679245696899297]]}},{"type":"Feature","properties":{},"geometry":{"type":"LineString","coordinates":[[85.34065898418439,27.679245696899297],[85.34050130956021,27.679285575433784],[85.34036216691788,27.67927588007561]]}},{"type":"Feature","properties":{},"geometry":{"type":"LineString","coordinates":[[85.34036216691788,27.67927588007561],[85.34013351931348,27.679270205131782],[85.33999939571852,27.67924083158498]]}},{"type":"Feature","properties":{},"geometry":{"type":"LineString","coordinates":[[85.33734954412876,27.676827588112303],[85.33756021478888,27.6769581105936],[85.33794384883873,27.677136860355947]]}},{"type":"Feature","properties":{},"geometry":{"type":"LineString","coordinates":[[85.33961788753444,27.679201939203608],[85.33963267656712,27.679245019423195]]}},{"type":"Feature","properties":{},"geometry":{"type":"LineString","coordinates":[[85.34008225003375,27.679993894575485],[85.3401421524774,27.68005049231875]]}},{"type":"Feature","properties":{},"geometry":{"type":"LineString","coordinates":[[85.3401421524774,27.68005049231875],[85.3403163081199,27.680278976098577],[85.34041217628872,27.68036967539939],[85.34067059805105,27.68051630213835]]}},{"type":"Feature","properties":{},"geometry":{"type":"LineString","coordinates":[[85.34139047070839,27.680273283933186],[85.34145139391296,27.68050078584239]]}},{"type":"Feature","properties":{},"geometry":{"type":"LineString","coordinates":[[85.34145139391296,27.68050078584239],[85.34145752593187,27.680526532448535]]}},{"type":"Feature","properties":{},"geometry":{"type":"LineString","coordinates":[[85.34849008506811,27.680440386625765],[85.34842816586709,27.680332012988423],[85.34820234291784,27.680347143784587],[85.34811558095195,27.68009809276656]]}},{"type":"Feature","properties":{},"geometry":{"type":"LineString","coordinates":[[85.34816095374745,27.67989197092412],[85.34814610257115,27.67971528076021]]}},{"type":"Feature","properties":{},"geometry":{"type":"LineString","coordinates":[[85.34811558095195,27.68009809276656],[85.34818804148358,27.680080419310062],[85.34816095374745,27.67989197092412]]}},{"type":"Feature","properties":{},"geometry":{"type":"LineString","coordinates":[[85.34811558095195,27.68009809276656],[85.34809143090207,27.680115902816155],[85.34772817789536,27.680151663426397]]}},{"type":"Feature","properties":{},"geometry":{"type":"LineString","coordinates":[[85.34816095374745,27.67989197092412],[85.34790841030353,27.679912735867685]]}},{"type":"Feature","properties":{},"geometry":{"type":"LineString","coordinates":[[85.3478040831808,27.68070763765618],[85.3478792316707,27.68115321380402]]}},{"type":"Feature","properties":{},"geometry":{"type":"LineString","coordinates":[[85.34768713179137,27.681873841193212],[85.34769909146898,27.681752864392596],[85.34763598054012,27.68159994406428]]}},{"type":"Feature","properties":{},"geometry":{"type":"LineString","coordinates":[[85.34752749739756,27.68181569479127],[85.34768713179137,27.681873841193212]]}},{"type":"Feature","properties":{},"geometry":{"type":"LineString","coordinates":[[85.34730074837228,27.681116688622776],[85.34681343228517,27.6812173962456]]}},{"type":"Feature","properties":{},"geometry":{"type":"LineString","coordinates":[[85.34681343228517,27.6812173962456],[85.34669421519085,27.681251685578438]]}},{"type":"Feature","properties":{},"geometry":{"type":"LineString","coordinates":[[85.34681343228517,27.6812173962456],[85.3468457660656,27.681335265230853]]}},{"type":"Feature","properties":{},"geometry":{"type":"LineString","coordinates":[[85.34740012848387,27.681557191101856],[85.34709584710659,27.681633571775865]]}},{"type":"Feature","properties":{},"geometry":{"type":"LineString","coordinates":[[85.34760156626426,27.677906049227243],[85.3477027019283,27.678237727806565]]}},{"type":"Feature","properties":{},"geometry":{"type":"LineString","coordinates":[[85.3488115191198,27.680506312110413],[85.34880926540876,27.680622031856952],[85.34873626682361,27.68088067379178]]}},{"type":"Feature","properties":{},"geometry":{"type":"LineString","coordinates":[[85.34873626682361,27.68088067379178],[85.34873082802856,27.68104272531918],[85.34864821184154,27.681352226218806],[85.3486348673979,27.681514239428715],[85.34829424700267,27.681567597602513],[85.34817560920496,27.681615202416804],[85.34806446692859,27.68169809442915]]}},{"type":"Feature","properties":{},"geometry":{"type":"LineString","coordinates":[[85.34807790324591,27.681605755262712],[85.34806446692859,27.68169809442915]]}},{"type":"Feature","properties":{},"geometry":{"type":"LineString","coordinates":[[85.34873626682361,27.68088067379178],[85.34844951334411,27.680908821765836]]}},{"type":"Feature","properties":{},"geometry":{"type":"LineString","coordinates":[[85.34807790324591,27.681605755262712],[85.34794795081584,27.681589291427446]]}},{"type":"Feature","properties":{},"geometry":{"type":"LineString","coordinates":[[85.34929386973882,27.682168697667407],[85.34922208652064,27.682601945793074],[85.34873723778654,27.68281150888244],[85.34847626782471,27.6828871669546],[85.34819807576453,27.68303721361697],[85.3480849168909,27.68313044920051]]}},{"type":"Feature","properties":{},"geometry":{"type":"LineString","coordinates":[[85.34929930808472,27.681796494754558],[85.34892636269748,27.68180998956584],[85.348934679468,27.681985090870246]]}},{"type":"Feature","properties":{},"geometry":{"type":"LineString","coordinates":[[85.34922564157515,27.68244579077521],[85.34920162414201,27.68259686058744],[85.34846799931505,27.682876414579304]]}},{"type":"Feature","properties":{},"geometry":{"type":"LineString","coordinates":[[85.34846799931505,27.682876414579304],[85.34808430948107,27.683060869292035]]}},{"type":"Feature","properties":{},"geometry":{"type":"LineString","coordinates":[[85.34808430948107,27.683060869292035],[85.34800215336807,27.683114781048904]]}},{"type":"Feature","properties":{},"geometry":{"type":"LineString","coordinates":[[85.34808430948107,27.683060869292035],[85.34787825490011,27.682665361673905],[85.34764839410573,27.682337279550385]]}},{"type":"Feature","properties":{},"geometry":{"type":"LineString","coordinates":[[85.34764839410573,27.682337279550385],[85.34752155492185,27.682135592795554]]}},{"type":"Feature","properties":{},"geometry":{"type":"LineString","coordinates":[[85.34929386973882,27.682168697667407],[85.34869179903228,27.682176448103988],[85.34850444695046,27.681930625022925]]}},{"type":"Feature","properties":{},"geometry":{"type":"LineString","coordinates":[[85.34862004728005,27.68412435043532],[85.34833071510226,27.68374860200855],[85.34829918745703,27.683746055368086],[85.34812262057358,27.683869238805308]]}},{"type":"Feature","properties":{},"geometry":{"type":"LineString","coordinates":[[85.34896526029985,27.683494604313882],[85.34894294777591,27.683529801580008]]}},{"type":"Feature","properties":{},"geometry":{"type":"LineString","coordinates":[[85.34894294777591,27.683529801580008],[85.3488116564946,27.683833931386616],[85.34862004728005,27.68412435043532]]}},{"type":"Feature","properties":{},"geometry":{"type":"LineString","coordinates":[[85.34894294777591,27.683529801580008],[85.34879330559066,27.68342201862861],[85.34809529040058,27.683183356235695],[85.34798277740823,27.68317021239486],[85.34766710235955,27.68322535741054]]}},{"type":"Feature","properties":{},"geometry":{"type":"LineString","coordinates":[[85.34896526029985,27.683494604313882],[85.3487788117303,27.6833734669883],[85.3480849168909,27.68313044920051]]}},{"type":"Feature","properties":{},"geometry":{"type":"LineString","coordinates":[[85.3480849168909,27.68313044920051],[85.34800215336807,27.683114781048904]]}},{"type":"Feature","properties":{},"geometry":{"type":"LineString","coordinates":[[85.34800215336807,27.683114781048904],[85.34761799973829,27.683133493360394],[85.34731652617506,27.682920098851636],[85.34717472057255,27.68290199727004]]}},{"type":"Feature","properties":{},"geometry":{"type":"LineString","coordinates":[[85.34717472057255,27.68290199727004],[85.34705309557673,27.682594910437768],[85.34709226458165,27.682562701750104]]}},{"type":"Feature","properties":{},"geometry":{"type":"LineString","coordinates":[[85.34766710235955,27.68322535741054],[85.34763691325269,27.683245973553475]]}},{"type":"Feature","properties":{},"geometry":{"type":"LineString","coordinates":[[85.34763691325269,27.683245973553475],[85.34733209181515,27.68340477770391]]}},{"type":"Feature","properties":{},"geometry":{"type":"LineString","coordinates":[[85.34799393870274,27.68197747358],[85.34811262972939,27.682080836608762]]}},{"type":"Feature","properties":{},"geometry":{"type":"LineString","coordinates":[[85.34768713179137,27.681873841193212],[85.34799393870274,27.68197747358]]}},{"type":"Feature","properties":{},"geometry":{"type":"LineString","coordinates":[[85.34811262972939,27.682080836608762],[85.34846799931505,27.682876414579304]]}},{"type":"Feature","properties":{},"geometry":{"type":"LineString","coordinates":[[85.34811262972939,27.682080836608762],[85.34826535353939,27.681952818032006]]}},{"type":"Feature","properties":{},"geometry":{"type":"LineString","coordinates":[[85.34764839410573,27.682337279550385],[85.34750418366346,27.68240561995702],[85.3473631218888,27.682510537772366]]}},{"type":"Feature","properties":{},"geometry":{"type":"LineString","coordinates":[[85.34763691325269,27.683245973553475],[85.34789542450942,27.683466372315465],[85.34784641435662,27.68356265995485],[85.34774633579246,27.683658915076023]]}},{"type":"Feature","properties":{},"geometry":{"type":"LineString","coordinates":[[85.34922564157515,27.68244579077521],[85.3492647434583,27.68244907821159]]}},{"type":"Feature","properties":{},"geometry":{"type":"LineString","coordinates":[[85.34926085372072,27.68228880634516],[85.34930843960883,27.68229451626057],[85.34919901607908,27.68290272676393],[85.34896526029985,27.683494604313882]]}},{"type":"Feature","properties":{},"geometry":{"type":"LineString","coordinates":[[85.34902700708044,27.67890018286125],[85.3491181282436,27.679548768887187]]}},{"type":"Feature","properties":{},"geometry":{"type":"LineString","coordinates":[[85.3491181282436,27.679548768887187],[85.34915725862231,27.679726855812234]]}},{"type":"Feature","properties":{},"geometry":{"type":"LineString","coordinates":[[85.34915725862231,27.679726855812234],[85.34916944017357,27.679873397574074]]}},{"type":"Feature","properties":{},"geometry":{"type":"LineString","coordinates":[[85.34916944017357,27.679873397574074],[85.34923185494775,27.680226543082355],[85.34931921545144,27.680436709426434]]}},{"type":"Feature","properties":{},"geometry":{"type":"LineString","coordinates":[[85.3491181282436,27.679548768887187],[85.34845372093663,27.6796510027367]]}},{"type":"Feature","properties":{},"geometry":{"type":"LineString","coordinates":[[85.34916944017357,27.679873397574074],[85.34846243104482,27.679972488176123]]}},{"type":"Feature","properties":{},"geometry":{"type":"LineString","coordinates":[[85.34915725862231,27.679726855812234],[85.34899754326942,27.679746299424576]]}},{"type":"Feature","properties":{},"geometry":{"type":"LineString","coordinates":[[85.34935108137483,27.678881337768907],[85.34941606297153,27.679086238107043],[85.34938596627394,27.679669809636415],[85.3494046352927,27.680423263920563],[85.34931943489536,27.681301599987314],[85.34929930808472,27.681796494754558]]}},{"type":"Feature","properties":{},"geometry":{"type":"LineString","coordinates":[[85.34257243264302,27.678960067822256],[85.34262536041483,27.679041465421427],[85.34259582387163,27.679355363777276],[85.34262865837563,27.679757957952976]]}},{"type":"Feature","properties":{},"geometry":{"type":"LineString","coordinates":[[85.34264427418223,27.679804916133058],[85.34301647654895,27.679710167581234]]}},{"type":"Feature","properties":{},"geometry":{"type":"LineString","coordinates":[[85.34333027281662,27.679646756561503],[85.3435733512201,27.679638743696625]]}},{"type":"Feature","properties":{},"geometry":{"type":"LineString","coordinates":[[85.34301647654895,27.679710167581234],[85.34333027281662,27.679646756561503]]}},{"type":"Feature","properties":{},"geometry":{"type":"LineString","coordinates":[[85.34264427418223,27.679804916133058],[85.3426123268634,27.679840525965737],[85.342445944193,27.679911420813664]]}},{"type":"Feature","properties":{},"geometry":{"type":"LineString","coordinates":[[85.34301647654895,27.679710167581234],[85.34289192995918,27.679322915412584]]}},{"type":"Feature","properties":{},"geometry":{"type":"LineString","coordinates":[[85.34333027281662,27.679646756561503],[85.34324944410184,27.67931858627482]]}},{"type":"Feature","properties":{},"geometry":{"type":"LineString","coordinates":[[85.3435733512201,27.679638743696625],[85.34352466597821,27.679724329363022],[85.34352447985007,27.679957233435964]]}},{"type":"Feature","properties":{},"geometry":{"type":"LineString","coordinates":[[85.34359012025519,27.67900486722252],[85.3437908115215,27.67945504395493],[85.34366128213736,27.679541317365352],[85.3435733512201,27.679638743696625]]}},{"type":"Feature","properties":{},"geometry":{"type":"LineString","coordinates":[[85.34280853365472,27.680183425843257],[85.34258420247592,27.68023572170432]]}},{"type":"Feature","properties":{},"geometry":{"type":"LineString","coordinates":[[85.34280853365472,27.680183425843257],[85.3429330626812,27.680458778127463]]}},{"type":"Feature","properties":{},"geometry":{"type":"LineString","coordinates":[[85.34258420247592,27.68023572170432],[85.34269088110075,27.680526462157182]]}},{"type":"Feature","properties":{},"geometry":{"type":"LineString","coordinates":[[85.34320714919878,27.680125926314442],[85.34296720143638,27.6801360229494],[85.34280853365472,27.680183425843257]]}},{"type":"Feature","properties":{},"geometry":{"type":"LineString","coordinates":[[85.34349033181181,27.680078294594562],[85.34341564047813,27.68010568919472],[85.34320714919878,27.680125926314442]]}},{"type":"Feature","properties":{},"geometry":{"type":"LineString","coordinates":[[85.34352447985007,27.679957233435964],[85.34349033181181,27.680078294594562]]}},{"type":"Feature","properties":{},"geometry":{"type":"LineString","coordinates":[[85.34320714919878,27.680125926314442],[85.34327170721248,27.680326390745034]]}},{"type":"Feature","properties":{},"geometry":{"type":"LineString","coordinates":[[85.34349033181181,27.680078294594562],[85.34354765557367,27.68010091766949]]}},{"type":"Feature","properties":{},"geometry":{"type":"LineString","coordinates":[[85.34354765557367,27.68010091766949],[85.34354622323025,27.68054788670285],[85.343772579418,27.68053610124897],[85.34377727172836,27.680629552012586]]}},{"type":"Feature","properties":{},"geometry":{"type":"LineString","coordinates":[[85.34354765557367,27.68010091766949],[85.34363967940942,27.68012627074283],[85.34377503733883,27.68009568436544],[85.34390307911451,27.6801407799321]]}},{"type":"Feature","properties":{},"geometry":{"type":"LineString","coordinates":[[85.34390307911451,27.6801407799321],[85.34399773411684,27.680129700075106],[85.34414061145043,27.680155983926845],[85.34441103526335,27.68013849297222],[85.34458776576253,27.680053924743373],[85.34464610336144,27.680099623401695],[85.34482023800356,27.680091248307995]]}},{"type":"Feature","properties":{},"geometry":{"type":"LineString","coordinates":[[85.34390307911451,27.6801407799321],[85.34393869251069,27.68031226171861]]}},{"type":"Feature","properties":{},"geometry":{"type":"LineString","coordinates":[[85.34481922620577,27.679840921334694],[85.34487386907686,27.68008203869224],[85.34491547787172,27.680105317310854],[85.34496448595414,27.680214851354464],[85.34504716939234,27.68023457818127],[85.34510776477758,27.680564087100493]]}},{"type":"Feature","properties":{},"geometry":{"type":"LineString","coordinates":[[85.34450947739319,27.678827562607932],[85.34456470503315,27.679022705451057],[85.3446699953998,27.679239527575053],[85.34482115738524,27.679944815973553]]}},{"type":"Feature","properties":{},"geometry":{"type":"LineString","coordinates":[[85.34481922620577,27.679840921334694],[85.34512327644055,27.67978561566039]]}},{"type":"Feature","properties":{},"geometry":{"type":"LineString","coordinates":[[85.34472910175612,27.679424831015204],[85.34481922620577,27.679840921334694]]}},{"type":"Feature","properties":{},"geometry":{"type":"LineString","coordinates":[[85.34450947739319,27.678827562607932],[85.34453364880929,27.678826101443317],[85.34456946227276,27.678981604848623]]}},{"type":"Feature","properties":{},"geometry":{"type":"LineString","coordinates":[[85.34456946227276,27.678981604848623],[85.34466512021508,27.67919903119101],[85.34472910175612,27.679424831015204]]}},{"type":"Feature","properties":{},"geometry":{"type":"LineString","coordinates":[[85.34472910175612,27.679424831015204],[85.34517471600276,27.67931104345016],[85.34525130698113,27.67959688463203]]}},{"type":"Feature","properties":{},"geometry":{"type":"LineString","coordinates":[[85.34456946227276,27.678981604848623],[85.3447279386282,27.678980823609326]]}},{"type":"Feature","properties":{},"geometry":{"type":"LineString","coordinates":[[85.34487414175616,27.680798740881528],[85.34468680646903,27.68051770442611],[85.34465197570826,27.680413441879708]]}},{"type":"Feature","properties":{},"geometry":{"type":"LineString","coordinates":[[85.34485972017839,27.680088880672827],[85.34490784729533,27.680136813785754],[85.34493810741995,27.680224629439063],[85.3450244368191,27.680243940444704],[85.34508418189026,27.680512297360305]]}},{"type":"Feature","properties":{},"geometry":{"type":"LineString","coordinates":[[85.34354103723737,27.681292831043788],[85.34330094920169,27.681326225967343]]}},{"type":"Feature","properties":{},"geometry":{"type":"LineString","coordinates":[[85.34448803937282,27.681034848056495],[85.34438987407147,27.68090286186153],[85.34428569723296,27.6805163118905]]}},{"type":"Feature","properties":{},"geometry":{"type":"LineString","coordinates":[[85.34428569723296,27.6805163118905],[85.34435973776893,27.6805035033725],[85.34433837071596,27.680371509108113]]}},{"type":"Feature","properties":{},"geometry":{"type":"LineString","coordinates":[[85.34428569723296,27.6805163118905],[85.34406402973782,27.680564078669075]]}},{"type":"Feature","properties":{},"geometry":{"type":"LineString","coordinates":[[85.34408974194098,27.681205821579987],[85.3440133941654,27.680978060436722],[85.3439749301413,27.680774350429747]]}},{"type":"Feature","properties":{},"geometry":{"type":"LineString","coordinates":[[85.34354103723737,27.681292831043788],[85.34348932193976,27.68077955287683],[85.34333459932195,27.680769116327657],[85.34330661288315,27.680589709149793],[85.3432034466491,27.68059740140695]]}},{"type":"Feature","properties":{},"geometry":{"type":"LineString","coordinates":[[85.34307351476734,27.681331287196834],[85.34310249250069,27.680993925596624]]}},{"type":"Feature","properties":{},"geometry":{"type":"LineString","coordinates":[[85.34286788457725,27.68128857583699],[85.34290686601479,27.680876838865878],[85.34286748679878,27.680697759233006]]}},{"type":"Feature","properties":{},"geometry":{"type":"LineString","coordinates":[[85.34134824247616,27.6810600941402],[85.34127619262472,27.681056857579676],[85.34113294844336,27.68109588065282],[85.34105490191922,27.681063044168983]]}},{"type":"Feature","properties":{},"geometry":{"type":"LineString","coordinates":[[85.34163226350046,27.681058704338266],[85.34138682777339,27.681060813435476]]}},{"type":"Feature","properties":{},"geometry":{"type":"LineString","coordinates":[[85.34161790891253,27.680949156332506],[85.341654269161,27.68103467374257],[85.34218428573466,27.6811616551155]]}},{"type":"Feature","properties":{},"geometry":{"type":"LineString","coordinates":[[85.34352447985007,27.679957233435964],[85.34372037552835,27.680001926697045],[85.34388801406011,27.679989002929965],[85.34408332791195,27.67988604774421],[85.34420920626152,27.67975577041329],[85.3442627651932,27.679671281591435],[85.34424993547498,27.679615938737843],[85.34406763643835,27.679440950659295],[85.34400647052261,27.67933774410252],[85.3440348360745,27.67926371262383]]}},{"type":"Feature","properties":{},"geometry":{"type":"LineString","coordinates":[[85.34135024877213,27.681091166057165],[85.34128479403444,27.68164525220194]]}},{"type":"Feature","properties":{},"geometry":{"type":"LineString","coordinates":[[85.34144448368573,27.681665066726474],[85.34193559592127,27.681623410169063]]}},{"type":"Feature","properties":{},"geometry":{"type":"LineString","coordinates":[[85.34212542533855,27.681620615593804],[85.34256596357675,27.681624187676775]]}},{"type":"Feature","properties":{},"geometry":{"type":"LineString","coordinates":[[85.34193559592127,27.681623410169063],[85.34212542533855,27.681620615593804]]}},{"type":"Feature","properties":{},"geometry":{"type":"LineString","coordinates":[[85.34262772461584,27.68162303678918],[85.3433588200985,27.681657580184392]]}},{"type":"Feature","properties":{},"geometry":{"type":"LineString","coordinates":[[85.34262772461584,27.68162303678918],[85.3426283557196,27.681458297321957],[85.34248724240025,27.681458254918063]]}},{"type":"Feature","properties":{},"geometry":{"type":"LineString","coordinates":[[85.34212542533855,27.681620615593804],[85.34216799895377,27.68176944116725],[85.34226393161633,27.681766639831583]]}},{"type":"Feature","properties":{},"geometry":{"type":"LineString","coordinates":[[85.34144448368573,27.681665066726474],[85.34168728984807,27.681834077585997],[85.3425411040573,27.683037136279367]]}},{"type":"Feature","properties":{},"geometry":{"type":"LineString","coordinates":[[85.34261208158995,27.68190794783822],[85.34273947445068,27.682116186248496]]}},{"type":"Feature","properties":{},"geometry":{"type":"LineString","coordinates":[[85.34256596357675,27.681624187676775],[85.34261208158995,27.68190794783822]]}},{"type":"Feature","properties":{},"geometry":{"type":"LineString","coordinates":[[85.34325684117087,27.682290147385046],[85.34342567122334,27.682403128773853]]}},{"type":"Feature","properties":{},"geometry":{"type":"LineString","coordinates":[[85.34273953514312,27.682116128308635],[85.34283525612649,27.682047321994006],[85.34300446029307,27.682131639585425]]}},{"type":"Feature","properties":{},"geometry":{"type":"LineString","coordinates":[[85.34300446029307,27.682131639585425],[85.34325684117087,27.682290147385046]]}},{"type":"Feature","properties":{},"geometry":{"type":"LineString","coordinates":[[85.34261208158995,27.68190794783822],[85.34227292809634,27.682051972975078],[85.34244910048062,27.682322297378228]]}},{"type":"Feature","properties":{},"geometry":{"type":"LineString","coordinates":[[85.34347206646552,27.681859996050363],[85.34342567122334,27.682403128773853]]}},{"type":"Feature","properties":{},"geometry":{"type":"LineString","coordinates":[[85.34350126312398,27.681672654328466],[85.34352124645989,27.681944584177856]]}},{"type":"Feature","properties":{},"geometry":{"type":"LineString","coordinates":[[85.34352124645989,27.681944584177856],[85.34350959093643,27.682194575375085]]}},{"type":"Feature","properties":{},"geometry":{"type":"LineString","coordinates":[[85.34350959093643,27.682194575375085],[85.34346263634033,27.682663186430737],[85.34340384426022,27.68292114655634],[85.3434139616132,27.683108427749556],[85.34390354436752,27.683027900117334]]}},{"type":"Feature","properties":{},"geometry":{"type":"LineString","coordinates":[[85.34325684117087,27.682290147385046],[85.34300834817286,27.682550191039653]]}},{"type":"Feature","properties":{},"geometry":{"type":"LineString","coordinates":[[85.34300446029307,27.682131639585425],[85.34258221116374,27.682548091362456]]}},{"type":"Feature","properties":{},"geometry":{"type":"LineString","coordinates":[[85.34352124645989,27.681944584177856],[85.34384559132819,27.681881488800393]]}},{"type":"Feature","properties":{},"geometry":{"type":"LineString","coordinates":[[85.34344348771255,27.68167661328966],[85.34347206646552,27.681859996050363]]}},{"type":"Feature","properties":{},"geometry":{"type":"LineString","coordinates":[[85.34347206646552,27.681859996050363],[85.34326213384786,27.681887510356653]]}},{"type":"Feature","properties":{},"geometry":{"type":"LineString","coordinates":[[85.34350959093643,27.682194575375085],[85.34370445677447,27.682143435753165]]}},{"type":"Feature","properties":{},"geometry":{"type":"LineString","coordinates":[[85.34370445677447,27.682143435753165],[85.34432586309401,27.682052811891374],[85.34442962551282,27.682030753669824],[85.3444657385658,27.68198951795281]]}},{"type":"Feature","properties":{},"geometry":{"type":"LineString","coordinates":[[85.34272524880916,27.68125891075102],[85.34271266298772,27.681280324006526],[85.34328228218385,27.681565761117838],[85.34335101210551,27.681609302066416],[85.3433588200985,27.681657580184392]]}},{"type":"Feature","properties":{},"geometry":{"type":"LineString","coordinates":[[85.3455144495998,27.68139980711704],[85.34555383028106,27.681521714634563]]}},{"type":"Feature","properties":{},"geometry":{"type":"LineString","coordinates":[[85.34544653145547,27.681302562198162],[85.34548011660173,27.681318818597553],[85.3455144495998,27.68139980711704]]}},{"type":"Feature","properties":{},"geometry":{"type":"LineString","coordinates":[[85.34515197083665,27.681307362878968],[85.34544653145547,27.681302562198162]]}},{"type":"Feature","properties":{},"geometry":{"type":"LineString","coordinates":[[85.34350029058346,27.681664676742436],[85.34393112946388,27.68165683931616],[85.34437922213725,27.68154125210604]]}},{"type":"Feature","properties":{},"geometry":{"type":"LineString","coordinates":[[85.34437922213725,27.68154125210604],[85.34480825973063,27.681411603126744],[85.34544977389228,27.681324748753553],[85.34556143940038,27.681657511139157]]}},{"type":"Feature","properties":{},"geometry":{"type":"LineString","coordinates":[[85.34515197083665,27.681307362878968],[85.34510012066468,27.681114218258514]]}},{"type":"Feature","properties":{},"geometry":{"type":"LineString","coordinates":[[85.34544653145547,27.681302562198162],[85.34544629495198,27.68124931037336]]}},{"type":"Feature","properties":{},"geometry":{"type":"LineString","coordinates":[[85.3453738720011,27.680955027854537],[85.34562460878826,27.680977627410265]]}},{"type":"Feature","properties":{},"geometry":{"type":"LineString","coordinates":[[85.34544629495198,27.68124931037336],[85.3453738720011,27.680955027854537]]}},{"type":"Feature","properties":{},"geometry":{"type":"LineString","coordinates":[[85.34544629495198,27.68124931037336],[85.34585493681546,27.681103101623673]]}},{"type":"Feature","properties":{},"geometry":{"type":"LineString","coordinates":[[85.34556596180349,27.681676237238015],[85.34533131305395,27.6817149237397]]}},{"type":"Feature","properties":{},"geometry":{"type":"LineString","coordinates":[[85.34553419948075,27.681396171972143],[85.34581580401428,27.68132889424998],[85.34603355284236,27.681242575756063]]}},{"type":"Feature","properties":{},"geometry":{"type":"LineString","coordinates":[[85.34603355284236,27.681242575756063],[85.34613037414509,27.681354907887822]]}},{"type":"Feature","properties":{},"geometry":{"type":"LineString","coordinates":[[85.34613037414509,27.681354907887822],[85.34617694270658,27.681537847087817]]}},{"type":"Feature","properties":{},"geometry":{"type":"LineString","coordinates":[[85.34616511189385,27.681766168054327],[85.3461423122661,27.681797997924143],[85.34613608521711,27.681957128148778],[85.34609216662247,27.682033114291595],[85.34608711175642,27.68215569144463],[85.34598293337224,27.682300632562665]]}},{"type":"Feature","properties":{},"geometry":{"type":"LineString","coordinates":[[85.34617694270658,27.681537847087817],[85.34616511189385,27.681766168054327]]}},{"type":"Feature","properties":{},"geometry":{"type":"LineString","coordinates":[[85.34616511189385,27.681766168054327],[85.34643968628255,27.68175842980691],[85.3464767458841,27.68194800741478]]}},{"type":"Feature","properties":{},"geometry":{"type":"LineString","coordinates":[[85.34617694270658,27.681537847087817],[85.34632813540802,27.681515116347096],[85.34634186253489,27.681465885144796]]}},{"type":"Feature","properties":{},"geometry":{"type":"LineString","coordinates":[[85.34556596180349,27.681676237238015],[85.34566948214253,27.682010041273518],[85.34573428559688,27.68212899507618],[85.34590277812634,27.682311023144113]]}},{"type":"Feature","properties":{},"geometry":{"type":"LineString","coordinates":[[85.34590277812634,27.682311023144113],[85.34608159633964,27.682713877251103]]}},{"type":"Feature","properties":{},"geometry":{"type":"LineString","coordinates":[[85.34608159633964,27.682713877251103],[85.34621269200609,27.68277228566433],[85.34637228749446,27.682788640274588],[85.34648249738221,27.68288664692193]]}},{"type":"Feature","properties":{},"geometry":{"type":"LineString","coordinates":[[85.34590277812634,27.682311023144113],[85.34564630382728,27.68243089341675],[85.34544575706289,27.682490812063957],[85.34554680940417,27.682722211578696]]}},{"type":"Feature","properties":{},"geometry":{"type":"LineString","coordinates":[[85.34608159633964,27.682713877251103],[85.34603905839444,27.68272506278756],[85.34592783257979,27.682895193045166]]}},{"type":"Feature","properties":{},"geometry":{"type":"LineString","coordinates":[[85.34642469559802,27.68379360597],[85.34655107295534,27.683939919067885]]}},{"type":"Feature","properties":{},"geometry":{"type":"LineString","coordinates":[[85.34624949481821,27.683630719204384],[85.34642469559802,27.68379360597]]}},{"type":"Feature","properties":{},"geometry":{"type":"LineString","coordinates":[[85.34614936297415,27.683577614827307],[85.34617260429118,27.683544893109154],[85.34577221778213,27.683328916974038]]}},{"type":"Feature","properties":{},"geometry":{"type":"LineString","coordinates":[[85.34577221778213,27.683328916974038],[85.34583297939949,27.683164277314905]]}},{"type":"Feature","properties":{},"geometry":{"type":"LineString","coordinates":[[85.34535282862488,27.683228097233975],[85.34510103715054,27.683171895819015]]}},{"type":"Feature","properties":{},"geometry":{"type":"LineString","coordinates":[[85.34614936297415,27.683577614827307],[85.34568449185716,27.68335433117832],[85.34535282862488,27.683228097233975]]}},{"type":"Feature","properties":{},"geometry":{"type":"LineString","coordinates":[[85.34503964569802,27.683161924590948],[85.34508120390709,27.682789489667737],[85.34506409183773,27.682626634724]]}},{"type":"Feature","properties":{},"geometry":{"type":"LineString","coordinates":[[85.3450575278655,27.682615218385884],[85.34490287606702,27.682588066313038]]}},{"type":"Feature","properties":{},"geometry":{"type":"LineString","coordinates":[[85.34444158032389,27.681920488740055],[85.34437910340759,27.681662786128943],[85.34437922213725,27.68154125210604]]}},{"type":"Feature","properties":{},"geometry":{"type":"LineString","coordinates":[[85.3444657385658,27.68198951795281],[85.34444158032389,27.681920488740055]]}},{"type":"Feature","properties":{},"geometry":{"type":"LineString","coordinates":[[85.34463465883053,27.682536225714024],[85.34448479551479,27.68220162970854],[85.34449527081642,27.682095617081735],[85.3444657385658,27.68198951795281]]}},{"type":"Feature","properties":{},"geometry":{"type":"LineString","coordinates":[[85.34490287606702,27.682588066313038],[85.34473807421224,27.682572098176077],[85.34463465883053,27.682536225714024]]}},{"type":"Feature","properties":{},"geometry":{"type":"LineString","coordinates":[[85.34535282862488,27.683228097233975],[85.34515309044198,27.683805780628965],[85.34510156539173,27.68409773558331]]}},{"type":"Feature","properties":{},"geometry":{"type":"LineString","coordinates":[[85.34619814787378,27.683622131093188],[85.34604595251899,27.68376798441475],[85.34594943931114,27.683948920636315]]}},{"type":"Feature","properties":{},"geometry":{"type":"LineString","coordinates":[[85.34653525407936,27.683174345556328],[85.3462067835596,27.68353940123867]]}},{"type":"Feature","properties":{},"geometry":{"type":"LineString","coordinates":[[85.3450378838805,27.68237929566284],[85.34487396906545,27.681915297883783],[85.34504760842782,27.681871711585107],[85.34510732400119,27.68199655541565]]}},{"type":"Feature","properties":{},"geometry":{"type":"LineString","coordinates":[[85.34463465883053,27.682536225714024],[85.34444141862512,27.6825424830235],[85.3444113295414,27.682524246433836],[85.34435865067553,27.682416006822063],[85.34421777116839,27.682456497293636],[85.34417474901585,27.682350174564423]]}},{"type":"Feature","properties":{},"geometry":{"type":"LineString","coordinates":[[85.34444158032389,27.681920488740055],[85.34474393500747,27.681810610657866]]}},{"type":"Feature","properties":{},"geometry":{"type":"LineString","coordinates":[[85.34490287606702,27.682588066313038],[85.34475280384349,27.682108668353287]]}},{"type":"Feature","properties":{},"geometry":{"type":"LineString","coordinates":[[85.34460865885733,27.683126137588363],[85.34454563866908,27.684034070893343]]}},{"type":"Feature","properties":{},"geometry":{"type":"LineString","coordinates":[[85.34498118246798,27.683152951354327],[85.34484674575013,27.68381126638178]]}},{"type":"Feature","properties":{},"geometry":{"type":"LineString","coordinates":[[85.34342567122334,27.682403128773853],[85.34340223105492,27.682713253432897],[85.34337545387248,27.682815761273417],[85.34333285010405,27.682863396680197]]}},{"type":"Feature","properties":{},"geometry":{"type":"LineString","coordinates":[[85.34399248179682,27.683071441422545],[85.34434392622947,27.683087062269045]]}},{"type":"Feature","properties":{},"geometry":{"type":"LineString","coordinates":[[85.34334068556609,27.68291684405634],[85.34334970318875,27.68306211529814],[85.34339585446219,27.68315057801471]]}},{"type":"Feature","properties":{},"geometry":{"type":"LineString","coordinates":[[85.34349206325766,27.683152871385033],[85.34399248179682,27.683071441422545]]}},{"type":"Feature","properties":{},"geometry":{"type":"LineString","coordinates":[[85.34339585446219,27.68315057801471],[85.34349206325766,27.683152871385033]]}},{"type":"Feature","properties":{},"geometry":{"type":"LineString","coordinates":[[85.34434392622947,27.683087062269045],[85.34461372951552,27.683107295070798]]}},{"type":"Feature","properties":{},"geometry":{"type":"LineString","coordinates":[[85.34498118246798,27.683152951354327],[85.34461372951552,27.683107295070798]]}},{"type":"Feature","properties":{},"geometry":{"type":"LineString","coordinates":[[85.3450104135748,27.68315743796962],[85.34498118246798,27.683152951354327]]}},{"type":"Feature","properties":{},"geometry":{"type":"LineString","coordinates":[[85.34577221778213,27.683328916974038],[85.34528171435855,27.683153281362454]]}},{"type":"Feature","properties":{},"geometry":{"type":"LineString","coordinates":[[85.34390354436752,27.683027900117334],[85.34415263153197,27.68303271143243]]}},{"type":"Feature","properties":{},"geometry":{"type":"LineString","coordinates":[[85.34415263153197,27.68303271143243],[85.34461898590374,27.683053551143402]]}},{"type":"Feature","properties":{},"geometry":{"type":"LineString","coordinates":[[85.34461898590374,27.683053551143402],[85.34466155609178,27.682862570140706]]}},{"type":"Feature","properties":{},"geometry":{"type":"LineString","coordinates":[[85.34390354436752,27.683027900117334],[85.34384729398566,27.682770895442605],[85.34396669640086,27.682690082327234],[85.34412540541193,27.682634045769504]]}},{"type":"Feature","properties":{},"geometry":{"type":"LineString","coordinates":[[85.34349206325766,27.683152871385033],[85.34358167466556,27.683735674316623]]}},{"type":"Feature","properties":{},"geometry":{"type":"LineString","coordinates":[[85.34339585446219,27.68315057801471],[85.34310214143531,27.683201799110833]]}},{"type":"Feature","properties":{},"geometry":{"type":"LineString","coordinates":[[85.34333285010405,27.682863396680197],[85.3431096068883,27.682717474409635],[85.34305237317966,27.68264602305792]]}},{"type":"Feature","properties":{},"geometry":{"type":"LineString","coordinates":[[85.34287689771357,27.68298360840352],[85.34270730318778,27.682862687346432],[85.34279620526752,27.682771342114513],[85.3426409654358,27.6826407512831]]}},{"type":"Feature","properties":{},"geometry":{"type":"LineString","coordinates":[[85.34415263153197,27.68303271143243],[85.34414258444336,27.682872005935312]]}},{"type":"Feature","properties":{},"geometry":{"type":"LineString","coordinates":[[85.34434392622947,27.683087062269045],[85.34436302426829,27.683417420099126]]}},{"type":"Feature","properties":{},"geometry":{"type":"LineString","coordinates":[[85.34399248179682,27.683071441422545],[85.3440578863965,27.683795776824798]]}},{"type":"Feature","properties":{},"geometry":{"type":"LineString","coordinates":[[85.34405982081368,27.68383294100885],[85.34407709848843,27.684043659596075]]}},{"type":"Feature","properties":{},"geometry":{"type":"LineString","coordinates":[[85.34405982081368,27.68383294100885],[85.34384101967792,27.683873524633576],[85.34385486493434,27.684093114019316]]}},{"type":"Feature","properties":{},"geometry":{"type":"LineString","coordinates":[[85.34407709848843,27.684043659596075],[85.34435706365095,27.684010288956244]]}},{"type":"Feature","properties":{},"geometry":{"type":"LineString","coordinates":[[85.34435706365095,27.684010288956244],[85.34432922287095,27.683620593724907]]}},{"type":"Feature","properties":{},"geometry":{"type":"LineString","coordinates":[[85.34435706365095,27.684010288956244],[85.34454563866908,27.684034070893343]]}},{"type":"Feature","properties":{},"geometry":{"type":"LineString","coordinates":[[85.34453737926587,27.684234267269336],[85.34455342207241,27.68445472497238]]}},{"type":"Feature","properties":{},"geometry":{"type":"LineString","coordinates":[[85.34454563866908,27.684034070893343],[85.34453737926587,27.684234267269336]]}},{"type":"Feature","properties":{},"geometry":{"type":"LineString","coordinates":[[85.34455342207241,27.68445472497238],[85.34459954252902,27.684768898905848],[85.34462077067316,27.685156650343924],[85.3445869465604,27.685214311940573]]}},{"type":"Feature","properties":{},"geometry":{"type":"LineString","coordinates":[[85.3445869465604,27.685214311940573],[85.3448155965998,27.68520918538713]]}},{"type":"Feature","properties":{},"geometry":{"type":"LineString","coordinates":[[85.34453737926587,27.684234267269336],[85.34479045289619,27.684250297005836]]}},{"type":"Feature","properties":{},"geometry":{"type":"LineString","coordinates":[[85.34455342207241,27.68445472497238],[85.34392670557565,27.684528422563105]]}},{"type":"Feature","properties":{},"geometry":{"type":"LineString","coordinates":[[85.3425411040573,27.683037136279367],[85.34272714890943,27.683281386363657],[85.34324475008755,27.68373106575595],[85.34332938616046,27.68389274112311],[85.34341274587837,27.684110244068094],[85.34349518979867,27.68446555888949],[85.34354938004874,27.68487698243391],[85.34355996737413,27.68549953539705]]}},{"type":"Feature","properties":{},"geometry":{"type":"LineString","coordinates":[[85.3445869465604,27.685214311940573],[85.34455220670124,27.68527689143562],[85.34468636534605,27.686007566553716]]}},{"type":"Feature","properties":{},"geometry":{"type":"LineString","coordinates":[[85.34468636534605,27.686007566553716],[85.34435693132647,27.686077962993075],[85.34401115349574,27.686095374562257],[85.34373210359578,27.685846046158783],[85.34355996737413,27.68549953539705]]}},{"type":"Feature","properties":{},"geometry":{"type":"LineString","coordinates":[[85.34355996737413,27.68549953539705],[85.34388103624458,27.68542767792025]]}},{"type":"Feature","properties":{},"geometry":{"type":"LineString","coordinates":[[85.34388103624458,27.68542767792025],[85.3437564154635,27.68484074523805]]}},{"type":"Feature","properties":{},"geometry":{"type":"LineString","coordinates":[[85.34388103624458,27.68542767792025],[85.34408406562473,27.685387348913586]]}},{"type":"Feature","properties":{},"geometry":{"type":"LineString","coordinates":[[85.34655107295534,27.683939919067885],[85.34692490542129,27.683765626752905]]}},{"type":"Feature","properties":{},"geometry":{"type":"LineString","coordinates":[[85.34659051422305,27.68399810207295],[85.34643221345523,27.684100469983235]]}},{"type":"Feature","properties":{},"geometry":{"type":"LineString","coordinates":[[85.34763060415659,27.684100755378207],[85.3475035317883,27.684219272897018]]}},{"type":"Feature","properties":{},"geometry":{"type":"LineString","coordinates":[[85.34665827480524,27.683050643189173],[85.34670884020046,27.68310107241837],[85.34694745919745,27.683496150806633],[85.347065225268,27.68358031625266],[85.34735316720729,27.683929429699056],[85.34757911716304,27.684060906966252]]}},{"type":"Feature","properties":{},"geometry":{"type":"LineString","coordinates":[[85.34763060415659,27.684100755378207],[85.34777355326332,27.684224847437594],[85.34797725992117,27.684456139580345]]}},{"type":"Feature","properties":{},"geometry":{"type":"LineString","coordinates":[[85.34757911716304,27.684060906966252],[85.34763060415659,27.684100755378207]]}},{"type":"Feature","properties":{},"geometry":{"type":"LineString","coordinates":[[85.34757911716304,27.684060906966252],[85.34774585650973,27.683883166622437]]}},{"type":"Feature","properties":{},"geometry":{"type":"LineString","coordinates":[[85.34574867314136,27.684214590837193],[85.3456502517679,27.684473425261977]]}},{"type":"Feature","properties":{},"geometry":{"type":"LineString","coordinates":[[85.34563450493147,27.684543931639453],[85.34562013120278,27.68472351111822]]}},{"type":"Feature","properties":{},"geometry":{"type":"LineString","coordinates":[[85.3456502517679,27.684473425261977],[85.34563450493147,27.684543931639453]]}},{"type":"Feature","properties":{},"geometry":{"type":"LineString","coordinates":[[85.34562013120278,27.68472351111822],[85.34553220175476,27.68516198093159],[85.34554010546978,27.68556487415918]]}},{"type":"Feature","properties":{},"geometry":{"type":"LineString","coordinates":[[85.34554010546978,27.68556487415918],[85.34540393967669,27.685674442241822],[85.34536165252378,27.685903670771484]]}},{"type":"Feature","properties":{},"geometry":{"type":"LineString","coordinates":[[85.34536165252378,27.685903670771484],[85.34468636534605,27.686007566553716]]}},{"type":"Feature","properties":{},"geometry":{"type":"LineString","coordinates":[[85.34589842086724,27.68402777864766],[85.34574867314136,27.684214590837193]]}},{"type":"Feature","properties":{},"geometry":{"type":"LineString","coordinates":[[85.34594943931114,27.683948920636315],[85.34589842086724,27.68402777864766]]}},{"type":"Feature","properties":{},"geometry":{"type":"LineString","coordinates":[[85.34589842086724,27.68402777864766],[85.34603421171254,27.684141589870823],[85.34593654988886,27.684228714236667],[85.34600808929771,27.684313203052135]]}},{"type":"Feature","properties":{},"geometry":{"type":"LineString","coordinates":[[85.34594943931114,27.683948920636315],[85.34556154138477,27.683722139602796]]}},{"type":"Feature","properties":{},"geometry":{"type":"LineString","coordinates":[[85.34574867314136,27.684214590837193],[85.34542434921227,27.684075011019043]]}},{"type":"Feature","properties":{},"geometry":{"type":"LineString","coordinates":[[85.3456502517679,27.684473425261977],[85.34524172799996,27.684381967095675],[85.34504017486532,27.684362332581383],[85.34502607291189,27.684474476272193]]}},{"type":"Feature","properties":{},"geometry":{"type":"LineString","coordinates":[[85.34562013120278,27.68472351111822],[85.3453166555737,27.684684255418723],[85.34517722755771,27.684634223355083],[85.34516724946035,27.684710776221795]]}},{"type":"Feature","properties":{},"geometry":{"type":"LineString","coordinates":[[85.34642353998187,27.685043493087136],[85.34572531466165,27.685452964776275]]}},{"type":"Feature","properties":{},"geometry":{"type":"LineString","coordinates":[[85.34572531466165,27.685452964776275],[85.34554010546978,27.68556487415918]]}},{"type":"Feature","properties":{},"geometry":{"type":"LineString","coordinates":[[85.34572531466165,27.685452964776275],[85.34575915863674,27.685198886263688],[85.3459137163797,27.684664366032823]]}},{"type":"Feature","properties":{},"geometry":{"type":"LineString","coordinates":[[85.34855353406184,27.684267720875877],[85.34840670642967,27.68427955527254]]}},{"type":"Feature","properties":{},"geometry":{"type":"LineString","coordinates":[[85.34725438692567,27.684734686634684],[85.34698581314156,27.684807060421488]]}},{"type":"Feature","properties":{},"geometry":{"type":"LineString","coordinates":[[85.34797725992117,27.684456139580345],[85.34769729742112,27.684594772776872]]}},{"type":"Feature","properties":{},"geometry":{"type":"LineString","coordinates":[[85.34769729742112,27.684594772776872],[85.34725438692567,27.684734686634684]]}},{"type":"Feature","properties":{},"geometry":{"type":"LineString","coordinates":[[85.34855353406184,27.684267720875877],[85.34830556732489,27.68454449133849],[85.3478001167091,27.685017485949924],[85.34727468693606,27.685334023022445],[85.34680355189828,27.68554241385438]]}},{"type":"Feature","properties":{},"geometry":{"type":"LineString","coordinates":[[85.34658431296054,27.68563449543734],[85.34536165252378,27.685903670771484]]}},{"type":"Feature","properties":{},"geometry":{"type":"LineString","coordinates":[[85.34840670642967,27.68427955527254],[85.3483082860526,27.68409516620611]]}},{"type":"Feature","properties":{},"geometry":{"type":"LineString","coordinates":[[85.34769729742112,27.684594772776872],[85.34753395144897,27.684470226067504]]}},{"type":"Feature","properties":{},"geometry":{"type":"LineString","coordinates":[[85.34725438692567,27.684734686634684],[85.34721176480234,27.68443714407476]]}},{"type":"Feature","properties":{},"geometry":{"type":"LineString","coordinates":[[85.3464120472488,27.684934570812487],[85.34645459659565,27.68471515125103]]}},{"type":"Feature","properties":{},"geometry":{"type":"LineString","coordinates":[[85.34645459659565,27.68471515125103],[85.3464386977288,27.68460480177438],[85.34624317056996,27.684379868873375]]}},{"type":"Feature","properties":{},"geometry":{"type":"LineString","coordinates":[[85.34563450493147,27.684543931639453],[85.34608537527927,27.684702277366423],[85.34635060906477,27.68491585110206],[85.3464120472488,27.684934570812487]]}},{"type":"Feature","properties":{},"geometry":{"type":"LineString","coordinates":[[85.34645459659565,27.68471515125103],[85.3465935679005,27.68471505766712]]}},{"type":"Feature","properties":{},"geometry":{"type":"LineString","coordinates":[[85.34648249738221,27.68288664692193],[85.34658530027586,27.683104578848145]]}},{"type":"Feature","properties":{},"geometry":{"type":"LineString","coordinates":[[85.34512856851254,27.6806097721377],[85.34524954551054,27.68054978232271],[85.34548232788582,27.680576572078113]]}},{"type":"Feature","properties":{},"geometry":{"type":"LineString","coordinates":[[85.34548232788582,27.680576572078113],[85.3456792395714,27.680617891076036],[85.34587167831052,27.680630954206308]]}},{"type":"Feature","properties":{},"geometry":{"type":"LineString","coordinates":[[85.34549522332027,27.680525428438855],[85.3454499596114,27.680296779323115]]}},{"type":"Feature","properties":{},"geometry":{"type":"LineString","coordinates":[[85.3454499596114,27.680296779323115],[85.34538299058453,27.680318821218375],[85.34536516953386,27.68029445592572],[85.34531343676393,27.68010502407583]]}},{"type":"Feature","properties":{},"geometry":{"type":"LineString","coordinates":[[85.3454499596114,27.680296779323115],[85.34550542563032,27.680254889969333],[85.34552046126366,27.680140446743327],[85.34565642016423,27.68010184196333]]}},{"type":"Feature","properties":{},"geometry":{"type":"LineString","coordinates":[[85.34565642016423,27.68010184196333],[85.34591684333114,27.680087773847205]]}},{"type":"Feature","properties":{},"geometry":{"type":"LineString","coordinates":[[85.34565642016423,27.68010184196333],[85.34563243777617,27.679914291348865]]}},{"type":"Feature","properties":{},"geometry":{"type":"LineString","coordinates":[[85.34560101401307,27.679743953849798],[85.34559725723778,27.679510425799585]]}},{"type":"Feature","properties":{},"geometry":{"type":"LineString","coordinates":[[85.3458902316116,27.680650873165387],[85.34597629688679,27.680795400184312],[85.34618608373668,27.680901068349346],[85.34620319612613,27.681116828378116],[85.3460498456668,27.68119754593451],[85.34603355284236,27.681242575756063]]}},{"type":"Feature","properties":{},"geometry":{"type":"LineString","coordinates":[[85.34607740519496,27.680609254941672],[85.34619422660084,27.680530313328198],[85.34617125714865,27.67999963469601],[85.34630205716074,27.679988493834674]]}},{"type":"Feature","properties":{},"geometry":{"type":"LineString","coordinates":[[85.34563243777617,27.679914291348865],[85.34590374615098,27.67986132942967],[85.34589191157659,27.679774673565213],[85.34623355911798,27.679717159996695],[85.34629611772435,27.67966945768324]]}},{"type":"Feature","properties":{},"geometry":{"type":"LineString","coordinates":[[85.34629611772435,27.67966945768324],[85.34654267760943,27.67960026617115]]}},{"type":"Feature","properties":{},"geometry":{"type":"LineString","coordinates":[[85.34560101401307,27.679743953849798],[85.34548548765366,27.679768483606658]]}},{"type":"Feature","properties":{},"geometry":{"type":"LineString","coordinates":[[85.34594737267832,27.680629427585547],[85.3459089142344,27.68043217765859]]}},{"type":"Feature","properties":{},"geometry":{"type":"LineString","coordinates":[[85.34594737267832,27.680629427585547],[85.34604930965791,27.680661527646773]]}},{"type":"Feature","properties":{},"geometry":{"type":"LineString","coordinates":[[85.34604930965791,27.680661527646773],[85.3463843790182,27.680831489550556],[85.34706276743832,27.680692727623835]]}},{"type":"Feature","properties":{},"geometry":{"type":"LineString","coordinates":[[85.34706276743832,27.680692727623835],[85.3471942745526,27.680691640738665]]}},{"type":"Feature","properties":{},"geometry":{"type":"LineString","coordinates":[[85.3467003312378,27.680721031970762],[85.34663150905696,27.68043895402001]]}},{"type":"Feature","properties":{},"geometry":{"type":"LineString","coordinates":[[85.34698005847099,27.679177051162224],[85.34703103117302,27.679417398372774]]}},{"type":"Feature","properties":{},"geometry":{"type":"LineString","coordinates":[[85.34705923974532,27.679688558858327],[85.34703381704988,27.680001280147636]]}},{"type":"Feature","properties":{},"geometry":{"type":"LineString","coordinates":[[85.34703103117302,27.679417398372774],[85.3470202519602,27.679554218263544],[85.34705923974532,27.679688558858327]]}},{"type":"Feature","properties":{},"geometry":{"type":"LineString","coordinates":[[85.34703381704988,27.680001280147636],[85.34699543944761,27.680165267949707],[85.34700545863821,27.680252360577683]]}},{"type":"Feature","properties":{},"geometry":{"type":"LineString","coordinates":[[85.34700545863821,27.680252360577683],[85.34705161564071,27.680617893546657]]}},{"type":"Feature","properties":{},"geometry":{"type":"LineString","coordinates":[[85.34705161564071,27.680617893546657],[85.34705501507659,27.680640918619588]]}},{"type":"Feature","properties":{},"geometry":{"type":"LineString","coordinates":[[85.34720254054822,27.680752233228404],[85.34730074837228,27.681116688622776]]}},{"type":"Feature","properties":{},"geometry":{"type":"LineString","coordinates":[[85.34698005847099,27.679177051162224],[85.3470271672519,27.679428924842636],[85.34701532815731,27.679554191995102],[85.34706080768726,27.679708115212843],[85.34699282582865,27.680178863556698],[85.34705161564071,27.680617893546657]]}},{"type":"Feature","properties":{},"geometry":{"type":"LineString","coordinates":[[85.34700545863821,27.680252360577683],[85.34723798290658,27.68022343037736]]}},{"type":"Feature","properties":{},"geometry":{"type":"LineString","coordinates":[[85.34703381704988,27.680001280147636],[85.34658669997695,27.680044067852325],[85.34654988381077,27.679832356143926]]}},{"type":"Feature","properties":{},"geometry":{"type":"LineString","coordinates":[[85.34705923974532,27.679688558858327],[85.34734046260914,27.67967389325305],[85.34742282510884,27.679895358819934]]}},{"type":"Feature","properties":{},"geometry":{"type":"LineString","coordinates":[[85.34703103117302,27.679417398372774],[85.34731449428311,27.679348903070252]]}},{"type":"Feature","properties":{},"geometry":{"type":"LineString","coordinates":[[85.34670651049238,27.67907714869843],[85.34689960401884,27.679092680310248]]}},{"type":"Feature","properties":{},"geometry":{"type":"LineString","coordinates":[[85.34689960401884,27.679092680310248],[85.34689137338529,27.679132492232313]]}},{"type":"Feature","properties":{},"geometry":{"type":"LineString","coordinates":[[85.34607407845397,27.678985251891316],[85.34607272255903,27.67889201335264],[85.3461145590955,27.67885366506397],[85.34621791201663,27.678826868391535],[85.34620986423843,27.67874779499997]]}},{"type":"Feature","properties":{},"geometry":{"type":"LineString","coordinates":[[85.34599934301222,27.679048701828926],[85.34604985312761,27.679223852161808],[85.34623467743069,27.679485994353495],[85.34627503984105,27.67950842913895],[85.34629611772435,27.67966945768324]]}},{"type":"Feature","properties":{},"geometry":{"type":"LineString","coordinates":[[85.34599934301222,27.679048701828926],[85.34620779701527,27.67903811461945],[85.3464191333002,27.679153589984253],[85.34689137338529,27.679132492232313]]}},{"type":"Feature","properties":{},"geometry":{"type":"LineString","coordinates":[[85.34689137338529,27.679132492232313],[85.34690510037636,27.679134261708203]]}},{"type":"Feature","properties":{},"geometry":{"type":"LineString","coordinates":[[85.34607407845397,27.678985251891316],[85.34622914567314,27.679012041941],[85.34638712580441,27.679100273832606],[85.34670651049238,27.67907714869843]]}},{"type":"Feature","properties":{},"geometry":{"type":"LineString","coordinates":[[85.34558814575104,27.678962516746186],[85.3449773882933,27.679123118448107]]}},{"type":"Feature","properties":{},"geometry":{"type":"LineString","coordinates":[[85.34769484868566,27.678940012946743],[85.34771283453311,27.678784045442466],[85.34760893968803,27.678471166714846]]}},{"type":"Feature","properties":{},"geometry":{"type":"LineString","coordinates":[[85.34760893968803,27.678471166714846],[85.34755818886077,27.678323242331277]]}},{"type":"Feature","properties":{},"geometry":{"type":"LineString","coordinates":[[85.34760893968803,27.678471166714846],[85.34747082789964,27.678511533080055],[85.34744270420597,27.678454769695353],[85.34735839901816,27.678488478001427]]}},{"type":"Feature","properties":{},"geometry":{"type":"LineString","coordinates":[[85.34670651049238,27.67907714869843],[85.34663605085481,27.678814988651638],[85.34699773579376,27.678711059100095]]}},{"type":"Feature","properties":{},"geometry":{"type":"LineString","coordinates":[[85.34922246194944,27.678829283415958],[85.34902700708044,27.67890018286125]]}},{"type":"Feature","properties":{},"geometry":{"type":"LineString","coordinates":[[85.34899619663732,27.678909293373458],[85.34870567238362,27.678993819561594],[85.34851786524587,27.679020174381833]]}},{"type":"Feature","properties":{},"geometry":{"type":"LineString","coordinates":[[85.34799669492213,27.679089730059044],[85.34779087590708,27.679091824941747]]}},{"type":"Feature","properties":{},"geometry":{"type":"LineString","coordinates":[[85.34838982006202,27.679046614275915],[85.34812691311494,27.6790535724433],[85.34799669492213,27.679089730059044]]}},{"type":"Feature","properties":{},"geometry":{"type":"LineString","coordinates":[[85.34851786524587,27.679020174381833],[85.34838982006202,27.679046614275915]]}},{"type":"Feature","properties":{},"geometry":{"type":"LineString","coordinates":[[85.34899619663732,27.678909293373458],[85.34898615876686,27.678881246801424],[85.34837369103796,27.67898798860594],[85.34830997150799,27.67901482538293]]}},{"type":"Feature","properties":{},"geometry":{"type":"LineString","coordinates":[[85.34804878129292,27.679039014733867],[85.34782638014418,27.679058220240435],[85.34767293697755,27.678943637069857],[85.3469764313422,27.679102697677664],[85.34689960401884,27.679092680310248]]}},{"type":"Feature","properties":{},"geometry":{"type":"LineString","coordinates":[[85.34830997150799,27.67901482538293],[85.34804878129292,27.679039014733867]]}},{"type":"Feature","properties":{},"geometry":{"type":"LineString","coordinates":[[85.34779087590708,27.679091824941747],[85.34772542049512,27.679160895741227],[85.34774864360581,27.67934826918689],[85.34770665714555,27.67938723895502],[85.34777283529323,27.679695397710923]]}},{"type":"Feature","properties":{},"geometry":{"type":"LineString","coordinates":[[85.34799669492213,27.679089730059044],[85.34801129437355,27.67921852215549],[85.3479866999004,27.679232865588183],[85.3480053579245,27.679311319947217]]}},{"type":"Feature","properties":{},"geometry":{"type":"LineString","coordinates":[[85.34804878129292,27.679039014733867],[85.3480462395438,27.678735712641178]]}},{"type":"Feature","properties":{},"geometry":{"type":"LineString","coordinates":[[85.34830997150799,27.67901482538293],[85.34828865341582,27.67892428297955],[85.34830219023054,27.67871356826364]]}},{"type":"Feature","properties":{},"geometry":{"type":"LineString","coordinates":[[85.34838982006202,27.679046614275915],[85.34846894230417,27.67932750020867]]}},{"type":"Feature","properties":{},"geometry":{"type":"LineString","coordinates":[[85.34851786524587,27.679020174381833],[85.34854435584234,27.67921734785221],[85.34862734586595,27.679370487668155]]}},{"type":"Feature","properties":{},"geometry":{"type":"LineString","coordinates":[[85.34562219913194,27.676538728983203],[85.34602596604257,27.67680373609383]]}},{"type":"Feature","properties":{},"geometry":{"type":"LineString","coordinates":[[85.34751482660826,27.677803756593832],[85.34870807753008,27.678586572927923],[85.348881748755,27.67868541542143],[85.34897505805598,27.678711460803783]]}},{"type":"Feature","properties":{},"geometry":{"type":"LineString","coordinates":[[85.34736256175779,27.677784922299345],[85.34715506322017,27.677861766794003],[85.34683423812987,27.67792362536129],[85.34677844018171,27.677958923590605]]}},{"type":"Feature","properties":{},"geometry":{"type":"LineString","coordinates":[[85.3465434640963,27.678134397308053],[85.34644265511534,27.67816910032736]]}},{"type":"Feature","properties":{},"geometry":{"type":"LineString","coordinates":[[85.34677844018171,27.677958923590605],[85.3465434640963,27.678134397308053]]}},{"type":"Feature","properties":{},"geometry":{"type":"LineString","coordinates":[[85.3470631205579,27.677901046441676],[85.34684120771287,27.677955027261856],[85.34664898692509,27.678116614750667],[85.34627322667765,27.67825608415545],[85.34617924910698,27.678280460253717],[85.3456888571267,27.678268120309255]]}},{"type":"Feature","properties":{},"geometry":{"type":"LineString","coordinates":[[85.3470631205579,27.677901046441676],[85.34717244975596,27.67817303415797]]}},{"type":"Feature","properties":{},"geometry":{"type":"LineString","coordinates":[[85.34677844018171,27.677958923590605],[85.3465930536591,27.67747481503518]]}},{"type":"Feature","properties":{},"geometry":{"type":"LineString","coordinates":[[85.3465434640963,27.678134397308053],[85.3466664870172,27.678502237902197]]}},{"type":"Feature","properties":{},"geometry":{"type":"LineString","coordinates":[[85.3466664870172,27.678502237902197],[85.346732988997,27.6786452168345]]}},{"type":"Feature","properties":{},"geometry":{"type":"LineString","coordinates":[[85.3466664870172,27.678502237902197],[85.34689934005056,27.678440190047212],[85.34695554203974,27.67850613187665],[85.34705195717133,27.678464298206208]]}},{"type":"Feature","properties":{},"geometry":{"type":"LineString","coordinates":[[85.34644265511534,27.67816910032736],[85.34634517311193,27.67783580566605],[85.34628202710459,27.677825122768255]]}},{"type":"Feature","properties":{},"geometry":{"type":"LineString","coordinates":[[85.34628202710459,27.677825122768255],[85.34623263300416,27.67768593374925]]}},{"type":"Feature","properties":{},"geometry":{"type":"LineString","coordinates":[[85.34628202710459,27.677825122768255],[85.34614636181117,27.677882396646943]]}},{"type":"Feature","properties":{},"geometry":{"type":"LineString","coordinates":[[85.34644265511534,27.67816910032736],[85.3461532272204,27.67825489331886],[85.34587001098348,27.67823569687937]]}},{"type":"Feature","properties":{},"geometry":{"type":"LineString","coordinates":[[85.34862004728005,27.68412435043532],[85.34855353406184,27.684267720875877]]}},{"type":"Feature","properties":{},"geometry":{"type":"LineString","coordinates":[[85.34730074837228,27.681116688622776],[85.34740012848387,27.681557191101856]]}},{"type":"Feature","properties":{},"geometry":{"type":"LineString","coordinates":[[85.34093921337157,27.681602373647543],[85.34128479403444,27.68164525220194]]}},{"type":"Feature","properties":{},"geometry":{"type":"LineString","coordinates":[[85.34642469559802,27.68379360597],[85.34655847527273,27.683700936603334]]}},{"type":"Feature","properties":{},"geometry":{"type":"LineString","coordinates":[[85.34664085422708,27.683063518682207],[85.34658530027586,27.683104578848145]]}},{"type":"Feature","properties":{},"geometry":{"type":"LineString","coordinates":[[85.34558093228082,27.68151433685757],[85.34582968568739,27.681457591248957],[85.34613037414509,27.681354907887822]]}},{"type":"Feature","properties":{},"geometry":{"type":"LineString","coordinates":[[85.34642353998187,27.685043493087136],[85.3464120472488,27.684934570812487]]}},{"type":"Feature","properties":{},"geometry":{"type":"LineString","coordinates":[[85.34561831582539,27.678981788360705],[85.34575958871783,27.679070879197116],[85.34599934301222,27.679048701828926]]}},{"type":"Feature","properties":{},"geometry":{"type":"LineString","coordinates":[[85.3476798976086,27.67899242477972],[85.34763311952644,27.67898602269958],[85.346999027106,27.67914528280369]]}},{"type":"Feature","properties":{},"geometry":{"type":"LineString","coordinates":[[85.34134457652975,27.678425916029596],[85.34134183900056,27.678373658692255]]}},{"type":"Feature","properties":{},"geometry":{"type":"LineString","coordinates":[[85.34587167831052,27.680630954206308],[85.34594737267832,27.680629427585547]]}},{"type":"Feature","properties":{},"geometry":{"type":"LineString","coordinates":[[85.34273953514312,27.682116128308635],[85.34266042807025,27.682191787898223],[85.34244910048062,27.682322297378228]]}},{"type":"Feature","properties":{},"geometry":{"type":"LineString","coordinates":[[85.34256596357675,27.681624187676775],[85.34262772461584,27.68162303678918]]}},{"type":"Feature","properties":{},"geometry":{"type":"LineString","coordinates":[[85.34370445677447,27.682143435753165],[85.34379016683387,27.68233247744674]]}},{"type":"Feature","properties":{},"geometry":{"type":"LineString","coordinates":[[85.34510892463649,27.680630728545356],[85.34497159926563,27.680751905715052],[85.34487414175616,27.680798740881528]]}},{"type":"Feature","properties":{},"geometry":{"type":"LineString","coordinates":[[85.34487414175616,27.680798740881528],[85.34455337597304,27.680952890793474],[85.34448803937282,27.681034848056495]]}},{"type":"Feature","properties":{},"geometry":{"type":"LineString","coordinates":[[85.34448803937282,27.681034848056495],[85.34444457663804,27.681089368210635],[85.34433832569736,27.68115353163943],[85.34408974194098,27.681205821579987]]}},{"type":"Feature","properties":{},"geometry":{"type":"LineString","coordinates":[[85.34408974194098,27.681205821579987],[85.34354103723737,27.681292831043788]]}},{"type":"Feature","properties":{},"geometry":{"type":"LineString","coordinates":[[85.34286788457725,27.68128857583699],[85.34273106978526,27.681249008970525]]}},{"type":"Feature","properties":{},"geometry":{"type":"LineString","coordinates":[[85.34307351476734,27.681331287196834],[85.34286788457725,27.68128857583699]]}},{"type":"Feature","properties":{},"geometry":{"type":"LineString","coordinates":[[85.34128479403444,27.68164525220194],[85.34144448368573,27.681665066726474]]}},{"type":"Feature","properties":{},"geometry":{"type":"LineString","coordinates":[[85.34740012848387,27.681557191101856],[85.34743177204176,27.68165543015443],[85.34752749739756,27.68181569479127]]}},{"type":"Feature","properties":{},"geometry":{"type":"LineString","coordinates":[[85.3478792316707,27.68115321380402],[85.34788894997591,27.681258393638128]]}},{"type":"Feature","properties":{},"geometry":{"type":"LineString","coordinates":[[85.34528171435855,27.683153281362454],[85.34532064021572,27.683013976639636]]}},{"type":"Feature","properties":{},"geometry":{"type":"LineString","coordinates":[[85.3450378838805,27.68237929566284],[85.34520473991486,27.682330146012195]]}},{"type":"Feature","properties":{},"geometry":{"type":"LineString","coordinates":[[85.34698581314156,27.684807060421488],[85.34660335141895,27.68498724632883],[85.34642353998187,27.685043493087136]]}},{"type":"Feature","properties":{},"geometry":{"type":"LineString","coordinates":[[85.34219338254208,27.681163833557004],[85.34273106978526,27.681249008970525]]}},{"type":"Feature","properties":{},"geometry":{"type":"LineString","coordinates":[[85.34506409183773,27.682626634724],[85.34520396720146,27.68261690042061],[85.3452261804122,27.68275392017113],[85.34533404339935,27.682820232587158]]}},{"type":"Feature","properties":{},"geometry":{"type":"LineString","coordinates":[[85.34506409183773,27.682626634724],[85.3450575278655,27.682615218385884]]}},{"type":"Feature","properties":{},"geometry":{"type":"LineString","coordinates":[[85.3426004013506,27.673445265315266],[85.34252507453286,27.673489194041565],[85.34220516026474,27.673786811609876],[85.34224059815523,27.67382655103536]]}},{"type":"Feature","properties":{},"geometry":{"type":"LineString","coordinates":[[85.33359155450587,27.66751099897924],[85.33829678968507,27.670022889383798]]}},{"type":"Feature","properties":{},"geometry":{"type":"LineString","coordinates":[[85.34339028639067,27.681662731067288],[85.343441922999,27.681666894811734]]}},{"type":"Feature","properties":{},"geometry":{"type":"LineString","coordinates":[[85.34407709848843,27.684043659596075],[85.34409627773026,27.684242652350886]]}},{"type":"Feature","properties":{},"geometry":{"type":"LineString","coordinates":[[85.3410103597088,27.674718603176803],[85.3405767296705,27.674960087708026],[85.34025137135187,27.675175518888416],[85.33972842824134,27.675416223820164],[85.33952918442013,27.675501936771592],[85.33906243997284,27.675638513443285],[85.33860632843556,27.67582076165586],[85.33735847593758,27.676670863850845],[85.33630484500938,27.67730332641402],[85.33601458075086,27.677532945164348],[85.3355759741011,27.677944292602863],[85.33514704214562,27.67823884703027],[85.33442516803649,27.67857616438267]]}},{"type":"Feature","properties":{},"geometry":{"type":"LineString","coordinates":[[85.33442516803649,27.67857616438267],[85.33436629313846,27.678616602026395]]}},{"type":"Feature","properties":{},"geometry":{"type":"LineString","coordinates":[[85.33773684864838,27.67815127188854],[85.33777077848903,27.67836852226262],[85.33754066475124,27.678386567194373],[85.33726155989416,27.678350337022252],[85.33708721739482,27.678355269570847]]}},{"type":"Feature","properties":{},"geometry":{"type":"LineString","coordinates":[[85.33717954164531,27.678684265931683],[85.3372431130117,27.678868098652188],[85.33747736706296,27.679231102758983]]}},{"type":"Feature","properties":{},"geometry":{"type":"LineString","coordinates":[[85.33822989230686,27.679471264650047],[85.33820416510984,27.67946752718373]]}},{"type":"Feature","properties":{},"geometry":{"type":"LineString","coordinates":[[85.33820416510984,27.67946752718373],[85.33781019238869,27.67948692155875],[85.33758531724804,27.67953372335534]]}},{"type":"Feature","properties":{},"geometry":{"type":"LineString","coordinates":[[85.33999939571852,27.67924083158498],[85.34002543223927,27.679085264273507]]}},{"type":"Feature","properties":{},"geometry":{"type":"LineString","coordinates":[[85.34819293145412,27.680597166144285],[85.34828117377141,27.680789308706153],[85.34823969350944,27.680991145609624],[85.3482540087672,27.68116101775695],[85.34820403592515,27.681360989758993],[85.34807790324591,27.681605755262712]]}},{"type":"Feature","properties":{},"geometry":{"type":"LineString","coordinates":[[85.34806446692859,27.68169809442915],[85.3480085376394,27.681920458113325]]}},{"type":"Feature","properties":{},"geometry":{"type":"LineString","coordinates":[[85.34717472057255,27.68290199727004],[85.34689157660779,27.682964970321265]]}},{"type":"Feature","properties":{},"geometry":{"type":"LineString","coordinates":[[85.34689157660779,27.682964970321265],[85.34666778942277,27.683043611233394]]}},{"type":"Feature","properties":{},"geometry":{"type":"LineString","coordinates":[[85.34766710235955,27.68322535741054],[85.34744355805263,27.683081408622577],[85.34738486186156,27.683006216671142],[85.34723201455007,27.68294236909968],[85.34711199929656,27.68294309577385],[85.3469260887332,27.683008787078425]]}},{"type":"Feature","properties":{},"geometry":{"type":"LineString","coordinates":[[85.3462067835596,27.68353940123867],[85.34617216213137,27.68358803000254]]}},{"type":"Feature","properties":{},"geometry":{"type":"LineString","coordinates":[[85.34659051422305,27.68399810207295],[85.34664491470632,27.684141394169085],[85.34673008810411,27.684542834413424],[85.34698581314156,27.684807060421488]]}},{"type":"Feature","properties":{},"geometry":{"type":"LineString","coordinates":[[85.34665869735225,27.68559699326919],[85.3468530932555,27.685245003842407]]}},{"type":"Feature","properties":{},"geometry":{"type":"LineString","coordinates":[[85.34602596604257,27.67680373609383],[85.34733328187738,27.67768867087036]]}},{"type":"Feature","properties":{},"geometry":{"type":"LineString","coordinates":[[85.34400855468617,27.675788191954116],[85.3440123387992,27.67580757626537],[85.343643980612,27.675870213173216]]}},{"type":"Feature","properties":{},"geometry":{"type":"LineString","coordinates":[[85.34258420247592,27.68023572170432],[85.34248792479876,27.68023017234457],[85.34225387006437,27.680318624998105]]}},{"type":"Feature","properties":{},"geometry":{"type":"LineString","coordinates":[[85.34199294113836,27.679816795795453],[85.34185458780055,27.67982526355261],[85.34182587910607,27.67976075721577],[85.34161917047541,27.67979200912603],[85.3416011118696,27.679725985804616]]}},{"type":"Feature","properties":{},"geometry":{"type":"LineString","coordinates":[[85.34199294113836,27.679816795795453],[85.34199466244803,27.67991366689955],[85.34203781373704,27.68002929984197],[85.34219506799018,27.68032213614052]]}},{"type":"Feature","properties":{},"geometry":{"type":"LineString","coordinates":[[85.34559645312545,27.681648412826174],[85.34575729143451,27.68206553405872],[85.34597511444272,27.682329834350487],[85.34614018472354,27.68271157588084],[85.34632763799415,27.68272955023745],[85.34644085925014,27.682796446562953],[85.34656641053841,27.682893139869005],[85.34664085422708,27.683063518682207]]}},{"type":"Feature","properties":{},"geometry":{"type":"LineString","coordinates":[[85.34752749739756,27.68181569479127],[85.34750299661788,27.681846936892903],[85.34724182779757,27.681971928564845],[85.34697858256956,27.682191536092805],[85.34654484329342,27.682449100959506],[85.3465013188967,27.68272114969026],[85.34652535065968,27.682846455056257]]}},{"type":"Feature","properties":{},"geometry":{"type":"LineString","coordinates":[[85.34722376251548,27.680765758561765],[85.34744672728547,27.68167516969994],[85.34754394377723,27.681812219411057],[85.34750079010328,27.681871136987645],[85.34725206456397,27.681982779408074],[85.34700954391076,27.68219166463047],[85.3465534363084,27.682453911277374],[85.34651062765269,27.68272152256476],[85.34652535065968,27.682846455056257]]}},{"type":"Feature","properties":{},"geometry":{"type":"LineString","coordinates":[[85.3471942745526,27.680691640738665],[85.34720254054822,27.680752233228404]]}},{"type":"Feature","properties":{},"geometry":{"type":"LineString","coordinates":[[85.34652535065968,27.682846455056257],[85.34648836739674,27.682879733023615]]}},{"type":"Feature","properties":{},"geometry":{"type":"LineString","coordinates":[[85.34287689771357,27.68298360840352],[85.3425933935289,27.683030333102703]]}},{"type":"Feature","properties":{},"geometry":{"type":"LineString","coordinates":[[85.34334068556609,27.68291684405634],[85.34297981957559,27.68302650265987],[85.34261227634798,27.68307702531283],[85.3425933935289,27.683030333102703]]}},{"type":"Feature","properties":{},"geometry":{"type":"LineString","coordinates":[[85.34333285010405,27.682863396680197],[85.34334068556609,27.68291684405634]]}},{"type":"Feature","properties":{},"geometry":{"type":"LineString","coordinates":[[85.34333285010405,27.682863396680197],[85.34303400986046,27.682957387083825],[85.34287689771357,27.68298360840352]]}},{"type":"Feature","properties":{},"geometry":{"type":"LineString","coordinates":[[85.33958644077187,27.679946187002386],[85.33952030934744,27.680102139976594],[85.33931015992273,27.68030619897494]]}},{"type":"Feature","properties":{},"geometry":{"type":"LineString","coordinates":[[85.34096752907735,27.681566633194844],[85.34131552735428,27.68163194204069],[85.34204808827022,27.68157472817118],[85.34337984628459,27.681610565751637]]}},{"type":"Feature","properties":{},"geometry":{"type":"LineString","coordinates":[[85.33984753242731,27.67971060266852],[85.34008225003375,27.679993894575485]]}},{"type":"Feature","properties":{},"geometry":{"type":"LineString","coordinates":[[85.33996077745162,27.679927836611295],[85.3403214673983,27.680328271381235],[85.34052001846463,27.68049770335945],[85.34082529650463,27.680613607753532],[85.34086288260157,27.680645543619754],[85.34102036161259,27.680866196606758],[85.34105490191922,27.681063044168983]]}},{"type":"Feature","properties":{},"geometry":{"type":"LineString","coordinates":[[85.3409686355815,27.681173461071687],[85.34082657509516,27.681302846441266],[85.34068036361722,27.68137803856504]]}},{"type":"Feature","properties":{},"geometry":{"type":"LineString","coordinates":[[85.34002898373397,27.67825723797777],[85.34049860304492,27.678372927212965],[85.34089581960328,27.678386554991615],[85.3410104083783,27.67840906711924],[85.34134183900056,27.678373658692255]]}},{"type":"Feature","properties":{},"geometry":{"type":"LineString","coordinates":[[85.34134183900056,27.678373658692255],[85.34167833288659,27.678379229236008],[85.34180210800596,27.67867116058555],[85.34201459771357,27.678870529893633],[85.3421941041515,27.67894517260881],[85.34238814121657,27.67895964503325],[85.34325180152493,27.678796274799037]]}},{"type":"Feature","properties":{},"geometry":{"type":"LineString","coordinates":[[85.34325180152493,27.678796274799037],[85.34353238969373,27.678802301278314]]}},{"type":"Feature","properties":{},"geometry":{"type":"LineString","coordinates":[[85.33851155720349,27.675869286246076],[85.33735357385555,27.67666720381927]]}},{"type":"Feature","properties":{},"geometry":{"type":"LineString","coordinates":[[85.33755950369259,27.676958539798274],[85.33818250095116,27.67724662406489],[85.33828799076467,27.677340884313967],[85.33863568644009,27.67777984714697],[85.3388513061795,27.67795946110349]]}},{"type":"Feature","properties":{},"geometry":{"type":"LineString","coordinates":[[85.33896154363504,27.678006101256518],[85.33912825667527,27.67789742996899],[85.33946872906031,27.677876522940604]]}},{"type":"Feature","properties":{},"geometry":{"type":"LineString","coordinates":[[85.33848189980462,27.677487639889605],[85.3386878175885,27.677751864122943],[85.33896154363504,27.678006101256518]]}},{"type":"Feature","properties":{},"geometry":{"type":"LineString","coordinates":[[85.34089325980311,27.67843296891701],[85.34131174080572,27.67842732613583]]}},{"type":"Feature","properties":{},"geometry":{"type":"LineString","coordinates":[[85.34131174080572,27.67842732613583],[85.34134457652975,27.678425916029596]]}},{"type":"Feature","properties":{},"geometry":{"type":"LineString","coordinates":[[85.34935108137483,27.678881337768907],[85.34942033779218,27.679087418147084],[85.34938874924678,27.67966981030871],[85.34939468956917,27.68049641227795]]}},{"type":"Feature","properties":{},"geometry":{"type":"LineString","coordinates":[[85.34935002501545,27.680497263620538],[85.34914345936546,27.68051093856186],[85.34861961089442,27.680462750257707],[85.34826625385347,27.680548446858488],[85.3478040831808,27.68070763765618]]}},{"type":"Feature","properties":{},"geometry":{"type":"LineString","coordinates":[[85.34930874910617,27.680498899040586],[85.34930384499917,27.680458928616936],[85.34912136365207,27.680464894802075],[85.3486729237095,27.680404264787015],[85.34849008506811,27.680440386625765]]}},{"type":"Feature","properties":{},"geometry":{"type":"LineString","coordinates":[[85.34849008506811,27.680440386625765],[85.34782226233271,27.680657666036627],[85.34747676689256,27.680659357741725]]}},{"type":"Feature","properties":{},"geometry":{"type":"LineString","coordinates":[[85.3451179567554,27.68063908221302],[85.3449795948489,27.68076284004917],[85.34456435168063,27.680962114323847],[85.34444777416927,27.681096906669143],[85.34434525256091,27.68116285841732],[85.34330290011215,27.681333799179114]]}},{"type":"Feature","properties":{},"geometry":{"type":"LineString","coordinates":[[85.34131157709336,27.67843051200062],[85.34125107082798,27.678433079954964]]}},{"type":"Feature","properties":{},"geometry":{"type":"LineString","coordinates":[[85.34125107082798,27.678433079954964],[85.34089290339934,27.678436896178333]]}},{"type":"Feature","properties":{},"geometry":{"type":"LineString","coordinates":[[85.34534609778036,27.67874265456633],[85.34526350418965,27.678656840240993],[85.3443277248505,27.678841380790182],[85.34327771266857,27.678842442673083]]}},{"type":"Feature","properties":{},"geometry":{"type":"LineString","coordinates":[[85.34326649921779,27.681293536708104],[85.34300524616735,27.681277756738602],[85.34202743504397,27.68109508157247],[85.34172231926657,27.681015772183287],[85.34168001352883,27.68091872837572]]}},{"type":"Feature","properties":{},"geometry":{"type":"LineString","coordinates":[[85.34938419452766,27.680718685403757],[85.34933151075928,27.68140475905473]]}},{"type":"Feature","properties":{},"geometry":{"type":"LineString","coordinates":[[85.33941443704522,27.677492748366326],[85.33946872906031,27.677876522940604]]}},{"type":"Feature","properties":{},"geometry":{"type":"LineString","coordinates":[[85.33946872906031,27.677876522940604],[85.33946987094448,27.6779381648801],[85.33962663393362,27.67814801888775],[85.33970943943157,27.678216547825198],[85.34037652096346,27.678397981595403],[85.34065614197137,27.67843443102479],[85.34089290339934,27.678436896178333]]}},{"type":"Feature","properties":{},"geometry":{"type":"LineString","coordinates":[[85.34760156525063,27.677906049215146],[85.3464759428627,27.677149691654332],[85.34624474297794,27.677019047420806],[85.34549092075956,27.676482319896262],[85.34394897542369,27.67547695159024],[85.34372938116931,27.675303149159138],[85.34334379245553,27.674940456381066],[85.34241102886934,27.67402237555718]]}},{"type":"Feature","properties":{},"geometry":{"type":"LineString","coordinates":[[85.33984753242731,27.67971060266852],[85.33983818913477,27.67971528144187]]}},{"type":"Feature","properties":{},"geometry":{"type":"LineString","coordinates":[[85.34733328187738,27.67768867087036],[85.34731839794385,27.677705444208758]]}},{"type":"Feature","properties":{},"geometry":{"type":"LineString","coordinates":[[85.34508418189026,27.680512297360305],[85.34509620399969,27.68050866922084]]}},{"type":"Feature","properties":{},"geometry":{"type":"LineString","coordinates":[[85.34257635090285,27.683031712235444],[85.34258148654777,27.683048671329576]]}},{"type":"Feature","properties":{},"geometry":{"type":"LineString","coordinates":[[85.3329462619217,27.6670852993937],[85.33295058723485,27.667081573342962]]}},{"type":"Feature","properties":{},"geometry":{"type":"LineString","coordinates":[[85.33975385062458,27.67080398071805],[85.339757186915,27.670801363575627]]}},{"type":"Feature","properties":{},"geometry":{"type":"LineString","coordinates":[[85.33588624113976,27.677637210681382],[85.33584421913608,27.67761041894669]]}},{"type":"Feature","properties":{},"geometry":{"type":"LineString","coordinates":[[85.3422729156112,27.67298254506892],[85.34233180812126,27.6729379297306]]}},{"type":"Feature","properties":{},"geometry":{"type":"LineString","coordinates":[[85.34262865837563,27.679757957952976],[85.34264427418223,27.679804916133058]]}},{"type":"Feature","properties":{},"geometry":{"type":"LineString","coordinates":[[85.33853751836574,27.67589502440615],[85.33860391742851,27.676000388090387]]}},{"type":"Feature","properties":{},"geometry":{"type":"LineString","coordinates":[[85.33851860791388,27.675865015987416],[85.33853751836574,27.67589502440615]]}},{"type":"Feature","properties":{},"geometry":{"type":"LineString","coordinates":[[85.3423851013881,27.675162261617647],[85.34236863472114,27.675165526778382],[85.34244515949473,27.675499432365214]]}},{"type":"Feature","properties":{},"geometry":{"type":"LineString","coordinates":[[85.3435387690613,27.67883499774055],[85.3432779247313,27.678839542590246]]}},{"type":"Feature","properties":{},"geometry":{"type":"LineString","coordinates":[[85.34353238969373,27.678802301278314],[85.34349990476352,27.678630630260823]]}},{"type":"Feature","properties":{},"geometry":{"type":"LineString","coordinates":[[85.34289590014549,27.67793117063223],[85.34263255959621,27.678071119266235]]}},{"type":"Feature","properties":{},"geometry":{"type":"LineString","coordinates":[[85.34263255959621,27.678071119266235],[85.342162227693,27.678275164422672],[85.34176594818804,27.678339515143705],[85.34172301925356,27.678370229627614]]}},{"type":"Feature","properties":{},"geometry":{"type":"LineString","coordinates":[[85.34172301925356,27.678370229627614],[85.34160188207295,27.67842402204155]]}},{"type":"Feature","properties":{},"geometry":{"type":"LineString","coordinates":[[85.34172301925356,27.678370229627614],[85.3416596481744,27.67789916286243]]}},{"type":"Feature","properties":{},"geometry":{"type":"LineString","coordinates":[[85.34263255959621,27.678071119266235],[85.34252518684976,27.67783039279136]]}},{"type":"Feature","properties":{},"geometry":{"type":"LineString","coordinates":[[85.34184941470107,27.67881791379843],[85.34171575000923,27.678913196618907],[85.34149537133868,27.67879930999267],[85.34136836653664,27.678809286876167]]}},{"type":"Feature","properties":{},"geometry":{"type":"LineString","coordinates":[[85.34310639267724,27.678854690831894],[85.34257243264302,27.678960067822256]]}},{"type":"Feature","properties":{},"geometry":{"type":"LineString","coordinates":[[85.34257243264302,27.678960067822256],[85.34239964849526,27.67900111707693],[85.34225315793609,27.679003694383987]]}},{"type":"Feature","properties":{},"geometry":{"type":"LineString","coordinates":[[85.34424063291607,27.677840376229327],[85.34386911481802,27.677852956081438],[85.3438270925281,27.67791972204818],[85.34365653195377,27.67794281520137]]}},{"type":"Feature","properties":{},"geometry":{"type":"LineString","coordinates":[[85.33795224601478,27.677087654556637],[85.33813258935612,27.67680959768644]]}},{"type":"Feature","properties":{},"geometry":{"type":"LineString","coordinates":[[85.33813258935612,27.67680959768644],[85.33800018428114,27.6767450938359]]}},{"type":"Feature","properties":{},"geometry":{"type":"LineString","coordinates":[[85.33818695792719,27.67724379387376],[85.33867885557127,27.67680206869977],[85.33898238162463,27.676625287960555]]}},{"type":"Feature","properties":{},"geometry":{"type":"LineString","coordinates":[[85.33838383765725,27.677363989641268],[85.3389762703312,27.677085838059973]]}},{"type":"Feature","properties":{},"geometry":{"type":"LineString","coordinates":[[85.33848189980462,27.677487639889605],[85.33862076670017,27.677379731782832],[85.33886599432778,27.677346131089802]]}},{"type":"Feature","properties":{},"geometry":{"type":"LineString","coordinates":[[85.34171724301127,27.678614628428196],[85.341851766879,27.678816162117347],[85.34197356881728,27.678908341421142],[85.34221026805209,27.678998246791068]]}},{"type":"Feature","properties":{},"geometry":{"type":"LineString","coordinates":[[85.33831440262117,27.677913021836694],[85.33844643919164,27.67818758877709]]}},{"type":"Feature","properties":{},"geometry":{"type":"LineString","coordinates":[[85.33823153173242,27.67795089075826],[85.33811528240102,27.677554749409953]]}},{"type":"Feature","properties":{},"geometry":{"type":"LineString","coordinates":[[85.33795040028458,27.678050850303364],[85.33790973671478,27.677797083032942]]}},{"type":"Feature","properties":{},"geometry":{"type":"LineString","coordinates":[[85.33790973671478,27.677797083032942],[85.3378143477051,27.677224848868242]]}},{"type":"Feature","properties":{},"geometry":{"type":"LineString","coordinates":[[85.33796594119008,27.678050577378052],[85.33799662182572,27.678174768758485],[85.33829924984447,27.67812154135316]]}},{"type":"Feature","properties":{},"geometry":{"type":"LineString","coordinates":[[85.33865480036259,27.67780628026738],[85.33831440262117,27.677913021836694]]}},{"type":"Feature","properties":{},"geometry":{"type":"LineString","coordinates":[[85.33796594119008,27.678050577378052],[85.33795040028458,27.678050850303364]]}},{"type":"Feature","properties":{},"geometry":{"type":"LineString","coordinates":[[85.33795040028458,27.678050850303364],[85.33773684864838,27.67815127188854]]}},{"type":"Feature","properties":{},"geometry":{"type":"LineString","coordinates":[[85.33823153173242,27.67795089075826],[85.33796594119008,27.678050577378052]]}},{"type":"Feature","properties":{},"geometry":{"type":"LineString","coordinates":[[85.33831440262117,27.677913021836694],[85.33823153173242,27.67795089075826]]}},{"type":"Feature","properties":{},"geometry":{"type":"LineString","coordinates":[[85.33790973671478,27.677797083032942],[85.33759437714039,27.677908140516156]]}},{"type":"Feature","properties":{},"geometry":{"type":"LineString","coordinates":[[85.33773684864838,27.67815127188854],[85.33745836378468,27.678163573596418],[85.33729681556076,27.67808881191032]]}},{"type":"Feature","properties":{},"geometry":{"type":"LineString","coordinates":[[85.33792995035827,27.677150933193],[85.3378143477051,27.677224848868242]]}},{"type":"Feature","properties":{},"geometry":{"type":"LineString","coordinates":[[85.33897307595326,27.67810371906688],[85.33877202607549,27.678255287431437]]}},{"type":"Feature","properties":{},"geometry":{"type":"LineString","coordinates":[[85.3388513061795,27.67795946110349],[85.33873298138612,27.67805017572465]]}},{"type":"Feature","properties":{},"geometry":{"type":"LineString","coordinates":[[85.33831440262117,27.677913021836694],[85.33825611308185,27.677662936811394]]}},{"type":"Feature","properties":{},"geometry":{"type":"LineString","coordinates":[[85.34221302299542,27.679021182107952],[85.34221792281704,27.679178209581615],[85.34207520081478,27.679187877143924]]}},{"type":"Feature","properties":{},"geometry":{"type":"LineString","coordinates":[[85.34325648247876,27.678840738334856],[85.34325180152493,27.678796274799037]]}},{"type":"Feature","properties":{},"geometry":{"type":"LineString","coordinates":[[85.34206629636111,27.679188479969767],[85.34131488172964,27.679209683275964]]}},{"type":"Feature","properties":{},"geometry":{"type":"LineString","coordinates":[[85.33800506164063,27.677163785151716],[85.33818695792719,27.67724379387376]]}},{"type":"Feature","properties":{},"geometry":{"type":"LineString","coordinates":[[85.33818695792719,27.67724379387376],[85.33833813073856,27.677388718291965],[85.33866064682593,27.677803547956778]]}},{"type":"Feature","properties":{},"geometry":{"type":"LineString","coordinates":[[85.33866064682593,27.677803547956778],[85.33874719488132,27.677852218295207]]}},{"type":"Feature","properties":{},"geometry":{"type":"LineString","coordinates":[[85.3391868573215,27.678357548319724],[85.3395333642213,27.67890992968805],[85.33961788753444,27.679201939203608]]}},{"type":"Feature","properties":{},"geometry":{"type":"LineString","coordinates":[[85.34206831521973,27.679194433021024],[85.34212073200565,27.679580781898064],[85.34211422708803,27.679784661687407]]}},{"type":"Feature","properties":{},"geometry":{"type":"LineString","coordinates":[[85.3435397163745,27.678838129204774],[85.34359012025519,27.67900486722252]]}},{"type":"Feature","properties":{},"geometry":{"type":"LineString","coordinates":[[85.34221302299542,27.679021182107952],[85.34223628849331,27.67901862112009],[85.34224890091465,27.67911339056659],[85.34223342587416,27.67919690202847],[85.34207912757797,27.679205653040878],[85.34207520081478,27.679187877143924]]}},{"type":"Feature","properties":{},"geometry":{"type":"LineString","coordinates":[[85.34171724301127,27.678614628428196],[85.34171362884344,27.678615694399927]]}},{"type":"Feature","properties":{},"geometry":{"type":"LineString","coordinates":[[85.33800506164063,27.677163785151716],[85.33802416909452,27.6771416075892]]}},{"type":"Feature","properties":{},"geometry":{"type":"LineString","coordinates":[[85.34207520081478,27.679187877143924],[85.34206629636111,27.679188479969767]]}},{"type":"Feature","properties":{},"geometry":{"type":"LineString","coordinates":[[85.34359012025519,27.67900486722252],[85.34323086064234,27.67910731578964]]}},{"type":"Feature","properties":{},"geometry":{"type":"LineString","coordinates":[[85.3447891596324,27.677918036258305],[85.34505450147432,27.67786101344518],[85.34531039311665,27.67774427059486],[85.34537870362276,27.677759711624226],[85.345537633481,27.678258888801988]]}},{"type":"Feature","properties":{},"geometry":{"type":"LineString","coordinates":[[85.3447891596324,27.677918036258305],[85.3447615182302,27.677807333251934],[85.34477542067418,27.677788576387716],[85.34499262434063,27.67768204183677]]}},{"type":"Feature","properties":{},"geometry":{"type":"LineString","coordinates":[[85.34451295710414,27.677949201387786],[85.34451099183168,27.6780473218564],[85.34455916858042,27.678163431145375],[85.34474693079653,27.67810517668273],[85.34481536718766,27.67821959471582],[85.34487335560488,27.678233527232937]]}},{"type":"Feature","properties":{},"geometry":{"type":"LineString","coordinates":[[85.34373840552203,27.678796387329232],[85.34361821309736,27.678260674017686],[85.34372097865247,27.678251437729426]]}},{"type":"Feature","properties":{},"geometry":{"type":"LineString","coordinates":[[85.34526327525693,27.67864882370889],[85.34456224221334,27.67878506369167]]}},{"type":"Feature","properties":{},"geometry":{"type":"LineString","coordinates":[[85.34451295710414,27.677949201387786],[85.3447891596324,27.677918036258305]]}},{"type":"Feature","properties":{},"geometry":{"type":"LineString","coordinates":[[85.34553975097766,27.67826913915536],[85.34543359195196,27.67829817084228],[85.3452760484235,27.678382410811846],[85.34525583495488,27.67858182291168]]}},{"type":"Feature","properties":{},"geometry":{"type":"LineString","coordinates":[[85.34525583495488,27.67858182291168],[85.34526327525693,27.67864882370889]]}},{"type":"Feature","properties":{},"geometry":{"type":"LineString","coordinates":[[85.3456888571267,27.678268120309255],[85.34542771211129,27.678320010162857],[85.34530834008363,27.678375594171538],[85.3452870282857,27.67840136840131],[85.3452788650379,27.678579871430244],[85.34525583495488,27.67858182291168]]}},{"type":"Feature","properties":{},"geometry":{"type":"LineString","coordinates":[[85.34587001098348,27.67823569687937],[85.34553975097766,27.67826913915536]]}},{"type":"Feature","properties":{},"geometry":{"type":"LineString","coordinates":[[85.34533819377845,27.678718050327888],[85.34535854846303,27.678701633193874]]}},{"type":"Feature","properties":{},"geometry":{"type":"LineString","coordinates":[[85.34432780860126,27.678832534034687],[85.3435387690613,27.67883499774055]]}},{"type":"Feature","properties":{},"geometry":{"type":"LineString","coordinates":[[85.34450216037156,27.67879940927239],[85.34432780860126,27.678832534034687]]}},{"type":"Feature","properties":{},"geometry":{"type":"LineString","coordinates":[[85.34420627433218,27.67798591966909],[85.34421131482189,27.67822650479645],[85.34431541850464,27.678767203337753]]}},{"type":"Feature","properties":{},"geometry":{"type":"LineString","coordinates":[[85.34431541850464,27.678767203337753],[85.34432769617646,27.678823183113117]]}},{"type":"Feature","properties":{},"geometry":{"type":"LineString","coordinates":[[85.34455130510752,27.678787815740744],[85.34450216037156,27.67879940927239]]}},{"type":"Feature","properties":{},"geometry":{"type":"LineString","coordinates":[[85.34450515006048,27.678810911077075],[85.34450947739319,27.678827562607932]]}},{"type":"Feature","properties":{},"geometry":{"type":"LineString","coordinates":[[85.34420627433218,27.67798591966909],[85.34451295710414,27.677949201387786]]}},{"type":"Feature","properties":{},"geometry":{"type":"LineString","coordinates":[[85.33975947957828,27.679657933762257],[85.33983423337118,27.679688720580618]]}},{"type":"Feature","properties":{},"geometry":{"type":"LineString","coordinates":[[85.34232112054242,27.673908689600673],[85.34235018570163,27.673942665736146],[85.34233480638859,27.673954701412114]]}},{"type":"Feature","properties":{},"geometry":{"type":"LineString","coordinates":[[85.34510103715054,27.683171895819015],[85.34503964569802,27.683161924590948]]}},{"type":"Feature","properties":{},"geometry":{"type":"LineString","coordinates":[[85.34501996476864,27.683107913344042],[85.34461898590374,27.683053551143402]]}},{"type":"Feature","properties":{},"geometry":{"type":"LineString","coordinates":[[85.3382178165066,27.681188366397432],[85.33828283194043,27.681151706686048]]}},{"type":"Feature","properties":{},"geometry":{"type":"LineString","coordinates":[[85.34276885296585,27.677298890561875],[85.34283337526412,27.677582238268627],[85.34297884338088,27.677974046882706],[85.34301334224931,27.67817040714067]]}},{"type":"Feature","properties":{},"geometry":{"type":"LineString","coordinates":[[85.34270778750718,27.67677400880054],[85.3430613172876,27.6767031698004]]}},{"type":"Feature","properties":{},"geometry":{"type":"LineString","coordinates":[[85.34373840552203,27.678796387329232],[85.34426049800766,27.678781954381503],[85.34520563023676,27.678602474726283],[85.34528009665694,27.67861203339334],[85.3453846132056,27.678720987588527]]}},{"type":"Feature","properties":{},"geometry":{"type":"LineString","coordinates":[[85.34225387006437,27.680318624998105],[85.3424275170956,27.680478324560507],[85.34224071123035,27.680615830585268],[85.3423121611877,27.680761423107853],[85.34219338254208,27.681163833557004]]}},{"type":"Feature","properties":{},"geometry":{"type":"LineString","coordinates":[[85.33723524938384,27.676731005719162],[85.33724529662055,27.6767402827385]]}},{"type":"Feature","properties":{},"geometry":{"type":"LineString","coordinates":[[85.33983423337118,27.679688720580618],[85.33984753242731,27.67971060266852]]}},{"type":"Feature","properties":{},"geometry":{"type":"LineString","coordinates":[[85.34160026662992,27.67842774108449],[85.34168280030028,27.678507651365674],[85.34171724301127,27.678614628428196]]}},{"type":"Feature","properties":{},"geometry":{"type":"LineString","coordinates":[[85.34933151075928,27.68140475905473],[85.34927353384329,27.68215338710979]]}},{"type":"Feature","properties":{},"geometry":{"type":"LineString","coordinates":[[85.3422729156112,27.67298254506892],[85.34233624888272,27.673163130020956],[85.34258669480698,27.673437223817373]]}},{"type":"Feature","properties":{},"geometry":{"type":"LineString","coordinates":[[85.34526327525693,27.67864882370889],[85.34533819377845,27.678718050327888]]}},{"type":"Feature","properties":{},"geometry":{"type":"LineString","coordinates":[[85.3356800623769,27.677849555798154],[85.33567621689902,27.67798644867522]]}},{"type":"Feature","properties":{},"geometry":{"type":"LineString","coordinates":[[85.33974404872475,27.679648099588146],[85.33975947957828,27.679657933762257]]}},{"type":"Feature","properties":{},"geometry":{"type":"LineString","coordinates":[[85.34349843790706,27.675066202331557],[85.3434620429618,27.675069009997085]]}},{"type":"Feature","properties":{},"geometry":{"type":"LineString","coordinates":[[85.34926085372072,27.68228880634516],[85.34922564157515,27.68244579077521]]}},{"type":"Feature","properties":{},"geometry":{"type":"LineString","coordinates":[[85.34923567623154,27.678824629367973],[85.34927252365097,27.678822081036092],[85.34935108137483,27.678881337768907]]}},{"type":"Feature","properties":{},"geometry":{"type":"LineString","coordinates":[[85.343441922999,27.681666894811734],[85.34350029058346,27.681664676742436]]}},{"type":"Feature","properties":{},"geometry":{"type":"LineString","coordinates":[[85.34617216213137,27.68358803000254],[85.34614936297415,27.683577614827307]]}},{"type":"Feature","properties":{},"geometry":{"type":"LineString","coordinates":[[85.34617216213137,27.68358803000254],[85.34621413531266,27.683605532653637]]}},{"type":"Feature","properties":{},"geometry":{"type":"LineString","coordinates":[[85.34655107295534,27.683939919067885],[85.34659051422305,27.68399810207295]]}},{"type":"Feature","properties":{},"geometry":{"type":"LineString","coordinates":[[85.34563243777617,27.679914291348865],[85.34560101401307,27.679743953849798]]}},{"type":"Feature","properties":{},"geometry":{"type":"LineString","coordinates":[[85.34697167316233,27.679144525840016],[85.34698005847099,27.679177051162224]]}},{"type":"Feature","properties":{},"geometry":{"type":"LineString","coordinates":[[85.34902700708044,27.67890018286125],[85.34899619663732,27.678909293373458]]}},{"type":"Feature","properties":{},"geometry":{"type":"LineString","coordinates":[[85.3474252744641,27.677751727146635],[85.3473666948153,27.677783392136032]]}},{"type":"Feature","properties":{},"geometry":{"type":"LineString","coordinates":[[85.34736256175779,27.677784922299345],[85.34737776142512,27.677816946756234],[85.34730716261241,27.677844387859196],[85.3470631205579,27.677901046441676]]}},{"type":"Feature","properties":{},"geometry":{"type":"LineString","coordinates":[[85.34134457652975,27.678425916029596],[85.34160026662992,27.67842774108449]]}},{"type":"Feature","properties":{},"geometry":{"type":"LineString","coordinates":[[85.3478792316707,27.68115321380402],[85.34774696893625,27.68115812185669]]}},{"type":"Feature","properties":{},"geometry":{"type":"LineString","coordinates":[[85.34528171435855,27.683153281362454],[85.34511354439415,27.683120444351026]]}},{"type":"Feature","properties":{},"geometry":{"type":"LineString","coordinates":[[85.3450575278655,27.682615218385884],[85.34508216126613,27.682528571336814],[85.3450378838805,27.68237929566284]]}},{"type":"Feature","properties":{},"geometry":{"type":"LineString","coordinates":[[85.34211422708803,27.679784661687407],[85.34199294113836,27.679816795795453]]}},{"type":"Feature","properties":{},"geometry":{"type":"LineString","coordinates":[[85.33725379214694,27.67674812592558],[85.33734954412876,27.676827588112303]]}},{"type":"Feature","properties":{},"geometry":{"type":"LineString","coordinates":[[85.34690510037636,27.679134261708203],[85.34697167316233,27.679144525840016]]}},{"type":"Feature","properties":{},"geometry":{"type":"LineString","coordinates":[[85.34512273325296,27.68061599774655],[85.3451140313617,27.68062528216401]]}},{"type":"Feature","properties":{},"geometry":{"type":"LineString","coordinates":[[85.34908595475153,27.67876653078916],[85.34923567623154,27.678824629367973]]}},{"type":"Feature","properties":{},"geometry":{"type":"LineString","coordinates":[[85.34733328187738,27.67768867087036],[85.3474252744641,27.677751727146635]]}},{"type":"Feature","properties":{},"geometry":{"type":"LineString","coordinates":[[85.34256575115748,27.683032570074964],[85.3425411040573,27.683037136279367]]}},{"type":"Feature","properties":{},"geometry":{"type":"LineString","coordinates":[[85.33247655701742,27.666655284105776],[85.33294586956183,27.667085636740964]]}},{"type":"Feature","properties":{},"geometry":{"type":"LineString","coordinates":[[85.33589220455316,27.677641012580118],[85.33574801528445,27.677782757436123]]}},{"type":"Feature","properties":{},"geometry":{"type":"LineString","coordinates":[[85.33813258935612,27.67680959768644],[85.33814841901825,27.676747976144842]]}},{"type":"Feature","properties":{},"geometry":{"type":"LineString","coordinates":[[85.34325648247876,27.678840738334856],[85.34310639267724,27.678854690831894]]}},{"type":"Feature","properties":{},"geometry":{"type":"LineString","coordinates":[[85.34221011474868,27.679005847180733],[85.34221302299542,27.679021182107952]]}},{"type":"Feature","properties":{},"geometry":{"type":"LineString","coordinates":[[85.33794384883873,27.677136860355947],[85.33800506164063,27.677163785151716]]}},{"type":"Feature","properties":{},"geometry":{"type":"LineString","coordinates":[[85.33863970238048,27.675799409451862],[85.33851860791388,27.675865015987416]]}},{"type":"Feature","properties":{},"geometry":{"type":"LineString","coordinates":[[85.34352115471054,27.675086849186762],[85.34357508754105,27.675139864928678]]}},{"type":"Feature","properties":{},"geometry":{"type":"LineString","coordinates":[[85.33723524938384,27.676731005719162],[85.33719449758769,27.676756496564522]]}},{"type":"Feature","properties":{},"geometry":{"type":"LineString","coordinates":[[85.33735357385555,27.67666720381927],[85.33723524938384,27.676731005719162]]}},{"type":"Feature","properties":{},"geometry":{"type":"LineString","coordinates":[[85.3474252744641,27.677751727146635],[85.34751482660826,27.677803756593832]]}},{"type":"Feature","properties":{},"geometry":{"type":"LineString","coordinates":[[85.34939468956917,27.68049641227795],[85.3493866895195,27.680619377896544]]}},{"type":"Feature","properties":{},"geometry":{"type":"LineString","coordinates":[[85.34665869735225,27.68559699326919],[85.34658431296054,27.68563449543734]]}},{"type":"Feature","properties":{},"geometry":{"type":"LineString","coordinates":[[85.34680355189828,27.68554241385438],[85.34665869735225,27.68559699326919]]}},{"type":"Feature","properties":{},"geometry":{"type":"LineString","coordinates":[[85.34897505805598,27.678711460803783],[85.34908595475153,27.67876653078916]]}},{"type":"Feature","properties":{},"geometry":{"type":"LineString","coordinates":[[85.3392888457534,27.675545243906445],[85.33927149067023,27.6755483879311]]}},{"type":"Feature","properties":{},"geometry":{"type":"LineString","coordinates":[[85.3398496443177,27.675397407007758],[85.339863509934,27.67542510111549]]}},{"type":"Feature","properties":{},"geometry":{"type":"LineString","coordinates":[[85.34139143585172,27.67514388101979],[85.34138020277183,27.675152487773666]]}},{"type":"Feature","properties":{},"geometry":{"type":"LineString","coordinates":[[85.34058807886204,27.676678438225274],[85.3406183546683,27.676701680690307]]}},{"type":"Feature","properties":{},"geometry":{"type":"LineString","coordinates":[[85.33935721074575,27.677074163144255],[85.3392854059807,27.677065828230848]]}},{"type":"Feature","properties":{},"geometry":{"type":"LineString","coordinates":[[85.34269218674956,27.676959585283925],[85.34268976494744,27.676960042785932]]}},{"type":"Feature","properties":{},"geometry":{"type":"LineString","coordinates":[[85.34402791850918,27.67550210730533],[85.3440285182054,27.67558656125449]]}},{"type":"Feature","properties":{},"geometry":{"type":"LineString","coordinates":[[85.34432769617646,27.678823183113117],[85.34432780860126,27.678832534034687]]}},{"type":"Feature","properties":{},"geometry":{"type":"LineString","coordinates":[[85.34456224221334,27.67878506369167],[85.34455130510752,27.678787815740744]]}},{"type":"Feature","properties":{},"geometry":{"type":"LineString","coordinates":[[85.34690510037636,27.679134261708203],[85.34640828543745,27.679156811672506],[85.34633702732518,27.679135944961462],[85.3462040766788,27.67904380684878],[85.34578950902703,27.679087891402105],[85.34574636011354,27.679079769335853],[85.34560652713702,27.678978012962876]]}},{"type":"Feature","properties":{},"geometry":{"type":"LineString","coordinates":[[85.345537633481,27.678258888801988],[85.34553975097766,27.67826913915536]]}},{"type":"Feature","properties":{},"geometry":{"type":"LineString","coordinates":[[85.34310287475196,27.678851597209583],[85.34310639267724,27.678854690831894]]}},{"type":"Feature","properties":{},"geometry":{"type":"LineString","coordinates":[[85.34225315793609,27.679003694383987],[85.34221026805209,27.678998246791068]]}},{"type":"Feature","properties":{},"geometry":{"type":"LineString","coordinates":[[85.34221026805209,27.678998246791068],[85.34221011474868,27.679005847180733]]}},{"type":"Feature","properties":{},"geometry":{"type":"LineString","coordinates":[[85.34296719885451,27.677887051933475],[85.34292862842189,27.67791215180154]]}},{"type":"Feature","properties":{},"geometry":{"type":"LineString","coordinates":[[85.34292862842189,27.67791215180154],[85.34289590014549,27.67793117063223]]}},{"type":"Feature","properties":{},"geometry":{"type":"LineString","coordinates":[[85.34089664054088,27.67837167988479],[85.34089325980311,27.67843296891701]]}},{"type":"Feature","properties":{},"geometry":{"type":"LineString","coordinates":[[85.34160188207295,27.67842402204155],[85.34160026662992,27.67842774108449]]}},{"type":"Feature","properties":{},"geometry":{"type":"LineString","coordinates":[[85.34018707670704,27.678354686885317],[85.34018500962421,27.678360849129987]]}},{"type":"Feature","properties":{},"geometry":{"type":"LineString","coordinates":[[85.33947615538803,27.67785044238909],[85.33948407570415,27.677851087895704]]}},{"type":"Feature","properties":{},"geometry":{"type":"LineString","coordinates":[[85.33898238162463,27.676625287960555],[85.33899644220841,27.676613688149477]]}},{"type":"Feature","properties":{},"geometry":{"type":"LineString","coordinates":[[85.33794384883873,27.677136860355947],[85.33792995035827,27.677150933193]]}},{"type":"Feature","properties":{},"geometry":{"type":"LineString","coordinates":[[85.33866064682593,27.677803547956778],[85.33865480036259,27.67780628026738]]}},{"type":"Feature","properties":{},"geometry":{"type":"LineString","coordinates":[[85.33708721739482,27.678355269570847],[85.33705823678615,27.678356241179575]]}},{"type":"Feature","properties":{},"geometry":{"type":"LineString","coordinates":[[85.33973393094546,27.67964298628053],[85.33974404872475,27.679648099588146]]}},{"type":"Feature","properties":{},"geometry":{"type":"LineString","coordinates":[[85.33963267656712,27.679245019423195],[85.33962907280753,27.67924700336203]]}},{"type":"Feature","properties":{},"geometry":{"type":"LineString","coordinates":[[85.33747175016113,27.679782784738],[85.33747475794713,27.67980703456199]]}},{"type":"Feature","properties":{},"geometry":{"type":"LineString","coordinates":[[85.3382178165066,27.681188366397432],[85.33823346281699,27.681225292587186]]}},{"type":"Feature","properties":{},"geometry":{"type":"LineString","coordinates":[[85.33931015992273,27.68030619897494],[85.33930733753985,27.68030143123646]]}},{"type":"Feature","properties":{},"geometry":{"type":"LineString","coordinates":[[85.33964835940301,27.679637013639546],[85.33964449960631,27.67968327203713]]}},{"type":"Feature","properties":{},"geometry":{"type":"LineString","coordinates":[[85.33971112102299,27.67975168912521],[85.3396913419254,27.679848895449872],[85.33957413879439,27.680122266930063],[85.3394650090332,27.680252700932744],[85.33932940680693,27.680361543330708],[85.33932822911083,27.680406283278963],[85.33937595334305,27.680501064114058]]}},{"type":"Feature","properties":{},"geometry":{"type":"LineString","coordinates":[[85.34206629636111,27.679188479969767],[85.34206831521973,27.679194433021024]]}},{"type":"Feature","properties":{},"geometry":{"type":"LineString","coordinates":[[85.33938749333203,27.680652424577893],[85.33936650256231,27.68066195118505]]}},{"type":"Feature","properties":{},"geometry":{"type":"LineString","coordinates":[[85.33919786059687,27.682407954889502],[85.33918861737484,27.68241471339154]]}},{"type":"Feature","properties":{},"geometry":{"type":"LineString","coordinates":[[85.33956054942918,27.68082238528338],[85.3395451858186,27.680834637399354]]}},{"type":"Feature","properties":{},"geometry":{"type":"LineString","coordinates":[[85.33946624349953,27.680674749336763],[85.33960132008653,27.680778692194043],[85.339876882913,27.680889577138718],[85.34007516773102,27.680920422003844],[85.34032462190397,27.68101882944879]]}},{"type":"Feature","properties":{},"geometry":{"type":"LineString","coordinates":[[85.34818484397275,27.680571297184976],[85.34819293145412,27.680597166144285]]}},{"type":"Feature","properties":{},"geometry":{"type":"LineString","coordinates":[[85.3480085376394,27.681920458113325],[85.34799393870274,27.68197747358]]}},{"type":"Feature","properties":{},"geometry":{"type":"LineString","coordinates":[[85.34931921545144,27.680436709426434],[85.34933463043087,27.680497557609208]]}},{"type":"Feature","properties":{},"geometry":{"type":"LineString","coordinates":[[85.3493866895195,27.680619377896544],[85.34938419452766,27.680718685403757]]}},{"type":"Feature","properties":{},"geometry":{"type":"LineString","coordinates":[[85.34150404841644,27.680511013208946],[85.34145752593187,27.680526532448535]]}},{"type":"Feature","properties":{},"geometry":{"type":"LineString","coordinates":[[85.34482023800356,27.680091248307995],[85.34485972017839,27.680088880672827]]}},{"type":"Feature","properties":{},"geometry":{"type":"LineString","coordinates":[[85.3472095982987,27.680705210314894],[85.34705990568544,27.68070792140501],[85.34681733214441,27.68074809180284],[85.34640113003682,27.68084278015033],[85.3462808764047,27.68080457066247],[85.34603696023441,27.680667904757406],[85.34591780837778,27.680642451311027],[85.3457915500557,27.680650735280686],[85.34530152991796,27.680562321624574],[85.34525245111517,27.680561556582507],[85.34513107328779,27.680621973032288]]}},{"type":"Feature","properties":{},"geometry":{"type":"LineString","coordinates":[[85.34218428573466,27.6811616551155],[85.34219338254208,27.681163833557004]]}},{"type":"Feature","properties":{},"geometry":{"type":"LineString","coordinates":[[85.34134824247616,27.6810600941402],[85.34135024877213,27.681091166057165]]}},{"type":"Feature","properties":{},"geometry":{"type":"LineString","coordinates":[[85.343441922999,27.681666894811734],[85.34344348771255,27.68167661328966]]}},{"type":"Feature","properties":{},"geometry":{"type":"LineString","coordinates":[[85.34350029058346,27.681664676742436],[85.34350126312398,27.681672654328466]]}},{"type":"Feature","properties":{},"geometry":{"type":"LineString","coordinates":[[85.3455144495998,27.68139980711704],[85.34553419948075,27.681396171972143]]}},{"type":"Feature","properties":{},"geometry":{"type":"LineString","coordinates":[[85.34555383028106,27.681521714634563],[85.34558093228082,27.68151433685757]]}},{"type":"Feature","properties":{},"geometry":{"type":"LineString","coordinates":[[85.34598293337224,27.682300632562665],[85.34590277812634,27.682311023144113]]}},{"type":"Feature","properties":{},"geometry":{"type":"LineString","coordinates":[[85.34621413531266,27.683605532653637],[85.34624949481821,27.683630719204384]]}},{"type":"Feature","properties":{},"geometry":{"type":"LineString","coordinates":[[85.34621413531266,27.683605532653637],[85.34619814787378,27.683622131093188]]}},{"type":"Feature","properties":{},"geometry":{"type":"LineString","coordinates":[[85.34658530027586,27.683104578848145],[85.34653525407936,27.683174345556328]]}},{"type":"Feature","properties":{},"geometry":{"type":"LineString","coordinates":[[85.34461372951552,27.683107295070798],[85.34460865885733,27.683126137588363]]}},{"type":"Feature","properties":{},"geometry":{"type":"LineString","coordinates":[[85.34257635090285,27.683031712235444],[85.34256575115748,27.683032570074964]]}},{"type":"Feature","properties":{},"geometry":{"type":"LineString","coordinates":[[85.34676118770251,27.68307041469594],[85.34662863316835,27.68314804609102],[85.34624194285665,27.68356656921814],[85.3462067835596,27.68353940123867]]}},{"type":"Feature","properties":{},"geometry":{"type":"LineString","coordinates":[[85.34840670642967,27.68427955527254],[85.3482091087957,27.68432816878973],[85.34797725992117,27.684456139580345]]}},{"type":"Feature","properties":{},"geometry":{"type":"LineString","coordinates":[[85.34648836739674,27.682879733023615],[85.34648249738221,27.68288664692193]]}},{"type":"Feature","properties":{},"geometry":{"type":"LineString","coordinates":[[85.34548232788582,27.680576572078113],[85.34549522332027,27.680525428438855]]}},{"type":"Feature","properties":{},"geometry":{"type":"LineString","coordinates":[[85.34604930965791,27.680661527646773],[85.34607740519496,27.680609254941672]]}},{"type":"Feature","properties":{},"geometry":{"type":"LineString","coordinates":[[85.34705501507659,27.680640918619588],[85.34706276743832,27.680692727623835]]}},{"type":"Feature","properties":{},"geometry":{"type":"LineString","coordinates":[[85.3472095982987,27.680705210314894],[85.34722376251548,27.680765758561765]]}},{"type":"Feature","properties":{},"geometry":{"type":"LineString","coordinates":[[85.346999027106,27.67914528280369],[85.34697167316233,27.679144525840016]]}},{"type":"Feature","properties":{},"geometry":{"type":"LineString","coordinates":[[85.34923567623154,27.678824629367973],[85.34922246194944,27.678829283415958]]}},{"type":"Feature","properties":{},"geometry":{"type":"LineString","coordinates":[[85.34482115738524,27.679944815973553],[85.34485972017839,27.680088880672827]]}},{"type":"Feature","properties":{},"geometry":{"type":"LineString","coordinates":[[85.34258669480698,27.673437223817373],[85.3426004013506,27.673445265315266]]}},{"type":"Feature","properties":{},"geometry":{"type":"LineString","coordinates":[[85.33975385062458,27.67080398071805],[85.34074875970524,27.67154493514124],[85.34145479454926,27.672274659959083],[85.34155042310421,27.672399778092018],[85.34182399048193,27.672653396600033],[85.34194542185301,27.67266393966193],[85.3422729156112,27.67298254506892]]}},{"type":"Feature","properties":{},"geometry":{"type":"LineString","coordinates":[[85.33294586956183,27.667085636740964],[85.33359155450587,27.66751099897924]]}},{"type":"Feature","properties":{},"geometry":{"type":"LineString","coordinates":[[85.33436629313846,27.678616602026395],[85.33435713130302,27.678635305580514]]}},{"type":"Feature","properties":{},"geometry":{"type":"LineString","coordinates":[[85.34233480638859,27.673954701412114],[85.3423724519188,27.67398513840353]]}},{"type":"Feature","properties":{},"geometry":{"type":"LineString","coordinates":[[85.3423000168018,27.673918885957704],[85.34225577081138,27.67386546940689]]}},{"type":"Feature","properties":{},"geometry":{"type":"LineString","coordinates":[[85.33483187469247,27.67836465623929],[85.33478076402433,27.67830135674188]]}},{"type":"Feature","properties":{},"geometry":{"type":"LineString","coordinates":[[85.3372282133972,27.68037601993981],[85.3372238320683,27.680377460166525]]}},{"type":"Feature","properties":{},"geometry":{"type":"LineString","coordinates":[[85.3440578863965,27.683795776824798],[85.34405801454362,27.683795750377794]]}},{"type":"Feature","properties":{},"geometry":{"type":"LineString","coordinates":[[85.341765509742,27.67363411165317],[85.34170389059341,27.67355991321176]]}},{"type":"Feature","properties":{},"geometry":{"type":"LineString","coordinates":[[85.34182712895903,27.673708310972437],[85.341765509742,27.67363411165317]]}},{"type":"Feature","properties":{},"geometry":{"type":"LineString","coordinates":[[85.34933151075928,27.68140475905473],[85.34932808155632,27.681404377922206]]}},{"type":"Feature","properties":{},"geometry":{"type":"LineString","coordinates":[[85.34680355189828,27.68554241385438],[85.34680275671961,27.68554175993727]]}},{"type":"Feature","properties":{},"geometry":{"type":"LineString","coordinates":[[85.34897505805598,27.678711460803783],[85.34897298233892,27.678715734942205]]}},{"type":"Feature","properties":{},"geometry":{"type":"LineString","coordinates":[[85.34562219913194,27.676538728983203],[85.34561710037019,27.676542921837044]]}},{"type":"Feature","properties":{},"geometry":{"type":"LineString","coordinates":[[85.34241102886934,27.67402237555718],[85.34225821100185,27.673880307747865]]}},{"type":"Feature","properties":{},"geometry":{"type":"LineString","coordinates":[[85.34224180879472,27.673872735778268],[85.3422499338316,27.673884581581216]]}},{"type":"Feature","properties":{},"geometry":{"type":"LineString","coordinates":[[85.34195559380004,27.673618035195666],[85.34196394722854,27.673627240161228]]}},{"type":"Feature","properties":{},"geometry":{"type":"LineString","coordinates":[[85.34818484397275,27.680571297184976],[85.34779809641276,27.68070501110423],[85.34752050995708,27.680713121446832]]}},{"type":"Feature","properties":{},"geometry":{"type":"LineString","coordinates":[[85.34002543223927,27.679085264273507],[85.34000237988268,27.678971148759842],[85.34001963730903,27.67890731840898],[85.34011355051543,27.67887953683542]]}},{"type":"Feature","properties":{},"geometry":{"type":"LineString","coordinates":[[85.34002898373397,27.67825723797777],[85.34010567198467,27.6781000871238],[85.34009336987162,27.678026627866295],[85.34016892993483,27.678011667308176]]}},{"type":"Feature","properties":{},"geometry":{"type":"LineString","coordinates":[[85.34747173545077,27.680708702757915],[85.34747676689256,27.680659357741725]]}},{"type":"Feature","properties":{},"geometry":{"type":"LineString","coordinates":[[85.34752050995708,27.680713121446832],[85.34751884082918,27.680722437578677]]}},{"type":"Feature","properties":{},"geometry":{"type":"LineString","coordinates":[[85.3451140313617,27.68062528216401],[85.345080908064,27.680585268706686]]}},{"type":"Feature","properties":{},"geometry":{"type":"LineString","coordinates":[[85.34512273325296,27.68061599774655],[85.34513107328779,27.680621973032288]]}},{"type":"Feature","properties":{},"geometry":{"type":"LineString","coordinates":[[85.34327122355279,27.681330360619434],[85.34326649921779,27.681293536708104]]}},{"type":"Feature","properties":{},"geometry":{"type":"LineString","coordinates":[[85.34330094920169,27.681326225967343],[85.34330290011215,27.681333799179114]]}},{"type":"Feature","properties":{},"geometry":{"type":"LineString","coordinates":[[85.34161790891253,27.680949156332506],[85.34168001352883,27.68091872837572]]}},{"type":"Feature","properties":{},"geometry":{"type":"LineString","coordinates":[[85.34088148538038,27.68053635875098],[85.34088286121938,27.680529043778016]]}},{"type":"Feature","properties":{},"geometry":{"type":"LineString","coordinates":[[85.34241203450118,27.675503609244064],[85.34244515949473,27.675499432365214]]}},{"type":"Feature","properties":{},"geometry":{"type":"LineString","coordinates":[[85.3426793311577,27.67686593210634],[85.3427258544969,27.676859039032585]]}},{"type":"Feature","properties":{},"geometry":{"type":"LineString","coordinates":[[85.34417177155439,27.67738926873158],[85.34420318973103,27.677386979049437]]}},{"type":"Feature","properties":{},"geometry":{"type":"LineString","coordinates":[[85.34430263082113,27.677163189323213],[85.34429197856537,27.677122259236675]]}},{"type":"Feature","properties":{},"geometry":{"type":"LineString","coordinates":[[85.34560993889019,27.678975240444704],[85.34560652713702,27.678978012962876]]}},{"type":"Feature","properties":{},"geometry":{"type":"LineString","coordinates":[[85.34561831582539,27.678981788360705],[85.34566265368137,27.678943842846476]]}},{"type":"Feature","properties":{},"geometry":{"type":"LineString","coordinates":[[85.3432779247313,27.678839542590246],[85.34327771266857,27.678842442673083]]}},{"type":"Feature","properties":{},"geometry":{"type":"LineString","coordinates":[[85.3394344515977,27.677526539880795],[85.33948948499535,27.67751819482869]]}},{"type":"Feature","properties":{},"geometry":{"type":"LineString","coordinates":[[85.33942624995368,27.677491210327798],[85.33941443704522,27.677492748366326]]}},{"type":"Feature","properties":{},"geometry":{"type":"LineString","coordinates":[[85.34066845817934,27.674480747165074],[85.34068055456885,27.674491353581267]]}},{"type":"Feature","properties":{},"geometry":{"type":"LineString","coordinates":[[85.34339028639067,27.681662731067288],[85.34337984628459,27.681610565751637]]}},{"type":"Feature","properties":{},"geometry":{"type":"LineString","coordinates":[[85.3450104135748,27.68315743796962],[85.34501996476864,27.683107913344042]]}},{"type":"Feature","properties":{},"geometry":{"type":"LineString","coordinates":[[85.34689157660779,27.682964970321265],[85.3469260887332,27.683008787078425]]}},{"type":"Feature","properties":{},"geometry":{"type":"LineString","coordinates":[[85.34556143940038,27.681657511139157],[85.34559645312545,27.681648412826174]]}},{"type":"Feature","properties":{},"geometry":{"type":"LineString","coordinates":[[85.34549290269734,27.6764538670055],[85.34562219913194,27.676538728983203]]}},{"type":"Feature","properties":{},"geometry":{"type":"LineString","coordinates":[[85.33725379214694,27.67674812592558],[85.3373011813917,27.67679907625352],[85.33755950369259,27.676958539798274]]}},{"type":"Feature","properties":{},"geometry":{"type":"LineString","coordinates":[[85.34417177155439,27.67738926873158],[85.34419291288442,27.677671767902464]]}},{"type":"Feature","properties":{},"geometry":{"type":"LineString","coordinates":[[85.34533819377845,27.678718050327888],[85.34535029578949,27.678737559241462]]}},{"type":"Feature","properties":{},"geometry":{"type":"LineString","coordinates":[[85.34566265368137,27.678943842846476],[85.34575738031445,27.679027436251268],[85.3458829728656,27.67902566797895],[85.34607407845397,27.678985251891316]]}},{"type":"Feature","properties":{},"geometry":{"type":"LineString","coordinates":[[85.33615970138258,27.67908138606557],[85.33646839450812,27.679177605601495],[85.33656720766996,27.67924361915755]]}},{"type":"Feature","properties":{},"geometry":{"type":"LineString","coordinates":[[85.33294586956183,27.667085636740964],[85.3329462619217,27.6670852993937]]}},{"type":"Feature","properties":{},"geometry":{"type":"LineString","coordinates":[[85.34927353384329,27.68215338710979],[85.34926085372072,27.68228880634516]]}},{"type":"Feature","properties":{},"geometry":{"type":"LineString","coordinates":[[85.34225577081138,27.67386546940689],[85.34206521144627,27.67365793322245],[85.3419895914076,27.67360329721273],[85.34195559380004,27.673618035195666]]}},{"type":"Feature","properties":{},"geometry":{"type":"LineString","coordinates":[[85.3435387690613,27.67883499774055],[85.3435397163745,27.678838129204774]]}},{"type":"Feature","properties":{},"geometry":{"type":"LineString","coordinates":[[85.33589220455316,27.677641012580118],[85.33588624113976,27.677637210681382]]}},{"type":"Feature","properties":{},"geometry":{"type":"LineString","coordinates":[[85.34093148203435,27.681601414585202],[85.34093921337157,27.681602373647543]]}},{"type":"Feature","properties":{},"geometry":{"type":"LineString","coordinates":[[85.34450216037156,27.67879940927239],[85.34450515006048,27.678810911077075]]}},{"type":"Feature","properties":{},"geometry":{"type":"LineString","coordinates":[[85.34105490191922,27.681063044168983],[85.3409686355815,27.681173461071687]]}},{"type":"Feature","properties":{},"geometry":{"type":"LineString","coordinates":[[85.34138682777339,27.681060813435476],[85.34134824247616,27.6810600941402]]}},{"type":"Feature","properties":{},"geometry":{"type":"LineString","coordinates":[[85.33874719488132,27.677852218295207],[85.33892382941828,27.678027887941116],[85.3391868573215,27.678357548319724]]}},{"type":"Feature","properties":{},"geometry":{"type":"LineString","coordinates":[[85.33483735585287,27.67837144435088],[85.33477335737938,27.678401788700597]]}},{"type":"Feature","properties":{},"geometry":{"type":"LineString","coordinates":[[85.33483735585287,27.67837144435088],[85.33483187469247,27.67836465623929]]}},{"type":"Feature","properties":{},"geometry":{"type":"LineString","coordinates":[[85.33709733309217,27.67994787820045],[85.3372282133972,27.68037601993981]]}},{"type":"Feature","properties":{},"geometry":{"type":"LineString","coordinates":[[85.3440578863965,27.683795776824798],[85.34405982081368,27.68383294100885]]}},{"type":"Feature","properties":{},"geometry":{"type":"LineString","coordinates":[[85.34932808155632,27.681404377922206],[85.34932765542487,27.681404331326036]]}},{"type":"Feature","properties":{},"geometry":{"type":"LineString","coordinates":[[85.3492647434583,27.68244907821159],[85.34927237023933,27.68244971876875]]}},{"type":"Feature","properties":{},"geometry":{"type":"LineString","coordinates":[[85.33724529662055,27.6767402827385],[85.33725379214694,27.67674812592558]]}},{"type":"Feature","properties":{},"geometry":{"type":"LineString","coordinates":[[85.34273106978526,27.681249008970525],[85.34272524880916,27.68125891075102]]}},{"type":"Feature","properties":{},"geometry":{"type":"LineString","coordinates":[[85.34138787901584,27.680263575702607],[85.34139047070839,27.680273283933186]]}},{"type":"Feature","properties":{},"geometry":{"type":"LineString","coordinates":[[85.33851860791388,27.675865015987416],[85.33851155720349,27.675869286246076]]}},{"type":"Feature","properties":{},"geometry":{"type":"LineString","coordinates":[[85.33853751836574,27.67589502440615],[85.33884099962137,27.67638546157732]]}},{"type":"Feature","properties":{},"geometry":{"type":"LineString","coordinates":[[85.33884573722565,27.676384114918307],[85.33899644220841,27.676613688149477]]}},{"type":"Feature","properties":{},"geometry":{"type":"LineString","coordinates":[[85.33860391742851,27.676000388090387],[85.33864718181448,27.67597302255181],[85.33890197985495,27.676375682594298]]}},{"type":"Feature","properties":{},"geometry":{"type":"LineString","coordinates":[[85.3476798976086,27.67899242477972],[85.34769484868566,27.678940012946743]]}},{"type":"Feature","properties":{},"geometry":{"type":"LineString","coordinates":[[85.34930874910617,27.680498899040586],[85.34914136369571,27.680507571414992],[85.34881199642791,27.68048186031148]]}},{"type":"Feature","properties":{},"geometry":{"type":"LineString","coordinates":[[85.34881199642791,27.68048186031148],[85.3488115191198,27.680506312110413]]}},{"type":"Feature","properties":{},"geometry":{"type":"LineString","coordinates":[[85.34587167831052,27.680630954206308],[85.3458902316116,27.680650873165387]]}},{"type":"Feature","properties":{},"geometry":{"type":"LineString","coordinates":[[85.33903469827177,27.67563215805953],[85.33906841033463,27.6756730184061]]}},{"type":"Feature","properties":{},"geometry":{"type":"LineString","coordinates":[[85.3434620429618,27.675069009997085],[85.34344250980112,27.675070515637007]]}},{"type":"Feature","properties":{},"geometry":{"type":"LineString","coordinates":[[85.34495203511963,27.676102474866802],[85.34485059620178,27.676157203298292]]}},{"type":"Feature","properties":{},"geometry":{"type":"LineString","coordinates":[[85.34602596604257,27.67680373609383],[85.34594175357917,27.67683054192426]]}},{"type":"Feature","properties":{},"geometry":{"type":"LineString","coordinates":[[85.3458684346507,27.67821704838656],[85.34587001098348,27.67823569687937]]}},{"type":"Feature","properties":{},"geometry":{"type":"LineString","coordinates":[[85.34267845478465,27.676359587790724],[85.34267364952225,27.676361524044545]]}},{"type":"Feature","properties":{},"geometry":{"type":"LineString","coordinates":[[85.33948948499535,27.67751819482869],[85.33952071073611,27.67794963658706],[85.33962280421021,27.678073782970642],[85.3397230625634,27.678153507002772],[85.34002898373397,27.67825723797777]]}},{"type":"Feature","properties":{},"geometry":{"type":"LineString","coordinates":[[85.34295177006086,27.676305808815176],[85.34268263333415,27.676379355922716],[85.34267845478465,27.676359587790724]]}},{"type":"Feature","properties":{},"geometry":{"type":"LineString","coordinates":[[85.34558814575104,27.678962516746186],[85.34541069631005,27.678854011943173],[85.34534609778036,27.67874265456633]]}},{"type":"Feature","properties":{},"geometry":{"type":"LineString","coordinates":[[85.34420318973103,27.677386979049437],[85.34424063291607,27.677840376229327]]}},{"type":"Feature","properties":{},"geometry":{"type":"LineString","coordinates":[[85.34184941470107,27.67881791379843],[85.34173830637502,27.678669922935388],[85.34166358524459,27.678491882924806],[85.34159684077895,27.678435132610797],[85.34131157709336,27.67843051200062]]}},{"type":"Feature","properties":{},"geometry":{"type":"LineString","coordinates":[[85.33890197985495,27.676375682594298],[85.33902620614828,27.67656432690845]]}},{"type":"Feature","properties":{},"geometry":{"type":"LineString","coordinates":[[85.34301334224931,27.67817040714067],[85.34303248367476,27.67853490039134],[85.3430669476138,27.678685361644696],[85.34304807210184,27.67870498124438]]}},{"type":"Feature","properties":{},"geometry":{"type":"LineString","coordinates":[[85.34881199642791,27.68048186031148],[85.34861751626924,27.68045938221331],[85.34818484397275,27.680571297184976]]}},{"type":"Feature","properties":{},"geometry":{"type":"LineString","coordinates":[[85.3440520072779,27.675779311282568],[85.34400855468617,27.675788191954116]]}},{"type":"Feature","properties":{},"geometry":{"type":"LineString","coordinates":[[85.34929930808472,27.681796494754558],[85.34929386973882,27.682168697667407]]}},{"type":"Feature","properties":{},"geometry":{"type":"LineString","coordinates":[[85.3467003312378,27.680721031970762],[85.3464225656589,27.680788881782203],[85.34634862590845,27.680781002407674],[85.34606731332106,27.680628032156445],[85.34594615067212,27.680595336982226],[85.34576414664134,27.680590739104172],[85.34524482845777,27.68051465173733],[85.345080908064,27.680585268706686]]}},{"type":"Feature","properties":{},"geometry":{"type":"LineString","coordinates":[[85.33734954412876,27.676827588112303],[85.33739083036296,27.676789768424353],[85.33762125555113,27.676928225807053]]}},{"type":"Feature","properties":{},"geometry":{"type":"LineString","coordinates":[[85.33762125555113,27.676928225807053],[85.33795224601478,27.677087654556637]]}},{"type":"Feature","properties":{},"geometry":{"type":"LineString","coordinates":[[85.33795224601478,27.677087654556637],[85.33828003976174,27.67725271855352],[85.33838383765725,27.677363989641268]]}},{"type":"Feature","properties":{},"geometry":{"type":"LineString","coordinates":[[85.33896154363504,27.678006101256518],[85.33917992218332,27.678256599259413],[85.339485265866,27.678762567897884]]}},{"type":"Feature","properties":{},"geometry":{"type":"LineString","coordinates":[[85.33925545848945,27.678496345288668],[85.33955177649743,27.67896501490863],[85.33961461459465,27.679202159905564],[85.33964253560863,27.679505123006543]]}},{"type":"Feature","properties":{},"geometry":{"type":"LineString","coordinates":[[85.33897307595326,27.67810371906688],[85.33910710235531,27.67825144620093],[85.33925545848945,27.678496345288668]]}},{"type":"Feature","properties":{},"geometry":{"type":"LineString","coordinates":[[85.3388513061795,27.67795946110349],[85.33897307595326,27.67810371906688]]}},{"type":"Feature","properties":{},"geometry":{"type":"LineString","coordinates":[[85.33964253560863,27.679505123006543],[85.33964848422104,27.679623935313128]]}},{"type":"Feature","properties":{},"geometry":{"type":"LineString","coordinates":[[85.34032462190397,27.68101882944879],[85.34057139973537,27.681197996580565],[85.34084838254783,27.681485115070707],[85.34096752907735,27.681566633194844]]}},{"type":"Feature","properties":{},"geometry":{"type":"LineString","coordinates":[[85.33937595334305,27.680501064114058],[85.33946624349953,27.680674749336763]]}},{"type":"Feature","properties":{},"geometry":{"type":"LineString","coordinates":[[85.34908595475153,27.67876653078916],[85.34905897288168,27.678794698414684],[85.34866396685882,27.67859985527875],[85.34760156525063,27.677906049215146]]}},{"type":"Feature","properties":{},"geometry":{"type":"LineString","coordinates":[[85.34249412548462,27.67577995592039],[85.34254474204559,27.67609151192776],[85.34264354604372,27.676373650730863],[85.34270778750718,27.67677400880054]]}},{"type":"Feature","properties":{},"geometry":{"type":"LineString","coordinates":[[85.3427258544969,27.676859039032585],[85.34276885296585,27.677298890561875]]}},{"type":"Feature","properties":{},"geometry":{"type":"LineString","coordinates":[[85.34939468956917,27.68049641227795],[85.34935002501545,27.680497263620538]]}},{"type":"Feature","properties":{},"geometry":{"type":"LineString","coordinates":[[85.34666778942277,27.683043611233394],[85.34665827480524,27.683050643189173]]}},{"type":"Feature","properties":{},"geometry":{"type":"LineString","coordinates":[[85.34665827480524,27.683050643189173],[85.34664085422708,27.683063518682207]]}},{"type":"Feature","properties":{},"geometry":{"type":"LineString","coordinates":[[85.33838383765725,27.677363989641268],[85.33848189980462,27.677487639889605]]}},{"type":"Feature","properties":{},"geometry":{"type":"LineString","coordinates":[[85.34747676689256,27.680659357741725],[85.34716548006963,27.68066054973738],[85.3467003312378,27.680721031970762]]}},{"type":"Feature","properties":{},"geometry":{"type":"LineString","coordinates":[[85.34747173545077,27.680708702757915],[85.3471942745526,27.680691640738665]]}},{"type":"Feature","properties":{},"geometry":{"type":"LineString","coordinates":[[85.34416907919183,27.677369753970407],[85.34417177155439,27.67738926873158]]}},{"type":"Feature","properties":{},"geometry":{"type":"LineString","coordinates":[[85.34429197856537,27.677122259236675],[85.3441676968965,27.67717472033268],[85.34420318973103,27.677386979049437]]}},{"type":"Feature","properties":{},"geometry":{"type":"LineString","coordinates":[[85.34560652713702,27.678978012962876],[85.34558814575104,27.678962516746186]]}},{"type":"Feature","properties":{},"geometry":{"type":"LineString","coordinates":[[85.34535029578949,27.678737559241462],[85.34541864296719,27.678847738431504],[85.34560993889019,27.678975240444704]]}},{"type":"Feature","properties":{},"geometry":{"type":"LineString","coordinates":[[85.34560993889019,27.678975240444704],[85.34561831582539,27.678981788360705]]}},{"type":"Feature","properties":{},"geometry":{"type":"LineString","coordinates":[[85.3453846132056,27.678720987588527],[85.34566265368137,27.678943842846476]]}},{"type":"Feature","properties":{},"geometry":{"type":"LineString","coordinates":[[85.34327771266857,27.678842442673083],[85.34310698349218,27.678856252100125],[85.3423994842769,27.679009441186082],[85.34221011474868,27.679005847180733]]}},{"type":"Feature","properties":{},"geometry":{"type":"LineString","coordinates":[[85.34221011474868,27.679005847180733],[85.34197106012451,27.67891891190455],[85.34184941470107,27.67881791379843]]}},{"type":"Feature","properties":{},"geometry":{"type":"LineString","coordinates":[[85.3432779247313,27.678839542590246],[85.34325648247876,27.678840738334856]]}},{"type":"Feature","properties":{},"geometry":{"type":"LineString","coordinates":[[85.34131174080572,27.67842732613583],[85.34131157709336,27.67843051200062]]}},{"type":"Feature","properties":{},"geometry":{"type":"LineString","coordinates":[[85.33884099962137,27.67638546157732],[85.33919093317658,27.67690813206509],[85.33928347079208,27.677093629894813],[85.33941443704522,27.677492748366326]]}},{"type":"Feature","properties":{},"geometry":{"type":"LineString","coordinates":[[85.3394418367895,27.677364904115265],[85.33948948499535,27.67751819482869]]}},{"type":"Feature","properties":{},"geometry":{"type":"LineString","coordinates":[[85.33935543121025,27.677297434797648],[85.33942624995368,27.677491210327798]]}},{"type":"Feature","properties":{},"geometry":{"type":"LineString","coordinates":[[85.33942624995368,27.677491210327798],[85.3394344515977,27.677526539880795]]}},{"type":"Feature","properties":{},"geometry":{"type":"LineString","coordinates":[[85.34779087590708,27.679091824941747],[85.3476798976086,27.67899242477972]]}},{"type":"Feature","properties":{},"geometry":{"type":"LineString","coordinates":[[85.3473666948153,27.677783392136032],[85.34736256175779,27.677784922299345]]}},{"type":"Feature","properties":{},"geometry":{"type":"LineString","coordinates":[[85.34933463043087,27.680497557609208],[85.34930874910617,27.680498899040586]]}},{"type":"Feature","properties":{},"geometry":{"type":"LineString","coordinates":[[85.34751884082918,27.680722437578677],[85.3472095982987,27.680705210314894]]}},{"type":"Feature","properties":{},"geometry":{"type":"LineString","coordinates":[[85.34151883278084,27.68050608087284],[85.34150404841644,27.680511013208946]]}},{"type":"Feature","properties":{},"geometry":{"type":"LineString","coordinates":[[85.3440285182054,27.67558656125449],[85.34402970179492,27.67559627517641]]}},{"type":"Feature","properties":{},"geometry":{"type":"LineString","coordinates":[[85.34182712895903,27.673708310972437],[85.34168748718774,27.673785953328675],[85.34140127973691,27.673872058633354],[85.34130117126489,27.67393665813219],[85.34090832441478,27.674228935203818],[85.34066845817934,27.674480747165074]]}},{"type":"Feature","properties":{},"geometry":{"type":"LineString","coordinates":[[85.34068055456885,27.674491353581267],[85.34008620657903,27.674934963787294],[85.33926607582298,27.67547333332166]]}},{"type":"Feature","properties":{},"geometry":{"type":"LineString","coordinates":[[85.34511354439415,27.683120444351026],[85.34501996476864,27.683107913344042]]}},{"type":"Feature","properties":{},"geometry":{"type":"LineString","coordinates":[[85.34503964569802,27.683161924590948],[85.3450104135748,27.68315743796962]]}},{"type":"Feature","properties":{},"geometry":{"type":"LineString","coordinates":[[85.3469260887332,27.683008787078425],[85.34676118770251,27.68307041469594]]}},{"type":"Feature","properties":{},"geometry":{"type":"LineString","coordinates":[[85.34556143940038,27.681657511139157],[85.34556596180349,27.681676237238015]]}},{"type":"Feature","properties":{},"geometry":{"type":"LineString","coordinates":[[85.34555383028106,27.681521714634563],[85.34559645312545,27.681648412826174]]}},{"type":"Feature","properties":{},"geometry":{"type":"LineString","coordinates":[[85.3425933935289,27.683030333102703],[85.34257635090285,27.683031712235444]]}},{"type":"Feature","properties":{},"geometry":{"type":"LineString","coordinates":[[85.34225821100185,27.673880307747865],[85.3422499338316,27.673884581581216]]}},{"type":"Feature","properties":{},"geometry":{"type":"LineString","coordinates":[[85.34225577081138,27.67386546940689],[85.34224180879472,27.673872735778268]]}},{"type":"Feature","properties":{},"geometry":{"type":"LineString","coordinates":[[85.34195559380004,27.673618035195666],[85.34182712895903,27.673708310972437]]}},{"type":"Feature","properties":{},"geometry":{"type":"LineString","coordinates":[[85.34225821100185,27.673880307747865],[85.34200176831293,27.673615153616872],[85.34196394722854,27.673627240161228]]}},{"type":"Feature","properties":{},"geometry":{"type":"LineString","coordinates":[[85.34935002501545,27.680497263620538],[85.34933463043087,27.680497557609208]]}},{"type":"Feature","properties":{},"geometry":{"type":"LineString","coordinates":[[85.34353238969373,27.678802301278314],[85.34373840552203,27.678796387329232]]}},{"type":"Feature","properties":{},"geometry":{"type":"LineString","coordinates":[[85.34076140583906,27.677072368819655],[85.34080838234256,27.67712257476629]]}},{"type":"Feature","properties":{},"geometry":{"type":"LineString","coordinates":[[85.3478040831808,27.68070763765618],[85.34751884082918,27.680722437578677]]}},{"type":"Feature","properties":{},"geometry":{"type":"LineString","coordinates":[[85.34752050995708,27.680713121446832],[85.34747173545077,27.680708702757915]]}},{"type":"Feature","properties":{},"geometry":{"type":"LineString","coordinates":[[85.34512856851254,27.6806097721377],[85.34512273325296,27.68061599774655]]}},{"type":"Feature","properties":{},"geometry":{"type":"LineString","coordinates":[[85.34513107328779,27.680621973032288],[85.3451179567554,27.68063908221302]]}},{"type":"Feature","properties":{},"geometry":{"type":"LineString","coordinates":[[85.3451140313617,27.68062528216401],[85.34510892463649,27.680630728545356]]}},{"type":"Feature","properties":{},"geometry":{"type":"LineString","coordinates":[[85.345080908064,27.680585268706686],[85.34507431335615,27.6805890113334]]}},{"type":"Feature","properties":{},"geometry":{"type":"LineString","coordinates":[[85.34507431335615,27.6805890113334],[85.34501724674602,27.680686068161947],[85.34461817864234,27.680865524414973],[85.34435353941086,27.681103731767937],[85.34407788176388,27.681168332030634],[85.34326649921779,27.681293536708104]]}},{"type":"Feature","properties":{},"geometry":{"type":"LineString","coordinates":[[85.34327122355279,27.681330360619434],[85.34307351476734,27.681331287196834]]}},{"type":"Feature","properties":{},"geometry":{"type":"LineString","coordinates":[[85.34330094920169,27.681326225967343],[85.34327122355279,27.681330360619434]]}},{"type":"Feature","properties":{},"geometry":{"type":"LineString","coordinates":[[85.34330290011215,27.681333799179114],[85.34308892059931,27.681341673078993],[85.34163226350046,27.681058704338266]]}},{"type":"Feature","properties":{},"geometry":{"type":"LineString","coordinates":[[85.34168001352883,27.68091872837572],[85.34150404841644,27.680511013208946]]}},{"type":"Feature","properties":{},"geometry":{"type":"LineString","coordinates":[[85.34145752593187,27.680526532448535],[85.34161790891253,27.680949156332506]]}},{"type":"Feature","properties":{},"geometry":{"type":"LineString","coordinates":[[85.34067059805105,27.68051630213835],[85.34088148538038,27.68053635875098]]}},{"type":"Feature","properties":{},"geometry":{"type":"LineString","coordinates":[[85.34088286121938,27.680529043778016],[85.34128810949925,27.680535742298485],[85.34145139391296,27.68050078584239]]}},{"type":"Feature","properties":{},"geometry":{"type":"LineString","coordinates":[[85.34244515949473,27.675499432365214],[85.34245352638403,27.67553468522966]]}},{"type":"Feature","properties":{},"geometry":{"type":"LineString","coordinates":[[85.34233790849736,27.675145595293852],[85.34241203450118,27.675503609244064]]}},{"type":"Feature","properties":{},"geometry":{"type":"LineString","coordinates":[[85.34270778750718,27.67677400880054],[85.3427258544969,27.676859039032585]]}},{"type":"Feature","properties":{},"geometry":{"type":"LineString","coordinates":[[85.3426793311577,27.67686593210634],[85.34269218674956,27.676959585283925]]}},{"type":"Feature","properties":{},"geometry":{"type":"LineString","coordinates":[[85.34430263082113,27.677163189323213],[85.34427934405164,27.677162954299764]]}},{"type":"Feature","properties":{},"geometry":{"type":"LineString","coordinates":[[85.3433588200985,27.681657580184392],[85.34339028639067,27.681662731067288]]}},{"type":"Feature","properties":{},"geometry":{"type":"LineString","coordinates":[[85.34337984628459,27.681610565751637],[85.3439560326073,27.681616865949973],[85.34467068185852,27.68140563299009],[85.34515197083665,27.681307362878968]]}},{"type":"Feature","properties":{},"geometry":{"type":"LineString","coordinates":[[85.34508418189026,27.680512297360305],[85.34510776477758,27.680564087100493]]}},{"type":"Feature","properties":{},"geometry":{"type":"LineString","coordinates":[[85.34510776477758,27.680564087100493],[85.34512856851254,27.6806097721377]]}},{"type":"Feature","properties":{},"geometry":{"type":"LineString","coordinates":[[85.33829678968507,27.670022889383798],[85.33975385062458,27.67080398071805]]}},{"type":"Feature","properties":{},"geometry":{"type":"LineString","coordinates":[[85.34026867228636,27.67627450515424],[85.34027433085662,27.676279432311343]]}},{"type":"Feature","properties":{},"geometry":{"type":"LineString","coordinates":[[85.34034698019789,27.67671687775825],[85.3403599463283,27.676848823320075],[85.34047016238259,27.676849167240672]]}},{"type":"Feature","properties":{},"geometry":{"type":"LineString","coordinates":[[85.34034645003064,27.676717075383632],[85.34035933308355,27.676852974044476]]}},{"type":"Feature","properties":{},"geometry":{"type":"LineString","coordinates":[[85.34064213336099,27.676719935418113],[85.34061022851488,27.676753360233402]]}},{"type":"Feature","properties":{},"geometry":{"type":"LineString","coordinates":[[85.34072682796435,27.676805855150086],[85.3406831362132,27.67682052268479]]}},{"type":"Feature","properties":{},"geometry":{"type":"LineString","coordinates":[[85.34074337953373,27.676954963306926],[85.3407010910001,27.676953789757235]]}},{"type":"Feature","properties":{},"geometry":{"type":"LineString","coordinates":[[85.34073591591704,27.67690827316815],[85.34075446878704,27.676906853655822]]}},{"type":"Feature","properties":{},"geometry":{"type":"LineString","coordinates":[[85.34098179851738,27.676782049964107],[85.34098212843217,27.676804764916522]]}},{"type":"Feature","properties":{},"geometry":{"type":"LineString","coordinates":[[85.34099317692095,27.676782423612202],[85.3409924082553,27.676804442172866]]}},{"type":"Feature","properties":{},"geometry":{"type":"LineString","coordinates":[[85.34034753076041,27.67671667225424],[85.34033785773985,27.676676654391727]]}},{"type":"Feature","properties":{},"geometry":{"type":"LineString","coordinates":[[85.34050918907128,27.676700866610005],[85.3405080366778,27.6766586592477]]}},{"type":"Feature","properties":{},"geometry":{"type":"LineString","coordinates":[[85.33957214736036,27.676742843151445],[85.33956585328318,27.67674333631423]]}},{"type":"Feature","properties":{},"geometry":{"type":"LineString","coordinates":[[85.33957242629124,27.676747191394835],[85.33958952127757,27.676744297838912]]}},{"type":"Feature","properties":{},"geometry":{"type":"LineString","coordinates":[[85.33962752928153,27.676624750612735],[85.33961457715859,27.676573988197315]]}},{"type":"Feature","properties":{},"geometry":{"type":"LineString","coordinates":[[85.33970057681334,27.676598085612632],[85.33970466046446,27.676603244825902]]}},{"type":"Feature","properties":{},"geometry":{"type":"LineString","coordinates":[[85.33956565863818,27.676644463590875],[85.33955913771135,27.676631333576363]]}},{"type":"Feature","properties":{},"geometry":{"type":"LineString","coordinates":[[85.33978818639247,27.67655152408415],[85.339790575325,27.676558335417848]]}},{"type":"Feature","properties":{},"geometry":{"type":"LineString","coordinates":[[85.33974427275274,27.67696017109627],[85.33972981769098,27.67693021623207]]}},{"type":"Feature","properties":{},"geometry":{"type":"LineString","coordinates":[[85.33973691520153,27.676964215709756],[85.3397428432151,27.676982030091164]]}},{"type":"Feature","properties":{},"geometry":{"type":"LineString","coordinates":[[85.33980102006262,27.676928973902122],[85.33978293760744,27.676897274251147]]}},{"type":"Feature","properties":{},"geometry":{"type":"LineString","coordinates":[[85.33980972092093,27.67692419084893],[85.3398237024418,27.67695113632675]]}},{"type":"Feature","properties":{},"geometry":{"type":"LineString","coordinates":[[85.34000982866083,27.676867527648863],[85.34000431741588,27.67682442687229]]}},{"type":"Feature","properties":{},"geometry":{"type":"LineString","coordinates":[[85.33957575736726,27.677006289882275],[85.33957585625532,27.677023078590437]]}},{"type":"Feature","properties":{},"geometry":{"type":"LineString","coordinates":[[85.33954304815947,27.67701377439085],[85.33954569674448,27.677026476206823]]}},{"type":"Feature","properties":{},"geometry":{"type":"LineString","coordinates":[[85.3400718859705,27.676860080630274],[85.34006616592579,27.676827167200766]]}},{"type":"Feature","properties":{},"geometry":{"type":"LineString","coordinates":[[85.33944717250802,27.677035871279912],[85.33945702840222,27.67705144568488]]}},{"type":"Feature","properties":{},"geometry":{"type":"LineString","coordinates":[[85.33936295344988,27.677071718375576],[85.33936993758817,27.677085860300608]]}},{"type":"Feature","properties":{},"geometry":{"type":"LineString","coordinates":[[85.3399835544409,27.676354223001226],[85.33997623694155,27.676363466827105]]}},{"type":"Feature","properties":{},"geometry":{"type":"LineString","coordinates":[[85.34023345827784,27.676302372915202],[85.34023777555919,27.676314946696426]]}},{"type":"Feature","properties":{},"geometry":{"type":"LineString","coordinates":[[85.34068795319368,27.677071566571616],[85.3406869016182,27.677084730379246]]}},{"type":"Feature","properties":{},"geometry":{"type":"LineString","coordinates":[[85.34000248209922,27.675619478349294],[85.33997556906733,27.675671896650616]]}},{"type":"Feature","properties":{},"geometry":{"type":"LineString","coordinates":[[85.3399981149968,27.6756175116963],[85.33996306033205,27.67567333795383]]}},{"type":"Feature","properties":{},"geometry":{"type":"LineString","coordinates":[[85.33998622904448,27.67561216061361],[85.33994646176605,27.67563187872565]]}},{"type":"Feature","properties":{},"geometry":{"type":"LineString","coordinates":[[85.34014148314678,27.675623008678755],[85.34013794804203,27.675610267366192]]}},{"type":"Feature","properties":{},"geometry":{"type":"LineString","coordinates":[[85.33993614734989,27.67549476528136],[85.33995618381188,27.675491895190408]]}},{"type":"Feature","properties":{},"geometry":{"type":"LineString","coordinates":[[85.3415123726773,27.67434732798633],[85.34143491819918,27.674244459691646],[85.34141235525134,27.6742550066802]]}},{"type":"Feature","properties":{},"geometry":{"type":"LineString","coordinates":[[85.34151204365796,27.674347565932177],[85.34143491819918,27.674244459691646],[85.34141201575629,27.674255468334238]]}},{"type":"Feature","properties":{},"geometry":{"type":"LineString","coordinates":[[85.34151373263452,27.674346290082863],[85.34143491819918,27.674244459691646],[85.34148153383795,27.6742110501136]]}},{"type":"Feature","properties":{},"geometry":{"type":"LineString","coordinates":[[85.34151453467663,27.67434567692158],[85.34143491819918,27.674244459691646],[85.34149486678129,27.674196844661996]]}},{"type":"Feature","properties":{},"geometry":{"type":"LineString","coordinates":[[85.34154470191156,27.67444172073675],[85.34156924896907,27.674422844327058]]}},{"type":"Feature","properties":{},"geometry":{"type":"LineString","coordinates":[[85.3415555116945,27.674452071595933],[85.34154727586015,27.67445890643038]]}},{"type":"Feature","properties":{},"geometry":{"type":"LineString","coordinates":[[85.34155997875015,27.674456682079533],[85.3415496836044,27.67446555099]]}},{"type":"Feature","properties":{},"geometry":{"type":"LineString","coordinates":[[85.3415692533799,27.674471817058443],[85.34159574363608,27.67445362728642]]}},{"type":"Feature","properties":{},"geometry":{"type":"LineString","coordinates":[[85.34161921612302,27.67452374896136],[85.34162226906932,27.674526874958303]]}},{"type":"Feature","properties":{},"geometry":{"type":"LineString","coordinates":[[85.34131792748438,27.674504434575105],[85.34132914836364,27.674516696571487]]}},{"type":"Feature","properties":{},"geometry":{"type":"LineString","coordinates":[[85.3412505371842,27.67456058974533],[85.34125781255396,27.674568815206705]]}},{"type":"Feature","properties":{},"geometry":{"type":"LineString","coordinates":[[85.3411000098492,27.674665744581223],[85.34112895620287,27.674693546963177]]}},{"type":"Feature","properties":{},"geometry":{"type":"LineString","coordinates":[[85.34028300528425,27.67561770237164],[85.3402828234164,27.675606126725445]]}},{"type":"Feature","properties":{},"geometry":{"type":"LineString","coordinates":[[85.34028988270296,27.675617513103955],[85.34029081373284,27.675586438447848]]}},{"type":"Feature","properties":{},"geometry":{"type":"LineString","coordinates":[[85.34194510735038,27.674309783821368],[85.34194909287557,27.67431493096546]]}},{"type":"Feature","properties":{},"geometry":{"type":"LineString","coordinates":[[85.34185950297407,27.674404862437715],[85.34186370031743,27.67439833304627]]}},{"type":"Feature","properties":{},"geometry":{"type":"LineString","coordinates":[[85.34190894824246,27.674461463285397],[85.34188820303758,27.674478587372043]]}},{"type":"Feature","properties":{},"geometry":{"type":"LineString","coordinates":[[85.34192554762393,27.674480620155908],[85.3419039287719,27.674496654331023]]}},{"type":"Feature","properties":{},"geometry":{"type":"LineString","coordinates":[[85.34194443861071,27.67451008637006],[85.34195365460027,27.674503866150264]]}},{"type":"Feature","properties":{},"geometry":{"type":"LineString","coordinates":[[85.3421239884027,27.67395550358184],[85.34210642075588,27.67392735922759]]}},{"type":"Feature","properties":{},"geometry":{"type":"LineString","coordinates":[[85.34201680240794,27.674018130759606],[85.3420278026115,27.674039705340167]]}},{"type":"Feature","properties":{},"geometry":{"type":"LineString","coordinates":[[85.34189421283023,27.67409291141891],[85.34191439016807,27.67411231238579]]}},{"type":"Feature","properties":{},"geometry":{"type":"LineString","coordinates":[[85.34188612286468,27.674098145984566],[85.34190935764104,27.67412158367597]]}},{"type":"Feature","properties":{},"geometry":{"type":"LineString","coordinates":[[85.34161900120911,27.674265804956317],[85.34164141333216,27.67429168869764]]}},{"type":"Feature","properties":{},"geometry":{"type":"LineString","coordinates":[[85.34174260397374,27.674188605197404],[85.34176524668638,27.67421727877224]]}},{"type":"Feature","properties":{},"geometry":{"type":"LineString","coordinates":[[85.34176784097465,27.674176263389697],[85.34178770188635,27.67420198208841]]}},{"type":"Feature","properties":{},"geometry":{"type":"LineString","coordinates":[[85.34216218538046,27.673933433810728],[85.34217836467468,27.673958858388175]]}},{"type":"Feature","properties":{},"geometry":{"type":"LineString","coordinates":[[85.34212105273446,27.6741980691847],[85.34212584510732,27.674204634869994]]}},{"type":"Feature","properties":{},"geometry":{"type":"LineString","coordinates":[[85.34212290944733,27.674196896421314],[85.34210687646144,27.674178700354275]]}},{"type":"Feature","properties":{},"geometry":{"type":"LineString","coordinates":[[85.34212205787401,27.674197433178794],[85.34212670616698,27.67420333556621]]}},{"type":"Feature","properties":{},"geometry":{"type":"LineString","coordinates":[[85.34202632289309,27.67459919831014],[85.34203555576786,27.6746085771611]]}},{"type":"Feature","properties":{},"geometry":{"type":"LineString","coordinates":[[85.34116274177138,27.675250210128546],[85.34115278594531,27.67523184935549]]}},{"type":"Feature","properties":{},"geometry":{"type":"LineString","coordinates":[[85.34121780198912,27.675229270406017],[85.341221910531,27.67524144002373]]}},{"type":"Feature","properties":{},"geometry":{"type":"LineString","coordinates":[[85.34133780690664,27.675184971261046],[85.34134405943462,27.675194268440855]]}},{"type":"Feature","properties":{},"geometry":{"type":"LineString","coordinates":[[85.34144857223866,27.675106162278603],[85.34145697480774,27.675113125012622]]}},{"type":"Feature","properties":{},"geometry":{"type":"LineString","coordinates":[[85.34151484121047,27.675055800641967],[85.34152117099131,27.675061997557577]]}},{"type":"Feature","properties":{},"geometry":{"type":"LineString","coordinates":[[85.34152590910752,27.675047389558465],[85.34150967130846,27.675030737951918]]}},{"type":"Feature","properties":{},"geometry":{"type":"LineString","coordinates":[[85.34165534721154,27.67494757042821],[85.3416638799373,27.67495766206379]]}},{"type":"Feature","properties":{},"geometry":{"type":"LineString","coordinates":[[85.34184256213165,27.674709995213984],[85.34182544147484,27.674685412245868]]}},{"type":"Feature","properties":{},"geometry":{"type":"LineString","coordinates":[[85.34189048714029,27.674682326990094],[85.34187452990156,27.674658442090745]]}},{"type":"Feature","properties":{},"geometry":{"type":"LineString","coordinates":[[85.34195944253713,27.674644227813474],[85.34196391410735,27.674650555000063]]}},{"type":"Feature","properties":{},"geometry":{"type":"LineString","coordinates":[[85.34211478829064,27.674550843053044],[85.34209826607722,27.674528922598732]]}},{"type":"Feature","properties":{},"geometry":{"type":"LineString","coordinates":[[85.3421183677006,27.674548847017288],[85.34214309454289,27.67453504592237]]}},{"type":"Feature","properties":{},"geometry":{"type":"LineString","coordinates":[[85.34081057065946,27.675654829306833],[85.34081145758988,27.675666578566684]]}},{"type":"Feature","properties":{},"geometry":{"type":"LineString","coordinates":[[85.34092409605613,27.67560261062862],[85.34093442808327,27.6756102309994]]}},{"type":"Feature","properties":{},"geometry":{"type":"LineString","coordinates":[[85.34099037176624,27.675701454408237],[85.3409813288248,27.675702451736615]]}},{"type":"Feature","properties":{},"geometry":{"type":"LineString","coordinates":[[85.3409929087794,27.675740134024696],[85.34101636066556,27.67574082555434]]}},{"type":"Feature","properties":{},"geometry":{"type":"LineString","coordinates":[[85.34099473078773,27.675753068707447],[85.34098531611787,27.675753640993122]]}},{"type":"Feature","properties":{},"geometry":{"type":"LineString","coordinates":[[85.34120897940899,27.675590714996616],[85.34120043727968,27.67559144486245]]}},{"type":"Feature","properties":{},"geometry":{"type":"LineString","coordinates":[[85.34121289915497,27.675613166974525],[85.34123272956548,27.675608568544693]]}},{"type":"Feature","properties":{},"geometry":{"type":"LineString","coordinates":[[85.34127013413699,27.67575361126604],[85.34127076301245,27.675758958315246]]}},{"type":"Feature","properties":{},"geometry":{"type":"LineString","coordinates":[[85.3412698868042,27.675753072186364],[85.34126594229578,27.67575614689297]]}},{"type":"Feature","properties":{},"geometry":{"type":"LineString","coordinates":[[85.3407366476984,27.675661261781165],[85.3407292884123,27.675716746676486]]}},{"type":"Feature","properties":{},"geometry":{"type":"LineString","coordinates":[[85.34073919820571,27.67566140966388],[85.3407217091897,27.675836557672223]]}},{"type":"Feature","properties":{},"geometry":{"type":"LineString","coordinates":[[85.34074094851707,27.675661510956882],[85.3407237711563,27.675830124587122],[85.34075432124072,27.675843054095257]]}},{"type":"Feature","properties":{},"geometry":{"type":"LineString","coordinates":[[85.33948898271466,27.675514313575448],[85.33949364746397,27.675522540324327]]}},{"type":"Feature","properties":{},"geometry":{"type":"LineString","coordinates":[[85.33961600262323,27.675463539373503],[85.3396228008564,27.675479378569655]]}},{"type":"Feature","properties":{},"geometry":{"type":"LineString","coordinates":[[85.33972842824134,27.675416223820164],[85.3397314470009,27.675423552647434]]}},{"type":"Feature","properties":{},"geometry":{"type":"LineString","coordinates":[[85.33920521559381,27.675602619433448],[85.33921460133776,27.675632911597376]]}},{"type":"Feature","properties":{},"geometry":{"type":"LineString","coordinates":[[85.33884319577697,27.675726658027845],[85.33884918767676,27.675751158434366]]}},{"type":"Feature","properties":{},"geometry":{"type":"LineString","coordinates":[[85.33948218027913,27.676053902226293],[85.33946824000844,27.67605708630512]]}},{"type":"Feature","properties":{},"geometry":{"type":"LineString","coordinates":[[85.33946989619547,27.676035325699534],[85.33950950243971,27.67602057256319]]}},{"type":"Feature","properties":{},"geometry":{"type":"LineString","coordinates":[[85.33953915914782,27.6761481350774],[85.3395339650765,27.676156940419602]]}},{"type":"Feature","properties":{},"geometry":{"type":"LineString","coordinates":[[85.33965393581795,27.67618312020561],[85.33964971354222,27.67619222331045]]}},{"type":"Feature","properties":{},"geometry":{"type":"LineString","coordinates":[[85.33983480543291,27.676295739113353],[85.33983000563798,27.67630723339139]]}},{"type":"Feature","properties":{},"geometry":{"type":"LineString","coordinates":[[85.33961220009678,27.67617202756054],[85.33962791628923,27.676143789968528]]}},{"type":"Feature","properties":{},"geometry":{"type":"LineString","coordinates":[[85.34076766831089,27.67543596740378],[85.34077927403585,27.67542980928615]]}},{"type":"Feature","properties":{},"geometry":{"type":"LineString","coordinates":[[85.34076945114096,27.675439015026928],[85.34078158419484,27.675432511228767]]}},{"type":"Feature","properties":{},"geometry":{"type":"LineString","coordinates":[[85.34081856793728,27.67552304459068],[85.34082981046564,27.675515025562227]]}},{"type":"Feature","properties":{},"geometry":{"type":"LineString","coordinates":[[85.34109265499269,27.67526847160432],[85.34106702336761,27.675262223126193]]}},{"type":"Feature","properties":{},"geometry":{"type":"LineString","coordinates":[[85.34109687066949,27.67528093042353],[85.34107210822168,27.675289419354602]]}},{"type":"Feature","properties":{},"geometry":{"type":"LineString","coordinates":[[85.34111618066956,27.6753380804352],[85.3410911157013,27.675344985371613]]}},{"type":"Feature","properties":{},"geometry":{"type":"LineString","coordinates":[[85.34112025598705,27.675348288404372],[85.34109418010244,27.675356344629336]]}},{"type":"Feature","properties":{},"geometry":{"type":"LineString","coordinates":[[85.34125894798024,27.675725153318957],[85.34127770670499,27.675719019439185]]}},{"type":"Feature","properties":{},"geometry":{"type":"LineString","coordinates":[[85.34112091146932,27.675349928074517],[85.34113278938213,27.6753458156691]]}},{"type":"Feature","properties":{},"geometry":{"type":"LineString","coordinates":[[85.34116313781398,27.674895205442628],[85.34115370607621,27.674900938351016]]}},{"type":"Feature","properties":{},"geometry":{"type":"LineString","coordinates":[[85.3412896771728,27.675030823308543],[85.34128242979179,27.675037854984502]]}},{"type":"Feature","properties":{},"geometry":{"type":"LineString","coordinates":[[85.34218374232235,27.67379545991627],[85.34217525994114,27.673799359436405]]}},{"type":"Feature","properties":{},"geometry":{"type":"LineString","coordinates":[[85.34252266868198,27.674130901626324],[85.34250969777706,27.674141884875286]]}},{"type":"Feature","properties":{},"geometry":{"type":"LineString","coordinates":[[85.3425839502349,27.67419797181077],[85.34257389841663,27.674206846420077]]}},{"type":"Feature","properties":{},"geometry":{"type":"LineString","coordinates":[[85.34266093175457,27.674278245565663],[85.34264706038732,27.67429139231177]]}},{"type":"Feature","properties":{},"geometry":{"type":"LineString","coordinates":[[85.34095127450539,27.67475138218037],[85.34095500376496,27.674757988422797]]}},{"type":"Feature","properties":{},"geometry":{"type":"LineString","coordinates":[[85.33936521013379,27.675410909700997],[85.33938154399306,27.67542119156473]]}},{"type":"Feature","properties":{},"geometry":{"type":"LineString","coordinates":[[85.33939122410285,27.67539167311368],[85.3394031961412,27.675404064305447]]}},{"type":"Feature","properties":{},"geometry":{"type":"LineString","coordinates":[[85.34082207404066,27.67504945793993],[85.34080592980233,27.67503534355588]]}},{"type":"Feature","properties":{},"geometry":{"type":"LineString","coordinates":[[85.34080238332722,27.67506004644317],[85.34080600862906,27.67506856756963]]}},{"type":"Feature","properties":{},"geometry":{"type":"LineString","coordinates":[[85.34088672879507,27.675014694196648],[85.34089200925108,27.674985669879277]]}},{"type":"Feature","properties":{},"geometry":{"type":"LineString","coordinates":[[85.3409483622088,27.67498155403642],[85.3409507950627,27.674990627683023]]}},{"type":"Feature","properties":{},"geometry":{"type":"LineString","coordinates":[[85.3413551612731,27.67473734174945],[85.3413503098886,27.674734348550178]]}},{"type":"Feature","properties":{},"geometry":{"type":"LineString","coordinates":[[85.34141636809413,27.674698195169153],[85.34142920990713,27.674712882779186]]}},{"type":"Feature","properties":{},"geometry":{"type":"LineString","coordinates":[[85.34151675882433,27.674631530334825],[85.34150763523333,27.674626463365406]]}},{"type":"Feature","properties":{},"geometry":{"type":"LineString","coordinates":[[85.34155874713765,27.67466084441043],[85.34154572547428,27.674675110453457]]}},{"type":"Feature","properties":{},"geometry":{"type":"LineString","coordinates":[[85.34170126711426,27.674726117591266],[85.34170564622669,27.67471681773007]]}},{"type":"Feature","properties":{},"geometry":{"type":"LineString","coordinates":[[85.34173574612667,27.67474443974976],[85.34172366219782,27.674763607985145]]}},{"type":"Feature","properties":{},"geometry":{"type":"LineString","coordinates":[[85.34012932635056,27.67523154931838],[85.34014374192465,27.675250162160278]]}},{"type":"Feature","properties":{},"geometry":{"type":"LineString","coordinates":[[85.34008909178674,27.67524993241435],[85.34009702051306,27.675268718440677]]}},{"type":"Feature","properties":{},"geometry":{"type":"LineString","coordinates":[[85.34025137135187,27.675175518888416],[85.34025873788171,27.67518797215968]]}},{"type":"Feature","properties":{},"geometry":{"type":"LineString","coordinates":[[85.34032100985861,27.675125819173136],[85.34033092164739,27.67514178499445]]}},{"type":"Feature","properties":{},"geometry":{"type":"LineString","coordinates":[[85.34045179449626,27.67503699421972],[85.34046317759204,27.675057703438863]]}},{"type":"Feature","properties":{},"geometry":{"type":"LineString","coordinates":[[85.34165221485185,27.675417527103143],[85.341666505395,27.67541174943732]]}},{"type":"Feature","properties":{},"geometry":{"type":"LineString","coordinates":[[85.34164305291453,27.675391636818798],[85.34165688829603,27.675386326644027]]}},{"type":"Feature","properties":{},"geometry":{"type":"LineString","coordinates":[[85.34150556686643,27.675349972407112],[85.34147737381937,27.67536758398584]]}},{"type":"Feature","properties":{},"geometry":{"type":"LineString","coordinates":[[85.34158454747315,27.675292191392842],[85.34157367192923,27.675285718931544]]}},{"type":"Feature","properties":{},"geometry":{"type":"LineString","coordinates":[[85.34184585972721,27.675180313205786],[85.34184277688372,27.67517486909211]]}},{"type":"Feature","properties":{},"geometry":{"type":"LineString","coordinates":[[85.3419680573516,27.67528913307585],[85.34195280820813,27.67529152644903]]}},{"type":"Feature","properties":{},"geometry":{"type":"LineString","coordinates":[[85.34196655881082,27.675280483095623],[85.3418366848577,27.67533021086157]]}},{"type":"Feature","properties":{},"geometry":{"type":"LineString","coordinates":[[85.34196178166309,27.67525290157447],[85.34196887295205,27.675251907897483]]}},{"type":"Feature","properties":{},"geometry":{"type":"LineString","coordinates":[[85.34099529197321,27.675757057503336],[85.34101634308331,27.6757743949936]]}},{"type":"Feature","properties":{},"geometry":{"type":"LineString","coordinates":[[85.34198793297948,27.67514961741972],[85.34198876953766,27.67514295934994]]}},{"type":"Feature","properties":{},"geometry":{"type":"LineString","coordinates":[[85.34240113422567,27.675311220861165],[85.34242174852031,27.675308212915475]]}},{"type":"Feature","properties":{},"geometry":{"type":"LineString","coordinates":[[85.34245050524238,27.67552414423099],[85.34239049144553,27.675530930857427]]}},{"type":"Feature","properties":{},"geometry":{"type":"LineString","coordinates":[[85.34256327532148,27.67612562916831],[85.34260748556676,27.676114525100854]]}},{"type":"Feature","properties":{},"geometry":{"type":"LineString","coordinates":[[85.34245582233913,27.675542695809625],[85.34247548368104,27.67554042828363]]}},{"type":"Feature","properties":{},"geometry":{"type":"LineString","coordinates":[[85.34247338993883,27.675661587608193],[85.342429459377,27.67566915245361]]}},{"type":"Feature","properties":{},"geometry":{"type":"LineString","coordinates":[[85.34257029465597,27.67577133270514],[85.3425695705706,27.675761812004623]]}},{"type":"Feature","properties":{},"geometry":{"type":"LineString","coordinates":[[85.342650425547,27.67577387092119],[85.34265171891026,27.675764417681147]]}},{"type":"Feature","properties":{},"geometry":{"type":"LineString","coordinates":[[85.3428636755347,27.67583389422831],[85.34287536663066,27.675833225397074]]}},{"type":"Feature","properties":{},"geometry":{"type":"LineString","coordinates":[[85.34287527045466,27.675804199850916],[85.34287686004234,27.675798829704984]]}},{"type":"Feature","properties":{},"geometry":{"type":"LineString","coordinates":[[85.34301879049052,27.675677745598694],[85.34299585976598,27.675663681151754]]}},{"type":"Feature","properties":{},"geometry":{"type":"LineString","coordinates":[[85.34250240059579,27.675842913441866],[85.34246076998838,27.675846736741576]]}},{"type":"Feature","properties":{},"geometry":{"type":"LineString","coordinates":[[85.34234949925596,27.67488794235301],[85.34235172741995,27.674865322984132]]}},{"type":"Feature","properties":{},"geometry":{"type":"LineString","coordinates":[[85.34234967796972,27.674931972976626],[85.34236351150379,27.67492912939132]]}},{"type":"Feature","properties":{},"geometry":{"type":"LineString","coordinates":[[85.34235476015104,27.674982801661926],[85.34236469948803,27.67498427082269]]}},{"type":"Feature","properties":{},"geometry":{"type":"LineString","coordinates":[[85.34235128223735,27.674963167359284],[85.34225348777014,27.674980831618914]]}},{"type":"Feature","properties":{},"geometry":{"type":"LineString","coordinates":[[85.34214837853894,27.675656815547796],[85.34214544932827,27.6756526088779]]}},{"type":"Feature","properties":{},"geometry":{"type":"LineString","coordinates":[[85.34221468602986,27.675637207728876],[85.34221198580754,27.67563260667618]]}},{"type":"Feature","properties":{},"geometry":{"type":"LineString","coordinates":[[85.34287826798942,27.675103577847626],[85.34287996429458,27.675128616994296]]}},{"type":"Feature","properties":{},"geometry":{"type":"LineString","coordinates":[[85.34259337002553,27.67512096071828],[85.342589538235,27.67507735210409]]}},{"type":"Feature","properties":{},"geometry":{"type":"LineString","coordinates":[[85.34091560835807,27.67677719660756],[85.34091604319819,27.676771633951677]]}},{"type":"Feature","properties":{},"geometry":{"type":"LineString","coordinates":[[85.34114320396672,27.67683565157587],[85.34114172486296,27.676830415287252]]}},{"type":"Feature","properties":{},"geometry":{"type":"LineString","coordinates":[[85.34113994440283,27.6768576700924],[85.34113922353625,27.676856264303773]]}},{"type":"Feature","properties":{},"geometry":{"type":"LineString","coordinates":[[85.3411300676801,27.67692370461065],[85.34112278609675,27.67692426815059]]}},{"type":"Feature","properties":{},"geometry":{"type":"LineString","coordinates":[[85.34097419204346,27.67648309208314],[85.34098661876456,27.6764819177679]]}},{"type":"Feature","properties":{},"geometry":{"type":"LineString","coordinates":[[85.34017497360952,27.67666913395242],[85.34016015831652,27.67667325980956]]}},{"type":"Feature","properties":{},"geometry":{"type":"LineString","coordinates":[[85.3426699252359,27.675116619264514],[85.34265717691324,27.675053211102842]]}},{"type":"Feature","properties":{},"geometry":{"type":"LineString","coordinates":[[85.34240625495522,27.67608148722663],[85.34239912324101,27.6760535282544]]}},{"type":"Feature","properties":{},"geometry":{"type":"LineString","coordinates":[[85.34344385512155,27.676699493014198],[85.34342946658738,27.676702621588973]]}},{"type":"Feature","properties":{},"geometry":{"type":"LineString","coordinates":[[85.34227367025666,27.67610718217226],[85.3422642932222,27.67608061875184]]}},{"type":"Feature","properties":{},"geometry":{"type":"LineString","coordinates":[[85.34223675048354,27.67611356997916],[85.342277274388,27.676301153856357]]}},{"type":"Feature","properties":{},"geometry":{"type":"LineString","coordinates":[[85.34202374212448,27.676128702605062],[85.34202879272176,27.676185776598867]]}},{"type":"Feature","properties":{},"geometry":{"type":"LineString","coordinates":[[85.34192027797049,27.676131291034654],[85.34191818611122,27.676108291439956]]}},{"type":"Feature","properties":{},"geometry":{"type":"LineString","coordinates":[[85.34187289146269,27.676132725687992],[85.34188202901372,27.67619534517021]]}},{"type":"Feature","properties":{},"geometry":{"type":"LineString","coordinates":[[85.34180838497326,27.67613307991049],[85.34180202488015,27.676113043757358]]}},{"type":"Feature","properties":{},"geometry":{"type":"LineString","coordinates":[[85.34150928131469,27.676083522951895],[85.34151501554679,27.676056062757727]]}},{"type":"Feature","properties":{},"geometry":{"type":"LineString","coordinates":[[85.3411763681792,27.676069159983168],[85.34117408399786,27.676048096768223]]}},{"type":"Feature","properties":{},"geometry":{"type":"LineString","coordinates":[[85.34115125672173,27.67607020678265],[85.3411456277294,27.67611196560086]]}},{"type":"Feature","properties":{},"geometry":{"type":"LineString","coordinates":[[85.3408843455528,27.676079636924538],[85.34087992841134,27.676059645666896]]}},{"type":"Feature","properties":{},"geometry":{"type":"LineString","coordinates":[[85.34066187403273,27.67607949568946],[85.3406601298019,27.67606919829991]]}},{"type":"Feature","properties":{},"geometry":{"type":"LineString","coordinates":[[85.34061483824695,27.676077045002337],[85.34061050960665,27.676066025295682]]}},{"type":"Feature","properties":{},"geometry":{"type":"LineString","coordinates":[[85.34095115398995,27.676073133612274],[85.34094688076611,27.676049051893568]]}},{"type":"Feature","properties":{},"geometry":{"type":"LineString","coordinates":[[85.34014487144476,27.676834037417407],[85.34011575667388,27.676802268787053]]}},{"type":"Feature","properties":{},"geometry":{"type":"LineString","coordinates":[[85.34245937572005,27.67556371282543],[85.34247910258452,27.67555965721723]]}},{"type":"Feature","properties":{},"geometry":{"type":"LineString","coordinates":[[85.34121535816287,27.67719070637308],[85.34121836363472,27.677180472186294]]}},{"type":"Feature","properties":{},"geometry":{"type":"LineString","coordinates":[[85.34136365138491,27.677171788343333],[85.34136390566621,27.677160594285358]]}},{"type":"Feature","properties":{},"geometry":{"type":"LineString","coordinates":[[85.341279442235,27.677405157378892],[85.34127690085396,27.67740077933704]]}},{"type":"Feature","properties":{},"geometry":{"type":"LineString","coordinates":[[85.34152123672742,27.677478582803023],[85.34153433834867,27.677480992447446]]}},{"type":"Feature","properties":{},"geometry":{"type":"LineString","coordinates":[[85.34148273713892,27.67756595582581],[85.34147864205949,27.677550606674334]]}},{"type":"Feature","properties":{},"geometry":{"type":"LineString","coordinates":[[85.3414677301649,27.67756880601941],[85.34145637236341,27.67758202784661]]}},{"type":"Feature","properties":{},"geometry":{"type":"LineString","coordinates":[[85.34146766333164,27.677569538996735],[85.34146880208091,27.677643878069755]]}},{"type":"Feature","properties":{},"geometry":{"type":"LineString","coordinates":[[85.34169153984543,27.677533852666937],[85.34170185920105,27.677535011439552]]}},{"type":"Feature","properties":{},"geometry":{"type":"LineString","coordinates":[[85.34186104895313,27.67760203470882],[85.34185910088965,27.67759367899669]]}},{"type":"Feature","properties":{},"geometry":{"type":"LineString","coordinates":[[85.3418892080065,27.677703303669073],[85.34189734999853,27.677727197911]]}},{"type":"Feature","properties":{},"geometry":{"type":"LineString","coordinates":[[85.34188916167261,27.677703015199235],[85.34190357886384,27.67772370918387]]}},{"type":"Feature","properties":{},"geometry":{"type":"LineString","coordinates":[[85.34200902587865,27.677556966986884],[85.342022685636,27.67756880775151]]}},{"type":"Feature","properties":{},"geometry":{"type":"LineString","coordinates":[[85.34203875081886,27.677534554009117],[85.34203305334138,27.67752219120194]]}},{"type":"Feature","properties":{},"geometry":{"type":"LineString","coordinates":[[85.34202080731629,27.67754683782537],[85.3420037158755,27.677473703148838]]}},{"type":"Feature","properties":{},"geometry":{"type":"LineString","coordinates":[[85.34217308646132,27.677510448947498],[85.3421853538389,27.67752063940633]]}},{"type":"Feature","properties":{},"geometry":{"type":"LineString","coordinates":[[85.34216657779992,27.677511319635208],[85.3421815890855,27.677502945776222]]}},{"type":"Feature","properties":{},"geometry":{"type":"LineString","coordinates":[[85.34217049029849,27.677510703083204],[85.34218438022813,27.677507839443415]]}},{"type":"Feature","properties":{},"geometry":{"type":"LineString","coordinates":[[85.34168124048465,27.677430696337815],[85.3416892107597,27.677430785439036]]}},{"type":"Feature","properties":{},"geometry":{"type":"LineString","coordinates":[[85.34166385168089,27.677293234740763],[85.34167351287465,27.67729319696969]]}},{"type":"Feature","properties":{},"geometry":{"type":"LineString","coordinates":[[85.34178806322099,27.67716844429582],[85.34177481921041,27.677138547447708]]}},{"type":"Feature","properties":{},"geometry":{"type":"LineString","coordinates":[[85.34182380759961,27.67715089779517],[85.34180603027104,27.677121373591064]]}},{"type":"Feature","properties":{},"geometry":{"type":"LineString","coordinates":[[85.34215945613886,27.677080215348624],[85.34214987762803,27.677042687972307]]}},{"type":"Feature","properties":{},"geometry":{"type":"LineString","coordinates":[[85.34218079326644,27.67686554693952],[85.34218601065551,27.676864518191987]]}},{"type":"Feature","properties":{},"geometry":{"type":"LineString","coordinates":[[85.34216729159371,27.676784966734683],[85.34217927605826,27.676784816836108]]}},{"type":"Feature","properties":{},"geometry":{"type":"LineString","coordinates":[[85.34216075413427,27.67672390009691],[85.3421679029594,27.67672474199721]]}},{"type":"Feature","properties":{},"geometry":{"type":"LineString","coordinates":[[85.34213976443338,27.67657182457563],[85.34214051950457,27.676564386625383]]}},{"type":"Feature","properties":{},"geometry":{"type":"LineString","coordinates":[[85.34210790564482,27.67657114813935],[85.34210732397662,27.67656414907857]]}},{"type":"Feature","properties":{},"geometry":{"type":"LineString","coordinates":[[85.34211183684734,27.676572446132376],[85.34211868887141,27.676429399050658]]}},{"type":"Feature","properties":{},"geometry":{"type":"LineString","coordinates":[[85.34212065736162,27.676573158218243],[85.34214248951332,27.676379076703057]]}},{"type":"Feature","properties":{},"geometry":{"type":"LineString","coordinates":[[85.3419270241346,27.676596335076887],[85.34192578583578,27.676589785751645]]}},{"type":"Feature","properties":{},"geometry":{"type":"LineString","coordinates":[[85.34201237546652,27.677273617264426],[85.34200820244388,27.67725570483774]]}},{"type":"Feature","properties":{},"geometry":{"type":"LineString","coordinates":[[85.34080063625795,27.677107384940093],[85.34088193666973,27.677091695770027]]}},{"type":"Feature","properties":{},"geometry":{"type":"LineString","coordinates":[[85.34117917233502,27.67705381929595],[85.3411771325565,27.67704959166823]]}},{"type":"Feature","properties":{},"geometry":{"type":"LineString","coordinates":[[85.34150551639713,27.677051171758144],[85.34154099150557,27.677065543689356]]}},{"type":"Feature","properties":{},"geometry":{"type":"LineString","coordinates":[[85.34149773006881,27.676994750043605],[85.34147930956469,27.676995258756648]]}},{"type":"Feature","properties":{},"geometry":{"type":"LineString","coordinates":[[85.34149417679744,27.67696252868885],[85.3414724397018,27.676966823623882]]}},{"type":"Feature","properties":{},"geometry":{"type":"LineString","coordinates":[[85.3414934888491,27.676939683090197],[85.34152661628369,27.676933563274115]]}},{"type":"Feature","properties":{},"geometry":{"type":"LineString","coordinates":[[85.34149250779608,27.67690375866056],[85.34153293530726,27.676904239087616]]}},{"type":"Feature","properties":{},"geometry":{"type":"LineString","coordinates":[[85.34149381177065,27.67688978556545],[85.34146983344377,27.676881981986256]]}},{"type":"Feature","properties":{},"geometry":{"type":"LineString","coordinates":[[85.34150252903311,27.676820425655457],[85.34148730448126,27.67681668008162]]}},{"type":"Feature","properties":{},"geometry":{"type":"LineString","coordinates":[[85.34150679850816,27.676778862646575],[85.34154538947459,27.676780785024683]]}},{"type":"Feature","properties":{},"geometry":{"type":"LineString","coordinates":[[85.34136116562529,27.67649120828228],[85.34137160058309,27.676488936042023]]}},{"type":"Feature","properties":{},"geometry":{"type":"LineString","coordinates":[[85.34136585779552,27.676517562226103],[85.34134024635617,27.676520157270446]]}},{"type":"Feature","properties":{},"geometry":{"type":"LineString","coordinates":[[85.34135001167469,27.676341300148657],[85.34135932639373,27.676340032577755]]}},{"type":"Feature","properties":{},"geometry":{"type":"LineString","coordinates":[[85.34134832352456,27.676324132282186],[85.34135786818587,27.676320797002262]]}},{"type":"Feature","properties":{},"geometry":{"type":"LineString","coordinates":[[85.34133634770323,27.676263453581058],[85.34131413178156,27.676266033322147]]}},{"type":"Feature","properties":{},"geometry":{"type":"LineString","coordinates":[[85.34155762365847,27.67719932554763],[85.34155363347875,27.67723307035402]]}},{"type":"Feature","properties":{},"geometry":{"type":"LineString","coordinates":[[85.34195702981624,27.676965069614525],[85.34198096308627,27.676941423020825]]}},{"type":"Feature","properties":{},"geometry":{"type":"LineString","coordinates":[[85.34193909693866,27.67702646430922],[85.34192935908982,27.677024195152462]]}},{"type":"Feature","properties":{},"geometry":{"type":"LineString","coordinates":[[85.34333075472802,27.675949635327868],[85.34333110303025,27.67594079624876]]}},{"type":"Feature","properties":{},"geometry":{"type":"LineString","coordinates":[[85.34324243439042,27.675958236377227],[85.34324059121714,27.67594305861091]]}},{"type":"Feature","properties":{},"geometry":{"type":"LineString","coordinates":[[85.3431989503836,27.67596348001592],[85.34317658445845,27.675946110873944]]}},{"type":"Feature","properties":{},"geometry":{"type":"LineString","coordinates":[[85.34314054472179,27.676226454160147],[85.34317709428757,27.676319032366507]]}},{"type":"Feature","properties":{},"geometry":{"type":"LineString","coordinates":[[85.34339423745168,27.674982736991584],[85.34335461386804,27.674995605622993]]}},{"type":"Feature","properties":{},"geometry":{"type":"LineString","coordinates":[[85.34334379245553,27.674940456381066],[85.34331646089346,27.674951995421914]]}},{"type":"Feature","properties":{},"geometry":{"type":"LineString","coordinates":[[85.34315909254195,27.67476062795239],[85.34314460796321,27.67476960031129]]}},{"type":"Feature","properties":{},"geometry":{"type":"LineString","coordinates":[[85.34310316939721,27.674711415992924],[85.34309309854177,27.6747193346045]]}},{"type":"Feature","properties":{},"geometry":{"type":"LineString","coordinates":[[85.34306335237761,27.674672817574045],[85.34305065946313,27.6746785459054]]}},{"type":"Feature","properties":{},"geometry":{"type":"LineString","coordinates":[[85.34405383951162,27.67560372280327],[85.3439987119218,27.675609455687734]]}},{"type":"Feature","properties":{},"geometry":{"type":"LineString","coordinates":[[85.34405654398499,27.67562686779554],[85.344003968202,27.675630780043576]]}},{"type":"Feature","properties":{},"geometry":{"type":"LineString","coordinates":[[85.34407600911962,27.675738299936526],[85.34408395588405,27.67573100028892]]}},{"type":"Feature","properties":{},"geometry":{"type":"LineString","coordinates":[[85.34362951365217,27.676002730385786],[85.34363844213036,27.676003474351695]]}},{"type":"Feature","properties":{},"geometry":{"type":"LineString","coordinates":[[85.34377316081444,27.6758478517496],[85.34377405965353,27.675850566554878]]}},{"type":"Feature","properties":{},"geometry":{"type":"LineString","coordinates":[[85.34383369278599,27.675837569706186],[85.34382810862043,27.675808479441326]]}},{"type":"Feature","properties":{},"geometry":{"type":"LineString","coordinates":[[85.34390241797551,27.675825896371506],[85.34389611338074,27.675797048406405]]}},{"type":"Feature","properties":{},"geometry":{"type":"LineString","coordinates":[[85.34392076304772,27.675822780747502],[85.34392137044952,27.675825796229184]]}},{"type":"Feature","properties":{},"geometry":{"type":"LineString","coordinates":[[85.34361343426517,27.67575802842772],[85.3435916080283,27.675757097742856]]}},{"type":"Feature","properties":{},"geometry":{"type":"LineString","coordinates":[[85.3436314747058,27.67558587215474],[85.3437144645701,27.67558168018026]]}},{"type":"Feature","properties":{},"geometry":{"type":"LineString","coordinates":[[85.3436283150653,27.67556219371896],[85.34364661365917,27.67555725080048]]}},{"type":"Feature","properties":{},"geometry":{"type":"LineString","coordinates":[[85.34423333865658,27.677953762902526],[85.34418584402371,27.677947660687845]]}},{"type":"Feature","properties":{},"geometry":{"type":"LineString","coordinates":[[85.34423987123306,27.677776672837187],[85.34426437217779,27.677771832870853]]}},{"type":"Feature","properties":{},"geometry":{"type":"LineString","coordinates":[[85.34210187094676,27.67567015017278],[85.34203495522772,27.675684381352102]]}},{"type":"Feature","properties":{},"geometry":{"type":"LineString","coordinates":[[85.34421296787713,27.676449603577336],[85.34417014693646,27.676448448195174]]}},{"type":"Feature","properties":{},"geometry":{"type":"LineString","coordinates":[[85.34399598449357,27.676520884860917],[85.34399289081642,27.676513797107162]]}},{"type":"Feature","properties":{},"geometry":{"type":"LineString","coordinates":[[85.34411000666562,27.676510441601874],[85.34410911337827,27.676498821342594]]}},{"type":"Feature","properties":{},"geometry":{"type":"LineString","coordinates":[[85.3438310497441,27.676539070670195],[85.34383414014582,27.676551348085944]]}},{"type":"Feature","properties":{},"geometry":{"type":"LineString","coordinates":[[85.3438330634763,27.67653884834877],[85.34383081371696,27.676533345642184]]}},{"type":"Feature","properties":{},"geometry":{"type":"LineString","coordinates":[[85.34383736208189,27.676538373553015],[85.34383253971711,27.676532976374173]]}},{"type":"Feature","properties":{},"geometry":{"type":"LineString","coordinates":[[85.34421031075152,27.676844519596816],[85.3440129052968,27.676875203260753]]}},{"type":"Feature","properties":{},"geometry":{"type":"LineString","coordinates":[[85.34400048763528,27.676938080304716],[85.34399707510306,27.67692491002348]]}},{"type":"Feature","properties":{},"geometry":{"type":"LineString","coordinates":[[85.34387354516109,27.676956779905392],[85.34385037379111,27.676975242640715]]}},{"type":"Feature","properties":{},"geometry":{"type":"LineString","coordinates":[[85.34389107436873,27.676954197876174],[85.34388931896713,27.676946434762513]]}},{"type":"Feature","properties":{},"geometry":{"type":"LineString","coordinates":[[85.34394275705439,27.67703769479635],[85.34394723027997,27.677046143852795]]}},{"type":"Feature","properties":{},"geometry":{"type":"LineString","coordinates":[[85.34399287145109,27.6770278360096],[85.34399887725826,27.67704262308475]]}},{"type":"Feature","properties":{},"geometry":{"type":"LineString","coordinates":[[85.3438245534368,27.67613152588936],[85.34380830036135,27.676126001068972]]}},{"type":"Feature","properties":{},"geometry":{"type":"LineString","coordinates":[[85.343823899276,27.676131744609787],[85.34382835664958,27.676140166403435]]}},{"type":"Feature","properties":{},"geometry":{"type":"LineString","coordinates":[[85.34397827433875,27.676092340711833],[85.34397920308628,27.67610423035772]]}},{"type":"Feature","properties":{},"geometry":{"type":"LineString","coordinates":[[85.34300109159987,27.677866983804236],[85.3430064049622,27.677875921293648]]}},{"type":"Feature","properties":{},"geometry":{"type":"LineString","coordinates":[[85.34306253267981,27.67782878883981],[85.34307014303238,27.67783815092814]]}},{"type":"Feature","properties":{},"geometry":{"type":"LineString","coordinates":[[85.34316118921942,27.677755913329406],[85.34313121508384,27.677722635877586]]}},{"type":"Feature","properties":{},"geometry":{"type":"LineString","coordinates":[[85.34339940521566,27.677865137736127],[85.34341223869761,27.677860128599374]]}},{"type":"Feature","properties":{},"geometry":{"type":"LineString","coordinates":[[85.343239306777,27.677694655278625],[85.34325187959269,27.677707858420966]]}},{"type":"Feature","properties":{},"geometry":{"type":"LineString","coordinates":[[85.34331060804823,27.67763771742165],[85.34328309787664,27.677602330413762]]}},{"type":"Feature","properties":{},"geometry":{"type":"LineString","coordinates":[[85.34337102488645,27.677599593096613],[85.34334358569322,27.677561987564182]]}},{"type":"Feature","properties":{},"geometry":{"type":"LineString","coordinates":[[85.34337566369095,27.67759666472561],[85.34338321709059,27.677609130005983]]}},{"type":"Feature","properties":{},"geometry":{"type":"LineString","coordinates":[[85.34338891136736,27.677588660447636],[85.34351708974116,27.677777022431076]]}},{"type":"Feature","properties":{},"geometry":{"type":"LineString","coordinates":[[85.34341975166554,27.67757025070362],[85.34342825834175,27.67757974082473]]}},{"type":"Feature","properties":{},"geometry":{"type":"LineString","coordinates":[[85.3435758018802,27.677470227336386],[85.34343548669428,27.67726141816808]]}},{"type":"Feature","properties":{},"geometry":{"type":"LineString","coordinates":[[85.34357229704548,27.677472785688504],[85.34347786190105,27.67734830405376]]}},{"type":"Feature","properties":{},"geometry":{"type":"LineString","coordinates":[[85.3436701937213,27.67740984596895],[85.34365327807627,27.677366783118867]]}},{"type":"Feature","properties":{},"geometry":{"type":"LineString","coordinates":[[85.34367495121963,27.677407717768684],[85.34363513878296,27.67730114173448]]}},{"type":"Feature","properties":{},"geometry":{"type":"LineString","coordinates":[[85.34367343554777,27.67740839100295],[85.3435910147177,27.67719442838838]]}},{"type":"Feature","properties":{},"geometry":{"type":"LineString","coordinates":[[85.34391297920867,27.677378514016084],[85.34391322419226,27.677387812370082]]}},{"type":"Feature","properties":{},"geometry":{"type":"LineString","coordinates":[[85.3439948184355,27.677373266610573],[85.34399702584497,27.677383460294976]]}},{"type":"Feature","properties":{},"geometry":{"type":"LineString","coordinates":[[85.34406855483867,27.677373087618992],[85.34407080903121,27.6773822637784]]}},{"type":"Feature","properties":{},"geometry":{"type":"LineString","coordinates":[[85.34388856006261,27.677379146281762],[85.34388007978079,27.677342971530695]]}},{"type":"Feature","properties":{},"geometry":{"type":"LineString","coordinates":[[85.34288880623684,27.675365817926842],[85.34289956841215,27.675364291382067]]}},{"type":"Feature","properties":{},"geometry":{"type":"LineString","coordinates":[[85.34291082395673,27.67546979041948],[85.34292302455852,27.675468476032417]]}},{"type":"Feature","properties":{},"geometry":{"type":"LineString","coordinates":[[85.34286671225989,27.67530511937354],[85.34290302188535,27.675296887387624]]}},{"type":"Feature","properties":{},"geometry":{"type":"LineString","coordinates":[[85.34422325882059,27.677648217424725],[85.34417923301723,27.67765492513805]]}},{"type":"Feature","properties":{},"geometry":{"type":"LineString","coordinates":[[85.3454736225728,27.6770491236821],[85.34545195551082,27.676992339570567]]}},{"type":"Feature","properties":{},"geometry":{"type":"LineString","coordinates":[[85.34562936110635,27.6769549481684],[85.34563941385882,27.676963976463956]]}},{"type":"Feature","properties":{},"geometry":{"type":"LineString","coordinates":[[85.34557712734096,27.67713492227346],[85.34554841320087,27.677142115665156]]}},{"type":"Feature","properties":{},"geometry":{"type":"LineString","coordinates":[[85.34595071276878,27.67730755261621],[85.34598101005898,27.677393586873077]]}},{"type":"Feature","properties":{},"geometry":{"type":"LineString","coordinates":[[85.34606796569388,27.67728808918735],[85.34607201594667,27.677261099658384]]}},{"type":"Feature","properties":{},"geometry":{"type":"LineString","coordinates":[[85.34605921356483,27.67728996489443],[85.34607014480707,27.677294453861688]]}},{"type":"Feature","properties":{},"geometry":{"type":"LineString","coordinates":[[85.34607194990038,27.677285402915327],[85.3460783056855,27.677278863063904]]}},{"type":"Feature","properties":{},"geometry":{"type":"LineString","coordinates":[[85.34583331421805,27.677962892368658],[85.34580856070674,27.677962897309783]]}},{"type":"Feature","properties":{},"geometry":{"type":"LineString","coordinates":[[85.3429207938847,27.67779546863084],[85.34286605002076,27.677817748560535]]}},{"type":"Feature","properties":{},"geometry":{"type":"LineString","coordinates":[[85.34344937733228,27.676723143745786],[85.34343724518081,27.67672676592661]]}},{"type":"Feature","properties":{},"geometry":{"type":"LineString","coordinates":[[85.34289937764507,27.677085889304973],[85.34287340749724,27.6769546719212],[85.34298545571575,27.676932915920734]]}},{"type":"Feature","properties":{},"geometry":{"type":"LineString","coordinates":[[85.34290288549026,27.677085683968986],[85.34287411979562,27.67695523641694],[85.34299407531819,27.676932298791456]]}},{"type":"Feature","properties":{},"geometry":{"type":"LineString","coordinates":[[85.34341934950791,27.676572698598733],[85.34340586044341,27.676558949299785]]}},{"type":"Feature","properties":{},"geometry":{"type":"LineString","coordinates":[[85.34342353644158,27.676612480090235],[85.34347668501688,27.67660477065487]]}},{"type":"Feature","properties":{},"geometry":{"type":"LineString","coordinates":[[85.3430669718811,27.67868657496984],[85.34303912995722,27.678691896426347]]}},{"type":"Feature","properties":{},"geometry":{"type":"LineString","coordinates":[[85.34304930276608,27.678633991909287],[85.3430014157554,27.67863795259632]]}},{"type":"Feature","properties":{},"geometry":{"type":"LineString","coordinates":[[85.34304199632882,27.678574735662544],[85.34299391680561,27.67858285482665]]}},{"type":"Feature","properties":{},"geometry":{"type":"LineString","coordinates":[[85.34301055011628,27.67912055909965],[85.34303111827225,27.67911400529637]]}},{"type":"Feature","properties":{},"geometry":{"type":"LineString","coordinates":[[85.3430189178093,27.678240628593706],[85.3429775142675,27.678242177587556]]}},{"type":"Feature","properties":{},"geometry":{"type":"LineString","coordinates":[[85.34302049137723,27.67826433138264],[85.34331400730024,27.678211650926112]]}},{"type":"Feature","properties":{},"geometry":{"type":"LineString","coordinates":[[85.34301999163195,27.67826184157106],[85.34341493206051,27.678211663901596]]}},{"type":"Feature","properties":{},"geometry":{"type":"LineString","coordinates":[[85.34301944955547,27.67825913373716],[85.34342008681833,27.67820336788318]]}},{"type":"Feature","properties":{},"geometry":{"type":"LineString","coordinates":[[85.34300890744693,27.678125293090947],[85.34339650515206,27.67806625658238]]}},{"type":"Feature","properties":{},"geometry":{"type":"LineString","coordinates":[[85.34277677695582,27.678006486179825],[85.3427849058614,27.678016620757084]]}},{"type":"Feature","properties":{},"geometry":{"type":"LineString","coordinates":[[85.34289615614172,27.67820825469363],[85.34288952014496,27.678225282345668]]}},{"type":"Feature","properties":{},"geometry":{"type":"LineString","coordinates":[[85.346073788389,27.67690044473293],[85.34606888616216,27.67690417603572]]}},{"type":"Feature","properties":{},"geometry":{"type":"LineString","coordinates":[[85.34612066608953,27.676932874625617],[85.34611538646497,27.67693756535459]]}},{"type":"Feature","properties":{},"geometry":{"type":"LineString","coordinates":[[85.34615585848876,27.67695804562029],[85.34615260826926,27.67696308911127]]}},{"type":"Feature","properties":{},"geometry":{"type":"LineString","coordinates":[[85.34624474297794,27.677019047420806],[85.34623855403485,27.677024339231743]]}},{"type":"Feature","properties":{},"geometry":{"type":"LineString","coordinates":[[85.3464759428627,27.677149691654332],[85.34647126705379,27.67715360257526]]}},{"type":"Feature","properties":{},"geometry":{"type":"LineString","coordinates":[[85.3465069439757,27.677170576832545],[85.34650174243218,27.677174458914887]]}},{"type":"Feature","properties":{},"geometry":{"type":"LineString","coordinates":[[85.34658603592932,27.67722400370327],[85.34658101650989,27.677228919584905]]}},{"type":"Feature","properties":{},"geometry":{"type":"LineString","coordinates":[[85.34665468644492,27.677270445568674],[85.3466499369944,27.677275476592175]]}},{"type":"Feature","properties":{},"geometry":{"type":"LineString","coordinates":[[85.34671954151301,27.677313978288375],[85.34671458706126,27.6773207063818]]}},{"type":"Feature","properties":{},"geometry":{"type":"LineString","coordinates":[[85.34681409915903,27.677376713571082],[85.34680777650097,27.677383345011023]]}},{"type":"Feature","properties":{},"geometry":{"type":"LineString","coordinates":[[85.34129697684371,27.67843112780233],[85.34129721014085,27.678438903402025]]}},{"type":"Feature","properties":{},"geometry":{"type":"LineString","coordinates":[[85.34117367675968,27.678445412555345],[85.34120792222267,27.678493483904614]]}},{"type":"Feature","properties":{},"geometry":{"type":"LineString","coordinates":[[85.34118269831427,27.678445040436525],[85.34127849481251,27.678554589041656]]}},{"type":"Feature","properties":{},"geometry":{"type":"LineString","coordinates":[[85.34117760236916,27.678445474008708],[85.34128568033253,27.67857367568217]]}},{"type":"Feature","properties":{},"geometry":{"type":"LineString","coordinates":[[85.34082466937664,27.67763379213546],[85.34085595028301,27.67763200610196]]}},{"type":"Feature","properties":{},"geometry":{"type":"LineString","coordinates":[[85.33978659379241,27.677296673403244],[85.33981338538916,27.677425821604498]]}},{"type":"Feature","properties":{},"geometry":{"type":"LineString","coordinates":[[85.33977203737481,27.677298959300774],[85.33978509998084,27.677434939561113]]}},{"type":"Feature","properties":{},"geometry":{"type":"LineString","coordinates":[[85.3394012040603,27.67744024695653],[85.33939392578922,27.67744380602347]]}},{"type":"Feature","properties":{},"geometry":{"type":"LineString","coordinates":[[85.33931312950395,27.677176421228513],[85.33930275364472,27.677180476564367]]}},{"type":"Feature","properties":{},"geometry":{"type":"LineString","coordinates":[[85.33929552534971,27.67712839010612],[85.339285799662,27.67713470330515]]}},{"type":"Feature","properties":{},"geometry":{"type":"LineString","coordinates":[[85.33919093317658,27.67690813206509],[85.33918342852142,27.676910506963456]]}},{"type":"Feature","properties":{},"geometry":{"type":"LineString","coordinates":[[85.3391832558151,27.67689706043495],[85.3391778545217,27.676903609596746]]}},{"type":"Feature","properties":{},"geometry":{"type":"LineString","coordinates":[[85.3392369429484,27.676877297355457],[85.33925119885441,27.676874634252016]]}},{"type":"Feature","properties":{},"geometry":{"type":"LineString","coordinates":[[85.33920128733774,27.676824083937596],[85.33921693364358,27.676817502368408]]}},{"type":"Feature","properties":{},"geometry":{"type":"LineString","coordinates":[[85.33919837311649,27.67682197492592],[85.33921194487215,27.67681581524881]]}},{"type":"Feature","properties":{},"geometry":{"type":"LineString","coordinates":[[85.3391573192168,27.676758830043553],[85.33917147324057,27.676753786591533]]}},{"type":"Feature","properties":{},"geometry":{"type":"LineString","coordinates":[[85.33929601459089,27.67645780667511],[85.33930007879648,27.67646820409564]]}},{"type":"Feature","properties":{},"geometry":{"type":"LineString","coordinates":[[85.3389246377588,27.67641364860115],[85.33893711308738,27.676409798075458]]}},{"type":"Feature","properties":{},"geometry":{"type":"LineString","coordinates":[[85.33886297419164,27.676310324759775],[85.33886876101401,27.676307642264998]]}},{"type":"Feature","properties":{},"geometry":{"type":"LineString","coordinates":[[85.33880968976096,27.676230991103704],[85.33881109148098,27.676227799330935]]}},{"type":"Feature","properties":{},"geometry":{"type":"LineString","coordinates":[[85.34172346344991,27.675229848778944],[85.34172095169838,27.67522586010126]]}},{"type":"Feature","properties":{},"geometry":{"type":"LineString","coordinates":[[85.3377961051477,27.676737248710474],[85.33781479669604,27.676750641274463]]}},{"type":"Feature","properties":{},"geometry":{"type":"LineString","coordinates":[[85.33771546782347,27.6768214244422],[85.33773203785024,27.676835930582097]]}},{"type":"Feature","properties":{},"geometry":{"type":"LineString","coordinates":[[85.3376527204319,27.676886960454127],[85.33764995836943,27.676883106793813]]}},{"type":"Feature","properties":{},"geometry":{"type":"LineString","coordinates":[[85.33741217568942,27.677045254382797],[85.33741484660129,27.67705177941724]]}},{"type":"Feature","properties":{},"geometry":{"type":"LineString","coordinates":[[85.33741168300634,27.677045453349162],[85.33740109707958,27.677027896158872]]}},{"type":"Feature","properties":{},"geometry":{"type":"LineString","coordinates":[[85.33742290573963,27.677040910111458],[85.33742514283081,27.677046558973753]]}},{"type":"Feature","properties":{},"geometry":{"type":"LineString","coordinates":[[85.33741278904617,27.67687099743791],[85.33739466272185,27.676881403842444]]}},{"type":"Feature","properties":{},"geometry":{"type":"LineString","coordinates":[[85.33747134568834,27.676905935951435],[85.33745913550179,27.676920991126835]]}},{"type":"Feature","properties":{},"geometry":{"type":"LineString","coordinates":[[85.33758237233614,27.676968571771713],[85.33757369866795,27.676976641208753]]}},{"type":"Feature","properties":{},"geometry":{"type":"LineString","coordinates":[[85.3377403068201,27.677053921815503],[85.33772158585026,27.677077622072375]]}},{"type":"Feature","properties":{},"geometry":{"type":"LineString","coordinates":[[85.33779037171757,27.67707528586488],[85.33777884336699,27.677094256409397]]}},{"type":"Feature","properties":{},"geometry":{"type":"LineString","coordinates":[[85.33778706831261,27.67701712532359],[85.33779073140856,27.67700988025006]]}},{"type":"Feature","properties":{},"geometry":{"type":"LineString","coordinates":[[85.33908226824221,27.677828117403802],[85.33907889934774,27.677809956416063]]}},{"type":"Feature","properties":{},"geometry":{"type":"LineString","coordinates":[[85.33898864900033,27.677832025643642],[85.33897709015288,27.67780082200414]]}},{"type":"Feature","properties":{},"geometry":{"type":"LineString","coordinates":[[85.33869130888772,27.677753825729987],[85.3387013468268,27.67774262808498]]}},{"type":"Feature","properties":{},"geometry":{"type":"LineString","coordinates":[[85.33933483210491,27.677877597402848],[85.33933807489547,27.67790114873624]]}},{"type":"Feature","properties":{},"geometry":{"type":"LineString","coordinates":[[85.34290586520848,27.67549009366743],[85.3429193741022,27.67549485920526]]}},{"type":"Feature","properties":{},"geometry":{"type":"LineString","coordinates":[[85.34290587878505,27.675488052248085],[85.34292003528202,27.67548980919049]]}},{"type":"Feature","properties":{},"geometry":{"type":"LineString","coordinates":[[85.34290589732196,27.675485077645114],[85.34292106281663,27.6754874883749]]}},{"type":"Feature","properties":{},"geometry":{"type":"LineString","coordinates":[[85.34290590894089,27.675483367440417],[85.34291881931952,27.675486344172917]]}},{"type":"Feature","properties":{},"geometry":{"type":"LineString","coordinates":[[85.34049569629049,27.67837233190125],[85.3405077451791,27.6782031487992]]}},{"type":"Feature","properties":{},"geometry":{"type":"LineString","coordinates":[[85.34049860304492,27.678372927212965],[85.34050493284964,27.6782756471401]]}},{"type":"Feature","properties":{},"geometry":{"type":"LineString","coordinates":[[85.34049374666934,27.67837193217788],[85.34049315679097,27.67821156634519]]}},{"type":"Feature","properties":{},"geometry":{"type":"LineString","coordinates":[[85.34236974476089,27.675108118549797],[85.34231502681605,27.675100161189757]]}},{"type":"Feature","properties":{},"geometry":{"type":"LineString","coordinates":[[85.34515867641568,27.677153472399173],[85.34513986382575,27.677108765155964]]}},{"type":"Feature","properties":{},"geometry":{"type":"LineString","coordinates":[[85.3427554976358,27.675799734391706],[85.34275558217294,27.67581119335104]]}},{"type":"Feature","properties":{},"geometry":{"type":"LineString","coordinates":[[85.34150589788122,27.676617083225345],[85.34146511003391,27.67661939008362]]}},{"type":"Feature","properties":{},"geometry":{"type":"LineString","coordinates":[[85.34199451945088,27.675385668572233],[85.34189592513165,27.675416996711107]]}},{"type":"Feature","properties":{},"geometry":{"type":"LineString","coordinates":[[85.34199369793228,27.675382670377132],[85.34189251711845,27.675418180686126]]}},{"type":"Feature","properties":{},"geometry":{"type":"LineString","coordinates":[[85.34386498748907,27.67541047786377],[85.34385569664019,27.675422939395506]]}},{"type":"Feature","properties":{},"geometry":{"type":"LineString","coordinates":[[85.34011341937443,27.6780226577098],[85.34010006670448,27.67800386084048]]}},{"type":"Feature","properties":{},"geometry":{"type":"LineString","coordinates":[[85.34015093959655,27.678015228921673],[85.3402376554036,27.678011755245567]]}},{"type":"Feature","properties":{},"geometry":{"type":"LineString","coordinates":[[85.34096517663292,27.676391223103117],[85.34095775795487,27.676392139697835]]}},{"type":"Feature","properties":{},"geometry":{"type":"LineString","coordinates":[[85.34092335696062,27.676502067785123],[85.34092524271502,27.6765113208051]]}},{"type":"Feature","properties":{},"geometry":{"type":"LineString","coordinates":[[85.3408618756103,27.676513749662202],[85.34084838286041,27.67651744015775]]}},{"type":"Feature","properties":{},"geometry":{"type":"LineString","coordinates":[[85.33909339890562,27.67652989774763],[85.33908071600975,27.676511884113054]]}},{"type":"Feature","properties":{},"geometry":{"type":"LineString","coordinates":[[85.33697025005242,27.678320652197097],[85.33696715436982,27.678324365142217]]}},{"type":"Feature","properties":{},"geometry":{"type":"LineString","coordinates":[[85.33686103328007,27.6782739333789],[85.33685840581775,27.678279664639135]]}},{"type":"Feature","properties":{},"geometry":{"type":"LineString","coordinates":[[85.33677317953408,27.67824349404027],[85.33670656275484,27.67843685064852]]}},{"type":"Feature","properties":{},"geometry":{"type":"LineString","coordinates":[[85.3367695107525,27.678243144021163],[85.33670088336228,27.678455048338733]]}},{"type":"Feature","properties":{},"geometry":{"type":"LineString","coordinates":[[85.33564471919586,27.67850973825317],[85.33565667270722,27.678491179164304]]}},{"type":"Feature","properties":{},"geometry":{"type":"LineString","coordinates":[[85.33667177346854,27.67818211661816],[85.33667797207377,27.67817213930783]]}},{"type":"Feature","properties":{},"geometry":{"type":"LineString","coordinates":[[85.33660978782322,27.678136196722637],[85.33661442616807,27.67813150498876]]}},{"type":"Feature","properties":{},"geometry":{"type":"LineString","coordinates":[[85.3361863279732,27.67785663516428],[85.33618948391164,27.677850686431785]]}},{"type":"Feature","properties":{},"geometry":{"type":"LineString","coordinates":[[85.33612356600838,27.677814469386497],[85.33610714711706,27.67779434466974]]}},{"type":"Feature","properties":{},"geometry":{"type":"LineString","coordinates":[[85.33627890388087,27.67806486702902],[85.33629665808606,27.67804090356137]]}},{"type":"Feature","properties":{},"geometry":{"type":"LineString","coordinates":[[85.33592226583214,27.677883552415924],[85.33593185412724,27.67786919786119]]}},{"type":"Feature","properties":{},"geometry":{"type":"LineString","coordinates":[[85.33603937820476,27.677938512350355],[85.33605519371007,27.677907546175312]]}},{"type":"Feature","properties":{},"geometry":{"type":"LineString","coordinates":[[85.33600457073605,27.677920859943164],[85.33602438223467,27.67788878831182]]}},{"type":"Feature","properties":{},"geometry":{"type":"LineString","coordinates":[[85.33739944801565,27.677425580641675],[85.33738365571723,27.677396871273025]]}},{"type":"Feature","properties":{},"geometry":{"type":"LineString","coordinates":[[85.33736692526857,27.677440417267494],[85.33737095385989,27.67744498922535]]}},{"type":"Feature","properties":{},"geometry":{"type":"LineString","coordinates":[[85.3373402024296,27.677457336199534],[85.3373239599464,27.677431576383807]]}},{"type":"Feature","properties":{},"geometry":{"type":"LineString","coordinates":[[85.33724041038,27.677512651771913],[85.33722289238841,27.677488642030028]]}},{"type":"Feature","properties":{},"geometry":{"type":"LineString","coordinates":[[85.3370406105882,27.677631478903265],[85.33702339853646,27.677607954774214]]}},{"type":"Feature","properties":{},"geometry":{"type":"LineString","coordinates":[[85.33695605414897,27.6776861053023],[85.33696632747613,27.677695586326784]]}},{"type":"Feature","properties":{},"geometry":{"type":"LineString","coordinates":[[85.33691203973085,27.67771512557576],[85.3369321935715,27.67774475922796]]}},{"type":"Feature","properties":{},"geometry":{"type":"LineString","coordinates":[[85.33691007076874,27.677716539704395],[85.33693159617908,27.67774450836586]]}},{"type":"Feature","properties":{},"geometry":{"type":"LineString","coordinates":[[85.33689687468822,27.67772405207389],[85.33690935248536,27.67775398256712]]}},{"type":"Feature","properties":{},"geometry":{"type":"LineString","coordinates":[[85.33678263149274,27.67780076483457],[85.3369783013496,27.67798559259031]]}},{"type":"Feature","properties":{},"geometry":{"type":"LineString","coordinates":[[85.33677812537552,27.677803890426087],[85.3369647492696,27.677986621254448]]}},{"type":"Feature","properties":{},"geometry":{"type":"LineString","coordinates":[[85.33668139756772,27.67788944634134],[85.3366699974178,27.67787845803791]]}},{"type":"Feature","properties":{},"geometry":{"type":"LineString","coordinates":[[85.33665770116089,27.677920323372824],[85.33663058769218,27.677900313077508]]}},{"type":"Feature","properties":{},"geometry":{"type":"LineString","coordinates":[[85.33658975464147,27.678001851052233],[85.33657437559425,27.67799077344152]]}},{"type":"Feature","properties":{},"geometry":{"type":"LineString","coordinates":[[85.3365405588766,27.67805673123259],[85.33652812966899,27.67804527657475]]}},{"type":"Feature","properties":{},"geometry":{"type":"LineString","coordinates":[[85.33675155139167,27.67769400306816],[85.33672722821255,27.677709509311388]]}},{"type":"Feature","properties":{},"geometry":{"type":"LineString","coordinates":[[85.33673291263004,27.677679132611377],[85.33671156689489,27.67769558437877]]}},{"type":"Feature","properties":{},"geometry":{"type":"LineString","coordinates":[[85.33673379076325,27.677677247791987],[85.3367367567147,27.677673464699556]]}},{"type":"Feature","properties":{},"geometry":{"type":"LineString","coordinates":[[85.33662776538272,27.677583544961994],[85.3366326453444,27.677578896742787]]}},{"type":"Feature","properties":{},"geometry":{"type":"LineString","coordinates":[[85.33654394546305,27.677517493118227],[85.3365483223588,27.677512658349798]]}},{"type":"Feature","properties":{},"geometry":{"type":"LineString","coordinates":[[85.33652497253787,27.677501663719664],[85.33650477460363,27.677523123071772]]}},{"type":"Feature","properties":{},"geometry":{"type":"LineString","coordinates":[[85.33647584433294,27.677461843304613],[85.33647790497753,27.677457456367357]]}},{"type":"Feature","properties":{},"geometry":{"type":"LineString","coordinates":[[85.3363760384108,27.677381032155967],[85.33627739827357,27.67747350276106]]}},{"type":"Feature","properties":{},"geometry":{"type":"LineString","coordinates":[[85.33636462626848,27.67736655892385],[85.33634467902934,27.677377362099765]]}},{"type":"Feature","properties":{},"geometry":{"type":"LineString","coordinates":[[85.33636561703214,27.67736647424991],[85.33637314699604,27.6773606285883]]}},{"type":"Feature","properties":{},"geometry":{"type":"LineString","coordinates":[[85.33749656951721,27.677774288440908],[85.33751110856693,27.677762779374973]]}},{"type":"Feature","properties":{},"geometry":{"type":"LineString","coordinates":[[85.33712369021295,27.67741612319599],[85.33712811349076,27.67740969685925]]}},{"type":"Feature","properties":{},"geometry":{"type":"LineString","coordinates":[[85.33748231027432,27.677374548352848],[85.33746311755307,27.677342697905644]]}},{"type":"Feature","properties":{},"geometry":{"type":"LineString","coordinates":[[85.33750361972571,27.67736603760093],[85.3375624910703,27.67745553115127]]}},{"type":"Feature","properties":{},"geometry":{"type":"LineString","coordinates":[[85.33751184129761,27.677363656959518],[85.33757340879043,27.6774584122649]]}},{"type":"Feature","properties":{},"geometry":{"type":"LineString","coordinates":[[85.33752094916589,27.677362868230205],[85.33750691090391,27.677338901188595]]}},{"type":"Feature","properties":{},"geometry":{"type":"LineString","coordinates":[[85.33759004201956,27.677336856394636],[85.33759413722701,27.677343992400303]]}},{"type":"Feature","properties":{},"geometry":{"type":"LineString","coordinates":[[85.33766859468727,27.67730328092138],[85.33765338770758,27.67727655339484]]}},{"type":"Feature","properties":{},"geometry":{"type":"LineString","coordinates":[[85.33769304758745,27.677287830214752],[85.33767757951551,27.677266293758354]]}},{"type":"Feature","properties":{},"geometry":{"type":"LineString","coordinates":[[85.33704533786016,27.677338207323405],[85.33705201574774,27.677332658262586]]}},{"type":"Feature","properties":{},"geometry":{"type":"LineString","coordinates":[[85.33697223234769,27.67735263245361],[85.33696288600355,27.67734507055916]]}},{"type":"Feature","properties":{},"geometry":{"type":"LineString","coordinates":[[85.33690713300957,27.67739495685342],[85.33692138023659,27.677420647631614]]}},{"type":"Feature","properties":{},"geometry":{"type":"LineString","coordinates":[[85.33686072287232,27.677427335637066],[85.3368778129149,27.677451882719048]]}},{"type":"Feature","properties":{},"geometry":{"type":"LineString","coordinates":[[85.33685362147226,27.67743313412337],[85.3368473994843,27.6774286648807]]}},{"type":"Feature","properties":{},"geometry":{"type":"LineString","coordinates":[[85.33684305746365,27.677438493007866],[85.33682693415264,27.677443286931336]]}},{"type":"Feature","properties":{},"geometry":{"type":"LineString","coordinates":[[85.33706922709437,27.678417514851095],[85.33701824054955,27.678421826155603]]}},{"type":"Feature","properties":{},"geometry":{"type":"LineString","coordinates":[[85.33708255862565,27.678455210324852],[85.33692088546461,27.67841786388385]]}},{"type":"Feature","properties":{},"geometry":{"type":"LineString","coordinates":[[85.3387342078345,27.678476013898464],[85.33873327951781,27.678455959734805]]}},{"type":"Feature","properties":{},"geometry":{"type":"LineString","coordinates":[[85.33848478405677,27.678507028661674],[85.33847974924302,27.67848560480185]]}},{"type":"Feature","properties":{},"geometry":{"type":"LineString","coordinates":[[85.3384607192177,27.678508818577654],[85.33845883963964,27.678517121194073]]}},{"type":"Feature","properties":{},"geometry":{"type":"LineString","coordinates":[[85.3384212616669,27.67851267391138],[85.33842046826156,27.678518942563027]]}},{"type":"Feature","properties":{},"geometry":{"type":"LineString","coordinates":[[85.33827049017763,27.678450772231127],[85.33825272450977,27.678455222597204]]}},{"type":"Feature","properties":{},"geometry":{"type":"LineString","coordinates":[[85.33826409105717,27.67840033111684],[85.33823888158356,27.67839073868671]]}},{"type":"Feature","properties":{},"geometry":{"type":"LineString","coordinates":[[85.338262830302,27.678398493734232],[85.33827129500852,27.678386149960225]]}},{"type":"Feature","properties":{},"geometry":{"type":"LineString","coordinates":[[85.33822454143123,27.678537722736323],[85.33822388879452,27.678542862174563]]}},{"type":"Feature","properties":{},"geometry":{"type":"LineString","coordinates":[[85.3381160248429,27.678547900389436],[85.33811508810057,27.678553858645373]]}},{"type":"Feature","properties":{},"geometry":{"type":"LineString","coordinates":[[85.33807949495892,27.678553713191807],[85.3380752811917,27.678533041070686]]}},{"type":"Feature","properties":{},"geometry":{"type":"LineString","coordinates":[[85.33794340701095,27.67856699772754],[85.33794425197102,27.67857038341977]]}},{"type":"Feature","properties":{},"geometry":{"type":"LineString","coordinates":[[85.33779585899805,27.6785849543167],[85.33779813716444,27.67858709002229]]}},{"type":"Feature","properties":{},"geometry":{"type":"LineString","coordinates":[[85.33778750456385,27.678583315205582],[85.33778612292302,27.678567500314323]]}},{"type":"Feature","properties":{},"geometry":{"type":"LineString","coordinates":[[85.33775131237748,27.67858918702865],[85.33775173892415,27.678591280658175]]}},{"type":"Feature","properties":{},"geometry":{"type":"LineString","coordinates":[[85.33766157048906,27.67859897769732],[85.33766313131467,27.678602690583965]]}},{"type":"Feature","properties":{},"geometry":{"type":"LineString","coordinates":[[85.33760328583065,27.678607006797368],[85.33760126431626,27.678587990085962]]}},{"type":"Feature","properties":{},"geometry":{"type":"LineString","coordinates":[[85.33750037926885,27.678618815419817],[85.33749765747538,27.678602258788324]]}},{"type":"Feature","properties":{},"geometry":{"type":"LineString","coordinates":[[85.33748615824062,27.67862042998431],[85.33748751313624,27.67862595814531]]}},{"type":"Feature","properties":{},"geometry":{"type":"LineString","coordinates":[[85.33745075184146,27.678624956425352],[85.33744949411042,27.678607724204326]]}},{"type":"Feature","properties":{},"geometry":{"type":"LineString","coordinates":[[85.3374044105906,27.678630001444166],[85.33740511833402,27.67863769338345]]}},{"type":"Feature","properties":{},"geometry":{"type":"LineString","coordinates":[[85.33730522340564,27.678651201415537],[85.33729969203036,27.67862783738599]]}},{"type":"Feature","properties":{},"geometry":{"type":"LineString","coordinates":[[85.33718708098473,27.678712542303554],[85.33716362675513,27.678717321360928]]}},{"type":"Feature","properties":{},"geometry":{"type":"LineString","coordinates":[[85.33716204843338,27.678652853728522],[85.3371675083603,27.678651550099623]]}},{"type":"Feature","properties":{},"geometry":{"type":"LineString","coordinates":[[85.33710903872336,27.678543953263702],[85.33711791554829,27.678539951405348]]}},{"type":"Feature","properties":{},"geometry":{"type":"LineString","coordinates":[[85.33710889340509,27.678544444313676],[85.33707987582191,27.678549058190026]]}},{"type":"Feature","properties":{},"geometry":{"type":"LineString","coordinates":[[85.3371031985387,27.67852759295064],[85.33707312723007,27.67853008941914]]}},{"type":"Feature","properties":{},"geometry":{"type":"LineString","coordinates":[[85.33798797755512,27.67856051426961],[85.33798468515198,27.678530280709765]]}},{"type":"Feature","properties":{},"geometry":{"type":"LineString","coordinates":[[85.33774988062144,27.678812830025176],[85.33775258520281,27.678830994797845]]}},{"type":"Feature","properties":{},"geometry":{"type":"LineString","coordinates":[[85.33808369452294,27.67886087395859],[85.33807725412137,27.67886131384824]]}},{"type":"Feature","properties":{},"geometry":{"type":"LineString","coordinates":[[85.33952957259471,27.678819975340005],[85.33955458736446,27.678808606080302]]}},{"type":"Feature","properties":{},"geometry":{"type":"LineString","coordinates":[[85.3397582357454,27.67919948060955],[85.33976056480533,27.67918672474048]]}},{"type":"Feature","properties":{},"geometry":{"type":"LineString","coordinates":[[85.33852228157279,27.67906272185735],[85.33848464115376,27.679067612568073]]}},{"type":"Feature","properties":{},"geometry":{"type":"LineString","coordinates":[[85.33918600427839,27.678892335142773],[85.33917972984472,27.67889232579649]]}},{"type":"Feature","properties":{},"geometry":{"type":"LineString","coordinates":[[85.33922969146197,27.679019837571314],[85.33922248768236,27.679021883031407]]}},{"type":"Feature","properties":{},"geometry":{"type":"LineString","coordinates":[[85.33917668351503,27.679284861727027],[85.33917347997586,27.679273257980046]]}},{"type":"Feature","properties":{},"geometry":{"type":"LineString","coordinates":[[85.33896150787076,27.679305380569236],[85.33896844043171,27.679277039554236]]}},{"type":"Feature","properties":{},"geometry":{"type":"LineString","coordinates":[[85.33887383554746,27.679336085548467],[85.3388703864873,27.679326438296933]]}},{"type":"Feature","properties":{},"geometry":{"type":"LineString","coordinates":[[85.33857688168271,27.679289379132168],[85.33855595831842,27.679288436801038]]}},{"type":"Feature","properties":{},"geometry":{"type":"LineString","coordinates":[[85.33853804682784,27.679120314330508],[85.33849755934112,27.679122205099294]]}},{"type":"Feature","properties":{},"geometry":{"type":"LineString","coordinates":[[85.33856913183584,27.679256162425073],[85.3385768777453,27.67925339965402]]}},{"type":"Feature","properties":{},"geometry":{"type":"LineString","coordinates":[[85.33845636956733,27.679795561734572],[85.33843420640133,27.679818449995658]]}},{"type":"Feature","properties":{},"geometry":{"type":"LineString","coordinates":[[85.33829314092009,27.679844933636726],[85.338264715381,27.679849529582665]]}},{"type":"Feature","properties":{},"geometry":{"type":"LineString","coordinates":[[85.33802202376867,27.67946942495971],[85.33801109233565,27.679511095595554]]}},{"type":"Feature","properties":{},"geometry":{"type":"LineString","coordinates":[[85.33890637826164,27.679790891257475],[85.33891949368457,27.679782017585026]]}},{"type":"Feature","properties":{},"geometry":{"type":"LineString","coordinates":[[85.33910964588848,27.6798490696862],[85.33911250507663,27.679867820244436]]}},{"type":"Feature","properties":{},"geometry":{"type":"LineString","coordinates":[[85.33495716769245,27.678321278419258],[85.33495760982002,27.67833510814781]]}},{"type":"Feature","properties":{},"geometry":{"type":"LineString","coordinates":[[85.33532169506604,27.678122570794123],[85.33533386286076,27.67813721655255]]}},{"type":"Feature","properties":{},"geometry":{"type":"LineString","coordinates":[[85.3355759741011,27.677944292602863],[85.33558711889802,27.677957472033096]]}},{"type":"Feature","properties":{},"geometry":{"type":"LineString","coordinates":[[85.33564087245558,27.67817226416989],[85.33560095407255,27.678174020140705]]}},{"type":"Feature","properties":{},"geometry":{"type":"LineString","coordinates":[[85.33565027285499,27.678102834447422],[85.33560802928966,27.678097068578115]]}},{"type":"Feature","properties":{},"geometry":{"type":"LineString","coordinates":[[85.33624398431273,27.67837677098907],[85.33624041409729,27.678383831205178]]}},{"type":"Feature","properties":{},"geometry":{"type":"LineString","coordinates":[[85.33636070465909,27.678662421462118],[85.33636578362838,27.67865608516154]]}},{"type":"Feature","properties":{},"geometry":{"type":"LineString","coordinates":[[85.33808171715879,27.676176328117595],[85.33803462880837,27.676098929586917]]}},{"type":"Feature","properties":{},"geometry":{"type":"LineString","coordinates":[[85.33808977437754,27.676171537450468],[85.33804199364549,27.676107798001084]]}},{"type":"Feature","properties":{},"geometry":{"type":"LineString","coordinates":[[85.33604091148219,27.678124967727044],[85.33603828447207,27.678129328899114]]}},{"type":"Feature","properties":{},"geometry":{"type":"LineString","coordinates":[[85.336256125336,27.678876771943937],[85.33626978234818,27.678865549364513]]}},{"type":"Feature","properties":{},"geometry":{"type":"LineString","coordinates":[[85.3345877345893,27.67880283595626],[85.33459470672933,27.67878665938251]]}},{"type":"Feature","properties":{},"geometry":{"type":"LineString","coordinates":[[85.33487771218374,27.67889451342319],[85.33488572759498,27.67887559117182]]}},{"type":"Feature","properties":{},"geometry":{"type":"LineString","coordinates":[[85.33551331414895,27.678719992223613],[85.33552349845719,27.67871755586651]]}},{"type":"Feature","properties":{},"geometry":{"type":"LineString","coordinates":[[85.33554116297896,27.678651582967714],[85.3355560983548,27.678653005255956]]}},{"type":"Feature","properties":{},"geometry":{"type":"LineString","coordinates":[[85.3353563666477,27.678654832597577],[85.33535949988594,27.678648647144918]]}},{"type":"Feature","properties":{},"geometry":{"type":"LineString","coordinates":[[85.33530351134618,27.678633145311032],[85.33529191884577,27.678648818728544]]}},{"type":"Feature","properties":{},"geometry":{"type":"LineString","coordinates":[[85.33625755283849,27.678630599459446],[85.33626074194586,27.67861604166298]]}},{"type":"Feature","properties":{},"geometry":{"type":"LineString","coordinates":[[85.33509948203613,27.678547405422727],[85.33508593774464,27.67856415918553]]}},{"type":"Feature","properties":{},"geometry":{"type":"LineString","coordinates":[[85.3349905020605,27.67850309690948],[85.33497406697234,27.678518538798734]]}},{"type":"Feature","properties":{},"geometry":{"type":"LineString","coordinates":[[85.33489379979834,27.67846485485312],[85.33488345218406,27.67848287088623]]}},{"type":"Feature","properties":{},"geometry":{"type":"LineString","coordinates":[[85.33546733898487,27.67843243307035],[85.33546249903793,27.67843757903314]]}},{"type":"Feature","properties":{},"geometry":{"type":"LineString","coordinates":[[85.33544762416389,27.67842762201208],[85.33545425609195,27.678395894812763]]}},{"type":"Feature","properties":{},"geometry":{"type":"LineString","coordinates":[[85.33538701040099,27.678409530261497],[85.33539099221339,27.678378204443273]]}},{"type":"Feature","properties":{},"geometry":{"type":"LineString","coordinates":[[85.33537119986198,27.678405986365433],[85.33536572331865,27.678410992901426]]}},{"type":"Feature","properties":{},"geometry":{"type":"LineString","coordinates":[[85.33530756081053,27.678391843900716],[85.33531043112241,27.678366626749018]]}},{"type":"Feature","properties":{},"geometry":{"type":"LineString","coordinates":[[85.33529875901112,27.67839015955204],[85.33529716193604,27.678394057441018]]}},{"type":"Feature","properties":{},"geometry":{"type":"LineString","coordinates":[[85.33524190252767,27.678379287294515],[85.33523954175119,27.678355794330155]]}},{"type":"Feature","properties":{},"geometry":{"type":"LineString","coordinates":[[85.3350904459633,27.678342307924666],[85.33508862803228,27.67834619503342]]}},{"type":"Feature","properties":{},"geometry":{"type":"LineString","coordinates":[[85.33560892413273,27.67840047730437],[85.33555597297729,27.678392404890293]]}},{"type":"Feature","properties":{},"geometry":{"type":"LineString","coordinates":[[85.33585062691013,27.67863230064669],[85.33583874829908,27.67864331169228]]}},{"type":"Feature","properties":{},"geometry":{"type":"LineString","coordinates":[[85.33570429309508,27.678539317739837],[85.33570170820116,27.67854397544826]]}},{"type":"Feature","properties":{},"geometry":{"type":"LineString","coordinates":[[85.3359362211719,27.678771201299732],[85.33595634037644,27.678787329758663]]}},{"type":"Feature","properties":{},"geometry":{"type":"LineString","coordinates":[[85.33589469208214,27.678825426014654],[85.33591261680692,27.678836642591428]]}},{"type":"Feature","properties":{},"geometry":{"type":"LineString","coordinates":[[85.33585268274284,27.67886999754801],[85.33583299137238,27.678874199725744]]}},{"type":"Feature","properties":{},"geometry":{"type":"LineString","coordinates":[[85.33636674847733,27.678664401148914],[85.33636119538916,27.67867533026741]]}},{"type":"Feature","properties":{},"geometry":{"type":"LineString","coordinates":[[85.3361873793165,27.678836470281873],[85.33619509248102,27.678828310881926]]}},{"type":"Feature","properties":{},"geometry":{"type":"LineString","coordinates":[[85.33620109740991,27.678845298677587],[85.33620761795936,27.678837229647623]]}},{"type":"Feature","properties":{},"geometry":{"type":"LineString","coordinates":[[85.33637577308866,27.678945204717348],[85.33638018052334,27.6789395634408]]}},{"type":"Feature","properties":{},"geometry":{"type":"LineString","coordinates":[[85.3364016227419,27.67896239023716],[85.33638761643134,27.67897679284446]]}},{"type":"Feature","properties":{},"geometry":{"type":"LineString","coordinates":[[85.33640627098042,27.67896641459428],[85.33639497866741,27.678981286634723]]}},{"type":"Feature","properties":{},"geometry":{"type":"LineString","coordinates":[[85.3365776239535,27.678976717344792],[85.33659333898568,27.679000355323836]]}},{"type":"Feature","properties":{},"geometry":{"type":"LineString","coordinates":[[85.33660709561292,27.678937997003604],[85.33663014480697,27.678939211552798]]}},{"type":"Feature","properties":{},"geometry":{"type":"LineString","coordinates":[[85.33669347229227,27.678934874401865],[85.33670220128606,27.678950267584856]]}},{"type":"Feature","properties":{},"geometry":{"type":"LineString","coordinates":[[85.3368054637429,27.6788979969298],[85.33681784776446,27.678911505235867]]}},{"type":"Feature","properties":{},"geometry":{"type":"LineString","coordinates":[[85.33680533056183,27.678872392580136],[85.33681299491893,27.678868924034276]]}},{"type":"Feature","properties":{},"geometry":{"type":"LineString","coordinates":[[85.3367991260159,27.678865495672664],[85.3367881201266,27.6788672218769]]}},{"type":"Feature","properties":{},"geometry":{"type":"LineString","coordinates":[[85.33676821964632,27.678803056819895],[85.33679604589702,27.678780855076692]]}},{"type":"Feature","properties":{},"geometry":{"type":"LineString","coordinates":[[85.33672383092411,27.678799135614657],[85.33672530386607,27.67878690022837]]}},{"type":"Feature","properties":{},"geometry":{"type":"LineString","coordinates":[[85.33658744013356,27.678768080810073],[85.33661066328435,27.6787683840658]]}},{"type":"Feature","properties":{},"geometry":{"type":"LineString","coordinates":[[85.33662820729595,27.678635919308803],[85.33662241363416,27.67863281895763]]}},{"type":"Feature","properties":{},"geometry":{"type":"LineString","coordinates":[[85.3366285445791,27.678628446601607],[85.33662181716005,27.678623675240317]]}},{"type":"Feature","properties":{},"geometry":{"type":"LineString","coordinates":[[85.33667691732653,27.67862462122033],[85.33668214425889,27.678618956379353]]}},{"type":"Feature","properties":{},"geometry":{"type":"LineString","coordinates":[[85.33703578093457,27.67913496604188],[85.33706287519172,27.6791454270138]]}},{"type":"Feature","properties":{},"geometry":{"type":"LineString","coordinates":[[85.33707161269614,27.679116426349854],[85.33709025487876,27.679103314924124]]}},{"type":"Feature","properties":{},"geometry":{"type":"LineString","coordinates":[[85.33701813101409,27.679323033230602],[85.33701793610729,27.67931542055482]]}},{"type":"Feature","properties":{},"geometry":{"type":"LineString","coordinates":[[85.33713975530313,27.679286013021212],[85.3371476065745,27.679314111725432]]}},{"type":"Feature","properties":{},"geometry":{"type":"LineString","coordinates":[[85.33732037111108,27.679246657431996],[85.33732004502775,27.679240341054108]]}},{"type":"Feature","properties":{},"geometry":{"type":"LineString","coordinates":[[85.33740682405352,27.6791143428021],[85.33755264460069,27.679041133212625]]}},{"type":"Feature","properties":{},"geometry":{"type":"LineString","coordinates":[[85.33741456532863,27.679128622068937],[85.33755839813551,27.679047689827225]]}},{"type":"Feature","properties":{},"geometry":{"type":"LineString","coordinates":[[85.33766923455818,27.679173978692663],[85.33768301347072,27.67918683577566]]}},{"type":"Feature","properties":{},"geometry":{"type":"LineString","coordinates":[[85.33770400815693,27.679508314005044],[85.33771879230167,27.679545174845224]]}},{"type":"Feature","properties":{},"geometry":{"type":"LineString","coordinates":[[85.33769899502782,27.679510237655382],[85.33772502813122,27.679566883906322]]}},{"type":"Feature","properties":{},"geometry":{"type":"LineString","coordinates":[[85.33780651471837,27.679488561591178],[85.33780665082624,27.679481045850334]]}},{"type":"Feature","properties":{},"geometry":{"type":"LineString","coordinates":[[85.33781019238869,27.67948692155875],[85.3378199860534,27.67951222757039]]}},{"type":"Feature","properties":{},"geometry":{"type":"LineString","coordinates":[[85.33751832390598,27.679664215634922],[85.33752715950145,27.679665819924757]]}},{"type":"Feature","properties":{},"geometry":{"type":"LineString","coordinates":[[85.33746713101098,27.67979310144612],[85.33747795131107,27.679792991242614]]}},{"type":"Feature","properties":{},"geometry":{"type":"LineString","coordinates":[[85.33742312210344,27.679805174659453],[85.33741987978067,27.679797548870994]]}},{"type":"Feature","properties":{},"geometry":{"type":"LineString","coordinates":[[85.33732837872853,27.679847443922373],[85.33732409204762,27.6798422352709]]}},{"type":"Feature","properties":{},"geometry":{"type":"LineString","coordinates":[[85.33722433240968,27.679752031443847],[85.33722769370796,27.679744640165367]]}},{"type":"Feature","properties":{},"geometry":{"type":"LineString","coordinates":[[85.33717758526302,27.679676619635828],[85.33715302093375,27.679667059117136]]}},{"type":"Feature","properties":{},"geometry":{"type":"LineString","coordinates":[[85.33754181119359,27.679948671220476],[85.33750766905071,27.679956516183996]]}},{"type":"Feature","properties":{},"geometry":{"type":"LineString","coordinates":[[85.33789157471628,27.679762386564683],[85.33791473539816,27.679766629410448]]}},{"type":"Feature","properties":{},"geometry":{"type":"LineString","coordinates":[[85.3383617750926,27.680247623847876],[85.3383581589639,27.680231132316944]]}},{"type":"Feature","properties":{},"geometry":{"type":"LineString","coordinates":[[85.33851362846521,27.680214902040902],[85.33851442411711,27.680194553569724]]}},{"type":"Feature","properties":{},"geometry":{"type":"LineString","coordinates":[[85.33825464109118,27.681290252591555],[85.33822609877251,27.681298050280233]]}},{"type":"Feature","properties":{},"geometry":{"type":"LineString","coordinates":[[85.33838838196172,27.681595720024223],[85.33839526790669,27.681592648207253]]}},{"type":"Feature","properties":{},"geometry":{"type":"LineString","coordinates":[[85.33898614402825,27.680294120302417],[85.33898412222553,27.680273564748052]]}},{"type":"Feature","properties":{},"geometry":{"type":"LineString","coordinates":[[85.33912157762127,27.6802805318264],[85.33912289224929,27.680299180827614]]}},{"type":"Feature","properties":{},"geometry":{"type":"LineString","coordinates":[[85.33878510110469,27.68016057076421],[85.33878170984221,27.680166196327242]]}},{"type":"Feature","properties":{},"geometry":{"type":"LineString","coordinates":[[85.33881677683135,27.680009943383613],[85.33885367497425,27.67998498441824]]}},{"type":"Feature","properties":{},"geometry":{"type":"LineString","coordinates":[[85.33841941526107,27.680017998809603],[85.33840647388908,27.680048389610093]]}},{"type":"Feature","properties":{},"geometry":{"type":"LineString","coordinates":[[85.33821584903801,27.67999622663217],[85.33821668051677,27.68000947798176]]}},{"type":"Feature","properties":{},"geometry":{"type":"LineString","coordinates":[[85.33797628968743,27.680019451430436],[85.33795730840791,27.680023483720834]]}},{"type":"Feature","properties":{},"geometry":{"type":"LineString","coordinates":[[85.33788465871775,27.68017521760391],[85.33788201407694,27.680184493909042]]}},{"type":"Feature","properties":{},"geometry":{"type":"LineString","coordinates":[[85.33788542384599,27.680174435245533],[85.33787258452323,27.68018528691715]]}},{"type":"Feature","properties":{},"geometry":{"type":"LineString","coordinates":[[85.34267071664176,27.67511657638472],[85.34265749118343,27.675053009982616]]}},{"type":"Feature","properties":{},"geometry":{"type":"LineString","coordinates":[[85.34267128687631,27.675116544397145],[85.34267601842112,27.675070863076396]]}},{"type":"Feature","properties":{},"geometry":{"type":"LineString","coordinates":[[85.34267186824698,27.67511651344536],[85.34267627567125,27.675071014173337]]}},{"type":"Feature","properties":{},"geometry":{"type":"LineString","coordinates":[[85.33557662860152,27.678552817579593],[85.33556044768557,27.678549962415087]]}},{"type":"Feature","properties":{},"geometry":{"type":"LineString","coordinates":[[85.34012854456171,27.67658751100198],[85.3401202261192,27.67659013703953]]}},{"type":"Feature","properties":{},"geometry":{"type":"LineString","coordinates":[[85.33892299311024,27.676515180744634],[85.33891303299923,27.676519300607232]]}},{"type":"Feature","properties":{},"geometry":{"type":"LineString","coordinates":[[85.33639031545299,27.678428068846916],[85.33635143649516,27.678500112172912]]}},{"type":"Feature","properties":{},"geometry":{"type":"LineString","coordinates":[[85.33681333011393,27.67927860725717],[85.33680427365798,27.679293858174447]]}},{"type":"Feature","properties":{},"geometry":{"type":"LineString","coordinates":[[85.34082510109657,27.67765218325945],[85.3408162755767,27.677651663272936]]}},{"type":"Feature","properties":{},"geometry":{"type":"LineString","coordinates":[[85.34309555719258,27.677103895407495],[85.34309590150144,27.677094180804065]]}},{"type":"Feature","properties":{},"geometry":{"type":"LineString","coordinates":[[85.33562100848538,27.678307220828007],[85.33559165033608,27.67830180021988]]}},{"type":"Feature","properties":{},"geometry":{"type":"LineString","coordinates":[[85.34021338261263,27.679565181141125],[85.34024729153616,27.679570528959488]]}},{"type":"Feature","properties":{},"geometry":{"type":"LineString","coordinates":[[85.3401968071111,27.679571707450076],[85.3402076271457,27.679587169710498]]}},{"type":"Feature","properties":{},"geometry":{"type":"LineString","coordinates":[[85.33998593250499,27.679617247688757],[85.33999205584685,27.679629798895427]]}},{"type":"Feature","properties":{},"geometry":{"type":"LineString","coordinates":[[85.33966223449913,27.67990568185774],[85.33967136920721,27.67991030413034]]}},{"type":"Feature","properties":{},"geometry":{"type":"LineString","coordinates":[[85.33952030934744,27.680102139976594],[85.33950891834198,27.680101571996452]]}},{"type":"Feature","properties":{},"geometry":{"type":"LineString","coordinates":[[85.3394553839582,27.67993775283784],[85.33945507139866,27.6799328130195]]}},{"type":"Feature","properties":{},"geometry":{"type":"LineString","coordinates":[[85.33947443531997,27.679939069718493],[85.33947447930719,27.679932609759906]]}},{"type":"Feature","properties":{},"geometry":{"type":"LineString","coordinates":[[85.33914671763024,27.679644303996973],[85.33914604253836,27.67962774485645]]}},{"type":"Feature","properties":{},"geometry":{"type":"LineString","coordinates":[[85.33913397425489,27.679643867790382],[85.33913394518109,27.67964759860231]]}},{"type":"Feature","properties":{},"geometry":{"type":"LineString","coordinates":[[85.33918204150066,27.678876904485968],[85.33917191437469,27.67887710617218]]}},{"type":"Feature","properties":{},"geometry":{"type":"LineString","coordinates":[[85.3390604379682,27.679643658404864],[85.33902670399884,27.679645780131]]}},{"type":"Feature","properties":{},"geometry":{"type":"LineString","coordinates":[[85.33964144059507,27.67945948122693],[85.33960445663043,27.679468219576062]]}},{"type":"Feature","properties":{},"geometry":{"type":"LineString","coordinates":[[85.33903882927967,27.678561443003623],[85.33903973235267,27.678564273413414]]}},{"type":"Feature","properties":{},"geometry":{"type":"LineString","coordinates":[[85.33919073399436,27.678372437314188],[85.33917562656492,27.678380643613846]]}},{"type":"Feature","properties":{},"geometry":{"type":"LineString","coordinates":[[85.33910710235531,27.67825144620093],[85.3390915521796,27.67825929879692]]}},{"type":"Feature","properties":{},"geometry":{"type":"LineString","coordinates":[[85.33914463749869,27.678212951935617],[85.33916039499373,27.678202117070597]]}},{"type":"Feature","properties":{},"geometry":{"type":"LineString","coordinates":[[85.33861119076093,27.680453533467748],[85.33861553672398,27.680461060552215]]}},{"type":"Feature","properties":{},"geometry":{"type":"LineString","coordinates":[[85.33823818517132,27.68055829040729],[85.33823848651957,27.680551376847255]]}},{"type":"Feature","properties":{},"geometry":{"type":"LineString","coordinates":[[85.33834150397635,27.680523920578864],[85.3383489236336,27.680541242962487]]}},{"type":"Feature","properties":{},"geometry":{"type":"LineString","coordinates":[[85.33837482629873,27.68051579120227],[85.33838172892287,27.680532040562507]]}},{"type":"Feature","properties":{},"geometry":{"type":"LineString","coordinates":[[85.338385052583,27.680512330742886],[85.33838643412044,27.680507597173555]]}},{"type":"Feature","properties":{},"geometry":{"type":"LineString","coordinates":[[85.33844131661874,27.680496599076925],[85.33844228236715,27.68049133703758]]}},{"type":"Feature","properties":{},"geometry":{"type":"LineString","coordinates":[[85.33863080578189,27.680448561009023],[85.3386304350116,27.680442311788287]]}},{"type":"Feature","properties":{},"geometry":{"type":"LineString","coordinates":[[85.3387053382395,27.680427933582795],[85.33871133195446,27.680440133095704]]}},{"type":"Feature","properties":{},"geometry":{"type":"LineString","coordinates":[[85.33809296231827,27.680728787822],[85.33810126181785,27.680756834092517]]}},{"type":"Feature","properties":{},"geometry":{"type":"LineString","coordinates":[[85.33871799079303,27.6804230554048],[85.3387212544317,27.680438591407714]]}},{"type":"Feature","properties":{},"geometry":{"type":"LineString","coordinates":[[85.33894752337876,27.680357530927672],[85.33897559100113,27.680368354305507]]}},{"type":"Feature","properties":{},"geometry":{"type":"LineString","coordinates":[[85.33886710018791,27.680386961754532],[85.33886560461292,27.68038328757008]]}},{"type":"Feature","properties":{},"geometry":{"type":"LineString","coordinates":[[85.33852435543622,27.680212721982798],[85.33862449401475,27.68026211234173]]}},{"type":"Feature","properties":{},"geometry":{"type":"LineString","coordinates":[[85.33882852281687,27.680393709594632],[85.33883343805113,27.680408774414023]]}},{"type":"Feature","properties":{},"geometry":{"type":"LineString","coordinates":[[85.33912288494386,27.68043736092684],[85.33912603585986,27.6804625619286]]}},{"type":"Feature","properties":{},"geometry":{"type":"LineString","coordinates":[[85.33910059172771,27.680443784237745],[85.33909014619252,27.680446995724477]]}},{"type":"Feature","properties":{},"geometry":{"type":"LineString","coordinates":[[85.33858846244999,27.680459295319135],[85.33864388479118,27.680585316778348]]}},{"type":"Feature","properties":{},"geometry":{"type":"LineString","coordinates":[[85.33858480264233,27.680460222567714],[85.33862518197488,27.68060457227122]]}},{"type":"Feature","properties":{},"geometry":{"type":"LineString","coordinates":[[85.33956278488175,27.680424808821883],[85.33955724268908,27.68040473725938]]}},{"type":"Feature","properties":{},"geometry":{"type":"LineString","coordinates":[[85.33962689536877,27.68039999355522],[85.33962200658381,27.68037419138555]]}},{"type":"Feature","properties":{},"geometry":{"type":"LineString","coordinates":[[85.33871917839532,27.682205903113612],[85.33874570963881,27.682181411936096]]}},{"type":"Feature","properties":{},"geometry":{"type":"LineString","coordinates":[[85.33836570140508,27.68154962164295],[85.33833015146901,27.681557206214844]]}},{"type":"Feature","properties":{},"geometry":{"type":"LineString","coordinates":[[85.3383286988015,27.68146437192552],[85.33828878077603,27.681473727241695]]}},{"type":"Feature","properties":{},"geometry":{"type":"LineString","coordinates":[[85.33884786651986,27.681916956850188],[85.33885227338372,27.681916377916586]]}},{"type":"Feature","properties":{},"geometry":{"type":"LineString","coordinates":[[85.3390104435232,27.681162864889526],[85.33907993454363,27.681038517545996]]}},{"type":"Feature","properties":{},"geometry":{"type":"LineString","coordinates":[[85.33897981511029,27.681162601375735],[85.33897763132967,27.681168226079457]]}},{"type":"Feature","properties":{},"geometry":{"type":"LineString","coordinates":[[85.33887414060615,27.68108677221789],[85.33885524629557,27.681087458997737]]}},{"type":"Feature","properties":{},"geometry":{"type":"LineString","coordinates":[[85.33889334210826,27.681064312288882],[85.33890308289196,27.681066540185174]]}},{"type":"Feature","properties":{},"geometry":{"type":"LineString","coordinates":[[85.33875378533533,27.681226810418178],[85.33872690905616,27.681237539834623]]}},{"type":"Feature","properties":{},"geometry":{"type":"LineString","coordinates":[[85.3388109978525,27.68129641205613],[85.33879887938626,27.68130725982083]]}},{"type":"Feature","properties":{},"geometry":{"type":"LineString","coordinates":[[85.33887274071058,27.68136263829973],[85.33886026315373,27.681374570243438]]}},{"type":"Feature","properties":{},"geometry":{"type":"LineString","coordinates":[[85.33891143139911,27.681398269449705],[85.3388955328652,27.6814109546163]]}},{"type":"Feature","properties":{},"geometry":{"type":"LineString","coordinates":[[85.3389845643476,27.681473381609358],[85.33895539968384,27.68149128510578]]}},{"type":"Feature","properties":{},"geometry":{"type":"LineString","coordinates":[[85.33904226609812,27.68155482331742],[85.33902620567856,27.681564538056072]]}},{"type":"Feature","properties":{},"geometry":{"type":"LineString","coordinates":[[85.33908571465837,27.681619014143926],[85.33907248185403,27.681626920682692]]}},{"type":"Feature","properties":{},"geometry":{"type":"LineString","coordinates":[[85.34013917325831,27.67889004456246],[85.3401474327853,27.678907083593103]]}},{"type":"Feature","properties":{},"geometry":{"type":"LineString","coordinates":[[85.34002643495594,27.67914010469282],[85.33999927920848,27.679141467023808]]}},{"type":"Feature","properties":{},"geometry":{"type":"LineString","coordinates":[[85.33984645829207,27.67920825759469],[85.33983140064872,27.67925010458184]]}},{"type":"Feature","properties":{},"geometry":{"type":"LineString","coordinates":[[85.33993615078317,27.679228372886442],[85.3399156806274,27.67926852409785]]}},{"type":"Feature","properties":{},"geometry":{"type":"LineString","coordinates":[[85.33995701400296,27.679231549916373],[85.33993360468189,27.679274186740624]]}},{"type":"Feature","properties":{},"geometry":{"type":"LineString","coordinates":[[85.34013995554965,27.679270779568707],[85.34013596054504,27.679311847581065]]}},{"type":"Feature","properties":{},"geometry":{"type":"LineString","coordinates":[[85.34012660849048,27.678666660570773],[85.34022059559425,27.678687686363872]]}},{"type":"Feature","properties":{},"geometry":{"type":"LineString","coordinates":[[85.34011837919648,27.678596933451686],[85.33997976869144,27.67863691983311]]}},{"type":"Feature","properties":{},"geometry":{"type":"LineString","coordinates":[[85.34012330956273,27.678517871860375],[85.3400840567576,27.678501282741333]]}},{"type":"Feature","properties":{},"geometry":{"type":"LineString","coordinates":[[85.34034081882186,27.679276742547458],[85.34035326499419,27.67913743701352]]}},{"type":"Feature","properties":{},"geometry":{"type":"LineString","coordinates":[[85.34035869629197,27.67927616702065],[85.34035730781251,27.679259036137434]]}},{"type":"Feature","properties":{},"geometry":{"type":"LineString","coordinates":[[85.34035588538572,27.679375651753176],[85.34034883914292,27.679377067370922]]}},{"type":"Feature","properties":{},"geometry":{"type":"LineString","coordinates":[[85.34035074557352,27.67945241203095],[85.34034314491727,27.67945341485551]]}},{"type":"Feature","properties":{},"geometry":{"type":"LineString","coordinates":[[85.34050130956021,27.679285575433784],[85.34050806016756,27.679329468135176]]}},{"type":"Feature","properties":{},"geometry":{"type":"LineString","coordinates":[[85.34055416672524,27.679274638850995],[85.34055180281577,27.679266501073528]]}},{"type":"Feature","properties":{},"geometry":{"type":"LineString","coordinates":[[85.34075739369956,27.679232146995872],[85.34075443244939,27.679206179311535]]}},{"type":"Feature","properties":{},"geometry":{"type":"LineString","coordinates":[[85.34085106085305,27.67922930589253],[85.34084900403826,27.679217953286592]]}},{"type":"Feature","properties":{},"geometry":{"type":"LineString","coordinates":[[85.34302984092179,27.67671308874071],[85.34303087523728,27.676718245681908]]}},{"type":"Feature","properties":{},"geometry":{"type":"LineString","coordinates":[[85.34291042947804,27.67673163205187],[85.3429117387345,27.676745372881737]]}},{"type":"Feature","properties":{},"geometry":{"type":"LineString","coordinates":[[85.34065920560143,27.67942930902207],[85.34062753617779,27.679429667010613]]}},{"type":"Feature","properties":{},"geometry":{"type":"LineString","coordinates":[[85.34093165783946,27.67948136481967],[85.34090105423799,27.67949028915081]]}},{"type":"Feature","properties":{},"geometry":{"type":"LineString","coordinates":[[85.34088934826732,27.67971072796705],[85.34086584031552,27.679700542644216]]}},{"type":"Feature","properties":{},"geometry":{"type":"LineString","coordinates":[[85.34085452931946,27.67978919510088],[85.34083106266935,27.67979525896395]]}},{"type":"Feature","properties":{},"geometry":{"type":"LineString","coordinates":[[85.34084547736337,27.679919754971284],[85.34082979624098,27.679956922076627]]}},{"type":"Feature","properties":{},"geometry":{"type":"LineString","coordinates":[[85.34057770866379,27.678970301362302],[85.34057068981578,27.678971247991935]]}},{"type":"Feature","properties":{},"geometry":{"type":"LineString","coordinates":[[85.34060363948068,27.67908565077918],[85.3405981234922,27.679085969185063]]}},{"type":"Feature","properties":{},"geometry":{"type":"LineString","coordinates":[[85.34097839376197,27.679194634108534],[85.34097512599034,27.679080604967215]]}},{"type":"Feature","properties":{},"geometry":{"type":"LineString","coordinates":[[85.33989140977214,27.67999983235925],[85.33983088462593,27.68006083895115]]}},{"type":"Feature","properties":{},"geometry":{"type":"LineString","coordinates":[[85.33988819829756,27.68018241859162],[85.33988087859818,27.680179923746742]]}},{"type":"Feature","properties":{},"geometry":{"type":"LineString","coordinates":[[85.33986689611704,27.68022360587304],[85.33985970530037,27.68022331480517]]}},{"type":"Feature","properties":{},"geometry":{"type":"LineString","coordinates":[[85.34004397201333,27.6800028503878],[85.340030070997,27.680013127251815]]}},{"type":"Feature","properties":{},"geometry":{"type":"LineString","coordinates":[[85.34012647615334,27.680100533434256],[85.34010768511456,27.680109420435883]]}},{"type":"Feature","properties":{},"geometry":{"type":"LineString","coordinates":[[85.34024338514843,27.68023810736416],[85.3402295593793,27.680244747853518]]}},{"type":"Feature","properties":{},"geometry":{"type":"LineString","coordinates":[[85.34023982027009,27.680004379671985],[85.34022616349965,27.679986166730533]]}},{"type":"Feature","properties":{},"geometry":{"type":"LineString","coordinates":[[85.34030264085361,27.679974328244068],[85.34029312751933,27.67996115157339]]}},{"type":"Feature","properties":{},"geometry":{"type":"LineString","coordinates":[[85.34036224849795,27.679943878169155],[85.34034903753302,27.679934333302377]]}},{"type":"Feature","properties":{},"geometry":{"type":"LineString","coordinates":[[85.3403214673983,27.680328271381235],[85.34031079830739,27.680338493133547]]}},{"type":"Feature","properties":{},"geometry":{"type":"LineString","coordinates":[[85.34035726223607,27.680312970565303],[85.34037539541532,27.680302266025524]]}},{"type":"Feature","properties":{},"geometry":{"type":"LineString","coordinates":[[85.34039063231631,27.680393336766983],[85.340376869044,27.680403219093698]]}},{"type":"Feature","properties":{},"geometry":{"type":"LineString","coordinates":[[85.34062453075899,27.680545363064795],[85.3406168185008,27.680556023706743]]}},{"type":"Feature","properties":{},"geometry":{"type":"LineString","coordinates":[[85.34065900551924,27.680557431676323],[85.34064987699765,27.680567550968696]]}},{"type":"Feature","properties":{},"geometry":{"type":"LineString","coordinates":[[85.34140142865063,27.680324858986225],[85.34138302808081,27.680324212636684]]}},{"type":"Feature","properties":{},"geometry":{"type":"LineString","coordinates":[[85.34154411426839,27.680243080287614],[85.34154455811681,27.68023698793975]]}},{"type":"Feature","properties":{},"geometry":{"type":"LineString","coordinates":[[85.34172959304207,27.680192896872597],[85.34172708103182,27.68018885132996]]}},{"type":"Feature","properties":{},"geometry":{"type":"LineString","coordinates":[[85.3417989734439,27.680172742190706],[85.3418210579365,27.68016119664616]]}},{"type":"Feature","properties":{},"geometry":{"type":"LineString","coordinates":[[85.3417981860424,27.680172786014808],[85.3418367485493,27.680151704583658]]}},{"type":"Feature","properties":{},"geometry":{"type":"LineString","coordinates":[[85.34179735601279,27.680172832938798],[85.34182356030651,27.680122590923148]]}},{"type":"Feature","properties":{},"geometry":{"type":"LineString","coordinates":[[85.34179612919105,27.680173240647285],[85.34179875940309,27.680062145026913]]}},{"type":"Feature","properties":{},"geometry":{"type":"LineString","coordinates":[[85.34138528731006,27.680253868374393],[85.3413919076596,27.680250313965185]]}},{"type":"Feature","properties":{},"geometry":{"type":"LineString","coordinates":[[85.34132988003115,27.680146642900294],[85.34134716483844,27.6801492687362]]}},{"type":"Feature","properties":{},"geometry":{"type":"LineString","coordinates":[[85.34133616515372,27.679967339855413],[85.3413282510711,27.67996499591577]]}},{"type":"Feature","properties":{},"geometry":{"type":"LineString","coordinates":[[85.34135112957607,27.679768384710826],[85.34137491555205,27.679769768857028]]}},{"type":"Feature","properties":{},"geometry":{"type":"LineString","coordinates":[[85.34135931640321,27.679741941308887],[85.34135385284456,27.67974106899896]]}},{"type":"Feature","properties":{},"geometry":{"type":"LineString","coordinates":[[85.34136149095193,27.679735172913823],[85.34135407708591,27.67973407868709]]}},{"type":"Feature","properties":{},"geometry":{"type":"LineString","coordinates":[[85.34135890408808,27.679668515316454],[85.34138379749798,27.679668937059706]]}},{"type":"Feature","properties":{},"geometry":{"type":"LineString","coordinates":[[85.34136155433016,27.67965770736551],[85.34135509683405,27.67965699463899]]}},{"type":"Feature","properties":{},"geometry":{"type":"LineString","coordinates":[[85.34137224738161,27.67951880401226],[85.34136712530807,27.6795186822055]]}},{"type":"Feature","properties":{},"geometry":{"type":"LineString","coordinates":[[85.34137592344368,27.679500559556846],[85.34139486880139,27.679499361285963]]}},{"type":"Feature","properties":{},"geometry":{"type":"LineString","coordinates":[[85.3413706993217,27.679481090258342],[85.34139300744948,27.679482918810898]]}},{"type":"Feature","properties":{},"geometry":{"type":"LineString","coordinates":[[85.34136815768923,27.67945639479541],[85.34136496632236,27.679457121043804]]}},{"type":"Feature","properties":{},"geometry":{"type":"LineString","coordinates":[[85.33891957761124,27.680813398220366],[85.33890987136986,27.68082898806576]]}},{"type":"Feature","properties":{},"geometry":{"type":"LineString","coordinates":[[85.33898141563728,27.680869034981473],[85.33888407247497,27.68095082494959]]}},{"type":"Feature","properties":{},"geometry":{"type":"LineString","coordinates":[[85.34024572026341,27.68186036186048],[85.34030038375347,27.68189794403095]]}},{"type":"Feature","properties":{},"geometry":{"type":"LineString","coordinates":[[85.3400768143767,27.681972369113605],[85.34011619495239,27.68201022217748]]}},{"type":"Feature","properties":{},"geometry":{"type":"LineString","coordinates":[[85.33982228642958,27.682114372452507],[85.339652980338,27.681959487219153]]}},{"type":"Feature","properties":{},"geometry":{"type":"LineString","coordinates":[[85.33973007477451,27.68215856631663],[85.33975054242275,27.682221109584184]]}},{"type":"Feature","properties":{},"geometry":{"type":"LineString","coordinates":[[85.339852657749,27.681995309591777],[85.33985821606045,27.681983019342706]]}},{"type":"Feature","properties":{},"geometry":{"type":"LineString","coordinates":[[85.33976241823513,27.68193801772489],[85.33975532760867,27.681942088089624]]}},{"type":"Feature","properties":{},"geometry":{"type":"LineString","coordinates":[[85.33965196090323,27.681852148641426],[85.3396401664094,27.68185592343415]]}},{"type":"Feature","properties":{},"geometry":{"type":"LineString","coordinates":[[85.3395256190309,27.68206750610415],[85.33951356494795,27.68207563801311]]}},{"type":"Feature","properties":{},"geometry":{"type":"LineString","coordinates":[[85.33936255132387,27.681904134592397],[85.33934949161063,27.681913465657903]]}},{"type":"Feature","properties":{},"geometry":{"type":"LineString","coordinates":[[85.33914695065509,27.681731089369762],[85.33913735754815,27.681735178432188]]}},{"type":"Feature","properties":{},"geometry":{"type":"LineString","coordinates":[[85.33947065978238,27.682254354668107],[85.33952707068991,27.682315820724497]]}},{"type":"Feature","properties":{},"geometry":{"type":"LineString","coordinates":[[85.33923185054509,27.68205574985583],[85.33922090373548,27.682069030549798]]}},{"type":"Feature","properties":{},"geometry":{"type":"LineString","coordinates":[[85.3391005440308,27.681983051322867],[85.33905675239637,27.6819751568175]]}},{"type":"Feature","properties":{},"geometry":{"type":"LineString","coordinates":[[85.34036593518147,27.681720949734526],[85.34034674169642,27.68170802350865]]}},{"type":"Feature","properties":{},"geometry":{"type":"LineString","coordinates":[[85.34010114432249,27.68157678944122],[85.34008228857074,27.68159617326626]]}},{"type":"Feature","properties":{},"geometry":{"type":"LineString","coordinates":[[85.34012653130615,27.68149190336646],[85.34010812123152,27.681487247580097]]}},{"type":"Feature","properties":{},"geometry":{"type":"LineString","coordinates":[[85.34000863668427,27.681346356978594],[85.3399835576494,27.681346252255658]]}},{"type":"Feature","properties":{},"geometry":{"type":"LineString","coordinates":[[85.34030705699688,27.681427511440635],[85.34030518418686,27.68143362817554]]}},{"type":"Feature","properties":{},"geometry":{"type":"LineString","coordinates":[[85.34034972810862,27.68143950325639],[85.34034643184262,27.68144682770175]]}},{"type":"Feature","properties":{},"geometry":{"type":"LineString","coordinates":[[85.33947412510206,27.680879025125062],[85.3394790331926,27.680881634586306]]}},{"type":"Feature","properties":{},"geometry":{"type":"LineString","coordinates":[[85.33947338697523,27.68087869316128],[85.33947764517,27.680882577361007]]}},{"type":"Feature","properties":{},"geometry":{"type":"LineString","coordinates":[[85.33931100399303,27.68098627668012],[85.33930250058089,27.680989914006613]]}},{"type":"Feature","properties":{},"geometry":{"type":"LineString","coordinates":[[85.3393203131572,27.68100376517789],[85.33931366546054,27.681006372376537]]}},{"type":"Feature","properties":{},"geometry":{"type":"LineString","coordinates":[[85.33939344784932,27.68110456565168],[85.33938760582289,27.681107798055407]]}},{"type":"Feature","properties":{},"geometry":{"type":"LineString","coordinates":[[85.33933161111632,27.68130420577049],[85.33928429999595,27.68129709227551]]}},{"type":"Feature","properties":{},"geometry":{"type":"LineString","coordinates":[[85.33937845328144,27.681369256718146],[85.33934131610673,27.681398062336456]]}},{"type":"Feature","properties":{},"geometry":{"type":"LineString","coordinates":[[85.3393801959744,27.681372145930393],[85.33928108038774,27.68145842768876]]}},{"type":"Feature","properties":{},"geometry":{"type":"LineString","coordinates":[[85.33951825471529,27.68163776040443],[85.3395370686578,27.68162684392417]]}},{"type":"Feature","properties":{},"geometry":{"type":"LineString","coordinates":[[85.33951791807854,27.681634545982504],[85.3395091412019,27.681636285579774]]}},{"type":"Feature","properties":{},"geometry":{"type":"LineString","coordinates":[[85.33927793616324,27.68163508305724],[85.33927019540793,27.681638299005975]]}},{"type":"Feature","properties":{},"geometry":{"type":"LineString","coordinates":[[85.33940035901662,27.681634401026436],[85.33938048075461,27.681623589268185]]}},{"type":"Feature","properties":{},"geometry":{"type":"LineString","coordinates":[[85.34089640846484,27.681567229876766],[85.34088677894894,27.681582921871296]]}},{"type":"Feature","properties":{},"geometry":{"type":"LineString","coordinates":[[85.34084838254783,27.681485115070707],[85.34086445861116,27.681467714145725]]}},{"type":"Feature","properties":{},"geometry":{"type":"LineString","coordinates":[[85.34079611409872,27.681432219277884],[85.34080786209289,27.681428295807656]]}},{"type":"Feature","properties":{},"geometry":{"type":"LineString","coordinates":[[85.3407293176122,27.681445494418334],[85.34071973076222,27.681449376080657]]}},{"type":"Feature","properties":{},"geometry":{"type":"LineString","coordinates":[[85.34036688646282,27.680927881822324],[85.34035811803267,27.68092544635888]]}},{"type":"Feature","properties":{},"geometry":{"type":"LineString","coordinates":[[85.34037062423475,27.68089792659306],[85.34045435928823,27.680928203372726]]}},{"type":"Feature","properties":{},"geometry":{"type":"LineString","coordinates":[[85.3403733362405,27.68087808032124],[85.34039374696255,27.680856690650796]]}},{"type":"Feature","properties":{},"geometry":{"type":"LineString","coordinates":[[85.34036880326249,27.6808768111668],[85.34038499737818,27.680860251086155]]}},{"type":"Feature","properties":{},"geometry":{"type":"LineString","coordinates":[[85.3402145518843,27.68102853156047],[85.34021075528545,27.681037498974728]]}},{"type":"Feature","properties":{},"geometry":{"type":"LineString","coordinates":[[85.33990806348164,27.68094644085382],[85.33990610739193,27.680954577404837]]}},{"type":"Feature","properties":{},"geometry":{"type":"LineString","coordinates":[[85.33990738952888,27.680946356961414],[85.33988949187845,27.681038143444113]]}},{"type":"Feature","properties":{},"geometry":{"type":"LineString","coordinates":[[85.33991839136966,27.68094772532585],[85.33988318355519,27.681072811671953]]}},{"type":"Feature","properties":{},"geometry":{"type":"LineString","coordinates":[[85.34002852341136,27.680964354417693],[85.33999598713089,27.68104580270904]]}},{"type":"Feature","properties":{},"geometry":{"type":"LineString","coordinates":[[85.34003453691884,27.680965535728237],[85.3400061496853,27.68110287028903]]}},{"type":"Feature","properties":{},"geometry":{"type":"LineString","coordinates":[[85.34003873015521,27.68096681165253],[85.3400110754622,27.681084870109363]]}},{"type":"Feature","properties":{},"geometry":{"type":"LineString","coordinates":[[85.34258660725556,27.678980933032147],[85.34255504697556,27.678987163895922]]}},{"type":"Feature","properties":{},"geometry":{"type":"LineString","coordinates":[[85.34453931860162,27.678860895051482],[85.34454742250611,27.67885878605939]]}},{"type":"Feature","properties":{},"geometry":{"type":"LineString","coordinates":[[85.34456066841061,27.678948723425428],[85.34452414042951,27.678951864587212]]}},{"type":"Feature","properties":{},"geometry":{"type":"LineString","coordinates":[[85.3466956093502,27.681251543370298],[85.34666923909327,27.681263524116822]]}},{"type":"Feature","properties":{},"geometry":{"type":"LineString","coordinates":[[85.34684466635898,27.681332618445577],[85.346842354145,27.681340940396574]]}},{"type":"Feature","properties":{},"geometry":{"type":"LineString","coordinates":[[85.34683770913725,27.681315867897492],[85.34682766373645,27.681319042328287]]}},{"type":"Feature","properties":{},"geometry":{"type":"LineString","coordinates":[[85.34692117888481,27.68119507138249],[85.34692326883675,27.681199218301437]]}},{"type":"Feature","properties":{},"geometry":{"type":"LineString","coordinates":[[85.3471097683132,27.68115743180591],[85.34711119912227,27.681164685578505]]}},{"type":"Feature","properties":{},"geometry":{"type":"LineString","coordinates":[[85.34728674015733,27.681123883624366],[85.34728795073448,27.68113088385691]]}},{"type":"Feature","properties":{},"geometry":{"type":"LineString","coordinates":[[85.34735014213642,27.68126227280041],[85.3473102276358,27.681270096442326]]}},{"type":"Feature","properties":{},"geometry":{"type":"LineString","coordinates":[[85.34735170564176,27.681267852106867],[85.34730818505032,27.68127350900462]]}},{"type":"Feature","properties":{},"geometry":{"type":"LineString","coordinates":[[85.34737499983459,27.68140509209944],[85.3473481054465,27.681409665759176]]}},{"type":"Feature","properties":{},"geometry":{"type":"LineString","coordinates":[[85.34729822715828,27.681580346030188],[85.34730032963805,27.681587500411528]]}},{"type":"Feature","properties":{},"geometry":{"type":"LineString","coordinates":[[85.34710006358301,27.681632234866004],[85.34708025440166,27.681639740591294]]}},{"type":"Feature","properties":{},"geometry":{"type":"LineString","coordinates":[[85.34710263293591,27.68163188194209],[85.34707649088533,27.681634966281532]]}},{"type":"Feature","properties":{},"geometry":{"type":"LineString","coordinates":[[85.34744672728547,27.68167516969994],[85.34742316984129,27.681684833892785]]}},{"type":"Feature","properties":{},"geometry":{"type":"LineString","coordinates":[[85.34752418111776,27.680722750397457],[85.34754826619432,27.680992599815173]]}},{"type":"Feature","properties":{},"geometry":{"type":"LineString","coordinates":[[85.34752941422529,27.680722572751627],[85.34754333447248,27.680956324088566]]}},{"type":"Feature","properties":{},"geometry":{"type":"LineString","coordinates":[[85.34753196065343,27.680722663603312],[85.34754542355094,27.680897089853794]]}},{"type":"Feature","properties":{},"geometry":{"type":"LineString","coordinates":[[85.3475349756286,27.680722879182458],[85.3475430395365,27.68087408773541]]}},{"type":"Feature","properties":{},"geometry":{"type":"LineString","coordinates":[[85.3475412759033,27.680723133054343],[85.34754741715638,27.680832681024917]]}},{"type":"Feature","properties":{},"geometry":{"type":"LineString","coordinates":[[85.34781684643067,27.680858793052586],[85.34779663647511,27.68086404132503]]}},{"type":"Feature","properties":{},"geometry":{"type":"LineString","coordinates":[[85.34787636670228,27.681131445163157],[85.34788793988844,27.681136154659583]]}},{"type":"Feature","properties":{},"geometry":{"type":"LineString","coordinates":[[85.34786135983447,27.681150767698895],[85.34787093313363,27.68116279022452]]}},{"type":"Feature","properties":{},"geometry":{"type":"LineString","coordinates":[[85.34775523672116,27.681157391937138],[85.34771109743566,27.681162799698136]]}},{"type":"Feature","properties":{},"geometry":{"type":"LineString","coordinates":[[85.3478887659453,27.681256407623472],[85.34792459707111,27.681323324561816]]}},{"type":"Feature","properties":{},"geometry":{"type":"LineString","coordinates":[[85.34815234668027,27.680544180404514],[85.34814200911559,27.68052049226228]]}},{"type":"Feature","properties":{},"geometry":{"type":"LineString","coordinates":[[85.3482040696657,27.680641962901785],[85.3481703254122,27.68064354068327]]}},{"type":"Feature","properties":{},"geometry":{"type":"LineString","coordinates":[[85.34828117377141,27.680789308706153],[85.34830642397175,27.68079366590761]]}},{"type":"Feature","properties":{},"geometry":{"type":"LineString","coordinates":[[85.3482689112085,27.680752863442585],[85.34833301903961,27.68074374944637]]}},{"type":"Feature","properties":{},"geometry":{"type":"LineString","coordinates":[[85.34826625385347,27.680548446858488],[85.34826740938605,27.680557963659346]]}},{"type":"Feature","properties":{},"geometry":{"type":"LineString","coordinates":[[85.34866424298957,27.68040441220386],[85.34863757206527,27.680188468851977]]}},{"type":"Feature","properties":{},"geometry":{"type":"LineString","coordinates":[[85.34866760282151,27.680404010910443],[85.34873040981817,27.68018022879347]]}},{"type":"Feature","properties":{},"geometry":{"type":"LineString","coordinates":[[85.3486729237095,27.680404264787015],[85.34875998443525,27.6801655465775]]}},{"type":"Feature","properties":{},"geometry":{"type":"LineString","coordinates":[[85.34842816586709,27.680332012988423],[85.34837102227385,27.68020050778005]]}},{"type":"Feature","properties":{},"geometry":{"type":"LineString","coordinates":[[85.34842063036258,27.680330369834454],[85.34837121288305,27.68020481976214]]}},{"type":"Feature","properties":{},"geometry":{"type":"LineString","coordinates":[[85.34820234291784,27.680347143784587],[85.34820354246627,27.680367749021677]]}},{"type":"Feature","properties":{},"geometry":{"type":"LineString","coordinates":[[85.34635927149611,27.677881020579253],[85.34637277407431,27.677876678017864]]}},{"type":"Feature","properties":{},"geometry":{"type":"LineString","coordinates":[[85.3477357603729,27.68014654702774],[85.34770705570318,27.68015515436089]]}},{"type":"Feature","properties":{},"geometry":{"type":"LineString","coordinates":[[85.34783750222464,27.680130928882214],[85.34784033593431,27.680145746563166]]}},{"type":"Feature","properties":{},"geometry":{"type":"LineString","coordinates":[[85.34814513145312,27.679718842401552],[85.34813495099047,27.679708569030364]]}},{"type":"Feature","properties":{},"geometry":{"type":"LineString","coordinates":[[85.34800162315997,27.67989774693347],[85.34800256230879,27.679911602454027]]}},{"type":"Feature","properties":{},"geometry":{"type":"LineString","coordinates":[[85.34792111220096,27.67991263375219],[85.34787621296239,27.679926938949016]]}},{"type":"Feature","properties":{},"geometry":{"type":"LineString","coordinates":[[85.34791271237606,27.67991143244337],[85.34786846723696,27.679919191974545]]}},{"type":"Feature","properties":{},"geometry":{"type":"LineString","coordinates":[[85.34770234918183,27.67823698259952],[85.34770801778708,27.678257371288154]]}},{"type":"Feature","properties":{},"geometry":{"type":"LineString","coordinates":[[85.3472203780405,27.677872643050584],[85.34720132987925,27.677829647206107]]}},{"type":"Feature","properties":{},"geometry":{"type":"LineString","coordinates":[[85.34717391636312,27.677886806656105],[85.3471763869507,27.67790041510406]]}},{"type":"Feature","properties":{},"geometry":{"type":"LineString","coordinates":[[85.34699846047089,27.677913412444386],[85.34700477661492,27.67793064632643]]}},{"type":"Feature","properties":{},"geometry":{"type":"LineString","coordinates":[[85.34687602882693,27.677940321403483],[85.3468539194865,27.677899922642442]]}},{"type":"Feature","properties":{},"geometry":{"type":"LineString","coordinates":[[85.34684120771287,27.677955027261856],[85.34685567517943,27.67796470565508]]}},{"type":"Feature","properties":{},"geometry":{"type":"LineString","coordinates":[[85.34675146320733,27.67803709787394],[85.34671820946635,27.678008311952127]]}},{"type":"Feature","properties":{},"geometry":{"type":"LineString","coordinates":[[85.34664898692509,27.678116614750667],[85.34662508816771,27.678065921696273]]}},{"type":"Feature","properties":{},"geometry":{"type":"LineString","coordinates":[[85.3466282803188,27.678415985721042],[85.34660325424744,27.678423983297105]]}},{"type":"Feature","properties":{},"geometry":{"type":"LineString","coordinates":[[85.34663495987458,27.67842167574327],[85.34660864273837,27.678433608400077]]}},{"type":"Feature","properties":{},"geometry":{"type":"LineString","coordinates":[[85.34665211902413,27.678477402236414],[85.34665983263042,27.67847427759614]]}},{"type":"Feature","properties":{},"geometry":{"type":"LineString","coordinates":[[85.34674885989995,27.67848664925353],[85.34675045248177,27.678490428313086]]}},{"type":"Feature","properties":{},"geometry":{"type":"LineString","coordinates":[[85.34688728150937,27.67844538114684],[85.34688977454347,27.678450226040283]]}},{"type":"Feature","properties":{},"geometry":{"type":"LineString","coordinates":[[85.34689934005056,27.678440190047212],[85.34686600106751,27.67838682561785]]}},{"type":"Feature","properties":{},"geometry":{"type":"LineString","coordinates":[[85.34690480737585,27.67844101344455],[85.34686291461462,27.67837230816174]]}},{"type":"Feature","properties":{},"geometry":{"type":"LineString","coordinates":[[85.34695554203974,27.67850613187665],[85.34695982924802,27.67851274733574]]}},{"type":"Feature","properties":{},"geometry":{"type":"LineString","coordinates":[[85.34704221037346,27.678468532217003],[85.34705294739577,27.678467818261108]]}},{"type":"Feature","properties":{},"geometry":{"type":"LineString","coordinates":[[85.34704856866014,27.678464722586437],[85.34707661814522,27.678448563987633]]}},{"type":"Feature","properties":{},"geometry":{"type":"LineString","coordinates":[[85.34672940739455,27.678638872434703],[85.34677980527069,27.678641865738857]]}},{"type":"Feature","properties":{},"geometry":{"type":"LineString","coordinates":[[85.34672759788695,27.67863482182387],[85.34670935568774,27.678660295362683]]}},{"type":"Feature","properties":{},"geometry":{"type":"LineString","coordinates":[[85.34671530792413,27.67860731232261],[85.34655803824062,27.67863503442616]]}},{"type":"Feature","properties":{},"geometry":{"type":"LineString","coordinates":[[85.34666875750098,27.678508530551454],[85.34667329575869,27.67850614962299]]}},{"type":"Feature","properties":{},"geometry":{"type":"LineString","coordinates":[[85.34642024201104,27.67811697276225],[85.34639904434111,27.678120719836674]]}},{"type":"Feature","properties":{},"geometry":{"type":"LineString","coordinates":[[85.34635251871006,27.67785488856742],[85.34633145858632,27.67786121858724]]}},{"type":"Feature","properties":{},"geometry":{"type":"LineString","coordinates":[[85.34623564105459,27.677696227218913],[85.34623184224529,27.677662040854333]]}},{"type":"Feature","properties":{},"geometry":{"type":"LineString","coordinates":[[85.34615457243004,27.67788086917523],[85.346108676662,27.677888281734216]]}},{"type":"Feature","properties":{},"geometry":{"type":"LineString","coordinates":[[85.34615741537263,27.67787843372428],[85.34612409768653,27.67787752687527]]}},{"type":"Feature","properties":{},"geometry":{"type":"LineString","coordinates":[[85.34634989941517,27.67823418831192],[85.34635317018513,27.678244002950315]]}},{"type":"Feature","properties":{},"geometry":{"type":"LineString","coordinates":[[85.34617924910698,27.678280460253717],[85.34617622776211,27.6782927855945]]}},{"type":"Feature","properties":{},"geometry":{"type":"LineString","coordinates":[[85.34601102836382,27.678273400045146],[85.34600235397126,27.678286798710552]]}},{"type":"Feature","properties":{},"geometry":{"type":"LineString","coordinates":[[85.34592783518457,27.678262490233195],[85.34592376954782,27.67827313517283]]}},{"type":"Feature","properties":{},"geometry":{"type":"LineString","coordinates":[[85.34661254851581,27.67755914977728],[85.34661099099439,27.67755991009269]]}},{"type":"Feature","properties":{},"geometry":{"type":"LineString","coordinates":[[85.34914345936546,27.68051093856186],[85.34914210611568,27.68051827105225]]}},{"type":"Feature","properties":{},"geometry":{"type":"LineString","coordinates":[[85.349158048279,27.68046646655655],[85.34915824075343,27.680461218676108]]}},{"type":"Feature","properties":{},"geometry":{"type":"LineString","coordinates":[[85.34912136365207,27.680464894802075],[85.34912312618737,27.68045481890389]]}},{"type":"Feature","properties":{},"geometry":{"type":"LineString","coordinates":[[85.34905807808383,27.680505905409895],[85.34905830951824,27.680512021187337]]}},{"type":"Feature","properties":{},"geometry":{"type":"LineString","coordinates":[[85.34898325156459,27.680500897835206],[85.34898323199918,27.6805080630022]]}},{"type":"Feature","properties":{},"geometry":{"type":"LineString","coordinates":[[85.34868963259036,27.680408933455514],[85.34869379483725,27.68039994216523]]}},{"type":"Feature","properties":{},"geometry":{"type":"LineString","coordinates":[[85.34891190726432,27.680494969604513],[85.34891238219289,27.68050161267015]]}},{"type":"Feature","properties":{},"geometry":{"type":"LineString","coordinates":[[85.34889330073037,27.680494460790026],[85.34889214519603,27.680499903874903]]}},{"type":"Feature","properties":{},"geometry":{"type":"LineString","coordinates":[[85.34885791839457,27.680490293392364],[85.34885609872231,27.68049904365155]]}},{"type":"Feature","properties":{},"geometry":{"type":"LineString","coordinates":[[85.34874604097186,27.680424694899575],[85.34872703234149,27.680358112294083]]}},{"type":"Feature","properties":{},"geometry":{"type":"LineString","coordinates":[[85.34865974071114,27.680405342313307],[85.34865890500812,27.680375371971692]]}},{"type":"Feature","properties":{},"geometry":{"type":"LineString","coordinates":[[85.34861961089442,27.680462750257707],[85.34861929280456,27.68047108970152]]}},{"type":"Feature","properties":{},"geometry":{"type":"LineString","coordinates":[[85.34880926540876,27.680622031856952],[85.34882782479139,27.680622374050817]]}},{"type":"Feature","properties":{},"geometry":{"type":"LineString","coordinates":[[85.34879893453392,27.680640417434415],[85.34878016540563,27.6806337990627]]}},{"type":"Feature","properties":{},"geometry":{"type":"LineString","coordinates":[[85.34880186412455,27.68064408515099],[85.34883175924388,27.68064611758735]]}},{"type":"Feature","properties":{},"geometry":{"type":"LineString","coordinates":[[85.34875872390442,27.68075812428264],[85.34878379366724,27.68076922044403]]}},{"type":"Feature","properties":{},"geometry":{"type":"LineString","coordinates":[[85.34874682890738,27.68080816824865],[85.3487379918904,27.680810750709444]]}},{"type":"Feature","properties":{},"geometry":{"type":"LineString","coordinates":[[85.34865267022538,27.680887733356695],[85.34865215999984,27.680895433304265]]}},{"type":"Feature","properties":{},"geometry":{"type":"LineString","coordinates":[[85.34851273363111,27.680901763058493],[85.34851461230807,27.6809103200366]]}},{"type":"Feature","properties":{},"geometry":{"type":"LineString","coordinates":[[85.34846516116643,27.68090740089597],[85.34846042452202,27.68091501163699]]}},{"type":"Feature","properties":{},"geometry":{"type":"LineString","coordinates":[[85.34845781079942,27.680907331301913],[85.34844700149638,27.68090083938623]]}},{"type":"Feature","properties":{},"geometry":{"type":"LineString","coordinates":[[85.3484550919778,27.680907781750715],[85.34844384590208,27.68090410692194]]}},{"type":"Feature","properties":{},"geometry":{"type":"LineString","coordinates":[[85.3486999249775,27.681163150588965],[85.34870971097527,27.68116596048965]]}},{"type":"Feature","properties":{},"geometry":{"type":"LineString","coordinates":[[85.34873722502195,27.680953520655475],[85.34878869504327,27.68096720509783]]}},{"type":"Feature","properties":{},"geometry":{"type":"LineString","coordinates":[[85.34873634234995,27.680949990160364],[85.3487929496337,27.680966229611975]]}},{"type":"Feature","properties":{},"geometry":{"type":"LineString","coordinates":[[85.34873082802856,27.68104272531918],[85.34872000738233,27.68104257916628]]}},{"type":"Feature","properties":{},"geometry":{"type":"LineString","coordinates":[[85.34872897325505,27.681046663626184],[85.34871971369395,27.68104761193235]]}},{"type":"Feature","properties":{},"geometry":{"type":"LineString","coordinates":[[85.3487058356656,27.68113612991052],[85.34873569838517,27.68114591855926]]}},{"type":"Feature","properties":{},"geometry":{"type":"LineString","coordinates":[[85.34868700156146,27.68121874022896],[85.3485396851594,27.681208077357546]]}},{"type":"Feature","properties":{},"geometry":{"type":"LineString","coordinates":[[85.34868999038893,27.681208564334522],[85.34850682233655,27.681193647146937]]}},{"type":"Feature","properties":{},"geometry":{"type":"LineString","coordinates":[[85.34868858026347,27.681213070234932],[85.34853837361403,27.681196394367333]]}},{"type":"Feature","properties":{},"geometry":{"type":"LineString","coordinates":[[85.34868366458568,27.681236625223445],[85.34867389335353,27.68123566393323]]}},{"type":"Feature","properties":{},"geometry":{"type":"LineString","coordinates":[[85.34865331624354,27.681342949223918],[85.34867740575372,27.68134272197547]]}},{"type":"Feature","properties":{},"geometry":{"type":"LineString","coordinates":[[85.34864821184154,27.681352226218806],[85.34867504856949,27.681356401002713]]}},{"type":"Feature","properties":{},"geometry":{"type":"LineString","coordinates":[[85.34865100442263,27.681355904038387],[85.34867351679566,27.681357940553223]]}},{"type":"Feature","properties":{},"geometry":{"type":"LineString","coordinates":[[85.3486505821337,27.681357623789673],[85.34867328400453,27.68135892517496]]}},{"type":"Feature","properties":{},"geometry":{"type":"LineString","coordinates":[[85.34864179285876,27.681416939729058],[85.34863431713306,27.68141596789697]]}},{"type":"Feature","properties":{},"geometry":{"type":"LineString","coordinates":[[85.34863654458889,27.68144238341091],[85.3486582115364,27.681443603865684]]}},{"type":"Feature","properties":{},"geometry":{"type":"LineString","coordinates":[[85.34863377809974,27.681455907732545],[85.34865597315022,27.681455249043026]]}},{"type":"Feature","properties":{},"geometry":{"type":"LineString","coordinates":[[85.34862834599558,27.68151863925925],[85.34880952100633,27.681531221997215]]}},{"type":"Feature","properties":{},"geometry":{"type":"LineString","coordinates":[[85.34863525781617,27.681511740391013],[85.34887777982318,27.681524612203447]]}},{"type":"Feature","properties":{},"geometry":{"type":"LineString","coordinates":[[85.34902412078812,27.68268475949612],[85.34899530688149,27.682645859698223]]}},{"type":"Feature","properties":{},"geometry":{"type":"LineString","coordinates":[[85.3486348673979,27.681514239428715],[85.34878896104964,27.68152549385553]]}},{"type":"Feature","properties":{},"geometry":{"type":"LineString","coordinates":[[85.34861549222303,27.681523163053885],[85.3486150585177,27.68152981965462]]}},{"type":"Feature","properties":{},"geometry":{"type":"LineString","coordinates":[[85.34859597508537,27.68152534920221],[85.34858810667174,27.681512336187847]]}},{"type":"Feature","properties":{},"geometry":{"type":"LineString","coordinates":[[85.3483884921419,27.681556933180136],[85.34839613052412,27.681539144615712]]}},{"type":"Feature","properties":{},"geometry":{"type":"LineString","coordinates":[[85.34838480300262,27.681558936187148],[85.3483658658353,27.681423396351608]]}},{"type":"Feature","properties":{},"geometry":{"type":"LineString","coordinates":[[85.34837801301529,27.681557939123596],[85.34836338911346,27.68143248444558]]}},{"type":"Feature","properties":{},"geometry":{"type":"LineString","coordinates":[[85.34805814514688,27.68172580784537],[85.34802356046863,27.681724193141754]]}},{"type":"Feature","properties":{},"geometry":{"type":"LineString","coordinates":[[85.34806084269354,27.681718958024796],[85.34802493555881,27.68171945758224]]}},{"type":"Feature","properties":{},"geometry":{"type":"LineString","coordinates":[[85.34795356566443,27.68159089996699],[85.34793325320912,27.68161049407225]]}},{"type":"Feature","properties":{},"geometry":{"type":"LineString","coordinates":[[85.3481107536971,27.681526157075165],[85.34808546731581,27.681513616823068]]}},{"type":"Feature","properties":{},"geometry":{"type":"LineString","coordinates":[[85.34814193455269,27.681479417300377],[85.3481517165614,27.681482223583064]]}},{"type":"Feature","properties":{},"geometry":{"type":"LineString","coordinates":[[85.34818552009457,27.681400526562758],[85.34815703411223,27.681388922926743]]}},{"type":"Feature","properties":{},"geometry":{"type":"LineString","coordinates":[[85.34820403592515,27.681360989758993],[85.3481763734672,27.681349435660938]]}},{"type":"Feature","properties":{},"geometry":{"type":"LineString","coordinates":[[85.34822060590618,27.681308938361248],[85.34818914027589,27.68130326058486]]}},{"type":"Feature","properties":{},"geometry":{"type":"LineString","coordinates":[[85.34823157203036,27.681269504663337],[85.34819780538523,27.68126925630601]]}},{"type":"Feature","properties":{},"geometry":{"type":"LineString","coordinates":[[85.3482540087672,27.68116101775695],[85.34821957651846,27.6811631640744]]}},{"type":"Feature","properties":{},"geometry":{"type":"LineString","coordinates":[[85.34825378142104,27.68115699144771],[85.34821780888748,27.681156391869614]]}},{"type":"Feature","properties":{},"geometry":{"type":"LineString","coordinates":[[85.34824649351133,27.68110506889592],[85.34827726169816,27.681095914748106]]}},{"type":"Feature","properties":{},"geometry":{"type":"LineString","coordinates":[[85.34823969350944,27.680991145609624],[85.3482486218134,27.68099098763511]]}},{"type":"Feature","properties":{},"geometry":{"type":"LineString","coordinates":[[85.34827499069866,27.680860028819527],[85.34825455429946,27.68084461764185]]}},{"type":"Feature","properties":{},"geometry":{"type":"LineString","coordinates":[[85.34939626020567,27.68059517435512],[85.3493377048375,27.680595558699768]]}},{"type":"Feature","properties":{},"geometry":{"type":"LineString","coordinates":[[85.34937525407,27.680703674030273],[85.34933740900591,27.68070078791653]]}},{"type":"Feature","properties":{},"geometry":{"type":"LineString","coordinates":[[85.34937185049205,27.680711770923715],[85.34932788102583,27.6807063063224]]}},{"type":"Feature","properties":{},"geometry":{"type":"LineString","coordinates":[[85.34936699162435,27.680836467167907],[85.34932521830189,27.680833753556282]]}},{"type":"Feature","properties":{},"geometry":{"type":"LineString","coordinates":[[85.34936732170672,27.680844249338556],[85.3493222302857,27.680847318578607]]}},{"type":"Feature","properties":{},"geometry":{"type":"LineString","coordinates":[[85.34935917712605,27.680980664033648],[85.34932525791085,27.68096919444919]]}},{"type":"Feature","properties":{},"geometry":{"type":"LineString","coordinates":[[85.34934746457347,27.681061605662485],[85.34932136500476,27.681059315309113]]}},{"type":"Feature","properties":{},"geometry":{"type":"LineString","coordinates":[[85.34933897242105,27.68113665316113],[85.34931979127329,27.681140031183546]]}},{"type":"Feature","properties":{},"geometry":{"type":"LineString","coordinates":[[85.34931943489536,27.681301599987314],[85.3493018953432,27.681303346793737]]}},{"type":"Feature","properties":{},"geometry":{"type":"LineString","coordinates":[[85.34932062449082,27.681571518420196],[85.3492702002737,27.68156451742852]]}},{"type":"Feature","properties":{},"geometry":{"type":"LineString","coordinates":[[85.34917871971342,27.681793410348597],[85.34918150104876,27.681776940245953]]}},{"type":"Feature","properties":{},"geometry":{"type":"LineString","coordinates":[[85.34916262906594,27.681794133756036],[85.34916474847432,27.681800170949096]]}},{"type":"Feature","properties":{},"geometry":{"type":"LineString","coordinates":[[85.34892636269748,27.68180998956584],[85.34891863288162,27.681811618595784]]}},{"type":"Feature","properties":{},"geometry":{"type":"LineString","coordinates":[[85.34892967544569,27.681912070328558],[85.34891659182313,27.68191273027172]]}},{"type":"Feature","properties":{},"geometry":{"type":"LineString","coordinates":[[85.34892887638522,27.68192690786312],[85.34892301494435,27.681929356123277]]}},{"type":"Feature","properties":{},"geometry":{"type":"LineString","coordinates":[[85.34893421960328,27.68197724397452],[85.34893428753904,27.681992004296262]]}},{"type":"Feature","properties":{},"geometry":{"type":"LineString","coordinates":[[85.34893333266255,27.681970761166397],[85.34893206762732,27.68199177295268]]}},{"type":"Feature","properties":{},"geometry":{"type":"LineString","coordinates":[[85.34929307293476,27.682037703696324],[85.34926253850445,27.682041009572774]]}},{"type":"Feature","properties":{},"geometry":{"type":"LineString","coordinates":[[85.34904027020505,27.68217480794036],[85.34903738031979,27.682165599002335]]}},{"type":"Feature","properties":{},"geometry":{"type":"LineString","coordinates":[[85.34887737909146,27.682184195058614],[85.34887595723065,27.682161510394252]]}},{"type":"Feature","properties":{},"geometry":{"type":"LineString","coordinates":[[85.34869179903228,27.682176448103988],[85.34870223401272,27.682163419556375]]}},{"type":"Feature","properties":{},"geometry":{"type":"LineString","coordinates":[[85.34863539842783,27.68210006828773],[85.34864799905446,27.682091686655596]]}},{"type":"Feature","properties":{},"geometry":{"type":"LineString","coordinates":[[85.34927209201378,27.6823828053017],[85.34915063151668,27.682384275589257]]}},{"type":"Feature","properties":{},"geometry":{"type":"LineString","coordinates":[[85.34922208652064,27.682601945793074],[85.3491616939595,27.682589321241835]]}},{"type":"Feature","properties":{},"geometry":{"type":"LineString","coordinates":[[85.34911647515398,27.682655074150713],[85.34913889717598,27.682670483607982]]}},{"type":"Feature","properties":{},"geometry":{"type":"LineString","coordinates":[[85.34906955575111,27.682665035079946],[85.3490495336445,27.682611738711145]]}},{"type":"Feature","properties":{},"geometry":{"type":"LineString","coordinates":[[85.34905829491447,27.68266947320263],[85.34901925613572,27.682615208246027]]}},{"type":"Feature","properties":{},"geometry":{"type":"LineString","coordinates":[[85.34901141777402,27.68269044129538],[85.34901578873928,27.682704111175767]]}},{"type":"Feature","properties":{},"geometry":{"type":"LineString","coordinates":[[85.34889842704281,27.682736645549625],[85.3488769701841,27.682698257635185]]}},{"type":"Feature","properties":{},"geometry":{"type":"LineString","coordinates":[[85.34888942838019,27.682740325401717],[85.348894951165,27.682753315853095]]}},{"type":"Feature","properties":{},"geometry":{"type":"LineString","coordinates":[[85.34887193945198,27.68274785723539],[85.34882527604144,27.682710806952187]]}},{"type":"Feature","properties":{},"geometry":{"type":"LineString","coordinates":[[85.34883009123092,27.68276982207027],[85.34883459214164,27.68278024430065]]}},{"type":"Feature","properties":{},"geometry":{"type":"LineString","coordinates":[[85.3487647657485,27.68280022207908],[85.34877100870085,27.6828074619067]]}},{"type":"Feature","properties":{},"geometry":{"type":"LineString","coordinates":[[85.34873723778654,27.68281150888244],[85.3487410227842,27.68282011927188]]}},{"type":"Feature","properties":{},"geometry":{"type":"LineString","coordinates":[[85.34867438362248,27.682833851403338],[85.34867756623561,27.682847592867223]]}},{"type":"Feature","properties":{},"geometry":{"type":"LineString","coordinates":[[85.34847626782471,27.6828871669546],[85.34848242259793,27.682900468215962]]}},{"type":"Feature","properties":{},"geometry":{"type":"LineString","coordinates":[[85.34808541654917,27.683051780214164],[85.34806863715711,27.682993772240803]]}},{"type":"Feature","properties":{},"geometry":{"type":"LineString","coordinates":[[85.34802264376324,27.682938489018376],[85.34804937380166,27.682926940127665]]}},{"type":"Feature","properties":{},"geometry":{"type":"LineString","coordinates":[[85.3479290808153,27.682756370713836],[85.34796125555116,27.68273557510931]]}},{"type":"Feature","properties":{},"geometry":{"type":"LineString","coordinates":[[85.3478878614248,27.68268717462664],[85.34790580700336,27.682669515364612]]}},{"type":"Feature","properties":{},"geometry":{"type":"LineString","coordinates":[[85.3476518630338,27.683137057217287],[85.34764952038445,27.683127265413763]]}},{"type":"Feature","properties":{},"geometry":{"type":"LineString","coordinates":[[85.34771789782316,27.683139650136322],[85.34771525871051,27.683124026087857]]}},{"type":"Feature","properties":{},"geometry":{"type":"LineString","coordinates":[[85.34825725725796,27.683202272263557],[85.34825988465848,27.6831954369481]]}},{"type":"Feature","properties":{},"geometry":{"type":"LineString","coordinates":[[85.34809529040058,27.683183356235695],[85.34808839790654,27.683195899889693]]}},{"type":"Feature","properties":{},"geometry":{"type":"LineString","coordinates":[[85.3482569366765,27.68322970525566],[85.3482565151353,27.68324080618616]]}},{"type":"Feature","properties":{},"geometry":{"type":"LineString","coordinates":[[85.34818910958698,27.683173871972112],[85.34819580803988,27.683164452454132]]}},{"type":"Feature","properties":{},"geometry":{"type":"LineString","coordinates":[[85.34853937805548,27.68333828620681],[85.34853695679116,27.683345033730202]]}},{"type":"Feature","properties":{},"geometry":{"type":"LineString","coordinates":[[85.34891657985149,27.683624907333353],[85.34886542061595,27.68359600769885]]}},{"type":"Feature","properties":{},"geometry":{"type":"LineString","coordinates":[[85.34891477384278,27.68362924063892],[85.3488614864719,27.68359811790715]]}},{"type":"Feature","properties":{},"geometry":{"type":"LineString","coordinates":[[85.34888754966997,27.683680504416703],[85.34883561210948,27.683659062342723]]}},{"type":"Feature","properties":{},"geometry":{"type":"LineString","coordinates":[[85.34886507090788,27.683728499743427],[85.34885784219243,27.683727879250327]]}},{"type":"Feature","properties":{},"geometry":{"type":"LineString","coordinates":[[85.34886162595464,27.683734889389118],[85.34885634031028,27.683732686412686]]}},{"type":"Feature","properties":{},"geometry":{"type":"LineString","coordinates":[[85.3488116564946,27.683833931386616],[85.34879962686489,27.683828405118653]]}},{"type":"Feature","properties":{},"geometry":{"type":"LineString","coordinates":[[85.34856557737643,27.68405544059491],[85.34855759066654,27.68406011627418]]}},{"type":"Feature","properties":{},"geometry":{"type":"LineString","coordinates":[[85.34853065898795,27.684011875703327],[85.34855119254864,27.683999173377472]]}},{"type":"Feature","properties":{},"geometry":{"type":"LineString","coordinates":[[85.3484465586063,27.683895536049718],[85.34846966469256,27.683885573886986]]}},{"type":"Feature","properties":{},"geometry":{"type":"LineString","coordinates":[[85.34840702050732,27.683844801186886],[85.34840399295659,27.68384763882264]]}},{"type":"Feature","properties":{},"geometry":{"type":"LineString","coordinates":[[85.34833071510226,27.68374860200855],[85.34835091314046,27.683729425282458]]}},{"type":"Feature","properties":{},"geometry":{"type":"LineString","coordinates":[[85.34829918745703,27.683746055368086],[85.34828730599892,27.683725767707738]]}},{"type":"Feature","properties":{},"geometry":{"type":"LineString","coordinates":[[85.34821986629103,27.68379231577777],[85.34823062872778,27.683804970716217]]}},{"type":"Feature","properties":{},"geometry":{"type":"LineString","coordinates":[[85.34812284204895,27.683869006782224],[85.34811104180542,27.68389418364706]]}},{"type":"Feature","properties":{},"geometry":{"type":"LineString","coordinates":[[85.34918414667767,27.68295382468588],[85.349156784378,27.682959759580427]]}},{"type":"Feature","properties":{},"geometry":{"type":"LineString","coordinates":[[85.34919901607908,27.68290272676393],[85.34917575675641,27.68289842593213]]}},{"type":"Feature","properties":{},"geometry":{"type":"LineString","coordinates":[[85.34763701587387,27.681855586598644],[85.34762568294164,27.68188347126138]]}},{"type":"Feature","properties":{},"geometry":{"type":"LineString","coordinates":[[85.34797104475567,27.681971008067414],[85.34794483596482,27.682012472088758]]}},{"type":"Feature","properties":{},"geometry":{"type":"LineString","coordinates":[[85.34798350932745,27.68197826978985],[85.34795434657968,27.68201802162903]]}},{"type":"Feature","properties":{},"geometry":{"type":"LineString","coordinates":[[85.34821311275309,27.68229390024994],[85.34818871890359,27.682305309165248]]}},{"type":"Feature","properties":{},"geometry":{"type":"LineString","coordinates":[[85.3482212704255,27.682324881221106],[85.34816680769572,27.682335803362545]]}},{"type":"Feature","properties":{},"geometry":{"type":"LineString","coordinates":[[85.34829412216345,27.682507415729457],[85.34825464158236,27.6825219508006]]}},{"type":"Feature","properties":{},"geometry":{"type":"LineString","coordinates":[[85.34839954262762,27.682705775912904],[85.34836139775626,27.682715426058166]]}},{"type":"Feature","properties":{},"geometry":{"type":"LineString","coordinates":[[85.34842677961232,27.68275021135748],[85.34838581897905,27.68276203378017]]}},{"type":"Feature","properties":{},"geometry":{"type":"LineString","coordinates":[[85.34835522243745,27.68294968137668],[85.34832708761044,27.68290427218353]]}},{"type":"Feature","properties":{},"geometry":{"type":"LineString","coordinates":[[85.3483762062274,27.682945046976364],[85.34838000685703,27.682953964430403]]}},{"type":"Feature","properties":{},"geometry":{"type":"LineString","coordinates":[[85.34829341008565,27.682984978803944],[85.34827033414483,27.682948012875922]]}},{"type":"Feature","properties":{},"geometry":{"type":"LineString","coordinates":[[85.34819807576453,27.68303721361697],[85.34821142120323,27.68305123334028]]}},{"type":"Feature","properties":{},"geometry":{"type":"LineString","coordinates":[[85.347887509479,27.682685836449966],[85.34788171092502,27.682689289056704]]}},{"type":"Feature","properties":{},"geometry":{"type":"LineString","coordinates":[[85.34785222053031,27.68262827284314],[85.34786707832596,27.68261974401844]]}},{"type":"Feature","properties":{},"geometry":{"type":"LineString","coordinates":[[85.34780106385827,27.682551768426965],[85.34779524872341,27.682555784027723]]}},{"type":"Feature","properties":{},"geometry":{"type":"LineString","coordinates":[[85.34775757000303,27.682486109367137],[85.34777966922881,27.68246987336224]]}},{"type":"Feature","properties":{},"geometry":{"type":"LineString","coordinates":[[85.34773464521906,27.682451647948657],[85.34772782313553,27.682453722771058]]}},{"type":"Feature","properties":{},"geometry":{"type":"LineString","coordinates":[[85.34766165357324,27.68235403665379],[85.34769162302192,27.68234085584246]]}},{"type":"Feature","properties":{},"geometry":{"type":"LineString","coordinates":[[85.34763080036552,27.682316078896893],[85.34762038096198,27.68232193492869]]}},{"type":"Feature","properties":{},"geometry":{"type":"LineString","coordinates":[[85.34756767079209,27.682228631569416],[85.3475628003486,27.68222512028028]]}},{"type":"Feature","properties":{},"geometry":{"type":"LineString","coordinates":[[85.34755551018537,27.682205354864443],[85.34759892326917,27.682194808372447]]}},{"type":"Feature","properties":{},"geometry":{"type":"LineString","coordinates":[[85.34753231044097,27.682166806969153],[85.34755216603591,27.682140262307044]]}},{"type":"Feature","properties":{},"geometry":{"type":"LineString","coordinates":[[85.34752985722827,27.682139982604],[85.34751870753209,27.682118451768194]]}},{"type":"Feature","properties":{},"geometry":{"type":"LineString","coordinates":[[85.34752703476768,27.682141051853176],[85.34750635403657,27.682131019592326]]}},{"type":"Feature","properties":{},"geometry":{"type":"LineString","coordinates":[[85.3473708613009,27.68250430320113],[85.34737040306904,27.682511909893773]]}},{"type":"Feature","properties":{},"geometry":{"type":"LineString","coordinates":[[85.34878266661042,27.683376018444623],[85.34878463536663,27.683372660939597]]}},{"type":"Feature","properties":{},"geometry":{"type":"LineString","coordinates":[[85.3487788117303,27.6833734669883],[85.34877998627017,27.683371278753388]]}},{"type":"Feature","properties":{},"geometry":{"type":"LineString","coordinates":[[85.34854142023991,27.683291304509027],[85.34854695675078,27.68328094329027]]}},{"type":"Feature","properties":{},"geometry":{"type":"LineString","coordinates":[[85.34868626738404,27.683336687355162],[85.3486872101291,27.68333568682954]]}},{"type":"Feature","properties":{},"geometry":{"type":"LineString","coordinates":[[85.34771964451019,27.683331876670817],[85.34771278677866,27.683341972986092]]}},{"type":"Feature","properties":{},"geometry":{"type":"LineString","coordinates":[[85.3477943058326,27.683395934571266],[85.34778711303899,27.683406467340628]]}},{"type":"Feature","properties":{},"geometry":{"type":"LineString","coordinates":[[85.34780829305272,27.683410761653604],[85.34780398572788,27.683423180891268]]}},{"type":"Feature","properties":{},"geometry":{"type":"LineString","coordinates":[[85.34784641435662,27.68356265995485],[85.34784786440076,27.683570122440024]]}},{"type":"Feature","properties":{},"geometry":{"type":"LineString","coordinates":[[85.34776264416496,27.68362987312469],[85.34777098643045,27.68363949642001]]}},{"type":"Feature","properties":{},"geometry":{"type":"LineString","coordinates":[[85.34775514744263,27.68364631581475],[85.34772632956289,27.683670530577448]]}},{"type":"Feature","properties":{},"geometry":{"type":"LineString","coordinates":[[85.34757838649585,27.683289888644136],[85.347601255316,27.68331278767442]]}},{"type":"Feature","properties":{},"geometry":{"type":"LineString","coordinates":[[85.347471880767,27.683339092443354],[85.34750618220141,27.68338709441198]]}},{"type":"Feature","properties":{},"geometry":{"type":"LineString","coordinates":[[85.34733692371384,27.683403714387012],[85.34730288163043,27.683412961908346]]}},{"type":"Feature","properties":{},"geometry":{"type":"LineString","coordinates":[[85.34723881846301,27.6829452067001],[85.34723221682158,27.682953175112086]]}},{"type":"Feature","properties":{},"geometry":{"type":"LineString","coordinates":[[85.34754736314355,27.6840409336034],[85.34755771236527,27.68402682106452]]}},{"type":"Feature","properties":{},"geometry":{"type":"LineString","coordinates":[[85.34734381106945,27.68339751117027],[85.34743890712208,27.683576692263117]]}},{"type":"Feature","properties":{},"geometry":{"type":"LineString","coordinates":[[85.34744355805263,27.683081408622577],[85.34743926328355,27.683083901684018]]}},{"type":"Feature","properties":{},"geometry":{"type":"LineString","coordinates":[[85.34730644252888,27.682973408053055],[85.3473030890369,27.6829840885999]]}},{"type":"Feature","properties":{},"geometry":{"type":"LineString","coordinates":[[85.34708753404898,27.682565384552813],[85.34714190269148,27.682575266545953]]}},{"type":"Feature","properties":{},"geometry":{"type":"LineString","coordinates":[[85.34904067513212,27.678962700744766],[85.34906593672423,27.678961623635054]]}},{"type":"Feature","properties":{},"geometry":{"type":"LineString","coordinates":[[85.34904310892156,27.67898005343686],[85.34906484766606,27.67896871558508]]}},{"type":"Feature","properties":{},"geometry":{"type":"LineString","coordinates":[[85.34905694439982,27.679054629673605],[85.34908461699689,27.679044647786707]]}},{"type":"Feature","properties":{},"geometry":{"type":"LineString","coordinates":[[85.34905909566906,27.67908962218636],[85.34905716428811,27.679089152400238]]}},{"type":"Feature","properties":{},"geometry":{"type":"LineString","coordinates":[[85.34907531207442,27.679204550347716],[85.34910238365427,27.679194558587415]]}},{"type":"Feature","properties":{},"geometry":{"type":"LineString","coordinates":[[85.34907664889656,27.679216915068938],[85.34910702479588,27.67920077295461]]}},{"type":"Feature","properties":{},"geometry":{"type":"LineString","coordinates":[[85.34908197932974,27.67930834717504],[85.34907277578672,27.67930935574624]]}},{"type":"Feature","properties":{},"geometry":{"type":"LineString","coordinates":[[85.34908266159125,27.679331607887807],[85.34905644490317,27.679323785230743]]}},{"type":"Feature","properties":{},"geometry":{"type":"LineString","coordinates":[[85.34908848896552,27.67937563819704],[85.34912520040199,27.679380593955393]]}},{"type":"Feature","properties":{},"geometry":{"type":"LineString","coordinates":[[85.34909818994038,27.67946741482199],[85.349090501989,27.67946903534074]]}},{"type":"Feature","properties":{},"geometry":{"type":"LineString","coordinates":[[85.34910983706862,27.67950596286584],[85.3491523576059,27.67950688844119]]}},{"type":"Feature","properties":{},"geometry":{"type":"LineString","coordinates":[[85.34893063374385,27.679577736355224],[85.34892850962083,27.679581385345372]]}},{"type":"Feature","properties":{},"geometry":{"type":"LineString","coordinates":[[85.34889933069903,27.67957934342495],[85.34889854184918,27.679574832969234]]}},{"type":"Feature","properties":{},"geometry":{"type":"LineString","coordinates":[[85.34888363182786,27.67957830698134],[85.34888252381988,27.679576007596186]]}},{"type":"Feature","properties":{},"geometry":{"type":"LineString","coordinates":[[85.34887378445701,27.67958012558049],[85.34887348707065,27.67957664267783]]}},{"type":"Feature","properties":{},"geometry":{"type":"LineString","coordinates":[[85.34874841605819,27.679595927665595],[85.34874777068438,27.679602773087638]]}},{"type":"Feature","properties":{},"geometry":{"type":"LineString","coordinates":[[85.34861026117811,27.679621700269713],[85.34860907579241,27.679616053278536]]}},{"type":"Feature","properties":{},"geometry":{"type":"LineString","coordinates":[[85.34857150488126,27.67963270969292],[85.34857161701727,27.67963698192972]]}},{"type":"Feature","properties":{},"geometry":{"type":"LineString","coordinates":[[85.34854970041599,27.67964004744672],[85.34854594232834,27.679629655725673]]}},{"type":"Feature","properties":{},"geometry":{"type":"LineString","coordinates":[[85.34846126318152,27.67964983630801],[85.34843388635215,27.679660226837576]]}},{"type":"Feature","properties":{},"geometry":{"type":"LineString","coordinates":[[85.34913077579863,27.679591445416495],[85.34911963740635,27.679593560930687]]}},{"type":"Feature","properties":{},"geometry":{"type":"LineString","coordinates":[[85.34914130616235,27.679637378408554],[85.34913040001997,27.67964137581558]]}},{"type":"Feature","properties":{},"geometry":{"type":"LineString","coordinates":[[85.3491477946446,27.67965336060476],[85.34918922252895,27.679648811774165]]}},{"type":"Feature","properties":{},"geometry":{"type":"LineString","coordinates":[[85.34914845634657,27.67965971978612],[85.34918654057537,27.67965382420188]]}},{"type":"Feature","properties":{},"geometry":{"type":"LineString","coordinates":[[85.34916088140095,27.67972514802959],[85.34918929414218,27.679722724839856]]}},{"type":"Feature","properties":{},"geometry":{"type":"LineString","coordinates":[[85.34900917919407,27.679745281042784],[85.34899917568137,27.67975330106431]]}},{"type":"Feature","properties":{},"geometry":{"type":"LineString","coordinates":[[85.34901136443546,27.679744848591024],[85.34895289557102,27.67973856843399]]}},{"type":"Feature","properties":{},"geometry":{"type":"LineString","coordinates":[[85.34900605345716,27.679745892723673],[85.34888887901468,27.679759113809823]]}},{"type":"Feature","properties":{},"geometry":{"type":"LineString","coordinates":[[85.34900131923892,27.67974667476891],[85.34874882592369,27.679783277223333]]}},{"type":"Feature","properties":{},"geometry":{"type":"LineString","coordinates":[[85.34916330011905,27.679812538072156],[85.3492005116522,27.679809125850035]]}},{"type":"Feature","properties":{},"geometry":{"type":"LineString","coordinates":[[85.3491673416083,27.679832403688156],[85.34920263740116,27.679833885764292]]}},{"type":"Feature","properties":{},"geometry":{"type":"LineString","coordinates":[[85.34904545552445,27.679893570346206],[85.3490415795518,27.679887103355554]]}},{"type":"Feature","properties":{},"geometry":{"type":"LineString","coordinates":[[85.34902886597781,27.679896003561538],[85.34902758978862,27.67990279633821]]}},{"type":"Feature","properties":{},"geometry":{"type":"LineString","coordinates":[[85.34889443769008,27.679916717800047],[85.34889251153287,27.67990895721749]]}},{"type":"Feature","properties":{},"geometry":{"type":"LineString","coordinates":[[85.34887294625904,27.679918137658046],[85.34887307892559,27.67992300041186]]}},{"type":"Feature","properties":{},"geometry":{"type":"LineString","coordinates":[[85.34879772159667,27.679924798019695],[85.3487965495811,27.679917452576962]]}},{"type":"Feature","properties":{},"geometry":{"type":"LineString","coordinates":[[85.34877539748668,27.6799273171785],[85.34877557191322,27.6799325712373]]}},{"type":"Feature","properties":{},"geometry":{"type":"LineString","coordinates":[[85.34868268713872,27.679941592386896],[85.34868238652203,27.679947018585914]]}},{"type":"Feature","properties":{},"geometry":{"type":"LineString","coordinates":[[85.34865505182015,27.679944900219304],[85.34865168378943,27.67993931024175]]}},{"type":"Feature","properties":{},"geometry":{"type":"LineString","coordinates":[[85.34854451169875,27.679961288651263],[85.34854555700466,27.67996640778186]]}},{"type":"Feature","properties":{},"geometry":{"type":"LineString","coordinates":[[85.34918531459074,27.67993968554528],[85.34921779871848,27.679941391336797]]}},{"type":"Feature","properties":{},"geometry":{"type":"LineString","coordinates":[[85.34918345891123,27.679949079807166],[85.34921667051539,27.679949602893984]]}},{"type":"Feature","properties":{},"geometry":{"type":"LineString","coordinates":[[85.3491858528837,27.679995239840096],[85.34917669538929,27.679995070225516]]}},{"type":"Feature","properties":{},"geometry":{"type":"LineString","coordinates":[[85.34920227728377,27.68010565496688],[85.3491950246738,27.68010576257739]]}},{"type":"Feature","properties":{},"geometry":{"type":"LineString","coordinates":[[85.34920515600773,27.680125581635565],[85.34919596470615,27.680128400888197]]}},{"type":"Feature","properties":{},"geometry":{"type":"LineString","coordinates":[[85.34921885152646,27.68017057938783],[85.34920875483365,27.680172726276144]]}},{"type":"Feature","properties":{},"geometry":{"type":"LineString","coordinates":[[85.34922402903864,27.680173624948427],[85.34925019415985,27.680172823031665]]}},{"type":"Feature","properties":{},"geometry":{"type":"LineString","coordinates":[[85.34923185494775,27.680226543082355],[85.34922344235905,27.680229154101095]]}},{"type":"Feature","properties":{},"geometry":{"type":"LineString","coordinates":[[85.34923889263233,27.680245447079553],[85.34922851814552,27.680248537440733]]}},{"type":"Feature","properties":{},"geometry":{"type":"LineString","coordinates":[[85.34929241327349,27.680365325366797],[85.34928579657542,27.680369259279328]]}},{"type":"Feature","properties":{},"geometry":{"type":"LineString","coordinates":[[85.34930872147923,27.68038821271692],[85.34932847660914,27.68037827633145]]}},{"type":"Feature","properties":{},"geometry":{"type":"LineString","coordinates":[[85.34938596627394,27.679669809636415],[85.34938036322255,27.679672410824534]]}},{"type":"Feature","properties":{},"geometry":{"type":"LineString","coordinates":[[85.34939775628811,27.67945073793528],[85.34938662939749,27.679449055647776]]}},{"type":"Feature","properties":{},"geometry":{"type":"LineString","coordinates":[[85.34940223839111,27.679345557682996],[85.34938177228128,27.679346558419915]]}},{"type":"Feature","properties":{},"geometry":{"type":"LineString","coordinates":[[85.34940635703506,27.679281472848587],[85.34938055598667,27.679285248553725]]}},{"type":"Feature","properties":{},"geometry":{"type":"LineString","coordinates":[[85.34229930261432,27.680367680199428],[85.34228184911589,27.680383806658224]]}},{"type":"Feature","properties":{},"geometry":{"type":"LineString","coordinates":[[85.34232762566437,27.680286891185435],[85.34230912818579,27.68024190757456]]}},{"type":"Feature","properties":{},"geometry":{"type":"LineString","coordinates":[[85.34240515777017,27.680257306383808],[85.34241230686375,27.68026640395539]]}},{"type":"Feature","properties":{},"geometry":{"type":"LineString","coordinates":[[85.3421498058243,27.680231998630042],[85.34214082247317,27.680235537428427]]}},{"type":"Feature","properties":{},"geometry":{"type":"LineString","coordinates":[[85.3421284385643,27.680195250761933],[85.34215560205877,27.680183322801273]]}},{"type":"Feature","properties":{},"geometry":{"type":"LineString","coordinates":[[85.34204659526593,27.680047110384027],[85.34203943040455,27.680050403787288]]}},{"type":"Feature","properties":{},"geometry":{"type":"LineString","coordinates":[[85.34203781373704,27.68002929984197],[85.34206323529398,27.680018521661257]]}},{"type":"Feature","properties":{},"geometry":{"type":"LineString","coordinates":[[85.34208670200938,27.680118982579046],[85.34211659686682,27.68010745104894]]}},{"type":"Feature","properties":{},"geometry":{"type":"LineString","coordinates":[[85.34208649873877,27.6803763103834],[85.34209215779585,27.68038511756361]]}},{"type":"Feature","properties":{},"geometry":{"type":"LineString","coordinates":[[85.34200160363432,27.680418467907025],[85.34200033359373,27.6804636210797]]}},{"type":"Feature","properties":{},"geometry":{"type":"LineString","coordinates":[[85.34194160848209,27.680381487764887],[85.34194062132242,27.680328106053175]]}},{"type":"Feature","properties":{},"geometry":{"type":"LineString","coordinates":[[85.341932931516,27.68037776284231],[85.34192770138161,27.680327270863128]]}},{"type":"Feature","properties":{},"geometry":{"type":"LineString","coordinates":[[85.34185554394702,27.680399980641965],[85.34185553898551,27.680411786004317]]}},{"type":"Feature","properties":{},"geometry":{"type":"LineString","coordinates":[[85.34185212677565,27.6804004180875],[85.341855232714,27.680413872655574]]}},{"type":"Feature","properties":{},"geometry":{"type":"LineString","coordinates":[[85.341732031606,27.68043810427401],[85.34173405878119,27.680448204669776]]}},{"type":"Feature","properties":{},"geometry":{"type":"LineString","coordinates":[[85.34196336883683,27.680397847130816],[85.34195076648537,27.680406995297325]]}},{"type":"Feature","properties":{},"geometry":{"type":"LineString","coordinates":[[85.34164650149792,27.68046383107816],[85.34162647602295,27.680428536973082]]}},{"type":"Feature","properties":{},"geometry":{"type":"LineString","coordinates":[[85.34201326768019,27.67996090190873],[85.34189072867079,27.679997045413682]]}},{"type":"Feature","properties":{},"geometry":{"type":"LineString","coordinates":[[85.34199466244803,27.67991366689955],[85.34186491808477,27.679931960942856]]}},{"type":"Feature","properties":{},"geometry":{"type":"LineString","coordinates":[[85.34199445695701,27.679912303386406],[85.34174544385618,27.67990931607]]}},{"type":"Feature","properties":{},"geometry":{"type":"LineString","coordinates":[[85.34198700657875,27.679862746050446],[85.341974917751,27.679866829813363]]}},{"type":"Feature","properties":{},"geometry":{"type":"LineString","coordinates":[[85.34185458780055,27.67982526355261],[85.34183458351771,27.679831993604708]]}},{"type":"Feature","properties":{},"geometry":{"type":"LineString","coordinates":[[85.34182587910607,27.67976075721577],[85.34182078853982,27.67970163396077]]}},{"type":"Feature","properties":{},"geometry":{"type":"LineString","coordinates":[[85.34182792206768,27.679764107589218],[85.34182245536661,27.679672432786276]]}},{"type":"Feature","properties":{},"geometry":{"type":"LineString","coordinates":[[85.34183144122744,27.679764769774312],[85.34181565308778,27.679552056079217]]}},{"type":"Feature","properties":{},"geometry":{"type":"LineString","coordinates":[[85.34183463548071,27.679764456920253],[85.34184780503796,27.679752521240655]]}},{"type":"Feature","properties":{},"geometry":{"type":"LineString","coordinates":[[85.34183181118097,27.679763635178475],[85.34181267503723,27.679525572850206]]}},{"type":"Feature","properties":{},"geometry":{"type":"LineString","coordinates":[[85.34164743199399,27.67978940336408],[85.34164995810941,27.679799225430145]]}},{"type":"Feature","properties":{},"geometry":{"type":"LineString","coordinates":[[85.3416461527859,27.67979119857407],[85.34164558172952,27.67979913512519]]}},{"type":"Feature","properties":{},"geometry":{"type":"LineString","coordinates":[[85.34161917047541,27.67979200912603],[85.34159492337594,27.67979960533988]]}},{"type":"Feature","properties":{},"geometry":{"type":"LineString","coordinates":[[85.34160273786058,27.679733380953866],[85.34159105288106,27.679694090910974]]}},{"type":"Feature","properties":{},"geometry":{"type":"LineString","coordinates":[[85.34209453094479,27.67978434921679],[85.34208056377568,27.679814593635935]]}},{"type":"Feature","properties":{},"geometry":{"type":"LineString","coordinates":[[85.3423184352368,27.67977672189668],[85.34231891573873,27.67976578235827]]}},{"type":"Feature","properties":{},"geometry":{"type":"LineString","coordinates":[[85.34236509941783,27.679777101658534],[85.34236567185178,27.67978726496498]]}},{"type":"Feature","properties":{},"geometry":{"type":"LineString","coordinates":[[85.34262735503721,27.679711997771832],[85.34260266874628,27.679715516579677]]}},{"type":"Feature","properties":{},"geometry":{"type":"LineString","coordinates":[[85.34260815631288,27.67952523871005],[85.34258648513133,27.679525472190445]]}},{"type":"Feature","properties":{},"geometry":{"type":"LineString","coordinates":[[85.3426123268634,27.679840525965737],[85.34262061351579,27.679861438953612]]}},{"type":"Feature","properties":{},"geometry":{"type":"LineString","coordinates":[[85.34276842495785,27.679771042202887],[85.3427703233087,27.6797907559693]]}},{"type":"Feature","properties":{},"geometry":{"type":"LineString","coordinates":[[85.34284446476907,27.679751695923738],[85.3428415899765,27.679744211835988]]}},{"type":"Feature","properties":{},"geometry":{"type":"LineString","coordinates":[[85.3429665034018,27.67972246997435],[85.3429795040884,27.679739645897172]]}},{"type":"Feature","properties":{},"geometry":{"type":"LineString","coordinates":[[85.34294213369255,27.679482844162887],[85.34292524501387,27.679492867168165]]}},{"type":"Feature","properties":{},"geometry":{"type":"LineString","coordinates":[[85.34291640840327,27.679395418125],[85.34289512392837,27.67940025841181]]}},{"type":"Feature","properties":{},"geometry":{"type":"LineString","coordinates":[[85.34315687662526,27.679672212276994],[85.34315686039545,27.679665092724218]]}},{"type":"Feature","properties":{},"geometry":{"type":"LineString","coordinates":[[85.3431963483307,27.679663207593446],[85.34320014449105,27.679682126342062]]}},{"type":"Feature","properties":{},"geometry":{"type":"LineString","coordinates":[[85.34331928107233,27.679647545699677],[85.34332095927257,27.679665865087955]]}},{"type":"Feature","properties":{},"geometry":{"type":"LineString","coordinates":[[85.34332264186898,27.679604892306983],[85.34331425574702,27.679605542929405]]}},{"type":"Feature","properties":{},"geometry":{"type":"LineString","coordinates":[[85.34327418247065,27.679403305423783],[85.34326807241472,27.679405031134948]]}},{"type":"Feature","properties":{},"geometry":{"type":"LineString","coordinates":[[85.34325007229366,27.67932035828505],[85.34324327673765,27.679318735437384]]}},{"type":"Feature","properties":{},"geometry":{"type":"LineString","coordinates":[[85.34255993243245,27.68022972713232],[85.34256108501958,27.680178437871245]]}},{"type":"Feature","properties":{},"geometry":{"type":"LineString","coordinates":[[85.34260995133454,27.68031781938713],[85.34263047603129,27.68031348902877]]}},{"type":"Feature","properties":{},"geometry":{"type":"LineString","coordinates":[[85.34264205845703,27.680401836165537],[85.34265832514562,27.680395618152733]]}},{"type":"Feature","properties":{},"geometry":{"type":"LineString","coordinates":[[85.34268660947009,27.680516007289043],[85.34268185841158,27.68053502324035]]}},{"type":"Feature","properties":{},"geometry":{"type":"LineString","coordinates":[[85.34268909231548,27.680517488306617],[85.34268953164649,27.680535865078262]]}},{"type":"Feature","properties":{},"geometry":{"type":"LineString","coordinates":[[85.34273234834889,27.68020527042956],[85.34271916002179,27.680169968023264]]}},{"type":"Feature","properties":{},"geometry":{"type":"LineString","coordinates":[[85.34277802584229,27.68019184359471],[85.34277615517402,27.680148269302002]]}},{"type":"Feature","properties":{},"geometry":{"type":"LineString","coordinates":[[85.34283901447198,27.680170819002043],[85.34281945248891,27.680126693682624]]}},{"type":"Feature","properties":{},"geometry":{"type":"LineString","coordinates":[[85.34283262075009,27.680239213972612],[85.34282633047249,27.680243606362623]]}},{"type":"Feature","properties":{},"geometry":{"type":"LineString","coordinates":[[85.34286103917589,27.680324203752605],[85.34290336381545,27.68031682901275]]}},{"type":"Feature","properties":{},"geometry":{"type":"LineString","coordinates":[[85.34286829800465,27.680343966307426],[85.34286570490082,27.680345893828417]]}},{"type":"Feature","properties":{},"geometry":{"type":"LineString","coordinates":[[85.34291213547358,27.680427379667282],[85.34290287861872,27.68042895579528]]}},{"type":"Feature","properties":{},"geometry":{"type":"LineString","coordinates":[[85.34292963772444,27.68045113492758],[85.3429305149071,27.680470731777863]]}},{"type":"Feature","properties":{},"geometry":{"type":"LineString","coordinates":[[85.34292950828059,27.6804508445612],[85.34291742274434,27.68047324400233]]}},{"type":"Feature","properties":{},"geometry":{"type":"LineString","coordinates":[[85.34296720143638,27.6801360229494],[85.34294781946204,27.68009232761132]]}},{"type":"Feature","properties":{},"geometry":{"type":"LineString","coordinates":[[85.34300704212723,27.680131197962336],[85.34301041377802,27.680090924753006]]}},{"type":"Feature","properties":{},"geometry":{"type":"LineString","coordinates":[[85.3435207782612,27.679823270664016],[85.34347734914702,27.679828403078957]]}},{"type":"Feature","properties":{},"geometry":{"type":"LineString","coordinates":[[85.34352232357693,27.679811968388954],[85.34347221732853,27.679823685419585]]}},{"type":"Feature","properties":{},"geometry":{"type":"LineString","coordinates":[[85.3437662279972,27.679471109727775],[85.34378251942468,27.679479836390293]]}},{"type":"Feature","properties":{},"geometry":{"type":"LineString","coordinates":[[85.34374302126275,27.67933544796173],[85.34372906243841,27.679333255712397]]}},{"type":"Feature","properties":{},"geometry":{"type":"LineString","coordinates":[[85.34365646400867,27.679155796228528],[85.34364680072353,27.67915851469857]]}},{"type":"Feature","properties":{},"geometry":{"type":"LineString","coordinates":[[85.34363352452402,27.67910557357303],[85.34357232958294,27.67912762137859]]}},{"type":"Feature","properties":{},"geometry":{"type":"LineString","coordinates":[[85.34343237038465,27.679055326196696],[85.34343476293523,27.679059833292545]]}},{"type":"Feature","properties":{},"geometry":{"type":"LineString","coordinates":[[85.34323531682791,27.67910675174274],[85.34322332413822,27.679117170002456]]}},{"type":"Feature","properties":{},"geometry":{"type":"LineString","coordinates":[[85.3430391956542,27.680132231551898],[85.34303408074163,27.680090528256112]]}},{"type":"Feature","properties":{},"geometry":{"type":"LineString","coordinates":[[85.34315183061213,27.680125016398836],[85.34313280548557,27.68007930272596]]}},{"type":"Feature","properties":{},"geometry":{"type":"LineString","coordinates":[[85.34323297413695,27.68021214858287],[85.34322789509181,27.680213606830833]]}},{"type":"Feature","properties":{},"geometry":{"type":"LineString","coordinates":[[85.34325332657109,27.68027646083607],[85.34327391313488,27.680267962217055]]}},{"type":"Feature","properties":{},"geometry":{"type":"LineString","coordinates":[[85.34354962350643,27.68022312377297],[85.3435421821293,27.6802231096919]]}},{"type":"Feature","properties":{},"geometry":{"type":"LineString","coordinates":[[85.34354393018936,27.680306339006652],[85.34353196182114,27.680306874594994]]}},{"type":"Feature","properties":{},"geometry":{"type":"LineString","coordinates":[[85.34354839174267,27.680247374250463],[85.34356707993199,27.680247706052114]]}},{"type":"Feature","properties":{},"geometry":{"type":"LineString","coordinates":[[85.34356291969429,27.680546644998984],[85.34356322745622,27.680562328778144]]}},{"type":"Feature","properties":{},"geometry":{"type":"LineString","coordinates":[[85.34366637452987,27.680541524596013],[85.34366745767078,27.680547480877554]]}},{"type":"Feature","properties":{},"geometry":{"type":"LineString","coordinates":[[85.34369804128286,27.680538678446545],[85.34369400361918,27.68051680997793]]}},{"type":"Feature","properties":{},"geometry":{"type":"LineString","coordinates":[[85.34371344008976,27.68053736524829],[85.3437161142359,27.680544176321483]]}},{"type":"Feature","properties":{},"geometry":{"type":"LineString","coordinates":[[85.343772579418,27.68053610124897],[85.34378717827494,27.680506433716104]]}},{"type":"Feature","properties":{},"geometry":{"type":"LineString","coordinates":[[85.34377710728482,27.680621636438246],[85.34379957416829,27.68064219183176]]}},{"type":"Feature","properties":{},"geometry":{"type":"LineString","coordinates":[[85.34377684411425,27.68062550525509],[85.34376982577808,27.680645764033713]]}},{"type":"Feature","properties":{},"geometry":{"type":"LineString","coordinates":[[85.34356196265222,27.68011363068323],[85.3435791781034,27.680098752150418]]}},{"type":"Feature","properties":{},"geometry":{"type":"LineString","coordinates":[[85.34363967940942,27.68012627074283],[85.34364119908555,27.680132792732124]]}},{"type":"Feature","properties":{},"geometry":{"type":"LineString","coordinates":[[85.34377503733883,27.68009568436544],[85.34377902481157,27.680077001306913]]}},{"type":"Feature","properties":{},"geometry":{"type":"LineString","coordinates":[[85.34390839780741,27.680196684649477],[85.34390137968688,27.68019710887526]]}},{"type":"Feature","properties":{},"geometry":{"type":"LineString","coordinates":[[85.34393670179686,27.680303427167686],[85.3439301676078,27.680326677399925]]}},{"type":"Feature","properties":{},"geometry":{"type":"LineString","coordinates":[[85.34393733695588,27.68030614964958],[85.34393248198955,27.680332672770277]]}},{"type":"Feature","properties":{},"geometry":{"type":"LineString","coordinates":[[85.34396846214986,27.680130464754388],[85.34396985605851,27.68011501612714]]}},{"type":"Feature","properties":{},"geometry":{"type":"LineString","coordinates":[[85.34407445861704,27.680148105288655],[85.34407448870041,27.680211570663452]]}},{"type":"Feature","properties":{},"geometry":{"type":"LineString","coordinates":[[85.3440792514285,27.680152447923412],[85.34411107091127,27.680297677706683]]}},{"type":"Feature","properties":{},"geometry":{"type":"LineString","coordinates":[[85.34408204154843,27.680152781831364],[85.34412380620584,27.680302488049144]]}},{"type":"Feature","properties":{},"geometry":{"type":"LineString","coordinates":[[85.34427716198381,27.680142375752197],[85.34427690565533,27.68015607619341]]}},{"type":"Feature","properties":{},"geometry":{"type":"LineString","coordinates":[[85.34432678753467,27.680145527709474],[85.34432612564976,27.680153516442456]]}},{"type":"Feature","properties":{},"geometry":{"type":"LineString","coordinates":[[85.34441103526335,27.68013849297222],[85.34441356281931,27.680146690412126]]}},{"type":"Feature","properties":{},"geometry":{"type":"LineString","coordinates":[[85.34455825275884,27.680059581228193],[85.34456628753615,27.68006744014213]]}},{"type":"Feature","properties":{},"geometry":{"type":"LineString","coordinates":[[85.3446365851417,27.680093928240783],[85.34464911829532,27.680161288661193]]}},{"type":"Feature","properties":{},"geometry":{"type":"LineString","coordinates":[[85.34464090238768,27.680097268751354],[85.344693532418,27.680242114445228]]}},{"type":"Feature","properties":{},"geometry":{"type":"LineString","coordinates":[[85.34464610336144,27.680099623401695],[85.34471154397473,27.680279384133435]]}},{"type":"Feature","properties":{},"geometry":{"type":"LineString","coordinates":[[85.34478678186385,27.68009921158709],[85.34478730080659,27.680115424986308]]}},{"type":"Feature","properties":{},"geometry":{"type":"LineString","coordinates":[[85.34491547787172,27.680105317310854],[85.34492540969032,27.68009931665907]]}},{"type":"Feature","properties":{},"geometry":{"type":"LineString","coordinates":[[85.34485593385496,27.679982416853786],[85.34482369531764,27.6799862149562]]}},{"type":"Feature","properties":{},"geometry":{"type":"LineString","coordinates":[[85.34481620719991,27.67983223425832],[85.34482403761601,27.67982856688021]]}},{"type":"Feature","properties":{},"geometry":{"type":"LineString","coordinates":[[85.34481411523818,27.67982573973792],[85.34478648484752,27.679829456614286]]}},{"type":"Feature","properties":{},"geometry":{"type":"LineString","coordinates":[[85.34479033473184,27.67969153068703],[85.34475413181717,27.67968472961884]]}},{"type":"Feature","properties":{},"geometry":{"type":"LineString","coordinates":[[85.34511210743386,27.679786393797517],[85.34524933062792,27.679783343562473]]}},{"type":"Feature","properties":{},"geometry":{"type":"LineString","coordinates":[[85.34511469034798,27.679786551015454],[85.34515229356691,27.67977673190433]]}},{"type":"Feature","properties":{},"geometry":{"type":"LineString","coordinates":[[85.34501538777326,27.6798066765915],[85.34501954423202,27.679821690634608]]}},{"type":"Feature","properties":{},"geometry":{"type":"LineString","coordinates":[[85.34493356429086,27.67982172107451],[85.34494100657079,27.679834517089493]]}},{"type":"Feature","properties":{},"geometry":{"type":"LineString","coordinates":[[85.34479316171469,27.679654052435883],[85.34480197714787,27.679655590137003]]}},{"type":"Feature","properties":{},"geometry":{"type":"LineString","coordinates":[[85.3447414146596,27.679459128172653],[85.34471423308206,27.679467376719618]]}},{"type":"Feature","properties":{},"geometry":{"type":"LineString","coordinates":[[85.34471815606565,27.67936669563932],[85.34468785334859,27.679372091810308]]}},{"type":"Feature","properties":{},"geometry":{"type":"LineString","coordinates":[[85.34521160239704,27.67943512079262],[85.34518816554123,27.67944312806177]]}},{"type":"Feature","properties":{},"geometry":{"type":"LineString","coordinates":[[85.34524141294976,27.679559558552576],[85.34521564747382,27.679562038731248]]}},{"type":"Feature","properties":{},"geometry":{"type":"LineString","coordinates":[[85.34460612932222,27.678982284954444],[85.34460902770893,27.679000716393972]]}},{"type":"Feature","properties":{},"geometry":{"type":"LineString","coordinates":[[85.34472543656663,27.678981222422976],[85.34476671549514,27.679014716776244]]}},{"type":"Feature","properties":{},"geometry":{"type":"LineString","coordinates":[[85.34472283851575,27.678980591175502],[85.3447512081008,27.678980752396253]]}},{"type":"Feature","properties":{},"geometry":{"type":"LineString","coordinates":[[85.34466512021508,27.67919903119101],[85.34464744203306,27.67920938524162]]}},{"type":"Feature","properties":{},"geometry":{"type":"LineString","coordinates":[[85.34471348912436,27.679345131053644],[85.34472051197312,27.679343649948166]]}},{"type":"Feature","properties":{},"geometry":{"type":"LineString","coordinates":[[85.34471402700314,27.67934677562081],[85.3447214979265,27.67934502820066]]}},{"type":"Feature","properties":{},"geometry":{"type":"LineString","coordinates":[[85.34492514014,27.68015108405106],[85.34509223446891,27.680114416003402],[85.34507272074535,27.680046720396373]]}},{"type":"Feature","properties":{},"geometry":{"type":"LineString","coordinates":[[85.34492528278048,27.680152852960163],[85.34509223446891,27.680114416003402],[85.34508500137187,27.680053311376945],[85.34510308321491,27.680036497990955]]}},{"type":"Feature","properties":{},"geometry":{"type":"LineString","coordinates":[[85.34492611359236,27.680154166178628],[85.34509950891156,27.680122678271275]]}},{"type":"Feature","properties":{},"geometry":{"type":"LineString","coordinates":[[85.34496448595414,27.680214851354464],[85.3449519493205,27.680241915422606]]}},{"type":"Feature","properties":{},"geometry":{"type":"LineString","coordinates":[[85.34507182536017,27.680416928257124],[85.3450422922627,27.68042283641567]]}},{"type":"Feature","properties":{},"geometry":{"type":"LineString","coordinates":[[85.34507446948412,27.68044086675355],[85.34508039655373,27.68044085724408]]}},{"type":"Feature","properties":{},"geometry":{"type":"LineString","coordinates":[[85.34524482845777,27.68051465173733],[85.34524125766019,27.680504566335628]]}},{"type":"Feature","properties":{},"geometry":{"type":"LineString","coordinates":[[85.34547391909308,27.680535203156573],[85.34547677315982,27.680520062573656]]}},{"type":"Feature","properties":{},"geometry":{"type":"LineString","coordinates":[[85.34533182067307,27.680564599620826],[85.34532774849012,27.68057244021527]]}},{"type":"Feature","properties":{},"geometry":{"type":"LineString","coordinates":[[85.34530152991796,27.680562321624574],[85.34530098280847,27.68056888840422]]}},{"type":"Feature","properties":{},"geometry":{"type":"LineString","coordinates":[[85.34487846468471,27.68075524511887],[85.34487237261614,27.680742528414015]]}},{"type":"Feature","properties":{},"geometry":{"type":"LineString","coordinates":[[85.34475186156467,27.680619173734886],[85.34474779781532,27.680618653133696]]}},{"type":"Feature","properties":{},"geometry":{"type":"LineString","coordinates":[[85.34472245065162,27.6805716600964],[85.3447154030724,27.680571279833423]]}},{"type":"Feature","properties":{},"geometry":{"type":"LineString","coordinates":[[85.34466153583438,27.68044352099146],[85.34465359819727,27.68044515181352]]}},{"type":"Feature","properties":{},"geometry":{"type":"LineString","coordinates":[[85.34465548813834,27.6804238307587],[85.34463888059247,27.680353898099256]]}},{"type":"Feature","properties":{},"geometry":{"type":"LineString","coordinates":[[85.34448493523486,27.68098790964199],[85.34446241208789,27.680980751220048]]}},{"type":"Feature","properties":{},"geometry":{"type":"LineString","coordinates":[[85.34445144698883,27.681018215214305],[85.34444095658937,27.681009887396062]]}},{"type":"Feature","properties":{},"geometry":{"type":"LineString","coordinates":[[85.34434525256091,27.68116285841732],[85.34434904129628,27.681178453839614]]}},{"type":"Feature","properties":{},"geometry":{"type":"LineString","coordinates":[[85.34438987407147,27.68090286186153],[85.34438488885534,27.68090307213566]]}},{"type":"Feature","properties":{},"geometry":{"type":"LineString","coordinates":[[85.34434587623214,27.680401888599167],[85.34434031614985,27.68040230319884]]}},{"type":"Feature","properties":{},"geometry":{"type":"LineString","coordinates":[[85.34434719397636,27.680392561995433],[85.34433732732164,27.68038953331153]]}},{"type":"Feature","properties":{},"geometry":{"type":"LineString","coordinates":[[85.34429508124431,27.681125753904915],[85.34428893834387,27.681113385857895]]}},{"type":"Feature","properties":{},"geometry":{"type":"LineString","coordinates":[[85.3440133941654,27.680978060436722],[85.34400629551163,27.68097635998986]]}},{"type":"Feature","properties":{},"geometry":{"type":"LineString","coordinates":[[85.34399961847086,27.68090121731035],[85.34399315544238,27.680902881067144]]}},{"type":"Feature","properties":{},"geometry":{"type":"LineString","coordinates":[[85.34399858519949,27.68089571741785],[85.34414007376704,27.680872252069683]]}},{"type":"Feature","properties":{},"geometry":{"type":"LineString","coordinates":[[85.34399866568205,27.680887560179325],[85.34412308277226,27.68084738118883]]}},{"type":"Feature","properties":{},"geometry":{"type":"LineString","coordinates":[[85.34397828662311,27.680783917036084],[85.34396935137131,27.68077714482975]]}},{"type":"Feature","properties":{},"geometry":{"type":"LineString","coordinates":[[85.34388236915188,27.681198964766327],[85.34387897534796,27.681189183806115]]}},{"type":"Feature","properties":{},"geometry":{"type":"LineString","coordinates":[[85.3435104159939,27.68105029924925],[85.34350270163026,27.681050500317887]]}},{"type":"Feature","properties":{},"geometry":{"type":"LineString","coordinates":[[85.34349091796409,27.68090046476866],[85.34348090050227,27.680900373842974]]}},{"type":"Feature","properties":{},"geometry":{"type":"LineString","coordinates":[[85.3432137836004,27.680596339999884],[85.34319078378255,27.6806082800663]]}},{"type":"Feature","properties":{},"geometry":{"type":"LineString","coordinates":[[85.34308620561688,27.68118000105118],[85.34308119324301,27.68117945731921]]}},{"type":"Feature","properties":{},"geometry":{"type":"LineString","coordinates":[[85.34308897332355,27.68113614920898],[85.34308504774702,27.681132653583823]]}},{"type":"Feature","properties":{},"geometry":{"type":"LineString","coordinates":[[85.34289109263884,27.681117862589495],[85.34290103889651,27.68111608983233]]}},{"type":"Feature","properties":{},"geometry":{"type":"LineString","coordinates":[[85.34290359267993,27.680947531164513],[85.34289618387245,27.680950661939807]]}},{"type":"Feature","properties":{},"geometry":{"type":"LineString","coordinates":[[85.3429024816195,27.680846048081538],[85.34289100279094,27.680842963001716]]}},{"type":"Feature","properties":{},"geometry":{"type":"LineString","coordinates":[[85.34286785167711,27.680707503976482],[85.34286284078478,27.68070934841661]]}},{"type":"Feature","properties":{},"geometry":{"type":"LineString","coordinates":[[85.34277111660846,27.681226126399757],[85.34277311192479,27.681214572294273]]}},{"type":"Feature","properties":{},"geometry":{"type":"LineString","coordinates":[[85.34270830438466,27.681213783311936],[85.34272017365295,27.681129098672848]]}},{"type":"Feature","properties":{},"geometry":{"type":"LineString","coordinates":[[85.34103856533643,27.68053453165719],[85.34100193744358,27.680116395018473],[85.3408854926683,27.68011058043114]]}},{"type":"Feature","properties":{},"geometry":{"type":"LineString","coordinates":[[85.3426594801061,27.681249594635094],[85.34267344677757,27.681275991820495]]}},{"type":"Feature","properties":{},"geometry":{"type":"LineString","coordinates":[[85.34263351905263,27.68119671104166],[85.3426379336491,27.681178763304406]]}},{"type":"Feature","properties":{},"geometry":{"type":"LineString","coordinates":[[85.3424561250305,27.681169573893897],[85.34246101880407,27.681159776556164]]}},{"type":"Feature","properties":{},"geometry":{"type":"LineString","coordinates":[[85.34235971237354,27.681152634362707],[85.34236087357475,27.68114012440377]]}},{"type":"Feature","properties":{},"geometry":{"type":"LineString","coordinates":[[85.3421975348004,27.681127077958774],[85.34219514902831,27.681115611321047]]}},{"type":"Feature","properties":{},"geometry":{"type":"LineString","coordinates":[[85.34403033259969,27.679914206594365],[85.34404922695542,27.679937294225947]]}},{"type":"Feature","properties":{},"geometry":{"type":"LineString","coordinates":[[85.34408332791195,27.67988604774421],[85.34401060141639,27.679763591357766]]}},{"type":"Feature","properties":{},"geometry":{"type":"LineString","coordinates":[[85.34224071123035,27.680615830585268],[85.3422281198798,27.68063337989265]]}},{"type":"Feature","properties":{},"geometry":{"type":"LineString","coordinates":[[85.34224301748372,27.680612288582243],[85.3422152467803,27.680627829437757]]}},{"type":"Feature","properties":{},"geometry":{"type":"LineString","coordinates":[[85.34224454302631,27.680611032433056],[85.34221951266792,27.68062033513408]]}},{"type":"Feature","properties":{},"geometry":{"type":"LineString","coordinates":[[85.3423121611877,27.680761423107853],[85.34230760569164,27.680758689802225]]}},{"type":"Feature","properties":{},"geometry":{"type":"LineString","coordinates":[[85.34228664330004,27.68083348457927],[85.34228166277988,27.68083150433224]]}},{"type":"Feature","properties":{},"geometry":{"type":"LineString","coordinates":[[85.3422318902135,27.680994754882118],[85.34223636661109,27.680996080160117]]}},{"type":"Feature","properties":{},"geometry":{"type":"LineString","coordinates":[[85.34248832722872,27.681216819032112],[85.34250223410216,27.681240794864696]]}},{"type":"Feature","properties":{},"geometry":{"type":"LineString","coordinates":[[85.34237038756294,27.681200544299703],[85.34236506823174,27.6812140162584]]}},{"type":"Feature","properties":{},"geometry":{"type":"LineString","coordinates":[[85.34202743504397,27.68109508157247],[85.34202821032044,27.68108436308245]]}},{"type":"Feature","properties":{},"geometry":{"type":"LineString","coordinates":[[85.34195651379443,27.681077398136534],[85.34197426276508,27.68106299824008]]}},{"type":"Feature","properties":{},"geometry":{"type":"LineString","coordinates":[[85.34223673098876,27.68097913633959],[85.3422500365941,27.680982031237395]]}},{"type":"Feature","properties":{},"geometry":{"type":"LineString","coordinates":[[85.34195019747969,27.68107632700573],[85.34196371383429,27.681062719428393]]}},{"type":"Feature","properties":{},"geometry":{"type":"LineString","coordinates":[[85.34172231926657,27.681015772183287],[85.34172703551951,27.68100303222335]]}},{"type":"Feature","properties":{},"geometry":{"type":"LineString","coordinates":[[85.34164433653002,27.68106151413678],[85.34164242362321,27.681067807313326]]}},{"type":"Feature","properties":{},"geometry":{"type":"LineString","coordinates":[[85.34165582859255,27.680826833982454],[85.34167276689874,27.68081958709518]]}},{"type":"Feature","properties":{},"geometry":{"type":"LineString","coordinates":[[85.34155142945487,27.68106796241288],[85.34155115908422,27.681077670667513]]}},{"type":"Feature","properties":{},"geometry":{"type":"LineString","coordinates":[[85.34133117047838,27.68105806924262],[85.34132929434598,27.681064544268207]]}},{"type":"Feature","properties":{},"geometry":{"type":"LineString","coordinates":[[85.3411429108027,27.68130919426845],[85.34113186776042,27.68131034724469]]}},{"type":"Feature","properties":{},"geometry":{"type":"LineString","coordinates":[[85.34082657509516,27.681302846441266],[85.34084947486284,27.681315996606923]]}},{"type":"Feature","properties":{},"geometry":{"type":"LineString","coordinates":[[85.34082368871051,27.681303916591762],[85.34094482521614,27.681395966112227]]}},{"type":"Feature","properties":{},"geometry":{"type":"LineString","coordinates":[[85.34166390227062,27.68161195586737],[85.34166138595532,27.681596382839526]]}},{"type":"Feature","properties":{},"geometry":{"type":"LineString","coordinates":[[85.34177851484125,27.681635944326096],[85.34178258260906,27.68165002504979]]}},{"type":"Feature","properties":{},"geometry":{"type":"LineString","coordinates":[[85.3419658972428,27.681622585148588],[85.34196826056994,27.681637483034738]]}},{"type":"Feature","properties":{},"geometry":{"type":"LineString","coordinates":[[85.3419445386023,27.681626531757914],[85.3419621465847,27.681754297943677]]}},{"type":"Feature","properties":{},"geometry":{"type":"LineString","coordinates":[[85.34211596047366,27.681618369562315],[85.34211670074377,27.68163252236432]]}},{"type":"Feature","properties":{},"geometry":{"type":"LineString","coordinates":[[85.34214947140552,27.681621051439716],[85.34215538585833,27.68164007228108]]}},{"type":"Feature","properties":{},"geometry":{"type":"LineString","coordinates":[[85.34216799895377,27.68176944116725],[85.34216295800525,27.681789314660694]]}},{"type":"Feature","properties":{},"geometry":{"type":"LineString","coordinates":[[85.34234891886697,27.6816235857437],[85.34234432734266,27.681638877838914]]}},{"type":"Feature","properties":{},"geometry":{"type":"LineString","coordinates":[[85.34245804801172,27.681623651678485],[85.34245584442945,27.6816366410555]]}},{"type":"Feature","properties":{},"geometry":{"type":"LineString","coordinates":[[85.34255627433194,27.681624446288414],[85.34255841378746,27.681639001224674]]}},{"type":"Feature","properties":{},"geometry":{"type":"LineString","coordinates":[[85.34249315976383,27.68145701161203],[85.34247333948977,27.68146160940581]]}},{"type":"Feature","properties":{},"geometry":{"type":"LineString","coordinates":[[85.34259036151518,27.681623746762998],[85.34258850163091,27.681635461334743]]}},{"type":"Feature","properties":{},"geometry":{"type":"LineString","coordinates":[[85.34272653065435,27.681621159431316],[85.34272911042228,27.681636233188186]]}},{"type":"Feature","properties":{},"geometry":{"type":"LineString","coordinates":[[85.34265614911591,27.681971851687628],[85.34264028041939,27.68197902394202]]}},{"type":"Feature","properties":{},"geometry":{"type":"LineString","coordinates":[[85.3426933775117,27.682041040281078],[85.34267759856338,27.682048445570054]]}},{"type":"Feature","properties":{},"geometry":{"type":"LineString","coordinates":[[85.34227292809634,27.682051972975078],[85.34222215561019,27.68203791268865]]}},{"type":"Feature","properties":{},"geometry":{"type":"LineString","coordinates":[[85.34234717188792,27.682168444587603],[85.34232792927094,27.682179561204517]]}},{"type":"Feature","properties":{},"geometry":{"type":"LineString","coordinates":[[85.34235259513353,27.68217541855464],[85.34233256285061,27.68218619087317]]}},{"type":"Feature","properties":{},"geometry":{"type":"LineString","coordinates":[[85.34242079402092,27.6822825873518],[85.34241287794787,27.682289291559943]]}},{"type":"Feature","properties":{},"geometry":{"type":"LineString","coordinates":[[85.34244141281793,27.682313003824614],[85.34242587036047,27.68235214304268]]}},{"type":"Feature","properties":{},"geometry":{"type":"LineString","coordinates":[[85.34244320269565,27.682314587568413],[85.34245129214113,27.682392273432974]]}},{"type":"Feature","properties":{},"geometry":{"type":"LineString","coordinates":[[85.34266042807025,27.682191787898223],[85.34266432116465,27.682196160430657]]}},{"type":"Feature","properties":{},"geometry":{"type":"LineString","coordinates":[[85.3427928566265,27.682352184309153],[85.3427963726139,27.682355345609658]]}},{"type":"Feature","properties":{},"geometry":{"type":"LineString","coordinates":[[85.34271165409996,27.68243124585063],[85.34279489696037,27.682502436324864]]}},{"type":"Feature","properties":{},"geometry":{"type":"LineString","coordinates":[[85.34265432567095,27.682480843907435],[85.34266057579504,27.682484558703177]]}},{"type":"Feature","properties":{},"geometry":{"type":"LineString","coordinates":[[85.34258893851802,27.682541217680456],[85.34256393950253,27.68254223986032]]}},{"type":"Feature","properties":{},"geometry":{"type":"LineString","coordinates":[[85.34307537890922,27.682161710951092],[85.34307190181988,27.682169740905895]]}},{"type":"Feature","properties":{},"geometry":{"type":"LineString","coordinates":[[85.34311366865457,27.68218512640984],[85.34310747817727,27.682191833251434]]}},{"type":"Feature","properties":{},"geometry":{"type":"LineString","coordinates":[[85.34323826187597,27.682280160393855],[85.34323084797884,27.68228657822953]]}},{"type":"Feature","properties":{},"geometry":{"type":"LineString","coordinates":[[85.34307144896454,27.682485377116286],[85.34307597161911,27.682489082960675]]}},{"type":"Feature","properties":{},"geometry":{"type":"LineString","coordinates":[[85.3430110221219,27.682547612840477],[85.3429803628402,27.68255755863249]]}},{"type":"Feature","properties":{},"geometry":{"type":"LineString","coordinates":[[85.34301381172115,27.682544156936046],[85.34297694358511,27.682554637670822]]}},{"type":"Feature","properties":{},"geometry":{"type":"LineString","coordinates":[[85.34329515591153,27.68231634567288],[85.34329081476528,27.68232130292761]]}},{"type":"Feature","properties":{},"geometry":{"type":"LineString","coordinates":[[85.3433992304854,27.68238554663709],[85.34339768234736,27.6823966286481]]}},{"type":"Feature","properties":{},"geometry":{"type":"LineString","coordinates":[[85.34345305630484,27.68271142173673],[85.34354857782377,27.68270373901422]]}},{"type":"Feature","properties":{},"geometry":{"type":"LineString","coordinates":[[85.34287499068104,27.682067503799257],[85.34290168426107,27.682037704906126]]}},{"type":"Feature","properties":{},"geometry":{"type":"LineString","coordinates":[[85.34346081255237,27.682004705348664],[85.34344602986467,27.682006495209798]]}},{"type":"Feature","properties":{},"geometry":{"type":"LineString","coordinates":[[85.34346132514017,27.68197880272383],[85.34344812383796,27.681981347081894]]}},{"type":"Feature","properties":{},"geometry":{"type":"LineString","coordinates":[[85.34347116238213,27.68189114867103],[85.34344899340914,27.681891820375224]]}},{"type":"Feature","properties":{},"geometry":{"type":"LineString","coordinates":[[85.34327721384861,27.68188563562063],[85.34325636435615,27.681908040364366]]}},{"type":"Feature","properties":{},"geometry":{"type":"LineString","coordinates":[[85.34327030752742,27.68188630303296],[85.34324967152975,27.68190705684797]]}},{"type":"Feature","properties":{},"geometry":{"type":"LineString","coordinates":[[85.34361176648493,27.681928400873545],[85.34361383689998,27.681932423954812]]}},{"type":"Feature","properties":{},"geometry":{"type":"LineString","coordinates":[[85.34363215042292,27.681925353931415],[85.34363416023683,27.681928757134617]]}},{"type":"Feature","properties":{},"geometry":{"type":"LineString","coordinates":[[85.34374909152842,27.681900434776868],[85.34375094116096,27.68190538304311]]}},{"type":"Feature","properties":{},"geometry":{"type":"LineString","coordinates":[[85.3438322472552,27.68188509740667],[85.34385413179172,27.681883320219498]]}},{"type":"Feature","properties":{},"geometry":{"type":"LineString","coordinates":[[85.34383661235937,27.68188419379666],[85.34389329347327,27.681874351368496]]}},{"type":"Feature","properties":{},"geometry":{"type":"LineString","coordinates":[[85.34377375203539,27.68227183160233],[85.34375800556936,27.682276952133574]]}},{"type":"Feature","properties":{},"geometry":{"type":"LineString","coordinates":[[85.34378749009005,27.682323013733516],[85.3438043530183,27.68234099391835]]}},{"type":"Feature","properties":{},"geometry":{"type":"LineString","coordinates":[[85.34379039879325,27.682329669662845],[85.34378855197572,27.682345430565658]]}},{"type":"Feature","properties":{},"geometry":{"type":"LineString","coordinates":[[85.34385381847108,27.682117628006385],[85.3438560566591,27.682137813346614]]}},{"type":"Feature","properties":{},"geometry":{"type":"LineString","coordinates":[[85.34396135878958,27.68210214710986],[85.34396505884231,27.682122072843622]]}},{"type":"Feature","properties":{},"geometry":{"type":"LineString","coordinates":[[85.3440272064983,27.68209215700457],[85.3440618211895,27.682221550563938]]}},{"type":"Feature","properties":{},"geometry":{"type":"LineString","coordinates":[[85.34402748023882,27.68209208987816],[85.34406279007459,27.68219146823863]]}},{"type":"Feature","properties":{},"geometry":{"type":"LineString","coordinates":[[85.34417695118694,27.682063937342008],[85.34418409782207,27.68208470755027]]}},{"type":"Feature","properties":{},"geometry":{"type":"LineString","coordinates":[[85.34430467864517,27.682047831061862],[85.3443329079576,27.68213759643888]]}},{"type":"Feature","properties":{},"geometry":{"type":"LineString","coordinates":[[85.34282933830556,27.68162647180139],[85.34282803726029,27.681631123347994]]}},{"type":"Feature","properties":{},"geometry":{"type":"LineString","coordinates":[[85.3431045991006,27.68163361707841],[85.34310471560076,27.68164181728495]]}},{"type":"Feature","properties":{},"geometry":{"type":"LineString","coordinates":[[85.3432972461922,27.681657347311234],[85.34329711777274,27.68166686322191]]}},{"type":"Feature","properties":{},"geometry":{"type":"LineString","coordinates":[[85.34336659611797,27.68166082040389],[85.34336463823682,27.681670031932846]]}},{"type":"Feature","properties":{},"geometry":{"type":"LineString","coordinates":[[85.3436080597316,27.68165657904012],[85.34361333785982,27.68166934382557]]}},{"type":"Feature","properties":{},"geometry":{"type":"LineString","coordinates":[[85.34362708837999,27.681653647661943],[85.34362943448288,27.681664259987368]]}},{"type":"Feature","properties":{},"geometry":{"type":"LineString","coordinates":[[85.3437947665211,27.681660911121792],[85.34379455943667,27.68167315722666]]}},{"type":"Feature","properties":{},"geometry":{"type":"LineString","coordinates":[[85.34419452937338,27.681577422712117],[85.34419825239438,27.681596701583977]]}},{"type":"Feature","properties":{},"geometry":{"type":"LineString","coordinates":[[85.3443246895099,27.681506133437765],[85.34432239726716,27.681496046150578]]}},{"type":"Feature","properties":{},"geometry":{"type":"LineString","coordinates":[[85.34434126026221,27.681550405122792],[85.34433553736794,27.681566314655296]]}},{"type":"Feature","properties":{},"geometry":{"type":"LineString","coordinates":[[85.344512058027,27.681508255777754],[85.34451483149613,27.6815180988063]]}},{"type":"Feature","properties":{},"geometry":{"type":"LineString","coordinates":[[85.34451851992537,27.68145268954998],[85.34451105730585,27.681439154979394]]}},{"type":"Feature","properties":{},"geometry":{"type":"LineString","coordinates":[[85.34480825973063,27.681411603126744],[85.34481020731128,27.681419605897293]]}},{"type":"Feature","properties":{},"geometry":{"type":"LineString","coordinates":[[85.34495333267283,27.681383237403015],[85.34495585797356,27.681391118009795]]}},{"type":"Feature","properties":{},"geometry":{"type":"LineString","coordinates":[[85.34502088492043,27.68133412874188],[85.34497231655986,27.68118524492388]]}},{"type":"Feature","properties":{},"geometry":{"type":"LineString","coordinates":[[85.34504764161538,27.681368816878376],[85.34504700706653,27.681379164320138]]}},{"type":"Feature","properties":{},"geometry":{"type":"LineString","coordinates":[[85.34513770860258,27.6812568858114],[85.34512945266604,27.68125763557154]]}},{"type":"Feature","properties":{},"geometry":{"type":"LineString","coordinates":[[85.34510172147748,27.681120475852094],[85.34509135575976,27.681102394746542]]}},{"type":"Feature","properties":{},"geometry":{"type":"LineString","coordinates":[[85.34525799226198,27.681341932086106],[85.34526181514612,27.68135150513943]]}},{"type":"Feature","properties":{},"geometry":{"type":"LineString","coordinates":[[85.34538303668704,27.680999518725457],[85.34537807706069,27.68101195355983]]}},{"type":"Feature","properties":{},"geometry":{"type":"LineString","coordinates":[[85.34537998902621,27.6809679767942],[85.34534796007233,27.680973792920987]]}},{"type":"Feature","properties":{},"geometry":{"type":"LineString","coordinates":[[85.34565179983706,27.6811831582441],[85.34564485775002,27.681168779739895]]}},{"type":"Feature","properties":{},"geometry":{"type":"LineString","coordinates":[[85.34584684124872,27.681105387687847],[85.3458666383812,27.681095787161542]]}},{"type":"Feature","properties":{},"geometry":{"type":"LineString","coordinates":[[85.3454931946037,27.681409398297944],[85.34548171599684,27.6814143606211]]}},{"type":"Feature","properties":{},"geometry":{"type":"LineString","coordinates":[[85.34553270729579,27.681538554922327],[85.34551793313096,27.681546242410718]]}},{"type":"Feature","properties":{},"geometry":{"type":"LineString","coordinates":[[85.34557470537356,27.681706904031323],[85.34556476919464,27.681710764712623]]}},{"type":"Feature","properties":{},"geometry":{"type":"LineString","coordinates":[[85.3455959089169,27.68178286099526],[85.34558465111436,27.681785750084337]]}},{"type":"Feature","properties":{},"geometry":{"type":"LineString","coordinates":[[85.34566948214253,27.682010041273518],[85.34565465566916,27.682013728924]]}},{"type":"Feature","properties":{},"geometry":{"type":"LineString","coordinates":[[85.34573428559688,27.68212899507618],[85.34572201604568,27.68213416368062]]}},{"type":"Feature","properties":{},"geometry":{"type":"LineString","coordinates":[[85.3458073587972,27.68221192010961],[85.34579806964857,27.68222007116218]]}},{"type":"Feature","properties":{},"geometry":{"type":"LineString","coordinates":[[85.34592699099076,27.68142732994712],[85.34593447883273,27.681439538893137]]}},{"type":"Feature","properties":{},"geometry":{"type":"LineString","coordinates":[[85.34588715439348,27.68130638461757],[85.34588489413466,27.681302911664822]]}},{"type":"Feature","properties":{},"geometry":{"type":"LineString","coordinates":[[85.34581580401428,27.68132889424998],[85.34581377977067,27.681325233675587]]}},{"type":"Feature","properties":{},"geometry":{"type":"LineString","coordinates":[[85.34620319612613,27.681116828378116],[85.34626294280025,27.681139472069706]]}},{"type":"Feature","properties":{},"geometry":{"type":"LineString","coordinates":[[85.34619964511698,27.681090820337854],[85.34636096449871,27.681100731363173]]}},{"type":"Feature","properties":{},"geometry":{"type":"LineString","coordinates":[[85.34619946113047,27.681087016574143],[85.34646932966574,27.681095692773855]]}},{"type":"Feature","properties":{},"geometry":{"type":"LineString","coordinates":[[85.34619933717082,27.681082862432817],[85.34626732149225,27.681078579240197]]}},{"type":"Feature","properties":{},"geometry":{"type":"LineString","coordinates":[[85.34619490319726,27.681064519187704],[85.3461851140907,27.681065218212918]]}},{"type":"Feature","properties":{},"geometry":{"type":"LineString","coordinates":[[85.34618684563267,27.68098252502469],[85.34618343564662,27.680981273980226]]}},{"type":"Feature","properties":{},"geometry":{"type":"LineString","coordinates":[[85.34617552255848,27.681736467397343],[85.34608721598596,27.68173867296202]]}},{"type":"Feature","properties":{},"geometry":{"type":"LineString","coordinates":[[85.34617516953647,27.681739104963864],[85.34599412884897,27.681748093275377]]}},{"type":"Feature","properties":{},"geometry":{"type":"LineString","coordinates":[[85.3461745622217,27.681745161986854],[85.34599492262464,27.681783017234626]]}},{"type":"Feature","properties":{},"geometry":{"type":"LineString","coordinates":[[85.34646514047097,27.681831563664932],[85.34645457593764,27.68183325618945]]}},{"type":"Feature","properties":{},"geometry":{"type":"LineString","coordinates":[[85.3464756919184,27.681941786147842],[85.34647104731009,27.681953572235134]]}},{"type":"Feature","properties":{},"geometry":{"type":"LineString","coordinates":[[85.34647608907012,27.681942948868866],[85.34649992893358,27.681950888962213]]}},{"type":"Feature","properties":{},"geometry":{"type":"LineString","coordinates":[[85.34613608521711,27.681957128148778],[85.34614535775773,27.68195983281835]]}},{"type":"Feature","properties":{},"geometry":{"type":"LineString","coordinates":[[85.34605833088426,27.68220537643938],[85.34607210634697,27.682210210765582]]}},{"type":"Feature","properties":{},"geometry":{"type":"LineString","coordinates":[[85.34572155026908,27.681992857561927],[85.34585739922174,27.681935999862894]]}},{"type":"Feature","properties":{},"geometry":{"type":"LineString","coordinates":[[85.34563578254853,27.681934432368372],[85.34543258961367,27.681981902057]]}},{"type":"Feature","properties":{},"geometry":{"type":"LineString","coordinates":[[85.34587462854941,27.682280126410063],[85.34586816281555,27.682284387776328]]}},{"type":"Feature","properties":{},"geometry":{"type":"LineString","coordinates":[[85.3459171556163,27.682338947545677],[85.34590632600165,27.682341474432597]]}},{"type":"Feature","properties":{},"geometry":{"type":"LineString","coordinates":[[85.34565465022223,27.682427376570033],[85.34565208166106,27.682423706783997]]}},{"type":"Feature","properties":{},"geometry":{"type":"LineString","coordinates":[[85.34564630382728,27.68243089341675],[85.34564969238808,27.682435990010337]]}},{"type":"Feature","properties":{},"geometry":{"type":"LineString","coordinates":[[85.34562498993826,27.682437921550925],[85.34563209180432,27.68245320632573]]}},{"type":"Feature","properties":{},"geometry":{"type":"LineString","coordinates":[[85.34543983573985,27.682498167556414],[85.34542691496922,27.682491785566175]]}},{"type":"Feature","properties":{},"geometry":{"type":"LineString","coordinates":[[85.34549880483699,27.682627518704514],[85.34548614628403,27.682630778245784]]}},{"type":"Feature","properties":{},"geometry":{"type":"LineString","coordinates":[[85.34554152331249,27.6827162123237],[85.34555231190265,27.68271997488866]]}},{"type":"Feature","properties":{},"geometry":{"type":"LineString","coordinates":[[85.34554361148655,27.682718457555453],[85.34555463795884,27.682755472217387]]}},{"type":"Feature","properties":{},"geometry":{"type":"LineString","coordinates":[[85.34600287426292,27.682401534578766],[85.34601343827565,27.682398804145148]]}},{"type":"Feature","properties":{},"geometry":{"type":"LineString","coordinates":[[85.34592873822331,27.68289295559422],[85.3459143915794,27.682906305445083]]}},{"type":"Feature","properties":{},"geometry":{"type":"LineString","coordinates":[[85.34592982694116,27.68289229438724],[85.34588582108059,27.682885030345386]]}},{"type":"Feature","properties":{},"geometry":{"type":"LineString","coordinates":[[85.3460977459159,27.682732801749847],[85.34609547797145,27.682743629708213]]}},{"type":"Feature","properties":{},"geometry":{"type":"LineString","coordinates":[[85.34621269200609,27.68277228566433],[85.34619924500343,27.682775926663023]]}},{"type":"Feature","properties":{},"geometry":{"type":"LineString","coordinates":[[85.34643213462111,27.68329203882101],[85.34642307672564,27.683286452161035]]}},{"type":"Feature","properties":{},"geometry":{"type":"LineString","coordinates":[[85.34631587145772,27.683414688945163],[85.34630812029384,27.683408708119753]]}},{"type":"Feature","properties":{},"geometry":{"type":"LineString","coordinates":[[85.34631452652579,27.683416003253996],[85.3463077773197,27.68340926541438]]}},{"type":"Feature","properties":{},"geometry":{"type":"LineString","coordinates":[[85.34556414061123,27.68372384399065],[85.34559203293594,27.683677591764525]]}},{"type":"Feature","properties":{},"geometry":{"type":"LineString","coordinates":[[85.34575500254732,27.683385740246962],[85.34575281380378,27.683388888393083]]}},{"type":"Feature","properties":{},"geometry":{"type":"LineString","coordinates":[[85.34568449185716,27.68335433117832],[85.345680269614,27.683363578874978]]}},{"type":"Feature","properties":{},"geometry":{"type":"LineString","coordinates":[[85.34557599375319,27.68331046431084],[85.3455697931978,27.683320602661112]]}},{"type":"Feature","properties":{},"geometry":{"type":"LineString","coordinates":[[85.34531078259768,27.683033801740436],[85.34530529897395,27.683031220802956]]}},{"type":"Feature","properties":{},"geometry":{"type":"LineString","coordinates":[[85.34517381983922,27.683183184572226],[85.34517008577902,27.683201675743046]]}},{"type":"Feature","properties":{},"geometry":{"type":"LineString","coordinates":[[85.34437910340759,27.681662786128943],[85.34435067629451,27.68165772234244]]}},{"type":"Feature","properties":{},"geometry":{"type":"LineString","coordinates":[[85.34452797011485,27.681885796392418],[85.34453185243424,27.681892904392026]]}},{"type":"Feature","properties":{},"geometry":{"type":"LineString","coordinates":[[85.3447122293398,27.681821325051462],[85.34471655479219,27.681829235299]]}},{"type":"Feature","properties":{},"geometry":{"type":"LineString","coordinates":[[85.34465537396656,27.681841383569196],[85.34465784433694,27.68184772917931]]}},{"type":"Feature","properties":{},"geometry":{"type":"LineString","coordinates":[[85.34448011251095,27.682029749698735],[85.34445583944847,27.682033802658434]]}},{"type":"Feature","properties":{},"geometry":{"type":"LineString","coordinates":[[85.34448121578589,27.68203793733288],[85.34449002744776,27.68203570413663]]}},{"type":"Feature","properties":{},"geometry":{"type":"LineString","coordinates":[[85.34449527081642,27.682095617081735],[85.34450194006641,27.682094064977896]]}},{"type":"Feature","properties":{},"geometry":{"type":"LineString","coordinates":[[85.3445287667572,27.682312935874386],[85.34453643896364,27.682309485949645]]}},{"type":"Feature","properties":{},"geometry":{"type":"LineString","coordinates":[[85.34453283667027,27.68232111835243],[85.344539264653,27.68231916172619]]}},{"type":"Feature","properties":{},"geometry":{"type":"LineString","coordinates":[[85.34461725804712,27.682492588565523],[85.34459944826936,27.682510017954485]]}},{"type":"Feature","properties":{},"geometry":{"type":"LineString","coordinates":[[85.34444141862512,27.6825424830235],[85.34444081096713,27.682561797670132]]}},{"type":"Feature","properties":{},"geometry":{"type":"LineString","coordinates":[[85.3444113295414,27.682524246433836],[85.34439151989832,27.682526786798533]]}},{"type":"Feature","properties":{},"geometry":{"type":"LineString","coordinates":[[85.34420676510493,27.68244410359579],[85.3441856484067,27.682450151882207]]}},{"type":"Feature","properties":{},"geometry":{"type":"LineString","coordinates":[[85.34473807421224,27.682572098176077],[85.3447352707848,27.68257855855952]]}},{"type":"Feature","properties":{},"geometry":{"type":"LineString","coordinates":[[85.34491427092894,27.682586583297475],[85.34491303272111,27.682612823846586]]}},{"type":"Feature","properties":{},"geometry":{"type":"LineString","coordinates":[[85.34489877144252,27.682561340423025],[85.34488931486743,27.682563577670457]]}},{"type":"Feature","properties":{},"geometry":{"type":"LineString","coordinates":[[85.34484863170395,27.6824091362469],[85.34484018240909,27.68240851630422]]}},{"type":"Feature","properties":{},"geometry":{"type":"LineString","coordinates":[[85.34480187088984,27.68227497661626],[85.34479897941847,27.682275645151886]]}},{"type":"Feature","properties":{},"geometry":{"type":"LineString","coordinates":[[85.3447665353696,27.68216656533878],[85.34476065287093,27.68216636958182]]}},{"type":"Feature","properties":{},"geometry":{"type":"LineString","coordinates":[[85.34475535209931,27.68211872439668],[85.34474883549194,27.682118222315086]]}},{"type":"Feature","properties":{},"geometry":{"type":"LineString","coordinates":[[85.34500274404542,27.68260343344576],[85.3450047682611,27.68258235136793]]}},{"type":"Feature","properties":{},"geometry":{"type":"LineString","coordinates":[[85.345064435319,27.68188879675834],[85.34507444507243,27.68189397789512]]}},{"type":"Feature","properties":{},"geometry":{"type":"LineString","coordinates":[[85.34501932965635,27.681873882788366],[85.34501994516211,27.681880600645666]]}},{"type":"Feature","properties":{},"geometry":{"type":"LineString","coordinates":[[85.34491254326245,27.682024558335158],[85.34488775416703,27.682032241601856]]}},{"type":"Feature","properties":{},"geometry":{"type":"LineString","coordinates":[[85.34491596806795,27.68203457701532],[85.34489097001942,27.68204011511815]]}},{"type":"Feature","properties":{},"geometry":{"type":"LineString","coordinates":[[85.34494532790967,27.682122420713384],[85.34492158255848,27.682132356601247]]}},{"type":"Feature","properties":{},"geometry":{"type":"LineString","coordinates":[[85.34497390264205,27.68219644140785],[85.34494977499098,27.682207255431287]]}},{"type":"Feature","properties":{},"geometry":{"type":"LineString","coordinates":[[85.34505137495974,27.68240554434026],[85.34502506193371,27.68241437191113]]}},{"type":"Feature","properties":{},"geometry":{"type":"LineString","coordinates":[[85.34529310445572,27.6827952210402],[85.34528536937964,27.68280425256278]]}},{"type":"Feature","properties":{},"geometry":{"type":"LineString","coordinates":[[85.34530024403061,27.682798116897764],[85.34529095984476,27.682807412412934]]}},{"type":"Feature","properties":{},"geometry":{"type":"LineString","coordinates":[[85.34532946225585,27.682817844749135],[85.34542724406326,27.682772137783843]]}},{"type":"Feature","properties":{},"geometry":{"type":"LineString","coordinates":[[85.34506969956202,27.68263396098624],[85.34507280137154,27.682637094718267]]}},{"type":"Feature","properties":{},"geometry":{"type":"LineString","coordinates":[[85.34506879152077,27.682651485891796],[85.34504488567563,27.682653971086577]]}},{"type":"Feature","properties":{},"geometry":{"type":"LineString","coordinates":[[85.34508120390709,27.682789489667737],[85.34506381917778,27.682790228719554]]}},{"type":"Feature","properties":{},"geometry":{"type":"LineString","coordinates":[[85.34508089945055,27.68279461976685],[85.34506370173422,27.682793647099892]]}},{"type":"Feature","properties":{},"geometry":{"type":"LineString","coordinates":[[85.34526307697973,27.68347717908533],[85.34525762890482,27.683475601309556]]}},{"type":"Feature","properties":{},"geometry":{"type":"LineString","coordinates":[[85.34515309044198,27.683805780628965],[85.34514574435534,27.683805011423427]]}},{"type":"Feature","properties":{},"geometry":{"type":"LineString","coordinates":[[85.3451375793897,27.683861375937234],[85.34512969568952,27.683862640985165]]}},{"type":"Feature","properties":{},"geometry":{"type":"LineString","coordinates":[[85.3451029594597,27.684094038224927],[85.34509622720948,27.684101710732918]]}},{"type":"Feature","properties":{},"geometry":{"type":"LineString","coordinates":[[85.3447664620692,27.683122253586077],[85.34476502784547,27.683130697904176]]}},{"type":"Feature","properties":{},"geometry":{"type":"LineString","coordinates":[[85.34466071612428,27.682868047639626],[85.34469119435892,27.68284859088622]]}},{"type":"Feature","properties":{},"geometry":{"type":"LineString","coordinates":[[85.34460481320438,27.683205530051755],[85.34459615349397,27.683204875085366]]}},{"type":"Feature","properties":{},"geometry":{"type":"LineString","coordinates":[[85.34459589930808,27.683372841245188],[85.3445846108072,27.683372308291325]]}},{"type":"Feature","properties":{},"geometry":{"type":"LineString","coordinates":[[85.34459216131908,27.683383721098853],[85.34458342478472,27.683383318831094]]}},{"type":"Feature","properties":{},"geometry":{"type":"LineString","coordinates":[[85.34458501199704,27.683537219909468],[85.34457287567585,27.683536499016963]]}},{"type":"Feature","properties":{},"geometry":{"type":"LineString","coordinates":[[85.34457960651733,27.683640840876325],[85.34463202634359,27.68365646428986]]}},{"type":"Feature","properties":{},"geometry":{"type":"LineString","coordinates":[[85.34457206556459,27.68367961117057],[85.34456458139364,27.683677108280076]]}},{"type":"Feature","properties":{},"geometry":{"type":"LineString","coordinates":[[85.3445705856344,27.683766235198167],[85.34455859742631,27.683766246241387]]}},{"type":"Feature","properties":{},"geometry":{"type":"LineString","coordinates":[[85.34456884266977,27.683780694964952],[85.34462085666792,27.683793316146886]]}},{"type":"Feature","properties":{},"geometry":{"type":"LineString","coordinates":[[85.34444640071082,27.683088347712232],[85.34444722916432,27.68309916120494]]}},{"type":"Feature","properties":{},"geometry":{"type":"LineString","coordinates":[[85.34415476380674,27.683081493873793],[85.34415402398987,27.6830910837061]]}},{"type":"Feature","properties":{},"geometry":{"type":"LineString","coordinates":[[85.34409207963643,27.68307704575695],[85.34409126839513,27.683088009326738]]}},{"type":"Feature","properties":{},"geometry":{"type":"LineString","coordinates":[[85.34383376524087,27.68308936370132],[85.34383855819726,27.683101767070273]]}},{"type":"Feature","properties":{},"geometry":{"type":"LineString","coordinates":[[85.34372736210865,27.68310621460544],[85.34372641515759,27.683115150312215]]}},{"type":"Feature","properties":{},"geometry":{"type":"LineString","coordinates":[[85.34353195887225,27.68314353867596],[85.3435353913091,27.68315344826801]]}},{"type":"Feature","properties":{},"geometry":{"type":"LineString","coordinates":[[85.3434651845417,27.68315610055292],[85.3434721436442,27.683168802413466]]}},{"type":"Feature","properties":{},"geometry":{"type":"LineString","coordinates":[[85.34339824969693,27.683148799748864],[85.3433657812321,27.68316729645108]]}},{"type":"Feature","properties":{},"geometry":{"type":"LineString","coordinates":[[85.34334970318875,27.68306211529814],[85.34333289927565,27.683062120982814]]}},{"type":"Feature","properties":{},"geometry":{"type":"LineString","coordinates":[[85.34334680851998,27.68295860993382],[85.34333637313745,27.682955967884414]]}},{"type":"Feature","properties":{},"geometry":{"type":"LineString","coordinates":[[85.34396230516124,27.683019223378622],[85.34396374317743,27.683005491946336]]}},{"type":"Feature","properties":{},"geometry":{"type":"LineString","coordinates":[[85.34388314165338,27.682919965948418],[85.34387660654613,27.68291833540894]]}},{"type":"Feature","properties":{},"geometry":{"type":"LineString","coordinates":[[85.34359548742646,27.683131404568854],[85.3435985356856,27.683144130952744]]}},{"type":"Feature","properties":{},"geometry":{"type":"LineString","coordinates":[[85.34403203491608,27.68267126095576],[85.34403156707823,27.68266833379002]]}},{"type":"Feature","properties":{},"geometry":{"type":"LineString","coordinates":[[85.34408497113036,27.682649529451066],[85.34409331699386,27.682662852574815]]}},{"type":"Feature","properties":{},"geometry":{"type":"LineString","coordinates":[[85.34411746548113,27.682636220768604],[85.34416282101921,27.682623561343338]]}},{"type":"Feature","properties":{},"geometry":{"type":"LineString","coordinates":[[85.34352230606652,27.683399268764198],[85.34349845964013,27.683398946546543]]}},{"type":"Feature","properties":{},"geometry":{"type":"LineString","coordinates":[[85.3435241332901,27.683415040207578],[85.34350584499983,27.68341491263086]]}},{"type":"Feature","properties":{},"geometry":{"type":"LineString","coordinates":[[85.34353538556643,27.683475006980753],[85.34351647574466,27.683481195273487]]}},{"type":"Feature","properties":{},"geometry":{"type":"LineString","coordinates":[[85.34358103274758,27.683728293665602],[85.34356489401026,27.683748373841066]]}},{"type":"Feature","properties":{},"geometry":{"type":"LineString","coordinates":[[85.34340533194111,27.682925490298025],[85.34343036995638,27.682928808823565]]}},{"type":"Feature","properties":{},"geometry":{"type":"LineString","coordinates":[[85.34310903490925,27.683201786811054],[85.3430945431938,27.68320396911132]]}},{"type":"Feature","properties":{},"geometry":{"type":"LineString","coordinates":[[85.34311856924825,27.682724404944523],[85.34311361715737,27.68272530331348]]}},{"type":"Feature","properties":{},"geometry":{"type":"LineString","coordinates":[[85.3431096068883,27.682717474409635],[85.34310572525993,27.682720197915263]]}},{"type":"Feature","properties":{},"geometry":{"type":"LineString","coordinates":[[85.34313305953235,27.682923868802934],[85.34312836365115,27.68291377169933]]}},{"type":"Feature","properties":{},"geometry":{"type":"LineString","coordinates":[[85.34297981957559,27.68302650265987],[85.34297871071236,27.683034541087856]]}},{"type":"Feature","properties":{},"geometry":{"type":"LineString","coordinates":[[85.34279620526752,27.682771342114513],[85.34285702679597,27.68278908121362]]}},{"type":"Feature","properties":{},"geometry":{"type":"LineString","coordinates":[[85.34279503765227,27.682768565422254],[85.34286133936992,27.68277332726735]]}},{"type":"Feature","properties":{},"geometry":{"type":"LineString","coordinates":[[85.3427242201716,27.68271149788647],[85.34272028134569,27.682714584426268]]}},{"type":"Feature","properties":{},"geometry":{"type":"LineString","coordinates":[[85.34264586158451,27.683022714328217],[85.34264180166993,27.683013004795527]]}},{"type":"Feature","properties":{},"geometry":{"type":"LineString","coordinates":[[85.3441540182571,27.683001343450385],[85.34412901223203,27.682999732169453]]}},{"type":"Feature","properties":{},"geometry":{"type":"LineString","coordinates":[[85.34435291232444,27.683343125403987],[85.34436011919213,27.683342703418138]]}},{"type":"Feature","properties":{},"geometry":{"type":"LineString","coordinates":[[85.34435677363261,27.683370582173087],[85.34433350985529,27.683374179642602]]}},{"type":"Feature","properties":{},"geometry":{"type":"LineString","coordinates":[[85.34436148651909,27.683410948444852],[85.34436738295034,27.683432875215555]]}},{"type":"Feature","properties":{},"geometry":{"type":"LineString","coordinates":[[85.34402036221972,27.68330091645164],[85.34402518049099,27.683300690659735]]}},{"type":"Feature","properties":{},"geometry":{"type":"LineString","coordinates":[[85.34402803689999,27.68337539231814],[85.34403330195796,27.683375255805796]]}},{"type":"Feature","properties":{},"geometry":{"type":"LineString","coordinates":[[85.34403963016288,27.683500336293207],[85.34404408803178,27.683499470792754]]}},{"type":"Feature","properties":{},"geometry":{"type":"LineString","coordinates":[[85.34385278005865,27.68408070693249],[85.3438391112001,27.68408223757412]]}},{"type":"Feature","properties":{},"geometry":{"type":"LineString","coordinates":[[85.34385255246646,27.684086718839172],[85.34384253720911,27.684107761288185]]}},{"type":"Feature","properties":{},"geometry":{"type":"LineString","coordinates":[[85.34406580972515,27.683876689976266],[85.34406003549012,27.683876906143826]]}},{"type":"Feature","properties":{},"geometry":{"type":"LineString","coordinates":[[85.34406690788066,27.683884543604623],[85.34406067098334,27.683885117970178]]}},{"type":"Feature","properties":{},"geometry":{"type":"LineString","coordinates":[[85.34407952587564,27.684034240669938],[85.34407175644705,27.684032903150953]]}},{"type":"Feature","properties":{},"geometry":{"type":"LineString","coordinates":[[85.34408414101533,27.684114275790563],[85.34407891214627,27.68411402734528]]}},{"type":"Feature","properties":{},"geometry":{"type":"LineString","coordinates":[[85.34409116923756,27.684212182378182],[85.34408661054205,27.68421300876631]]}},{"type":"Feature","properties":{},"geometry":{"type":"LineString","coordinates":[[85.3443531238896,27.683915915792987],[85.34433242358823,27.683920621554527]]}},{"type":"Feature","properties":{},"geometry":{"type":"LineString","coordinates":[[85.3443915535965,27.684020040001514],[85.34439523776393,27.68403181906823]]}},{"type":"Feature","properties":{},"geometry":{"type":"LineString","coordinates":[[85.34442690289444,27.684024441936973],[85.3444281114044,27.684032576674547]]}},{"type":"Feature","properties":{},"geometry":{"type":"LineString","coordinates":[[85.34454400129543,27.684101218595142],[85.34477427402892,27.684124947177718]]}},{"type":"Feature","properties":{},"geometry":{"type":"LineString","coordinates":[[85.34466505243046,27.684238396286315],[85.34466579890724,27.684262377081257]]}},{"type":"Feature","properties":{},"geometry":{"type":"LineString","coordinates":[[85.34477781497496,27.684244712580405],[85.34479393114388,27.68426168279561]]}},{"type":"Feature","properties":{},"geometry":{"type":"LineString","coordinates":[[85.34432797886842,27.684478375618006],[85.34432875177286,27.68450463206966]]}},{"type":"Feature","properties":{},"geometry":{"type":"LineString","coordinates":[[85.34420811979975,27.684491492768235],[85.34421018158085,27.68451383400066]]}},{"type":"Feature","properties":{},"geometry":{"type":"LineString","coordinates":[[85.34407935854921,27.684502814693126],[85.34408755149104,27.684536226870257]]}},{"type":"Feature","properties":{},"geometry":{"type":"LineString","coordinates":[[85.34401992979954,27.684512702820342],[85.34402469886993,27.684544500907357]]}},{"type":"Feature","properties":{},"geometry":{"type":"LineString","coordinates":[[85.34393493920558,27.68452876470822],[85.34391665639727,27.68453135213158]]}},{"type":"Feature","properties":{},"geometry":{"type":"LineString","coordinates":[[85.3445901283368,27.68470593512971],[85.34457904566031,27.684707409206844]]}},{"type":"Feature","properties":{},"geometry":{"type":"LineString","coordinates":[[85.34460922700485,27.684899311166554],[85.3445846204971,27.684894441089693]]}},{"type":"Feature","properties":{},"geometry":{"type":"LineString","coordinates":[[85.3445647086007,27.684531485932425],[85.3445897695494,27.684531294496324]]}},{"type":"Feature","properties":{},"geometry":{"type":"LineString","coordinates":[[85.34460028905977,27.685008038969038],[85.34459027507965,27.685020127235223]]}},{"type":"Feature","properties":{},"geometry":{"type":"LineString","coordinates":[[85.34460300057864,27.685196625117314],[85.34448605129738,27.685198673126248]]}},{"type":"Feature","properties":{},"geometry":{"type":"LineString","coordinates":[[85.34466245630877,27.68521521901191],[85.34466880698913,27.685237421965557]]}},{"type":"Feature","properties":{},"geometry":{"type":"LineString","coordinates":[[85.3447143343756,27.685210748667863],[85.34472159268552,27.68522312461431]]}},{"type":"Feature","properties":{},"geometry":{"type":"LineString","coordinates":[[85.34480958193699,27.685209540411485],[85.34482650821445,27.685196603304263]]}},{"type":"Feature","properties":{},"geometry":{"type":"LineString","coordinates":[[85.34773788865195,27.684198542061743],[85.34772612175597,27.684213750552757]]}},{"type":"Feature","properties":{},"geometry":{"type":"LineString","coordinates":[[85.34768808672794,27.68414959616793],[85.3476777584402,27.684163261298366]]}},{"type":"Feature","properties":{},"geometry":{"type":"LineString","coordinates":[[85.34756486857819,27.684165591432105],[85.34756692086569,27.68416753114291]]}},{"type":"Feature","properties":{},"geometry":{"type":"LineString","coordinates":[[85.34750975990258,27.684216386825092],[85.34749600694282,27.684232729577808]]}},{"type":"Feature","properties":{},"geometry":{"type":"LineString","coordinates":[[85.34750945689711,27.68421644458354],[85.34748902030029,27.68423421124652]]}},{"type":"Feature","properties":{},"geometry":{"type":"LineString","coordinates":[[85.34735316720729,27.683929429699056],[85.34734914476412,27.683939151870778]]}},{"type":"Feature","properties":{},"geometry":{"type":"LineString","coordinates":[[85.34722414786687,27.683774414914456],[85.34721523231842,27.683780174231433]]}},{"type":"Feature","properties":{},"geometry":{"type":"LineString","coordinates":[[85.34720084747984,27.68374314397673],[85.34718960943441,27.683748480256185]]}},{"type":"Feature","properties":{},"geometry":{"type":"LineString","coordinates":[[85.34715524894726,27.68367962665484],[85.34714513116084,27.683684766004614]]}},{"type":"Feature","properties":{},"geometry":{"type":"LineString","coordinates":[[85.34714273582767,27.683667972437355],[85.34718563674559,27.68362859504756]]}},{"type":"Feature","properties":{},"geometry":{"type":"LineString","coordinates":[[85.34700482400498,27.68353782506571],[85.34699930009886,27.68354653107985]]}},{"type":"Feature","properties":{},"geometry":{"type":"LineString","coordinates":[[85.34695026234422,27.683499126596875],[85.34694267747756,27.683504316020255]]}},{"type":"Feature","properties":{},"geometry":{"type":"LineString","coordinates":[[85.34692003095641,27.683453739946614],[85.3469649554759,27.68343718805326]]}},{"type":"Feature","properties":{},"geometry":{"type":"LineString","coordinates":[[85.346851610182,27.683352411916417],[85.3470559912972,27.683267719438287]]}},{"type":"Feature","properties":{},"geometry":{"type":"LineString","coordinates":[[85.34655867777856,27.683020811590136],[85.34654365031315,27.68302410432061]]}},{"type":"Feature","properties":{},"geometry":{"type":"LineString","coordinates":[[85.34669416435406,27.68435780941037],[85.34666240187946,27.684363641626668]]}},{"type":"Feature","properties":{},"geometry":{"type":"LineString","coordinates":[[85.34667703667238,27.684278337966663],[85.34666564438616,27.68428334112129]]}},{"type":"Feature","properties":{},"geometry":{"type":"LineString","coordinates":[[85.34667861658757,27.68431082627841],[85.34655385519068,27.684351037640404]]}},{"type":"Feature","properties":{},"geometry":{"type":"LineString","coordinates":[[85.34667790044293,27.68430660911073],[85.34654075176466,27.68432600585806]]}},{"type":"Feature","properties":{},"geometry":{"type":"LineString","coordinates":[[85.3466647671918,27.684250442412427],[85.34679069460175,27.68421822706895]]}},{"type":"Feature","properties":{},"geometry":{"type":"LineString","coordinates":[[85.34666350968575,27.68424568356629],[85.34682798118028,27.68420138730123]]}},{"type":"Feature","properties":{},"geometry":{"type":"LineString","coordinates":[[85.34664491470632,27.684141394169085],[85.34662519627562,27.68414553526355]]}},{"type":"Feature","properties":{},"geometry":{"type":"LineString","coordinates":[[85.34643634550973,27.68409680259249],[85.34642704482353,27.684103356019957]]}},{"type":"Feature","properties":{},"geometry":{"type":"LineString","coordinates":[[85.3464792549201,27.684067185778712],[85.34648281931617,27.684071653566317]]}},{"type":"Feature","properties":{},"geometry":{"type":"LineString","coordinates":[[85.34455220670124,27.68527689143562],[85.34454165621499,27.68527850273981]]}},{"type":"Feature","properties":{},"geometry":{"type":"LineString","coordinates":[[85.34458783432015,27.6854446889627],[85.34457937822962,27.685447730582567]]}},{"type":"Feature","properties":{},"geometry":{"type":"LineString","coordinates":[[85.34459978264583,27.685480337405586],[85.34465365884049,27.685470648931187]]}},{"type":"Feature","properties":{},"geometry":{"type":"LineString","coordinates":[[85.34460987812506,27.685561052654652],[85.3445963653959,27.68556378201982]]}},{"type":"Feature","properties":{},"geometry":{"type":"LineString","coordinates":[[85.34461295032362,27.68556655705677],[85.34466686634286,27.685550534019036]]}},{"type":"Feature","properties":{},"geometry":{"type":"LineString","coordinates":[[85.3446559693522,27.685779190703673],[85.34460159704666,27.685779412659507]]}},{"type":"Feature","properties":{},"geometry":{"type":"LineString","coordinates":[[85.34465540987419,27.685774876120046],[85.34462397334052,27.685776273882542]]}},{"type":"Feature","properties":{},"geometry":{"type":"LineString","coordinates":[[85.34467150673932,27.68585666042065],[85.34472105739611,27.685850161300138]]}},{"type":"Feature","properties":{},"geometry":{"type":"LineString","coordinates":[[85.34435693132647,27.686077962993075],[85.34435763149916,27.686074899968496]]}},{"type":"Feature","properties":{},"geometry":{"type":"LineString","coordinates":[[85.34375995471942,27.68545709641811],[85.34374330122378,27.68543306980091]]}},{"type":"Feature","properties":{},"geometry":{"type":"LineString","coordinates":[[85.3438353518458,27.685439609428787],[85.3438376011465,27.685443271819267]]}},{"type":"Feature","properties":{},"geometry":{"type":"LineString","coordinates":[[85.34392947812495,27.685419326411786],[85.34393112597238,27.685424347174603]]}},{"type":"Feature","properties":{},"geometry":{"type":"LineString","coordinates":[[85.34404623442951,27.68539702323611],[85.34404334351883,27.68540147888103]]}},{"type":"Feature","properties":{},"geometry":{"type":"LineString","coordinates":[[85.34407084927994,27.685393080962367],[85.34406659709072,27.685366333440047]]}},{"type":"Feature","properties":{},"geometry":{"type":"LineString","coordinates":[[85.3440760037095,27.685390270662875],[85.34410619667626,27.685370153599234]]}},{"type":"Feature","properties":{},"geometry":{"type":"LineString","coordinates":[[85.34387690148262,27.685404708088466],[85.34388391989532,27.685403816354707]]}},{"type":"Feature","properties":{},"geometry":{"type":"LineString","coordinates":[[85.34386051655447,27.68533137269522],[85.3438281290556,27.685331027807937]]}},{"type":"Feature","properties":{},"geometry":{"type":"LineString","coordinates":[[85.34384687793036,27.685269010914897],[85.34385413141956,27.685266918887564]]}},{"type":"Feature","properties":{},"geometry":{"type":"LineString","coordinates":[[85.34384039337253,27.685228144195634],[85.34379081222568,27.68522713970326]]}},{"type":"Feature","properties":{},"geometry":{"type":"LineString","coordinates":[[85.34355792720478,27.685462470137374],[85.34358057983387,27.68545942599114]]}},{"type":"Feature","properties":{},"geometry":{"type":"LineString","coordinates":[[85.34382368150428,27.68510163175535],[85.34382910941612,27.68509924171566]]}},{"type":"Feature","properties":{},"geometry":{"type":"LineString","coordinates":[[85.34381780063627,27.68509137428835],[85.34379246776714,27.6850945940113]]}},{"type":"Feature","properties":{},"geometry":{"type":"LineString","coordinates":[[85.34379386651646,27.68499041796929],[85.3437995456968,27.68498709859598]]}},{"type":"Feature","properties":{},"geometry":{"type":"LineString","coordinates":[[85.34378397733671,27.684957951227428],[85.3437619768473,27.684958569920955]]}},{"type":"Feature","properties":{},"geometry":{"type":"LineString","coordinates":[[85.34376684176002,27.684875779856657],[85.34377348372946,27.68487490528684]]}},{"type":"Feature","properties":{},"geometry":{"type":"LineString","coordinates":[[85.34376284255822,27.684858811828953],[85.34374415684032,27.6848627653904]]}},{"type":"Feature","properties":{},"geometry":{"type":"LineString","coordinates":[[85.34375766434546,27.684844790984744],[85.34375267783636,27.6848320414255]]}},{"type":"Feature","properties":{},"geometry":{"type":"LineString","coordinates":[[85.34603856889238,27.683781479703665],[85.34607167333148,27.683811861557476]]}},{"type":"Feature","properties":{},"geometry":{"type":"LineString","coordinates":[[85.3459707474045,27.683903881254125],[85.3459567876594,27.6839031883453]]}},{"type":"Feature","properties":{},"geometry":{"type":"LineString","coordinates":[[85.34556477110155,27.683724256769803],[85.3456050583043,27.68366379384557]]}},{"type":"Feature","properties":{},"geometry":{"type":"LineString","coordinates":[[85.34568261803174,27.68378066803261],[85.34567668570244,27.683785319343677]]}},{"type":"Feature","properties":{},"geometry":{"type":"LineString","coordinates":[[85.34594193367374,27.68422406629195],[85.34595523761655,27.68423968505942]]}},{"type":"Feature","properties":{},"geometry":{"type":"LineString","coordinates":[[85.34599146340948,27.684298624073023],[85.34598514858412,27.684308135604173]]}},{"type":"Feature","properties":{},"geometry":{"type":"LineString","coordinates":[[85.34600237901081,27.684309174441402],[85.34600637053215,27.6843192738746]]}},{"type":"Feature","properties":{},"geometry":{"type":"LineString","coordinates":[[85.34547958564096,27.6840967735594],[85.34547687767035,27.684101340632697]]}},{"type":"Feature","properties":{},"geometry":{"type":"LineString","coordinates":[[85.3455625645083,27.684447449200395],[85.34556052666031,27.684451952075708]]}},{"type":"Feature","properties":{},"geometry":{"type":"LineString","coordinates":[[85.34524172799996,27.684381967095675],[85.34523950642529,27.684388568017564]]}},{"type":"Feature","properties":{},"geometry":{"type":"LineString","coordinates":[[85.3451552512324,27.684368178913644],[85.34515566837997,27.684372856428215]]}},{"type":"Feature","properties":{},"geometry":{"type":"LineString","coordinates":[[85.34503949466263,27.68436911618364],[85.3449984244447,27.68437341887582]]}},{"type":"Feature","properties":{},"geometry":{"type":"LineString","coordinates":[[85.34503070862304,27.684463163980983],[85.34500740777769,27.684463759214047]]}},{"type":"Feature","properties":{},"geometry":{"type":"LineString","coordinates":[[85.34502736875835,27.68446673700022],[85.34500434313853,27.68449843126673]]}},{"type":"Feature","properties":{},"geometry":{"type":"LineString","coordinates":[[85.3456338121084,27.684541465704324],[85.34561995119299,27.684539121360196]]}},{"type":"Feature","properties":{},"geometry":{"type":"LineString","coordinates":[[85.34561175137227,27.68466110037964],[85.3455924765433,27.68465995132755]]}},{"type":"Feature","properties":{},"geometry":{"type":"LineString","coordinates":[[85.34516791309193,27.684702199945775],[85.3451579149671,27.684733885633932]]}},{"type":"Feature","properties":{},"geometry":{"type":"LineString","coordinates":[[85.3453166555737,27.684684255418723],[85.34530620258248,27.684684986151552]]}},{"type":"Feature","properties":{},"geometry":{"type":"LineString","coordinates":[[85.34546649489349,27.684706066967397],[85.3454653592631,27.684710511122553]]}},{"type":"Feature","properties":{},"geometry":{"type":"LineString","coordinates":[[85.34562181876763,27.684715409178825],[85.34566200386503,27.68471777283884]]}},{"type":"Feature","properties":{},"geometry":{"type":"LineString","coordinates":[[85.34558730675474,27.68492817693864],[85.34556427444613,27.684925075894913]]}},{"type":"Feature","properties":{},"geometry":{"type":"LineString","coordinates":[[85.34554864588416,27.685070586939524],[85.34552844181084,27.68506664329401]]}},{"type":"Feature","properties":{},"geometry":{"type":"LineString","coordinates":[[85.34553664416929,27.68513813433039],[85.34550290823073,27.685133754648035]]}},{"type":"Feature","properties":{},"geometry":{"type":"LineString","coordinates":[[85.34575556259057,27.68521420841697],[85.34575992094437,27.685215778574698]]}},{"type":"Feature","properties":{},"geometry":{"type":"LineString","coordinates":[[85.3455180772661,27.685593484654074],[85.34555789254185,27.68563546612348]]}},{"type":"Feature","properties":{},"geometry":{"type":"LineString","coordinates":[[85.34540393967669,27.685674442241822],[85.34539152461839,27.685665293630723]]}},{"type":"Feature","properties":{},"geometry":{"type":"LineString","coordinates":[[85.34540486089735,27.685673056994666],[85.34539244647353,27.685664875028134]]}},{"type":"Feature","properties":{},"geometry":{"type":"LineString","coordinates":[[85.34540769551265,27.685669238754063],[85.34539262381124,27.685664813967993]]}},{"type":"Feature","properties":{},"geometry":{"type":"LineString","coordinates":[[85.34529021139879,27.68591168299438],[85.34528642132113,27.685887686596367]]}},{"type":"Feature","properties":{},"geometry":{"type":"LineString","coordinates":[[85.34525827811768,27.685921210599183],[85.34523235475298,27.68586863657566]]}},{"type":"Feature","properties":{},"geometry":{"type":"LineString","coordinates":[[85.34525137083358,27.685922530638432],[85.34522933297721,27.685870342401355]]}},{"type":"Feature","properties":{},"geometry":{"type":"LineString","coordinates":[[85.3452471843432,27.68592395087862],[85.34522391187728,27.685869792051374]]}},{"type":"Feature","properties":{},"geometry":{"type":"LineString","coordinates":[[85.34497816456712,27.685966595951815],[85.3449642419816,27.68594621142687]]}},{"type":"Feature","properties":{},"geometry":{"type":"LineString","coordinates":[[85.34490898833194,27.6859829502843],[85.34489357502125,27.685951830092648]]}},{"type":"Feature","properties":{},"geometry":{"type":"LineString","coordinates":[[85.34491783917981,27.685981769919564],[85.34489473823132,27.685951744713233]]}},{"type":"Feature","properties":{},"geometry":{"type":"LineString","coordinates":[[85.3455270296791,27.685865944946723],[85.34552020261881,27.685837934709898]]}},{"type":"Feature","properties":{},"geometry":{"type":"LineString","coordinates":[[85.34564087179116,27.685842529770635],[85.34563123099682,27.685812780998873]]}},{"type":"Feature","properties":{},"geometry":{"type":"LineString","coordinates":[[85.34566496986972,27.68583648530771],[85.34566238817489,27.685808863345567]]}},{"type":"Feature","properties":{},"geometry":{"type":"LineString","coordinates":[[85.3458770363357,27.685371825826973],[85.34590574350233,27.685410847720632]]}},{"type":"Feature","properties":{},"geometry":{"type":"LineString","coordinates":[[85.3458792782601,27.685370869721133],[85.34590611454001,27.685409908981548]]}},{"type":"Feature","properties":{},"geometry":{"type":"LineString","coordinates":[[85.34616052971761,27.68572478129096],[85.34613203665486,27.685685736731614]]}},{"type":"Feature","properties":{},"geometry":{"type":"LineString","coordinates":[[85.34663295351777,27.685606692565653],[85.34661086741008,27.685567693902144]]}},{"type":"Feature","properties":{},"geometry":{"type":"LineString","coordinates":[[85.3466813869762,27.685557369370308],[85.3466734001402,27.685554974310083]]}},{"type":"Feature","properties":{},"geometry":{"type":"LineString","coordinates":[[85.34675983253881,27.685419205737634],[85.34674714070184,27.685414425019182]]}},{"type":"Feature","properties":{},"geometry":{"type":"LineString","coordinates":[[85.34684886347556,27.685252464422593],[85.34685699487882,27.685234356932828]]}},{"type":"Feature","properties":{},"geometry":{"type":"LineString","coordinates":[[85.346867260583,27.685513010024895],[85.34685104703381,27.685457913110355]]}},{"type":"Feature","properties":{},"geometry":{"type":"LineString","coordinates":[[85.34696789961684,27.68547199875252],[85.34695585866287,27.68546701733129]]}},{"type":"Feature","properties":{},"geometry":{"type":"LineString","coordinates":[[85.34710800639296,27.685399810332907],[85.347094072627,27.685354362800872]]}},{"type":"Feature","properties":{},"geometry":{"type":"LineString","coordinates":[[85.34727468693606,27.685334023022445],[85.34726555373142,27.685309590144396]]}},{"type":"Feature","properties":{},"geometry":{"type":"LineString","coordinates":[[85.34727716038272,27.685329541565036],[85.347270431885,27.685310039166083]]}},{"type":"Feature","properties":{},"geometry":{"type":"LineString","coordinates":[[85.34738061306604,27.685273554954254],[85.34736355591458,27.685256958285315]]}},{"type":"Feature","properties":{},"geometry":{"type":"LineString","coordinates":[[85.34765491163664,27.68509582837547],[85.34764230728034,27.68508604501143]]}},{"type":"Feature","properties":{},"geometry":{"type":"LineString","coordinates":[[85.34794380295781,27.684876492357443],[85.34792103374997,27.68485247358942]]}},{"type":"Feature","properties":{},"geometry":{"type":"LineString","coordinates":[[85.34811449728544,27.684730405405844],[85.34809060606884,27.684710134234322]]}},{"type":"Feature","properties":{},"geometry":{"type":"LineString","coordinates":[[85.34830556732489,27.68454449133849],[85.34827810238374,27.684518749604457]]}},{"type":"Feature","properties":{},"geometry":{"type":"LineString","coordinates":[[85.34835426870542,27.684492037934017],[85.34833864007335,27.684483054333366]]}},{"type":"Feature","properties":{},"geometry":{"type":"LineString","coordinates":[[85.34836617991354,27.68447835281941],[85.34835029107438,27.684468200014113]]}},{"type":"Feature","properties":{},"geometry":{"type":"LineString","coordinates":[[85.3485954599957,27.68419676811488],[85.34858539996131,27.68418897372198]]}},{"type":"Feature","properties":{},"geometry":{"type":"LineString","coordinates":[[85.34844807411453,27.68427892309984],[85.34844971578623,27.684268803357742]]}},{"type":"Feature","properties":{},"geometry":{"type":"LineString","coordinates":[[85.34834827155936,27.684291475243874],[85.3483469529245,27.68428504685495]]}},{"type":"Feature","properties":{},"geometry":{"type":"LineString","coordinates":[[85.34828265128623,27.684307708555686],[85.34828080269325,27.684297891967088]]}},{"type":"Feature","properties":{},"geometry":{"type":"LineString","coordinates":[[85.34827917781746,27.68430709671476],[85.34827648140178,27.684299248418405]]}},{"type":"Feature","properties":{},"geometry":{"type":"LineString","coordinates":[[85.3482091087957,27.68432816878973],[85.3482066397579,27.684322458652414]]}},{"type":"Feature","properties":{},"geometry":{"type":"LineString","coordinates":[[85.34755212029611,27.68448011825271],[85.34754857510447,27.684484067959136]]}},{"type":"Feature","properties":{},"geometry":{"type":"LineString","coordinates":[[85.34766818459755,27.68460374343345],[85.34769019593429,27.684647385601014]]}},{"type":"Feature","properties":{},"geometry":{"type":"LineString","coordinates":[[85.34755471206228,27.684638143438672],[85.34757804406475,27.68467918486994]]}},{"type":"Feature","properties":{},"geometry":{"type":"LineString","coordinates":[[85.34748698906654,27.68465845880633],[85.34750421355639,27.68470211699129]]}},{"type":"Feature","properties":{},"geometry":{"type":"LineString","coordinates":[[85.34722830459181,27.684624016231744],[85.34721985542664,27.68462526020859]]}},{"type":"Feature","properties":{},"geometry":{"type":"LineString","coordinates":[[85.34721571630668,27.68451279023243],[85.34720353071583,27.684501328561453]]}},{"type":"Feature","properties":{},"geometry":{"type":"LineString","coordinates":[[85.34719480257351,27.68474865292433],[85.3472204827942,27.68480287809286]]}},{"type":"Feature","properties":{},"geometry":{"type":"LineString","coordinates":[[85.34577963651566,27.685130922026865],[85.34575899586983,27.685127218694934]]}},{"type":"Feature","properties":{},"geometry":{"type":"LineString","coordinates":[[85.34576920813261,27.68516553322068],[85.34577534039397,27.68516860927048]]}},{"type":"Feature","properties":{},"geometry":{"type":"LineString","coordinates":[[85.34581886333811,27.68500072307128],[85.3458401306212,27.685002134166385]]}},{"type":"Feature","properties":{},"geometry":{"type":"LineString","coordinates":[[85.34582356824042,27.684989659781643],[85.34584117610842,27.684993176152922]]}},{"type":"Feature","properties":{},"geometry":{"type":"LineString","coordinates":[[85.34583472394385,27.68496087424033],[85.34581126198779,27.684954594719827]]}},{"type":"Feature","properties":{},"geometry":{"type":"LineString","coordinates":[[85.34587109930105,27.684821612940368],[85.34585150074658,27.684815839874318]]}},{"type":"Feature","properties":{},"geometry":{"type":"LineString","coordinates":[[85.34614793554731,27.685204684802624],[85.34617130971189,27.685238594060817]]}},{"type":"Feature","properties":{},"geometry":{"type":"LineString","coordinates":[[85.34628047247232,27.685128682881462],[85.34619643568183,27.68502209299482]]}},{"type":"Feature","properties":{},"geometry":{"type":"LineString","coordinates":[[85.3463157066053,27.68510718142649],[85.34635043581177,27.685129888336018]]}},{"type":"Feature","properties":{},"geometry":{"type":"LineString","coordinates":[[85.34641141658742,27.685047285283787],[85.34642903343878,27.685084324416444]]}},{"type":"Feature","properties":{},"geometry":{"type":"LineString","coordinates":[[85.34629394025151,27.68486853216809],[85.34628253882897,27.684879250162524]]}},{"type":"Feature","properties":{},"geometry":{"type":"LineString","coordinates":[[85.34641837258526,27.684887485988874],[85.34645131464782,27.684891998572166]]}},{"type":"Feature","properties":{},"geometry":{"type":"LineString","coordinates":[[85.34639751289515,27.68456125992847],[85.34639481700266,27.6845626718292]]}},{"type":"Feature","properties":{},"geometry":{"type":"LineString","coordinates":[[85.34632541759031,27.684463436622565],[85.34629341813569,27.68448398390109]]}},{"type":"Feature","properties":{},"geometry":{"type":"LineString","coordinates":[[85.34630946251532,27.68444901280627],[85.34624997977906,27.684494726403027]]}},{"type":"Feature","properties":{},"geometry":{"type":"LineString","coordinates":[[85.34658493312736,27.684715766880867],[85.3465896163687,27.684733324253397]]}},{"type":"Feature","properties":{},"geometry":{"type":"LineString","coordinates":[[85.34658785075294,27.68471511577063],[85.34660487133792,27.684734260911352]]}},{"type":"Feature","properties":{},"geometry":{"type":"LineString","coordinates":[[85.34658764556283,27.684714535685192],[85.34662965417725,27.684714172552162]]}},{"type":"Feature","properties":{},"geometry":{"type":"LineString","coordinates":[[85.34675353927744,27.68491536543323],[85.34677682664251,27.684943132567728]]}},{"type":"Feature","properties":{},"geometry":{"type":"LineString","coordinates":[[85.34678112636958,27.68490323045153],[85.34680630475593,27.684935431848174]]}},{"type":"Feature","properties":{},"geometry":{"type":"LineString","coordinates":[[85.34552131162629,27.68060156741701],[85.34551955010504,27.680625074208155]]}},{"type":"Feature","properties":{},"geometry":{"type":"LineString","coordinates":[[85.34563498491077,27.680623698438175],[85.34563513404107,27.68064037494407]]}},{"type":"Feature","properties":{},"geometry":{"type":"LineString","coordinates":[[85.3457915500557,27.680650735280686],[85.34578777951073,27.680661233909728]]}},{"type":"Feature","properties":{},"geometry":{"type":"LineString","coordinates":[[85.34561406677706,27.68056756140648],[85.34562390859767,27.680559325803603]]}},{"type":"Feature","properties":{},"geometry":{"type":"LineString","coordinates":[[85.34538299058453,27.680318821218375],[85.34535889444618,27.68035535314017]]}},{"type":"Feature","properties":{},"geometry":{"type":"LineString","coordinates":[[85.34536516953386,27.68029445592572],[85.34537114715869,27.680293311591893]]}},{"type":"Feature","properties":{},"geometry":{"type":"LineString","coordinates":[[85.34533814920077,27.680201332316297],[85.3453214415847,27.680203923424894]]}},{"type":"Feature","properties":{},"geometry":{"type":"LineString","coordinates":[[85.34533699392816,27.680195850830156],[85.3453156685477,27.680198221605075]]}},{"type":"Feature","properties":{},"geometry":{"type":"LineString","coordinates":[[85.34531425522505,27.680107896761513],[85.34529137939147,27.680100132259422]]}},{"type":"Feature","properties":{},"geometry":{"type":"LineString","coordinates":[[85.34547503684264,27.680284277927257],[85.34549032518792,27.680303070355585]]}},{"type":"Feature","properties":{},"geometry":{"type":"LineString","coordinates":[[85.34550542563032,27.680254889969333],[85.34554390934298,27.68026845657587]]}},{"type":"Feature","properties":{},"geometry":{"type":"LineString","coordinates":[[85.34584587588365,27.680091317267077],[85.34585171831846,27.680114550244504]]}},{"type":"Feature","properties":{},"geometry":{"type":"LineString","coordinates":[[85.34585623561524,27.680087730579853],[85.3458610396888,27.680112860062803]]}},{"type":"Feature","properties":{},"geometry":{"type":"LineString","coordinates":[[85.34590703453131,27.680085883186404],[85.34594652149956,27.68009968098316]]}},{"type":"Feature","properties":{},"geometry":{"type":"LineString","coordinates":[[85.3464772908209,27.682876979759918],[85.34647062097831,27.6828799155696]]}},{"type":"Feature","properties":{},"geometry":{"type":"LineString","coordinates":[[85.3467999605378,27.6823136572368],[85.34682556618311,27.682347880935453]]}},{"type":"Feature","properties":{},"geometry":{"type":"LineString","coordinates":[[85.34700954391076,27.68219166463047],[85.3469467323424,27.68187895902088]]}},{"type":"Feature","properties":{},"geometry":{"type":"LineString","coordinates":[[85.34701411308893,27.682188519600416],[85.34694987035859,27.68188123932599]]}},{"type":"Feature","properties":{},"geometry":{"type":"LineString","coordinates":[[85.34717960151917,27.682046983589295],[85.34719634779624,27.682079007567832]]}},{"type":"Feature","properties":{},"geometry":{"type":"LineString","coordinates":[[85.3463313882188,27.67965746862957],[85.34633179315009,27.679682005850463]]}},{"type":"Feature","properties":{},"geometry":{"type":"LineString","coordinates":[[85.34629374682922,27.679651659845707],[85.34628016052453,27.679654344298108]]}},{"type":"Feature","properties":{},"geometry":{"type":"LineString","coordinates":[[85.34625802012812,27.679699718622683],[85.34628425465577,27.67971119376236]]}},{"type":"Feature","properties":{},"geometry":{"type":"LineString","coordinates":[[85.34615604849087,27.679736592585094],[85.34616117544698,27.67975294584732]]}},{"type":"Feature","properties":{},"geometry":{"type":"LineString","coordinates":[[85.34606205119202,27.679741062442076],[85.34605621686875,27.679764323856478]]}},{"type":"Feature","properties":{},"geometry":{"type":"LineString","coordinates":[[85.34589094030822,27.679809593602826],[85.34588533692103,27.679810529426124]]}},{"type":"Feature","properties":{},"geometry":{"type":"LineString","coordinates":[[85.34590434019597,27.679858642393263],[85.34594428496477,27.679885921723788]]}},{"type":"Feature","properties":{},"geometry":{"type":"LineString","coordinates":[[85.34590374615098,27.67986132942967],[85.34594482393922,27.679891060997846]]}},{"type":"Feature","properties":{},"geometry":{"type":"LineString","coordinates":[[85.34584497726581,27.679877055922873],[85.3458498271756,27.67990291070663]]}},{"type":"Feature","properties":{},"geometry":{"type":"LineString","coordinates":[[85.34576573144875,27.679889648751338],[85.34577154854546,27.67991476325908]]}},{"type":"Feature","properties":{},"geometry":{"type":"LineString","coordinates":[[85.34562602444521,27.679882323825847],[85.34561348651445,27.67988345389557]]}},{"type":"Feature","properties":{},"geometry":{"type":"LineString","coordinates":[[85.34560913136639,27.679795377373168],[85.34559771799131,27.67979568691175]]}},{"type":"Feature","properties":{},"geometry":{"type":"LineString","coordinates":[[85.34560170389035,27.679722530892025],[85.3455901010369,27.679721690115525]]}},{"type":"Feature","properties":{},"geometry":{"type":"LineString","coordinates":[[85.34549680846182,27.679764292882414],[85.34545234000923,27.679768903561794]]}},{"type":"Feature","properties":{},"geometry":{"type":"LineString","coordinates":[[85.34593982474583,27.680728254901],[85.34593215996959,27.68073889205295]]}},{"type":"Feature","properties":{},"geometry":{"type":"LineString","coordinates":[[85.34594930713445,27.68074245884769],[85.34590383472269,27.68085491042706]]}},{"type":"Feature","properties":{},"geometry":{"type":"LineString","coordinates":[[85.34595178236404,27.680743843143777],[85.34594932541287,27.680847887558233]]}},{"type":"Feature","properties":{},"geometry":{"type":"LineString","coordinates":[[85.34603696023441,27.680667904757406],[85.34603705401472,27.68068798955864]]}},{"type":"Feature","properties":{},"geometry":{"type":"LineString","coordinates":[[85.3460418350655,27.68061957602677],[85.34604747714113,27.680601339559775]]}},{"type":"Feature","properties":{},"geometry":{"type":"LineString","coordinates":[[85.34618546100323,27.680295927611624],[85.34616191847128,27.680296136595437]]}},{"type":"Feature","properties":{},"geometry":{"type":"LineString","coordinates":[[85.34617116329942,27.68008695138928],[85.34615397544752,27.6800867642124]]}},{"type":"Feature","properties":{},"geometry":{"type":"LineString","coordinates":[[85.34617213912287,27.680036650037355],[85.34615160924818,27.68003736522477]]}},{"type":"Feature","properties":{},"geometry":{"type":"LineString","coordinates":[[85.34617125714865,27.67999963469601],[85.34614765582326,27.679975824147903]]}},{"type":"Feature","properties":{},"geometry":{"type":"LineString","coordinates":[[85.34629771004522,27.67998814228456],[85.34632605804165,27.679961556576714]]}},{"type":"Feature","properties":{},"geometry":{"type":"LineString","coordinates":[[85.34750675203709,27.6807204638684],[85.3475104560891,27.68073699957498]]}},{"type":"Feature","properties":{},"geometry":{"type":"LineString","coordinates":[[85.34738521007525,27.680712116389124],[85.3473862205984,27.680721024044008]]}},{"type":"Feature","properties":{},"geometry":{"type":"LineString","coordinates":[[85.34737181070349,27.68070991944179],[85.34737162743036,27.68071859082376]]}},{"type":"Feature","properties":{},"geometry":{"type":"LineString","coordinates":[[85.34716548006963,27.68066054973738],[85.34716706260143,27.680634901719348]]}},{"type":"Feature","properties":{},"geometry":{"type":"LineString","coordinates":[[85.34723090295954,27.680817812972442],[85.34720786612962,27.680823751276098]]}},{"type":"Feature","properties":{},"geometry":{"type":"LineString","coordinates":[[85.34705990568544,27.68070792140501],[85.34706154984768,27.680715953020464]]}},{"type":"Feature","properties":{},"geometry":{"type":"LineString","coordinates":[[85.34685003681246,27.680700631318896],[85.34678655182549,27.680478418720163]]}},{"type":"Feature","properties":{},"geometry":{"type":"LineString","coordinates":[[85.34684045946796,27.680703360963488],[85.34679066130991,27.680530900885095]]}},{"type":"Feature","properties":{},"geometry":{"type":"LineString","coordinates":[[85.34683158206381,27.680703506819555],[85.34682082147982,27.680624316245467]]}},{"type":"Feature","properties":{},"geometry":{"type":"LineString","coordinates":[[85.34630011499246,27.679988336165707],[85.34634357309473,27.679983161691197]]}},{"type":"Feature","properties":{},"geometry":{"type":"LineString","coordinates":[[85.34681733214441,27.68074809180284],[85.34682228491538,27.680756497759685]]}},{"type":"Feature","properties":{},"geometry":{"type":"LineString","coordinates":[[85.34664923088312,27.680503313859475],[85.34664539459122,27.680502163336946]]}},{"type":"Feature","properties":{},"geometry":{"type":"LineString","coordinates":[[85.3466859649289,27.680722654767393],[85.34668444423082,27.680712553255166]]}},{"type":"Feature","properties":{},"geometry":{"type":"LineString","coordinates":[[85.34672454117157,27.680768804445307],[85.34672624256254,27.680777948696527]]}},{"type":"Feature","properties":{},"geometry":{"type":"LineString","coordinates":[[85.34671098071082,27.680771985650075],[85.34671629180434,27.680780160320364]]}},{"type":"Feature","properties":{},"geometry":{"type":"LineString","coordinates":[[85.34666381275366,27.680785566581555],[85.34667089687832,27.680795840102725]]}},{"type":"Feature","properties":{},"geometry":{"type":"LineString","coordinates":[[85.34665116527202,27.680783395688415],[85.34664355713583,27.680801180901838]]}},{"type":"Feature","properties":{},"geometry":{"type":"LineString","coordinates":[[85.34658567784508,27.680749609270613],[85.34658334393961,27.680730967087165]]}},{"type":"Feature","properties":{},"geometry":{"type":"LineString","coordinates":[[85.34644819264845,27.68083579212915],[85.34644726304225,27.680844602616602]]}},{"type":"Feature","properties":{},"geometry":{"type":"LineString","coordinates":[[85.34640113003682,27.68084278015033],[85.34640036287838,27.68085413237023]]}},{"type":"Feature","properties":{},"geometry":{"type":"LineString","coordinates":[[85.3464225656589,27.680788881782203],[85.34642066239661,27.680780689120017]]}},{"type":"Feature","properties":{},"geometry":{"type":"LineString","coordinates":[[85.34634862590845,27.680781002407674],[85.34635176395979,27.680776211197053]]}},{"type":"Feature","properties":{},"geometry":{"type":"LineString","coordinates":[[85.3462808764047,27.68080457066247],[85.3462661266191,27.68081367824839]]}},{"type":"Feature","properties":{},"geometry":{"type":"LineString","coordinates":[[85.34704502239812,27.680579665604103],[85.34699819251195,27.680582519291633]]}},{"type":"Feature","properties":{},"geometry":{"type":"LineString","coordinates":[[85.34704532652648,27.68055381369717],[85.34699879851473,27.680557896659593]]}},{"type":"Feature","properties":{},"geometry":{"type":"LineString","coordinates":[[85.34703625161475,27.680494902034347],[85.34704273628442,27.68049509585268]]}},{"type":"Feature","properties":{},"geometry":{"type":"LineString","coordinates":[[85.34701405057235,27.68030860303497],[85.3469882950348,27.680310951884547]]}},{"type":"Feature","properties":{},"geometry":{"type":"LineString","coordinates":[[85.34713339455328,27.680235445399546],[85.3471371927371,27.6802435704109]]}},{"type":"Feature","properties":{},"geometry":{"type":"LineString","coordinates":[[85.34721310373585,27.680227639065354],[85.34721135698592,27.68018386498559]]}},{"type":"Feature","properties":{},"geometry":{"type":"LineString","coordinates":[[85.3472275145548,27.680224065415334],[85.3472632978711,27.680195394877526]]}},{"type":"Feature","properties":{},"geometry":{"type":"LineString","coordinates":[[85.34699315885109,27.680165231706802],[85.34694850041234,27.680168447048988]]}},{"type":"Feature","properties":{},"geometry":{"type":"LineString","coordinates":[[85.34671706216896,27.68003412989587],[85.3467112264118,27.68005527302368]]}},{"type":"Feature","properties":{},"geometry":{"type":"LineString","coordinates":[[85.34658376514706,27.680011070554233],[85.34654324594904,27.680018278447427]]}},{"type":"Feature","properties":{},"geometry":{"type":"LineString","coordinates":[[85.34655979981909,27.679891206572332],[85.34658569909965,27.67988799125612]]}},{"type":"Feature","properties":{},"geometry":{"type":"LineString","coordinates":[[85.3474192713739,27.679885407249905],[85.34742552216595,27.679894332299867]]}},{"type":"Feature","properties":{},"geometry":{"type":"LineString","coordinates":[[85.34742151497834,27.679890796107987],[85.34743376432428,27.67991671385994]]}},{"type":"Feature","properties":{},"geometry":{"type":"LineString","coordinates":[[85.34655828289966,27.679883615112992],[85.34653219868218,27.679887531307866]]}},{"type":"Feature","properties":{},"geometry":{"type":"LineString","coordinates":[[85.34702109647293,27.679452149186687],[85.34698577318736,27.679453447007678]]}},{"type":"Feature","properties":{},"geometry":{"type":"LineString","coordinates":[[85.34730980097257,27.679349662079442],[85.34732120157342,27.679348649153876]]}},{"type":"Feature","properties":{},"geometry":{"type":"LineString","coordinates":[[85.34736203137761,27.679063809244536],[85.34736397708579,27.679068512216276]]}},{"type":"Feature","properties":{},"geometry":{"type":"LineString","coordinates":[[85.3473224230255,27.679072833360593],[85.3473244205959,27.6790816336568]]}},{"type":"Feature","properties":{},"geometry":{"type":"LineString","coordinates":[[85.34711173246022,27.679126717380566],[85.34711521441298,27.679135911758742]]}},{"type":"Feature","properties":{},"geometry":{"type":"LineString","coordinates":[[85.347088774089,27.679127939851703],[85.34709903652433,27.679141175562584]]}},{"type":"Feature","properties":{},"geometry":{"type":"LineString","coordinates":[[85.34693308308418,27.679097909448956],[85.3469356566782,27.679076265265117]]}},{"type":"Feature","properties":{},"geometry":{"type":"LineString","coordinates":[[85.34678666610655,27.679130458215333],[85.34678524687429,27.679154953811175]]}},{"type":"Feature","properties":{},"geometry":{"type":"LineString","coordinates":[[85.34662789457872,27.679136749293203],[85.34662835825475,27.679146957327458]]}},{"type":"Feature","properties":{},"geometry":{"type":"LineString","coordinates":[[85.34651727994515,27.67915045012841],[85.34651679840584,27.679157919353344]]}},{"type":"Feature","properties":{},"geometry":{"type":"LineString","coordinates":[[85.34650618563279,27.67915145671638],[85.34650637309892,27.679161020638258]]}},{"type":"Feature","properties":{},"geometry":{"type":"LineString","coordinates":[[85.34633702732518,27.679135944961462],[85.34632893179558,27.679154054680264]]}},{"type":"Feature","properties":{},"geometry":{"type":"LineString","coordinates":[[85.3463344117119,27.67913210404328],[85.34632096288682,27.679154942424667]]}},{"type":"Feature","properties":{},"geometry":{"type":"LineString","coordinates":[[85.34756394600136,27.67833815175549],[85.34748453336329,27.678338069918325]]}},{"type":"Feature","properties":{},"geometry":{"type":"LineString","coordinates":[[85.34756471992317,27.678339069862933],[85.3474815895898,27.67833831459099]]}},{"type":"Feature","properties":{},"geometry":{"type":"LineString","coordinates":[[85.34736374514564,27.67848597130512],[85.34734892341083,27.678492208032782]]}},{"type":"Feature","properties":{},"geometry":{"type":"LineString","coordinates":[[85.34748383037832,27.678506942560066],[85.34742880630537,27.678575818173147]]}},{"type":"Feature","properties":{},"geometry":{"type":"LineString","coordinates":[[85.34748489862676,27.67850655998469],[85.34746456512305,27.67854226894625]]}},{"type":"Feature","properties":{},"geometry":{"type":"LineString","coordinates":[[85.34748794670043,27.678505448296704],[85.3474716559659,27.678533706145657]]}},{"type":"Feature","properties":{},"geometry":{"type":"LineString","coordinates":[[85.34760893480083,27.678474522363132],[85.34761756205039,27.67847939890412]]}},{"type":"Feature","properties":{},"geometry":{"type":"LineString","coordinates":[[85.34771283453311,27.678784045442466],[85.34769213678285,27.67878609555052]]}},{"type":"Feature","properties":{},"geometry":{"type":"LineString","coordinates":[[85.34771257761076,27.678815529880172],[85.34771928629152,27.678816865362705]]}},{"type":"Feature","properties":{},"geometry":{"type":"LineString","coordinates":[[85.34769546543313,27.679009368261113],[85.34768311724191,27.67902181162832]]}},{"type":"Feature","properties":{},"geometry":{"type":"LineString","coordinates":[[85.34739546283632,27.679049574066738],[85.34740585594396,27.679066119185617]]}},{"type":"Feature","properties":{},"geometry":{"type":"LineString","coordinates":[[85.34666908322833,27.678949295263976],[85.34667593199912,27.678950012412688]]}},{"type":"Feature","properties":{},"geometry":{"type":"LineString","coordinates":[[85.34679181970738,27.67876172515485],[85.34679489510522,27.678769503991862]]}},{"type":"Feature","properties":{},"geometry":{"type":"LineString","coordinates":[[85.34691130765168,27.67873282894114],[85.34691686142546,27.678739088566587]]}},{"type":"Feature","properties":{},"geometry":{"type":"LineString","coordinates":[[85.34629715583121,27.679111013268862],[85.34628072043321,27.679113784650724]]}},{"type":"Feature","properties":{},"geometry":{"type":"LineString","coordinates":[[85.34619988274191,27.67882985359462],[85.34620295603813,27.67883985541503]]}},{"type":"Feature","properties":{},"geometry":{"type":"LineString","coordinates":[[85.34620682464232,27.678754197546628],[85.34618380663804,27.678712276054224]]}},{"type":"Feature","properties":{},"geometry":{"type":"LineString","coordinates":[[85.34602323834396,27.679050965568884],[85.34602461968458,27.679063246000194]]}},{"type":"Feature","properties":{},"geometry":{"type":"LineString","coordinates":[[85.34626559035922,27.679499043453458],[85.34626509810242,27.679509981975567]]}},{"type":"Feature","properties":{},"geometry":{"type":"LineString","coordinates":[[85.34578950902703,27.679087891402105],[85.34578785824382,27.679095040692452]]}},{"type":"Feature","properties":{},"geometry":{"type":"LineString","coordinates":[[85.34574636011354,27.679079769335853],[85.34574626255312,27.679093913033817]]}},{"type":"Feature","properties":{},"geometry":{"type":"LineString","coordinates":[[85.3454119657908,27.679007901220558],[85.34541245743308,27.67901490100197]]}},{"type":"Feature","properties":{},"geometry":{"type":"LineString","coordinates":[[85.34538019863562,27.67901602743558],[85.34538438883672,27.679033782033827]]}},{"type":"Feature","properties":{},"geometry":{"type":"LineString","coordinates":[[85.34514117056466,27.679071405715117],[85.34514313879218,27.679077164072325]]}},{"type":"Feature","properties":{},"geometry":{"type":"LineString","coordinates":[[85.34497950959188,27.679121749345338],[85.34496176266934,27.679123821663584]]}},{"type":"Feature","properties":{},"geometry":{"type":"LineString","coordinates":[[85.34793696555066,27.678127145548018],[85.34793236857391,27.678130601667064]]}},{"type":"Feature","properties":{},"geometry":{"type":"LineString","coordinates":[[85.34806664753161,27.678211033376655],[85.34806345367207,27.678215164197717]]}},{"type":"Feature","properties":{},"geometry":{"type":"LineString","coordinates":[[85.34814277849836,27.678259886028187],[85.3481391897763,27.678265598837413]]}},{"type":"Feature","properties":{},"geometry":{"type":"LineString","coordinates":[[85.34815161236232,27.678265181079038],[85.34814785732512,27.678268336766028]]}},{"type":"Feature","properties":{},"geometry":{"type":"LineString","coordinates":[[85.34815273515684,27.6782664959561],[85.34814863612716,27.678270076255497]]}},{"type":"Feature","properties":{},"geometry":{"type":"LineString","coordinates":[[85.34834384936156,27.67839134038808],[85.34833809172902,27.67839707607841]]}},{"type":"Feature","properties":{},"geometry":{"type":"LineString","coordinates":[[85.34844134578361,27.678455298318433],[85.34842514075469,27.67848394089651]]}},{"type":"Feature","properties":{},"geometry":{"type":"LineString","coordinates":[[85.34863256419307,27.678577101091566],[85.34862920004612,27.678581499760234]]}},{"type":"Feature","properties":{},"geometry":{"type":"LineString","coordinates":[[85.34858094478824,27.67854734029894],[85.34857777316938,27.678551678082723]]}},{"type":"Feature","properties":{},"geometry":{"type":"LineString","coordinates":[[85.34865058581096,27.67858749137396],[85.3486443514919,27.678591891927372]]}},{"type":"Feature","properties":{},"geometry":{"type":"LineString","coordinates":[[85.34866396685882,27.67859985527875],[85.34867115395109,27.67860517489065]]}},{"type":"Feature","properties":{},"geometry":{"type":"LineString","coordinates":[[85.34894863056445,27.678746178555357],[85.34894226732315,27.67875726372937]]}},{"type":"Feature","properties":{},"geometry":{"type":"LineString","coordinates":[[85.34873145568551,27.678987580690713],[85.34873710451808,27.679012466548922]]}},{"type":"Feature","properties":{},"geometry":{"type":"LineString","coordinates":[[85.34870567238362,27.678993819561594],[85.34871632040706,27.67900900025319]]}},{"type":"Feature","properties":{},"geometry":{"type":"LineString","coordinates":[[85.34863843919811,27.678954662047698],[85.3486383679405,27.678938506328265]]}},{"type":"Feature","properties":{},"geometry":{"type":"LineString","coordinates":[[85.34854435584234,27.67921734785221],[85.34853911555231,27.679217468592068]]}},{"type":"Feature","properties":{},"geometry":{"type":"LineString","coordinates":[[85.34856678709421,27.679285265556853],[85.34856781249403,27.67928847283438]]}},{"type":"Feature","properties":{},"geometry":{"type":"LineString","coordinates":[[85.34859427071972,27.679300184873142],[85.34859928480513,27.679297444018914]]}},{"type":"Feature","properties":{},"geometry":{"type":"LineString","coordinates":[[85.34862672025461,27.679367392561723],[85.34864268724054,27.67938045970552]]}},{"type":"Feature","properties":{},"geometry":{"type":"LineString","coordinates":[[85.34862686104519,27.679369423188547],[85.34863304975569,27.67938773674776]]}},{"type":"Feature","properties":{},"geometry":{"type":"LineString","coordinates":[[85.34839971684724,27.679036589347803],[85.3483970887136,27.679051230880262]]}},{"type":"Feature","properties":{},"geometry":{"type":"LineString","coordinates":[[85.34835387596137,27.679040127714355],[85.34835609605582,27.67905516732082]]}},{"type":"Feature","properties":{},"geometry":{"type":"LineString","coordinates":[[85.34846784307248,27.679325494256133],[85.34845460610026,27.679353753433446]]}},{"type":"Feature","properties":{},"geometry":{"type":"LineString","coordinates":[[85.34846693550527,27.679319441718064],[85.3484475118978,27.67934832209755]]}},{"type":"Feature","properties":{},"geometry":{"type":"LineString","coordinates":[[85.34828865341582,27.67892428297955],[85.34829492261566,27.678924708831822]]}},{"type":"Feature","properties":{},"geometry":{"type":"LineString","coordinates":[[85.34829125223938,27.678879920799123],[85.34827721542285,27.67887994385496]]}},{"type":"Feature","properties":{},"geometry":{"type":"LineString","coordinates":[[85.34829943308223,27.67882734602544],[85.34830142598314,27.67882830844909]]}},{"type":"Feature","properties":{},"geometry":{"type":"LineString","coordinates":[[85.34830190829125,27.678801575947805],[85.34828564041347,27.678802854934112]]}},{"type":"Feature","properties":{},"geometry":{"type":"LineString","coordinates":[[85.3483032111873,27.678743483958467],[85.34830785423658,27.67873063275821]]}},{"type":"Feature","properties":{},"geometry":{"type":"LineString","coordinates":[[85.348302733002,27.678720685982952],[85.34830617442718,27.678690600567798]]}},{"type":"Feature","properties":{},"geometry":{"type":"LineString","coordinates":[[85.3480436470122,27.6789406686577],[85.34803886643094,27.67894156925555]]}},{"type":"Feature","properties":{},"geometry":{"type":"LineString","coordinates":[[85.34804186807324,27.67885542169429],[85.34803498349592,27.678856948845233]]}},{"type":"Feature","properties":{},"geometry":{"type":"LineString","coordinates":[[85.34804879330854,27.67878274285077],[85.34804267574302,27.678781605776077]]}},{"type":"Feature","properties":{},"geometry":{"type":"LineString","coordinates":[[85.34804641662139,27.678740653544914],[85.34804125466081,27.678741364570513]]}},{"type":"Feature","properties":{},"geometry":{"type":"LineString","coordinates":[[85.34816187129582,27.67902815364973],[85.34815669546924,27.679021161189965]]}},{"type":"Feature","properties":{},"geometry":{"type":"LineString","coordinates":[[85.34814126544813,27.679054412400447],[85.34814264618815,27.679064592560863]]}},{"type":"Feature","properties":{},"geometry":{"type":"LineString","coordinates":[[85.34812691311494,27.6790535724433],[85.34812589436943,27.679058749996546]]}},{"type":"Feature","properties":{},"geometry":{"type":"LineString","coordinates":[[85.34800368403938,27.679304451381327],[85.34801331372336,27.679331783738288]]}},{"type":"Feature","properties":{},"geometry":{"type":"LineString","coordinates":[[85.34785753274623,27.67910095513781],[85.34785820011754,27.679108953434277]]}},{"type":"Feature","properties":{},"geometry":{"type":"LineString","coordinates":[[85.34773401350022,27.679274746582255],[85.34772687604465,27.679278860135874]]}},{"type":"Feature","properties":{},"geometry":{"type":"LineString","coordinates":[[85.34771949346258,27.679473916590506],[85.34770398335706,27.67947664141476]]}},{"type":"Feature","properties":{},"geometry":{"type":"LineString","coordinates":[[85.34773637362024,27.679567623739484],[85.34772255648564,27.679573185640255]]}},{"type":"Feature","properties":{},"geometry":{"type":"LineString","coordinates":[[85.34774645458957,27.679607877083928],[85.3477291201197,27.67961346110937]]}},{"type":"Feature","properties":{},"geometry":{"type":"LineString","coordinates":[[85.34651770262477,27.683719896305885],[85.346508670583,27.68370370763393]]}},{"type":"Feature","properties":{},"geometry":{"type":"LineString","coordinates":[[85.34655048100055,27.68370415895963],[85.3465538563222,27.683690555316748]]}},{"type":"Feature","properties":{},"geometry":{"type":"LineString","coordinates":[[85.33677194600465,27.678569822028514],[85.33678797964451,27.678545596856644]]}},{"type":"Feature","properties":{},"geometry":{"type":"LineString","coordinates":[[85.33676993289575,27.678573814221316],[85.33678347567857,27.678572734924035]]}},{"type":"Feature","properties":{},"geometry":{"type":"LineString","coordinates":[[85.33675740102096,27.67862092237495],[85.33677281661434,27.678623572356795]]}},{"type":"Feature","properties":{},"geometry":{"type":"LineString","coordinates":[[85.34525094958893,27.67959261488194],[85.34526133227799,27.6796441331763]]}},{"type":"Feature","properties":{},"geometry":{"type":"LineString","coordinates":[[85.34525067284572,27.679589989650108],[85.345262606081,27.679621910312783]]}},{"type":"Feature","properties":{},"geometry":{"type":"LineString","coordinates":[[85.34591017355639,27.680439839154104],[85.34589779011361,27.680406693811968]]}},{"type":"Feature","properties":{},"geometry":{"type":"LineString","coordinates":[[85.3459092423078,27.68043604000442],[85.34588316190008,27.680318858342446]]}},{"type":"Feature","properties":{},"geometry":{"type":"LineString","coordinates":[[85.34171766244914,27.675581908749734],[85.34173631174208,27.675581271865553]]}},{"type":"Feature","properties":{},"geometry":{"type":"LineString","coordinates":[[85.34830003994834,27.68325748824144],[85.34830107230265,27.683269667014883]]}},{"type":"Feature","properties":{},"geometry":{"type":"LineString","coordinates":[[85.34030001836457,27.676242228087755],[85.34030535496215,27.67624652410997]]}},{"type":"Feature","properties":{},"geometry":{"type":"LineString","coordinates":[[85.34059781992286,27.67638811442401],[85.34061546788267,27.676388137201275]]}},{"type":"Feature","properties":{},"geometry":{"type":"LineString","coordinates":[[85.34061709999526,27.67650103212739],[85.34057014936742,27.67650668558123]]}},{"type":"Feature","properties":{},"geometry":{"type":"LineString","coordinates":[[85.34067347911578,27.676740940618426],[85.34068151383583,27.67673320719865]]}},{"type":"Feature","properties":{},"geometry":{"type":"LineString","coordinates":[[85.34072105232642,27.676788144619643],[85.34073017692778,27.676782957725166]]}},{"type":"Feature","properties":{},"geometry":{"type":"LineString","coordinates":[[85.34049661840378,27.67670056257645],[85.34049637567831,27.676712797415398]]}},{"type":"Feature","properties":{},"geometry":{"type":"LineString","coordinates":[[85.34036900643237,27.676710355347385],[85.3403685982893,27.676722734417698]]}},{"type":"Feature","properties":{},"geometry":{"type":"LineString","coordinates":[[85.34010472647776,27.676854903595718],[85.34010724597202,27.676864882652495]]}},{"type":"Feature","properties":{},"geometry":{"type":"LineString","coordinates":[[85.34005128289833,27.67686332933068],[85.34005355367609,27.67687393358614]]}},{"type":"Feature","properties":{},"geometry":{"type":"LineString","coordinates":[[85.33988779435921,27.676874577155914],[85.33988942564241,27.676882014806587]]}},{"type":"Feature","properties":{},"geometry":{"type":"LineString","coordinates":[[85.34151289469376,27.67434693079358],[85.34141447538784,27.67421189982525]]}},{"type":"Feature","properties":{},"geometry":{"type":"LineString","coordinates":[[85.34151161162906,27.67434791185405],[85.34140262988308,27.67421736557886]]}},{"type":"Feature","properties":{},"geometry":{"type":"LineString","coordinates":[[85.34172360244236,27.67559941723441],[85.34172185772088,27.675604986778325]]}},{"type":"Feature","properties":{},"geometry":{"type":"LineString","coordinates":[[85.34171804289866,27.675583031570675],[85.34171328179654,27.675585065796536]]}},{"type":"Feature","properties":{},"geometry":{"type":"LineString","coordinates":[[85.34167742609887,27.675481078218187],[85.34167036786984,27.675482768145883]]}},{"type":"Feature","properties":{},"geometry":{"type":"LineString","coordinates":[[85.34161269603638,27.675336653430936],[85.34160683726044,27.675339274711906]]}},{"type":"Feature","properties":{},"geometry":{"type":"LineString","coordinates":[[85.34157776193803,27.675299722311273],[85.34156098053533,27.675293753169132]]}},{"type":"Feature","properties":{},"geometry":{"type":"LineString","coordinates":[[85.34172609191546,27.675228727680487],[85.34173436018435,27.675243711608896]]}},{"type":"Feature","properties":{},"geometry":{"type":"LineString","coordinates":[[85.34200290295927,27.675416252737296],[85.34200259960275,27.675433857067762]]}},{"type":"Feature","properties":{},"geometry":{"type":"LineString","coordinates":[[85.34200338050596,27.675417994970427],[85.34200618510118,27.67543119141257]]}},{"type":"Feature","properties":{},"geometry":{"type":"LineString","coordinates":[[85.3420287095544,27.67515137717098],[85.34203167721942,27.675164449206868]]}},{"type":"Feature","properties":{},"geometry":{"type":"LineString","coordinates":[[85.33952918442013,27.675501936771592],[85.3395367233659,27.675518135041806]]}},{"type":"Feature","properties":{},"geometry":{"type":"LineString","coordinates":[[85.34216673216757,27.675162875943197],[85.34216435496204,27.675183680288328]]}},{"type":"Feature","properties":{},"geometry":{"type":"LineString","coordinates":[[85.34219064322562,27.675159469746365],[85.34219261798155,27.675178008410974]]}},{"type":"Feature","properties":{},"geometry":{"type":"LineString","coordinates":[[85.34221465259266,27.67515713966593],[85.34221042837062,27.675145238553977]]}},{"type":"Feature","properties":{},"geometry":{"type":"LineString","coordinates":[[85.34263360948522,27.6756219699276],[85.3426405620551,27.675629696857836]]}},{"type":"Feature","properties":{},"geometry":{"type":"LineString","coordinates":[[85.34264338397386,27.67562106608336],[85.3426486870509,27.67562926607351]]}},{"type":"Feature","properties":{},"geometry":{"type":"LineString","coordinates":[[85.34285051917465,27.67560386485213],[85.34285406164447,27.675614594396148]]}},{"type":"Feature","properties":{},"geometry":{"type":"LineString","coordinates":[[85.34284702428724,27.675604155183606],[85.34285147388388,27.675616780116545]]}},{"type":"Feature","properties":{},"geometry":{"type":"LineString","coordinates":[[85.34274281743588,27.67579930470212],[85.34274901891374,27.67578942731295]]}},{"type":"Feature","properties":{},"geometry":{"type":"LineString","coordinates":[[85.34301867091983,27.675680361580966],[85.34302807084562,27.675677944155485]]}},{"type":"Feature","properties":{},"geometry":{"type":"LineString","coordinates":[[85.34301223555792,27.675807170443292],[85.34301724400288,27.675807085041797]]}},{"type":"Feature","properties":{},"geometry":{"type":"LineString","coordinates":[[85.3425225476518,27.675945603629593],[85.34255109395163,27.675940049699395]]}},{"type":"Feature","properties":{},"geometry":{"type":"LineString","coordinates":[[85.34307917110634,27.675110782621392],[85.34308090578212,27.675122869642976]]}},{"type":"Feature","properties":{},"geometry":{"type":"LineString","coordinates":[[85.34301356867887,27.67510855744666],[85.34301668721862,27.67512433623057]]}},{"type":"Feature","properties":{},"geometry":{"type":"LineString","coordinates":[[85.34328215954805,27.67509844191838],[85.34328325485394,27.675124617413985]]}},{"type":"Feature","properties":{},"geometry":{"type":"LineString","coordinates":[[85.34325067353176,27.675100701719117],[85.3432501260564,27.67504413378068]]}},{"type":"Feature","properties":{},"geometry":{"type":"LineString","coordinates":[[85.34288513517517,27.675104198822723],[85.3428849352045,27.675041478710792]]}},{"type":"Feature","properties":{},"geometry":{"type":"LineString","coordinates":[[85.34286284882847,27.675104006229297],[85.34285903046535,27.675005698368295]]}},{"type":"Feature","properties":{},"geometry":{"type":"LineString","coordinates":[[85.34306585364004,27.675110330900516],[85.34306253157148,27.67505543831565]]}},{"type":"Feature","properties":{},"geometry":{"type":"LineString","coordinates":[[85.34255541658167,27.675128487013545],[85.3425616297693,27.675161417099503]]}},{"type":"Feature","properties":{},"geometry":{"type":"LineString","coordinates":[[85.34267571879278,27.675116301382523],[85.34267614975685,27.675070759048662]]}},{"type":"Feature","properties":{},"geometry":{"type":"LineString","coordinates":[[85.34264341182569,27.675118075575593],[85.34264544752989,27.675157363825637]]}},{"type":"Feature","properties":{},"geometry":{"type":"LineString","coordinates":[[85.34263692687766,27.67511839240464],[85.34264328030025,27.675157413710977]]}},{"type":"Feature","properties":{},"geometry":{"type":"LineString","coordinates":[[85.3425963523975,27.67512037002742],[85.342591460461,27.675081779576182]]}},{"type":"Feature","properties":{},"geometry":{"type":"LineString","coordinates":[[85.34259630967604,27.675120379444387],[85.34259110618005,27.675078855568653]]}},{"type":"Feature","properties":{},"geometry":{"type":"LineString","coordinates":[[85.34279146135995,27.675108789589316],[85.34279368845687,27.675133453305186]]}},{"type":"Feature","properties":{},"geometry":{"type":"LineString","coordinates":[[85.34101142849677,27.676759210963816],[85.34103582571439,27.67676679670627]]}},{"type":"Feature","properties":{},"geometry":{"type":"LineString","coordinates":[[85.34223024577429,27.676114855895637],[85.34223076370385,27.67616354144035]]}},{"type":"Feature","properties":{},"geometry":{"type":"LineString","coordinates":[[85.3422458187394,27.676111904981177],[85.34229221453627,27.676251486297385]]}},{"type":"Feature","properties":{},"geometry":{"type":"LineString","coordinates":[[85.34210200133288,27.676124690558378],[85.34212404912442,27.676196082146816]]}},{"type":"Feature","properties":{},"geometry":{"type":"LineString","coordinates":[[85.34179798032405,27.676133482452613],[85.34180390261601,27.67619351372993]]}},{"type":"Feature","properties":{},"geometry":{"type":"LineString","coordinates":[[85.34189503492556,27.676132054796394],[85.34189874388673,27.676184785881414]]}},{"type":"Feature","properties":{},"geometry":{"type":"LineString","coordinates":[[85.34097278066119,27.67607170755751],[85.34097473181258,27.67611923512745]]}},{"type":"Feature","properties":{},"geometry":{"type":"LineString","coordinates":[[85.34087542045478,27.676080347741173],[85.34088667577431,27.676131260318485]]}},{"type":"Feature","properties":{},"geometry":{"type":"LineString","coordinates":[[85.34057970018816,27.6760796413141],[85.34057579523333,27.676123024596084]]}},{"type":"Feature","properties":{},"geometry":{"type":"LineString","coordinates":[[85.3407069719461,27.676080637908864],[85.34070360954973,27.676137428837546]]}},{"type":"Feature","properties":{},"geometry":{"type":"LineString","coordinates":[[85.34147674331889,27.67607506904432],[85.34146984396111,27.676131336594075]]}},{"type":"Feature","properties":{},"geometry":{"type":"LineString","coordinates":[[85.34236965331051,27.675105177830766],[85.3423138679986,27.67509640442313]]}},{"type":"Feature","properties":{},"geometry":{"type":"LineString","coordinates":[[85.3423697674743,27.675108830035683],[85.34231495633126,27.675101203700958]]}},{"type":"Feature","properties":{},"geometry":{"type":"LineString","coordinates":[[85.34115106250432,27.677198000737224],[85.34114237385428,27.67721090160501]]}},{"type":"Feature","properties":{},"geometry":{"type":"LineString","coordinates":[[85.34128332970202,27.677180807898814],[85.3412900866761,27.67722409323654]]}},{"type":"Feature","properties":{},"geometry":{"type":"LineString","coordinates":[[85.34141012804747,27.67717323206472],[85.34141091006182,27.67720998175299]]}},{"type":"Feature","properties":{},"geometry":{"type":"LineString","coordinates":[[85.34150493710538,27.67718964571469],[85.34150473275015,27.677224446709396]]}},{"type":"Feature","properties":{},"geometry":{"type":"LineString","coordinates":[[85.34151941524556,27.677331120438524],[85.34151132884679,27.677331940615844]]}},{"type":"Feature","properties":{},"geometry":{"type":"LineString","coordinates":[[85.3414875588144,27.6774134212183],[85.34148700779707,27.677419495136792]]}},{"type":"Feature","properties":{},"geometry":{"type":"LineString","coordinates":[[85.3413485852422,27.677388791654582],[85.3413423824215,27.677376263920564]]}},{"type":"Feature","properties":{},"geometry":{"type":"LineString","coordinates":[[85.34128145068125,27.677404682316478],[85.34128353526896,27.677418760968887]]}},{"type":"Feature","properties":{},"geometry":{"type":"LineString","coordinates":[[85.34127424610003,27.67740638761544],[85.34126460353683,27.677403447148663]]}},{"type":"Feature","properties":{},"geometry":{"type":"LineString","coordinates":[[85.34127229971698,27.677406848077496],[85.34126324596909,27.67740418994098]]}},{"type":"Feature","properties":{},"geometry":{"type":"LineString","coordinates":[[85.3415835379539,27.67756392976141],[85.34158436979712,27.67757436513873]]}},{"type":"Feature","properties":{},"geometry":{"type":"LineString","coordinates":[[85.34170417370206,27.677623205280053],[85.34168118761082,27.677630376176044]]}},{"type":"Feature","properties":{},"geometry":{"type":"LineString","coordinates":[[85.34173359507801,27.677620827273174],[85.3417346998743,27.67763178488707]]}},{"type":"Feature","properties":{},"geometry":{"type":"LineString","coordinates":[[85.34176791825298,27.67761569738334],[85.341769353233,27.677626609309264]]}},{"type":"Feature","properties":{},"geometry":{"type":"LineString","coordinates":[[85.34200274397985,27.677559806147],[85.34201151221507,27.677573114584412]]}},{"type":"Feature","properties":{},"geometry":{"type":"LineString","coordinates":[[85.34166844984887,27.677330583383142],[85.34164977045361,27.67733198525527]]}},{"type":"Feature","properties":{},"geometry":{"type":"LineString","coordinates":[[85.34189676554017,27.677113710371387],[85.34190901378612,27.677131338584577]]}},{"type":"Feature","properties":{},"geometry":{"type":"LineString","coordinates":[[85.34205347867218,27.677095168565323],[85.34205327400625,27.677111137740003]]}},{"type":"Feature","properties":{},"geometry":{"type":"LineString","coordinates":[[85.3421362619901,27.67708465811712],[85.34214155574267,27.677099049546317]]}},{"type":"Feature","properties":{},"geometry":{"type":"LineString","coordinates":[[85.34215444940614,27.67708085490684],[85.34215858645834,27.677096249671852]]}},{"type":"Feature","properties":{},"geometry":{"type":"LineString","coordinates":[[85.34187422276891,27.6766107865503],[85.34186420682863,27.67661122533834]]}},{"type":"Feature","properties":{},"geometry":{"type":"LineString","coordinates":[[85.34188526474091,27.676606383383163],[85.3418894741691,27.676640946595878]]}},{"type":"Feature","properties":{},"geometry":{"type":"LineString","coordinates":[[85.34225806609952,27.677231508571143],[85.34225920289771,27.677238940280976]]}},{"type":"Feature","properties":{},"geometry":{"type":"LineString","coordinates":[[85.34218343273105,27.67724430081415],[85.34218572110933,27.677254089341215]]}},{"type":"Feature","properties":{},"geometry":{"type":"LineString","coordinates":[[85.3423023209131,27.677135840196748],[85.34229554394277,27.677137293439]]}},{"type":"Feature","properties":{},"geometry":{"type":"LineString","coordinates":[[85.34202822549814,27.677269919672938],[85.34203068549007,27.677277339242668]]}},{"type":"Feature","properties":{},"geometry":{"type":"LineString","coordinates":[[85.34197714045604,27.677278916815585],[85.34196657235418,27.67728684562652]]}},{"type":"Feature","properties":{},"geometry":{"type":"LineString","coordinates":[[85.34119723984519,27.677049566206417],[85.34124489158893,27.677035232943904]]}},{"type":"Feature","properties":{},"geometry":{"type":"LineString","coordinates":[[85.34150657014358,27.676579963749493],[85.34153185582764,27.67657947133919]]}},{"type":"Feature","properties":{},"geometry":{"type":"LineString","coordinates":[[85.34150266165402,27.676442672551012],[85.34153444417788,27.676439938357305]]}},{"type":"Feature","properties":{},"geometry":{"type":"LineString","coordinates":[[85.3413717623086,27.676549966977472],[85.34130513585414,27.676562658778455]]}},{"type":"Feature","properties":{},"geometry":{"type":"LineString","coordinates":[[85.34137245638753,27.6765531459658],[85.34130712527052,27.676565052711165]]}},{"type":"Feature","properties":{},"geometry":{"type":"LineString","coordinates":[[85.34254876517801,27.676972135043997],[85.34255193207566,27.676987999252912]]}},{"type":"Feature","properties":{},"geometry":{"type":"LineString","coordinates":[[85.34056544144751,27.677063171841034],[85.34051801124554,27.677068476552826]]}},{"type":"Feature","properties":{},"geometry":{"type":"LineString","coordinates":[[85.34056678234377,27.677063263719425],[85.340477415049,27.677055410381694],[85.34047619677158,27.67707068055874]]}},{"type":"Feature","properties":{},"geometry":{"type":"LineString","coordinates":[[85.3405632852772,27.677063024165456],[85.34049552367226,27.67702905610482]]}},{"type":"Feature","properties":{},"geometry":{"type":"LineString","coordinates":[[85.34056192312204,27.677062930227255],[85.3404907197197,27.67705920436739],[85.34048806194883,27.677093179001794]]}},{"type":"Feature","properties":{},"geometry":{"type":"LineString","coordinates":[[85.34334698985828,27.6761319048396],[85.3433494690861,27.67613906197525]]}},{"type":"Feature","properties":{},"geometry":{"type":"LineString","coordinates":[[85.3433102026334,27.676141201652914],[85.34331106212927,27.676148269920724]]}},{"type":"Feature","properties":{},"geometry":{"type":"LineString","coordinates":[[85.3431773465055,27.6761783061408],[85.34318403135048,27.676186379132503]]}},{"type":"Feature","properties":{},"geometry":{"type":"LineString","coordinates":[[85.3436254757958,27.676037128159415],[85.34363961135003,27.67604625956671]]}},{"type":"Feature","properties":{},"geometry":{"type":"LineString","coordinates":[[85.34344697351109,27.676070331390488],[85.34344120805711,27.67607281487139]]}},{"type":"Feature","properties":{},"geometry":{"type":"LineString","coordinates":[[85.34309731699582,27.676271338380406],[85.34310291074445,27.67628392825348]]}},{"type":"Feature","properties":{},"geometry":{"type":"LineString","coordinates":[[85.34294697952288,27.676270565364806],[85.34296813544502,27.67626761887844]]}},{"type":"Feature","properties":{},"geometry":{"type":"LineString","coordinates":[[85.34294409381208,27.676307469752256],[85.34294530714402,27.676318632637795]]}},{"type":"Feature","properties":{},"geometry":{"type":"LineString","coordinates":[[85.3428466376181,27.676331394957202],[85.34284942164895,27.676339916801474]]}},{"type":"Feature","properties":{},"geometry":{"type":"LineString","coordinates":[[85.3427609463303,27.6763599041282],[85.3427629728961,27.676366353669046]]}},{"type":"Feature","properties":{},"geometry":{"type":"LineString","coordinates":[[85.34265407370624,27.6764344076856],[85.34259907594846,27.67644017223658]]}},{"type":"Feature","properties":{},"geometry":{"type":"LineString","coordinates":[[85.34260085638205,27.67621908269703],[85.34255650885449,27.6762364569789]]}},{"type":"Feature","properties":{},"geometry":{"type":"LineString","coordinates":[[85.34339598279287,27.675959236092414],[85.34341028664949,27.675939473298424]]}},{"type":"Feature","properties":{},"geometry":{"type":"LineString","coordinates":[[85.34313974365296,27.67622807730237],[85.34317647023792,27.67631994280184]]}},{"type":"Feature","properties":{},"geometry":{"type":"LineString","coordinates":[[85.34314020180902,27.676227142319025],[85.34317708326536,27.676320636076703]]}},{"type":"Feature","properties":{},"geometry":{"type":"LineString","coordinates":[[85.34291912610935,27.67610325841234],[85.34292248839418,27.676088312594533]]}},{"type":"Feature","properties":{},"geometry":{"type":"LineString","coordinates":[[85.3429196495326,27.676105320696337],[85.3428861535573,27.676078248562884]]}},{"type":"Feature","properties":{},"geometry":{"type":"LineString","coordinates":[[85.34293630054114,27.676207733445185],[85.34294440404886,27.676205572188007]]}},{"type":"Feature","properties":{},"geometry":{"type":"LineString","coordinates":[[85.34293269048696,27.676184687718646],[85.34290952332302,27.676187424213776]]}},{"type":"Feature","properties":{},"geometry":{"type":"LineString","coordinates":[[85.34292462926898,27.67614367842418],[85.34293112545392,27.676142553930404]]}},{"type":"Feature","properties":{},"geometry":{"type":"LineString","coordinates":[[85.34339996726835,27.676320224949723],[85.3434045321819,27.676325146124558]]}},{"type":"Feature","properties":{},"geometry":{"type":"LineString","coordinates":[[85.34339173559373,27.676294128377915],[85.34338433739525,27.676295301674426]]}},{"type":"Feature","properties":{},"geometry":{"type":"LineString","coordinates":[[85.3434795419644,27.675457193875985],[85.34346832091806,27.675466355116594]]}},{"type":"Feature","properties":{},"geometry":{"type":"LineString","coordinates":[[85.343582388677,27.675462831798832],[85.3435823941815,27.67545494081562]]}},{"type":"Feature","properties":{},"geometry":{"type":"LineString","coordinates":[[85.34360517463445,27.67518745997571],[85.34359402523629,27.67519261383243]]}},{"type":"Feature","properties":{},"geometry":{"type":"LineString","coordinates":[[85.34372938116931,27.675303149159138],[85.34372020119179,27.675313368252482]]}},{"type":"Feature","properties":{},"geometry":{"type":"LineString","coordinates":[[85.34394897542369,27.67547695159024],[85.34394303082114,27.67548459376886]]}},{"type":"Feature","properties":{},"geometry":{"type":"LineString","coordinates":[[85.34410078577993,27.67586309563804],[85.34405935528721,27.675871465280753]]}},{"type":"Feature","properties":{},"geometry":{"type":"LineString","coordinates":[[85.34363007239999,27.675961057925555],[85.34359956209245,27.67596159294667]]}},{"type":"Feature","properties":{},"geometry":{"type":"LineString","coordinates":[[85.3436367485915,27.675876971683877],[85.34359564639912,27.67587453158652]]}},{"type":"Feature","properties":{},"geometry":{"type":"LineString","coordinates":[[85.34374772631429,27.675852171439345],[85.34374331638358,27.67582535069955]]}},{"type":"Feature","properties":{},"geometry":{"type":"LineString","coordinates":[[85.3436116225506,27.67567054004307],[85.34358559305794,27.675666724168504]]}},{"type":"Feature","properties":{},"geometry":{"type":"LineString","coordinates":[[85.34362161626716,27.67563897711154],[85.34360971742024,27.675635543209626]]}},{"type":"Feature","properties":{},"geometry":{"type":"LineString","coordinates":[[85.34423738370845,27.675681022138523],[85.3442316864711,27.675688328827732]]}},{"type":"Feature","properties":{},"geometry":{"type":"LineString","coordinates":[[85.34362792150245,27.67584619005558],[85.3434419603861,27.67585873936097]]}},{"type":"Feature","properties":{},"geometry":{"type":"LineString","coordinates":[[85.34338625335583,27.67759025867482],[85.34355757431851,27.677866871340186]]}},{"type":"Feature","properties":{},"geometry":{"type":"LineString","coordinates":[[85.34338761107016,27.67758943824323],[85.34349580032863,27.677757554224417]]}},{"type":"Feature","properties":{},"geometry":{"type":"LineString","coordinates":[[85.34357940307184,27.67746759883451],[85.34358667354903,27.677479935265925]]}},{"type":"Feature","properties":{},"geometry":{"type":"LineString","coordinates":[[85.3437319997716,27.67739083797944],[85.34373984858937,27.677416584275598]]}},{"type":"Feature","properties":{},"geometry":{"type":"LineString","coordinates":[[85.34373414980544,27.677390250851996],[85.34373048553198,27.677346191185485]]}},{"type":"Feature","properties":{},"geometry":{"type":"LineString","coordinates":[[85.34385799075635,27.677379936967828],[85.34385491802928,27.6773430994088]]}},{"type":"Feature","properties":{},"geometry":{"type":"LineString","coordinates":[[85.34421993181648,27.67745588175215],[85.34422837741872,27.677456720997935]]}},{"type":"Feature","properties":{},"geometry":{"type":"LineString","coordinates":[[85.34422271649977,27.677561231607665],[85.34423750866004,27.677561999600435]]}},{"type":"Feature","properties":{},"geometry":{"type":"LineString","coordinates":[[85.34417517532376,27.677271679276615],[85.34418746766742,27.677271151104794]]}},{"type":"Feature","properties":{},"geometry":{"type":"LineString","coordinates":[[85.34421238742982,27.67716163587998],[85.34419988130864,27.67712888244752]]}},{"type":"Feature","properties":{},"geometry":{"type":"LineString","coordinates":[[85.34432837415174,27.677163888737393],[85.34433394554961,27.677173670445626]]}},{"type":"Feature","properties":{},"geometry":{"type":"LineString","coordinates":[[85.34437121195324,27.677157020556102],[85.3443723211972,27.677175834962874]]}},{"type":"Feature","properties":{},"geometry":{"type":"LineString","coordinates":[[85.34461872595071,27.6771544794439],[85.34462705961916,27.6771562189808]]}},{"type":"Feature","properties":{},"geometry":{"type":"LineString","coordinates":[[85.34463773267443,27.67736487764504],[85.34462336315488,27.67736768255152]]}},{"type":"Feature","properties":{},"geometry":{"type":"LineString","coordinates":[[85.34464582704611,27.67744273230675],[85.34466299538133,27.677444185711025]]}},{"type":"Feature","properties":{},"geometry":{"type":"LineString","coordinates":[[85.34473971628854,27.677148768929584],[85.3447418874709,27.677156999111556]]}},{"type":"Feature","properties":{},"geometry":{"type":"LineString","coordinates":[[85.34480517361573,27.677151692877562],[85.34481031055326,27.677101801376786]]}},{"type":"Feature","properties":{},"geometry":{"type":"LineString","coordinates":[[85.34499783212293,27.677171555006495],[85.34500608554025,27.67719818877474]]}},{"type":"Feature","properties":{},"geometry":{"type":"LineString","coordinates":[[85.3446241643937,27.67721053090546],[85.34465452126261,27.677210983939975]]}},{"type":"Feature","properties":{},"geometry":{"type":"LineString","coordinates":[[85.34502832663169,27.677170140408922],[85.34502132409254,27.67711332114733]]}},{"type":"Feature","properties":{},"geometry":{"type":"LineString","coordinates":[[85.34512111255836,27.677161211621666],[85.34512942402729,27.677170948415778]]}},{"type":"Feature","properties":{},"geometry":{"type":"LineString","coordinates":[[85.34531776498423,27.676981674091937],[85.34532321063908,27.6769792210103]]}},{"type":"Feature","properties":{},"geometry":{"type":"LineString","coordinates":[[85.34530862643817,27.67694528757149],[85.34528310726401,27.676951377341002]]}},{"type":"Feature","properties":{},"geometry":{"type":"LineString","coordinates":[[85.34528869964453,27.676874818002464],[85.34526046020541,27.67687607999027]]}},{"type":"Feature","properties":{},"geometry":{"type":"LineString","coordinates":[[85.34536093015362,27.67708754242703],[85.34536445807828,27.6770929331186]]}},{"type":"Feature","properties":{},"geometry":{"type":"LineString","coordinates":[[85.34556454245863,27.67706639788981],[85.34556794934376,27.677066635338072]]}},{"type":"Feature","properties":{},"geometry":{"type":"LineString","coordinates":[[85.34559408887462,27.677267559683777],[85.34558878477067,27.67726808660558]]}},{"type":"Feature","properties":{},"geometry":{"type":"LineString","coordinates":[[85.34559752472714,27.67730617327845],[85.34560308826622,27.67730625868058]]}},{"type":"Feature","properties":{},"geometry":{"type":"LineString","coordinates":[[85.34559936356547,27.67731506827395],[85.34560678787551,27.677313578375127]]}},{"type":"Feature","properties":{},"geometry":{"type":"LineString","coordinates":[[85.34560371952533,27.677338843095264],[85.34557798419789,27.677336868700035]]}},{"type":"Feature","properties":{},"geometry":{"type":"LineString","coordinates":[[85.34560609828752,27.677360347838523],[85.34561519499415,27.67735747173061]]}},{"type":"Feature","properties":{},"geometry":{"type":"LineString","coordinates":[[85.34563139002633,27.67743999636046],[85.3456063923718,27.67744806991614]]}},{"type":"Feature","properties":{},"geometry":{"type":"LineString","coordinates":[[85.34563472199247,27.67744904096171],[85.34564027034783,27.677445761450528]]}},{"type":"Feature","properties":{},"geometry":{"type":"LineString","coordinates":[[85.3456479076238,27.677484835885842],[85.34562633538906,27.67749137900456]]}},{"type":"Feature","properties":{},"geometry":{"type":"LineString","coordinates":[[85.34562622732078,27.677423739226093],[85.34564332614964,27.67742052185148]]}},{"type":"Feature","properties":{},"geometry":{"type":"LineString","coordinates":[[85.34567823766733,27.677567606947846],[85.34565268371522,27.67757774523422]]}},{"type":"Feature","properties":{},"geometry":{"type":"LineString","coordinates":[[85.34568206712154,27.677577949950503],[85.3456575801553,27.677588730965205]]}},{"type":"Feature","properties":{},"geometry":{"type":"LineString","coordinates":[[85.34576499098624,27.67722036359436],[85.3457668937627,27.67722333406772]]}},{"type":"Feature","properties":{},"geometry":{"type":"LineString","coordinates":[[85.34586747497977,27.677226982938805],[85.34587754195626,27.677221881864313]]}},{"type":"Feature","properties":{},"geometry":{"type":"LineString","coordinates":[[85.34585274330176,27.676857645113284],[85.34586512986918,27.676875554440493]]}},{"type":"Feature","properties":{},"geometry":{"type":"LineString","coordinates":[[85.34554732474749,27.676667470733815],[85.34555345192321,27.67666466385709]]}},{"type":"Feature","properties":{},"geometry":{"type":"LineString","coordinates":[[85.34552948306728,27.676623653322174],[85.34554007585601,27.676620456627337]]}},{"type":"Feature","properties":{},"geometry":{"type":"LineString","coordinates":[[85.34549092075956,27.676482319896262],[85.34548183922607,27.67648991203797]]}},{"type":"Feature","properties":{},"geometry":{"type":"LineString","coordinates":[[85.345785297912,27.676707174138954],[85.34577210573116,27.676716358057902]]}},{"type":"Feature","properties":{},"geometry":{"type":"LineString","coordinates":[[85.34533183932092,27.67638303386571],[85.34531336664992,27.676385934244752]]}},{"type":"Feature","properties":{},"geometry":{"type":"LineString","coordinates":[[85.34529770212251,27.676365634555005],[85.34528981232968,27.67637103958458]]}},{"type":"Feature","properties":{},"geometry":{"type":"LineString","coordinates":[[85.34522525987416,27.676320082702137],[85.34522058535292,27.676326867336357]]}},{"type":"Feature","properties":{},"geometry":{"type":"LineString","coordinates":[[85.34517227172373,27.676286493747163],[85.34516626362299,27.676293710116127]]}},{"type":"Feature","properties":{},"geometry":{"type":"LineString","coordinates":[[85.3449113470051,27.676135840909748],[85.34499279051737,27.676316036437623]]}},{"type":"Feature","properties":{},"geometry":{"type":"LineString","coordinates":[[85.34488051521545,27.676141288595943],[85.34489055604334,27.676157353130385]]}},{"type":"Feature","properties":{},"geometry":{"type":"LineString","coordinates":[[85.34487654314988,27.676141623819905],[85.3448901357791,27.676157658588345]]}},{"type":"Feature","properties":{},"geometry":{"type":"LineString","coordinates":[[85.34477211900531,27.676204321295415],[85.3447410684462,27.676162750365688]]}},{"type":"Feature","properties":{},"geometry":{"type":"LineString","coordinates":[[85.34593229315404,27.677600569693237],[85.34594628715193,27.677597253832417]]}},{"type":"Feature","properties":{},"geometry":{"type":"LineString","coordinates":[[85.34593196817976,27.67759939519677],[85.34594619542952,27.67759674730546]]}},{"type":"Feature","properties":{},"geometry":{"type":"LineString","coordinates":[[85.3459146912372,27.677573790945466],[85.34591244116496,27.677565272824257]]}},{"type":"Feature","properties":{},"geometry":{"type":"LineString","coordinates":[[85.34585241850064,27.677608311999943],[85.34585682642164,27.67761087916105]]}},{"type":"Feature","properties":{},"geometry":{"type":"LineString","coordinates":[[85.34574097504333,27.677771778008925],[85.34572216041698,27.677784505899044]]}},{"type":"Feature","properties":{},"geometry":{"type":"LineString","coordinates":[[85.34575065849329,27.677789374369326],[85.34574489816109,27.67779077493781]]}},{"type":"Feature","properties":{},"geometry":{"type":"LineString","coordinates":[[85.34585043584936,27.677847551549572],[85.34587169450118,27.677839620131564]]}},{"type":"Feature","properties":{},"geometry":{"type":"LineString","coordinates":[[85.34585976364322,27.677873816321384],[85.34588059766324,27.677868162396763]]}},{"type":"Feature","properties":{},"geometry":{"type":"LineString","coordinates":[[85.34587804905911,27.6779247403075],[85.34589119055953,27.67792908961416]]}},{"type":"Feature","properties":{},"geometry":{"type":"LineString","coordinates":[[85.34582997311851,27.677943821162465],[85.34583156554812,27.677926682580107]]}},{"type":"Feature","properties":{},"geometry":{"type":"LineString","coordinates":[[85.34584484691388,27.678028730790736],[85.345873179276,27.678023070742274]]}},{"type":"Feature","properties":{},"geometry":{"type":"LineString","coordinates":[[85.3458478791338,27.678041186178948],[85.34586472172067,27.67804354261668]]}},{"type":"Feature","properties":{},"geometry":{"type":"LineString","coordinates":[[85.34585127972058,27.678080195568125],[85.34584270975553,27.678078589566503]]}},{"type":"Feature","properties":{},"geometry":{"type":"LineString","coordinates":[[85.34582735553631,27.67777977733251],[85.34585139070543,27.677767359071336]]}},{"type":"Feature","properties":{},"geometry":{"type":"LineString","coordinates":[[85.34429346273264,27.676649952150218],[85.34427013588265,27.676630265659654]]}},{"type":"Feature","properties":{},"geometry":{"type":"LineString","coordinates":[[85.34290188178736,27.67775781159039],[85.34284939937744,27.67777434130888]]}},{"type":"Feature","properties":{},"geometry":{"type":"LineString","coordinates":[[85.34289278816519,27.677732603628126],[85.34290759646555,27.67773028792349]]}},{"type":"Feature","properties":{},"geometry":{"type":"LineString","coordinates":[[85.34283337526412,27.677582238268627],[85.34285489418082,27.677581656334286]]}},{"type":"Feature","properties":{},"geometry":{"type":"LineString","coordinates":[[85.34278560083847,27.677369699677012],[85.34281637742684,27.677363907938545]]}},{"type":"Feature","properties":{},"geometry":{"type":"LineString","coordinates":[[85.3427050317691,27.67731014813021],[85.3427025301136,27.677321603221362]]}},{"type":"Feature","properties":{},"geometry":{"type":"LineString","coordinates":[[85.34264058727994,27.677327099655717],[85.34263778907676,27.677324485768455]]}},{"type":"Feature","properties":{},"geometry":{"type":"LineString","coordinates":[[85.34240223390621,27.677637360374696],[85.34236848944987,27.67765398417376]]}},{"type":"Feature","properties":{},"geometry":{"type":"LineString","coordinates":[[85.34262631613139,27.67755829184357],[85.3426128034412,27.67753522781071]]}},{"type":"Feature","properties":{},"geometry":{"type":"LineString","coordinates":[[85.34249652566969,27.67737354890051],[85.34248999250966,27.677380273286957]]}},{"type":"Feature","properties":{},"geometry":{"type":"LineString","coordinates":[[85.3424977949316,27.67737361824183],[85.34249269927199,27.677379609805723]]}},{"type":"Feature","properties":{},"geometry":{"type":"LineString","coordinates":[[85.34275376994366,27.677235123247243],[85.34278210743247,27.677230327636895]]}},{"type":"Feature","properties":{},"geometry":{"type":"LineString","coordinates":[[85.34274340077982,27.67716211329601],[85.3426784199204,27.677161345767995]]}},{"type":"Feature","properties":{},"geometry":{"type":"LineString","coordinates":[[85.34274324217095,27.676974229965726],[85.34277335912218,27.67696780306482]]}},{"type":"Feature","properties":{},"geometry":{"type":"LineString","coordinates":[[85.3427418092228,27.676967744204227],[85.34266574335074,27.67697517825143]]}},{"type":"Feature","properties":{},"geometry":{"type":"LineString","coordinates":[[85.34282217449021,27.67708961025415],[85.34282025131542,27.677072482008047]]}},{"type":"Feature","properties":{},"geometry":{"type":"LineString","coordinates":[[85.34272932165568,27.676878654242575],[85.34275580035907,27.67687509275338]]}},{"type":"Feature","properties":{},"geometry":{"type":"LineString","coordinates":[[85.34271284435212,27.676785427967232],[85.34272538561203,27.676782644707146]]}},{"type":"Feature","properties":{},"geometry":{"type":"LineString","coordinates":[[85.34307781863127,27.677105030740876],[85.34307848750133,27.677112436089793]]}},{"type":"Feature","properties":{},"geometry":{"type":"LineString","coordinates":[[85.34307299319008,27.677103465751884],[85.34307428391914,27.67708639400309]]}},{"type":"Feature","properties":{},"geometry":{"type":"LineString","coordinates":[[85.34319493987005,27.67709753065632],[85.34319756738755,27.677104267171647]]}},{"type":"Feature","properties":{},"geometry":{"type":"LineString","coordinates":[[85.34329034781115,27.677077499628133],[85.3432994824499,27.67707634439883]]}},{"type":"Feature","properties":{},"geometry":{"type":"LineString","coordinates":[[85.34326981933327,27.67697496833891],[85.3432790835398,27.676974699165186]]}},{"type":"Feature","properties":{},"geometry":{"type":"LineString","coordinates":[[85.34326280942142,27.676918833065354],[85.34323753239903,27.676898054454504]]}},{"type":"Feature","properties":{},"geometry":{"type":"LineString","coordinates":[[85.34326195153534,27.676909373946373],[85.34326006136962,27.676876281688763]]}},{"type":"Feature","properties":{},"geometry":{"type":"LineString","coordinates":[[85.34343316532578,27.67708194242189],[85.34343685768631,27.677092621396536]]}},{"type":"Feature","properties":{},"geometry":{"type":"LineString","coordinates":[[85.34350714895605,27.676992462372688],[85.34348012701317,27.67699762496126]]}},{"type":"Feature","properties":{},"geometry":{"type":"LineString","coordinates":[[85.34349533895741,27.67693293927319],[85.34347268940103,27.676936434779375]]}},{"type":"Feature","properties":{},"geometry":{"type":"LineString","coordinates":[[85.34349521175423,27.67692773000376],[85.34350224536445,27.6769268700425]]}},{"type":"Feature","properties":{},"geometry":{"type":"LineString","coordinates":[[85.34345354695522,27.676741296176324],[85.34343609675643,27.676746168880456]]}},{"type":"Feature","properties":{},"geometry":{"type":"LineString","coordinates":[[85.34341944239605,27.676574269254555],[85.34333647731775,27.67655251464326]]}},{"type":"Feature","properties":{},"geometry":{"type":"LineString","coordinates":[[85.34341949651852,27.676575519941935],[85.34339979945028,27.67658182339983]]}},{"type":"Feature","properties":{},"geometry":{"type":"LineString","coordinates":[[85.34341941742781,27.676573841144382],[85.3433345376929,27.676551252236496]]}},{"type":"Feature","properties":{},"geometry":{"type":"LineString","coordinates":[[85.34504507585956,27.6762065194372],[85.34503974695363,27.676210779919565]]}},{"type":"Feature","properties":{},"geometry":{"type":"LineString","coordinates":[[85.34306674706933,27.678683199429948],[85.34307714554201,27.678683490791517]]}},{"type":"Feature","properties":{},"geometry":{"type":"LineString","coordinates":[[85.34304777805139,27.678621627610635],[85.3430002582622,27.678626917642035]]}},{"type":"Feature","properties":{},"geometry":{"type":"LineString","coordinates":[[85.34303248367476,27.67853490039134],[85.34304341737335,27.678534994180033]]}},{"type":"Feature","properties":{},"geometry":{"type":"LineString","coordinates":[[85.34302459327971,27.67836830974422],[85.34294563573089,27.67838053257981]]}},{"type":"Feature","properties":{},"geometry":{"type":"LineString","coordinates":[[85.34302298448941,27.678297571647324],[85.34307132213561,27.67829397104288]]}},{"type":"Feature","properties":{},"geometry":{"type":"LineString","coordinates":[[85.34301777806793,27.678215521202272],[85.34303237849775,27.678217175147616]]}},{"type":"Feature","properties":{},"geometry":{"type":"LineString","coordinates":[[85.34302124291428,27.67826760311188],[85.34317309535882,27.678239516982316],[85.34317480858115,27.678257864772448]]}},{"type":"Feature","properties":{},"geometry":{"type":"LineString","coordinates":[[85.34298619036558,27.678009320908572],[85.3430122186393,27.67800942378266]]}},{"type":"Feature","properties":{},"geometry":{"type":"LineString","coordinates":[[85.34297884338088,27.677974046882706],[85.34293859906977,27.677989074062328]]}},{"type":"Feature","properties":{},"geometry":{"type":"LineString","coordinates":[[85.3415189439935,27.67842262828439],[85.34154314364238,27.67843271527152]]}},{"type":"Feature","properties":{},"geometry":{"type":"LineString","coordinates":[[85.34151601823496,27.678421881137044],[85.34152297639696,27.67843380687805]]}},{"type":"Feature","properties":{},"geometry":{"type":"LineString","coordinates":[[85.34137535211485,27.678370425404964],[85.34137341494987,27.678363363179837]]}},{"type":"Feature","properties":{},"geometry":{"type":"LineString","coordinates":[[85.34114722186531,27.678391348568645],[85.3411500781798,27.678385218323672]]}},{"type":"Feature","properties":{},"geometry":{"type":"LineString","coordinates":[[85.34108850943493,27.678444075780327],[85.34108730883017,27.67845408788716]]}},{"type":"Feature","properties":{},"geometry":{"type":"LineString","coordinates":[[85.34088709083794,27.678476025429138],[85.34090382052321,27.678491617088422]]}},{"type":"Feature","properties":{},"geometry":{"type":"LineString","coordinates":[[85.34085087429901,27.678550935123152],[85.34086608287714,27.67855850200021]]}},{"type":"Feature","properties":{},"geometry":{"type":"LineString","coordinates":[[85.34077719182247,27.678702244068862],[85.34076085447259,27.67870415944247]]}},{"type":"Feature","properties":{},"geometry":{"type":"LineString","coordinates":[[85.34082764976591,27.67874196522374],[85.3408346194984,27.67873152220984]]}},{"type":"Feature","properties":{},"geometry":{"type":"LineString","coordinates":[[85.34091036522187,27.678773197013733],[85.34091989870522,27.678760621278943]]}},{"type":"Feature","properties":{},"geometry":{"type":"LineString","coordinates":[[85.34104455836189,27.678812306364325],[85.3410732566407,27.678799433059865]]}},{"type":"Feature","properties":{},"geometry":{"type":"LineString","coordinates":[[85.34081576256226,27.678437167155735],[85.3408125397577,27.678445408592378]]}},{"type":"Feature","properties":{},"geometry":{"type":"LineString","coordinates":[[85.3407584304222,27.678436793580723],[85.34075095519158,27.678453247871243]]}},{"type":"Feature","properties":{},"geometry":{"type":"LineString","coordinates":[[85.3406766582576,27.678435332957648],[85.34067619061133,27.67844232667035]]}},{"type":"Feature","properties":{},"geometry":{"type":"LineString","coordinates":[[85.34065614197137,27.67843443102479],[85.34065508331278,27.678440281340432]]}},{"type":"Feature","properties":{},"geometry":{"type":"LineString","coordinates":[[85.34067597150813,27.678381700321463],[85.34067574341938,27.678373717196777]]}},{"type":"Feature","properties":{},"geometry":{"type":"LineString","coordinates":[[85.3408695720199,27.67808882881117],[85.34086013969838,27.678089616581016]]}},{"type":"Feature","properties":{},"geometry":{"type":"LineString","coordinates":[[85.3408588641907,27.678025427823155],[85.3408976785354,27.67801937267758]]}},{"type":"Feature","properties":{},"geometry":{"type":"LineString","coordinates":[[85.34069008875666,27.678026960388177],[85.34069045246642,27.678030666123846]]}},{"type":"Feature","properties":{},"geometry":{"type":"LineString","coordinates":[[85.34074977544608,27.6780217889112],[85.34074164659843,27.67799482698234]]}},{"type":"Feature","properties":{},"geometry":{"type":"LineString","coordinates":[[85.34055069170908,27.67804412496863],[85.34054974117743,27.678047986445044]]}},{"type":"Feature","properties":{},"geometry":{"type":"LineString","coordinates":[[85.34053745149913,27.67804243019824],[85.34053698750917,27.67802262258018]]}},{"type":"Feature","properties":{},"geometry":{"type":"LineString","coordinates":[[85.34052036776535,27.678043158770233],[85.3405056532545,27.67803041169523]]}},{"type":"Feature","properties":{},"geometry":{"type":"LineString","coordinates":[[85.34051731893871,27.678045054614334],[85.34050767580692,27.678050130581585]]}},{"type":"Feature","properties":{},"geometry":{"type":"LineString","coordinates":[[85.34083983002623,27.677827251421647],[85.34083147677566,27.6778298274416]]}},{"type":"Feature","properties":{},"geometry":{"type":"LineString","coordinates":[[85.3410761625086,27.677804411555194],[85.34107718866932,27.677777026779083]]}},{"type":"Feature","properties":{},"geometry":{"type":"LineString","coordinates":[[85.34131583222624,27.677780307954205],[85.34131743095051,27.677786418444423]]}},{"type":"Feature","properties":{},"geometry":{"type":"LineString","coordinates":[[85.34132529241687,27.67777847893715],[85.34133414994747,27.67775433514463]]}},{"type":"Feature","properties":{},"geometry":{"type":"LineString","coordinates":[[85.34133033018581,27.6777782703007],[85.34136861922619,27.677758327427384]]}},{"type":"Feature","properties":{},"geometry":{"type":"LineString","coordinates":[[85.34136033368911,27.677904114554345],[85.3413823601149,27.67790088000031]]}},{"type":"Feature","properties":{},"geometry":{"type":"LineString","coordinates":[[85.3413653907891,27.677946243214524],[85.34137362567026,27.677976262433738],[85.34125667429763,27.677997816665062]]}},{"type":"Feature","properties":{},"geometry":{"type":"LineString","coordinates":[[85.34136564921293,27.677948397098376],[85.34137362567026,27.677976262433738],[85.34126207658369,27.67799911515116]]}},{"type":"Feature","properties":{},"geometry":{"type":"LineString","coordinates":[[85.34082824974716,27.67772431257388],[85.34081992982172,27.677725086589795]]}},{"type":"Feature","properties":{},"geometry":{"type":"LineString","coordinates":[[85.34083070827312,27.677716663985084],[85.3408633131645,27.677713743051623]]}},{"type":"Feature","properties":{},"geometry":{"type":"LineString","coordinates":[[85.3411493927631,27.6776342489215],[85.34114714989806,27.677613201547818]]}},{"type":"Feature","properties":{},"geometry":{"type":"LineString","coordinates":[[85.34121430665961,27.67763080866114],[85.34121659206554,27.677637433709165]]}},{"type":"Feature","properties":{},"geometry":{"type":"LineString","coordinates":[[85.34123768306804,27.67762974559705],[85.34125987161894,27.677629599741547]]}},{"type":"Feature","properties":{},"geometry":{"type":"LineString","coordinates":[[85.34067034676154,27.67748183959344],[85.34066848354827,27.67746049801674]]}},{"type":"Feature","properties":{},"geometry":{"type":"LineString","coordinates":[[85.34060347058765,27.677492296926584],[85.34057485153328,27.67752617355333]]}},{"type":"Feature","properties":{},"geometry":{"type":"LineString","coordinates":[[85.34052294680994,27.67749917455405],[85.34051669860489,27.67748147279599]]}},{"type":"Feature","properties":{},"geometry":{"type":"LineString","coordinates":[[85.34045343248542,27.677509308682712],[85.34044650699268,27.67748698404287]]}},{"type":"Feature","properties":{},"geometry":{"type":"LineString","coordinates":[[85.3404459903117,27.67751251204059],[85.34045106157406,27.677540736129625]]}},{"type":"Feature","properties":{},"geometry":{"type":"LineString","coordinates":[[85.3403691220803,27.677520344954946],[85.34036980748428,27.67754951291832]]}},{"type":"Feature","properties":{},"geometry":{"type":"LineString","coordinates":[[85.34028694037045,27.677522482216315],[85.3402879053369,27.677556359451465]]}},{"type":"Feature","properties":{},"geometry":{"type":"LineString","coordinates":[[85.34013653461871,27.67752712692389],[85.3401348727657,27.67751259031393]]}},{"type":"Feature","properties":{},"geometry":{"type":"LineString","coordinates":[[85.34010952109307,27.677527490962767],[85.34011211990584,27.677514187756483]]}},{"type":"Feature","properties":{},"geometry":{"type":"LineString","coordinates":[[85.3400548625673,27.67752780801521],[85.34005001449542,27.677509906404012]]}},{"type":"Feature","properties":{},"geometry":{"type":"LineString","coordinates":[[85.33993050186007,27.677532174340293],[85.3399248487301,27.677518839031016]]}},{"type":"Feature","properties":{},"geometry":{"type":"LineString","coordinates":[[85.33984022681958,27.677550672430762],[85.3398499217893,27.677584805924646]]}},{"type":"Feature","properties":{},"geometry":{"type":"LineString","coordinates":[[85.33980162010238,27.67756606760587],[85.3397998824251,27.677555207093555]]}},{"type":"Feature","properties":{},"geometry":{"type":"LineString","coordinates":[[85.3400816883134,27.677576003711597],[85.34005967113849,27.677573331850205]]}},{"type":"Feature","properties":{},"geometry":{"type":"LineString","coordinates":[[85.34008935369135,27.67765036862974],[85.34006076047032,27.67764256185078]]}},{"type":"Feature","properties":{},"geometry":{"type":"LineString","coordinates":[[85.34010156982706,27.677768469036888],[85.34007715887296,27.677795575371263]]}},{"type":"Feature","properties":{},"geometry":{"type":"LineString","coordinates":[[85.34010182188551,27.677769500067573],[85.34008773751447,27.677796281581333]]}},{"type":"Feature","properties":{},"geometry":{"type":"LineString","coordinates":[[85.34019337890699,27.677766467110505],[85.34019549532661,27.67778460043318]]}},{"type":"Feature","properties":{},"geometry":{"type":"LineString","coordinates":[[85.34023505040653,27.677761935601257],[85.34023377745771,27.677754398454233]]}},{"type":"Feature","properties":{},"geometry":{"type":"LineString","coordinates":[[85.34028954375864,27.677757530635333],[85.34028890309091,27.677775967574533]]}},{"type":"Feature","properties":{},"geometry":{"type":"LineString","coordinates":[[85.3403188117018,27.677753368546693],[85.34034300063632,27.6777463756553]]}},{"type":"Feature","properties":{},"geometry":{"type":"LineString","coordinates":[[85.34037031191403,27.67834663936726],[85.34037577001098,27.67833505909641]]}},{"type":"Feature","properties":{},"geometry":{"type":"LineString","coordinates":[[85.34026274365758,27.67831604091051],[85.34026454944811,27.67830442861407]]}},{"type":"Feature","properties":{},"geometry":{"type":"LineString","coordinates":[[85.33999834171108,27.678248809137262],[85.34000975363459,27.678225587778364]]}},{"type":"Feature","properties":{},"geometry":{"type":"LineString","coordinates":[[85.33990523906829,27.678209816716393],[85.33991306549686,27.678183419625633]]}},{"type":"Feature","properties":{},"geometry":{"type":"LineString","coordinates":[[85.33995795500343,27.678282138443482],[85.33993865261574,27.67830240142566]]}},{"type":"Feature","properties":{},"geometry":{"type":"LineString","coordinates":[[85.33988531990249,27.67826007232244],[85.33988288658719,27.67827114368183]]}},{"type":"Feature","properties":{},"geometry":{"type":"LineString","coordinates":[[85.3397230625634,27.678153507002772],[85.33972496817272,27.678146895162854]]}},{"type":"Feature","properties":{},"geometry":{"type":"LineString","coordinates":[[85.33946987094448,27.6779381648801],[85.33945970310745,27.67794749815206]]}},{"type":"Feature","properties":{},"geometry":{"type":"LineString","coordinates":[[85.33946984355231,27.677936691582207],[85.33945611573576,27.677941631862392]]}},{"type":"Feature","properties":{},"geometry":{"type":"LineString","coordinates":[[85.33997757803917,27.67726487733068],[85.34001553652517,27.677308235181368]]}},{"type":"Feature","properties":{},"geometry":{"type":"LineString","coordinates":[[85.33998920168204,27.677259092258318],[85.34000080451118,27.67725904177044]]}},{"type":"Feature","properties":{},"geometry":{"type":"LineString","coordinates":[[85.33998408150991,27.677260796295403],[85.33996441871302,27.677133535052487]]}},{"type":"Feature","properties":{},"geometry":{"type":"LineString","coordinates":[[85.33972541905254,27.677306345733424],[85.33972356603338,27.677299559776028]]}},{"type":"Feature","properties":{},"geometry":{"type":"LineString","coordinates":[[85.3396560010672,27.6773157450357],[85.33965751461346,27.677308979574633]]}},{"type":"Feature","properties":{},"geometry":{"type":"LineString","coordinates":[[85.33957787341237,27.677327557125423],[85.33957817942715,27.67731871936533]]}},{"type":"Feature","properties":{},"geometry":{"type":"LineString","coordinates":[[85.33898328380141,27.677439775089674],[85.33896634183886,27.67745251456643]]}},{"type":"Feature","properties":{},"geometry":{"type":"LineString","coordinates":[[85.33899006965379,27.677434857210375],[85.33896502123156,27.67743553611584]]}},{"type":"Feature","properties":{},"geometry":{"type":"LineString","coordinates":[[85.33929680278327,27.677131873037272],[85.33927713676019,27.677141800027268]]}},{"type":"Feature","properties":{},"geometry":{"type":"LineString","coordinates":[[85.33902150838996,27.677421497315475],[85.33901794106019,27.67741377289531]]}},{"type":"Feature","properties":{},"geometry":{"type":"LineString","coordinates":[[85.33908893345159,27.67739955871149],[85.33909470726225,27.677412415339564]]}},{"type":"Feature","properties":{},"geometry":{"type":"LineString","coordinates":[[85.3391797128528,27.67736226242799],[85.33918517826712,27.67738042689023]]}},{"type":"Feature","properties":{},"geometry":{"type":"LineString","coordinates":[[85.33914868216691,27.676498034326624],[85.33913566269871,27.676481024815214]]}},{"type":"Feature","properties":{},"geometry":{"type":"LineString","coordinates":[[85.33938795403282,27.67643364096286],[85.33938343722276,27.67641603392465]]}},{"type":"Feature","properties":{},"geometry":{"type":"LineString","coordinates":[[85.3392478343402,27.676471425328007],[85.33925366149815,27.676447712867375]]}},{"type":"Feature","properties":{},"geometry":{"type":"LineString","coordinates":[[85.33924162495802,27.676475100095654],[85.33924093431304,27.676480879900332]]}},{"type":"Feature","properties":{},"geometry":{"type":"LineString","coordinates":[[85.33911465582729,27.67620290244628],[85.33910116295482,27.676197419200843]]}},{"type":"Feature","properties":{},"geometry":{"type":"LineString","coordinates":[[85.33912078945467,27.676217771572436],[85.33912428400112,27.67621676831351]]}},{"type":"Feature","properties":{},"geometry":{"type":"LineString","coordinates":[[85.33914306348183,27.676260073329836],[85.339124846753,27.676261997577367]]}},{"type":"Feature","properties":{},"geometry":{"type":"LineString","coordinates":[[85.33917804993109,27.67630262136783],[85.33918324361652,27.676291498274487]]}},{"type":"Feature","properties":{},"geometry":{"type":"LineString","coordinates":[[85.3388361015881,27.676377712169373],[85.33882470444472,27.676384008001197]]}},{"type":"Feature","properties":{},"geometry":{"type":"LineString","coordinates":[[85.33877950248713,27.676187459885856],[85.33878467955896,27.676185343204335]]}},{"type":"Feature","properties":{},"geometry":{"type":"LineString","coordinates":[[85.33869381856468,27.67604860133596],[85.33869727296006,27.676046700466685]]}},{"type":"Feature","properties":{},"geometry":{"type":"LineString","coordinates":[[85.33710517345635,27.67818284186484],[85.3371173254081,27.6781648843183]]}},{"type":"Feature","properties":{},"geometry":{"type":"LineString","coordinates":[[85.33709834337792,27.678201379561557],[85.33708229403489,27.67819345289769]]}},{"type":"Feature","properties":{},"geometry":{"type":"LineString","coordinates":[[85.33709441023493,27.678208977879823],[85.33709951147364,27.67821013572478]]}},{"type":"Feature","properties":{},"geometry":{"type":"LineString","coordinates":[[85.33707962690922,27.67823707471655],[85.33706746754586,27.678231961982625]]}},{"type":"Feature","properties":{},"geometry":{"type":"LineString","coordinates":[[85.33720948436478,27.678351179446167],[85.33721009886602,27.678355923427418]]}},{"type":"Feature","properties":{},"geometry":{"type":"LineString","coordinates":[[85.3363762869846,27.677981525124455],[85.33637995592082,27.677977582608534]]}},{"type":"Feature","properties":{},"geometry":{"type":"LineString","coordinates":[[85.33645416192431,27.678159786106225],[85.3364763350483,27.678132162578287]]}},{"type":"Feature","properties":{},"geometry":{"type":"LineString","coordinates":[[85.33716631813628,27.677560891086582],[85.3371691130432,27.67756471807385]]}},{"type":"Feature","properties":{},"geometry":{"type":"LineString","coordinates":[[85.33705315139221,27.677625728561356],[85.33705599323001,27.677631878386336]]}},{"type":"Feature","properties":{},"geometry":{"type":"LineString","coordinates":[[85.33681137405154,27.6777466372001],[85.33681563560285,27.677742924718267]]}},{"type":"Feature","properties":{},"geometry":{"type":"LineString","coordinates":[[85.33677190677626,27.677809635425803],[85.33677626036521,27.677813900824173]]}},{"type":"Feature","properties":{},"geometry":{"type":"LineString","coordinates":[[85.33728702126378,27.677584088872546],[85.3372725406708,27.67759374657545]]}},{"type":"Feature","properties":{},"geometry":{"type":"LineString","coordinates":[[85.33732176609212,27.677619473596604],[85.33733462506054,27.6776091817841]]}},{"type":"Feature","properties":{},"geometry":{"type":"LineString","coordinates":[[85.33733314809558,27.677622492075372],[85.33733084951012,27.67762605755338]]}},{"type":"Feature","properties":{},"geometry":{"type":"LineString","coordinates":[[85.33738060315102,27.677665441126607],[85.33739450011046,27.677656498450634]]}},{"type":"Feature","properties":{},"geometry":{"type":"LineString","coordinates":[[85.33740504418728,27.677688135889834],[85.33740173259348,27.677691848962127]]}},{"type":"Feature","properties":{},"geometry":{"type":"LineString","coordinates":[[85.33743046114571,27.677714873170384],[85.33744661538087,27.677704356451247]]}},{"type":"Feature","properties":{},"geometry":{"type":"LineString","coordinates":[[85.33748460380318,27.67776348656082],[85.33747973258855,27.677766086117465]]}},{"type":"Feature","properties":{},"geometry":{"type":"LineString","coordinates":[[85.3387690700437,27.67847173421693],[85.33877279803028,27.67847587742796]]}},{"type":"Feature","properties":{},"geometry":{"type":"LineString","coordinates":[[85.33834362642062,27.67852116075178],[85.33834249432488,27.678515779679266]]}},{"type":"Feature","properties":{},"geometry":{"type":"LineString","coordinates":[[85.33863992379625,27.678486633429596],[85.3386420891971,27.678466745437735]]}},{"type":"Feature","properties":{},"geometry":{"type":"LineString","coordinates":[[85.33860998590454,27.678490029875604],[85.33861222734878,27.6784964017189]]}},{"type":"Feature","properties":{},"geometry":{"type":"LineString","coordinates":[[85.3385634296396,27.67841001235596],[85.33858462629895,27.678405479452604]]}},{"type":"Feature","properties":{},"geometry":{"type":"LineString","coordinates":[[85.33856022446072,27.678395977094656],[85.33855377859567,27.678396444921077]]}},{"type":"Feature","properties":{},"geometry":{"type":"LineString","coordinates":[[85.33855363215393,27.678349248586635],[85.33857282404733,27.678346552705523]]}},{"type":"Feature","properties":{},"geometry":{"type":"LineString","coordinates":[[85.3372431130117,27.678868098652188],[85.33725273097015,27.67886416344635]]}},{"type":"Feature","properties":{},"geometry":{"type":"LineString","coordinates":[[85.33720433776618,27.678764383686676],[85.33721619688491,27.67876241587879]]}},{"type":"Feature","properties":{},"geometry":{"type":"LineString","coordinates":[[85.33805017439819,27.67868950630916],[85.3380429853468,27.67869017729431]]}},{"type":"Feature","properties":{},"geometry":{"type":"LineString","coordinates":[[85.3379278162403,27.67878657722068],[85.33792878238843,27.67880405594813]]}},{"type":"Feature","properties":{},"geometry":{"type":"LineString","coordinates":[[85.3378230939179,27.67880045189868],[85.3378197014415,27.678792230436024]]}},{"type":"Feature","properties":{},"geometry":{"type":"LineString","coordinates":[[85.3377840478779,27.678810332021907],[85.33778551371113,27.678825541406642]]}},{"type":"Feature","properties":{},"geometry":{"type":"LineString","coordinates":[[85.33777374230996,27.678809195684142],[85.33777000622659,27.67880170567869]]}},{"type":"Feature","properties":{},"geometry":{"type":"LineString","coordinates":[[85.3376766427792,27.678823011903265],[85.33768071805991,27.67883990337694]]}},{"type":"Feature","properties":{},"geometry":{"type":"LineString","coordinates":[[85.33762080249878,27.678831565844515],[85.33762460314259,27.67884958763161]]}},{"type":"Feature","properties":{},"geometry":{"type":"LineString","coordinates":[[85.33761877696773,27.678831894433536],[85.337617171435,27.67882450580894]]}},{"type":"Feature","properties":{},"geometry":{"type":"LineString","coordinates":[[85.33755674213786,27.678845406646115],[85.33754255007771,27.67883734076634]]}},{"type":"Feature","properties":{},"geometry":{"type":"LineString","coordinates":[[85.33807835692684,27.67882275641868],[85.33810606373473,27.67882349590329]]}},{"type":"Feature","properties":{},"geometry":{"type":"LineString","coordinates":[[85.3381528799683,27.679230687230966],[85.33818172052099,27.679229137890076]]}},{"type":"Feature","properties":{},"geometry":{"type":"LineString","coordinates":[[85.33849568498634,27.678959956573646],[85.338460070642,27.678962676569864]]}},{"type":"Feature","properties":{},"geometry":{"type":"LineString","coordinates":[[85.33816485989203,27.67928972083081],[85.33819390481939,27.679284181942023]]}},{"type":"Feature","properties":{},"geometry":{"type":"LineString","coordinates":[[85.3381796390969,27.67935584779476],[85.3381718817916,27.67935768799575]]}},{"type":"Feature","properties":{},"geometry":{"type":"LineString","coordinates":[[85.33816735930793,27.678878501918025],[85.33816743060206,27.678900379789425]]}},{"type":"Feature","properties":{},"geometry":{"type":"LineString","coordinates":[[85.33831380196577,27.678859381829163],[85.33831539847856,27.678851964835896]]}},{"type":"Feature","properties":{},"geometry":{"type":"LineString","coordinates":[[85.33831480459179,27.678859318042715],[85.33831463739156,27.67887886987878]]}},{"type":"Feature","properties":{},"geometry":{"type":"LineString","coordinates":[[85.33841246104173,27.678845210212085],[85.33841207779305,27.678865171924528]]}},{"type":"Feature","properties":{},"geometry":{"type":"LineString","coordinates":[[85.33840571431053,27.67874860559085],[85.33839787304125,27.678751039582288]]}},{"type":"Feature","properties":{},"geometry":{"type":"LineString","coordinates":[[85.33839706210364,27.67869959056699],[85.33841150309915,27.678682036727658]]}},{"type":"Feature","properties":{},"geometry":{"type":"LineString","coordinates":[[85.33854378225887,27.678825496915742],[85.3385446967544,27.678820873267693]]}},{"type":"Feature","properties":{},"geometry":{"type":"LineString","coordinates":[[85.33855271402271,27.678825633835963],[85.33855858244969,27.678843157826066]]}},{"type":"Feature","properties":{},"geometry":{"type":"LineString","coordinates":[[85.33861676815509,27.67881132587344],[85.33861606510263,27.67880506003021]]}},{"type":"Feature","properties":{},"geometry":{"type":"LineString","coordinates":[[85.33864113061209,27.678807895047786],[85.33864461349089,27.678822473365557]]}},{"type":"Feature","properties":{},"geometry":{"type":"LineString","coordinates":[[85.33867453876975,27.67880102477045],[85.33868153818362,27.678815363667784]]}},{"type":"Feature","properties":{},"geometry":{"type":"LineString","coordinates":[[85.33868737278837,27.67878380813651],[85.33870666943879,27.678778817396974]]}},{"type":"Feature","properties":{},"geometry":{"type":"LineString","coordinates":[[85.33867511398473,27.678737425040655],[85.33869495207277,27.67873504286126]]}},{"type":"Feature","properties":{},"geometry":{"type":"LineString","coordinates":[[85.33867326634274,27.678723520688543],[85.33866438735859,27.67871158982658]]}},{"type":"Feature","properties":{},"geometry":{"type":"LineString","coordinates":[[85.3395966787971,27.678891895683343],[85.3396267269245,27.67888698134828]]}},{"type":"Feature","properties":{},"geometry":{"type":"LineString","coordinates":[[85.33962689644235,27.678986975618493],[85.33964296768696,27.67898261578034]]}},{"type":"Feature","properties":{},"geometry":{"type":"LineString","coordinates":[[85.33964829896583,27.679059260556215],[85.33967696711113,27.679056504826796]]}},{"type":"Feature","properties":{},"geometry":{"type":"LineString","coordinates":[[85.33964992220591,27.6790657558445],[85.3396778656593,27.679059635729413]]}},{"type":"Feature","properties":{},"geometry":{"type":"LineString","coordinates":[[85.33963370971445,27.679353602824037],[85.33962749836378,27.679366044093257]]}},{"type":"Feature","properties":{},"geometry":{"type":"LineString","coordinates":[[85.33970618555514,27.679507033125226],[85.33971880442684,27.679506114856764]]}},{"type":"Feature","properties":{},"geometry":{"type":"LineString","coordinates":[[85.33951275940679,27.67926400671068],[85.33951085434057,27.6792539582949]]}},{"type":"Feature","properties":{},"geometry":{"type":"LineString","coordinates":[[85.33950996231565,27.67926574489374],[85.33951131616693,27.67929541094836]]}},{"type":"Feature","properties":{},"geometry":{"type":"LineString","coordinates":[[85.33937451527639,27.679272600574034],[85.3393769117046,27.679307199856378]]}},{"type":"Feature","properties":{},"geometry":{"type":"LineString","coordinates":[[85.33928452149009,27.679275757289723],[85.33928263548037,27.67930740712439]]}},{"type":"Feature","properties":{},"geometry":{"type":"LineString","coordinates":[[85.33917960292463,27.678867410155746],[85.33917213124604,27.678836972166668]]}},{"type":"Feature","properties":{},"geometry":{"type":"LineString","coordinates":[[85.33917596634895,27.67915120103438],[85.33917505952317,27.679192175166676]]}},{"type":"Feature","properties":{},"geometry":{"type":"LineString","coordinates":[[85.3391784425143,27.679151107977383],[85.33915044400688,27.67913700830111]]}},{"type":"Feature","properties":{},"geometry":{"type":"LineString","coordinates":[[85.33918213191436,27.6791509689964],[85.33912969506795,27.6791405538454],[85.33909368564018,27.679037646006954]]}},{"type":"Feature","properties":{},"geometry":{"type":"LineString","coordinates":[[85.33849003410832,27.6789385758679],[85.33851302783137,27.678931936312164]]}},{"type":"Feature","properties":{},"geometry":{"type":"LineString","coordinates":[[85.3388793377011,27.678894422380793],[85.33888465056096,27.678876707575274]]}},{"type":"Feature","properties":{},"geometry":{"type":"LineString","coordinates":[[85.33879347853383,27.678918620887764],[85.33877044009978,27.678898738389]]}},{"type":"Feature","properties":{},"geometry":{"type":"LineString","coordinates":[[85.3387953542843,27.678931874833786],[85.33877782632352,27.67893340925463]]}},{"type":"Feature","properties":{},"geometry":{"type":"LineString","coordinates":[[85.33881683992794,27.679051423148785],[85.33883808796854,27.679049934240773]]}},{"type":"Feature","properties":{},"geometry":{"type":"LineString","coordinates":[[85.33858589039879,27.67913887160829],[85.33857893035233,27.679124342739712]]}},{"type":"Feature","properties":{},"geometry":{"type":"LineString","coordinates":[[85.33880735608138,27.679066530087958],[85.33881603345101,27.679087566201506]]}},{"type":"Feature","properties":{},"geometry":{"type":"LineString","coordinates":[[85.33867801772386,27.679108212118976],[85.33868867692945,27.67912577641642]]}},{"type":"Feature","properties":{},"geometry":{"type":"LineString","coordinates":[[85.33876459628061,27.679762497798922],[85.33876535839931,27.679756956229635]]}},{"type":"Feature","properties":{},"geometry":{"type":"LineString","coordinates":[[85.33873215400904,27.679769167572427],[85.33873787342502,27.679787431667798]]}},{"type":"Feature","properties":{},"geometry":{"type":"LineString","coordinates":[[85.33868910965926,27.67977485906641],[85.33869206314637,27.67976787983806]]}},{"type":"Feature","properties":{},"geometry":{"type":"LineString","coordinates":[[85.33866375222321,27.67978004425817],[85.33866596191275,27.67979668859397]]}},{"type":"Feature","properties":{},"geometry":{"type":"LineString","coordinates":[[85.33861767024942,27.67978494295465],[85.33861757804418,27.679779044558174]]}},{"type":"Feature","properties":{},"geometry":{"type":"LineString","coordinates":[[85.33858132522813,27.679791845671716],[85.3385875601757,27.67981114667339]]}},{"type":"Feature","properties":{},"geometry":{"type":"LineString","coordinates":[[85.33843118694112,27.679711434005586],[85.33845523498742,27.67971050313376]]}},{"type":"Feature","properties":{},"geometry":{"type":"LineString","coordinates":[[85.33842904814921,27.679712278410957],[85.3384484754898,27.67970382257002]]}},{"type":"Feature","properties":{},"geometry":{"type":"LineString","coordinates":[[85.33831530642915,27.679957850970386],[85.33828840945976,27.679965344406597]]}},{"type":"Feature","properties":{},"geometry":{"type":"LineString","coordinates":[[85.33831295340015,27.679929448238838],[85.3383197822389,27.67992987403712]]}},{"type":"Feature","properties":{},"geometry":{"type":"LineString","coordinates":[[85.3381514740688,27.679746595684634],[85.33812524823713,27.67973313261209]]}},{"type":"Feature","properties":{},"geometry":{"type":"LineString","coordinates":[[85.33814945101378,27.679746558776113],[85.33813474615347,27.67975253235013]]}},{"type":"Feature","properties":{},"geometry":{"type":"LineString","coordinates":[[85.33815302254405,27.679746974382507],[85.3381436280757,27.679760453231847]]}},{"type":"Feature","properties":{},"geometry":{"type":"LineString","coordinates":[[85.33825989513954,27.67966893561782],[85.338232256698,27.679676390365614]]}},{"type":"Feature","properties":{},"geometry":{"type":"LineString","coordinates":[[85.33825583525163,27.679634276659378],[85.3382607152531,27.679631502990542]]}},{"type":"Feature","properties":{},"geometry":{"type":"LineString","coordinates":[[85.3382503970233,27.67961478934869],[85.33822114951195,27.67961997562481]]}},{"type":"Feature","properties":{},"geometry":{"type":"LineString","coordinates":[[85.33824715161185,27.6795822494309],[85.33825287047698,27.67958185864171]]}},{"type":"Feature","properties":{},"geometry":{"type":"LineString","coordinates":[[85.33823769701033,27.67947064707331],[85.33823783790221,27.679462277572075]]}},{"type":"Feature","properties":{},"geometry":{"type":"LineString","coordinates":[[85.3383795326425,27.67946866984267],[85.33838190962295,27.679460461646404]]}},{"type":"Feature","properties":{},"geometry":{"type":"LineString","coordinates":[[85.33843464790296,27.679468046678128],[85.3384373544111,27.679494933748728]]}},{"type":"Feature","properties":{},"geometry":{"type":"LineString","coordinates":[[85.33844296526779,27.679467183426933],[85.3384471982946,27.67945316609029]]}},{"type":"Feature","properties":{},"geometry":{"type":"LineString","coordinates":[[85.33875317639858,27.67976484556487],[85.33875068944775,27.679741332172906]]}},{"type":"Feature","properties":{},"geometry":{"type":"LineString","coordinates":[[85.33890747173383,27.679794137321238],[85.3389240327582,27.679785492701424]]}},{"type":"Feature","properties":{},"geometry":{"type":"LineString","coordinates":[[85.33895331831106,27.67986321899916],[85.3389592667198,27.67988069068212]]}},{"type":"Feature","properties":{},"geometry":{"type":"LineString","coordinates":[[85.33902083539272,27.67985694271288],[85.33902239350276,27.67984884562733]]}},{"type":"Feature","properties":{},"geometry":{"type":"LineString","coordinates":[[85.33913840454349,27.6798454387805],[85.33917635974234,27.679864655296107]]}},{"type":"Feature","properties":{},"geometry":{"type":"LineString","coordinates":[[85.33914455967503,27.67984422373846],[85.33918635342441,27.67982731099017]]}},{"type":"Feature","properties":{},"geometry":{"type":"LineString","coordinates":[[85.33571676957806,27.678165137062713],[85.33572655511648,27.67814640209282]]}},{"type":"Feature","properties":{},"geometry":{"type":"LineString","coordinates":[[85.33625186329265,27.6786292594213],[85.33624850563099,27.678639753700228]]}},{"type":"Feature","properties":{},"geometry":{"type":"LineString","coordinates":[[85.33589212272044,27.67824071715575],[85.33590387028222,27.67822283158121]]}},{"type":"Feature","properties":{},"geometry":{"type":"LineString","coordinates":[[85.33602881684652,27.678294977315524],[85.33603789258164,27.67827872303945]]}},{"type":"Feature","properties":{},"geometry":{"type":"LineString","coordinates":[[85.33606486046851,27.67830713267245],[85.3360619237241,27.678314738415562]]}},{"type":"Feature","properties":{},"geometry":{"type":"LineString","coordinates":[[85.33610578215675,27.678323665338276],[85.33611305955003,27.67830953933802]]}},{"type":"Feature","properties":{},"geometry":{"type":"LineString","coordinates":[[85.3363170717131,27.678399114296578],[85.33632217222328,27.678387408962195]]}},{"type":"Feature","properties":{},"geometry":{"type":"LineString","coordinates":[[85.33635393452869,27.678414951911567],[85.33636056736299,27.678403083566547]]}},{"type":"Feature","properties":{},"geometry":{"type":"LineString","coordinates":[[85.33581708826318,27.67861099003797],[85.33582442157575,27.678600401835492]]}},{"type":"Feature","properties":{},"geometry":{"type":"LineString","coordinates":[[85.33647744111161,27.678459858931365],[85.33648655751311,27.67846801378354]]}},{"type":"Feature","properties":{},"geometry":{"type":"LineString","coordinates":[[85.3364885110535,27.678462266314682],[85.33651222907667,27.678463961851126]]}},{"type":"Feature","properties":{},"geometry":{"type":"LineString","coordinates":[[85.3359315158965,27.67807376666964],[85.33592806835229,27.67807514135919]]}},{"type":"Feature","properties":{},"geometry":{"type":"LineString","coordinates":[[85.33605128558153,27.678132011327545],[85.33604969954601,27.67813511601401]]}},{"type":"Feature","properties":{},"geometry":{"type":"LineString","coordinates":[[85.3361846139075,27.678202852333428],[85.33618290783343,27.678207388835297]]}},{"type":"Feature","properties":{},"geometry":{"type":"LineString","coordinates":[[85.33634023353723,27.678276151450728],[85.33633312583378,27.678291859874122]]}},{"type":"Feature","properties":{},"geometry":{"type":"LineString","coordinates":[[85.33577540473141,27.679016462423625],[85.33577823571838,27.678999852444132]]}},{"type":"Feature","properties":{},"geometry":{"type":"LineString","coordinates":[[85.33585969868705,27.679029415977983],[85.33586582848167,27.679011613643606]]}},{"type":"Feature","properties":{},"geometry":{"type":"LineString","coordinates":[[85.33518886397243,27.678585892398047],[85.33517869186083,27.678603836554135]]}},{"type":"Feature","properties":{},"geometry":{"type":"LineString","coordinates":[[85.33671014597911,27.67926084787728],[85.33671887218327,27.679238019670276]]}},{"type":"Feature","properties":{},"geometry":{"type":"LineString","coordinates":[[85.33699636657796,27.679152750595595],[85.33699529254257,27.679147422559613]]}},{"type":"Feature","properties":{},"geometry":{"type":"LineString","coordinates":[[85.33707096660306,27.679116712825703],[85.33708322366665,27.679104473327367]]}},{"type":"Feature","properties":{},"geometry":{"type":"LineString","coordinates":[[85.33697200728098,27.679334980731234],[85.3369896295945,27.67937266364766]]}},{"type":"Feature","properties":{},"geometry":{"type":"LineString","coordinates":[[85.33699468382787,27.679327472076253],[85.33700267966553,27.679369783236453]]}},{"type":"Feature","properties":{},"geometry":{"type":"LineString","coordinates":[[85.3385524450958,27.678343613238344],[85.33857013155692,27.678341781998615]]}},{"type":"Feature","properties":{},"geometry":{"type":"LineString","coordinates":[[85.33731248212956,27.67924949332629],[85.33731029097882,27.679276552673112]]}},{"type":"Feature","properties":{},"geometry":{"type":"LineString","coordinates":[[85.33736249968392,27.679044512649263],[85.33737018418707,27.679041855710462]]}},{"type":"Feature","properties":{},"geometry":{"type":"LineString","coordinates":[[85.33750561314127,27.679283601296365],[85.33747044313044,27.679297206657267]]}},{"type":"Feature","properties":{},"geometry":{"type":"LineString","coordinates":[[85.3375961536507,27.679215890793905],[85.33759507974537,27.67921081999118]]}},{"type":"Feature","properties":{},"geometry":{"type":"LineString","coordinates":[[85.33769810317375,27.679163746314757],[85.33769705738997,27.679159161424334]]}},{"type":"Feature","properties":{},"geometry":{"type":"LineString","coordinates":[[85.33771465609885,27.679161594717037],[85.33772249257368,27.67917133074978]]}},{"type":"Feature","properties":{},"geometry":{"type":"LineString","coordinates":[[85.33779313914042,27.67913926511468],[85.33778881115013,27.67912459901793]]}},{"type":"Feature","properties":{},"geometry":{"type":"LineString","coordinates":[[85.33786002461879,27.67912532814228],[85.3378566672088,27.67911023685803]]}},{"type":"Feature","properties":{},"geometry":{"type":"LineString","coordinates":[[85.33792342008493,27.679112622762634],[85.33792490628504,27.67909903459014]]}},{"type":"Feature","properties":{},"geometry":{"type":"LineString","coordinates":[[85.3379647509277,27.679106724109847],[85.33796672464933,27.67910827762254]]}},{"type":"Feature","properties":{},"geometry":{"type":"LineString","coordinates":[[85.3379703016111,27.679105587608753],[85.33797896637664,27.679102803404817]]}},{"type":"Feature","properties":{},"geometry":{"type":"LineString","coordinates":[[85.33753906361893,27.679341162443876],[85.3375654200253,27.67932557397092]]}},{"type":"Feature","properties":{},"geometry":{"type":"LineString","coordinates":[[85.33754486590183,27.679349187197456],[85.3377089110472,27.67929132570524],[85.33771969856043,27.679313864686186]]}},{"type":"Feature","properties":{},"geometry":{"type":"LineString","coordinates":[[85.33734929035606,27.67947231728309],[85.33733641889803,27.67948127676772]]}},{"type":"Feature","properties":{},"geometry":{"type":"LineString","coordinates":[[85.33742411346039,27.679447128900946],[85.3374299902074,27.679452512777]]}},{"type":"Feature","properties":{},"geometry":{"type":"LineString","coordinates":[[85.33742739871857,27.67944596161975],[85.33741576425817,27.679429075076428]]}},{"type":"Feature","properties":{},"geometry":{"type":"LineString","coordinates":[[85.33744583217148,27.67944107713035],[85.33743998761229,27.679420046060148]]}},{"type":"Feature","properties":{},"geometry":{"type":"LineString","coordinates":[[85.33757060575032,27.679427332405897],[85.3375834060402,27.679426551892995]]}},{"type":"Feature","properties":{},"geometry":{"type":"LineString","coordinates":[[85.33798529799864,27.67946980741472],[85.33798646225557,27.679452372302936]]}},{"type":"Feature","properties":{},"geometry":{"type":"LineString","coordinates":[[85.33718337020214,27.67992526058741],[85.33717671335572,27.679911607161234]]}},{"type":"Feature","properties":{},"geometry":{"type":"LineString","coordinates":[[85.33759803358036,27.680067291791527],[85.3375710263595,27.680079181908624]]}},{"type":"Feature","properties":{},"geometry":{"type":"LineString","coordinates":[[85.33765313735645,27.680177641448868],[85.33766227975103,27.680177400080122]]}},{"type":"Feature","properties":{},"geometry":{"type":"LineString","coordinates":[[85.33775748290752,27.68000749871064],[85.33775947057102,27.680011613842556]]}},{"type":"Feature","properties":{},"geometry":{"type":"LineString","coordinates":[[85.33777198347917,27.68000276734921],[85.33777549724074,27.68000659663465]]}},{"type":"Feature","properties":{},"geometry":{"type":"LineString","coordinates":[[85.33782092948694,27.679987167426667],[85.3378167887544,27.6799683680752]]}},{"type":"Feature","properties":{},"geometry":{"type":"LineString","coordinates":[[85.33789461052554,27.679967050084503],[85.33789607991578,27.679971513699122]]}},{"type":"Feature","properties":{},"geometry":{"type":"LineString","coordinates":[[85.33794454725818,27.67995270662803],[85.33794811265156,27.679959353400516]]}},{"type":"Feature","properties":{},"geometry":{"type":"LineString","coordinates":[[85.33795228937566,27.67994906024817],[85.33797198817304,27.679948259588933]]}},{"type":"Feature","properties":{},"geometry":{"type":"LineString","coordinates":[[85.33791252802502,27.6798351446951],[85.33791907834689,27.679832336929234]]}},{"type":"Feature","properties":{},"geometry":{"type":"LineString","coordinates":[[85.33790639371222,27.67981369138004],[85.33788363134668,27.67981561595258]]}},{"type":"Feature","properties":{},"geometry":{"type":"LineString","coordinates":[[85.33789155058491,27.679757485405695],[85.33786577379023,27.679751931340586]]}},{"type":"Feature","properties":{},"geometry":{"type":"LineString","coordinates":[[85.3378377366411,27.680400024100376],[85.3378358146701,27.680404492145065]]}},{"type":"Feature","properties":{},"geometry":{"type":"LineString","coordinates":[[85.33803988365572,27.68035473178251],[85.33804073434672,27.680358945184828]]}},{"type":"Feature","properties":{},"geometry":{"type":"LineString","coordinates":[[85.33822596211313,27.680293437238927],[85.33820790582534,27.68026636871285]]}},{"type":"Feature","properties":{},"geometry":{"type":"LineString","coordinates":[[85.33824325368029,27.68028268678549],[85.33825353055225,27.680310909303977]]}},{"type":"Feature","properties":{},"geometry":{"type":"LineString","coordinates":[[85.33769436121955,27.680295860848535],[85.33770383106086,27.680292943724066]]}},{"type":"Feature","properties":{},"geometry":{"type":"LineString","coordinates":[[85.33759147817723,27.68100316166204],[85.33768744796402,27.680980591676303]]}},{"type":"Feature","properties":{},"geometry":{"type":"LineString","coordinates":[[85.3379522320216,27.680371276214654],[85.33794916944362,27.680350369704705]]}},{"type":"Feature","properties":{},"geometry":{"type":"LineString","coordinates":[[85.33808475242317,27.68033964784703],[85.3380850986088,27.68032019744496]]}},{"type":"Feature","properties":{},"geometry":{"type":"LineString","coordinates":[[85.3381804652377,27.68031679642563],[85.33818235544074,27.680298822172926]]}},{"type":"Feature","properties":{},"geometry":{"type":"LineString","coordinates":[[85.33782239314799,27.680552612597385],[85.3378302360361,27.68054900985549]]}},{"type":"Feature","properties":{},"geometry":{"type":"LineString","coordinates":[[85.33834789998832,27.680649250178558],[85.33835500101051,27.680664649908948]]}},{"type":"Feature","properties":{},"geometry":{"type":"LineString","coordinates":[[85.33821003265574,27.680689893428163],[85.33821006846559,27.68068525111904]]}},{"type":"Feature","properties":{},"geometry":{"type":"LineString","coordinates":[[85.33819848839863,27.680693953602763],[85.33820569205511,27.680708331977655]]}},{"type":"Feature","properties":{},"geometry":{"type":"LineString","coordinates":[[85.33798567749827,27.680764201955437],[85.33798406567088,27.68076030614424]]}},{"type":"Feature","properties":{},"geometry":{"type":"LineString","coordinates":[[85.33809934285924,27.68096547617016],[85.33810630534298,27.680963775361885]]}},{"type":"Feature","properties":{},"geometry":{"type":"LineString","coordinates":[[85.33874515871956,27.68074011826569],[85.33876959114988,27.680735173784846]]}},{"type":"Feature","properties":{},"geometry":{"type":"LineString","coordinates":[[85.3387396321547,27.680742871559303],[85.33875793499328,27.680728742275512]]}},{"type":"Feature","properties":{},"geometry":{"type":"LineString","coordinates":[[85.3387147701584,27.680750140375107],[85.33871427730402,27.68074385178306]]}},{"type":"Feature","properties":{},"geometry":{"type":"LineString","coordinates":[[85.338658816872,27.68076918103005],[85.33866822613118,27.68078580882956]]}},{"type":"Feature","properties":{},"geometry":{"type":"LineString","coordinates":[[85.33849622782286,27.680827512327138],[85.3384956676867,27.680820378136886]]}},{"type":"Feature","properties":{},"geometry":{"type":"LineString","coordinates":[[85.33838834962512,27.680865759090885],[85.33838717491304,27.680859843196195]]}},{"type":"Feature","properties":{},"geometry":{"type":"LineString","coordinates":[[85.33839692047059,27.680862624450302],[85.33840553364873,27.680876451115957]]}},{"type":"Feature","properties":{},"geometry":{"type":"LineString","coordinates":[[85.3382912922665,27.68089870582416],[85.33830085593135,27.680913502411858]]}},{"type":"Feature","properties":{},"geometry":{"type":"LineString","coordinates":[[85.33820981736095,27.680933145442175],[85.33820681916335,27.68092686740521]]}},{"type":"Feature","properties":{},"geometry":{"type":"LineString","coordinates":[[85.33818285918777,27.68112179156237],[85.33819868147289,27.681116288089466]]}},{"type":"Feature","properties":{},"geometry":{"type":"LineString","coordinates":[[85.33826302115223,27.68130441041397],[85.33826951990532,27.68130441166686]]}},{"type":"Feature","properties":{},"geometry":{"type":"LineString","coordinates":[[85.33829008819251,27.681372029590236],[85.33829788667641,27.681371429991003]]}},{"type":"Feature","properties":{},"geometry":{"type":"LineString","coordinates":[[85.33835667302282,27.681531273612404],[85.33836462840212,27.68152801245482]]}},{"type":"Feature","properties":{},"geometry":{"type":"LineString","coordinates":[[85.33839087407934,27.681602345787443],[85.33839667165273,27.681600379177933]]}},{"type":"Feature","properties":{},"geometry":{"type":"LineString","coordinates":[[85.3384306160748,27.68169704740806],[85.33845962114366,27.681691504396706]]}},{"type":"Feature","properties":{},"geometry":{"type":"LineString","coordinates":[[85.33835424762344,27.681115658038514],[85.33837202939685,27.68111941479296]]}},{"type":"Feature","properties":{},"geometry":{"type":"LineString","coordinates":[[85.33835117884206,27.681116318896716],[85.33837260235669,27.681124495826314]]}},{"type":"Feature","properties":{},"geometry":{"type":"LineString","coordinates":[[85.33831049966837,27.681136850445963],[85.33830637889452,27.6811298513406]]}},{"type":"Feature","properties":{},"geometry":{"type":"LineString","coordinates":[[85.33828965319978,27.681166835907],[85.3382973659611,27.681165937436003]]}},{"type":"Feature","properties":{},"geometry":{"type":"LineString","coordinates":[[85.33838993302211,27.681303521382784],[85.33840300935168,27.681305885001116]]}},{"type":"Feature","properties":{},"geometry":{"type":"LineString","coordinates":[[85.33838868484571,27.681301252730908],[85.33838997043047,27.68131980300616]]}},{"type":"Feature","properties":{},"geometry":{"type":"LineString","coordinates":[[85.33918592715877,27.68028166355964],[85.33918906866744,27.68025991085537]]}},{"type":"Feature","properties":{},"geometry":{"type":"LineString","coordinates":[[85.33918886445949,27.68028252100718],[85.3391920517669,27.68029747754858]]}},{"type":"Feature","properties":{},"geometry":{"type":"LineString","coordinates":[[85.33924267852828,27.680283294429252],[85.33924483789366,27.680255626338056]]}},{"type":"Feature","properties":{},"geometry":{"type":"LineString","coordinates":[[85.33935588470206,27.68027218297227],[85.3393524072871,27.68026199295643]]}},{"type":"Feature","properties":{},"geometry":{"type":"LineString","coordinates":[[85.3394650090332,27.680252700932744],[85.33948031142835,27.68025655417497]]}},{"type":"Feature","properties":{},"geometry":{"type":"LineString","coordinates":[[85.3394162340756,27.680588201311558],[85.33943647628658,27.68061441680897]]}},{"type":"Feature","properties":{},"geometry":{"type":"LineString","coordinates":[[85.33944183754639,27.680726199283367],[85.33943338027423,27.68073342302103]]}},{"type":"Feature","properties":{},"geometry":{"type":"LineString","coordinates":[[85.33953246920063,27.680808362312426],[85.3395366718268,27.68082014229373]]}},{"type":"Feature","properties":{},"geometry":{"type":"LineString","coordinates":[[85.33875741424612,27.6801305545844],[85.33876866716241,27.680112780162077]]}},{"type":"Feature","properties":{},"geometry":{"type":"LineString","coordinates":[[85.33876946089231,27.680033937112995],[85.33876586640521,27.680025189766997]]}},{"type":"Feature","properties":{},"geometry":{"type":"LineString","coordinates":[[85.33881694736034,27.68000999687443],[85.33884061060014,27.68001493604936]]}},{"type":"Feature","properties":{},"geometry":{"type":"LineString","coordinates":[[85.33866116335689,27.68005814888396],[85.33866046450632,27.680050131233962]]}},{"type":"Feature","properties":{},"geometry":{"type":"LineString","coordinates":[[85.33859648311304,27.68005375743054],[85.338595406955,27.68007220988191]]}},{"type":"Feature","properties":{},"geometry":{"type":"LineString","coordinates":[[85.33843831017535,27.680024493715482],[85.33845306098137,27.67997717374438]]}},{"type":"Feature","properties":{},"geometry":{"type":"LineString","coordinates":[[85.33812149495226,27.680004285280514],[85.33811997901019,27.680001958357913]]}},{"type":"Feature","properties":{},"geometry":{"type":"LineString","coordinates":[[85.33811377024637,27.68000691560269],[85.33811432242928,27.68001176082134]]}},{"type":"Feature","properties":{},"geometry":{"type":"LineString","coordinates":[[85.33847585290995,27.680855153226428],[85.33848731016958,27.680853425088095]]}},{"type":"Feature","properties":{},"geometry":{"type":"LineString","coordinates":[[85.33853337546628,27.681007398361857],[85.33854612402654,27.681007636128907]]}},{"type":"Feature","properties":{},"geometry":{"type":"LineString","coordinates":[[85.33857743428524,27.68101670240491],[85.33857257182792,27.681010677291777]]}},{"type":"Feature","properties":{},"geometry":{"type":"LineString","coordinates":[[85.33859042275526,27.681011003336156],[85.33858661925278,27.681007021672997]]}},{"type":"Feature","properties":{},"geometry":{"type":"LineString","coordinates":[[85.33977238214852,27.678703457127277],[85.33979256922945,27.67869093515868]]}},{"type":"Feature","properties":{},"geometry":{"type":"LineString","coordinates":[[85.33975026302379,27.678707646112528],[85.33975283931366,27.67871769083833]]}},{"type":"Feature","properties":{},"geometry":{"type":"LineString","coordinates":[[85.3396798851163,27.67871724328382],[85.33968278889529,27.67872567726568]]}},{"type":"Feature","properties":{},"geometry":{"type":"LineString","coordinates":[[85.33947529106159,27.678750756623813],[85.33948337230855,27.678739024620654]]}},{"type":"Feature","properties":{},"geometry":{"type":"LineString","coordinates":[[85.33939110433754,27.678716083863037],[85.33936277397397,27.678728618253334]]}},{"type":"Feature","properties":{},"geometry":{"type":"LineString","coordinates":[[85.33934856007164,27.67856368918264],[85.33936012197604,27.67856139360857]]}},{"type":"Feature","properties":{},"geometry":{"type":"LineString","coordinates":[[85.34008195581178,27.67959116297938],[85.34008187664267,27.679582788127053]]}},{"type":"Feature","properties":{},"geometry":{"type":"LineString","coordinates":[[85.34020270312934,27.679568786134045],[85.34019730375844,27.67956340177394]]}},{"type":"Feature","properties":{},"geometry":{"type":"LineString","coordinates":[[85.34014145762069,27.67958124575001],[85.34014583149423,27.679600408860857]]}},{"type":"Feature","properties":{},"geometry":{"type":"LineString","coordinates":[[85.3400677608321,27.679593529043956],[85.34006546343899,27.67958649227092]]}},{"type":"Feature","properties":{},"geometry":{"type":"LineString","coordinates":[[85.3400356418045,27.679598474608706],[85.34004392757694,27.679652599033773]]}},{"type":"Feature","properties":{},"geometry":{"type":"LineString","coordinates":[[85.34003880810776,27.679595249819346],[85.34006580565577,27.67970298099755],[85.34005010326005,27.679706877778596]]}},{"type":"Feature","properties":{},"geometry":{"type":"LineString","coordinates":[[85.34004036933186,27.679594517604073],[85.34008720088102,27.67979421311942]]}},{"type":"Feature","properties":{},"geometry":{"type":"LineString","coordinates":[[85.33988528139768,27.679835035449617],[85.33987410612237,27.67984232682491]]}},{"type":"Feature","properties":{},"geometry":{"type":"LineString","coordinates":[[85.33985241211302,27.679790705124585],[85.33984376757847,27.679796172983053]]}},{"type":"Feature","properties":{},"geometry":{"type":"LineString","coordinates":[[85.33963540254553,27.679817591286824],[85.3396100013637,27.679813002364217]]}},{"type":"Feature","properties":{},"geometry":{"type":"LineString","coordinates":[[85.33957413879439,27.680122266930063],[85.33958843818529,27.68013110016566]]}},{"type":"Feature","properties":{},"geometry":{"type":"LineString","coordinates":[[85.33927946746095,27.67993196400072],[85.33925761496448,27.67993238341689]]}},{"type":"Feature","properties":{},"geometry":{"type":"LineString","coordinates":[[85.339334221184,27.679933340724006],[85.33933569421856,27.679928922329296]]}},{"type":"Feature","properties":{},"geometry":{"type":"LineString","coordinates":[[85.33958260844912,27.67963391491274],[85.33957606241282,27.67966767682565]]}},{"type":"Feature","properties":{},"geometry":{"type":"LineString","coordinates":[[85.33956063312102,27.679634750789045],[85.33956024007028,27.679630373199824]]}},{"type":"Feature","properties":{},"geometry":{"type":"LineString","coordinates":[[85.33940226381357,27.679643083549603],[85.33940152760209,27.67964912635195]]}},{"type":"Feature","properties":{},"geometry":{"type":"LineString","coordinates":[[85.3394008525423,27.679642347293818],[85.33939929606544,27.679636733697055]]}},{"type":"Feature","properties":{},"geometry":{"type":"LineString","coordinates":[[85.33926209981202,27.679641906677823],[85.33926169753134,27.679646516616103]]}},{"type":"Feature","properties":{},"geometry":{"type":"LineString","coordinates":[[85.33916642598606,27.67928583985009],[85.33916816098156,27.679298482879954]]}},{"type":"Feature","properties":{},"geometry":{"type":"LineString","coordinates":[[85.33908783897485,27.67964385159732],[85.33908733076063,27.679631474187993]]}},{"type":"Feature","properties":{},"geometry":{"type":"LineString","coordinates":[[85.33899189668901,27.679527008946767],[85.33897634472807,27.679535368736705]]}},{"type":"Feature","properties":{},"geometry":{"type":"LineString","coordinates":[[85.33911131125727,27.67952464566468],[85.3391127674896,27.679530249939223]]}},{"type":"Feature","properties":{},"geometry":{"type":"LineString","coordinates":[[85.33923620452758,27.67952094540017],[85.33923598173743,27.679525686555866]]}},{"type":"Feature","properties":{},"geometry":{"type":"LineString","coordinates":[[85.33932157697144,27.679515274755925],[85.33932120715545,27.67952276513558]]}},{"type":"Feature","properties":{},"geometry":{"type":"LineString","coordinates":[[85.33953449219786,27.679514725268895],[85.33953334403019,27.679522332676363]]}},{"type":"Feature","properties":{},"geometry":{"type":"LineString","coordinates":[[85.33903303818269,27.678562054989406],[85.33903284486951,27.678564646613417]]}},{"type":"Feature","properties":{},"geometry":{"type":"LineString","coordinates":[[85.3390446061301,27.678559427374243],[85.33904267639213,27.678563007232466]]}},{"type":"Feature","properties":{},"geometry":{"type":"LineString","coordinates":[[85.33917992218332,27.678256599259413],[85.33918989271383,27.678248584081906]]}},{"type":"Feature","properties":{},"geometry":{"type":"LineString","coordinates":[[85.33920871874395,27.67830351003995],[85.33922503183261,27.67829622616197]]}},{"type":"Feature","properties":{},"geometry":{"type":"LineString","coordinates":[[85.33860536925923,27.680455008812014],[85.33860849886047,27.680462519501326]]}},{"type":"Feature","properties":{},"geometry":{"type":"LineString","coordinates":[[85.33803116212388,27.680624685780767],[85.33802706333648,27.680611884410936]]}},{"type":"Feature","properties":{},"geometry":{"type":"LineString","coordinates":[[85.33805030708186,27.68061942526644],[85.33805347397951,27.680603310254334]]}},{"type":"Feature","properties":{},"geometry":{"type":"LineString","coordinates":[[85.33694499008506,27.67968969943089],[85.33696027780458,27.67968152714131]]}},{"type":"Feature","properties":{},"geometry":{"type":"LineString","coordinates":[[85.33696983224341,27.679729839143214],[85.33699814466166,27.67971076062699]]}},{"type":"Feature","properties":{},"geometry":{"type":"LineString","coordinates":[[85.33748248490669,27.680842091448625],[85.3374916935909,27.68083754390099]]}},{"type":"Feature","properties":{},"geometry":{"type":"LineString","coordinates":[[85.33788346304688,27.68144055611584],[85.33790306232322,27.681433958981426]]}},{"type":"Feature","properties":{},"geometry":{"type":"LineString","coordinates":[[85.33989325046781,27.67966091533344],[85.33988604491194,27.679641288660896]]}},{"type":"Feature","properties":{},"geometry":{"type":"LineString","coordinates":[[85.33798767509248,27.681617631418685],[85.3380000691644,27.681612024557328]]}},{"type":"Feature","properties":{},"geometry":{"type":"LineString","coordinates":[[85.3380415906021,27.681708168251816],[85.33805499621593,27.68169909869074]]}},{"type":"Feature","properties":{},"geometry":{"type":"LineString","coordinates":[[85.33810112597786,27.68180185291559],[85.33811907025947,27.68179207063719]]}},{"type":"Feature","properties":{},"geometry":{"type":"LineString","coordinates":[[85.33848954680882,27.681946434201826],[85.3384978265661,27.681941972921734]]}},{"type":"Feature","properties":{},"geometry":{"type":"LineString","coordinates":[[85.33841340414715,27.681743176245764],[85.33845469318075,27.68174318509712]]}},{"type":"Feature","properties":{},"geometry":{"type":"LineString","coordinates":[[85.3386992848713,27.681849248565175],[85.33871827801504,27.681865552676374]]}},{"type":"Feature","properties":{},"geometry":{"type":"LineString","coordinates":[[85.3388404414663,27.68190466977623],[85.33882092477258,27.681914382747195]]}},{"type":"Feature","properties":{},"geometry":{"type":"LineString","coordinates":[[85.33888019892903,27.681956109334084],[85.33888902866515,27.681965751620563]]}},{"type":"Feature","properties":{},"geometry":{"type":"LineString","coordinates":[[85.33878496616195,27.681831197167924],[85.33879048658929,27.68182871908]]}},{"type":"Feature","properties":{},"geometry":{"type":"LineString","coordinates":[[85.33871509145636,27.681740088303908],[85.33871836230497,27.68173887208339]]}},{"type":"Feature","properties":{},"geometry":{"type":"LineString","coordinates":[[85.33880167963748,27.68166291241797],[85.3388169921207,27.68165606156612]]}},{"type":"Feature","properties":{},"geometry":{"type":"LineString","coordinates":[[85.3388000021726,27.681664221760972],[85.33879376630898,27.681639881797796]]}},{"type":"Feature","properties":{},"geometry":{"type":"LineString","coordinates":[[85.33865279210345,27.681620260743742],[85.33865646508391,27.68162670481287]]}},{"type":"Feature","properties":{},"geometry":{"type":"LineString","coordinates":[[85.33866391509743,27.681461103273417],[85.33866625563255,27.681465285804872]]}},{"type":"Feature","properties":{},"geometry":{"type":"LineString","coordinates":[[85.33908814952136,27.681233912577127],[85.33909663569777,27.681256810156224]]}},{"type":"Feature","properties":{},"geometry":{"type":"LineString","coordinates":[[85.33908711255222,27.68123155440329],[85.3390977620429,27.681240129115015]]}},{"type":"Feature","properties":{},"geometry":{"type":"LineString","coordinates":[[85.33903126964772,27.681182585445452],[85.33902817248921,27.68118619372092]]}},{"type":"Feature","properties":{},"geometry":{"type":"LineString","coordinates":[[85.33901182278441,27.681164176595484],[85.33901793071485,27.681153690859915]]}},{"type":"Feature","properties":{},"geometry":{"type":"LineString","coordinates":[[85.3388925966852,27.68111102407355],[85.33888772279299,27.68112022402256]]}},{"type":"Feature","properties":{},"geometry":{"type":"LineString","coordinates":[[85.3387947968793,27.681174198723895],[85.33878027246577,27.68116127142773]]}},{"type":"Feature","properties":{},"geometry":{"type":"LineString","coordinates":[[85.3387523289793,27.681222085227347],[85.33876032355909,27.68122038503231]]}},{"type":"Feature","properties":{},"geometry":{"type":"LineString","coordinates":[[85.3388381226339,27.68132366057555],[85.33884353055542,27.68132171454474]]}},{"type":"Feature","properties":{},"geometry":{"type":"LineString","coordinates":[[85.33885418153514,27.681340239051067],[85.33885739626785,27.681336767573143]]}},{"type":"Feature","properties":{},"geometry":{"type":"LineString","coordinates":[[85.33897046899207,27.681453402405122],[85.33897869716763,27.681452279023922]]}},{"type":"Feature","properties":{},"geometry":{"type":"LineString","coordinates":[[85.33901880812161,27.681518073394624],[85.33902392851553,27.68151449299325]]}},{"type":"Feature","properties":{},"geometry":{"type":"LineString","coordinates":[[85.339070594605,27.681596868263945],[85.33907922683538,27.681595508740493]]}},{"type":"Feature","properties":{},"geometry":{"type":"LineString","coordinates":[[85.34026838201494,27.67891823990243],[85.34028160027171,27.67891428534713]]}},{"type":"Feature","properties":{},"geometry":{"type":"LineString","coordinates":[[85.34026528768112,27.678917846315226],[85.3402702832603,27.678932434601855]]}},{"type":"Feature","properties":{},"geometry":{"type":"LineString","coordinates":[[85.34023147727697,27.678909482446585],[85.34023383302818,27.67890360706322]]}},{"type":"Feature","properties":{},"geometry":{"type":"LineString","coordinates":[[85.34002493682961,27.678905491970156],[85.3399950832292,27.678876691980967]]}},{"type":"Feature","properties":{},"geometry":{"type":"LineString","coordinates":[[85.34002000421297,27.67890719103305],[85.34003126858522,27.67890821414252]]}},{"type":"Feature","properties":{},"geometry":{"type":"LineString","coordinates":[[85.340026602316,27.67912119275898],[85.34000093495074,27.679127846555712]]}},{"type":"Feature","properties":{},"geometry":{"type":"LineString","coordinates":[[85.34002738244952,27.679145698349668],[85.34003614699299,27.67914603444071]]}},{"type":"Feature","properties":{},"geometry":{"type":"LineString","coordinates":[[85.34013351931348,27.679270205131782],[85.3401322260908,27.679258778633127]]}},{"type":"Feature","properties":{},"geometry":{"type":"LineString","coordinates":[[85.34013792368425,27.67927058824705],[85.34013371221279,27.679312159998542]]}},{"type":"Feature","properties":{},"geometry":{"type":"LineString","coordinates":[[85.34012718027181,27.678741355648388],[85.3401364031313,27.678741752280175]]}},{"type":"Feature","properties":{},"geometry":{"type":"LineString","coordinates":[[85.34012704090715,27.67867064872757],[85.34027358126366,27.67870008427012]]}},{"type":"Feature","properties":{},"geometry":{"type":"LineString","coordinates":[[85.3401187164393,27.678600443918985],[85.33995858672783,27.678644973090663]]}},{"type":"Feature","properties":{},"geometry":{"type":"LineString","coordinates":[[85.34012490014707,27.678510570297853],[85.34008040605598,27.67849805929114]]}},{"type":"Feature","properties":{},"geometry":{"type":"LineString","coordinates":[[85.340177065127,27.67838010561244],[85.34018513600628,27.678382932554708]]}},{"type":"Feature","properties":{},"geometry":{"type":"LineString","coordinates":[[85.34017410179376,27.67838808027812],[85.34014081725428,27.67838249714759]]}},{"type":"Feature","properties":{},"geometry":{"type":"LineString","coordinates":[[85.34034650472131,27.67927651915119],[85.34035193950267,27.679154296201155]]}},{"type":"Feature","properties":{},"geometry":{"type":"LineString","coordinates":[[85.34054102588821,27.679280243326534],[85.34054961093075,27.67932860308741]]}},{"type":"Feature","properties":{},"geometry":{"type":"LineString","coordinates":[[85.34109499366616,27.679184886785045],[85.3410953449322,27.67922611429478]]}},{"type":"Feature","properties":{},"geometry":{"type":"LineString","coordinates":[[85.34124911562873,27.679199882791483],[85.34125722308251,27.679188352264084]]}},{"type":"Feature","properties":{},"geometry":{"type":"LineString","coordinates":[[85.34130432059372,27.679208748115883],[85.34131053950301,27.679193378063758]]}},{"type":"Feature","properties":{},"geometry":{"type":"LineString","coordinates":[[85.34305054138451,27.676707276596602],[85.34306203247743,27.676690510982727]]}},{"type":"Feature","properties":{},"geometry":{"type":"LineString","coordinates":[[85.34304392866466,27.67671041059551],[85.34304847048342,27.67668770878126]]}},{"type":"Feature","properties":{},"geometry":{"type":"LineString","coordinates":[[85.34295861552052,27.676726208292852],[85.34295554917253,27.676714425749168]]}},{"type":"Feature","properties":{},"geometry":{"type":"LineString","coordinates":[[85.34282092856418,27.67674720807992],[85.34281794430787,27.67673301037369]]}},{"type":"Feature","properties":{},"geometry":{"type":"LineString","coordinates":[[85.34266838223198,27.67654382965702],[85.34261307119245,27.67655086758001]]}},{"type":"Feature","properties":{},"geometry":{"type":"LineString","coordinates":[[85.34266704853626,27.676533455969018],[85.34269137774488,27.676529903971407]]}},{"type":"Feature","properties":{},"geometry":{"type":"LineString","coordinates":[[85.33987726485452,27.680198788954197],[85.33989929429245,27.68021033763264]]}},{"type":"Feature","properties":{},"geometry":{"type":"LineString","coordinates":[[85.34043841135176,27.679735564081803],[85.34041415742274,27.67973770676816]]}},{"type":"Feature","properties":{},"geometry":{"type":"LineString","coordinates":[[85.34045837358798,27.67973913007608],[85.34045642298459,27.679744963383808]]}},{"type":"Feature","properties":{},"geometry":{"type":"LineString","coordinates":[[85.34051065772668,27.679741366661315],[85.34050838109674,27.679746702366202]]}},{"type":"Feature","properties":{},"geometry":{"type":"LineString","coordinates":[[85.34062203652707,27.679740167576703],[85.34063285412866,27.679794158944436]]}},{"type":"Feature","properties":{},"geometry":{"type":"LineString","coordinates":[[85.34063167830773,27.67963317959924],[85.34063812591432,27.67963380830325]]}},{"type":"Feature","properties":{},"geometry":{"type":"LineString","coordinates":[[85.34065514954176,27.679505146350994],[85.3406622732823,27.6795117499446]]}},{"type":"Feature","properties":{},"geometry":{"type":"LineString","coordinates":[[85.3406654848982,27.679382317809498],[85.34067461226472,27.679382596833563]]}},{"type":"Feature","properties":{},"geometry":{"type":"LineString","coordinates":[[85.34062539985584,27.679154225859126],[85.34064830962011,27.67914938012218]]}},{"type":"Feature","properties":{},"geometry":{"type":"LineString","coordinates":[[85.34061503625567,27.679124932027296],[85.34061050750238,27.679124192733102]]}},{"type":"Feature","properties":{},"geometry":{"type":"LineString","coordinates":[[85.3409036389031,27.679359187887293],[85.34087320524938,27.67937571917788]]}},{"type":"Feature","properties":{},"geometry":{"type":"LineString","coordinates":[[85.34093091505906,27.679478121165413],[85.34093888795617,27.67947630234456]]}},{"type":"Feature","properties":{},"geometry":{"type":"LineString","coordinates":[[85.34092338925305,27.679591093189096],[85.3409360209817,27.6795918735722]]}},{"type":"Feature","properties":{},"geometry":{"type":"LineString","coordinates":[[85.34092342071453,27.679598738207076],[85.34088884010887,27.679596842903482]]}},{"type":"Feature","properties":{},"geometry":{"type":"LineString","coordinates":[[85.34092035324608,27.67960850592021],[85.34093425232976,27.679614313372042]]}},{"type":"Feature","properties":{},"geometry":{"type":"LineString","coordinates":[[85.34088987937292,27.679711676596217],[85.34089290835739,27.679716127274748]]}},{"type":"Feature","properties":{},"geometry":{"type":"LineString","coordinates":[[85.34085847661738,27.679807075967823],[85.34087238976639,27.679811685904408]]}},{"type":"Feature","properties":{},"geometry":{"type":"LineString","coordinates":[[85.34104041546905,27.680534540278714],[85.34101056185095,27.680104676652444]]}},{"type":"Feature","properties":{},"geometry":{"type":"LineString","coordinates":[[85.34056237799044,27.678906625657355],[85.340551479433,27.67880990906445]]}},{"type":"Feature","properties":{},"geometry":{"type":"LineString","coordinates":[[85.3405612528703,27.67890265357163],[85.34055340484689,27.678887830753464]]}},{"type":"Feature","properties":{},"geometry":{"type":"LineString","coordinates":[[85.34056981254898,27.678930625213827],[85.3405893882827,27.678926819900518]]}},{"type":"Feature","properties":{},"geometry":{"type":"LineString","coordinates":[[85.34057003014264,27.678931320982947],[85.34059097004994,27.678931434660633]]}},{"type":"Feature","properties":{},"geometry":{"type":"LineString","coordinates":[[85.34057373635554,27.678946366751635],[85.34056783617895,27.67894782228595]]}},{"type":"Feature","properties":{},"geometry":{"type":"LineString","coordinates":[[85.34059174384898,27.67903249038066],[85.34061628015047,27.67903010103301]]}},{"type":"Feature","properties":{},"geometry":{"type":"LineString","coordinates":[[85.34098338602867,27.679193482674318],[85.34100747735481,27.679088314880808]]}},{"type":"Feature","properties":{},"geometry":{"type":"LineString","coordinates":[[85.3409803738517,27.67919382386411],[85.34099135436055,27.679053703734127]]}},{"type":"Feature","properties":{},"geometry":{"type":"LineString","coordinates":[[85.34097653038744,27.679195167763915],[85.34097370488979,27.679084543845047]]}},{"type":"Feature","properties":{},"geometry":{"type":"LineString","coordinates":[[85.33988952715688,27.68000224037485],[85.33981468880138,27.680079861118486]]}},{"type":"Feature","properties":{},"geometry":{"type":"LineString","coordinates":[[85.33998836902633,27.679887141668665],[85.34017822551556,27.679774336686588]]}},{"type":"Feature","properties":{},"geometry":{"type":"LineString","coordinates":[[85.34007139418993,27.67996028330502],[85.34010214979854,27.67994574438754]]}},{"type":"Feature","properties":{},"geometry":{"type":"LineString","coordinates":[[85.34017523197896,27.68008817417258],[85.34019898807314,27.68007504327845]]}},{"type":"Feature","properties":{},"geometry":{"type":"LineString","coordinates":[[85.34039303449254,27.679930277304205],[85.34037553933328,27.679897444832264]]}},{"type":"Feature","properties":{},"geometry":{"type":"LineString","coordinates":[[85.34025476815826,27.680192134951138],[85.34027465153626,27.680180939648125]]}},{"type":"Feature","properties":{},"geometry":{"type":"LineString","coordinates":[[85.34020066230103,27.680191215823626],[85.34018379593887,27.68020503669981]]}},{"type":"Feature","properties":{},"geometry":{"type":"LineString","coordinates":[[85.3402537901984,27.680190030207697],[85.34027279045962,27.68018152115626]]}},{"type":"Feature","properties":{},"geometry":{"type":"LineString","coordinates":[[85.3403210889283,27.68027847019072],[85.34034680683732,27.68026775274492]]}},{"type":"Feature","properties":{},"geometry":{"type":"LineString","coordinates":[[85.34045473112813,27.680401872175786],[85.34047831051795,27.680394798871195]]}},{"type":"Feature","properties":{},"geometry":{"type":"LineString","coordinates":[[85.34082529650463,27.680613607753532],[85.34081788635072,27.68063010614074]]}},{"type":"Feature","properties":{},"geometry":{"type":"LineString","coordinates":[[85.34141112350736,27.680369647042628],[85.34141616397869,27.68036779127626]]}},{"type":"Feature","properties":{},"geometry":{"type":"LineString","coordinates":[[85.34134313220942,27.679865355134986],[85.34133802974334,27.679865544942945]]}},{"type":"Feature","properties":{},"geometry":{"type":"LineString","coordinates":[[85.3413664315077,27.679598551833532],[85.3413891306637,27.679602080068506]]}},{"type":"Feature","properties":{},"geometry":{"type":"LineString","coordinates":[[85.34136891338704,27.679586204814747],[85.34149563414307,27.679564623114825]]}},{"type":"Feature","properties":{},"geometry":{"type":"LineString","coordinates":[[85.34136836759019,27.67939023279456],[85.34137946405139,27.679387141744094]]}},{"type":"Feature","properties":{},"geometry":{"type":"LineString","coordinates":[[85.34017178211536,27.68015520799407],[85.34015842902137,27.680164717044633]]}},{"type":"Feature","properties":{},"geometry":{"type":"LineString","coordinates":[[85.34018475671321,27.680172607687197],[85.34002272065246,27.68028036143157]]}},{"type":"Feature","properties":{},"geometry":{"type":"LineString","coordinates":[[85.34018947871759,27.680178940639138],[85.34004074609301,27.680304874232974]]}},{"type":"Feature","properties":{},"geometry":{"type":"LineString","coordinates":[[85.34018675403111,27.680175286035627],[85.3400739343808,27.68027603010602]]}},{"type":"Feature","properties":{},"geometry":{"type":"LineString","coordinates":[[85.3394728125622,27.68068611814655],[85.33948136708698,27.68068077559324]]}},{"type":"Feature","properties":{},"geometry":{"type":"LineString","coordinates":[[85.33964064343346,27.68062879709925],[85.33964114179057,27.680624336330748]]}},{"type":"Feature","properties":{},"geometry":{"type":"LineString","coordinates":[[85.33970198969848,27.680619638674422],[85.33970313100261,27.68061395994356]]}},{"type":"Feature","properties":{},"geometry":{"type":"LineString","coordinates":[[85.33974484224976,27.68061102932439],[85.33974467147097,27.68060643417693]]}},{"type":"Feature","properties":{},"geometry":{"type":"LineString","coordinates":[[85.33975885952864,27.68060922706937],[85.33977148042474,27.680600206591773]]}},{"type":"Feature","properties":{},"geometry":{"type":"LineString","coordinates":[[85.33976067618607,27.680609035842206],[85.33978172666218,27.680609903708376]]}},{"type":"Feature","properties":{},"geometry":{"type":"LineString","coordinates":[[85.33976354171517,27.680609008816674],[85.33978548058232,27.680604429583358]]}},{"type":"Feature","properties":{},"geometry":{"type":"LineString","coordinates":[[85.3393263563152,27.680673281574283],[85.33932550907208,27.680689946110093]]}},{"type":"Feature","properties":{},"geometry":{"type":"LineString","coordinates":[[85.33932659067746,27.680507478805286],[85.33928560599946,27.68051586312218]]}},{"type":"Feature","properties":{},"geometry":{"type":"LineString","coordinates":[[85.3391791040557,27.680714331341928],[85.33917959723141,27.680709410210845]]}},{"type":"Feature","properties":{},"geometry":{"type":"LineString","coordinates":[[85.33917480962087,27.680715188719958],[85.33917972458302,27.680731012573403]]}},{"type":"Feature","properties":{},"geometry":{"type":"LineString","coordinates":[[85.33914280775438,27.680724696077426],[85.33914210932866,27.68070572593637]]}},{"type":"Feature","properties":{},"geometry":{"type":"LineString","coordinates":[[85.33908293445464,27.68074015640049],[85.33908332724735,27.680757347551882]]}},{"type":"Feature","properties":{},"geometry":{"type":"LineString","coordinates":[[85.3390718237754,27.680742164024025],[85.3390755278089,27.68075935336527]]}},{"type":"Feature","properties":{},"geometry":{"type":"LineString","coordinates":[[85.33904013012871,27.680751401579283],[85.33903818609681,27.680746342012995]]}},{"type":"Feature","properties":{},"geometry":{"type":"LineString","coordinates":[[85.33897318316738,27.680771420669075],[85.33896455604136,27.68074276670586]]}},{"type":"Feature","properties":{},"geometry":{"type":"LineString","coordinates":[[85.3390410212139,27.68119113675751],[85.33907224474503,27.681167414792025]]}},{"type":"Feature","properties":{},"geometry":{"type":"LineString","coordinates":[[85.3390090349999,27.68089709537918],[85.33900399768743,27.68090068129029]]}},{"type":"Feature","properties":{},"geometry":{"type":"LineString","coordinates":[[85.33900793190205,27.68089562362272],[85.33901135245931,27.680892753002297]]}},{"type":"Feature","properties":{},"geometry":{"type":"LineString","coordinates":[[85.33903511536072,27.68092877370758],[85.33904220052672,27.68093310158103]]}},{"type":"Feature","properties":{},"geometry":{"type":"LineString","coordinates":[[85.33903474680112,27.68093537508332],[85.33903466378743,27.680939588114196]]}},{"type":"Feature","properties":{},"geometry":{"type":"LineString","coordinates":[[85.34037452488094,27.681715764593882],[85.34042999085909,27.68174720812661]]}},{"type":"Feature","properties":{},"geometry":{"type":"LineString","coordinates":[[85.34032841542073,27.681789549182366],[85.3403824134979,27.681808779826724]]}},{"type":"Feature","properties":{},"geometry":{"type":"LineString","coordinates":[[85.340282340654,27.68182717512372],[85.34022044585905,27.681783661345925]]}},{"type":"Feature","properties":{},"geometry":{"type":"LineString","coordinates":[[85.3402067892914,27.68188355759718],[85.34016721344335,27.681847824124535]]}},{"type":"Feature","properties":{},"geometry":{"type":"LineString","coordinates":[[85.34014718508509,27.681923494354585],[85.3401824600567,27.68196587324632]]}},{"type":"Feature","properties":{},"geometry":{"type":"LineString","coordinates":[[85.33745240802182,27.679190374167128],[85.33747071828792,27.679182776018926]]}},{"type":"Feature","properties":{},"geometry":{"type":"LineString","coordinates":[[85.34005627353281,27.68198585259359],[85.34010469816822,27.68201965237409]]}},{"type":"Feature","properties":{},"geometry":{"type":"LineString","coordinates":[[85.34002983962876,27.682004532749428],[85.34002212396445,27.68198162008758]]}},{"type":"Feature","properties":{},"geometry":{"type":"LineString","coordinates":[[85.33999331674222,27.682025498189894],[85.33997709694918,27.68201297038075]]}},{"type":"Feature","properties":{},"geometry":{"type":"LineString","coordinates":[[85.33998486592455,27.682032558672987],[85.34002009006213,27.68207454257903]]}},{"type":"Feature","properties":{},"geometry":{"type":"LineString","coordinates":[[85.3399265130037,27.682067042651646],[85.33990970136861,27.68204839834974]]}},{"type":"Feature","properties":{},"geometry":{"type":"LineString","coordinates":[[85.33992225738534,27.68206968757434],[85.3399566875977,27.68210651380922]]}},{"type":"Feature","properties":{},"geometry":{"type":"LineString","coordinates":[[85.33982940919022,27.682112602178638],[85.3398550464834,27.68216315107692]]}},{"type":"Feature","properties":{},"geometry":{"type":"LineString","coordinates":[[85.33981149523201,27.68211870984342],[85.33974322953405,27.682057156849737]]}},{"type":"Feature","properties":{},"geometry":{"type":"LineString","coordinates":[[85.33981722537256,27.682115705331213],[85.33971083538405,27.68202058873307]]}},{"type":"Feature","properties":{},"geometry":{"type":"LineString","coordinates":[[85.33955890598097,27.682097999041677],[85.33956609682062,27.68209065632431]]}},{"type":"Feature","properties":{},"geometry":{"type":"LineString","coordinates":[[85.33950874644566,27.682050013586903],[85.33949780155442,27.68206001985963]]}},{"type":"Feature","properties":{},"geometry":{"type":"LineString","coordinates":[[85.33949683031095,27.6820341491302],[85.33949959527901,27.682030719178265]]}},{"type":"Feature","properties":{},"geometry":{"type":"LineString","coordinates":[[85.33932058624032,27.681866314415494],[85.33932270252899,27.68186206800055]]}},{"type":"Feature","properties":{},"geometry":{"type":"LineString","coordinates":[[85.33928258826475,27.681833729676548],[85.33928739844345,27.681828807960613]]}},{"type":"Feature","properties":{},"geometry":{"type":"LineString","coordinates":[[85.33912565550483,27.681689023180024],[85.33911343775334,27.681695375962832]]}},{"type":"Feature","properties":{},"geometry":{"type":"LineString","coordinates":[[85.33940067401221,27.682158469382237],[85.33940409988465,27.682154445352797]]}},{"type":"Feature","properties":{},"geometry":{"type":"LineString","coordinates":[[85.33938523699015,27.682148620646377],[85.33938834740214,27.68214480764294]]}},{"type":"Feature","properties":{},"geometry":{"type":"LineString","coordinates":[[85.33927154806229,27.68208215263515],[85.33927349179825,27.68207510533135]]}},{"type":"Feature","properties":{},"geometry":{"type":"LineString","coordinates":[[85.33924084312426,27.682062606083388],[85.3392310347677,27.682074285759565]]}},{"type":"Feature","properties":{},"geometry":{"type":"LineString","coordinates":[[85.33919923565527,27.68203780228319],[85.33918546814452,27.68204841278975]]}},{"type":"Feature","properties":{},"geometry":{"type":"LineString","coordinates":[[85.33915640230103,27.68201287456178],[85.3391589099479,27.68200869511893]]}},{"type":"Feature","properties":{},"geometry":{"type":"LineString","coordinates":[[85.33913873833635,27.682004335778156],[85.3391418198494,27.681999685765977]]}},{"type":"Feature","properties":{},"geometry":{"type":"LineString","coordinates":[[85.33914132565118,27.68200520978985],[85.33913276870682,27.682018275445305]]}},{"type":"Feature","properties":{},"geometry":{"type":"LineString","coordinates":[[85.33910484668674,27.681983463038772],[85.33907480698996,27.681964111257916]]}},{"type":"Feature","properties":{},"geometry":{"type":"LineString","coordinates":[[85.33931737896971,27.682488931928606],[85.33932845085833,27.682480185355992]]}},{"type":"Feature","properties":{},"geometry":{"type":"LineString","coordinates":[[85.34035706819787,27.68172630213479],[85.34033811266087,27.68171721822637]]}},{"type":"Feature","properties":{},"geometry":{"type":"LineString","coordinates":[[85.34037266885396,27.68170548301535],[85.3403549164977,27.68169172295006]]}},{"type":"Feature","properties":{},"geometry":{"type":"LineString","coordinates":[[85.34037691846882,27.681700216084714],[85.340358789045,27.681687657314683]]}},{"type":"Feature","properties":{},"geometry":{"type":"LineString","coordinates":[[85.34039166877102,27.681688498062567],[85.34044714628916,27.6817136121107]]}},{"type":"Feature","properties":{},"geometry":{"type":"LineString","coordinates":[[85.34044558186028,27.681591975027423],[85.34050313277683,27.68162070335576]]}},{"type":"Feature","properties":{},"geometry":{"type":"LineString","coordinates":[[85.34045069824457,27.681585505446364],[85.34043479813235,27.681578388726006]]}},{"type":"Feature","properties":{},"geometry":{"type":"LineString","coordinates":[[85.34045424438744,27.681579021563323],[85.34043644630388,27.681575260363864]]}},{"type":"Feature","properties":{},"geometry":{"type":"LineString","coordinates":[[85.3404732732222,27.681530884367003],[85.34053548576273,27.681563102756606]]}},{"type":"Feature","properties":{},"geometry":{"type":"LineString","coordinates":[[85.34050928065331,27.681466542153455],[85.34048687735762,27.681452407778114]]}},{"type":"Feature","properties":{},"geometry":{"type":"LineString","coordinates":[[85.34010180418822,27.681571704233875],[85.34007862424171,27.68156454716082]]}},{"type":"Feature","properties":{},"geometry":{"type":"LineString","coordinates":[[85.3401422576219,27.681436761626923],[85.34015140472324,27.681437623977615]]}},{"type":"Feature","properties":{},"geometry":{"type":"LineString","coordinates":[[85.34012569460553,27.68138418157013],[85.34013176487765,27.681366458648498]]}},{"type":"Feature","properties":{},"geometry":{"type":"LineString","coordinates":[[85.33997370648409,27.681310895747824],[85.33997794976733,27.68129558963879]]}},{"type":"Feature","properties":{},"geometry":{"type":"LineString","coordinates":[[85.33991807366554,27.68130746714071],[85.3399143785275,27.681315555770837]]}},{"type":"Feature","properties":{},"geometry":{"type":"LineString","coordinates":[[85.33989293768042,27.681308782339933],[85.33988953516007,27.681314885246362]]}},{"type":"Feature","properties":{},"geometry":{"type":"LineString","coordinates":[[85.3398723945033,27.681308148913292],[85.33987219840688,27.681291485405794]]}},{"type":"Feature","properties":{},"geometry":{"type":"LineString","coordinates":[[85.33979872210135,27.68130453020731],[85.33979959829801,27.681310145573597]]}},{"type":"Feature","properties":{},"geometry":{"type":"LineString","coordinates":[[85.33973317297138,27.68130799641394],[85.33973153041994,27.681288230636756]]}},{"type":"Feature","properties":{},"geometry":{"type":"LineString","coordinates":[[85.33971599547286,27.68131053336782],[85.33969869462277,27.681315125762612]]}},{"type":"Feature","properties":{},"geometry":{"type":"LineString","coordinates":[[85.3404089891729,27.681460594839418],[85.34041330229873,27.681444957412328]]}},{"type":"Feature","properties":{},"geometry":{"type":"LineString","coordinates":[[85.33940584736251,27.68092046233319],[85.33940955150644,27.68092431191309]]}},{"type":"Feature","properties":{},"geometry":{"type":"LineString","coordinates":[[85.3393834491015,27.68109003558711],[85.33939399811173,27.68108119428356]]}},{"type":"Feature","properties":{},"geometry":{"type":"LineString","coordinates":[[85.3394298652543,27.681150002735638],[85.33942390195486,27.681152137083203]]}},{"type":"Feature","properties":{},"geometry":{"type":"LineString","coordinates":[[85.33942820351648,27.681147324789798],[85.33944109352691,27.681139755269626]]}},{"type":"Feature","properties":{},"geometry":{"type":"LineString","coordinates":[[85.33946538817766,27.68121140971605],[85.33954948950777,27.681173572036098]]}},{"type":"Feature","properties":{},"geometry":{"type":"LineString","coordinates":[[85.33941873013028,27.68124556978943],[85.33942972358486,27.68125178300513]]}},{"type":"Feature","properties":{},"geometry":{"type":"LineString","coordinates":[[85.33936339061908,27.681279451564624],[85.33937452437141,27.681292675704526]]}},{"type":"Feature","properties":{},"geometry":{"type":"LineString","coordinates":[[85.33932890229767,27.6813057347109],[85.33923191138061,27.681359207884533]]}},{"type":"Feature","properties":{},"geometry":{"type":"LineString","coordinates":[[85.33944915492724,27.68143327056398],[85.33947518649569,27.681443729175577]]}},{"type":"Feature","properties":{},"geometry":{"type":"LineString","coordinates":[[85.33944990534269,27.681458524910724],[85.33943407822078,27.681458853221844]]}},{"type":"Feature","properties":{},"geometry":{"type":"LineString","coordinates":[[85.3394705496819,27.681509839849948],[85.33949810682674,27.6815168996769]]}},{"type":"Feature","properties":{},"geometry":{"type":"LineString","coordinates":[[85.33947613303584,27.68154361178134],[85.33949334966728,27.68153627915358]]}},{"type":"Feature","properties":{},"geometry":{"type":"LineString","coordinates":[[85.33949709604455,27.681590618132454],[85.33951445973644,27.68158388565896]]}},{"type":"Feature","properties":{},"geometry":{"type":"LineString","coordinates":[[85.33954581771447,27.681691617740025],[85.33956633285666,27.681685597250002]]}},{"type":"Feature","properties":{},"geometry":{"type":"LineString","coordinates":[[85.33956860235386,27.681739382404363],[85.33959130892565,27.68172568939334]]}},{"type":"Feature","properties":{},"geometry":{"type":"LineString","coordinates":[[85.3396232085024,27.68181786610792],[85.33964879375236,27.68181132243417]]}},{"type":"Feature","properties":{},"geometry":{"type":"LineString","coordinates":[[85.33966550847163,27.681817333452088],[85.33967581549383,27.681828380625852]]}},{"type":"Feature","properties":{},"geometry":{"type":"LineString","coordinates":[[85.33975902678898,27.68176502417053],[85.33975426143286,27.68175666174175]]}},{"type":"Feature","properties":{},"geometry":{"type":"LineString","coordinates":[[85.33985257635639,27.681618473163308],[85.33984378036494,27.68161752203791]]}},{"type":"Feature","properties":{},"geometry":{"type":"LineString","coordinates":[[85.33984853790103,27.681593086441662],[85.33984501769474,27.68158565322833]]}},{"type":"Feature","properties":{},"geometry":{"type":"LineString","coordinates":[[85.33910512705383,27.681498733367206],[85.339112004892,27.681475022706532]]}},{"type":"Feature","properties":{},"geometry":{"type":"LineString","coordinates":[[85.33913259026353,27.681542888025387],[85.33913607602757,27.681539997425848]]}},{"type":"Feature","properties":{},"geometry":{"type":"LineString","coordinates":[[85.33930743054714,27.68167559766727],[85.33930835621403,27.681683436620244]]}},{"type":"Feature","properties":{},"geometry":{"type":"LineString","coordinates":[[85.33944443725092,27.681609806897434],[85.3394279646455,27.681589269436042]]}},{"type":"Feature","properties":{},"geometry":{"type":"LineString","coordinates":[[85.33956062064824,27.681726691569274],[85.33947825512068,27.6817673768509]]}},{"type":"Feature","properties":{},"geometry":{"type":"LineString","coordinates":[[85.3407663366293,27.68167223906327],[85.3407623262681,27.681664899280396]]}},{"type":"Feature","properties":{},"geometry":{"type":"LineString","coordinates":[[85.34004747368655,27.682487813820696],[85.34003310584166,27.682480266846596]]}},{"type":"Feature","properties":{},"geometry":{"type":"LineString","coordinates":[[85.34073596224765,27.681376624251588],[85.34074267316083,27.681371310077385]]}},{"type":"Feature","properties":{},"geometry":{"type":"LineString","coordinates":[[85.34092624909547,27.681213741613],[85.34090136245851,27.681187695423233]]}},{"type":"Feature","properties":{},"geometry":{"type":"LineString","coordinates":[[85.34054189194288,27.681244720299677],[85.3405324124869,27.681260209187496]]}},{"type":"Feature","properties":{},"geometry":{"type":"LineString","coordinates":[[85.34057139973537,27.681197996580565],[85.34057882450337,27.681192339872997]]}},{"type":"Feature","properties":{},"geometry":{"type":"LineString","coordinates":[[85.34041155292178,27.681136263647165],[85.34035937843437,27.68118902458577]]}},{"type":"Feature","properties":{},"geometry":{"type":"LineString","coordinates":[[85.34029211386469,27.681067378230473],[85.34029199549637,27.68108600193067]]}},{"type":"Feature","properties":{},"geometry":{"type":"LineString","coordinates":[[85.34033174641694,27.680867341585603],[85.34032672147706,27.680865015961118]]}},{"type":"Feature","properties":{},"geometry":{"type":"LineString","coordinates":[[85.34016844113265,27.680950487444328],[85.3401773505857,27.68093025424132]]}},{"type":"Feature","properties":{},"geometry":{"type":"LineString","coordinates":[[85.34007516773102,27.680920422003844],[85.34007892120373,27.68090056294951]]}},{"type":"Feature","properties":{},"geometry":{"type":"LineString","coordinates":[[85.34000795461695,27.680906758678116],[85.34001360295703,27.68088824187071]]}},{"type":"Feature","properties":{},"geometry":{"type":"LineString","coordinates":[[85.339876882913,27.680889577138718],[85.33987850884061,27.68086553000837]]}},{"type":"Feature","properties":{},"geometry":{"type":"LineString","coordinates":[[85.34669493747026,27.681251455925253],[85.34666791551145,27.681261605728515]]}},{"type":"Feature","properties":{},"geometry":{"type":"LineString","coordinates":[[85.34692390088114,27.681191179554602],[85.34691330462334,27.681161996185786]]}},{"type":"Feature","properties":{},"geometry":{"type":"LineString","coordinates":[[85.34692769634694,27.68119080155489],[85.34691701059997,27.681161636071955]]}},{"type":"Feature","properties":{},"geometry":{"type":"LineString","coordinates":[[85.34696603409881,27.681180163987776],[85.34696102556323,27.681156272209574]]}},{"type":"Feature","properties":{},"geometry":{"type":"LineString","coordinates":[[85.34711270624673,27.6811573107242],[85.34710895306529,27.681138385356086]]}},{"type":"Feature","properties":{},"geometry":{"type":"LineString","coordinates":[[85.34715773847404,27.681148487706434],[85.34715436481522,27.681129741061703]]}},{"type":"Feature","properties":{},"geometry":{"type":"LineString","coordinates":[[85.34735053139671,27.681257495700685],[85.34735783337406,27.681257346358223]]}},{"type":"Feature","properties":{},"geometry":{"type":"LineString","coordinates":[[85.3473749802227,27.681391849556483],[85.34738553956076,27.68139144123569]]}},{"type":"Feature","properties":{},"geometry":{"type":"LineString","coordinates":[[85.34741627560624,27.68157062697611],[85.34742486665444,27.681568630134933]]}},{"type":"Feature","properties":{},"geometry":{"type":"LineString","coordinates":[[85.34742161033718,27.681591715681623],[85.34743064424474,27.681589664555442]]}},{"type":"Feature","properties":{},"geometry":{"type":"LineString","coordinates":[[85.34745495938883,27.68168778908693],[85.34746481220222,27.681681245777714]]}},{"type":"Feature","properties":{},"geometry":{"type":"LineString","coordinates":[[85.34750079010328,27.681871136987645],[85.34750555466475,27.68187878433416]]}},{"type":"Feature","properties":{},"geometry":{"type":"LineString","coordinates":[[85.34731790792709,27.681942015914426],[85.3473298634262,27.681961671842476]]}},{"type":"Feature","properties":{},"geometry":{"type":"LineString","coordinates":[[85.34725206456397,27.681982779408074],[85.34726972664399,27.68200455043525]]}},{"type":"Feature","properties":{},"geometry":{"type":"LineString","coordinates":[[85.34774531076998,27.681894868037787],[85.34774757272217,27.68188489740267]]}},{"type":"Feature","properties":{},"geometry":{"type":"LineString","coordinates":[[85.3474877059793,27.68187620758309],[85.34749504807667,27.681885046370727]]}},{"type":"Feature","properties":{},"geometry":{"type":"LineString","coordinates":[[85.34769909146898,27.681752864392596],[85.34777297953656,27.681746918895403]]}},{"type":"Feature","properties":{},"geometry":{"type":"LineString","coordinates":[[85.3476379589843,27.681606718790224],[85.34762607540999,27.681576761062498]]}},{"type":"Feature","properties":{},"geometry":{"type":"LineString","coordinates":[[85.34769783361074,27.68175156234113],[85.34776583623872,27.681721908679894]]}},{"type":"Feature","properties":{},"geometry":{"type":"LineString","coordinates":[[85.34768542021366,27.681715445569523],[85.3477763297317,27.681675226372125]]}},{"type":"Feature","properties":{},"geometry":{"type":"LineString","coordinates":[[85.34797645213688,27.680601276750327],[85.3479660260716,27.680587917302578]]}},{"type":"Feature","properties":{},"geometry":{"type":"LineString","coordinates":[[85.34780998631558,27.680785805400088],[85.34781772263105,27.680786300223513]]}},{"type":"Feature","properties":{},"geometry":{"type":"LineString","coordinates":[[85.34782126747446,27.68088104417071],[85.34782995853648,27.680880616236223]]}},{"type":"Feature","properties":{},"geometry":{"type":"LineString","coordinates":[[85.3478456314497,27.68064985427406],[85.34784265987898,27.68063658373664]]}},{"type":"Feature","properties":{},"geometry":{"type":"LineString","coordinates":[[85.34785038260016,27.680647344075812],[85.34784177330425,27.68063452706522]]}},{"type":"Feature","properties":{},"geometry":{"type":"LineString","coordinates":[[85.34784002285386,27.680652818158382],[85.34784081572522,27.68063220329263]]}},{"type":"Feature","properties":{},"geometry":{"type":"LineString","coordinates":[[85.34788900650092,27.68063492078919],[85.34788233197266,27.680624168442158]]}},{"type":"Feature","properties":{},"geometry":{"type":"LineString","coordinates":[[85.3480228038588,27.680583442708805],[85.34801742342802,27.680577780879272]]}},{"type":"Feature","properties":{},"geometry":{"type":"LineString","coordinates":[[85.34802045747426,27.680641737941336],[85.34802622551453,27.680652902769594]]}},{"type":"Feature","properties":{},"geometry":{"type":"LineString","coordinates":[[85.34822252332343,27.680678234702544],[85.34823176598007,27.680671064000514]]}},{"type":"Feature","properties":{},"geometry":{"type":"LineString","coordinates":[[85.34844522700621,27.680354506872167],[85.34845003662541,27.680351410687607]]}},{"type":"Feature","properties":{},"geometry":{"type":"LineString","coordinates":[[85.34835594453439,27.680332028185337],[85.34835825272926,27.680351522958805]]}},{"type":"Feature","properties":{},"geometry":{"type":"LineString","coordinates":[[85.3481562089397,27.680236386897775],[85.34816754041728,27.680232494827134]]}},{"type":"Feature","properties":{},"geometry":{"type":"LineString","coordinates":[[85.3481542489268,27.68021861745017],[85.34815794190324,27.680218512570466]]}},{"type":"Feature","properties":{},"geometry":{"type":"LineString","coordinates":[[85.34785134765121,27.680127870099835],[85.34784760926586,27.68012007976568]]}},{"type":"Feature","properties":{},"geometry":{"type":"LineString","coordinates":[[85.34797138148912,27.68011842962483],[85.3479777476388,27.6801363328573]]}},{"type":"Feature","properties":{},"geometry":{"type":"LineString","coordinates":[[85.34797497372806,27.68011780999356],[85.3479744200974,27.6801130992642]]}},{"type":"Feature","properties":{},"geometry":{"type":"LineString","coordinates":[[85.34803413334546,27.680115386425562],[85.34802754938976,27.680110203941183]]}},{"type":"Feature","properties":{},"geometry":{"type":"LineString","coordinates":[[85.34815882042525,27.68008669469137],[85.34815483834052,27.68007710898058]]}},{"type":"Feature","properties":{},"geometry":{"type":"LineString","coordinates":[[85.34818244828118,27.6800248922928],[85.34820045512552,27.680025429248364]]}},{"type":"Feature","properties":{},"geometry":{"type":"LineString","coordinates":[[85.34817067383244,27.679944293441363],[85.34818945361496,27.67994055878851]]}},{"type":"Feature","properties":{},"geometry":{"type":"LineString","coordinates":[[85.34816869881189,27.679928329830684],[85.34818849430344,27.679932286244956]]}},{"type":"Feature","properties":{},"geometry":{"type":"LineString","coordinates":[[85.34815422170813,27.679818139105638],[85.34817091519375,27.67981412144247]]}},{"type":"Feature","properties":{},"geometry":{"type":"LineString","coordinates":[[85.3481462489562,27.67972178994123],[85.34816135554222,27.679714890443055]]}},{"type":"Feature","properties":{},"geometry":{"type":"LineString","coordinates":[[85.34769115055596,27.678205050127843],[85.34768641967159,27.678207433305882]]}},{"type":"Feature","properties":{},"geometry":{"type":"LineString","coordinates":[[85.34765018435948,27.678104461563308],[85.34764601358496,27.678108362301987]]}},{"type":"Feature","properties":{},"geometry":{"type":"LineString","coordinates":[[85.34763060656981,27.678043562652654],[85.34762815024783,27.6780461110536]]}},{"type":"Feature","properties":{},"geometry":{"type":"LineString","coordinates":[[85.34756724578085,27.67788386471516],[85.34756471194638,27.677888464604962]]}},{"type":"Feature","properties":{},"geometry":{"type":"LineString","coordinates":[[85.34712662649754,27.677591954674995],[85.34711798289443,27.677594567327603]]}},{"type":"Feature","properties":{},"geometry":{"type":"LineString","coordinates":[[85.34722331090948,27.677655881172107],[85.34721694618739,27.677660929946626]]}},{"type":"Feature","properties":{},"geometry":{"type":"LineString","coordinates":[[85.3473097275751,27.677713134339083],[85.34730466074686,27.67771776537589]]}},{"type":"Feature","properties":{},"geometry":{"type":"LineString","coordinates":[[85.34732730234676,27.677835013213816],[85.34733166645279,27.677846218178683]]}},{"type":"Feature","properties":{},"geometry":{"type":"LineString","coordinates":[[85.34730716261241,27.677844387859196],[85.34731914523915,27.67787272038785]]}},{"type":"Feature","properties":{},"geometry":{"type":"LineString","coordinates":[[85.3470659292868,27.677921553557905],[85.34706219471296,27.67792260830686]]}},{"type":"Feature","properties":{},"geometry":{"type":"LineString","coordinates":[[85.34714608825814,27.678128126070504],[85.34714287405819,27.678131181681415]]}},{"type":"Feature","properties":{},"geometry":{"type":"LineString","coordinates":[[85.34716068452114,27.678152888597275],[85.34717528580502,27.67814674673402]]}},{"type":"Feature","properties":{},"geometry":{"type":"LineString","coordinates":[[85.34716457584497,27.678161691636927],[85.34716453064776,27.678177150993548]]}},{"type":"Feature","properties":{},"geometry":{"type":"LineString","coordinates":[[85.3471693360295,27.67816800225405],[85.34718781068857,27.6782294972845]]}},{"type":"Feature","properties":{},"geometry":{"type":"LineString","coordinates":[[85.34673678409648,27.677832039582206],[85.34673048925697,27.677833320992825]]}},{"type":"Feature","properties":{},"geometry":{"type":"LineString","coordinates":[[85.34672238040879,27.677774302596205],[85.3467389861735,27.677768552043094]]}},{"type":"Feature","properties":{},"geometry":{"type":"LineString","coordinates":[[85.34464310617486,27.677416563566744],[85.34466692209239,27.677415058407806]]}},{"type":"Feature","properties":{},"geometry":{"type":"LineString","coordinates":[[85.34670576239692,27.67773697396694],[85.34668832957851,27.67774594128503]]}},{"type":"Feature","properties":{},"geometry":{"type":"LineString","coordinates":[[85.34668440025163,27.67770028367945],[85.34670690017475,27.677685658241312]]}},{"type":"Feature","properties":{},"geometry":{"type":"LineString","coordinates":[[85.34668347184537,27.67769925722178],[85.34672605976526,27.677655670224294],[85.34675839821449,27.67757059580208]]}},{"type":"Feature","properties":{},"geometry":{"type":"LineString","coordinates":[[85.34668314869228,27.67769883638345],[85.34672605976526,27.677655670224294],[85.34673660920531,27.67757686032574]]}},{"type":"Feature","properties":{},"geometry":{"type":"LineString","coordinates":[[85.34659505600935,27.677480599955906],[85.34653154382364,27.677415956158598]]}},{"type":"Feature","properties":{},"geometry":{"type":"LineString","coordinates":[[85.34659556801111,27.67748066563612],[85.34658489503835,27.67745330358833],[85.34655182016905,27.6774542554013],[85.34654113275482,27.677412842174476]]}},{"type":"Feature","properties":{},"geometry":{"type":"LineString","coordinates":[[85.34659500277486,27.677481711270406],[85.34658401294591,27.677465088573584]]}},{"type":"Feature","properties":{},"geometry":{"type":"LineString","coordinates":[[85.34672393378406,27.678067130400926],[85.34673223252331,27.678074831686942]]}},{"type":"Feature","properties":{},"geometry":{"type":"LineString","coordinates":[[85.34645436143343,27.67819738901022],[85.34645965504681,27.678205638392136]]}},{"type":"Feature","properties":{},"geometry":{"type":"LineString","coordinates":[[85.34634517311193,27.67783580566605],[85.34635462605179,27.677829271188227]]}},{"type":"Feature","properties":{},"geometry":{"type":"LineString","coordinates":[[85.3463082887218,27.67783026136533],[85.34630419319062,27.677823713159967]]}},{"type":"Feature","properties":{},"geometry":{"type":"LineString","coordinates":[[85.34623688065484,27.67769866989596],[85.34623508401907,27.67766900036252]]}},{"type":"Feature","properties":{},"geometry":{"type":"LineString","coordinates":[[85.34621633287298,27.677851824902984],[85.3462116140856,27.67785017374652]]}},{"type":"Feature","properties":{},"geometry":{"type":"LineString","coordinates":[[85.34627322667765,27.67825608415545],[85.34625951297372,27.67821117618451]]}},{"type":"Feature","properties":{},"geometry":{"type":"LineString","coordinates":[[85.34618795906758,27.678277485626914],[85.34619024301719,27.678292909608725]]}},{"type":"Feature","properties":{},"geometry":{"type":"LineString","coordinates":[[85.34616369000176,27.678280726663324],[85.34614745569381,27.678237856344403]]}},{"type":"Feature","properties":{},"geometry":{"type":"LineString","coordinates":[[85.34603227333628,27.67828253127288],[85.34603754475935,27.67822509504872]]}},{"type":"Feature","properties":{},"geometry":{"type":"LineString","coordinates":[[85.34829424700267,27.681567597602513],[85.34829392715932,27.681549640130044]]}},{"type":"Feature","properties":{},"geometry":{"type":"LineString","coordinates":[[85.34805755865109,27.68174982239505],[85.34806269701039,27.681752238450844]]}},{"type":"Feature","properties":{},"geometry":{"type":"LineString","coordinates":[[85.34807492920713,27.681611575579222],[85.34808228287834,27.681614999135043]]}},{"type":"Feature","properties":{},"geometry":{"type":"LineString","coordinates":[[85.34796071984503,27.681591478096248],[85.34795991960212,27.681586985552393]]}},{"type":"Feature","properties":{},"geometry":{"type":"LineString","coordinates":[[85.34795746195121,27.681590762319452],[85.34793720458742,27.681584601726705]]}},{"type":"Feature","properties":{},"geometry":{"type":"LineString","coordinates":[[85.34795657927701,27.681590870928602],[85.34793435542221,27.681584415210054]]}},{"type":"Feature","properties":{},"geometry":{"type":"LineString","coordinates":[[85.34795182927091,27.681590136451543],[85.34791594601333,27.681589456625318]]}},{"type":"Feature","properties":{},"geometry":{"type":"LineString","coordinates":[[85.34815606541879,27.681451204032133],[85.34816475627176,27.681453959393014]]}},{"type":"Feature","properties":{},"geometry":{"type":"LineString","coordinates":[[85.34817157410745,27.681425550599034],[85.3481784141063,27.681426726975108]]}},{"type":"Feature","properties":{},"geometry":{"type":"LineString","coordinates":[[85.34823096277442,27.681259933003783],[85.34823786311276,27.681261276166673]]}},{"type":"Feature","properties":{},"geometry":{"type":"LineString","coordinates":[[85.34823219286409,27.681252368001953],[85.34823979499173,27.681252484836417]]}},{"type":"Feature","properties":{},"geometry":{"type":"LineString","coordinates":[[85.34856924807632,27.682015167591473],[85.34853437479859,27.682019115638717]]}},{"type":"Feature","properties":{},"geometry":{"type":"LineString","coordinates":[[85.34799059030269,27.682872412313046],[85.34798475983642,27.6828734041742]]}},{"type":"Feature","properties":{},"geometry":{"type":"LineString","coordinates":[[85.3479814475836,27.682854742217977],[85.34801177187636,27.682836921018122]]}},{"type":"Feature","properties":{},"geometry":{"type":"LineString","coordinates":[[85.34778791707265,27.683135982589672],[85.34779058543948,27.683120568071498]]}},{"type":"Feature","properties":{},"geometry":{"type":"LineString","coordinates":[[85.34791710951212,27.68311865758389],[85.34791392811157,27.68310490889976]]}},{"type":"Feature","properties":{},"geometry":{"type":"LineString","coordinates":[[85.34810966329817,27.68314076273254],[85.3481133239943,27.683135938004334]]}},{"type":"Feature","properties":{},"geometry":{"type":"LineString","coordinates":[[85.34798277740823,27.68317021239486],[85.34797978452575,27.683177011755596]]}},{"type":"Feature","properties":{},"geometry":{"type":"LineString","coordinates":[[85.34838633981305,27.683242715446173],[85.34839363176856,27.683230506875727]]}},{"type":"Feature","properties":{},"geometry":{"type":"LineString","coordinates":[[85.34840200904213,27.683836977633494],[85.34841627728919,27.68382121314968]]}},{"type":"Feature","properties":{},"geometry":{"type":"LineString","coordinates":[[85.34773998874121,27.681893068932965],[85.34774125255234,27.681888048646577]]}},{"type":"Feature","properties":{},"geometry":{"type":"LineString","coordinates":[[85.3478383998848,27.68192633779665],[85.34784036810447,27.681918570406772]]}},{"type":"Feature","properties":{},"geometry":{"type":"LineString","coordinates":[[85.34788906862443,27.68194383805926],[85.34789031204363,27.68193559179094]]}},{"type":"Feature","properties":{},"geometry":{"type":"LineString","coordinates":[[85.34813809809135,27.682059600848252],[85.34812983818706,27.68205394168422]]}},{"type":"Feature","properties":{},"geometry":{"type":"LineString","coordinates":[[85.34810695017968,27.682081302280874],[85.34806493243168,27.682107533057664]]}},{"type":"Feature","properties":{},"geometry":{"type":"LineString","coordinates":[[85.34823320842492,27.68197550492794],[85.34825821242008,27.681993815443462]]}},{"type":"Feature","properties":{},"geometry":{"type":"LineString","coordinates":[[85.348256093221,27.6819581906282],[85.34825919347324,27.6819486993102]]}},{"type":"Feature","properties":{},"geometry":{"type":"LineString","coordinates":[[85.34814664401404,27.682134507566573],[85.34825638793751,27.682116875335502]]}},{"type":"Feature","properties":{},"geometry":{"type":"LineString","coordinates":[[85.34814835963984,27.68213833591438],[85.3482566001179,27.68211901241236]]}},{"type":"Feature","properties":{},"geometry":{"type":"LineString","coordinates":[[85.34825530442839,27.682421042047128],[85.34825843395936,27.68241971199613]]}},{"type":"Feature","properties":{},"geometry":{"type":"LineString","coordinates":[[85.34829893200958,27.682521289426145],[85.34830631209616,27.682519458602247]]}},{"type":"Feature","properties":{},"geometry":{"type":"LineString","coordinates":[[85.34834261996372,27.682609377367406],[85.34835144299521,27.6826051069897]]}},{"type":"Feature","properties":{},"geometry":{"type":"LineString","coordinates":[[85.34834350078025,27.682614850143956],[85.34835432337383,27.68261022814782]]}},{"type":"Feature","properties":{},"geometry":{"type":"LineString","coordinates":[[85.34788901046082,27.68268782644044],[85.34788363328518,27.682692045831377]]}},{"type":"Feature","properties":{},"geometry":{"type":"LineString","coordinates":[[85.34787825490011,27.682665361673905],[85.34789258147524,27.682652653991234]]}},{"type":"Feature","properties":{},"geometry":{"type":"LineString","coordinates":[[85.34750418366346,27.68240561995702],[85.34748220554818,27.682398389090523]]}},{"type":"Feature","properties":{},"geometry":{"type":"LineString","coordinates":[[85.34744603870331,27.682453766235977],[85.34744064379308,27.68245916323414]]}},{"type":"Feature","properties":{},"geometry":{"type":"LineString","coordinates":[[85.34743273739603,27.68246167457712],[85.34743370193884,27.682464882940565]]}},{"type":"Feature","properties":{},"geometry":{"type":"LineString","coordinates":[[85.34738893349329,27.682492580728905],[85.34738491720798,27.682489306167003]]}},{"type":"Feature","properties":{},"geometry":{"type":"LineString","coordinates":[[85.34761799973829,27.683133493360394],[85.3476175031698,27.68312189500217]]}},{"type":"Feature","properties":{},"geometry":{"type":"LineString","coordinates":[[85.34775870590974,27.683364405981713],[85.34776689633492,27.68335744389489]]}},{"type":"Feature","properties":{},"geometry":{"type":"LineString","coordinates":[[85.34789133708635,27.683453271689675],[85.34790154510839,27.6834408542425]]}},{"type":"Feature","properties":{},"geometry":{"type":"LineString","coordinates":[[85.34789542450942,27.683466372315465],[85.34790745038953,27.683443111578796]]}},{"type":"Feature","properties":{},"geometry":{"type":"LineString","coordinates":[[85.34784191957722,27.68356557484386],[85.34783265345592,27.6835583232806]]}},{"type":"Feature","properties":{},"geometry":{"type":"LineString","coordinates":[[85.34779418179238,27.68361255835023],[85.3477851503241,27.683605074918468]]}},{"type":"Feature","properties":{},"geometry":{"type":"LineString","coordinates":[[85.34775135999234,27.683650196751177],[85.34772467051,27.68367304606559]]}},{"type":"Feature","properties":{},"geometry":{"type":"LineString","coordinates":[[85.34753732467902,27.68331009615159],[85.34754255843663,27.683342341949924]]}},{"type":"Feature","properties":{},"geometry":{"type":"LineString","coordinates":[[85.34775706827794,27.68364210303308],[85.34774728506025,27.683639701950902]]}},{"type":"Feature","properties":{},"geometry":{"type":"LineString","coordinates":[[85.34738580250207,27.68337718033432],[85.34738476279333,27.683369536814872]]}},{"type":"Feature","properties":{},"geometry":{"type":"LineString","coordinates":[[85.34733748828144,27.683403590253207],[85.34732456725037,27.683420642401348]]}},{"type":"Feature","properties":{},"geometry":{"type":"LineString","coordinates":[[85.34744526290964,27.683007435592486],[85.34745633467207,27.683006268920263]]}},{"type":"Feature","properties":{},"geometry":{"type":"LineString","coordinates":[[85.34740543166252,27.682976827580553],[85.34741346980454,27.682966848256378]]}},{"type":"Feature","properties":{},"geometry":{"type":"LineString","coordinates":[[85.34731652617506,27.682920098851636],[85.3473191914577,27.682907317063993]]}},{"type":"Feature","properties":{},"geometry":{"type":"LineString","coordinates":[[85.34702880701981,27.68292568992619],[85.34702542474334,27.682919632216834]]}},{"type":"Feature","properties":{},"geometry":{"type":"LineString","coordinates":[[85.34690719410725,27.683015464307836],[85.34691904436512,27.683038811371176]]}},{"type":"Feature","properties":{},"geometry":{"type":"LineString","coordinates":[[85.34689640853479,27.683018766189527],[85.34689697982894,27.68303320668682]]}},{"type":"Feature","properties":{},"geometry":{"type":"LineString","coordinates":[[85.34685569221843,27.682975241809313],[85.34685213499196,27.682968818277644]]}},{"type":"Feature","properties":{},"geometry":{"type":"LineString","coordinates":[[85.3471236976487,27.682797246007244],[85.34712965556288,27.68279452369798]]}},{"type":"Feature","properties":{},"geometry":{"type":"LineString","coordinates":[[85.34705309557673,27.682594910437768],[85.34705131030579,27.682589649792135]]}},{"type":"Feature","properties":{},"geometry":{"type":"LineString","coordinates":[[85.34708615493237,27.6825649980459],[85.34708627389074,27.68253003443506]]}},{"type":"Feature","properties":{},"geometry":{"type":"LineString","coordinates":[[85.34846110238595,27.67964987681093],[85.3484243696806,27.679656034707694]]}},{"type":"Feature","properties":{},"geometry":{"type":"LineString","coordinates":[[85.34847023768614,27.67997174188157],[85.34844746372814,27.67996709744394]]}},{"type":"Feature","properties":{},"geometry":{"type":"LineString","coordinates":[[85.34846743307523,27.679972437706535],[85.34843852791833,27.679977867609008]]}},{"type":"Feature","properties":{},"geometry":{"type":"LineString","coordinates":[[85.3424275170956,27.680478324560507],[85.34242235343442,27.68048988316461]]}},{"type":"Feature","properties":{},"geometry":{"type":"LineString","coordinates":[[85.3419881826994,27.680416501238817],[85.34198401097343,27.68042756085301]]}},{"type":"Feature","properties":{},"geometry":{"type":"LineString","coordinates":[[85.34185782856824,27.68039981755314],[85.34185638017064,27.680413081313137]]}},{"type":"Feature","properties":{},"geometry":{"type":"LineString","coordinates":[[85.34183738327603,27.680406137075014],[85.34184130596134,27.6804155245794]]}},{"type":"Feature","properties":{},"geometry":{"type":"LineString","coordinates":[[85.34158944881749,27.680484749727047],[85.34159705367908,27.68049394124631]]}},{"type":"Feature","properties":{},"geometry":{"type":"LineString","coordinates":[[85.34160667731227,27.67975816445157],[85.34161232535065,27.679754744602764]]}},{"type":"Feature","properties":{},"geometry":{"type":"LineString","coordinates":[[85.34207876553401,27.679786850125172],[85.34207466480902,27.679769314031468]]}},{"type":"Feature","properties":{},"geometry":{"type":"LineString","coordinates":[[85.34216618735502,27.6797792139289],[85.34217033939576,27.679798723620497]]}},{"type":"Feature","properties":{},"geometry":{"type":"LineString","coordinates":[[85.34223903695074,27.679775293283],[85.3422394591919,27.67976579533127]]}},{"type":"Feature","properties":{},"geometry":{"type":"LineString","coordinates":[[85.3422826314502,27.679774987395668],[85.3422756801428,27.679792539229883]]}},{"type":"Feature","properties":{},"geometry":{"type":"LineString","coordinates":[[85.34226606274449,27.679774758409692],[85.34227122357852,27.679739217074765]]}},{"type":"Feature","properties":{},"geometry":{"type":"LineString","coordinates":[[85.34252875513491,27.679759626310414],[85.34252482139095,27.679742844054587]]}},{"type":"Feature","properties":{},"geometry":{"type":"LineString","coordinates":[[85.3434951051311,27.679632583947438],[85.34349407768997,27.679612389611794]]}},{"type":"Feature","properties":{},"geometry":{"type":"LineString","coordinates":[[85.34260983535687,27.679536712230203],[85.34261659207552,27.679535065588393]]}},{"type":"Feature","properties":{},"geometry":{"type":"LineString","coordinates":[[85.34259888538297,27.67941440497632],[85.34260474925082,27.679414817210844]]}},{"type":"Feature","properties":{},"geometry":{"type":"LineString","coordinates":[[85.34259853961893,27.67938862295151],[85.34261047569733,27.679391965335423]]}},{"type":"Feature","properties":{},"geometry":{"type":"LineString","coordinates":[[85.342597215735,27.679381493167718],[85.34256875244093,27.679378535166492]]}},{"type":"Feature","properties":{},"geometry":{"type":"LineString","coordinates":[[85.34259582387163,27.679355363777276],[85.34257481446885,27.679353198962694]]}},{"type":"Feature","properties":{},"geometry":{"type":"LineString","coordinates":[[85.34261009032436,27.679256129730796],[85.34262000823999,27.679253872879297]]}},{"type":"Feature","properties":{},"geometry":{"type":"LineString","coordinates":[[85.34261777264398,27.6791588620884],[85.34259301177796,27.67915490594411]]}},{"type":"Feature","properties":{},"geometry":{"type":"LineString","coordinates":[[85.34262629350363,27.679063936681],[85.34260005102364,27.67905880031873]]}},{"type":"Feature","properties":{},"geometry":{"type":"LineString","coordinates":[[85.34262536041483,27.679041465421427],[85.34263474385972,27.67903720481752]]}},{"type":"Feature","properties":{},"geometry":{"type":"LineString","coordinates":[[85.34245468178753,27.6799076380709],[85.34244135007523,27.679922325565474]]}},{"type":"Feature","properties":{},"geometry":{"type":"LineString","coordinates":[[85.34293933823055,27.679726798563635],[85.34293879424139,27.67972126209781]]}},{"type":"Feature","properties":{},"geometry":{"type":"LineString","coordinates":[[85.34298325739148,27.679604842679854],[85.34299090551357,27.67960344856859]]}},{"type":"Feature","properties":{},"geometry":{"type":"LineString","coordinates":[[85.34294995616352,27.67950086159705],[85.34295658112718,27.67949692809144]]}},{"type":"Feature","properties":{},"geometry":{"type":"LineString","coordinates":[[85.3429352737669,27.679452978663445],[85.34294197768054,27.679450799768446]]}},{"type":"Feature","properties":{},"geometry":{"type":"LineString","coordinates":[[85.3429103772537,27.679372036570626],[85.34291522063478,27.679371277701932]]}},{"type":"Feature","properties":{},"geometry":{"type":"LineString","coordinates":[[85.3428930762096,27.67932690398075],[85.3428793616221,27.67931565291025]]}},{"type":"Feature","properties":{},"geometry":{"type":"LineString","coordinates":[[85.343299909583,27.679513066970983],[85.34329181709424,27.679514616439562]]}},{"type":"Feature","properties":{},"geometry":{"type":"LineString","coordinates":[[85.34327844563735,27.679427018717266],[85.34330300446254,27.679423408908395]]}},{"type":"Feature","properties":{},"geometry":{"type":"LineString","coordinates":[[85.34352346441734,27.679630145941577],[85.34353301385605,27.679611325428898]]}},{"type":"Feature","properties":{},"geometry":{"type":"LineString","coordinates":[[85.34363380418041,27.679574778657525],[85.34364098691206,27.67957889626792]]}},{"type":"Feature","properties":{},"geometry":{"type":"LineString","coordinates":[[85.34289407921322,27.68039183491534],[85.3429108174457,27.680388093710715]]}},{"type":"Feature","properties":{},"geometry":{"type":"LineString","coordinates":[[85.34289523719451,27.680395449965676],[85.34291327885238,27.68039233809263]]}},{"type":"Feature","properties":{},"geometry":{"type":"LineString","coordinates":[[85.34352171331432,27.679757006279903],[85.3435448558435,27.67975944556931]]}},{"type":"Feature","properties":{},"geometry":{"type":"LineString","coordinates":[[85.34352466597821,27.679724329363022],[85.34345050343047,27.679725165393883]]}},{"type":"Feature","properties":{},"geometry":{"type":"LineString","coordinates":[[85.34366128213736,27.679541317365352],[85.34362619198414,27.679514799443698]]}},{"type":"Feature","properties":{},"geometry":{"type":"LineString","coordinates":[[85.3437908115215,27.67945504395493],[85.3438145164672,27.679472078834433]]}},{"type":"Feature","properties":{},"geometry":{"type":"LineString","coordinates":[[85.34376368334875,27.679399070691474],[85.34375385095858,27.679402110261236]]}},{"type":"Feature","properties":{},"geometry":{"type":"LineString","coordinates":[[85.3437418537018,27.679330047547523],[85.3437905218859,27.679320628270876]]}},{"type":"Feature","properties":{},"geometry":{"type":"LineString","coordinates":[[85.34355538739015,27.679018445087895],[85.3435483802297,27.678996782084017]]}},{"type":"Feature","properties":{},"geometry":{"type":"LineString","coordinates":[[85.34340665466023,27.679063047777362],[85.34340026221084,27.679040961599735]]}},{"type":"Feature","properties":{},"geometry":{"type":"LineString","coordinates":[[85.34341287115022,27.679060650025676],[85.34340663740265,27.679037318414313]]}},{"type":"Feature","properties":{},"geometry":{"type":"LineString","coordinates":[[85.34304042850229,27.6801328347665],[85.34303692544906,27.68014158194557]]}},{"type":"Feature","properties":{},"geometry":{"type":"LineString","coordinates":[[85.34326691948618,27.680317212251325],[85.34325895356271,27.680318768645147]]}},{"type":"Feature","properties":{},"geometry":{"type":"LineString","coordinates":[[85.34326801579435,27.680320010651016],[85.34328447431277,27.68034420556463]]}},{"type":"Feature","properties":{},"geometry":{"type":"LineString","coordinates":[[85.34324168845728,27.680118216456616],[85.34323995076923,27.680073611231]]}},{"type":"Feature","properties":{},"geometry":{"type":"LineString","coordinates":[[85.34341564047813,27.68010568919472],[85.3434202928146,27.68012598915986]]}},{"type":"Feature","properties":{},"geometry":{"type":"LineString","coordinates":[[85.34352258292311,27.679945478428863],[85.3435373460993,27.67994859099928]]}},{"type":"Feature","properties":{},"geometry":{"type":"LineString","coordinates":[[85.34351420558629,27.67986203444548],[85.34354673488114,27.67985683935918]]}},{"type":"Feature","properties":{},"geometry":{"type":"LineString","coordinates":[[85.34354611886783,27.68029210931542],[85.34356456014007,27.680293015800316]]}},{"type":"Feature","properties":{},"geometry":{"type":"LineString","coordinates":[[85.34354164481162,27.680423790120322],[85.34353401370421,27.680425329775233]]}},{"type":"Feature","properties":{},"geometry":{"type":"LineString","coordinates":[[85.34354335879698,27.680472661441055],[85.34356601607884,27.6804738087865]]}},{"type":"Feature","properties":{},"geometry":{"type":"LineString","coordinates":[[85.34377709949227,27.68054810513551],[85.34380078163103,27.680550741279035]]}},{"type":"Feature","properties":{},"geometry":{"type":"LineString","coordinates":[[85.34382947553131,27.680121146558772],[85.34381949567151,27.68012313740294]]}},{"type":"Feature","properties":{},"geometry":{"type":"LineString","coordinates":[[85.34395825179968,27.680132075584538],[85.34395926581367,27.680142077195466]]}},{"type":"Feature","properties":{},"geometry":{"type":"LineString","coordinates":[[85.34414061145043,27.680155983926845],[85.344138390047,27.680139791693104]]}},{"type":"Feature","properties":{},"geometry":{"type":"LineString","coordinates":[[85.34426342074333,27.680140000227908],[85.34426406348861,27.68012494605943]]}},{"type":"Feature","properties":{},"geometry":{"type":"LineString","coordinates":[[85.34478569107237,27.680100415197337],[85.34478721343469,27.68011550426968]]}},{"type":"Feature","properties":{},"geometry":{"type":"LineString","coordinates":[[85.34484960773716,27.6799592710242],[85.34485593524906,27.679959463065916]]}},{"type":"Feature","properties":{},"geometry":{"type":"LineString","coordinates":[[85.34509405981457,27.67978977665823],[85.34509325345809,27.679784016839044]]}},{"type":"Feature","properties":{},"geometry":{"type":"LineString","coordinates":[[85.34476221849441,27.67952287070012],[85.3447687299366,27.679520948449124]]}},{"type":"Feature","properties":{},"geometry":{"type":"LineString","coordinates":[[85.34521015240728,27.679433251424346],[85.34521161782915,27.6794338953057]]}},{"type":"Feature","properties":{},"geometry":{"type":"LineString","coordinates":[[85.3452244702189,27.679485008076238],[85.34522553406957,27.67948485110539]]}},{"type":"Feature","properties":{},"geometry":{"type":"LineString","coordinates":[[85.34524190991404,27.679566204595403],[85.34524508118874,27.679565801131965]]}},{"type":"Feature","properties":{},"geometry":{"type":"LineString","coordinates":[[85.34463460963512,27.679136460591913],[85.34464496450428,27.679130301650442]]}},{"type":"Feature","properties":{},"geometry":{"type":"LineString","coordinates":[[85.34508534996677,27.680459163403402],[85.34509189923166,27.68045742571234]]}},{"type":"Feature","properties":{},"geometry":{"type":"LineString","coordinates":[[85.34501724674602,27.680686068161947],[85.34500913977479,27.68068131139716]]}},{"type":"Feature","properties":{},"geometry":{"type":"LineString","coordinates":[[85.34484333626271,27.68077035200757],[85.34483938593772,27.6807588125566]]}},{"type":"Feature","properties":{},"geometry":{"type":"LineString","coordinates":[[85.34465256513363,27.680416710761158],[85.34460240927473,27.680293014432788]]}},{"type":"Feature","properties":{},"geometry":{"type":"LineString","coordinates":[[85.34465389504797,27.68041995419528],[85.34461077964407,27.68032736195601]]}},{"type":"Feature","properties":{},"geometry":{"type":"LineString","coordinates":[[85.34465750475873,27.68042906892534],[85.34462708369021,27.680362694218136]]}},{"type":"Feature","properties":{},"geometry":{"type":"LineString","coordinates":[[85.34555194603054,27.68013096510508],[85.3455489664764,27.68011514922294]]}},{"type":"Feature","properties":{},"geometry":{"type":"LineString","coordinates":[[85.34461738009124,27.680866038353347],[85.34460293457691,27.68085401965902]]}},{"type":"Feature","properties":{},"geometry":{"type":"LineString","coordinates":[[85.34461817864234,27.680865524414973],[85.34452743397686,27.68066461216807]]}},{"type":"Feature","properties":{},"geometry":{"type":"LineString","coordinates":[[85.34461855008628,27.68086529780006],[85.344508858491,27.680607661805137]]}},{"type":"Feature","properties":{},"geometry":{"type":"LineString","coordinates":[[85.344321984343,27.68065742342341],[85.34434908153285,27.680658353851364]]}},{"type":"Feature","properties":{},"geometry":{"type":"LineString","coordinates":[[85.34436217191993,27.680489057278677],[85.34438697384803,27.680488769790564]]}},{"type":"Feature","properties":{},"geometry":{"type":"LineString","coordinates":[[85.34264970518689,27.67895439024261],[85.34265498740889,27.67896955500575]]}},{"type":"Feature","properties":{},"geometry":{"type":"LineString","coordinates":[[85.34416809952708,27.68053983376833],[85.34416339571402,27.680533555315506]]}},{"type":"Feature","properties":{},"geometry":{"type":"LineString","coordinates":[[85.34415353589225,27.68054385113072],[85.34415915813096,27.680560756424445]]}},{"type":"Feature","properties":{},"geometry":{"type":"LineString","coordinates":[[85.34407521567107,27.680558890934428],[85.34406937111419,27.68055423697906]]}},{"type":"Feature","properties":{},"geometry":{"type":"LineString","coordinates":[[85.34406902928252,27.680561707858892],[85.3440297069413,27.680566573642448]]}},{"type":"Feature","properties":{},"geometry":{"type":"LineString","coordinates":[[85.34442893861565,27.68110902397715],[85.3444754599282,27.681132226070726]]}},{"type":"Feature","properties":{},"geometry":{"type":"LineString","coordinates":[[85.344399851939,27.68112773466524],[85.34448405784859,27.68127819900039]]}},{"type":"Feature","properties":{},"geometry":{"type":"LineString","coordinates":[[85.34422459943255,27.681193908115223],[85.34423254430541,27.68122661694318]]}},{"type":"Feature","properties":{},"geometry":{"type":"LineString","coordinates":[[85.34414968985415,27.68120541911053],[85.34415092080482,27.681243718433578]]}},{"type":"Feature","properties":{},"geometry":{"type":"LineString","coordinates":[[85.34406695508768,27.681219972889878],[85.34406810138968,27.68123921734819]]}},{"type":"Feature","properties":{},"geometry":{"type":"LineString","coordinates":[[85.34402417833695,27.68101449286955],[85.34404978032944,27.681006341115516]]}},{"type":"Feature","properties":{},"geometry":{"type":"LineString","coordinates":[[85.34399487574575,27.68086169906607],[85.34402534187979,27.680860352075545]]}},{"type":"Feature","properties":{},"geometry":{"type":"LineString","coordinates":[[85.34397462498468,27.6807778441845],[85.343973217178,27.680768340589502]]}},{"type":"Feature","properties":{},"geometry":{"type":"LineString","coordinates":[[85.34375801040743,27.68126769837147],[85.34375633612784,27.6813012543202]]}},{"type":"Feature","properties":{},"geometry":{"type":"LineString","coordinates":[[85.34353369336347,27.68118376324542],[85.34355845436716,27.681172626703972]]}},{"type":"Feature","properties":{},"geometry":{"type":"LineString","coordinates":[[85.34352061047547,27.681097848660315],[85.34353826644282,27.68109490628966]]}},{"type":"Feature","properties":{},"geometry":{"type":"LineString","coordinates":[[85.34346466122868,27.68077961534938],[85.34348205021983,27.680763188318775]]}},{"type":"Feature","properties":{},"geometry":{"type":"LineString","coordinates":[[85.34332168126109,27.680687609070542],[85.34334026877539,27.680684674255076]]}},{"type":"Feature","properties":{},"geometry":{"type":"LineString","coordinates":[[85.34331180603934,27.68059849265954],[85.34333156110871,27.680593500444935]]}},{"type":"Feature","properties":{},"geometry":{"type":"LineString","coordinates":[[85.34330661288315,27.680589709149793],[85.34332529344734,27.68054836358738]]}},{"type":"Feature","properties":{},"geometry":{"type":"LineString","coordinates":[[85.34325714610839,27.68059510411626],[85.34325026397096,27.680580202736785]]}},{"type":"Feature","properties":{},"geometry":{"type":"LineString","coordinates":[[85.34337529716939,27.68128610402938],[85.34336709147247,27.68126948460478]]}},{"type":"Feature","properties":{},"geometry":{"type":"LineString","coordinates":[[85.34336470225813,27.681284503432572],[85.34336121128223,27.681273304286787]]}},{"type":"Feature","properties":{},"geometry":{"type":"LineString","coordinates":[[85.3432499920945,27.681295055916614],[85.34324889018676,27.681285239178774]]}},{"type":"Feature","properties":{},"geometry":{"type":"LineString","coordinates":[[85.34314433818189,27.681295429313497],[85.34314885064342,27.681251178653362]]}},{"type":"Feature","properties":{},"geometry":{"type":"LineString","coordinates":[[85.34308892059931,27.681341673078993],[85.34308700342905,27.681352686591428]]}},{"type":"Feature","properties":{},"geometry":{"type":"LineString","coordinates":[[85.34309708035256,27.681055061331392],[85.34309971939828,27.681053919579455]]}},{"type":"Feature","properties":{},"geometry":{"type":"LineString","coordinates":[[85.34309830627495,27.681044168614417],[85.34310049024272,27.681043219078138]]}},{"type":"Feature","properties":{},"geometry":{"type":"LineString","coordinates":[[85.34310203666323,27.680998869757595],[85.34310755837113,27.68094652802774]]}},{"type":"Feature","properties":{},"geometry":{"type":"LineString","coordinates":[[85.34300524616735,27.681277756738602],[85.34300316404867,27.681253221132927]]}},{"type":"Feature","properties":{},"geometry":{"type":"LineString","coordinates":[[85.34290204571718,27.680993052893584],[85.34291001295892,27.680993360314798]]}},{"type":"Feature","properties":{},"geometry":{"type":"LineString","coordinates":[[85.34290246542228,27.680976198180414],[85.34291081201033,27.680962592736027]]}},{"type":"Feature","properties":{},"geometry":{"type":"LineString","coordinates":[[85.34290686601479,27.680876838865878],[85.34291353799883,27.680874094593754]]}},{"type":"Feature","properties":{},"geometry":{"type":"LineString","coordinates":[[85.34288826329082,27.68076828979681],[85.34290018822182,27.68076714271619]]}},{"type":"Feature","properties":{},"geometry":{"type":"LineString","coordinates":[[85.34286801191234,27.680705956205944],[85.3428414600596,27.68063492331387]]}},{"type":"Feature","properties":{},"geometry":{"type":"LineString","coordinates":[[85.34403280093616,27.679268711016363],[85.34404478192288,27.679249991738367]]}},{"type":"Feature","properties":{},"geometry":{"type":"LineString","coordinates":[[85.34401731312256,27.679299660419357],[85.34402660917482,27.67929930944998]]}},{"type":"Feature","properties":{},"geometry":{"type":"LineString","coordinates":[[85.34406763643835,27.679440950659295],[85.3440776829684,27.679434334090566]]}},{"type":"Feature","properties":{},"geometry":{"type":"LineString","coordinates":[[85.34407757914857,27.67945237313619],[85.34409230550403,27.67944138999068]]}},{"type":"Feature","properties":{},"geometry":{"type":"LineString","coordinates":[[85.3442143472278,27.679573298065552],[85.34422169090114,27.67956822594119]]}},{"type":"Feature","properties":{},"geometry":{"type":"LineString","coordinates":[[85.34424382962482,27.679703555371265],[85.34417066491172,27.679669158007655]]}},{"type":"Feature","properties":{},"geometry":{"type":"LineString","coordinates":[[85.3442300674132,27.67972414964176],[85.34423487383188,27.67972637955034]]}},{"type":"Feature","properties":{},"geometry":{"type":"LineString","coordinates":[[85.34415159410295,27.679833122984558],[85.34414791698757,27.67982888394595]]}},{"type":"Feature","properties":{},"geometry":{"type":"LineString","coordinates":[[85.34411244801888,27.679864698437285],[85.34411552752155,27.679868699278046]]}},{"type":"Feature","properties":{},"geometry":{"type":"LineString","coordinates":[[85.34408132229402,27.679887408287158],[85.34400143712296,27.679768713907553]]}},{"type":"Feature","properties":{},"geometry":{"type":"LineString","coordinates":[[85.34386800962821,27.679989431632855],[85.3438886344188,27.679991093446088]]}},{"type":"Feature","properties":{},"geometry":{"type":"LineString","coordinates":[[85.34231057738852,27.680557883354894],[85.3423015702228,27.680556351322313]]}},{"type":"Feature","properties":{},"geometry":{"type":"LineString","coordinates":[[85.34230862619766,27.680560605575682],[85.34231097294143,27.68056586216487]]}},{"type":"Feature","properties":{},"geometry":{"type":"LineString","coordinates":[[85.34229875939658,27.680799405597956],[85.34230131426342,27.680798198772376]]}},{"type":"Feature","properties":{},"geometry":{"type":"LineString","coordinates":[[85.34224206633387,27.680961918973093],[85.34223715263076,27.68095766237726]]}},{"type":"Feature","properties":{},"geometry":{"type":"LineString","coordinates":[[85.34258369552897,27.68123061411191],[85.34258375264126,27.681246034952125]]}},{"type":"Feature","properties":{},"geometry":{"type":"LineString","coordinates":[[85.34218606154884,27.681173767902475],[85.34218816906903,27.68118701014604]]}},{"type":"Feature","properties":{},"geometry":{"type":"LineString","coordinates":[[85.3414361842184,27.68106173210115],[85.34143753940593,27.681037061644936]]}},{"type":"Feature","properties":{},"geometry":{"type":"LineString","coordinates":[[85.34133592735955,27.68121715458665],[85.34136689816287,27.68121656786277]]}},{"type":"Feature","properties":{},"geometry":{"type":"LineString","coordinates":[[85.34133508264993,27.68121857502043],[85.34132633783835,27.681218867420913]]}},{"type":"Feature","properties":{},"geometry":{"type":"LineString","coordinates":[[85.3423579204438,27.682781385554946],[85.34236436617313,27.682777855188384]]}},{"type":"Feature","properties":{},"geometry":{"type":"LineString","coordinates":[[85.34235379240091,27.682775585067567],[85.34236079526524,27.682773228372927]]}},{"type":"Feature","properties":{},"geometry":{"type":"LineString","coordinates":[[85.34230701405471,27.682696687023864],[85.34231643386724,27.682692725634897]]}},{"type":"Feature","properties":{},"geometry":{"type":"LineString","coordinates":[[85.34221872893983,27.68257176186599],[85.34223150636113,27.682568356932833]]}},{"type":"Feature","properties":{},"geometry":{"type":"LineString","coordinates":[[85.34216206088364,27.682498413447462],[85.34217540607933,27.682496081232888]]}},{"type":"Feature","properties":{},"geometry":{"type":"LineString","coordinates":[[85.34197718283755,27.68224863494036],[85.34198777451451,27.682244346435457]]}},{"type":"Feature","properties":{},"geometry":{"type":"LineString","coordinates":[[85.34188098148991,27.682117383576976],[85.34188908936204,27.682115970668136]]}},{"type":"Feature","properties":{},"geometry":{"type":"LineString","coordinates":[[85.34153950927944,27.68162271499895],[85.34154044659456,27.681612817071663]]}},{"type":"Feature","properties":{},"geometry":{"type":"LineString","coordinates":[[85.34193900644011,27.681627509787347],[85.34194798203112,27.68169603993468]]}},{"type":"Feature","properties":{},"geometry":{"type":"LineString","coordinates":[[85.34197987316959,27.68157567157177],[85.34198021099353,27.681563710443243]]}},{"type":"Feature","properties":{},"geometry":{"type":"LineString","coordinates":[[85.34204808827022,27.68157472817118],[85.34204784193417,27.681562510041832]]}},{"type":"Feature","properties":{},"geometry":{"type":"LineString","coordinates":[[85.34215781089378,27.68173754566989],[85.34214955722709,27.681738678863468]]}},{"type":"Feature","properties":{},"geometry":{"type":"LineString","coordinates":[[85.34225682271214,27.681768503361862],[85.34227446082213,27.681767088066774]]}},{"type":"Feature","properties":{},"geometry":{"type":"LineString","coordinates":[[85.34219503313994,27.68157686886928],[85.34219605682485,27.68156420202768]]}},{"type":"Feature","properties":{},"geometry":{"type":"LineString","coordinates":[[85.34239409125466,27.68157946703958],[85.3423931172769,27.681569240263546]]}},{"type":"Feature","properties":{},"geometry":{"type":"LineString","coordinates":[[85.34240310731502,27.681576656079542],[85.34240236868173,27.681566554867622]]}},{"type":"Feature","properties":{},"geometry":{"type":"LineString","coordinates":[[85.34240576179788,27.681577178838076],[85.34240521047727,27.681566422807713]]}},{"type":"Feature","properties":{},"geometry":{"type":"LineString","coordinates":[[85.34260666023444,27.68157667769144],[85.34260677739415,27.681564889916924]]}},{"type":"Feature","properties":{},"geometry":{"type":"LineString","coordinates":[[85.3426283557196,27.681458297321957],[85.34263633446113,27.68145455513212]]}},{"type":"Feature","properties":{},"geometry":{"type":"LineString","coordinates":[[85.34261691580687,27.68144497680441],[85.34261159203108,27.68141778589771]]}},{"type":"Feature","properties":{},"geometry":{"type":"LineString","coordinates":[[85.34254810671747,27.681450616595377],[85.3425494794385,27.681434437571284]]}},{"type":"Feature","properties":{},"geometry":{"type":"LineString","coordinates":[[85.34253409568852,27.681452067209097],[85.34253427998914,27.681434423557246]]}},{"type":"Feature","properties":{},"geometry":{"type":"LineString","coordinates":[[85.34259060722533,27.681781711307046],[85.34257830120079,27.681785193219884]]}},{"type":"Feature","properties":{},"geometry":{"type":"LineString","coordinates":[[85.34259642559806,27.681816433637547],[85.34261714205846,27.681814731118784]]}},{"type":"Feature","properties":{},"geometry":{"type":"LineString","coordinates":[[85.34230654888471,27.68203953562786],[85.34230043588717,27.682023722804626]]}},{"type":"Feature","properties":{},"geometry":{"type":"LineString","coordinates":[[85.34273953514312,27.682116128308635],[85.34274796656715,27.682126591431786]]}},{"type":"Feature","properties":{},"geometry":{"type":"LineString","coordinates":[[85.34251329147466,27.681953401562687],[85.34252116640117,27.681967682165325]]}},{"type":"Feature","properties":{},"geometry":{"type":"LineString","coordinates":[[85.3424384859432,27.681989532752613],[85.34244325737957,27.68200328071482]]}},{"type":"Feature","properties":{},"geometry":{"type":"LineString","coordinates":[[85.34238265649037,27.68201137972904],[85.34237574375229,27.682005959285174]]}},{"type":"Feature","properties":{},"geometry":{"type":"LineString","coordinates":[[85.34227995215682,27.68206324692362],[85.34228480869292,27.68206095389495]]}},{"type":"Feature","properties":{},"geometry":{"type":"LineString","coordinates":[[85.3422837560088,27.68207003634317],[85.34226366984113,27.682081222280125]]}},{"type":"Feature","properties":{},"geometry":{"type":"LineString","coordinates":[[85.34235524921218,27.682182548013014],[85.34236188638478,27.682178019905415]]}},{"type":"Feature","properties":{},"geometry":{"type":"LineString","coordinates":[[85.3424690201274,27.68231139824031],[85.34247496503745,27.682316860348248]]}},{"type":"Feature","properties":{},"geometry":{"type":"LineString","coordinates":[[85.3426254400924,27.682214598283053],[85.34261374494905,27.682197696981238]]}},{"type":"Feature","properties":{},"geometry":{"type":"LineString","coordinates":[[85.34283525612649,27.682047321994006],[85.3428596855972,27.68201343813085]]}},{"type":"Feature","properties":{},"geometry":{"type":"LineString","coordinates":[[85.34292127119966,27.68209101130526],[85.34290966212531,27.682107491160366]]}},{"type":"Feature","properties":{},"geometry":{"type":"LineString","coordinates":[[85.34293721150482,27.682099108402753],[85.34292671275021,27.682116451750428]]}},{"type":"Feature","properties":{},"geometry":{"type":"LineString","coordinates":[[85.3429955909261,27.68212876082496],[85.34298939283109,27.68210924292411]]}},{"type":"Feature","properties":{},"geometry":{"type":"LineString","coordinates":[[85.34290709623342,27.682235543880676],[85.3429107370472,27.68223862995459]]}},{"type":"Feature","properties":{},"geometry":{"type":"LineString","coordinates":[[85.34285627352448,27.682284900361104],[85.34284121818133,27.682274326400155]]}},{"type":"Feature","properties":{},"geometry":{"type":"LineString","coordinates":[[85.34283358975573,27.682308919420613],[85.34285259401888,27.682319564999748]]}},{"type":"Feature","properties":{},"geometry":{"type":"LineString","coordinates":[[85.34275066470013,27.682392214119847],[85.34273533292887,27.68237953478876]]}},{"type":"Feature","properties":{},"geometry":{"type":"LineString","coordinates":[[85.3427508563039,27.682392953800086],[85.34275346579936,27.68239639036492]]}},{"type":"Feature","properties":{},"geometry":{"type":"LineString","coordinates":[[85.34274498310225,27.682397312361793],[85.34273143090464,27.682383407895326]]}},{"type":"Feature","properties":{},"geometry":{"type":"LineString","coordinates":[[85.34268574784947,27.682452939248776],[85.34267231233187,27.682439499183616]]}},{"type":"Feature","properties":{},"geometry":{"type":"LineString","coordinates":[[85.34315532765432,27.682396658440453],[85.34316163773165,27.68240258158143]]}},{"type":"Feature","properties":{},"geometry":{"type":"LineString","coordinates":[[85.34328921768152,27.68283503364055],[85.34328251057666,27.68283976132294]]}},{"type":"Feature","properties":{},"geometry":{"type":"LineString","coordinates":[[85.34341070306947,27.682493648431787],[85.34339989381114,27.682492807027145]]}},{"type":"Feature","properties":{},"geometry":{"type":"LineString","coordinates":[[85.34340223105492,27.682713253432897],[85.34338899136957,27.682709736664258]]}},{"type":"Feature","properties":{},"geometry":{"type":"LineString","coordinates":[[85.34345451827903,27.68270658618289],[85.34353703832407,27.682677116418112]]}},{"type":"Feature","properties":{},"geometry":{"type":"LineString","coordinates":[[85.34346263634033,27.682663186430737],[85.34347456075601,27.682665244275068]]}},{"type":"Feature","properties":{},"geometry":{"type":"LineString","coordinates":[[85.34346862037707,27.682497513642762],[85.34347838570964,27.682499406669073]]}},{"type":"Feature","properties":{},"geometry":{"type":"LineString","coordinates":[[85.34349612131304,27.682302901434436],[85.34350565636284,27.682304668054023]]}},{"type":"Feature","properties":{},"geometry":{"type":"LineString","coordinates":[[85.34344181110954,27.682241956651826],[85.3434149503543,27.682237158704755]]}},{"type":"Feature","properties":{},"geometry":{"type":"LineString","coordinates":[[85.34335287863719,27.68186590555195],[85.34335307830264,27.681859125236354]]}},{"type":"Feature","properties":{},"geometry":{"type":"LineString","coordinates":[[85.34328038933458,27.681886368572293],[85.34327891453715,27.681880164816768]]}},{"type":"Feature","properties":{},"geometry":{"type":"LineString","coordinates":[[85.34351290598704,27.68177021631462],[85.34352203700541,27.681770469026876]]}},{"type":"Feature","properties":{},"geometry":{"type":"LineString","coordinates":[[85.3435211394791,27.681879722557248],[85.34353271996798,27.68187802796801]]}},{"type":"Feature","properties":{},"geometry":{"type":"LineString","coordinates":[[85.34372751275006,27.681905129052744],[85.34372252422963,27.681890639340757]]}},{"type":"Feature","properties":{},"geometry":{"type":"LineString","coordinates":[[85.34361695534118,27.68216496043351],[85.3436143123078,27.682159579378677]]}},{"type":"Feature","properties":{},"geometry":{"type":"LineString","coordinates":[[85.343687937001,27.68214383659242],[85.34368635008639,27.682139484446164]]}},{"type":"Feature","properties":{},"geometry":{"type":"LineString","coordinates":[[85.3437149025119,27.682138130895982],[85.34371344419276,27.682132983331332]]}},{"type":"Feature","properties":{},"geometry":{"type":"LineString","coordinates":[[85.34377080925701,27.68226340264627],[85.3437860103837,27.682257602285897]]}},{"type":"Feature","properties":{},"geometry":{"type":"LineString","coordinates":[[85.34378741253244,27.682310952860078],[85.34379599095871,27.682310673660442]]}},{"type":"Feature","properties":{},"geometry":{"type":"LineString","coordinates":[[85.34387655920983,27.68211239343703],[85.34387642778607,27.68210773197148]]}},{"type":"Feature","properties":{},"geometry":{"type":"LineString","coordinates":[[85.34403696188213,27.68209161658202],[85.3440383010842,27.68208530658199]]}},{"type":"Feature","properties":{},"geometry":{"type":"LineString","coordinates":[[85.34427355363232,27.68204914766287],[85.34427665055978,27.682062415247803]]}},{"type":"Feature","properties":{},"geometry":{"type":"LineString","coordinates":[[85.3442965340874,27.682045628939605],[85.34429950582538,27.68203332111405]]}},{"type":"Feature","properties":{},"geometry":{"type":"LineString","coordinates":[[85.34342307447126,27.68282742326988],[85.34346168008832,27.682838125413802]]}},{"type":"Feature","properties":{},"geometry":{"type":"LineString","coordinates":[[85.34344570319404,27.681613451880885],[85.34344541878751,27.681600319907687]]}},{"type":"Feature","properties":{},"geometry":{"type":"LineString","coordinates":[[85.3439560326073,27.681616865949973],[85.34395407928959,27.68160823943497]]}},{"type":"Feature","properties":{},"geometry":{"type":"LineString","coordinates":[[85.34387503344634,27.68162233356959],[85.34387385008732,27.681609847907094]]}},{"type":"Feature","properties":{},"geometry":{"type":"LineString","coordinates":[[85.34460002065816,27.68147654165215],[85.34460412866385,27.681483675813674]]}},{"type":"Feature","properties":{},"geometry":{"type":"LineString","coordinates":[[85.34461067955826,27.681472624694305],[85.34461412716065,27.681480187799462]]}},{"type":"Feature","properties":{},"geometry":{"type":"LineString","coordinates":[[85.34463745371484,27.681458282675177],[85.34464092563012,27.681473712746477]]}},{"type":"Feature","properties":{},"geometry":{"type":"LineString","coordinates":[[85.34502664612916,27.681332952054724],[85.34496689724176,27.681127773099142],[85.34499993628599,27.68111293093738]]}},{"type":"Feature","properties":{},"geometry":{"type":"LineString","coordinates":[[85.34502371925323,27.68133354977355],[85.34496689724176,27.681127773099142],[85.3449800375298,27.681094704324128]]}},{"type":"Feature","properties":{},"geometry":{"type":"LineString","coordinates":[[85.34511565525328,27.68117612696213],[85.34513749260854,27.681170609713657]]}},{"type":"Feature","properties":{},"geometry":{"type":"LineString","coordinates":[[85.34519617434245,27.681299588400798],[85.3451944933998,27.681289364922577]]}},{"type":"Feature","properties":{},"geometry":{"type":"LineString","coordinates":[[85.34542794326235,27.681297130592558],[85.34543079712458,27.681242995078115]]}},{"type":"Feature","properties":{},"geometry":{"type":"LineString","coordinates":[[85.34548011660173,27.681318818597553],[85.34549893352496,27.681301071679776]]}},{"type":"Feature","properties":{},"geometry":{"type":"LineString","coordinates":[[85.34542619692573,27.681169436865204],[85.34543649607602,27.681165975847723]]}},{"type":"Feature","properties":{},"geometry":{"type":"LineString","coordinates":[[85.34538245854489,27.68133078056075],[85.34538336767102,27.681338198698413]]}},{"type":"Feature","properties":{},"geometry":{"type":"LineString","coordinates":[[85.34542226758222,27.681127847979557],[85.34540088316282,27.68113257643525]]}},{"type":"Feature","properties":{},"geometry":{"type":"LineString","coordinates":[[85.34549194426098,27.680959766950476],[85.34549230840838,27.680956392130472]]}},{"type":"Feature","properties":{},"geometry":{"type":"LineString","coordinates":[[85.34549601645591,27.680961477200075],[85.34549590855514,27.68097159536973]]}},{"type":"Feature","properties":{},"geometry":{"type":"LineString","coordinates":[[85.34553060042741,27.680965540250476],[85.34553108831811,27.680974000321086]]}},{"type":"Feature","properties":{},"geometry":{"type":"LineString","coordinates":[[85.34562121314157,27.680976030844427],[85.34565143998361,27.680993118956607]]}},{"type":"Feature","properties":{},"geometry":{"type":"LineString","coordinates":[[85.3456476891465,27.68118366511927],[85.3456422035683,27.681169985441805]]}},{"type":"Feature","properties":{},"geometry":{"type":"LineString","coordinates":[[85.3457248127247,27.681157496065822],[85.34572700396143,27.681162453803935]]}},{"type":"Feature","properties":{},"geometry":{"type":"LineString","coordinates":[[85.34582453651039,27.68111225330209],[85.34582277065658,27.681107324112205]]}},{"type":"Feature","properties":{},"geometry":{"type":"LineString","coordinates":[[85.34583262997259,27.68111125064894],[85.34583486735586,27.681116644871235]]}},{"type":"Feature","properties":{},"geometry":{"type":"LineString","coordinates":[[85.34584471321593,27.68110632710554],[85.34584305579315,27.68110099757337]]}},{"type":"Feature","properties":{},"geometry":{"type":"LineString","coordinates":[[85.34544212065298,27.681696941815776],[85.34544064575012,27.68169295656064]]}},{"type":"Feature","properties":{},"geometry":{"type":"LineString","coordinates":[[85.34542956221064,27.681699351441264],[85.34543343839077,27.681720792835204]]}},{"type":"Feature","properties":{},"geometry":{"type":"LineString","coordinates":[[85.34534512997699,27.68171242807166],[85.34534396396234,27.6817085999403]]}},{"type":"Feature","properties":{},"geometry":{"type":"LineString","coordinates":[[85.34568752745864,27.681915214959304],[85.34569922132631,27.681909763298854]]}},{"type":"Feature","properties":{},"geometry":{"type":"LineString","coordinates":[[85.34572162345216,27.681482531596448],[85.34572050416732,27.68147721661356]]}},{"type":"Feature","properties":{},"geometry":{"type":"LineString","coordinates":[[85.3457236135155,27.6814821365795],[85.34572598207009,27.681497192427546]]}},{"type":"Feature","properties":{},"geometry":{"type":"LineString","coordinates":[[85.34582968568739,27.681457591248957],[85.34582835388967,27.681451711436246]]}},{"type":"Feature","properties":{},"geometry":{"type":"LineString","coordinates":[[85.34601607524719,27.681399199715454],[85.34602180944972,27.681410782100368]]}},{"type":"Feature","properties":{},"geometry":{"type":"LineString","coordinates":[[85.34604029030622,27.681390371260726],[85.34603827403781,27.681383624042567]]}},{"type":"Feature","properties":{},"geometry":{"type":"LineString","coordinates":[[85.34615367082544,27.68140972212375],[85.34615963203119,27.681408863671948]]}},{"type":"Feature","properties":{},"geometry":{"type":"LineString","coordinates":[[85.34608516659378,27.681300668677526],[85.34610054295291,27.681290623619677]]}},{"type":"Feature","properties":{},"geometry":{"type":"LineString","coordinates":[[85.3460728283482,27.681283354725107],[85.3460888400519,27.68127400500313]]}},{"type":"Feature","properties":{},"geometry":{"type":"LineString","coordinates":[[85.34575877602012,27.681344358067367],[85.34575766990933,27.68134052343397]]}},{"type":"Feature","properties":{},"geometry":{"type":"LineString","coordinates":[[85.34570796750717,27.681357297687022],[85.34570745464835,27.681352780586245]]}},{"type":"Feature","properties":{},"geometry":{"type":"LineString","coordinates":[[85.3456105926803,27.681379526158523],[85.34560892147786,27.681368788343583]]}},{"type":"Feature","properties":{},"geometry":{"type":"LineString","coordinates":[[85.34557454774928,27.68158269780699],[85.34558656852414,27.68158071226464]]}},{"type":"Feature","properties":{},"geometry":{"type":"LineString","coordinates":[[85.34558219525493,27.68160664371133],[85.34559319839958,27.681605514271844]]}},{"type":"Feature","properties":{},"geometry":{"type":"LineString","coordinates":[[85.34614141480553,27.681153861751934],[85.34613827155393,27.681146481021816]]}},{"type":"Feature","properties":{},"geometry":{"type":"LineString","coordinates":[[85.34618917434514,27.681137031647154],[85.34619718076752,27.681159368939806]]}},{"type":"Feature","properties":{},"geometry":{"type":"LineString","coordinates":[[85.3462566176972,27.681529886592703],[85.3462520799139,27.6815106260156]]}},{"type":"Feature","properties":{},"geometry":{"type":"LineString","coordinates":[[85.34633772531895,27.681506914692612],[85.3463570682339,27.681499537988337]]}},{"type":"Feature","properties":{},"geometry":{"type":"LineString","coordinates":[[85.3463399709147,27.68147603166091],[85.34634550966022,27.681419901931932]]}},{"type":"Feature","properties":{},"geometry":{"type":"LineString","coordinates":[[85.34633936177715,27.681479585875014],[85.34645506926992,27.681483321173214]]}},{"type":"Feature","properties":{},"geometry":{"type":"LineString","coordinates":[[85.34154200390874,27.681656564506483],[85.34156335246166,27.68167999323344]]}},{"type":"Feature","properties":{},"geometry":{"type":"LineString","coordinates":[[85.34617435935174,27.68175149370348],[85.34618866783758,27.681754189005403]]}},{"type":"Feature","properties":{},"geometry":{"type":"LineString","coordinates":[[85.34617476775688,27.681741815957782],[85.34599187740591,27.68175540507227]]}},{"type":"Feature","properties":{},"geometry":{"type":"LineString","coordinates":[[85.34643968628255,27.68175842980691],[85.34646389966487,27.681736525025375]]}},{"type":"Feature","properties":{},"geometry":{"type":"LineString","coordinates":[[85.34645116665185,27.681791845920635],[85.34647436885126,27.68178860836882]]}},{"type":"Feature","properties":{},"geometry":{"type":"LineString","coordinates":[[85.3461371297646,27.681947958918435],[85.34616095098747,27.6819520205632]]}},{"type":"Feature","properties":{},"geometry":{"type":"LineString","coordinates":[[85.34647484675847,27.68193321260462],[85.34646682971459,27.681934792036675]]}},{"type":"Feature","properties":{},"geometry":{"type":"LineString","coordinates":[[85.34614274395194,27.681898674189],[85.3461489834725,27.681899465324253]]}},{"type":"Feature","properties":{},"geometry":{"type":"LineString","coordinates":[[85.34609216662247,27.682033114291595],[85.34607118191911,27.6820441402398]]}},{"type":"Feature","properties":{},"geometry":{"type":"LineString","coordinates":[[85.34606613052001,27.682195081159428],[85.34607926065327,27.682200891564726]]}},{"type":"Feature","properties":{},"geometry":{"type":"LineString","coordinates":[[85.34587560808134,27.682199789865106],[85.34588545091849,27.682192101210497]]}},{"type":"Feature","properties":{},"geometry":{"type":"LineString","coordinates":[[85.34577673851263,27.68209289625999],[85.34578738536291,27.68209018398071]]}},{"type":"Feature","properties":{},"geometry":{"type":"LineString","coordinates":[[85.34575729143451,27.68206553405872],[85.34576884688599,27.682059378551106]]}},{"type":"Feature","properties":{},"geometry":{"type":"LineString","coordinates":[[85.34571995888884,27.681987854640205],[85.34579821352389,27.68195105342706]]}},{"type":"Feature","properties":{},"geometry":{"type":"LineString","coordinates":[[85.3456344808534,27.681929582730252],[85.34543265250576,27.681979344062263]]}},{"type":"Feature","properties":{},"geometry":{"type":"LineString","coordinates":[[85.34579323035295,27.68235778672913],[85.34580103181302,27.6823740798837]]}},{"type":"Feature","properties":{},"geometry":{"type":"LineString","coordinates":[[85.34574074066053,27.682380933126545],[85.34573313420135,27.682366501563234]]}},{"type":"Feature","properties":{},"geometry":{"type":"LineString","coordinates":[[85.34547145874551,27.682478081678422],[85.34547322267075,27.68249154631995]]}},{"type":"Feature","properties":{},"geometry":{"type":"LineString","coordinates":[[85.34544575706289,27.682490812063957],[85.34544596587983,27.68249054559687]]}},{"type":"Feature","properties":{},"geometry":{"type":"LineString","coordinates":[[85.34549892054424,27.682620649831506],[85.34550336601232,27.682619527808423]]}},{"type":"Feature","properties":{},"geometry":{"type":"LineString","coordinates":[[85.34600302265682,27.682407094290873],[85.34601608379056,27.682403692391922]]}},{"type":"Feature","properties":{},"geometry":{"type":"LineString","coordinates":[[85.3460077011708,27.682551037446984],[85.34599322862415,27.68255310024458]]}},{"type":"Feature","properties":{},"geometry":{"type":"LineString","coordinates":[[85.34608219372218,27.682582660863524],[85.34608973694884,27.6825792237525]]}},{"type":"Feature","properties":{},"geometry":{"type":"LineString","coordinates":[[85.34604324141016,27.682721307564748],[85.34590042517081,27.682633934088045]]}},{"type":"Feature","properties":{},"geometry":{"type":"LineString","coordinates":[[85.34603905839444,27.68272506278756],[85.34593864973264,27.68267995974415]]}},{"type":"Feature","properties":{},"geometry":{"type":"LineString","coordinates":[[85.34592979706488,27.682891047600688],[85.34588118460843,27.68288140175255]]}},{"type":"Feature","properties":{},"geometry":{"type":"LineString","coordinates":[[85.3462341177238,27.682720088553893],[85.34623670139018,27.68270721375531]]}},{"type":"Feature","properties":{},"geometry":{"type":"LineString","coordinates":[[85.34632763799415,27.68272955023745],[85.34633001573569,27.682720652347815]]}},{"type":"Feature","properties":{},"geometry":{"type":"LineString","coordinates":[[85.34646373477827,27.683255707340894],[85.34645563856202,27.68325028740421]]}},{"type":"Feature","properties":{},"geometry":{"type":"LineString","coordinates":[[85.34632407888161,27.683407883291974],[85.34631705209569,27.683403620557222]]}},{"type":"Feature","properties":{},"geometry":{"type":"LineString","coordinates":[[85.34632091710661,27.683681589862665],[85.34633960170561,27.683667059779207]]}},{"type":"Feature","properties":{},"geometry":{"type":"LineString","coordinates":[[85.34633080412905,27.683686923786],[85.34631455515121,27.6836903309687]]}},{"type":"Feature","properties":{},"geometry":{"type":"LineString","coordinates":[[85.34647866316772,27.683849795403127],[85.34646922392164,27.683859019648324]]}},{"type":"Feature","properties":{},"geometry":{"type":"LineString","coordinates":[[85.3464881680265,27.683861250400525],[85.34651451553711,27.683849208067638]]}},{"type":"Feature","properties":{},"geometry":{"type":"LineString","coordinates":[[85.34654762721502,27.683938410374523],[85.34653883159967,27.683943406613167]]}},{"type":"Feature","properties":{},"geometry":{"type":"LineString","coordinates":[[85.34659872332986,27.684006329397448],[85.34661933795749,27.683997278269555]]}},{"type":"Feature","properties":{},"geometry":{"type":"LineString","coordinates":[[85.34661238242498,27.684032970747673],[85.34663802151393,27.68402420975174]]}},{"type":"Feature","properties":{},"geometry":{"type":"LineString","coordinates":[[85.34580943845864,27.683229525317206],[85.34582241622284,27.683233343794008]]}},{"type":"Feature","properties":{},"geometry":{"type":"LineString","coordinates":[[85.34582910135265,27.68317530987067],[85.34584712093738,27.683154919737028]]}},{"type":"Feature","properties":{},"geometry":{"type":"LineString","coordinates":[[85.34544786744532,27.683201950178198],[85.34544894956794,27.683194934001165]]}},{"type":"Feature","properties":{},"geometry":{"type":"LineString","coordinates":[[85.34540261329288,27.68318992001391],[85.34540721281583,27.68317084619576]]}},{"type":"Feature","properties":{},"geometry":{"type":"LineString","coordinates":[[85.34531556699686,27.683019143631732],[85.34534376562723,27.683006638058878]]}},{"type":"Feature","properties":{},"geometry":{"type":"LineString","coordinates":[[85.34583080384618,27.68317401788828],[85.34585048465819,27.683045419409652]]}},{"type":"Feature","properties":{},"geometry":{"type":"LineString","coordinates":[[85.34426893711743,27.681515047592224],[85.34426277227672,27.681506485359094]]}},{"type":"Feature","properties":{},"geometry":{"type":"LineString","coordinates":[[85.3443821796693,27.681663980880348],[85.3443889943685,27.681673352346138]]}},{"type":"Feature","properties":{},"geometry":{"type":"LineString","coordinates":[[85.34441147436685,27.68182413305156],[85.34441827985869,27.68182188219656]]}},{"type":"Feature","properties":{},"geometry":{"type":"LineString","coordinates":[[85.34441718580453,27.68184312972042],[85.344424139589,27.68184166766633]]}},{"type":"Feature","properties":{},"geometry":{"type":"LineString","coordinates":[[85.34441902514249,27.681854072630447],[85.34439383955709,27.681861156285358]]}},{"type":"Feature","properties":{},"geometry":{"type":"LineString","coordinates":[[85.3446658921584,27.681836983864425],[85.34466393011843,27.68181999056182]]}},{"type":"Feature","properties":{},"geometry":{"type":"LineString","coordinates":[[85.34448479551479,27.68220162970854],[85.34445559445363,27.682202227445458]]}},{"type":"Feature","properties":{},"geometry":{"type":"LineString","coordinates":[[85.34451500209357,27.68226920859744],[85.34448760409434,27.682276835334218]]}},{"type":"Feature","properties":{},"geometry":{"type":"LineString","coordinates":[[85.3445754856105,27.68241019499999],[85.34455531432853,27.68241836301372]]}},{"type":"Feature","properties":{},"geometry":{"type":"LineString","coordinates":[[85.34457869738131,27.682416388817927],[85.34458473454042,27.682413859810968]]}},{"type":"Feature","properties":{},"geometry":{"type":"LineString","coordinates":[[85.34460605556663,27.682478089595687],[85.3446137969367,27.682474827322704]]}},{"type":"Feature","properties":{},"geometry":{"type":"LineString","coordinates":[[85.34477606895578,27.682575779796455],[85.34477384466436,27.682589755462686]]}},{"type":"Feature","properties":{},"geometry":{"type":"LineString","coordinates":[[85.34417963010115,27.682360500391162],[85.3441695769186,27.68231942042623]]}},{"type":"Feature","properties":{},"geometry":{"type":"LineString","coordinates":[[85.3441785732093,27.682361403849608],[85.3441370659929,27.68233296088324]]}},{"type":"Feature","properties":{},"geometry":{"type":"LineString","coordinates":[[85.34418409281227,27.682379539902595],[85.3441929590976,27.682376174672267]]}},{"type":"Feature","properties":{},"geometry":{"type":"LineString","coordinates":[[85.34510498864124,27.681993559005523],[85.34511745036767,27.682009334755456]]}},{"type":"Feature","properties":{},"geometry":{"type":"LineString","coordinates":[[85.34503857997734,27.681871984583697],[85.3450936777841,27.681842679883175]]}},{"type":"Feature","properties":{},"geometry":{"type":"LineString","coordinates":[[85.34489547013973,27.68190492903333],[85.34488466117966,27.68188342915016]]}},{"type":"Feature","properties":{},"geometry":{"type":"LineString","coordinates":[[85.34487396906545,27.681915297883783],[85.34483901968242,27.68189685709349]]}},{"type":"Feature","properties":{},"geometry":{"type":"LineString","coordinates":[[85.34498443566883,27.682218089616835],[85.34499058558494,27.68221621719433]]}},{"type":"Feature","properties":{},"geometry":{"type":"LineString","coordinates":[[85.3449875287947,27.682234439370976],[85.34499420502746,27.682234172566364]]}},{"type":"Feature","properties":{},"geometry":{"type":"LineString","coordinates":[[85.34500048286134,27.682268262201887],[85.34497533376506,27.682274333728902]]}},{"type":"Feature","properties":{},"geometry":{"type":"LineString","coordinates":[[85.34501451042,27.682303980590426],[85.34502070181976,27.682303189924276]]}},{"type":"Feature","properties":{},"geometry":{"type":"LineString","coordinates":[[85.34509070851036,27.682363799991453],[85.34510180315836,27.68238390792226]]}},{"type":"Feature","properties":{},"geometry":{"type":"LineString","coordinates":[[85.34513806089872,27.68235546026425],[85.3451344818036,27.682347401901865]]}},{"type":"Feature","properties":{},"geometry":{"type":"LineString","coordinates":[[85.34513442836028,27.68235625894594],[85.34512980694414,27.682339934256596]]}},{"type":"Feature","properties":{},"geometry":{"type":"LineString","coordinates":[[85.34520076168604,27.682330807889695],[85.34522633170818,27.682322102277638]]}},{"type":"Feature","properties":{},"geometry":{"type":"LineString","coordinates":[[85.34508216126613,27.682528571336814],[85.34508819018251,27.68252611802395]]}},{"type":"Feature","properties":{},"geometry":{"type":"LineString","coordinates":[[85.34520396720146,27.68261690042061],[85.34520362825482,27.68260622906402]]}},{"type":"Feature","properties":{},"geometry":{"type":"LineString","coordinates":[[85.34520444860917,27.68261987106821],[85.34522187866251,27.68261565318675]]}},{"type":"Feature","properties":{},"geometry":{"type":"LineString","coordinates":[[85.34507444120241,27.682737594038517],[85.3450810280161,27.68273505623455]]}},{"type":"Feature","properties":{},"geometry":{"type":"LineString","coordinates":[[85.34507078758604,27.682888797060745],[85.34504848238277,27.682886118002994]]}},{"type":"Feature","properties":{},"geometry":{"type":"LineString","coordinates":[[85.34507136440595,27.682889944783582],[85.3450727218497,27.68288887703423]]}},{"type":"Feature","properties":{},"geometry":{"type":"LineString","coordinates":[[85.34506153290629,27.68295517143802],[85.34504386907491,27.68295216244784]]}},{"type":"Feature","properties":{},"geometry":{"type":"LineString","coordinates":[[85.3450567078764,27.682998073629854],[85.34506307864909,27.682998030617465]]}},{"type":"Feature","properties":{},"geometry":{"type":"LineString","coordinates":[[85.34504822581158,27.683093289378384],[85.34506067603913,27.683096117836023]]}},{"type":"Feature","properties":{},"geometry":{"type":"LineString","coordinates":[[85.34529945246454,27.68337026461186],[85.34529455733148,27.68336933425849]]}},{"type":"Feature","properties":{},"geometry":{"type":"LineString","coordinates":[[85.34529975930369,27.683372575210253],[85.34533242753724,27.683381901713393]]}},{"type":"Feature","properties":{},"geometry":{"type":"LineString","coordinates":[[85.34529214835518,27.683407533224695],[85.34532008319253,27.68341387709285]]}},{"type":"Feature","properties":{},"geometry":{"type":"LineString","coordinates":[[85.34522173659771,27.683593971362495],[85.34525141190528,27.683598928956723]]}},{"type":"Feature","properties":{},"geometry":{"type":"LineString","coordinates":[[85.3452166495392,27.683613772221896],[85.34524748631458,27.683613244422723]]}},{"type":"Feature","properties":{},"geometry":{"type":"LineString","coordinates":[[85.34520343335949,27.683653604748997],[85.34519559026852,27.683653186117557]]}},{"type":"Feature","properties":{},"geometry":{"type":"LineString","coordinates":[[85.3451862544628,27.683717005294994],[85.34521456338011,27.683721877075094]]}},{"type":"Feature","properties":{},"geometry":{"type":"LineString","coordinates":[[85.34515077845421,27.683829002836852],[85.34517668751703,27.683838853329053]]}},{"type":"Feature","properties":{},"geometry":{"type":"LineString","coordinates":[[85.3451281003745,27.684010133806925],[85.34512156903213,27.684008382426384]]}},{"type":"Feature","properties":{},"geometry":{"type":"LineString","coordinates":[[85.345120929639,27.68403081683127],[85.34512467192953,27.684024760271825]]}},{"type":"Feature","properties":{},"geometry":{"type":"LineString","coordinates":[[85.3448736616103,27.683700432913742],[85.34486383905838,27.683697417421662]]}},{"type":"Feature","properties":{},"geometry":{"type":"LineString","coordinates":[[85.34487377847312,27.683695641740243],[85.34489537980194,27.68370231435073]]}},{"type":"Feature","properties":{},"geometry":{"type":"LineString","coordinates":[[85.3448924292121,27.683608539666867],[85.34491557178224,27.683615469869572]]}},{"type":"Feature","properties":{},"geometry":{"type":"LineString","coordinates":[[85.34489378044285,27.68359907717591],[85.34488401454114,27.683597280812535]]}},{"type":"Feature","properties":{},"geometry":{"type":"LineString","coordinates":[[85.34494712238038,27.68333443367382],[85.34497308763518,27.68334155734887]]}},{"type":"Feature","properties":{},"geometry":{"type":"LineString","coordinates":[[85.34485592999991,27.683773444438827],[85.34488575053518,27.68378672450773]]}},{"type":"Feature","properties":{},"geometry":{"type":"LineString","coordinates":[[85.34488590210039,27.683089959708134],[85.34488900087392,27.683076419594958]]}},{"type":"Feature","properties":{},"geometry":{"type":"LineString","coordinates":[[85.34484260139696,27.68308373718743],[85.34484390446902,27.683071080878843]]}},{"type":"Feature","properties":{},"geometry":{"type":"LineString","coordinates":[[85.34475401911922,27.683070740436744],[85.34475265417285,27.683057111780005]]}},{"type":"Feature","properties":{},"geometry":{"type":"LineString","coordinates":[[85.34464871484367,27.682924055795233],[85.34467445832033,27.682932230154716]]}},{"type":"Feature","properties":{},"geometry":{"type":"LineString","coordinates":[[85.34465633277759,27.68289846011224],[85.3446895100055,27.682903334220285]]}},{"type":"Feature","properties":{},"geometry":{"type":"LineString","coordinates":[[85.34465742508709,27.682890368218096],[85.34468892611358,27.682896134776037]]}},{"type":"Feature","properties":{},"geometry":{"type":"LineString","coordinates":[[85.34465879376488,27.68288021999516],[85.34465690638555,27.682866006555333]]}},{"type":"Feature","properties":{},"geometry":{"type":"LineString","coordinates":[[85.34460900035866,27.683134820644494],[85.34465912205103,27.683144559889893]]}},{"type":"Feature","properties":{},"geometry":{"type":"LineString","coordinates":[[85.344605685644,27.683238905250935],[85.34465847202449,27.683244799871257]]}},{"type":"Feature","properties":{},"geometry":{"type":"LineString","coordinates":[[85.34460162088537,27.68332052260109],[85.34465623340172,27.683325132149864]]}},{"type":"Feature","properties":{},"geometry":{"type":"LineString","coordinates":[[85.34459528235577,27.683367632443467],[85.34465288298588,27.683379555015268]]}},{"type":"Feature","properties":{},"geometry":{"type":"LineString","coordinates":[[85.34458847737545,27.683478471571],[85.3446392399339,27.68348633214702]]}},{"type":"Feature","properties":{},"geometry":{"type":"LineString","coordinates":[[85.3445749882525,27.68365314707545],[85.34463211439437,27.68365909629161]]}},{"type":"Feature","properties":{},"geometry":{"type":"LineString","coordinates":[[85.34456111357761,27.68387878888249],[85.3446122289525,27.683885183428128]]}},{"type":"Feature","properties":{},"geometry":{"type":"LineString","coordinates":[[85.34456000868285,27.683882470737824],[85.34455075610234,27.683878703889604]]}},{"type":"Feature","properties":{},"geometry":{"type":"LineString","coordinates":[[85.34424274125017,27.68303249084934],[85.3442427282983,27.68302400757546]]}},{"type":"Feature","properties":{},"geometry":{"type":"LineString","coordinates":[[85.34404125176246,27.68302252570031],[85.34404061647528,27.683007782081898]]}},{"type":"Feature","properties":{},"geometry":{"type":"LineString","coordinates":[[85.34380623617308,27.683040956284557],[85.3438071042281,27.68303005928318]]}},{"type":"Feature","properties":{},"geometry":{"type":"LineString","coordinates":[[85.34388414904882,27.682923284054876],[85.34390533960598,27.682917387428176]]}},{"type":"Feature","properties":{},"geometry":{"type":"LineString","coordinates":[[85.34389734451804,27.682729899660202],[85.34391277058444,27.682746757021828]]}},{"type":"Feature","properties":{},"geometry":{"type":"LineString","coordinates":[[85.34388612742603,27.682738010376177],[85.34388156022445,27.682731878858085]]}},{"type":"Feature","properties":{},"geometry":{"type":"LineString","coordinates":[[85.34396669640086,27.682690082327234],[85.34398148733881,27.682711740902768]]}},{"type":"Feature","properties":{},"geometry":{"type":"LineString","coordinates":[[85.34371448614199,27.683058704447976],[85.34371283673234,27.683039479247704]]}},{"type":"Feature","properties":{},"geometry":{"type":"LineString","coordinates":[[85.34361356453691,27.683076862733717],[85.34361353782535,27.68305787355287]]}},{"type":"Feature","properties":{},"geometry":{"type":"LineString","coordinates":[[85.34357014411246,27.683086304940403],[85.34356637054046,27.68306225183771]]}},{"type":"Feature","properties":{},"geometry":{"type":"LineString","coordinates":[[85.34352146800522,27.683319905179594],[85.3435112727611,27.683323853765277]]}},{"type":"Feature","properties":{},"geometry":{"type":"LineString","coordinates":[[85.34351636899906,27.683376082412174],[85.34352498265916,27.683376900258096]]}},{"type":"Feature","properties":{},"geometry":{"type":"LineString","coordinates":[[85.34354306159676,27.683513969134726],[85.34354989007265,27.683512487578806]]}},{"type":"Feature","properties":{},"geometry":{"type":"LineString","coordinates":[[85.34355289584991,27.683563633426896],[85.34356207251467,27.683563625848656]]}},{"type":"Feature","properties":{},"geometry":{"type":"LineString","coordinates":[[85.34356866663624,27.683655935932467],[85.34356982155738,27.683656263834614]]}},{"type":"Feature","properties":{},"geometry":{"type":"LineString","coordinates":[[85.343576323192,27.683709491267106],[85.343578044255,27.683710397257727]]}},{"type":"Feature","properties":{},"geometry":{"type":"LineString","coordinates":[[85.34340437565245,27.682992476440692],[85.34341356445455,27.68299240042176]]}},{"type":"Feature","properties":{},"geometry":{"type":"LineString","coordinates":[[85.34340384426022,27.68292114655634],[85.34343220992837,27.682928687324875]]}},{"type":"Feature","properties":{},"geometry":{"type":"LineString","coordinates":[[85.34319169993002,27.683183900591587],[85.34319526579225,27.683202432091882]]}},{"type":"Feature","properties":{},"geometry":{"type":"LineString","coordinates":[[85.34316742512742,27.683187847695248],[85.3431625862913,27.6831717721621]]}},{"type":"Feature","properties":{},"geometry":{"type":"LineString","coordinates":[[85.34314280072077,27.683194334915353],[85.34313730757906,27.68317821635433]]}},{"type":"Feature","properties":{},"geometry":{"type":"LineString","coordinates":[[85.34315236477295,27.682746071633968],[85.34316179480152,27.682726185624166]]}},{"type":"Feature","properties":{},"geometry":{"type":"LineString","coordinates":[[85.34306500415151,27.682659907448265],[85.34308229245067,27.68264466794394]]}},{"type":"Feature","properties":{},"geometry":{"type":"LineString","coordinates":[[85.34305773835915,27.68265040055554],[85.34303771773668,27.682629102619796]]}},{"type":"Feature","properties":{},"geometry":{"type":"LineString","coordinates":[[85.34313569441166,27.68297619888555],[85.34314297732348,27.682997670251282]]}},{"type":"Feature","properties":{},"geometry":{"type":"LineString","coordinates":[[85.34310466095991,27.683201794955547],[85.34309358704574,27.68319893675817]]}},{"type":"Feature","properties":{},"geometry":{"type":"LineString","coordinates":[[85.34303400986046,27.682957387083825],[85.34303044560004,27.682948623953788]]}},{"type":"Feature","properties":{},"geometry":{"type":"LineString","coordinates":[[85.34282355121111,27.682942037429683],[85.34283710881806,27.682921946311748]]}},{"type":"Feature","properties":{},"geometry":{"type":"LineString","coordinates":[[85.34276431834938,27.68281316765983],[85.34276108571176,27.682808630644498]]}},{"type":"Feature","properties":{},"geometry":{"type":"LineString","coordinates":[[85.34273620350734,27.682721537794208],[85.34275304429354,27.682705455406882]]}},{"type":"Feature","properties":{},"geometry":{"type":"LineString","coordinates":[[85.34265997695977,27.68265830423066],[85.34266236859656,27.682630980916787]]}},{"type":"Feature","properties":{},"geometry":{"type":"LineString","coordinates":[[85.34261043616827,27.683028953065467],[85.34261052009859,27.683015875144424]]}},{"type":"Feature","properties":{},"geometry":{"type":"LineString","coordinates":[[85.34414275979266,27.682876646264358],[85.34414094071187,27.682852332235186]]}},{"type":"Feature","properties":{},"geometry":{"type":"LineString","coordinates":[[85.34414537386732,27.68287850609479],[85.34415160521755,27.68287782515565]]}},{"type":"Feature","properties":{},"geometry":{"type":"LineString","coordinates":[[85.344350555832,27.683228278637596],[85.34435595614275,27.683228585079224]]}},{"type":"Feature","properties":{},"geometry":{"type":"LineString","coordinates":[[85.34435119861959,27.683236344337093],[85.34432778623919,27.683236016621485]]}},{"type":"Feature","properties":{},"geometry":{"type":"LineString","coordinates":[[85.3440140829362,27.68323428242402],[85.34397484319189,27.683247519446148]]}},{"type":"Feature","properties":{},"geometry":{"type":"LineString","coordinates":[[85.34403780419977,27.68346209936348],[85.34401080142788,27.68346185411897]]}},{"type":"Feature","properties":{},"geometry":{"type":"LineString","coordinates":[[85.3440405659862,27.683505509196703],[85.34401570200713,27.683511275272714]]}},{"type":"Feature","properties":{},"geometry":{"type":"LineString","coordinates":[[85.34405751347029,27.683633816929817],[85.34403144261854,27.68362851768982]]}},{"type":"Feature","properties":{},"geometry":{"type":"LineString","coordinates":[[85.3440507874986,27.6837270842012],[85.34408196623882,27.683721230259767]]}},{"type":"Feature","properties":{},"geometry":{"type":"LineString","coordinates":[[85.34405943110661,27.683810723559688],[85.34405408040215,27.683811495349833]]}},{"type":"Feature","properties":{},"geometry":{"type":"LineString","coordinates":[[85.34384101967792,27.683873524633576],[85.34381705208101,27.68379972579824]]}},{"type":"Feature","properties":{},"geometry":{"type":"LineString","coordinates":[[85.34384454393282,27.683927274231635],[85.34383189806694,27.683930419141873]]}},{"type":"Feature","properties":{},"geometry":{"type":"LineString","coordinates":[[85.34406881958354,27.68390016442332],[85.34408902212894,27.683900360846085]]}},{"type":"Feature","properties":{},"geometry":{"type":"LineString","coordinates":[[85.34407237751756,27.683947455735677],[85.3440937671846,27.683945712319517]]}},{"type":"Feature","properties":{},"geometry":{"type":"LineString","coordinates":[[85.34408653357791,27.684176648405487],[85.34410726321873,27.68417779700735]]}},{"type":"Feature","properties":{},"geometry":{"type":"LineString","coordinates":[[85.34432988506461,27.683624146878902],[85.34432958260584,27.683612070681566]]}},{"type":"Feature","properties":{},"geometry":{"type":"LineString","coordinates":[[85.34433018559467,27.683625866229505],[85.3443327491947,27.68361601840684]]}},{"type":"Feature","properties":{},"geometry":{"type":"LineString","coordinates":[[85.34433477890589,27.683724969378957],[85.34431255275612,27.68372409715651]]}},{"type":"Feature","properties":{},"geometry":{"type":"LineString","coordinates":[[85.34433454705432,27.683728241078374],[85.34434256597963,27.683728093250767]]}},{"type":"Feature","properties":{},"geometry":{"type":"LineString","coordinates":[[85.34434246264162,27.6838276258277],[85.34435231841468,27.683826825749478]]}},{"type":"Feature","properties":{},"geometry":{"type":"LineString","coordinates":[[85.34434306030764,27.683833104263456],[85.34432279697471,27.6838314269606]]}},{"type":"Feature","properties":{},"geometry":{"type":"LineString","coordinates":[[85.34435042560813,27.683899473273968],[85.34433024736464,27.68389208742351]]}},{"type":"Feature","properties":{},"geometry":{"type":"LineString","coordinates":[[85.34434995467088,27.6839052864189],[85.34435711260527,27.6839058927626]]}},{"type":"Feature","properties":{},"geometry":{"type":"LineString","coordinates":[[85.34436184362323,27.68398108254429],[85.34433825354093,27.68398324916934]]}},{"type":"Feature","properties":{},"geometry":{"type":"LineString","coordinates":[[85.34440988911625,27.684021009210614],[85.34441135112978,27.684003466569486]]}},{"type":"Feature","properties":{},"geometry":{"type":"LineString","coordinates":[[85.34454534235762,27.684107892776517],[85.34453612969095,27.684107393654592]]}},{"type":"Feature","properties":{},"geometry":{"type":"LineString","coordinates":[[85.34454507965934,27.684100371349633],[85.34465557905699,27.6841032607606]]}},{"type":"Feature","properties":{},"geometry":{"type":"LineString","coordinates":[[85.34453682777892,27.684213022645636],[85.34459134555622,27.684220178112465]]}},{"type":"Feature","properties":{},"geometry":{"type":"LineString","coordinates":[[85.34476945332669,27.684245128907726],[85.3447722303059,27.684235047157625]]}},{"type":"Feature","properties":{},"geometry":{"type":"LineString","coordinates":[[85.34454624263931,27.68440378467118],[85.3445940411396,27.68440478201452]]}},{"type":"Feature","properties":{},"geometry":{"type":"LineString","coordinates":[[85.34454736470008,27.684421617234705],[85.34459611734876,27.68441703013914]]}},{"type":"Feature","properties":{},"geometry":{"type":"LineString","coordinates":[[85.34442321318103,27.6844659721524],[85.34442192019904,27.68445980758625]]}},{"type":"Feature","properties":{},"geometry":{"type":"LineString","coordinates":[[85.34429449601275,27.68448223810171],[85.34429234231355,27.684475195888997]]}},{"type":"Feature","properties":{},"geometry":{"type":"LineString","coordinates":[[85.34413355657824,27.684498712558746],[85.34413037565375,27.684493093125006]]}},{"type":"Feature","properties":{},"geometry":{"type":"LineString","coordinates":[[85.34404488840039,27.68450941629965],[85.34404335522744,27.684500491552388]]}},{"type":"Feature","properties":{},"geometry":{"type":"LineString","coordinates":[[85.34394647345191,27.68452256037472],[85.34394655877334,27.684548822141966]]}},{"type":"Feature","properties":{},"geometry":{"type":"LineString","coordinates":[[85.34393743811009,27.6845265679855],[85.34392177215521,27.684514169987064]]}},{"type":"Feature","properties":{},"geometry":{"type":"LineString","coordinates":[[85.34457240987032,27.684583859409976],[85.34462616806833,27.684579746410673]]}},{"type":"Feature","properties":{},"geometry":{"type":"LineString","coordinates":[[85.34457629012104,27.68460038645222],[85.34462905017642,27.68459724711173]]}},{"type":"Feature","properties":{},"geometry":{"type":"LineString","coordinates":[[85.34457905310839,27.684631161417336],[85.34456868887824,27.684632931094136]]}},{"type":"Feature","properties":{},"geometry":{"type":"LineString","coordinates":[[85.34459361016437,27.684730056022808],[85.34458340580532,27.68473285471933]]}},{"type":"Feature","properties":{},"geometry":{"type":"LineString","coordinates":[[85.34459954252902,27.684768898905848],[85.34464791736981,27.684769070065904]]}},{"type":"Feature","properties":{},"geometry":{"type":"LineString","coordinates":[[85.34460366721515,27.684851630402722],[85.34466038069775,27.684860175858194]]}},{"type":"Feature","properties":{},"geometry":{"type":"LineString","coordinates":[[85.34460686750553,27.684871562780867],[85.34465036036207,27.684866704312515]]}},{"type":"Feature","properties":{},"geometry":{"type":"LineString","coordinates":[[85.34460472559309,27.685030706425533],[85.34465126341776,27.685027178619755]]}},{"type":"Feature","properties":{},"geometry":{"type":"LineString","coordinates":[[85.3446105003848,27.68510453137121],[85.3446613020862,27.685092503719492]]}},{"type":"Feature","properties":{},"geometry":{"type":"LineString","coordinates":[[85.34461225815225,27.68511140819204],[85.34460316100564,27.68511191589943]]}},{"type":"Feature","properties":{},"geometry":{"type":"LineString","coordinates":[[85.34460006573546,27.685203054138245],[85.34444167078031,27.685204833242434]]}},{"type":"Feature","properties":{},"geometry":{"type":"LineString","coordinates":[[85.34474178408742,27.685208951232447],[85.34474705105264,27.685192560599024]]}},{"type":"Feature","properties":{},"geometry":{"type":"LineString","coordinates":[[85.34792646157518,27.684396791653256],[85.34795969888282,27.684371649397114]]}},{"type":"Feature","properties":{},"geometry":{"type":"LineString","coordinates":[[85.34792543358232,27.68439328379007],[85.34791078439113,27.684409020206783]]}},{"type":"Feature","properties":{},"geometry":{"type":"LineString","coordinates":[[85.34789126364896,27.68435375668308],[85.34793116493938,27.68433112270709]]}},{"type":"Feature","properties":{},"geometry":{"type":"LineString","coordinates":[[85.34778498881049,27.684238720767766],[85.34781720325353,27.684213365974824]]}},{"type":"Feature","properties":{},"geometry":{"type":"LineString","coordinates":[[85.34777355326332,27.684224847437594],[85.347808777093,27.684201567422605]]}},{"type":"Feature","properties":{},"geometry":{"type":"LineString","coordinates":[[85.3476441474408,27.68411503835529],[85.34768181592344,27.68407571662178]]}},{"type":"Feature","properties":{},"geometry":{"type":"LineString","coordinates":[[85.34764136869867,27.6841097658638],[85.34767940897481,27.68407362917493]]}},{"type":"Feature","properties":{},"geometry":{"type":"LineString","coordinates":[[85.34750996300102,27.6842166347437],[85.34752776561699,27.684238053619286]]}},{"type":"Feature","properties":{},"geometry":{"type":"LineString","coordinates":[[85.34758914541968,27.68406292739844],[85.3476257781188,27.684030784890126]]}},{"type":"Feature","properties":{},"geometry":{"type":"LineString","coordinates":[[85.34768078506585,27.683953939554826],[85.34767596856963,27.68395040905531]]}},{"type":"Feature","properties":{},"geometry":{"type":"LineString","coordinates":[[85.34769224697176,27.68394215172633],[85.34768665186986,27.683938887217824]]}},{"type":"Feature","properties":{},"geometry":{"type":"LineString","coordinates":[[85.3476937287839,27.68393996084965],[85.34769947486728,27.683947339205524]]}},{"type":"Feature","properties":{},"geometry":{"type":"LineString","coordinates":[[85.34773850797392,27.683892458319658],[85.34776103941338,27.683879926161843]]}},{"type":"Feature","properties":{},"geometry":{"type":"LineString","coordinates":[[85.34774110177723,27.683889070380445],[85.34775917786916,27.68387703472743]]}},{"type":"Feature","properties":{},"geometry":{"type":"LineString","coordinates":[[85.34774146789334,27.68388805305448],[85.34775950126028,27.68387124507654]]}},{"type":"Feature","properties":{},"geometry":{"type":"LineString","coordinates":[[85.34744999701824,27.683979689588686],[85.34747875300081,27.683943501742224]]}},{"type":"Feature","properties":{},"geometry":{"type":"LineString","coordinates":[[85.34744235966505,27.683973684910477],[85.34747316864171,27.683935214628093]]}},{"type":"Feature","properties":{},"geometry":{"type":"LineString","coordinates":[[85.34736669189269,27.683934036174932],[85.34741311597477,27.683910959405072]]}},{"type":"Feature","properties":{},"geometry":{"type":"LineString","coordinates":[[85.34728437331583,27.683837011962353],[85.34726082559499,27.683840409778146]]}},{"type":"Feature","properties":{},"geometry":{"type":"LineString","coordinates":[[85.3472653012737,27.68381910509886],[85.34731059332435,27.6837906762333]]}},{"type":"Feature","properties":{},"geometry":{"type":"LineString","coordinates":[[85.347065225268,27.68358031625266],[85.34709413767949,27.683545456206893]]}},{"type":"Feature","properties":{},"geometry":{"type":"LineString","coordinates":[[85.34694745919745,27.683496150806633],[85.34694109444752,27.68350265808382]]}},{"type":"Feature","properties":{},"geometry":{"type":"LineString","coordinates":[[85.34691209502336,27.683449657731785],[85.34696466868832,27.683431928143314]]}},{"type":"Feature","properties":{},"geometry":{"type":"LineString","coordinates":[[85.34685364509777,27.683355031957092],[85.34702937045184,27.683281700017652]]}},{"type":"Feature","properties":{},"geometry":{"type":"LineString","coordinates":[[85.34682922869433,27.683311775233125],[85.34686920165217,27.683287467266496]]}},{"type":"Feature","properties":{},"geometry":{"type":"LineString","coordinates":[[85.34676442924314,27.683199568557114],[85.34680468738901,27.683178066448967]]}},{"type":"Feature","properties":{},"geometry":{"type":"LineString","coordinates":[[85.3465787925629,27.683090761546904],[85.3465296406931,27.683102711259803]]}},{"type":"Feature","properties":{},"geometry":{"type":"LineString","coordinates":[[85.34672004871747,27.684497735692133],[85.34669205384128,27.684512650182388]]}},{"type":"Feature","properties":{},"geometry":{"type":"LineString","coordinates":[[85.34671700817712,27.684472557796774],[85.34668660061519,27.68448065175105]]}},{"type":"Feature","properties":{},"geometry":{"type":"LineString","coordinates":[[85.34670683472154,27.68441711057246],[85.34667449551183,27.68442252704827]]}},{"type":"Feature","properties":{},"geometry":{"type":"LineString","coordinates":[[85.34667841340213,27.684308632446918],[85.34654859346358,27.684350546108114]]}},{"type":"Feature","properties":{},"geometry":{"type":"LineString","coordinates":[[85.346664428107,27.68424899156724],[85.34682815595114,27.684202708021754]]}},{"type":"Feature","properties":{},"geometry":{"type":"LineString","coordinates":[[85.34666008439498,27.684214818583953],[85.346684612396,27.684209282687636]]}},{"type":"Feature","properties":{},"geometry":{"type":"LineString","coordinates":[[85.3466335729371,27.683900823269845],[85.34663026915636,27.68388430496173]]}},{"type":"Feature","properties":{},"geometry":{"type":"LineString","coordinates":[[85.34678116089083,27.68383727523559],[85.34677127098327,27.683825399582723]]}},{"type":"Feature","properties":{},"geometry":{"type":"LineString","coordinates":[[85.34689265461606,27.683782958082144],[85.3468854304314,27.683768171019974]]}},{"type":"Feature","properties":{},"geometry":{"type":"LineString","coordinates":[[85.34692010664097,27.683768663437647],[85.34693710101672,27.68374363442095]]}},{"type":"Feature","properties":{},"geometry":{"type":"LineString","coordinates":[[85.34692284315003,27.6837672456926],[85.34694930245978,27.68375996017707]]}},{"type":"Feature","properties":{},"geometry":{"type":"LineString","coordinates":[[85.3460717970619,27.68374215683971],[85.34610140038347,27.68378567238684]]}},{"type":"Feature","properties":{},"geometry":{"type":"LineString","coordinates":[[85.34604595251899,27.68376798441475],[85.34602740587593,27.6837519618804]]}},{"type":"Feature","properties":{},"geometry":{"type":"LineString","coordinates":[[85.34579120030253,27.683845756726967],[85.3458014689294,27.68382987435365]]}},{"type":"Feature","properties":{},"geometry":{"type":"LineString","coordinates":[[85.34556728098019,27.68372590232672],[85.34554707848994,27.6837150767224]]}},{"type":"Feature","properties":{},"geometry":{"type":"LineString","coordinates":[[85.34602249641853,27.684132436136824],[85.34604263130022,27.684127169199847]]}},{"type":"Feature","properties":{},"geometry":{"type":"LineString","coordinates":[[85.34593654988886,27.684228714236667],[85.34593135454654,27.68422476036744]]}},{"type":"Feature","properties":{},"geometry":{"type":"LineString","coordinates":[[85.34572848345596,27.684279725402426],[85.34580637353888,27.684279465277857]]}},{"type":"Feature","properties":{},"geometry":{"type":"LineString","coordinates":[[85.34570163248206,27.684193521082346],[85.34571440601853,27.684171478911043]]}},{"type":"Feature","properties":{},"geometry":{"type":"LineString","coordinates":[[85.34558232201039,27.684139334289906],[85.34559252815282,27.684117041237485]]}},{"type":"Feature","properties":{},"geometry":{"type":"LineString","coordinates":[[85.34543828514711,27.684080109071957],[85.34543688123259,27.684083855054446]]}},{"type":"Feature","properties":{},"geometry":{"type":"LineString","coordinates":[[85.34543445908191,27.68407928174995],[85.3454490435585,27.684027303610637]]}},{"type":"Feature","properties":{},"geometry":{"type":"LineString","coordinates":[[85.34570179732928,27.684334399363678],[85.34568813110162,27.68433070983695]]}},{"type":"Feature","properties":{},"geometry":{"type":"LineString","coordinates":[[85.34552399811744,27.684435908712413],[85.34553044874454,27.684415508589705]]}},{"type":"Feature","properties":{},"geometry":{"type":"LineString","coordinates":[[85.3452309812738,27.68438005794929],[85.34523587723943,27.684359619410078]]}},{"type":"Feature","properties":{},"geometry":{"type":"LineString","coordinates":[[85.34563450291238,27.684539760905576],[85.34562107459922,27.684536900052006]]}},{"type":"Feature","properties":{},"geometry":{"type":"LineString","coordinates":[[85.34516811109596,27.684698213016226],[85.345154515398,27.68473381974129]]}},{"type":"Feature","properties":{},"geometry":{"type":"LineString","coordinates":[[85.3452169760493,27.68464355236275],[85.34522892294443,27.684609236440373]]}},{"type":"Feature","properties":{},"geometry":{"type":"LineString","coordinates":[[85.34532016907407,27.68467373839936],[85.3453387478942,27.68465407256]]}},{"type":"Feature","properties":{},"geometry":{"type":"LineString","coordinates":[[85.34545503212915,27.68470544896318],[85.34545368499232,27.684708723587033]]}},{"type":"Feature","properties":{},"geometry":{"type":"LineString","coordinates":[[85.34551617355115,27.684713570417674],[85.34551502327999,27.684693159821748]]}},{"type":"Feature","properties":{},"geometry":{"type":"LineString","coordinates":[[85.34557345888432,27.685000628429773],[85.34561472241725,27.68501748198159]]}},{"type":"Feature","properties":{},"geometry":{"type":"LineString","coordinates":[[85.34553220175476,27.68516198093159],[85.34558129578869,27.685163553908332]]}},{"type":"Feature","properties":{},"geometry":{"type":"LineString","coordinates":[[85.34573416371603,27.685329078292813],[85.34571442158351,27.685327511204253]]}},{"type":"Feature","properties":{},"geometry":{"type":"LineString","coordinates":[[85.34573196468475,27.68534454258737],[85.34571276813128,27.685343775361773]]}},{"type":"Feature","properties":{},"geometry":{"type":"LineString","coordinates":[[85.34558287293768,27.685544122664894],[85.34557693549435,27.685536193184742]]}},{"type":"Feature","properties":{},"geometry":{"type":"LineString","coordinates":[[85.34594160778782,27.68532877796807],[85.34593635958531,27.685322542708498]]}},{"type":"Feature","properties":{},"geometry":{"type":"LineString","coordinates":[[85.34603560459423,27.685278172403052],[85.34602780866413,27.685269705386737]]}},{"type":"Feature","properties":{},"geometry":{"type":"LineString","coordinates":[[85.34618636047772,27.685179547182013],[85.34617823387532,27.68517236778242]]}},{"type":"Feature","properties":{},"geometry":{"type":"LineString","coordinates":[[85.34853052007661,27.68426273059269],[85.34851618855429,27.68425210719109]]}},{"type":"Feature","properties":{},"geometry":{"type":"LineString","coordinates":[[85.34831188177155,27.684102341089226],[85.34829844723694,27.68408661989424]]}},{"type":"Feature","properties":{},"geometry":{"type":"LineString","coordinates":[[85.34753913623449,27.684472528977388],[85.3475254227297,27.68445790008483]]}},{"type":"Feature","properties":{},"geometry":{"type":"LineString","coordinates":[[85.34762683007035,27.684529013889534],[85.34763256359703,27.68452227792493]]}},{"type":"Feature","properties":{},"geometry":{"type":"LineString","coordinates":[[85.34763825444836,27.684538040371677],[85.3476263970298,27.684545183432405]]}},{"type":"Feature","properties":{},"geometry":{"type":"LineString","coordinates":[[85.34757677987477,27.68462995159377],[85.3475678834384,27.684610869203382]]}},{"type":"Feature","properties":{},"geometry":{"type":"LineString","coordinates":[[85.34749839955413,27.68465581598585],[85.34748840828988,27.684634366660937]]}},{"type":"Feature","properties":{},"geometry":{"type":"LineString","coordinates":[[85.34741589072937,27.684681002889644],[85.34741142737829,27.68467011083398]]}},{"type":"Feature","properties":{},"geometry":{"type":"LineString","coordinates":[[85.34722325596235,27.684602371353307],[85.34723733475862,27.684593684390176]]}},{"type":"Feature","properties":{},"geometry":{"type":"LineString","coordinates":[[85.34721292872021,27.68444441632101],[85.34723076289967,27.684421793580288]]}},{"type":"Feature","properties":{},"geometry":{"type":"LineString","coordinates":[[85.34719453420193,27.684747959266158],[85.34719434487818,27.684727542091377]]}},{"type":"Feature","properties":{},"geometry":{"type":"LineString","coordinates":[[85.34711098360555,27.684773979245723],[85.34710568832581,27.684756595094896]]}},{"type":"Feature","properties":{},"geometry":{"type":"LineString","coordinates":[[85.34710826485183,27.684773206702015],[85.3471289646101,27.684833573005058]]}},{"type":"Feature","properties":{},"geometry":{"type":"LineString","coordinates":[[85.34700147670168,27.684799449292353],[85.34702806857476,27.684843290637293]]}},{"type":"Feature","properties":{},"geometry":{"type":"LineString","coordinates":[[85.34574136850608,27.68528292913699],[85.34571017847543,27.685282310176294]]}},{"type":"Feature","properties":{},"geometry":{"type":"LineString","coordinates":[[85.34587338308516,27.68480873006057],[85.34587972301965,27.68480919297935]]}},{"type":"Feature","properties":{},"geometry":{"type":"LineString","coordinates":[[85.34591161325747,27.684669029691385],[85.34589683971672,27.684658754547996]]}},{"type":"Feature","properties":{},"geometry":{"type":"LineString","coordinates":[[85.3462419915224,27.685151215987354],[85.34626496193417,27.685186689051132]]}},{"type":"Feature","properties":{},"geometry":{"type":"LineString","coordinates":[[85.34627806403053,27.685129722748542],[85.34619809455626,27.685042334565985]]}},{"type":"Feature","properties":{},"geometry":{"type":"LineString","coordinates":[[85.34628241440406,27.685126776405603],[85.34620114970078,27.685024955332892]]}},{"type":"Feature","properties":{},"geometry":{"type":"LineString","coordinates":[[85.34635060906477,27.68491585110206],[85.34634713172764,27.684918523566814]]}},{"type":"Feature","properties":{},"geometry":{"type":"LineString","coordinates":[[85.3462816557481,27.68485569915745],[85.34629155098558,27.684850334287646]]}},{"type":"Feature","properties":{},"geometry":{"type":"LineString","coordinates":[[85.34622169799498,27.684799698048597],[85.34621085113865,27.684805775399678]]}},{"type":"Feature","properties":{},"geometry":{"type":"LineString","coordinates":[[85.34622222185529,27.684798440726027],[85.34622600903475,27.684796938968848]]}},{"type":"Feature","properties":{},"geometry":{"type":"LineString","coordinates":[[85.34608537527927,27.684702277366423],[85.34606952844248,27.68468827360129]]}},{"type":"Feature","properties":{},"geometry":{"type":"LineString","coordinates":[[85.34641861803665,27.684885663049062],[85.34641435261676,27.684885663566345]]}},{"type":"Feature","properties":{},"geometry":{"type":"LineString","coordinates":[[85.34642869222714,27.68482703597313],[85.346423053432,27.684825056131494]]}},{"type":"Feature","properties":{},"geometry":{"type":"LineString","coordinates":[[85.34645439321682,27.684731207096696],[85.34644840138098,27.684730520013847]]}},{"type":"Feature","properties":{},"geometry":{"type":"LineString","coordinates":[[85.34645534418087,27.684655169093475],[85.34648627308187,27.684652853261536]]}},{"type":"Feature","properties":{},"geometry":{"type":"LineString","coordinates":[[85.34639272914156,27.684553000383236],[85.34641207736391,27.68453918401835]]}},{"type":"Feature","properties":{},"geometry":{"type":"LineString","coordinates":[[85.34624728745246,27.68438514924648],[85.34627960342483,27.684329060399655]]}},{"type":"Feature","properties":{},"geometry":{"type":"LineString","coordinates":[[85.34624534418683,27.684382367831418],[85.3462604351501,27.6843458735761]]}},{"type":"Feature","properties":{},"geometry":{"type":"LineString","coordinates":[[85.34660335141895,27.68498724632883],[85.3465930896208,27.68496996803591]]}},{"type":"Feature","properties":{},"geometry":{"type":"LineString","coordinates":[[85.34685941068615,27.684868482375993],[85.34688112046506,27.684888576085537]]}},{"type":"Feature","properties":{},"geometry":{"type":"LineString","coordinates":[[85.34666268729585,27.68495754939562],[85.34665771818331,27.68495136171941]]}},{"type":"Feature","properties":{},"geometry":{"type":"LineString","coordinates":[[85.34674945723128,27.684917528868652],[85.34674516490942,27.684911440432742]]}},{"type":"Feature","properties":{},"geometry":{"type":"LineString","coordinates":[[85.34683739116741,27.684879182882426],[85.34683221657622,27.684871895251437]]}},{"type":"Feature","properties":{},"geometry":{"type":"LineString","coordinates":[[85.34568758760948,27.680633293623774],[85.34568582203289,27.680643886596258]]}},{"type":"Feature","properties":{},"geometry":{"type":"LineString","coordinates":[[85.345720487266,27.680637640668],[85.34571887914868,27.68064706941906]]}},{"type":"Feature","properties":{},"geometry":{"type":"LineString","coordinates":[[85.34575825613989,27.6805895324337],[85.34575667426161,27.680578719871452]]}},{"type":"Feature","properties":{},"geometry":{"type":"LineString","coordinates":[[85.34576414664134,27.680590739104172],[85.34576531375431,27.68058016515685]]}},{"type":"Feature","properties":{},"geometry":{"type":"LineString","coordinates":[[85.34531443516515,27.680111159846415],[85.34531872965478,27.680108680382794]]}},{"type":"Feature","properties":{},"geometry":{"type":"LineString","coordinates":[[85.34552046126366,27.680140446743327],[85.34551101696316,27.680130180174476]]}},{"type":"Feature","properties":{},"geometry":{"type":"LineString","coordinates":[[85.345580237906,27.68012244535424],[85.34558022188521,27.680114897988076]]}},{"type":"Feature","properties":{},"geometry":{"type":"LineString","coordinates":[[85.34562673139253,27.68011573240331],[85.34563317511629,27.68013962963127]]}},{"type":"Feature","properties":{},"geometry":{"type":"LineString","coordinates":[[85.34573692120246,27.68010250740217],[85.34574128657157,27.680126539555747]]}},{"type":"Feature","properties":{},"geometry":{"type":"LineString","coordinates":[[85.34577809380337,27.680096819333208],[85.34577722257805,27.680090450419403]]}},{"type":"Feature","properties":{},"geometry":{"type":"LineString","coordinates":[[85.34648113676296,27.682879042888732],[85.34647115721947,27.682882209951387]]}},{"type":"Feature","properties":{},"geometry":{"type":"LineString","coordinates":[[85.34656641053841,27.682893139869005],[85.3465743045709,27.682887885561634]]}},{"type":"Feature","properties":{},"geometry":{"type":"LineString","coordinates":[[85.34680353933223,27.682312791080278],[85.34682888379635,27.682345776963864]]}},{"type":"Feature","properties":{},"geometry":{"type":"LineString","coordinates":[[85.34712607808196,27.68208454013895],[85.34712642210506,27.6820739482329]]}},{"type":"Feature","properties":{},"geometry":{"type":"LineString","coordinates":[[85.34712989218767,27.682082185758723],[85.34715164310757,27.682110827117043]]}},{"type":"Feature","properties":{},"geometry":{"type":"LineString","coordinates":[[85.34653580962146,27.67960176456142],[85.34655107681962,27.679605005576082]]}},{"type":"Feature","properties":{},"geometry":{"type":"LineString","coordinates":[[85.34621995749234,27.679989569624674],[85.34621970157251,27.679973716776658]]}},{"type":"Feature","properties":{},"geometry":{"type":"LineString","coordinates":[[85.34628421752409,27.679630410909095],[85.34630230531249,27.6795997937303]]}},{"type":"Feature","properties":{},"geometry":{"type":"LineString","coordinates":[[85.34601522495936,27.679742821953113],[85.34601461161297,27.67973656262119]]}},{"type":"Feature","properties":{},"geometry":{"type":"LineString","coordinates":[[85.34589191157659,27.679774673565213],[85.34587516813545,27.679768276659797]]}},{"type":"Feature","properties":{},"geometry":{"type":"LineString","coordinates":[[85.34569581432172,27.679903898128675],[85.34569295203883,27.679896781583842]]}},{"type":"Feature","properties":{},"geometry":{"type":"LineString","coordinates":[[85.3456017399383,27.679715161048364],[85.3456174771577,27.679716812962788]]}},{"type":"Feature","properties":{},"geometry":{"type":"LineString","coordinates":[[85.3455977640319,27.679517833716737],[85.3455962531598,27.679491480883936]]}},{"type":"Feature","properties":{},"geometry":{"type":"LineString","coordinates":[[85.34560093706136,27.679537898436905],[85.34561943410642,27.679534963128688]]}},{"type":"Feature","properties":{},"geometry":{"type":"LineString","coordinates":[[85.34559894750308,27.679534293329983],[85.34557846243938,27.679534934058342]]}},{"type":"Feature","properties":{},"geometry":{"type":"LineString","coordinates":[[85.34559918024142,27.67953526455273],[85.34558231785859,27.67953541784856]]}},{"type":"Feature","properties":{},"geometry":{"type":"LineString","coordinates":[[85.34549658411592,27.679765186440907],[85.3454530504475,27.67977457107554]]}},{"type":"Feature","properties":{},"geometry":{"type":"LineString","coordinates":[[85.34550655815225,27.679763578087954],[85.34550160624055,27.67975176133787]]}},{"type":"Feature","properties":{},"geometry":{"type":"LineString","coordinates":[[85.34619422660084,27.680530313328198],[85.34620853102324,27.68052768259026]]}},{"type":"Feature","properties":{},"geometry":{"type":"LineString","coordinates":[[85.34618491371654,27.68031408412029],[85.34619362474601,27.680313404712535]]}},{"type":"Feature","properties":{},"geometry":{"type":"LineString","coordinates":[[85.34618215631197,27.680269251008216],[85.34619104959835,27.680267914008017]]}},{"type":"Feature","properties":{},"geometry":{"type":"LineString","coordinates":[[85.34617250736315,27.680109244333323],[85.34615210243273,27.68010987526938]]}},{"type":"Feature","properties":{},"geometry":{"type":"LineString","coordinates":[[85.34629338739323,27.67998670525105],[85.34629493381492,27.679992269923254]]}},{"type":"Feature","properties":{},"geometry":{"type":"LineString","coordinates":[[85.34774619890946,27.680711661218556],[85.34774660044708,27.68072135675954]]}},{"type":"Feature","properties":{},"geometry":{"type":"LineString","coordinates":[[85.34760758273697,27.680721296770837],[85.34760610527859,27.68073667134561]]}},{"type":"Feature","properties":{},"geometry":{"type":"LineString","coordinates":[[85.3476014912655,27.680667570717095],[85.34760666111639,27.6806560372484]]}},{"type":"Feature","properties":{},"geometry":{"type":"LineString","coordinates":[[85.34760090050654,27.68066768461189],[85.34760216311216,27.68065775981852]]}},{"type":"Feature","properties":{},"geometry":{"type":"LineString","coordinates":[[85.34754359867165,27.680661035988408],[85.3475429583178,27.680652591249277]]}},{"type":"Feature","properties":{},"geometry":{"type":"LineString","coordinates":[[85.34746509483772,27.680659065047738],[85.3474625884641,27.68064910792389]]}},{"type":"Feature","properties":{},"geometry":{"type":"LineString","coordinates":[[85.3473667655611,27.68065909404689],[85.34736661535395,27.68065109109052]]}},{"type":"Feature","properties":{},"geometry":{"type":"LineString","coordinates":[[85.34729406201798,27.68065920582056],[85.34729067885213,27.680651324942744]]}},{"type":"Feature","properties":{},"geometry":{"type":"LineString","coordinates":[[85.34728430988623,27.68066061658073],[85.34728559965883,27.68064915867169]]}},{"type":"Feature","properties":{},"geometry":{"type":"LineString","coordinates":[[85.3472446063552,27.68086378665075],[85.34725462084296,27.680861517083127]]}},{"type":"Feature","properties":{},"geometry":{"type":"LineString","coordinates":[[85.34731228537437,27.681072623580537],[85.34732636425551,27.681069353735026]]}},{"type":"Feature","properties":{},"geometry":{"type":"LineString","coordinates":[[85.34731663984842,27.6810889197515],[85.3473263640751,27.681085189989663]]}},{"type":"Feature","properties":{},"geometry":{"type":"LineString","coordinates":[[85.34701420477661,27.680302873641278],[85.34698750844332,27.68030818157663]]}},{"type":"Feature","properties":{},"geometry":{"type":"LineString","coordinates":[[85.34701052687974,27.680268583143214],[85.3469806802978,27.680276398691163]]}},{"type":"Feature","properties":{},"geometry":{"type":"LineString","coordinates":[[85.34722878620322,27.68022707617481],[85.34728074641241,27.680224866672095]]}},{"type":"Feature","properties":{},"geometry":{"type":"LineString","coordinates":[[85.34699282582865,27.680178863556698],[85.3469465444493,27.680170820895412]]}},{"type":"Feature","properties":{},"geometry":{"type":"LineString","coordinates":[[85.3467758492218,27.680028033526074],[85.34677582412634,27.680009504643976]]}},{"type":"Feature","properties":{},"geometry":{"type":"LineString","coordinates":[[85.34654929695968,27.679838672449076],[85.34652859660639,27.679814294588844]]}},{"type":"Feature","properties":{},"geometry":{"type":"LineString","coordinates":[[85.34657782447546,27.679981358782285],[85.34660424037247,27.679977568383904]]}},{"type":"Feature","properties":{},"geometry":{"type":"LineString","coordinates":[[85.34706075352034,27.679709086619905],[85.3470902581411,27.67970794588729]]}},{"type":"Feature","properties":{},"geometry":{"type":"LineString","coordinates":[[85.34734046260914,27.67967389325305],[85.34734649075575,27.679661510798883]]}},{"type":"Feature","properties":{},"geometry":{"type":"LineString","coordinates":[[85.34703891867323,27.679594415262912],[85.34704647231443,27.679592963839788]]}},{"type":"Feature","properties":{},"geometry":{"type":"LineString","coordinates":[[85.3470271672519,27.679428924842636],[85.34698730458345,27.679434831099393]]}},{"type":"Feature","properties":{},"geometry":{"type":"LineString","coordinates":[[85.34716054796658,27.67938982565966],[85.34715511111233,27.67936704433305]]}},{"type":"Feature","properties":{},"geometry":{"type":"LineString","coordinates":[[85.3472212569048,27.679375041447305],[85.34721548495428,27.67935000514772]]}},{"type":"Feature","properties":{},"geometry":{"type":"LineString","coordinates":[[85.34722268703341,27.67937452871145],[85.34722570170177,27.679378667706498]]}},{"type":"Feature","properties":{},"geometry":{"type":"LineString","coordinates":[[85.34699314742532,27.67923008003864],[85.3469654065652,27.67922822004415]]}},{"type":"Feature","properties":{},"geometry":{"type":"LineString","coordinates":[[85.34724580217483,27.679092668907714],[85.34725078298618,27.679103789172448]]}},{"type":"Feature","properties":{},"geometry":{"type":"LineString","coordinates":[[85.34660747660193,27.679086225947742],[85.34660382490247,27.679078611713567]]}},{"type":"Feature","properties":{},"geometry":{"type":"LineString","coordinates":[[85.34754960572893,27.67848583755158],[85.34754209937952,27.67846563091146]]}},{"type":"Feature","properties":{},"geometry":{"type":"LineString","coordinates":[[85.34752692036434,27.67849297690955],[85.34752221478956,27.6784711149977]]}},{"type":"Feature","properties":{},"geometry":{"type":"LineString","coordinates":[[85.34736199968178,27.678487834115852],[85.34734857821836,27.678498840414644]]}},{"type":"Feature","properties":{},"geometry":{"type":"LineString","coordinates":[[85.34736108680796,27.67848799741766],[85.3473448689698,27.678494979245663]]}},{"type":"Feature","properties":{},"geometry":{"type":"LineString","coordinates":[[85.34735948876859,27.67848828341537],[85.34731947216406,27.678504505972963]]}},{"type":"Feature","properties":{},"geometry":{"type":"LineString","coordinates":[[85.3474828869898,27.678507247200066],[85.34745246311982,27.67852812319886]]}},{"type":"Feature","properties":{},"geometry":{"type":"LineString","coordinates":[[85.34764119567198,27.678560136563437],[85.34764445960965,27.678556336022393]]}},{"type":"Feature","properties":{},"geometry":{"type":"LineString","coordinates":[[85.3476454578344,27.678568823071927],[85.34766188758964,27.678561973704667]]}},{"type":"Feature","properties":{},"geometry":{"type":"LineString","coordinates":[[85.34766237243566,27.678607154266846],[85.34763979658243,27.67860304277214]]}},{"type":"Feature","properties":{},"geometry":{"type":"LineString","coordinates":[[85.3476806192509,27.678656731867324],[85.34768682947772,27.678654069395915]]}},{"type":"Feature","properties":{},"geometry":{"type":"LineString","coordinates":[[85.34769577445334,27.678704387144958],[85.34770849444813,27.678696000690568]]}},{"type":"Feature","properties":{},"geometry":{"type":"LineString","coordinates":[[85.34770439627611,27.678738252841555],[85.34772053193224,27.67873161296333]]}},{"type":"Feature","properties":{},"geometry":{"type":"LineString","coordinates":[[85.34739039305289,27.679009411175503],[85.3473923394183,27.67898511229741]]}},{"type":"Feature","properties":{},"geometry":{"type":"LineString","coordinates":[[85.34730459182609,27.679029731107],[85.34729835053606,27.679012501741017]]}},{"type":"Feature","properties":{},"geometry":{"type":"LineString","coordinates":[[85.34722764721697,27.67905282371954],[85.3472212376753,27.67904448072161]]}},{"type":"Feature","properties":{},"geometry":{"type":"LineString","coordinates":[[85.34665829488249,27.67890016759485],[85.34664621075865,27.678903148907256]]}},{"type":"Feature","properties":{},"geometry":{"type":"LineString","coordinates":[[85.34697581714389,27.678715482696035],[85.34697460319818,27.678711671152683]]}},{"type":"Feature","properties":{},"geometry":{"type":"LineString","coordinates":[[85.34621071847167,27.678777501113462],[85.34626825919489,27.678766201259798]]}},{"type":"Feature","properties":{},"geometry":{"type":"LineString","coordinates":[[85.34621114229932,27.678752396149086],[85.34619175257339,27.67871176711614]]}},{"type":"Feature","properties":{},"geometry":{"type":"LineString","coordinates":[[85.34602656548164,27.67913368036914],[85.3460173658973,27.679134829582775]]}},{"type":"Feature","properties":{},"geometry":{"type":"LineString","coordinates":[[85.34607231224321,27.679254489559483],[85.34607818287031,27.679250483714007]]}},{"type":"Feature","properties":{},"geometry":{"type":"LineString","coordinates":[[85.3458829728656,27.67902566797895],[85.34588057709301,27.67900791135588]]}},{"type":"Feature","properties":{},"geometry":{"type":"LineString","coordinates":[[85.3456370953229,27.67892128776698],[85.34564701780944,27.67891246555522]]}},{"type":"Feature","properties":{},"geometry":{"type":"LineString","coordinates":[[85.34556476419623,27.678866428410597],[85.34556986802554,27.67885726524627]]}},{"type":"Feature","properties":{},"geometry":{"type":"LineString","coordinates":[[85.34544884353105,27.678998169023345],[85.34544430616995,27.678980375080105]]}},{"type":"Feature","properties":{},"geometry":{"type":"LineString","coordinates":[[85.34771428617205,27.677978911562047],[85.34771123241502,27.67798309639441]]}},{"type":"Feature","properties":{},"geometry":{"type":"LineString","coordinates":[[85.34839154389279,27.678985407165708],[85.34839053244121,27.67897972343675]]}},{"type":"Feature","properties":{},"geometry":{"type":"LineString","coordinates":[[85.34837369103796,27.67898798860594],[85.34837666947345,27.67898072423938]]}},{"type":"Feature","properties":{},"geometry":{"type":"LineString","coordinates":[[85.34800424632361,27.67930777859445],[85.34801012678814,27.679328176116037]]}},{"type":"Feature","properties":{},"geometry":{"type":"LineString","coordinates":[[85.34789289352022,27.679048117025026],[85.347890596901,27.67904234305221]]}},{"type":"Feature","properties":{},"geometry":{"type":"LineString","coordinates":[[85.34775570523144,27.679006942335022],[85.34776597184609,27.679000236054296]]}},{"type":"Feature","properties":{},"geometry":{"type":"LineString","coordinates":[[85.34772542049512,27.679160895741227],[85.34769913498505,27.679145867801417]]}},{"type":"Feature","properties":{},"geometry":{"type":"LineString","coordinates":[[85.3477356949238,27.679281786726598],[85.34775609929711,27.67927916179704]]}},{"type":"Feature","properties":{},"geometry":{"type":"LineString","coordinates":[[85.34774694037046,27.679595540414294],[85.34775413725319,27.67959461991276]]}},{"type":"Feature","properties":{},"geometry":{"type":"LineString","coordinates":[[85.34774412363208,27.67960128588547],[85.34773168328748,27.679603479622322]]}},{"type":"Feature","properties":{},"geometry":{"type":"LineString","coordinates":[[85.34776942585624,27.67968717355869],[85.34777874198718,27.679710009261786]]}},{"type":"Feature","properties":{},"geometry":{"type":"LineString","coordinates":[[85.33895203395271,27.680842600605494],[85.33883133023377,27.68094365338941]]}},{"type":"Feature","properties":{},"geometry":{"type":"LineString","coordinates":[[85.34575738031445,27.679027436251268],[85.3457581748307,27.679021806567956]]}},{"type":"Feature","properties":{},"geometry":{"type":"LineString","coordinates":[[85.34169919576239,27.67419880793536],[85.34168107717093,27.67418526480186]]}},{"type":"Feature","properties":{},"geometry":{"type":"LineString","coordinates":[[85.34263785504939,27.679755126569297],[85.34264446818311,27.679755470148404]]}},{"type":"Feature","properties":{},"geometry":{"type":"LineString","coordinates":[[85.34042007057812,27.68114335057761],[85.34037969631429,27.681196913584774]]}},{"type":"Feature","properties":{},"geometry":{"type":"LineString","coordinates":[[85.34048211087952,27.68112625764893],[85.3404907639748,27.681118149883808]]}},{"type":"Feature","properties":{},"geometry":{"type":"LineString","coordinates":[[85.34306190475668,27.674671402199344],[85.34304948672005,27.674676650950893]]}},{"type":"Feature","properties":{},"geometry":{"type":"LineString","coordinates":[[85.34566500406072,27.67752981409582],[85.34567364073278,27.677526855772953]]}},{"type":"Feature","properties":{},"geometry":{"type":"LineString","coordinates":[[85.34563493703237,27.68453793300074],[85.34562047639407,27.684535219567938]]}},{"type":"Feature","properties":{},"geometry":{"type":"LineString","coordinates":[[85.34101205748908,27.67675716969622],[85.3410114004824,27.6767493240365]]}},{"type":"Feature","properties":{},"geometry":{"type":"LineString","coordinates":[[85.34097881124673,27.675534609436685],[85.34099270675033,27.675544646201843]]}},{"type":"Feature","properties":{},"geometry":{"type":"LineString","coordinates":[[85.34529310559881,27.677101097319767],[85.34529811895065,27.67711044361129]]}},{"type":"Feature","properties":{},"geometry":{"type":"LineString","coordinates":[[85.33969884070576,27.6794494288815],[85.33972775489278,27.679443818605886]]}},{"type":"Feature","properties":{},"geometry":{"type":"LineString","coordinates":[[85.3396913419254,27.679848895449872],[85.33969829132666,27.679850868701475]]}},{"type":"Feature","properties":{},"geometry":{"type":"LineString","coordinates":[[85.33984190390909,27.68027898040383],[85.33981950771016,27.680276263330207]]}},{"type":"Feature","properties":{},"geometry":{"type":"LineString","coordinates":[[85.339840971494,27.680305237178935],[85.33983414216156,27.68035981042224]]}},{"type":"Feature","properties":{},"geometry":{"type":"LineString","coordinates":[[85.34035018189842,27.681439664835963],[85.340346785907,27.681446946568848]]}},{"type":"Feature","properties":{},"geometry":{"type":"LineString","coordinates":[[85.34790853149244,27.680682657047097],[85.34791222236457,27.680689900766208]]}},{"type":"Feature","properties":{},"geometry":{"type":"LineString","coordinates":[[85.34516332118687,27.680601089590603],[85.34517256037235,27.680608822062528]]}},{"type":"Feature","properties":{},"geometry":{"type":"LineString","coordinates":[[85.34512812125898,27.680625652682238],[85.34513731046674,27.68063609493503]]}},{"type":"Feature","properties":{},"geometry":{"type":"LineString","coordinates":[[85.34513156392897,27.68398934601428],[85.34513455315337,27.68398784558244]]}},{"type":"Feature","properties":{},"geometry":{"type":"LineString","coordinates":[[85.34354938004874,27.68487698243391],[85.34356093851765,27.6848783129543]]}},{"type":"Feature","properties":{},"geometry":{"type":"LineString","coordinates":[[85.34354025212362,27.684781119383974],[85.34354945817482,27.684779507418288]]}},{"type":"Feature","properties":{},"geometry":{"type":"LineString","coordinates":[[85.34564451072391,27.680014851245858],[85.34563701683926,27.68001549641933]]}},{"type":"Feature","properties":{},"geometry":{"type":"LineString","coordinates":[[85.34591142852793,27.68045310456926],[85.34591760708842,27.68044326828737]]}},{"type":"Feature","properties":{},"geometry":{"type":"LineString","coordinates":[[85.34592394104413,27.679076043312648],[85.34592378444157,27.67908112102996]]}},{"type":"Feature","properties":{},"geometry":{"type":"LineString","coordinates":[[85.343212136359,27.68014257945312],[85.34320472646813,27.68014464431618]]}},{"type":"Feature","properties":{},"geometry":{"type":"LineString","coordinates":[[85.34467068185852,27.68140563299009],[85.34466788624844,27.681392685810163]]}},{"type":"Feature","properties":{},"geometry":{"type":"LineString","coordinates":[[85.34066373581258,27.680374757991398],[85.34064765103648,27.68037624585043]]}},{"type":"Feature","properties":{},"geometry":{"type":"LineString","coordinates":[[85.3406518099923,27.680262553905035],[85.34063278356962,27.680241742297714]]}},{"type":"Feature","properties":{},"geometry":{"type":"LineString","coordinates":[[85.3406736671011,27.680251840687365],[85.34066718679826,27.68022842298382]]}},{"type":"Feature","properties":{},"geometry":{"type":"LineString","coordinates":[[85.34076179229133,27.680177243342683],[85.3407913157065,27.680137306958244]]}},{"type":"Feature","properties":{},"geometry":{"type":"LineString","coordinates":[[85.34075869673944,27.68016720234127],[85.34072383101909,27.68012097639594]]}},{"type":"Feature","properties":{},"geometry":{"type":"LineString","coordinates":[[85.34075565149747,27.680157320792127],[85.34073381890997,27.680134219194958],[85.34067609139916,27.680129358733776]]}},{"type":"Feature","properties":{},"geometry":{"type":"LineString","coordinates":[[85.34431649803098,27.67868339315618],[85.34432819286104,27.67867745513433]]}},{"type":"Feature","properties":{},"geometry":{"type":"LineString","coordinates":[[85.34431707814429,27.678694739804325],[85.3442830581531,27.67870415205843]]}},{"type":"Feature","properties":{},"geometry":{"type":"LineString","coordinates":[[85.34431147605675,27.67863321238593],[85.34432684513429,27.678628877899943]]}},{"type":"Feature","properties":{},"geometry":{"type":"LineString","coordinates":[[85.34429829398377,27.678557677849643],[85.34431245550974,27.678553415576022]]}},{"type":"Feature","properties":{},"geometry":{"type":"LineString","coordinates":[[85.34425636787572,27.67836162709075],[85.344275489007,27.678358641653066]]}},{"type":"Feature","properties":{},"geometry":{"type":"LineString","coordinates":[[85.3442373990807,27.678253685695303],[85.34420080520157,27.678258320624167]]}},{"type":"Feature","properties":{},"geometry":{"type":"LineString","coordinates":[[85.34422480833886,27.678136060297287],[85.34418638594809,27.67813710736709]]}},{"type":"Feature","properties":{},"geometry":{"type":"LineString","coordinates":[[85.3442259545197,27.678077073005426],[85.34425496772286,27.678079984882064]]}},{"type":"Feature","properties":{},"geometry":{"type":"LineString","coordinates":[[85.34422615740179,27.678065369278304],[85.34426049788708,27.678060170383855]]}},{"type":"Feature","properties":{},"geometry":{"type":"LineString","coordinates":[[85.34423188983138,27.678005391648345],[85.34418504497192,27.677996873836825]]}},{"type":"Feature","properties":{},"geometry":{"type":"LineString","coordinates":[[85.3442315111165,27.67800173176917],[85.34418701957952,27.677989097551606]]}},{"type":"Feature","properties":{},"geometry":{"type":"LineString","coordinates":[[85.34402929324717,27.677841386929785],[85.3440286038586,27.677836412824714]]}},{"type":"Feature","properties":{},"geometry":{"type":"LineString","coordinates":[[85.34255078554534,27.678919432069012],[85.3425486448635,27.678913488396834]]}},{"type":"Feature","properties":{},"geometry":{"type":"LineString","coordinates":[[85.34173830637502,27.678669922935388],[85.34171963052196,27.678675840336314]]}},{"type":"Feature","properties":{},"geometry":{"type":"LineString","coordinates":[[85.34173072763856,27.67890337471588],[85.34172328405661,27.678897606723254]]}},{"type":"Feature","properties":{},"geometry":{"type":"LineString","coordinates":[[85.34178697233136,27.67865151307552],[85.34180610514974,27.678644472038975]]}},{"type":"Feature","properties":{},"geometry":{"type":"LineString","coordinates":[[85.3379722702027,27.677098006138934],[85.3379833719991,27.67708196285902]]}},{"type":"Feature","properties":{},"geometry":{"type":"LineString","coordinates":[[85.33796014886276,27.6771461699318],[85.33794599336714,27.67716041117199]]}},{"type":"Feature","properties":{},"geometry":{"type":"LineString","coordinates":[[85.33782267138055,27.677028300172015],[85.33782881581978,27.677011376093567]]}},{"type":"Feature","properties":{},"geometry":{"type":"LineString","coordinates":[[85.3378167974761,27.677026083412404],[85.33782326935146,27.677009696673064]]}},{"type":"Feature","properties":{},"geometry":{"type":"LineString","coordinates":[[85.33806530270651,27.67691053990244],[85.33808962072034,27.676914571851015]]}},{"type":"Feature","properties":{},"geometry":{"type":"LineString","coordinates":[[85.33811863512433,27.676803984257184],[85.33812888727493,27.67678600020541]]}},{"type":"Feature","properties":{},"geometry":{"type":"LineString","coordinates":[[85.33801289418005,27.676750330422554],[85.33800521435991,27.676727107608723]]}},{"type":"Feature","properties":{},"geometry":{"type":"LineString","coordinates":[[85.33801079551934,27.67675006787051],[85.33798817413336,27.676747476887005]]}},{"type":"Feature","properties":{},"geometry":{"type":"LineString","coordinates":[[85.33800729777234,27.676750477181045],[85.33799276199909,27.67675100045124]]}},{"type":"Feature","properties":{},"geometry":{"type":"LineString","coordinates":[[85.33823682563201,27.677289181404515],[85.33822216143518,27.67729959064152]]}},{"type":"Feature","properties":{},"geometry":{"type":"LineString","coordinates":[[85.33825814698952,27.677306670567408],[85.33813708998359,27.677360499710673]]}},{"type":"Feature","properties":{},"geometry":{"type":"LineString","coordinates":[[85.33828799076467,27.677340884313967],[85.33828152949337,27.677348603068644]]}},{"type":"Feature","properties":{},"geometry":{"type":"LineString","coordinates":[[85.33828003976174,27.67725271855352],[85.33828774855814,27.67724697330794]]}},{"type":"Feature","properties":{},"geometry":{"type":"LineString","coordinates":[[85.33831099353864,27.677288614434655],[85.33832045406788,27.6772817394443]]}},{"type":"Feature","properties":{},"geometry":{"type":"LineString","coordinates":[[85.33839260466495,27.677373061687728],[85.33840092374696,27.677366916704628]]}},{"type":"Feature","properties":{},"geometry":{"type":"LineString","coordinates":[[85.33833671977237,27.677120776217055],[85.33833119086242,27.677116864106925]]}},{"type":"Feature","properties":{},"geometry":{"type":"LineString","coordinates":[[85.33839835494791,27.677067820794605],[85.3383941901552,27.677064140760823]]}},{"type":"Feature","properties":{},"geometry":{"type":"LineString","coordinates":[[85.33839792367701,27.677070593684583],[85.33842048025933,27.677089595880354]]}},{"type":"Feature","properties":{},"geometry":{"type":"LineString","coordinates":[[85.33843171526453,27.677041435849222],[85.33842682152691,27.67703688603537]]}},{"type":"Feature","properties":{},"geometry":{"type":"LineString","coordinates":[[85.33854476115503,27.67692922516252],[85.3385387852245,27.676926514414582]]}},{"type":"Feature","properties":{},"geometry":{"type":"LineString","coordinates":[[85.33859753933082,27.676878156249625],[85.33861992838497,27.676894093133047]]}},{"type":"Feature","properties":{},"geometry":{"type":"LineString","coordinates":[[85.33867424406692,27.67680647020753],[85.33867384746742,27.67679596512864]]}},{"type":"Feature","properties":{},"geometry":{"type":"LineString","coordinates":[[85.33867885557127,27.67680206869977],[85.33867797065263,27.676791876366103]]}},{"type":"Feature","properties":{},"geometry":{"type":"LineString","coordinates":[[85.33870939832602,27.676785669150366],[85.33872899380891,27.676803383037317]]}},{"type":"Feature","properties":{},"geometry":{"type":"LineString","coordinates":[[85.33877628377815,27.676752737415107],[85.33879093293777,27.676765289831334]]}},{"type":"Feature","properties":{},"geometry":{"type":"LineString","coordinates":[[85.33882510172327,27.67671085495274],[85.3388453187464,27.676726688132565]]}},{"type":"Feature","properties":{},"geometry":{"type":"LineString","coordinates":[[85.338838726257,27.676698393404898],[85.33883320080608,27.67669063466751]]}},{"type":"Feature","properties":{},"geometry":{"type":"LineString","coordinates":[[85.33855384852522,27.67691987358119],[85.3383675297415,27.676809353782513]]}},{"type":"Feature","properties":{},"geometry":{"type":"LineString","coordinates":[[85.33855482995479,27.676918864563394],[85.33835096364426,27.67676584687575]]}},{"type":"Feature","properties":{},"geometry":{"type":"LineString","coordinates":[[85.33855563950374,27.67691809266099],[85.33839462670971,27.676809492899576],[85.33840307302653,27.676797818585552]]}},{"type":"Feature","properties":{},"geometry":{"type":"LineString","coordinates":[[85.33839535190525,27.67747348218404],[85.33837957237945,27.67748115324569]]}},{"type":"Feature","properties":{},"geometry":{"type":"LineString","coordinates":[[85.33840865617967,27.677487682819162],[85.33839215871895,27.677496368767105]]}},{"type":"Feature","properties":{},"geometry":{"type":"LineString","coordinates":[[85.33871761872027,27.677768612838562],[85.33873390340638,27.677754693996373]]}},{"type":"Feature","properties":{},"geometry":{"type":"LineString","coordinates":[[85.33873287652975,27.67777954164682],[85.33874250778905,27.67776004554641]]}},{"type":"Feature","properties":{},"geometry":{"type":"LineString","coordinates":[[85.33855462608747,27.677848888755307],[85.33855404016737,27.677878895278777]]}},{"type":"Feature","properties":{},"geometry":{"type":"LineString","coordinates":[[85.33853848785799,27.67590686221061],[85.33852579844032,27.675913943085607]]}},{"type":"Feature","properties":{},"geometry":{"type":"LineString","coordinates":[[85.33846325595627,27.677874400988426],[85.33845030532747,27.677842122820934]]}},{"type":"Feature","properties":{},"geometry":{"type":"LineString","coordinates":[[85.33843902717007,27.67788019989119],[85.33842468016587,27.677845265901748]]}},{"type":"Feature","properties":{},"geometry":{"type":"LineString","coordinates":[[85.3382678950462,27.677694053828457],[85.33826238397913,27.67765239168178]]}},{"type":"Feature","properties":{},"geometry":{"type":"LineString","coordinates":[[85.33827005352447,27.67770188591736],[85.33824483105832,27.677694568676674]]}},{"type":"Feature","properties":{},"geometry":{"type":"LineString","coordinates":[[85.33825925015137,27.67793470744713],[85.33826358942129,27.677963097008973]]}},{"type":"Feature","properties":{},"geometry":{"type":"LineString","coordinates":[[85.33816420881121,27.677976362750393],[85.33816483989666,27.67798202302068]]}},{"type":"Feature","properties":{},"geometry":{"type":"LineString","coordinates":[[85.33816185408432,27.677976003262113],[85.33816212336312,27.67798279370265]]}},{"type":"Feature","properties":{},"geometry":{"type":"LineString","coordinates":[[85.33811863275972,27.677995573766243],[85.33809852306808,27.677971705421395]]}},{"type":"Feature","properties":{},"geometry":{"type":"LineString","coordinates":[[85.33791220196419,27.678067367199017],[85.3379241414153,27.678132876162977]]}},{"type":"Feature","properties":{},"geometry":{"type":"LineString","coordinates":[[85.33803463511073,27.678170007197213],[85.33803999912703,27.678204837051776]]}},{"type":"Feature","properties":{},"geometry":{"type":"LineString","coordinates":[[85.33793119429237,27.677932674034242],[85.33789983328974,27.677933649752344]]}},{"type":"Feature","properties":{},"geometry":{"type":"LineString","coordinates":[[85.33792613317203,27.677910920408898],[85.3379355046265,27.67791006802749]]}},{"type":"Feature","properties":{},"geometry":{"type":"LineString","coordinates":[[85.33791471932062,27.677828776451626],[85.33788491977647,27.67783282244019]]}},{"type":"Feature","properties":{},"geometry":{"type":"LineString","coordinates":[[85.33788508927962,27.677636544150424],[85.33785539528627,27.677639514653425]]}},{"type":"Feature","properties":{},"geometry":{"type":"LineString","coordinates":[[85.33784231252496,27.67737444980298],[85.33781456663573,27.677375780268108]]}},{"type":"Feature","properties":{},"geometry":{"type":"LineString","coordinates":[[85.33784293759028,27.67738532766982],[85.33784946720854,27.677383341880446]]}},{"type":"Feature","properties":{},"geometry":{"type":"LineString","coordinates":[[85.33828680081545,27.678124376755253],[85.33830249108314,27.678146922162625]]}},{"type":"Feature","properties":{},"geometry":{"type":"LineString","coordinates":[[85.33827706096572,27.678125453989246],[85.33829595437807,27.678154195953905]]}},{"type":"Feature","properties":{},"geometry":{"type":"LineString","coordinates":[[85.33815081521038,27.678145737896184],[85.33815725699675,27.678172126450313]]}},{"type":"Feature","properties":{},"geometry":{"type":"LineString","coordinates":[[85.3380854267484,27.678159274207182],[85.3380797321255,27.678147688385003]]}},{"type":"Feature","properties":{},"geometry":{"type":"LineString","coordinates":[[85.33760278393736,27.67790404182512],[85.337582961559,27.6778932106449]]}},{"type":"Feature","properties":{},"geometry":{"type":"LineString","coordinates":[[85.33768817500491,27.677874028676612],[85.3376782368801,27.67785472471394]]}},{"type":"Feature","properties":{},"geometry":{"type":"LineString","coordinates":[[85.33776648173603,27.677845739178885],[85.33775712487287,27.67782634472088]]}},{"type":"Feature","properties":{},"geometry":{"type":"LineString","coordinates":[[85.33769208464456,27.67815447306651],[85.33768936122966,27.67813614741119]]}},{"type":"Feature","properties":{},"geometry":{"type":"LineString","coordinates":[[85.33768519153543,27.678157227973543],[85.33767977228534,27.67813616320489]]}},{"type":"Feature","properties":{},"geometry":{"type":"LineString","coordinates":[[85.33730285081779,27.67809236009245],[85.33729397329607,27.67808168461847]]}},{"type":"Feature","properties":{},"geometry":{"type":"LineString","coordinates":[[85.33730299309775,27.678092805857045],[85.33728853897831,27.678080295338898]]}},{"type":"Feature","properties":{},"geometry":{"type":"LineString","coordinates":[[85.33730385106752,27.67809352375842],[85.33728613578195,27.678089896745323]]}},{"type":"Feature","properties":{},"geometry":{"type":"LineString","coordinates":[[85.3377589651741,27.67829288002034],[85.33779495383267,27.67828872601817]]}},{"type":"Feature","properties":{},"geometry":{"type":"LineString","coordinates":[[85.33738688782147,27.67814340101779],[85.33739076408409,27.678074289322776]]}},{"type":"Feature","properties":{},"geometry":{"type":"LineString","coordinates":[[85.33776409479171,27.678370502586873],[85.3377709984817,27.678392225077403]]}},{"type":"Feature","properties":{},"geometry":{"type":"LineString","coordinates":[[85.34386911481802,27.677852956081438],[85.3438205018778,27.677747874204222]]}},{"type":"Feature","properties":{},"geometry":{"type":"LineString","coordinates":[[85.34385323513204,27.67788590175807],[85.34383177310812,27.677883111674397]]}},{"type":"Feature","properties":{},"geometry":{"type":"LineString","coordinates":[[85.3438270925281,27.67791972204818],[85.34382759434143,27.6779242263872]]}},{"type":"Feature","properties":{},"geometry":{"type":"LineString","coordinates":[[85.3437013527189,27.677940073067745],[85.3437016923102,27.67794955035571]]}},{"type":"Feature","properties":{},"geometry":{"type":"LineString","coordinates":[[85.34366067646414,27.677941335830674],[85.34365602007064,27.677933132778108]]}},{"type":"Feature","properties":{},"geometry":{"type":"LineString","coordinates":[[85.34366035452865,27.677941372596067],[85.34365690017562,27.677962220947013]]}},{"type":"Feature","properties":{},"geometry":{"type":"LineString","coordinates":[[85.33777889664906,27.677240792187316],[85.33777159763912,27.67720956105345]]}},{"type":"Feature","properties":{},"geometry":{"type":"LineString","coordinates":[[85.3381458227349,27.67675808429551],[85.33813110018464,27.67673290509595]]}},{"type":"Feature","properties":{},"geometry":{"type":"LineString","coordinates":[[85.33895938794191,27.67811145318041],[85.33896830869426,27.678119215624598]]}},{"type":"Feature","properties":{},"geometry":{"type":"LineString","coordinates":[[85.33875864369779,27.678029841172577],[85.33874485701153,27.678021384056027]]}},{"type":"Feature","properties":{},"geometry":{"type":"LineString","coordinates":[[85.34216349755661,27.678994724822136],[85.34215230906997,27.679028684939283]]}},{"type":"Feature","properties":{},"geometry":{"type":"LineString","coordinates":[[85.34172072837099,27.679200145157175],[85.34171834268365,27.679190221881782]]}},{"type":"Feature","properties":{},"geometry":{"type":"LineString","coordinates":[[85.34170690844448,27.67920151404657],[85.3417058601155,27.679191985855365]]}},{"type":"Feature","properties":{},"geometry":{"type":"LineString","coordinates":[[85.34160636857638,27.679209454111426],[85.341609032175,27.679251044159276]]}},{"type":"Feature","properties":{},"geometry":{"type":"LineString","coordinates":[[85.34159523571871,27.679207842432266],[85.34160101423547,27.67925302764798]]}},{"type":"Feature","properties":{},"geometry":{"type":"LineString","coordinates":[[85.34156509997055,27.679206878705738],[85.34156476519676,27.679193605330177]]}},{"type":"Feature","properties":{},"geometry":{"type":"LineString","coordinates":[[85.34154574930514,27.67920927344977],[85.3415537661894,27.67907549432093]]}},{"type":"Feature","properties":{},"geometry":{"type":"LineString","coordinates":[[85.34154185965923,27.6792093126202],[85.34152546162008,27.679083780237054]]}},{"type":"Feature","properties":{},"geometry":{"type":"LineString","coordinates":[[85.34154885035043,27.679208888183908],[85.34154652714274,27.679249924825548]]}},{"type":"Feature","properties":{},"geometry":{"type":"LineString","coordinates":[[85.34142352115808,27.67920925490122],[85.34142369052051,27.67919086556168]]}},{"type":"Feature","properties":{},"geometry":{"type":"LineString","coordinates":[[85.34143178669466,27.67921047755601],[85.34142757165053,27.679260437668155]]}},{"type":"Feature","properties":{},"geometry":{"type":"LineString","coordinates":[[85.34212073200565,27.679580781898064],[85.34209106048355,27.679583107335553]]}},{"type":"Feature","properties":{},"geometry":{"type":"LineString","coordinates":[[85.33815730631896,27.677677089431956],[85.33813989155871,27.6776765835581]]}},{"type":"Feature","properties":{},"geometry":{"type":"LineString","coordinates":[[85.33816340235171,27.677702407921544],[85.3381465483471,27.67770624735563]]}},{"type":"Feature","properties":{},"geometry":{"type":"LineString","coordinates":[[85.33817722697266,27.677746461397213],[85.33815858047925,27.677752313685414]]}},{"type":"Feature","properties":{},"geometry":{"type":"LineString","coordinates":[[85.34205931153186,27.67889724914182],[85.34209145602213,27.678872675529433]]}},{"type":"Feature","properties":{},"geometry":{"type":"LineString","coordinates":[[85.34219607218574,27.678945562600987],[85.34219790385222,27.678904028163114]]}},{"type":"Feature","properties":{},"geometry":{"type":"LineString","coordinates":[[85.34227976075593,27.67901067994707],[85.34227593228366,27.679019693076835]]}},{"type":"Feature","properties":{},"geometry":{"type":"LineString","coordinates":[[85.3423994842769,27.679009441186082],[85.34239627937333,27.67901677219797]]}},{"type":"Feature","properties":{},"geometry":{"type":"LineString","coordinates":[[85.34233415422467,27.678957336440522],[85.34233405497169,27.67895303277073]]}},{"type":"Feature","properties":{},"geometry":{"type":"LineString","coordinates":[[85.34237413204642,27.678958240880494],[85.3423744654944,27.67894428233756]]}},{"type":"Feature","properties":{},"geometry":{"type":"LineString","coordinates":[[85.34238814121657,27.67895964503325],[85.34238675487757,27.678953765442113]]}},{"type":"Feature","properties":{},"geometry":{"type":"LineString","coordinates":[[85.34241630259866,27.678953450250116],[85.34241564704652,27.678943352737168]]}},{"type":"Feature","properties":{},"geometry":{"type":"LineString","coordinates":[[85.34255798920002,27.67891792796524],[85.34255807780163,27.678910716704117]]}},{"type":"Feature","properties":{},"geometry":{"type":"LineString","coordinates":[[85.3428471673462,27.678865082035646],[85.342845414466,27.678860311816685]]}},{"type":"Feature","properties":{},"geometry":{"type":"LineString","coordinates":[[85.34285017657538,27.678864532279096],[85.34284707236806,27.67885988939939]]}},{"type":"Feature","properties":{},"geometry":{"type":"LineString","coordinates":[[85.3428951796324,27.67885773200265],[85.34289319701021,27.678850047391222]]}},{"type":"Feature","properties":{},"geometry":{"type":"LineString","coordinates":[[85.34330271936022,27.678795510125468],[85.3433009390183,27.67878725120522]]}},{"type":"Feature","properties":{},"geometry":{"type":"LineString","coordinates":[[85.34331677211908,27.67879402562434],[85.34331540220556,27.678786852874943]]}},{"type":"Feature","properties":{},"geometry":{"type":"LineString","coordinates":[[85.34338296168949,27.678792424592157],[85.34337981951707,27.678785458993648]]}},{"type":"Feature","properties":{},"geometry":{"type":"LineString","coordinates":[[85.34351266820929,27.67870121835582],[85.34349832582868,27.67870200986107]]}},{"type":"Feature","properties":{},"geometry":{"type":"LineString","coordinates":[[85.34350999442228,27.678677119729056],[85.34351967616769,27.678675862725786]]}},{"type":"Feature","properties":{},"geometry":{"type":"LineString","coordinates":[[85.34349924443072,27.678643888129262],[85.34348310867252,27.678628281310665]]}},{"type":"Feature","properties":{},"geometry":{"type":"LineString","coordinates":[[85.34350132914096,27.678638763077025],[85.34350566651712,27.67862127919102]]}},{"type":"Feature","properties":{},"geometry":{"type":"LineString","coordinates":[[85.34276487055615,27.678014014550232],[85.3427556206082,27.678003662581773]]}},{"type":"Feature","properties":{},"geometry":{"type":"LineString","coordinates":[[85.342720853667,27.678033615808967],[85.34275121844829,27.678062704747134]]}},{"type":"Feature","properties":{},"geometry":{"type":"LineString","coordinates":[[85.34252390744592,27.678114094946377],[85.34255661017878,27.678157345020594]]}},{"type":"Feature","properties":{},"geometry":{"type":"LineString","coordinates":[[85.3424026224687,27.678161940279814],[85.34239819188014,27.678146442728067]]}},{"type":"Feature","properties":{},"geometry":{"type":"LineString","coordinates":[[85.34220931825496,27.678249750672876],[85.34224714281427,27.67832125975638]]}},{"type":"Feature","properties":{},"geometry":{"type":"LineString","coordinates":[[85.34220247802308,27.678253441488703],[85.3422753210639,27.67841632290355]]}},{"type":"Feature","properties":{},"geometry":{"type":"LineString","coordinates":[[85.34219602618954,27.678256923949597],[85.34226291184787,27.678396182785928],[85.34224732778227,27.6784025325824]]}},{"type":"Feature","properties":{},"geometry":{"type":"LineString","coordinates":[[85.342162227693,27.678275164422672],[85.34217796745045,27.678309056033807]]}},{"type":"Feature","properties":{},"geometry":{"type":"LineString","coordinates":[[85.3419553188902,27.678316438318177],[85.34196796332152,27.678356845452104]]}},{"type":"Feature","properties":{},"geometry":{"type":"LineString","coordinates":[[85.34213631745308,27.67828033282105],[85.34214028905585,27.678296615525017]]}},{"type":"Feature","properties":{},"geometry":{"type":"LineString","coordinates":[[85.34181377395869,27.678333762575754],[85.34181014831007,27.678323105120654]]}},{"type":"Feature","properties":{},"geometry":{"type":"LineString","coordinates":[[85.34176594818804,27.678339515143705],[85.34178006193443,27.678389563830812]]}},{"type":"Feature","properties":{},"geometry":{"type":"LineString","coordinates":[[85.34170851837254,27.678278091947874],[85.34169044289649,27.67827661828837]]}},{"type":"Feature","properties":{},"geometry":{"type":"LineString","coordinates":[[85.34169784955039,27.67816046414365],[85.34170463764983,27.678160560754]]}},{"type":"Feature","properties":{},"geometry":{"type":"LineString","coordinates":[[85.34168512412425,27.67801985521869],[85.34168946179477,27.67801793957858]]}},{"type":"Feature","properties":{},"geometry":{"type":"LineString","coordinates":[[85.3416764545689,27.67799900799494],[85.34166473092166,27.677997185274467]]}},{"type":"Feature","properties":{},"geometry":{"type":"LineString","coordinates":[[85.34165877773994,27.677906852141756],[85.34164653563363,27.677904720856883]]}},{"type":"Feature","properties":{},"geometry":{"type":"LineString","coordinates":[[85.34185429721218,27.67833163117379],[85.3418749453732,27.67845536056742]]}},{"type":"Feature","properties":{},"geometry":{"type":"LineString","coordinates":[[85.34187078732784,27.678330537920253],[85.3418974303721,27.678517085630027]]}},{"type":"Feature","properties":{},"geometry":{"type":"LineString","coordinates":[[85.34180451905902,27.67867369945568],[85.34183855723334,27.678671082471933]]}},{"type":"Feature","properties":{},"geometry":{"type":"LineString","coordinates":[[85.342531267617,27.677845576140104],[85.34252578047837,27.6778251190415]]}},{"type":"Feature","properties":{},"geometry":{"type":"LineString","coordinates":[[85.34254472291187,27.677881508132494],[85.34252706517337,27.677888495626412]]}},{"type":"Feature","properties":{},"geometry":{"type":"LineString","coordinates":[[85.34256289838157,27.6779152357019],[85.34254049640336,27.677919373922055]]}},{"type":"Feature","properties":{},"geometry":{"type":"LineString","coordinates":[[85.34176233860845,27.678705259575807],[85.34175181828853,27.678709813378994]]}},{"type":"Feature","properties":{},"geometry":{"type":"LineString","coordinates":[[85.34186112125437,27.678829331367428],[85.34182377792148,27.678861684089448]]}},{"type":"Feature","properties":{},"geometry":{"type":"LineString","coordinates":[[85.3417326924352,27.67890485135243],[85.34174993249353,27.678944857730873]]}},{"type":"Feature","properties":{},"geometry":{"type":"LineString","coordinates":[[85.34158641015071,27.678832783712657],[85.34158896363432,27.678828914344027]]}},{"type":"Feature","properties":{},"geometry":{"type":"LineString","coordinates":[[85.34138441951472,27.67880854586044],[85.34138266775443,27.678803772930703]]}},{"type":"Feature","properties":{},"geometry":{"type":"LineString","coordinates":[[85.34137846076133,27.67880737068249],[85.34136841889116,27.6788052178815]]}},{"type":"Feature","properties":{},"geometry":{"type":"LineString","coordinates":[[85.34143611518365,27.678802263037493],[85.3414346241744,27.678819687967007]]}},{"type":"Feature","properties":{},"geometry":{"type":"LineString","coordinates":[[85.34180210800596,27.67867116058555],[85.34182375976862,27.67866616059527]]}},{"type":"Feature","properties":{},"geometry":{"type":"LineString","coordinates":[[85.34178940349658,27.67865319024628],[85.34184900051586,27.67863934367399]]}},{"type":"Feature","properties":{},"geometry":{"type":"LineString","coordinates":[[85.34194192444309,27.678818380395267],[85.34195133534152,27.678809214777882]]}},{"type":"Feature","properties":{},"geometry":{"type":"LineString","coordinates":[[85.34197106012451,27.67891891190455],[85.34195897259016,27.678928555426516]]}},{"type":"Feature","properties":{},"geometry":{"type":"LineString","coordinates":[[85.34204037390103,27.678945804681874],[85.34202819022323,27.678962619666883]]}},{"type":"Feature","properties":{},"geometry":{"type":"LineString","coordinates":[[85.3380681524091,27.67677941756379],[85.33806446865536,27.676781666758053]]}},{"type":"Feature","properties":{},"geometry":{"type":"LineString","coordinates":[[85.33854344322897,27.677277637892285],[85.33853535773085,27.67725863599989]]}},{"type":"Feature","properties":{},"geometry":{"type":"LineString","coordinates":[[85.33855277863354,27.67727387158821],[85.33854317371828,27.677256324440883]]}},{"type":"Feature","properties":{},"geometry":{"type":"LineString","coordinates":[[85.33876759196548,27.677174795053713],[85.33875945752985,27.677158020091408]]}},{"type":"Feature","properties":{},"geometry":{"type":"LineString","coordinates":[[85.33883121248844,27.677153968921782],[85.33882636878684,27.677129896559084]]}},{"type":"Feature","properties":{},"geometry":{"type":"LineString","coordinates":[[85.33883197306602,27.677153150400212],[85.33883631491436,27.677158999578694]]}},{"type":"Feature","properties":{},"geometry":{"type":"LineString","coordinates":[[85.33884276410795,27.67714698358817],[85.33884648460035,27.67715389754991]]}},{"type":"Feature","properties":{},"geometry":{"type":"LineString","coordinates":[[85.33890487744593,27.677119900887902],[85.33890854865896,27.677124041608796]]}},{"type":"Feature","properties":{},"geometry":{"type":"LineString","coordinates":[[85.33893568509899,27.677097522334304],[85.33892329884551,27.677080605236483]]}},{"type":"Feature","properties":{},"geometry":{"type":"LineString","coordinates":[[85.33895926122372,27.6770880096212],[85.33896763590018,27.677068135604816]]}},{"type":"Feature","properties":{},"geometry":{"type":"LineString","coordinates":[[85.33896490712982,27.67708573158379],[85.33897611929889,27.677089119743346]]}},{"type":"Feature","properties":{},"geometry":{"type":"LineString","coordinates":[[85.33897237383377,27.67708285081208],[85.33907376139014,27.67704100565855]]}},{"type":"Feature","properties":{},"geometry":{"type":"LineString","coordinates":[[85.33858249678745,27.677401738257085],[85.33857746603975,27.677391837363125]]}},{"type":"Feature","properties":{},"geometry":{"type":"LineString","coordinates":[[85.33873213905544,27.677359971223247],[85.33873246764696,27.67735527375653]]}},{"type":"Feature","properties":{},"geometry":{"type":"LineString","coordinates":[[85.33876404645993,27.67736300740185],[85.33876490095302,27.6773674392654]]}},{"type":"Feature","properties":{},"geometry":{"type":"LineString","coordinates":[[85.33881153451117,27.677359185084345],[85.3388134469659,27.67736230739266]]}},{"type":"Feature","properties":{},"geometry":{"type":"LineString","coordinates":[[85.33844060139354,27.678168379177883],[85.33844477501536,27.67819056890582]]}},{"type":"Feature","properties":{},"geometry":{"type":"LineString","coordinates":[[85.33843205849807,27.67814369201764],[85.33843946321235,27.678145850398856]]}},{"type":"Feature","properties":{},"geometry":{"type":"LineString","coordinates":[[85.33827976511243,27.67774259210717],[85.33828594585918,27.677740481170137]]}},{"type":"Feature","properties":{},"geometry":{"type":"LineString","coordinates":[[85.33789804123806,27.67772349732621],[85.33790608548698,27.6777218483111]]}},{"type":"Feature","properties":{},"geometry":{"type":"LineString","coordinates":[[85.33788089049202,27.677608190561777],[85.337886610287,27.677606191443484]]}},{"type":"Feature","properties":{},"geometry":{"type":"LineString","coordinates":[[85.3378829588308,27.67762947414867],[85.33789078174041,27.677628047214345]]}},{"type":"Feature","properties":{},"geometry":{"type":"LineString","coordinates":[[85.33766713115783,27.67788173124483],[85.33766932680336,27.677886369647737]]}},{"type":"Feature","properties":{},"geometry":{"type":"LineString","coordinates":[[85.33767252910384,27.677877956559257],[85.33767463379087,27.677883915210117]]}},{"type":"Feature","properties":{},"geometry":{"type":"LineString","coordinates":[[85.33751075675215,27.678164927190313],[85.33751134803086,27.678162636383703]]}},{"type":"Feature","properties":{},"geometry":{"type":"LineString","coordinates":[[85.33766386604312,27.67838310974251],[85.33766466646057,27.678389436326192]]}},{"type":"Feature","properties":{},"geometry":{"type":"LineString","coordinates":[[85.33761206867781,27.678382720961523],[85.33761186871725,27.678389498549695]]}},{"type":"Feature","properties":{},"geometry":{"type":"LineString","coordinates":[[85.33754066475124,27.678386567194373],[85.33754045576549,27.678391597328837]]}},{"type":"Feature","properties":{},"geometry":{"type":"LineString","coordinates":[[85.33746407575302,27.67837986166998],[85.33746557912643,27.67834934359559]]}},{"type":"Feature","properties":{},"geometry":{"type":"LineString","coordinates":[[85.33893225074007,27.678127888195554],[85.33891237048294,27.678116716243455]]}},{"type":"Feature","properties":{},"geometry":{"type":"LineString","coordinates":[[85.33885703675648,27.67818233988968],[85.338845054856,27.678173734746064]]}},{"type":"Feature","properties":{},"geometry":{"type":"LineString","coordinates":[[85.33885001620166,27.678189431907484],[85.33885353728445,27.678192575312078]]}},{"type":"Feature","properties":{},"geometry":{"type":"LineString","coordinates":[[85.33880154391595,27.678232277910894],[85.33880422236382,27.67823509621949]]}},{"type":"Feature","properties":{},"geometry":{"type":"LineString","coordinates":[[85.33878318545787,27.678247699912284],[85.33877330741517,27.678238546871988]]}},{"type":"Feature","properties":{},"geometry":{"type":"LineString","coordinates":[[85.33877659057738,27.67825560391498],[85.33875393223333,27.67825717518542]]}},{"type":"Feature","properties":{},"geometry":{"type":"LineString","coordinates":[[85.3387791431235,27.6780124213221],[85.33878411450337,27.678018744673295]]}},{"type":"Feature","properties":{},"geometry":{"type":"LineString","coordinates":[[85.33876507734196,27.678026293672815],[85.33876850665652,27.678028868271948]]}},{"type":"Feature","properties":{},"geometry":{"type":"LineString","coordinates":[[85.33874093043292,27.67804523841562],[85.33872447129365,27.678039596805345]]}},{"type":"Feature","properties":{},"geometry":{"type":"LineString","coordinates":[[85.33873899852186,27.67804628206518],[85.33873169251518,27.6780567615514]]}},{"type":"Feature","properties":{},"geometry":{"type":"LineString","coordinates":[[85.34223342587416,27.67919690202847],[85.34223723711112,27.679208231390803]]}},{"type":"Feature","properties":{},"geometry":{"type":"LineString","coordinates":[[85.34204663360683,27.679189185977812],[85.34205057757538,27.679175480949887]]}},{"type":"Feature","properties":{},"geometry":{"type":"LineString","coordinates":[[85.34189629546269,27.67919235765831],[85.34189762551897,27.679176858654003]]}},{"type":"Feature","properties":{},"geometry":{"type":"LineString","coordinates":[[85.34182773634622,27.679195904395293],[85.3418263262427,27.67917972004104]]}},{"type":"Feature","properties":{},"geometry":{"type":"LineString","coordinates":[[85.34207479238626,27.67928446463415],[85.34208236271468,27.67928392436147]]}},{"type":"Feature","properties":{},"geometry":{"type":"LineString","coordinates":[[85.34210025482156,27.67940629938988],[85.34210819483589,27.679407327669438]]}},{"type":"Feature","properties":{},"geometry":{"type":"LineString","coordinates":[[85.34210305426046,27.679455219808673],[85.34207013431916,27.679461178858702]]}},{"type":"Feature","properties":{},"geometry":{"type":"LineString","coordinates":[[85.34212447076123,27.679650143801442],[85.34213306921363,27.679650807205835]]}},{"type":"Feature","properties":{},"geometry":{"type":"LineString","coordinates":[[85.3381190286828,27.677560761144733],[85.33812154356774,27.67755549602995]]}},{"type":"Feature","properties":{},"geometry":{"type":"LineString","coordinates":[[85.33811731608077,27.67755796614482],[85.33811127749907,27.67753595259478]]}},{"type":"Feature","properties":{},"geometry":{"type":"LineString","coordinates":[[85.34469747009281,27.67870407786295],[85.34464223719199,27.678523395753672],[85.34470212722722,27.67850058003228]]}},{"type":"Feature","properties":{},"geometry":{"type":"LineString","coordinates":[[85.34468820747186,27.67870537515742],[85.34464223719199,27.678523395753672],[85.3446907755869,27.678509848107797],[85.34465408304469,27.678450492550073]]}},{"type":"Feature","properties":{},"geometry":{"type":"LineString","coordinates":[[85.34476953199116,27.678752214006508],[85.34476876032404,27.678762242111883]]}},{"type":"Feature","properties":{},"geometry":{"type":"LineString","coordinates":[[85.34449170136739,27.67880985319827],[85.34449469974584,27.678829451034822]]}},{"type":"Feature","properties":{},"geometry":{"type":"LineString","coordinates":[[85.34449463662813,27.678808829582216],[85.34450383890766,27.67883647565012]]}},{"type":"Feature","properties":{},"geometry":{"type":"LineString","coordinates":[[85.34453960468939,27.678797082341372],[85.34454974310844,27.67880957755559]]}},{"type":"Feature","properties":{},"geometry":{"type":"LineString","coordinates":[[85.34539150472763,27.678734740931485],[85.34542369935382,27.678720512218632]]}},{"type":"Feature","properties":{},"geometry":{"type":"LineString","coordinates":[[85.34536646409113,27.678684772328765],[85.34537389809843,27.678679685874712]]}},{"type":"Feature","properties":{},"geometry":{"type":"LineString","coordinates":[[85.34520563023676,27.678602474726283],[85.34520066267807,27.678581949013925]]}},{"type":"Feature","properties":{},"geometry":{"type":"LineString","coordinates":[[85.34514378854578,27.678679838608275],[85.34514511407788,27.678699715194846]]}},{"type":"Feature","properties":{},"geometry":{"type":"LineString","coordinates":[[85.345427777594,27.678762309578783],[85.34544958026048,27.678749037987917]]}},{"type":"Feature","properties":{},"geometry":{"type":"LineString","coordinates":[[85.34503254566832,27.678701003925752],[85.34503618714508,27.678719913566752]]}},{"type":"Feature","properties":{},"geometry":{"type":"LineString","coordinates":[[85.34510382899006,27.678619686885092],[85.34509847007779,27.67860548521834]]}},{"type":"Feature","properties":{},"geometry":{"type":"LineString","coordinates":[[85.34485016255839,27.678673751671298],[85.34484448908711,27.678659637395175]]}},{"type":"Feature","properties":{},"geometry":{"type":"LineString","coordinates":[[85.34495242534591,27.678651955718607],[85.34489215313695,27.678495696222253]]}},{"type":"Feature","properties":{},"geometry":{"type":"LineString","coordinates":[[85.34459760241828,27.677946076593507],[85.34460046566673,27.677961660050133]]}},{"type":"Feature","properties":{},"geometry":{"type":"LineString","coordinates":[[85.34539747207714,27.677802584315884],[85.34541381730274,27.677789169010538]]}},{"type":"Feature","properties":{},"geometry":{"type":"LineString","coordinates":[[85.34495557121244,27.678651285703292],[85.34490783072009,27.678501492939827]]}},{"type":"Feature","properties":{},"geometry":{"type":"LineString","coordinates":[[85.34474865572149,27.678112612697298],[85.34476657476658,27.67811034299296]]}},{"type":"Feature","properties":{},"geometry":{"type":"LineString","coordinates":[[85.34373885936608,27.67883531728264],[85.34373667015163,27.67884078406016]]}},{"type":"Feature","properties":{},"geometry":{"type":"LineString","coordinates":[[85.34371355417167,27.67867008705214],[85.34373602972099,27.67866612010871]]}},{"type":"Feature","properties":{},"geometry":{"type":"LineString","coordinates":[[85.34371367578166,27.678254078832406],[85.34372302260869,27.678244846434886]]}},{"type":"Feature","properties":{},"geometry":{"type":"LineString","coordinates":[[85.34361821309736,27.678260674017686],[85.34361484356397,27.678259840377635]]}},{"type":"Feature","properties":{},"geometry":{"type":"LineString","coordinates":[[85.3436190116897,27.678274602784388],[85.34361638451381,27.678273820441703]]}},{"type":"Feature","properties":{},"geometry":{"type":"LineString","coordinates":[[85.3437075637494,27.67864648308184],[85.34372394650251,27.678643168037144]]}},{"type":"Feature","properties":{},"geometry":{"type":"LineString","coordinates":[[85.34364782215663,27.6783857640165],[85.34366564907081,27.67838584180568]]}},{"type":"Feature","properties":{},"geometry":{"type":"LineString","coordinates":[[85.34365177099374,27.678426215053342],[85.34364740787453,27.678426794668415]]}},{"type":"Feature","properties":{},"geometry":{"type":"LineString","coordinates":[[85.34368588638084,27.67856106140613],[85.3437092279018,27.67855546939011]]}},{"type":"Feature","properties":{},"geometry":{"type":"LineString","coordinates":[[85.34405997616756,27.678792638010055],[85.34405808198267,27.67878224409446]]}},{"type":"Feature","properties":{},"geometry":{"type":"LineString","coordinates":[[85.34406446218857,27.678793119452372],[85.34406048532837,27.678783079711742]]}},{"type":"Feature","properties":{},"geometry":{"type":"LineString","coordinates":[[85.34417204797374,27.67878556236358],[85.34416454647437,27.678766956752362]]}},{"type":"Feature","properties":{},"geometry":{"type":"LineString","coordinates":[[85.34426049800766,27.678781954381503],[85.34425982657856,27.67876496656941]]}},{"type":"Feature","properties":{},"geometry":{"type":"LineString","coordinates":[[85.3446511005203,27.678715855340695],[85.344648169231,27.67870263125691]]}},{"type":"Feature","properties":{},"geometry":{"type":"LineString","coordinates":[[85.34392840530012,27.6788442769921],[85.34392892439062,27.67885402087405]]}},{"type":"Feature","properties":{},"geometry":{"type":"LineString","coordinates":[[85.34397011817073,27.67884381087576],[85.3439707677163,27.678858281197602]]}},{"type":"Feature","properties":{},"geometry":{"type":"LineString","coordinates":[[85.34421494673197,27.678837273572324],[85.34421430163191,27.6788458302145]]}},{"type":"Feature","properties":{},"geometry":{"type":"LineString","coordinates":[[85.34527561906984,27.678555099903043],[85.34528629430656,27.678557544293813]]}},{"type":"Feature","properties":{},"geometry":{"type":"LineString","coordinates":[[85.34527616197701,27.678498500765567],[85.34528646821283,27.67849885764803]]}},{"type":"Feature","properties":{},"geometry":{"type":"LineString","coordinates":[[85.34527676295436,27.678489704410833],[85.34529016031522,27.678488381558186]]}},{"type":"Feature","properties":{},"geometry":{"type":"LineString","coordinates":[[85.3452870282857,27.67840136840131],[85.34519376124994,27.67840528774578]]}},{"type":"Feature","properties":{},"geometry":{"type":"LineString","coordinates":[[85.34530834008363,27.678375594171538],[85.34522427593743,27.67832978431546]]}},{"type":"Feature","properties":{},"geometry":{"type":"LineString","coordinates":[[85.3452993288187,27.67838611322101],[85.34519831983978,27.67833403394119]]}},{"type":"Feature","properties":{},"geometry":{"type":"LineString","coordinates":[[85.34538457070936,27.678338990045113],[85.34537870488482,27.678313553629188]]}},{"type":"Feature","properties":{},"geometry":{"type":"LineString","coordinates":[[85.34539334970692,27.678335539744122],[85.3453821162017,27.67831235607153]]}},{"type":"Feature","properties":{},"geometry":{"type":"LineString","coordinates":[[85.34542771211129,27.678320010162857],[85.34543267787589,27.678328011072708]]}},{"type":"Feature","properties":{},"geometry":{"type":"LineString","coordinates":[[85.3455465029125,27.678287041680722],[85.34555049345954,27.678293961409064]]}},{"type":"Feature","properties":{},"geometry":{"type":"LineString","coordinates":[[85.34568401228444,27.678268845865276],[85.34568174481447,27.67828267483068]]}},{"type":"Feature","properties":{},"geometry":{"type":"LineString","coordinates":[[85.34548358074788,27.678073950180476],[85.34549072542923,27.678072586015197]]}},{"type":"Feature","properties":{},"geometry":{"type":"LineString","coordinates":[[85.34547712532783,27.67806684757374],[85.34545115879395,27.678045089059527]]}},{"type":"Feature","properties":{},"geometry":{"type":"LineString","coordinates":[[85.34545286701025,27.677997064581504],[85.34547002201191,27.67799308614489]]}},{"type":"Feature","properties":{},"geometry":{"type":"LineString","coordinates":[[85.34545118898667,27.677989809645666],[85.34546930572948,27.677985385100836]]}},{"type":"Feature","properties":{},"geometry":{"type":"LineString","coordinates":[[85.34543926649947,27.677943123301816],[85.34545578796337,27.677937052393816]]}},{"type":"Feature","properties":{},"geometry":{"type":"LineString","coordinates":[[85.34540789401647,27.67784651709049],[85.34542187047683,27.677841475386955]]}},{"type":"Feature","properties":{},"geometry":{"type":"LineString","coordinates":[[85.3454041472872,27.67782268185092],[85.34539232658618,27.677827362107035]]}},{"type":"Feature","properties":{},"geometry":{"type":"LineString","coordinates":[[85.34531507340327,27.67774383370864],[85.34531645293734,27.677767461063574]]}},{"type":"Feature","properties":{},"geometry":{"type":"LineString","coordinates":[[85.34531039311665,27.67774427059486],[85.34524555654426,27.677629044685997]]}},{"type":"Feature","properties":{},"geometry":{"type":"LineString","coordinates":[[85.34527598445045,27.677759450311378],[85.34527294913484,27.677754940079367]]}},{"type":"Feature","properties":{},"geometry":{"type":"LineString","coordinates":[[85.34526557701766,27.677763995810217],[85.34527334983602,27.67778182841067]]}},{"type":"Feature","properties":{},"geometry":{"type":"LineString","coordinates":[[85.34517252466236,27.677808792694737],[85.34517948224499,27.67782091591714]]}},{"type":"Feature","properties":{},"geometry":{"type":"LineString","coordinates":[[85.34550115747228,27.678155877583418],[85.34549271966823,27.67815949442746]]}},{"type":"Feature","properties":{},"geometry":{"type":"LineString","coordinates":[[85.34509491392853,27.677843554356237],[85.3451597854031,27.67798497834848]]}},{"type":"Feature","properties":{},"geometry":{"type":"LineString","coordinates":[[85.34489186355889,27.677907078980613],[85.34489451585202,27.677913121697184]]}},{"type":"Feature","properties":{},"geometry":{"type":"LineString","coordinates":[[85.34505450147432,27.67786101344518],[85.34505142537692,27.677857191371793]]}},{"type":"Feature","properties":{},"geometry":{"type":"LineString","coordinates":[[85.34497919318264,27.67788150966649],[85.34499030649356,27.677899611443525]]}},{"type":"Feature","properties":{},"geometry":{"type":"LineString","coordinates":[[85.34489810490788,27.677905984747014],[85.34489908812431,27.67790202976046]]}},{"type":"Feature","properties":{},"geometry":{"type":"LineString","coordinates":[[85.34482466937709,27.67791886312079],[85.34482860785607,27.67793770501432]]}},{"type":"Feature","properties":{},"geometry":{"type":"LineString","coordinates":[[85.3447615182302,27.677807333251934],[85.3447205751566,27.677787498595574]]}},{"type":"Feature","properties":{},"geometry":{"type":"LineString","coordinates":[[85.34477542067418,27.677788576387716],[85.34476916552737,27.677774246667276]]}},{"type":"Feature","properties":{},"geometry":{"type":"LineString","coordinates":[[85.34504284441017,27.677864185649184],[85.34503404925344,27.677849139649425]]}},{"type":"Feature","properties":{},"geometry":{"type":"LineString","coordinates":[[85.34496852555351,27.67770049097015],[85.34495858857254,27.677683312121]]}},{"type":"Feature","properties":{},"geometry":{"type":"LineString","coordinates":[[85.34499250609637,27.677683967381714],[85.34500353206404,27.677681365277042]]}},{"type":"Feature","properties":{},"geometry":{"type":"LineString","coordinates":[[85.344752287702,27.677925319725105],[85.34475018650133,27.6779212556769]]}},{"type":"Feature","properties":{},"geometry":{"type":"LineString","coordinates":[[85.3446899693211,27.677931297253814],[85.34468600912643,27.67791813307875]]}},{"type":"Feature","properties":{},"geometry":{"type":"LineString","coordinates":[[85.34469467739903,27.677932514204038],[85.34469236183902,27.677948045698994]]}},{"type":"Feature","properties":{},"geometry":{"type":"LineString","coordinates":[[85.3446232666542,27.67794295720068],[85.34461888454221,27.67792523278059]]}},{"type":"Feature","properties":{},"geometry":{"type":"LineString","coordinates":[[85.3444904307161,27.677945189259272],[85.34449086179299,27.677936436006412]]}},{"type":"Feature","properties":{},"geometry":{"type":"LineString","coordinates":[[85.34451099183168,27.6780473218564],[85.34449135505001,27.678050016860567]]}},{"type":"Feature","properties":{},"geometry":{"type":"LineString","coordinates":[[85.34452787258941,27.678110408305585],[85.34451023100489,27.678113102788675]]}},{"type":"Feature","properties":{},"geometry":{"type":"LineString","coordinates":[[85.34455916858042,27.678163431145375],[85.34456154203497,27.67818258557868]]}},{"type":"Feature","properties":{},"geometry":{"type":"LineString","coordinates":[[85.34459769533807,27.678159430250656],[85.34460203646854,27.678171670250045]]}},{"type":"Feature","properties":{},"geometry":{"type":"LineString","coordinates":[[85.34481536718766,27.67821959471582],[85.3447571119328,27.678254424999988]]}},{"type":"Feature","properties":{},"geometry":{"type":"LineString","coordinates":[[85.34485855564172,27.678238044581203],[85.34485980492825,27.67824744158107]]}},{"type":"Feature","properties":{},"geometry":{"type":"LineString","coordinates":[[85.34486805039141,27.67823493139688],[85.34491811769547,27.678218612133566],[85.34493915500286,27.678265652017],[85.34499124367888,27.678263400655286]]}},{"type":"Feature","properties":{},"geometry":{"type":"LineString","coordinates":[[85.34509188030748,27.67784431236202],[85.34513148165152,27.67795154707234]]}},{"type":"Feature","properties":{},"geometry":{"type":"LineString","coordinates":[[85.34510038828977,27.677840208999932],[85.34515518014177,27.677971492388895],[85.34518044095924,27.6779701831136]]}},{"type":"Feature","properties":{},"geometry":{"type":"LineString","coordinates":[[85.34510372768257,27.677839679383638],[85.34515762945483,27.677968739972115],[85.34527786475131,27.677929575768868]]}},{"type":"Feature","properties":{},"geometry":{"type":"LineString","coordinates":[[85.3462631131092,27.6794979966955],[85.3462714909293,27.679489954759735]]}},{"type":"Feature","properties":{},"geometry":{"type":"LineString","coordinates":[[85.34661368998638,27.680042009993915],[85.34661371838146,27.680042817218336]]}},{"type":"Feature","properties":{},"geometry":{"type":"LineString","coordinates":[[85.34704004439045,27.679899928765686],[85.34699270632818,27.679889016018667]]}},{"type":"Feature","properties":{},"geometry":{"type":"LineString","coordinates":[[85.34699706067808,27.68000509253458],[85.34699779782822,27.679987245152766]]}},{"type":"Feature","properties":{},"geometry":{"type":"LineString","coordinates":[[85.34721958039799,27.684558693415752],[85.34723597224159,27.68455509739594]]}},{"type":"Feature","properties":{},"geometry":{"type":"LineString","coordinates":[[85.34579986921555,27.684597929289563],[85.34580188920732,27.68459494700368]]}},{"type":"Feature","properties":{},"geometry":{"type":"LineString","coordinates":[[85.34559109535054,27.684908355142372],[85.34556694349182,27.684903789415852]]}},{"type":"Feature","properties":{},"geometry":{"type":"LineString","coordinates":[[85.34559036899708,27.684912148932295],[85.34556198161192,27.684907483870024]]}},{"type":"Feature","properties":{},"geometry":{"type":"LineString","coordinates":[[85.34558979990022,27.684915128690502],[85.3455660863987,27.684909799222936]]}},{"type":"Feature","properties":{},"geometry":{"type":"LineString","coordinates":[[85.3455892341029,27.684918091339558],[85.34556657815037,27.684912757356784]]}},{"type":"Feature","properties":{},"geometry":{"type":"LineString","coordinates":[[85.34558861993459,27.684921303418676],[85.34556468509764,27.684915927081587]]}},{"type":"Feature","properties":{},"geometry":{"type":"LineString","coordinates":[[85.34715248335888,27.68367705114913],[85.34720807170078,27.683657480131682]]}},{"type":"Feature","properties":{},"geometry":{"type":"LineString","coordinates":[[85.34251346778566,27.682998552554782],[85.34252701699421,27.682991375126512]]}},{"type":"Feature","properties":{},"geometry":{"type":"LineString","coordinates":[[85.34484875753822,27.68380297969284],[85.3448590820477,27.683845924827388]]}},{"type":"Feature","properties":{},"geometry":{"type":"LineString","coordinates":[[85.34426951796178,27.68243859818553],[85.34427360769195,27.68245655558426]]}},{"type":"Feature","properties":{},"geometry":{"type":"LineString","coordinates":[[85.3431188870486,27.683199612184122],[85.34312078627029,27.683215110115864]]}},{"type":"Feature","properties":{},"geometry":{"type":"LineString","coordinates":[[85.3453327054591,27.68281953607562],[85.34533835501684,27.68282933492781]]}},{"type":"Feature","properties":{},"geometry":{"type":"LineString","coordinates":[[85.3460868897831,27.68259309994634],[85.34609262830837,27.68259141390426]]}},{"type":"Feature","properties":{},"geometry":{"type":"LineString","coordinates":[[85.34538287560876,27.680955389031734],[85.34534787159113,27.680868150388505]]}},{"type":"Feature","properties":{},"geometry":{"type":"LineString","coordinates":[[85.34480232420141,27.681378754976834],[85.34479165937287,27.68134635664276]]}},{"type":"Feature","properties":{},"geometry":{"type":"LineString","coordinates":[[85.34271996576895,27.68242278276609],[85.34280773707232,27.68248614811257]]}},{"type":"Feature","properties":{},"geometry":{"type":"LineString","coordinates":[[85.34114288125161,27.68131403431636],[85.34115009586198,27.681328051659573]]}},{"type":"Feature","properties":{},"geometry":{"type":"LineString","coordinates":[[85.3413198943286,27.681375025222763],[85.34131453352514,27.681374996223205]]}},{"type":"Feature","properties":{},"geometry":{"type":"LineString","coordinates":[[85.34113294844336,27.68109588065282],[85.34111894939264,27.681115928411383]]}},{"type":"Feature","properties":{},"geometry":{"type":"LineString","coordinates":[[85.34182312596376,27.68104256018759],[85.34184863642687,27.6810234976644],[85.34189249872196,27.68089005560532],[85.34185756644872,27.680876310284795]]}},{"type":"Feature","properties":{},"geometry":{"type":"LineString","coordinates":[[85.3418388030131,27.681046726333882],[85.34190170605426,27.680866525202756],[85.34188215843885,27.680859723297367]]}},{"type":"Feature","properties":{},"geometry":{"type":"LineString","coordinates":[[85.34185362781622,27.681050664759827],[85.341911674979,27.680845867724017],[85.34188325190203,27.68083673386755]]}},{"type":"Feature","properties":{},"geometry":{"type":"LineString","coordinates":[[85.34434661921752,27.680405865115873],[85.34437028569118,27.680404295966543]]}},{"type":"Feature","properties":{},"geometry":{"type":"LineString","coordinates":[[85.34504716939234,27.68023457818127],[85.3450545191261,27.68021686578847]]}},{"type":"Feature","properties":{},"geometry":{"type":"LineString","coordinates":[[85.34475423826893,27.679498418956875],[85.34441748212542,27.679591184311388]]}},{"type":"Feature","properties":{},"geometry":{"type":"LineString","coordinates":[[85.34475605427824,27.679503984157936],[85.34449874612817,27.67957027314701]]}},{"type":"Feature","properties":{},"geometry":{"type":"LineString","coordinates":[[85.34475758052704,27.67950866229389],[85.34447435899514,27.679588447058258],[85.34444921034549,27.679618392925676]]}},{"type":"Feature","properties":{},"geometry":{"type":"LineString","coordinates":[[85.3447596029877,27.679514857238498],[85.34447435899514,27.679588447058258],[85.34446223188205,27.679614840865582]]}},{"type":"Feature","properties":{},"geometry":{"type":"LineString","coordinates":[[85.34469844241484,27.680099920378638],[85.34469843759096,27.680088676278867]]}},{"type":"Feature","properties":{},"geometry":{"type":"LineString","coordinates":[[85.3445172133179,27.680081579709544],[85.34449947542929,27.68004230417969]]}},{"type":"Feature","properties":{},"geometry":{"type":"LineString","coordinates":[[85.34451228066403,27.6800842230059],[85.344441279314,27.679945754445804]]}},{"type":"Feature","properties":{},"geometry":{"type":"LineString","coordinates":[[85.34450667748486,27.68008722743316],[85.34441933004291,27.67989961878484]]}},{"type":"Feature","properties":{},"geometry":{"type":"LineString","coordinates":[[85.3445009537412,27.68009029359805],[85.34451204073873,27.680074855218134],[85.3444029274662,27.679877146744317]]}},{"type":"Feature","properties":{},"geometry":{"type":"LineString","coordinates":[[85.34440461261245,27.680139029037818],[85.34439506406964,27.680116523394997]]}},{"type":"Feature","properties":{},"geometry":{"type":"LineString","coordinates":[[85.343521184218,27.67993154519543],[85.34348398117503,27.679931361105574]]}},{"type":"Feature","properties":{},"geometry":{"type":"LineString","coordinates":[[85.34330748718548,27.680113478040703],[85.34330819964879,27.680074936607834]]}},{"type":"Feature","properties":{},"geometry":{"type":"LineString","coordinates":[[85.34283079968147,27.680234997106876],[85.34285799925111,27.68022584660105]]}},{"type":"Feature","properties":{},"geometry":{"type":"LineString","coordinates":[[85.34326791427367,27.6790984373949],[85.34327140614387,27.679108565220826]]}},{"type":"Feature","properties":{},"geometry":{"type":"LineString","coordinates":[[85.3426033641194,27.67946794761665],[85.34258210080363,27.679469840361367]]}},{"type":"Feature","properties":{},"geometry":{"type":"LineString","coordinates":[[85.348352451649,27.6826293716167],[85.34832576455308,27.68264770830743]]}},{"type":"Feature","properties":{},"geometry":{"type":"LineString","coordinates":[[85.3481293475577,27.683863316136726],[85.34804245470468,27.68394042124955]]}},{"type":"Feature","properties":{},"geometry":{"type":"LineString","coordinates":[[85.34666554086326,27.677663348884497],[85.34669012458866,27.67765441818264]]}},{"type":"Feature","properties":{},"geometry":{"type":"LineString","coordinates":[[85.33865088148711,27.681475274082118],[85.33857742395037,27.681508496855443]]}},{"type":"Feature","properties":{},"geometry":{"type":"LineString","coordinates":[[85.33835106271192,27.681517856626698],[85.33831424872392,27.6815262978971]]}},{"type":"Feature","properties":{},"geometry":{"type":"LineString","coordinates":[[85.34103619760295,27.67980388232266],[85.34103137558965,27.679825966950805]]}},{"type":"Feature","properties":{},"geometry":{"type":"LineString","coordinates":[[85.34105657963487,27.679804964012792],[85.34105169752323,27.679828342185896]]}},{"type":"Feature","properties":{},"geometry":{"type":"LineString","coordinates":[[85.3403554777949,27.67949776615808],[85.34036275125821,27.679496879452305]]}},{"type":"Feature","properties":{},"geometry":{"type":"LineString","coordinates":[[85.34036494050552,27.679588455436946],[85.34035949898059,27.67958854096299]]}},{"type":"Feature","properties":{},"geometry":{"type":"LineString","coordinates":[[85.34036558083375,27.679594585139192],[85.34037077534883,27.67959481074234]]}},{"type":"Feature","properties":{},"geometry":{"type":"LineString","coordinates":[[85.34036636011339,27.67960205228756],[85.34037113571189,27.679639978004158]]}},{"type":"Feature","properties":{},"geometry":{"type":"LineString","coordinates":[[85.33601880725003,27.678732682346748],[85.33610069807916,27.678589865791768],[85.33637259253875,27.67866631616002]]}},{"type":"Feature","properties":{},"geometry":{"type":"LineString","coordinates":[[85.33627896543739,27.67863564109202],[85.33628054749803,27.678630658140673]]}},{"type":"Feature","properties":{},"geometry":{"type":"LineString","coordinates":[[85.33621445288094,27.67862045060797],[85.33620956424843,27.678634897733467]]}},{"type":"Feature","properties":{},"geometry":{"type":"LineString","coordinates":[[85.33607669842995,27.67863450752762],[85.33609960195578,27.678643053663475]]}},{"type":"Feature","properties":{},"geometry":{"type":"LineString","coordinates":[[85.33698367516219,27.677668261283262],[85.33698806086046,27.67767248193291]]}},{"type":"Feature","properties":{},"geometry":{"type":"LineString","coordinates":[[85.33783083891103,27.677313066580737],[85.33784031547026,27.67730901861731]]}},{"type":"Feature","properties":{},"geometry":{"type":"LineString","coordinates":[[85.33801506506875,27.678557757064215],[85.3380123722805,27.678441844891854]]}},{"type":"Feature","properties":{},"geometry":{"type":"LineString","coordinates":[[85.33786550502806,27.677517847070224],[85.3378376215616,27.677521231004487]]}},{"type":"Feature","properties":{},"geometry":{"type":"LineString","coordinates":[[85.34023513256498,27.677524081731057],[85.34023760891932,27.677508081122493]]}},{"type":"Feature","properties":{},"geometry":{"type":"LineString","coordinates":[[85.34315714034186,27.67775905001903],[85.34316525872389,27.67776813658163]]}},{"type":"Feature","properties":{},"geometry":{"type":"LineString","coordinates":[[85.34341312716846,27.67788361921648],[85.34343376669041,27.677882531173587]]}},{"type":"Feature","properties":{},"geometry":{"type":"LineString","coordinates":[[85.34339417577937,27.677858093924222],[85.34338905349809,27.67786282794283]]}},{"type":"Feature","properties":{},"geometry":{"type":"LineString","coordinates":[[85.34456973605774,27.677470439409323],[85.34451922250125,27.677466620804886]]}},{"type":"Feature","properties":{},"geometry":{"type":"LineString","coordinates":[[85.3426128423467,27.676262481097776],[85.34264917372651,27.67625665837211]]}},{"type":"Feature","properties":{},"geometry":{"type":"LineString","coordinates":[[85.34246044587438,27.676073015352664],[85.34247155704045,27.676048377661573]]}},{"type":"Feature","properties":{},"geometry":{"type":"LineString","coordinates":[[85.33940633754816,27.675971143038026],[85.33933842172806,27.676002198071178]]}},{"type":"Feature","properties":{},"geometry":{"type":"LineString","coordinates":[[85.34010401307674,27.678090183364535],[85.34017424693225,27.67812314241324]]}},{"type":"Feature","properties":{},"geometry":{"type":"LineString","coordinates":[[85.34010414015113,27.67810336941073],[85.34008594507345,27.67809378465335]]}},{"type":"Feature","properties":{},"geometry":{"type":"LineString","coordinates":[[85.34007245019201,27.678168942051283],[85.34005394981962,27.678161377159203]]}},{"type":"Feature","properties":{},"geometry":{"type":"LineString","coordinates":[[85.34114633978466,27.681093369476617],[85.34114284762244,27.681319546718825]]}},{"type":"Feature","properties":{},"geometry":{"type":"LineString","coordinates":[[85.33782958011025,27.67634491098926],[85.33806250225803,27.676474375658984]]}},{"type":"Feature","properties":{},"geometry":{"type":"LineString","coordinates":[[85.34281442881041,27.678918608121084],[85.34286842439555,27.679148760474156],[85.34301685970635,27.67911958400502]]}},{"type":"Feature","properties":{},"geometry":{"type":"LineString","coordinates":[[85.33854669705856,27.679151915436336],[85.33848229492133,27.678909681617284]]}},{"type":"Feature","properties":{},"geometry":{"type":"LineString","coordinates":[[85.34326035379615,27.67767784870863],[85.343418001888,27.677890184943664]]}},{"type":"Feature","properties":{},"geometry":{"type":"LineString","coordinates":[[85.34085622173835,27.67978548421126],[85.34107867484086,27.67980512034085]]}},{"type":"Feature","properties":{},"geometry":{"type":"LineString","coordinates":[[85.34033038003649,27.680336655507144],[85.34021212431777,27.680472520645775],[85.3403165884019,27.680553532107268]]}},{"type":"Feature","properties":{},"geometry":{"type":"LineString","coordinates":[[85.33712766252253,27.677583038730283],[85.33713600564738,27.67759639560518]]}},{"type":"Feature","properties":{},"geometry":{"type":"LineString","coordinates":[[85.33664136906266,27.67759556788199],[85.33661363912456,27.677622003741636]]}},{"type":"Feature","properties":{},"geometry":{"type":"LineString","coordinates":[[85.335746792092,27.67800548762241],[85.33575630998244,27.677986015657314]]}},{"type":"Feature","properties":{},"geometry":{"type":"LineString","coordinates":[[85.33628178272936,27.677919392752134],[85.33629123305707,27.67790938953208]]}},{"type":"Feature","properties":{},"geometry":{"type":"LineString","coordinates":[[85.33771142049318,27.6770383111674],[85.33768983818548,27.677070137077614]]}},{"type":"Feature","properties":{},"geometry":{"type":"LineString","coordinates":[[85.33735559000074,27.67707343166366],[85.33734568566413,27.677053980065875]]}},{"type":"Feature","properties":{},"geometry":{"type":"LineString","coordinates":[[85.3378336018126,27.67732784747512],[85.33780139512197,27.67733654611534]]}},{"type":"Feature","properties":{},"geometry":{"type":"LineString","coordinates":[[85.33783487164551,27.6773346417995],[85.33784692276902,27.677332436156426]]}},{"type":"Feature","properties":{},"geometry":{"type":"LineString","coordinates":[[85.33783979155908,27.6773609651725],[85.33785195046912,27.6773600776495]]}},{"type":"Feature","properties":{},"geometry":{"type":"LineString","coordinates":[[85.33741004276138,27.6776933936974],[85.33740437345716,27.67769734652919]]}},{"type":"Feature","properties":{},"geometry":{"type":"LineString","coordinates":[[85.33785005441065,27.677427121014325],[85.33786167457976,27.677426461690196]]}},{"type":"Feature","properties":{},"geometry":{"type":"LineString","coordinates":[[85.33684325366666,27.67929317095881],[85.33682039456077,27.679327717914468]]}},{"type":"Feature","properties":{},"geometry":{"type":"LineString","coordinates":[[85.33660452830094,27.678923096595895],[85.33658234613205,27.678926552340986]]}},{"type":"Feature","properties":{},"geometry":{"type":"LineString","coordinates":[[85.33842196631575,27.678123906097106],[85.33844815056248,27.678117655009668]]}},{"type":"Feature","properties":{},"geometry":{"type":"LineString","coordinates":[[85.33827534544908,27.67772406830721],[85.33825313138173,27.677728377764005]]}},{"type":"Feature","properties":{},"geometry":{"type":"LineString","coordinates":[[85.33819559396436,27.67942849718167],[85.33818227384924,27.6794298626877]]}},{"type":"Feature","properties":{},"geometry":{"type":"LineString","coordinates":[[85.33905404394086,27.67929655672325],[85.33905161563064,27.679272581026225]]}},{"type":"Feature","properties":{},"geometry":{"type":"LineString","coordinates":[[85.33963959655206,27.68085565246914],[85.33963324866399,27.680865853761443]]}},{"type":"Feature","properties":{},"geometry":{"type":"LineString","coordinates":[[85.33968386112535,27.680874280211075],[85.33967653310201,27.680886073595655]]}},{"type":"Feature","properties":{},"geometry":{"type":"LineString","coordinates":[[85.34873630969412,27.680920283012973],[85.3487687931472,27.68092474802708]]}},{"type":"Feature","properties":{},"geometry":{"type":"LineString","coordinates":[[85.34873566285192,27.68097709757651],[85.34871693804989,27.680974875175362]]}},{"type":"Feature","properties":{},"geometry":{"type":"LineString","coordinates":[[85.34862341384621,27.681520374736614],[85.34863282066294,27.681560250838412]]}},{"type":"Feature","properties":{},"geometry":{"type":"LineString","coordinates":[[85.34611465312648,27.682654818829157],[85.3461485508834,27.682646459791822]]}},{"type":"Feature","properties":{},"geometry":{"type":"LineString","coordinates":[[85.34258503267036,27.682545208971433],[85.34256014639293,27.682560921584056]]}},{"type":"Feature","properties":{},"geometry":{"type":"LineString","coordinates":[[85.34815322310787,27.679806077159437],[85.34813452692917,27.679808636773576]]}},{"type":"Feature","properties":{},"geometry":{"type":"LineString","coordinates":[[85.34815219802724,27.679793686366747],[85.34813270345236,27.679796077609126]]}},{"type":"Feature","properties":{},"geometry":{"type":"LineString","coordinates":[[85.34606183966713,27.679240203398994],[85.34607453616026,27.679234734785595]]}},{"type":"Feature","properties":{},"geometry":{"type":"LineString","coordinates":[[85.34640026895025,27.679154464090946],[85.34638910390302,27.679177934456533]]}},{"type":"Feature","properties":{},"geometry":{"type":"LineString","coordinates":[[85.3459244536716,27.6805170022489],[85.34591036597374,27.680519110257762]]}},{"type":"Feature","properties":{},"geometry":{"type":"LineString","coordinates":[[85.344747509563,27.678107672848984],[85.34479421684917,27.678086254649266]]}},{"type":"Feature","properties":{},"geometry":{"type":"LineString","coordinates":[[85.34477829222367,27.678155682126434],[85.34476628271386,27.67816366884173]]}},{"type":"Feature","properties":{},"geometry":{"type":"LineString","coordinates":[[85.34555620621059,27.67669636565907],[85.34553508727745,27.676701564861]]}},{"type":"Feature","properties":{},"geometry":{"type":"LineString","coordinates":[[85.34153475882759,27.680586430193987],[85.34160895820288,27.680568027415006]]}},{"type":"Feature","properties":{},"geometry":{"type":"LineString","coordinates":[[85.34151576559294,27.680539787070526],[85.34154781405223,27.680531474696554]]}},{"type":"Feature","properties":{},"geometry":{"type":"LineString","coordinates":[[85.34227094755012,27.680337063715243],[85.3423019205853,27.680323960163697]]}},{"type":"Feature","properties":{},"geometry":{"type":"LineString","coordinates":[[85.34288826930116,27.678902870075206],[85.34289234869628,27.678923505270745]]}},{"type":"Feature","properties":{},"geometry":{"type":"LineString","coordinates":[[85.34279603046804,27.678922529827094],[85.34279984464729,27.678938637340433]]}},{"type":"Feature","properties":{},"geometry":{"type":"LineString","coordinates":[[85.34224171330733,27.679186336620802],[85.34219023764031,27.679149443219707]]}},{"type":"Feature","properties":{},"geometry":{"type":"LineString","coordinates":[[85.34120793090685,27.677791159714403],[85.34120616262408,27.677750914355318]]}},{"type":"Feature","properties":{},"geometry":{"type":"LineString","coordinates":[[85.34128434895075,27.677783474381968],[85.34129419371719,27.67774767056855]]}},{"type":"Feature","properties":{},"geometry":{"type":"LineString","coordinates":[[85.34086448472598,27.67805870556713],[85.34084883830133,27.678060325069154]]}},{"type":"Feature","properties":{},"geometry":{"type":"LineString","coordinates":[[85.34088485821044,27.678248563809543],[85.34085951661264,27.678251523005336]]}},{"type":"Feature","properties":{},"geometry":{"type":"LineString","coordinates":[[85.34089288528648,27.678332440543947],[85.34086469746381,27.678334688731958]]}},{"type":"Feature","properties":{},"geometry":{"type":"LineString","coordinates":[[85.34099034551295,27.67879650676128],[85.34098319620601,27.6788080992928]]}},{"type":"Feature","properties":{},"geometry":{"type":"LineString","coordinates":[[85.34202398412303,27.67830274082619],[85.34201964006932,27.678270575002845]]}},{"type":"Feature","properties":{},"geometry":{"type":"LineString","coordinates":[[85.34052385856482,27.678043010152464],[85.34052055183453,27.678052913083448]]}},{"type":"Feature","properties":{},"geometry":{"type":"LineString","coordinates":[[85.34071866960605,27.678382643235405],[85.34071877588981,27.678372727232873]]}},{"type":"Feature","properties":{},"geometry":{"type":"LineString","coordinates":[[85.33967494003909,27.67818799715021],[85.33966370348485,27.678199417871568]]}},{"type":"Feature","properties":{},"geometry":{"type":"LineString","coordinates":[[85.33899177027003,27.67804224189385],[85.33900262213967,27.67803460644288]]}},{"type":"Feature","properties":{},"geometry":{"type":"LineString","coordinates":[[85.33797672618958,27.676429983273678],[85.33796382543082,27.676444455285402]]}},{"type":"Feature","properties":{},"geometry":{"type":"LineString","coordinates":[[85.33836463267983,27.677097890130348],[85.33834913636015,27.677086652457525]]}},{"type":"Feature","properties":{},"geometry":{"type":"LineString","coordinates":[[85.33800977443506,27.676997529771725],[85.33804258289037,27.677015372501316]]}},{"type":"Feature","properties":{},"geometry":{"type":"LineString","coordinates":[[85.33785584602481,27.676669395795283],[85.33786841988984,27.676628237651624]]}},{"type":"Feature","properties":{},"geometry":{"type":"LineString","coordinates":[[85.33814122491489,27.676775980043566],[85.33813517711394,27.67677446881416]]}},{"type":"Feature","properties":{},"geometry":{"type":"LineString","coordinates":[[85.33768358423637,27.67685472515813],[85.33767106381802,27.67684574611666]]}},{"type":"Feature","properties":{},"geometry":{"type":"LineString","coordinates":[[85.3386640845357,27.676105566891987],[85.3386077451509,27.676130182576397]]}},{"type":"Feature","properties":{},"geometry":{"type":"LineString","coordinates":[[85.34034040642106,27.675112628759088],[85.34031441921354,27.67508645016792]]}},{"type":"Feature","properties":{},"geometry":{"type":"LineString","coordinates":[[85.34049888940443,27.67500800333175],[85.3404826710987,27.674979810866496]]}},{"type":"Feature","properties":{},"geometry":{"type":"LineString","coordinates":[[85.33962674160576,27.67545878978246],[85.33961140098752,27.675426536315413]]}},{"type":"Feature","properties":{},"geometry":{"type":"LineString","coordinates":[[85.33931718795921,27.675891925660142],[85.33930469760931,27.675902269926162]]}},{"type":"Feature","properties":{},"geometry":{"type":"LineString","coordinates":[[85.33953090641593,27.67613448609217],[85.33950900294201,27.676152201526705]]}},{"type":"Feature","properties":{},"geometry":{"type":"LineString","coordinates":[[85.34012338093788,27.676325211713852],[85.34012044969703,27.67630853708131]]}},{"type":"Feature","properties":{},"geometry":{"type":"LineString","coordinates":[[85.34040457374086,27.676160817547323],[85.34039053116678,27.67612140890888]]}},{"type":"Feature","properties":{},"geometry":{"type":"LineString","coordinates":[[85.34074865243922,27.676080565856935],[85.34074814245791,27.676064066450724]]}},{"type":"Feature","properties":{},"geometry":{"type":"LineString","coordinates":[[85.34095208418992,27.676340649551175],[85.34093543016382,27.67634415597988]]}},{"type":"Feature","properties":{},"geometry":{"type":"LineString","coordinates":[[85.34135427881773,27.67638645916362],[85.34133014975517,27.676389177556015]]}},{"type":"Feature","properties":{},"geometry":{"type":"LineString","coordinates":[[85.3407785252022,27.67545453936274],[85.34076184852702,27.6754666640061]]}},{"type":"Feature","properties":{},"geometry":{"type":"LineString","coordinates":[[85.34078695394628,27.675468959363613],[85.34076798400552,27.675478069080697]]}},{"type":"Feature","properties":{},"geometry":{"type":"LineString","coordinates":[[85.34080685228189,27.675503001111277],[85.34078815022565,27.675519205418027]]}},{"type":"Feature","properties":{},"geometry":{"type":"LineString","coordinates":[[85.34081463867197,27.675516322227114],[85.34079533132443,27.67553212757574]]}},{"type":"Feature","properties":{},"geometry":{"type":"LineString","coordinates":[[85.34110279433054,27.67526582940267],[85.34108466624706,27.675248479999134]]}},{"type":"Feature","properties":{},"geometry":{"type":"LineString","coordinates":[[85.34126346648097,27.675003318163597],[85.34127891143838,27.674992658897633]]}},{"type":"Feature","properties":{},"geometry":{"type":"LineString","coordinates":[[85.34157843727736,27.675006880845032],[85.34159051541245,27.6750214573098]]}},{"type":"Feature","properties":{},"geometry":{"type":"LineString","coordinates":[[85.34159900950887,27.674991016512884],[85.34157571708016,27.674966220634253]]}},{"type":"Feature","properties":{},"geometry":{"type":"LineString","coordinates":[[85.34235789408416,27.67500379922055],[85.3423356168761,27.67500703185207]]}},{"type":"Feature","properties":{},"geometry":{"type":"LineString","coordinates":[[85.34168828662708,27.675245635770224],[85.3416843841336,27.675237607752035]]}},{"type":"Feature","properties":{},"geometry":{"type":"LineString","coordinates":[[85.34210393689182,27.67566955755057],[85.34209119962155,27.67566075681623]]}},{"type":"Feature","properties":{},"geometry":{"type":"LineString","coordinates":[[85.34251864382293,27.67592570520195],[85.34246122629004,27.675934765768567]]}},{"type":"Feature","properties":{},"geometry":{"type":"LineString","coordinates":[[85.34312797777875,27.677101819227886],[85.34312820481614,27.677117340489794]]}},{"type":"Feature","properties":{},"geometry":{"type":"LineString","coordinates":[[85.34303304973507,27.677104291242998],[85.34303212695936,27.677090601970335]]}},{"type":"Feature","properties":{},"geometry":{"type":"LineString","coordinates":[[85.34275653305087,27.677510984571082],[85.34275129968174,27.677496347487736]]}},{"type":"Feature","properties":{},"geometry":{"type":"LineString","coordinates":[[85.34274328580956,27.677026007407417],[85.34268302037232,27.677030403863135]]}},{"type":"Feature","properties":{},"geometry":{"type":"LineString","coordinates":[[85.34246669857984,27.676987893655532],[85.34246750037721,27.677009859723558]]}},{"type":"Feature","properties":{},"geometry":{"type":"LineString","coordinates":[[85.34194071126375,27.677020937428356],[85.3419307372213,27.6770202106197]]}},{"type":"Feature","properties":{},"geometry":{"type":"LineString","coordinates":[[85.34073232619734,27.676867812839188],[85.34075685884615,27.676869791774422]]}},{"type":"Feature","properties":{},"geometry":{"type":"LineString","coordinates":[[85.34150404342752,27.676807958736852],[85.34154160599213,27.676820847488703]]}},{"type":"Feature","properties":{},"geometry":{"type":"LineString","coordinates":[[85.34150160178393,27.677022803599485],[85.34154433127546,27.677021097617725]]}},{"type":"Feature","properties":{},"geometry":{"type":"LineString","coordinates":[[85.34015676772974,27.67682174907577],[85.34017047418094,27.67683530994225]]}},{"type":"Feature","properties":{},"geometry":{"type":"LineString","coordinates":[[85.34013845122884,27.676837374851075],[85.34015147703633,27.676849887819788]]}},{"type":"Feature","properties":{},"geometry":{"type":"LineString","coordinates":[[85.34034495945055,27.67671763064703],[85.34035058959923,27.676854677104128]]}},{"type":"Feature","properties":{},"geometry":{"type":"LineString","coordinates":[[85.34016635772973,27.677526206275616],[85.3401652819015,27.6775059671247]]}},{"type":"Feature","properties":{},"geometry":{"type":"LineString","coordinates":[[85.34063134321693,27.679636903136768],[85.34059402705176,27.67963669976943]]}},{"type":"Feature","properties":{},"geometry":{"type":"LineString","coordinates":[[85.341018738396,27.678804781190376],[85.3410266809271,27.678793161152587]]}},{"type":"Feature","properties":{},"geometry":{"type":"LineString","coordinates":[[85.3380311593296,27.68086740331414],[85.33800822223292,27.680881389341714]]}},{"type":"Feature","properties":{},"geometry":{"type":"LineString","coordinates":[[85.33774592539281,27.678209387984065],[85.3377745766162,27.678207000682082]]}},{"type":"Feature","properties":{},"geometry":{"type":"LineString","coordinates":[[85.33802885009432,27.676456959651528],[85.33801568504056,27.67646967032069]]}},{"type":"Feature","properties":{},"geometry":{"type":"LineString","coordinates":[[85.34299496493617,27.679123284301077],[85.34299799519546,27.67913719283176]]}},{"type":"Feature","properties":{},"geometry":{"type":"LineString","coordinates":[[85.34282334497375,27.678960545539773],[85.34283842462041,27.678957257432014]]}},{"type":"Feature","properties":{},"geometry":{"type":"LineString","coordinates":[[85.33860282821804,27.676008654162377],[85.33855582046063,27.676037318692092]]}},{"type":"Feature","properties":{},"geometry":{"type":"LineString","coordinates":[[85.33592324714255,27.678678445214132],[85.33594031640624,27.678656473630326]]}},{"type":"Feature","properties":{},"geometry":{"type":"LineString","coordinates":[[85.34011954051297,27.678607361047256],[85.34008140734717,27.678617028031063]]}},{"type":"Feature","properties":{},"geometry":{"type":"LineString","coordinates":[[85.34702845924392,27.678474498283055],[85.34703011430075,27.678477293395833]]}},{"type":"Feature","properties":{},"geometry":{"type":"LineString","coordinates":[[85.3385519604048,27.680807516897737],[85.33854956502272,27.680800126931345]]}},{"type":"Feature","properties":{},"geometry":{"type":"LineString","coordinates":[[85.33846844168893,27.677873191493198],[85.33847256674315,27.677888140345413]]}},{"type":"Feature","properties":{},"geometry":{"type":"LineString","coordinates":[[85.33885547951988,27.679340146224487],[85.33885260003733,27.679328234073683]]}},{"type":"Feature","properties":{},"geometry":{"type":"LineString","coordinates":[[85.34426130725986,27.677101920856956],[85.34424570788217,27.677104600009976]]}},{"type":"Feature","properties":{},"geometry":{"type":"LineString","coordinates":[[85.34217004790216,27.6756504077055],[85.34216642586925,27.67564253468566]]}},{"type":"Feature","properties":{},"geometry":{"type":"LineString","coordinates":[[85.33965734800171,27.67544525367242],[85.33964270836952,27.675413237859573]]}},{"type":"Feature","properties":{},"geometry":{"type":"LineString","coordinates":[[85.34021138043605,27.67776450946449],[85.34020984953425,27.677754721864225]]}},{"type":"Feature","properties":{},"geometry":{"type":"LineString","coordinates":[[85.34254430588855,27.67735695041012],[85.34254592983199,27.677360454609307]]}},{"type":"Feature","properties":{},"geometry":{"type":"LineString","coordinates":[[85.34252021710104,27.677363636218143],[85.34252221122608,27.677368004080137]]}},{"type":"Feature","properties":{},"geometry":{"type":"LineString","coordinates":[[85.34280108924074,27.675801277151614],[85.34280091741135,27.6758144072854]]}},{"type":"Feature","properties":{},"geometry":{"type":"LineString","coordinates":[[85.34557313504287,27.677113186157012],[85.3455928459035,27.677111213922863]]}},{"type":"Feature","properties":{},"geometry":{"type":"LineString","coordinates":[[85.34426559008372,27.678404750442397],[85.34422633688632,27.678414091104756]]}},{"type":"Feature","properties":{},"geometry":{"type":"LineString","coordinates":[[85.34645977946563,27.682811018580335],[85.3464683382544,27.682801008524354]]}},{"type":"Feature","properties":{},"geometry":{"type":"LineString","coordinates":[[85.34724810868734,27.68087459413726],[85.34722514945773,27.680879956635774]]}},{"type":"Feature","properties":{},"geometry":{"type":"LineString","coordinates":[[85.34066990528417,27.67929216941831],[85.34068626443283,27.67929237261618]]}},{"type":"Feature","properties":{},"geometry":{"type":"LineString","coordinates":[[85.34865393972369,27.680406540341767],[85.34865134951636,27.68039109649524]]}},{"type":"Feature","properties":{},"geometry":{"type":"LineString","coordinates":[[85.3457100035746,27.678330142021117],[85.34573062296715,27.678319697497187]]}},{"type":"Feature","properties":{},"geometry":{"type":"LineString","coordinates":[[85.34575909771068,27.67845355093423],[85.345740685473,27.67846190442393]]}},{"type":"Feature","properties":{},"geometry":{"type":"LineString","coordinates":[[85.34583792643261,27.678637918887873],[85.34581731943734,27.6786453842351]]}},{"type":"Feature","properties":{},"geometry":{"type":"LineString","coordinates":[[85.34580224863596,27.67855632230163],[85.34584300434484,27.678543006223304]]}},{"type":"Feature","properties":{},"geometry":{"type":"LineString","coordinates":[[85.34586996849906,27.678706071792533],[85.34591655499908,27.67874838579737]]}},{"type":"Feature","properties":{},"geometry":{"type":"LineString","coordinates":[[85.3457434504802,27.67841216506926],[85.34578064963708,27.67840396283715]]}},{"type":"Feature","properties":{},"geometry":{"type":"LineString","coordinates":[[85.34471032538951,27.678701524723504],[85.34465939502805,27.678540280942855]]}},{"type":"Feature","properties":{},"geometry":{"type":"LineString","coordinates":[[85.3445780777981,27.678728213209894],[85.3445757173457,27.678719490676478]]}},{"type":"Feature","properties":{},"geometry":{"type":"LineString","coordinates":[[85.34223769312024,27.6791914619534],[85.34225436059899,27.67920293525511]]}},{"type":"Feature","properties":{},"geometry":{"type":"LineString","coordinates":[[85.34140799240238,27.67920931625488],[85.34140908637659,27.679190725886627]]}},{"type":"Feature","properties":{},"geometry":{"type":"LineString","coordinates":[[85.34449186213924,27.68009516704082],[85.34449802731278,27.680103770784942]]}},{"type":"Feature","properties":{},"geometry":{"type":"LineString","coordinates":[[85.34184174605626,27.680404444665378],[85.34184045057265,27.680399598681053]]}},{"type":"Feature","properties":{},"geometry":{"type":"LineString","coordinates":[[85.34183183341985,27.680407820688565],[85.34182482850538,27.680390456506537]]}},{"type":"Feature","properties":{},"geometry":{"type":"LineString","coordinates":[[85.34214729569034,27.68034597395173],[85.34213695771439,27.680331463481387]]}},{"type":"Feature","properties":{},"geometry":{"type":"LineString","coordinates":[[85.3395216761027,27.68009891619059],[85.33950200294373,27.680096009683012]]}},{"type":"Feature","properties":{},"geometry":{"type":"LineString","coordinates":[[85.34439966187415,27.6801394428008],[85.3444021892646,27.680149466109437]]}},{"type":"Feature","properties":{},"geometry":{"type":"LineString","coordinates":[[85.34002590861742,27.67563002564536],[85.34001716649412,27.67567683841568]]}},{"type":"Feature","properties":{},"geometry":{"type":"LineString","coordinates":[[85.33935118332644,27.681045946142266],[85.33936157289564,27.681040741126438]]}},{"type":"Feature","properties":{},"geometry":{"type":"LineString","coordinates":[[85.33868880874886,27.678481044477174],[85.33868944100918,27.678487499910325]]}},{"type":"Feature","properties":{},"geometry":{"type":"LineString","coordinates":[[85.33829225633367,27.67983974416762],[85.33829904575346,27.679839090038875]]}},{"type":"Feature","properties":{},"geometry":{"type":"LineString","coordinates":[[85.33775629807191,27.67914974661349],[85.33776055160595,27.679159152633915]]}},{"type":"Feature","properties":{},"geometry":{"type":"LineString","coordinates":[[85.33813378291758,27.67946826041306],[85.33813268183914,27.679484202557425]]}},{"type":"Feature","properties":{},"geometry":{"type":"LineString","coordinates":[[85.33724354189532,27.678350628869392],[85.33724408891909,27.678355678006405]]}},{"type":"Feature","properties":{},"geometry":{"type":"LineString","coordinates":[[85.33834544403192,27.68025245515557],[85.33834967985393,27.68026136273703]]}},{"type":"Feature","properties":{},"geometry":{"type":"LineString","coordinates":[[85.34619343866396,27.68051202173975],[85.34617556851306,27.680510886855576]]}},{"type":"Feature","properties":{},"geometry":{"type":"LineString","coordinates":[[85.34656461482949,27.68075468110825],[85.34655956604139,27.680733603007774]]}},{"type":"Feature","properties":{},"geometry":{"type":"LineString","coordinates":[[85.34614873044814,27.679736940237884],[85.34614847971135,27.67972902092202]]}},{"type":"Feature","properties":{},"geometry":{"type":"LineString","coordinates":[[85.34788640075253,27.68123080276069],[85.34790502268021,27.68123009434902]]}},{"type":"Feature","properties":{},"geometry":{"type":"LineString","coordinates":[[85.3478874546541,27.681242220037664],[85.34787515306657,27.6812447475771]]}},{"type":"Feature","properties":{},"geometry":{"type":"LineString","coordinates":[[85.34715024618406,27.67813518042897],[85.34716007718238,27.67813222001918]]}},{"type":"Feature","properties":{},"geometry":{"type":"LineString","coordinates":[[85.34423531607686,27.677743000879307],[85.34425101345879,27.67774075342132]]}},{"type":"Feature","properties":{},"geometry":{"type":"LineString","coordinates":[[85.3447074302933,27.678120775563684],[85.34470520271404,27.678114805611003]]}},{"type":"Feature","properties":{},"geometry":{"type":"LineString","coordinates":[[85.34439823410807,27.677153928260086],[85.34440065691973,27.677167991967373]]}},{"type":"Feature","properties":{},"geometry":{"type":"LineString","coordinates":[[85.34283536820348,27.67796944228176],[85.34283020365038,27.677963273802355]]}},{"type":"Feature","properties":{},"geometry":{"type":"LineString","coordinates":[[85.34179230888437,27.678657300065527],[85.34181753726091,27.67865096830148]]}},{"type":"Feature","properties":{},"geometry":{"type":"LineString","coordinates":[[85.33984806462499,27.68158831437843],[85.33986185241754,27.681588219707216]]}},{"type":"Feature","properties":{},"geometry":{"type":"LineString","coordinates":[[85.33984945911001,27.681598876540132],[85.33986252004975,27.681597301992735]]}},{"type":"Feature","properties":{},"geometry":{"type":"LineString","coordinates":[[85.34061120729743,27.67646651912307],[85.34059239100361,27.676469676492104]]}},{"type":"Feature","properties":{},"geometry":{"type":"LineString","coordinates":[[85.34147553035214,27.676326763735045],[85.34150724359314,27.676324855457892]]}},{"type":"Feature","properties":{},"geometry":{"type":"LineString","coordinates":[[85.34166797759781,27.677326745478734],[85.34167489269669,27.677325612523646]]}},{"type":"Feature","properties":{},"geometry":{"type":"LineString","coordinates":[[85.3436026641923,27.679033972122088],[85.3436233599742,27.67902916981098]]}},{"type":"Feature","properties":{},"geometry":{"type":"LineString","coordinates":[[85.33815461899064,27.679239507097968],[85.33813847046326,27.67924066176484]]}},{"type":"Feature","properties":{},"geometry":{"type":"LineString","coordinates":[[85.33641521402863,27.67741275178894],[85.33640521190992,27.677425586925494]]}},{"type":"Feature","properties":{},"geometry":{"type":"LineString","coordinates":[[85.34029267350152,27.680371910555724],[85.34028576494147,27.680364618164255]]}},{"type":"Feature","properties":{},"geometry":{"type":"LineString","coordinates":[[85.34028509176517,27.68038138046795],[85.34029828459813,27.680388171429914]]}},{"type":"Feature","properties":{},"geometry":{"type":"LineString","coordinates":[[85.34027552767958,27.68052430364387],[85.34026308316022,27.68053413406918]]}},{"type":"Feature","properties":{},"geometry":{"type":"LineString","coordinates":[[85.33810476230207,27.67721150353818],[85.33808661268891,27.67722974392749]]}},{"type":"Feature","properties":{},"geometry":{"type":"LineString","coordinates":[[85.33801849707177,27.678557408340268],[85.33801921457133,27.67848912246283]]}},{"type":"Feature","properties":{},"geometry":{"type":"LineString","coordinates":[[85.33799137199897,27.678560168705904],[85.33797697400294,27.678476643242156]]}},{"type":"Feature","properties":{},"geometry":{"type":"LineString","coordinates":[[85.33870241862127,27.67606253793546],[85.33890670355737,27.67598547720234],[85.33903666812533,27.675905366122887]]}},{"type":"Feature","properties":{},"geometry":{"type":"LineString","coordinates":[[85.3387159010161,27.676084388925744],[85.33872502050137,27.676080212061702]]}},{"type":"Feature","properties":{},"geometry":{"type":"LineString","coordinates":[[85.33894105986477,27.675963723335713],[85.33892641095099,27.675938964786752]]}},{"type":"Feature","properties":{},"geometry":{"type":"LineString","coordinates":[[85.33897332698602,27.675943291923137],[85.33899574949154,27.675965586741665]]}},{"type":"Feature","properties":{},"geometry":{"type":"LineString","coordinates":[[85.34474538558025,27.676219479789463],[85.34484931700511,27.676493760338392],[85.34497327802569,27.676455839457088]]}},{"type":"Feature","properties":{},"geometry":{"type":"LineString","coordinates":[[85.34483348203639,27.676455586139713],[85.34481655144096,27.676460161068647]]}},{"type":"Feature","properties":{},"geometry":{"type":"LineString","coordinates":[[85.34492249469831,27.67647243361742],[85.34493009226875,27.676490651338344]]}},{"type":"Feature","properties":{},"geometry":{"type":"LineString","coordinates":[[85.34496832043102,27.676457458979453],[85.344994943279,27.676459187759214]]}},{"type":"Feature","properties":{},"geometry":{"type":"LineString","coordinates":[[85.34571210548368,27.67833564203164],[85.34569052671365,27.67834206954919]]}},{"type":"Feature","properties":{},"geometry":{"type":"LineString","coordinates":[[85.34573020703753,27.678381678300603],[85.34570994881801,27.678388270513945]]}},{"type":"Feature","properties":{},"geometry":{"type":"LineString","coordinates":[[85.34584559341813,27.678654509180046],[85.34587092071325,27.678646039694645]]}},{"type":"Feature","properties":{},"geometry":{"type":"LineString","coordinates":[[85.34476219159376,27.676259813685],[85.34474163936486,27.676267774141525]]}},{"type":"Feature","properties":{},"geometry":{"type":"LineString","coordinates":[[85.34478736578286,27.676329048147196],[85.34476877390776,27.676336156552146]]}},{"type":"Feature","properties":{},"geometry":{"type":"LineString","coordinates":[[85.34495773076719,27.676460919214414],[85.34495068093204,27.67644005993855]]}},{"type":"Feature","properties":{},"geometry":{"type":"LineString","coordinates":[[85.3474956736603,27.67783641366563],[85.34748491751132,27.67784762958249]]}},{"type":"Feature","properties":{},"geometry":{"type":"LineString","coordinates":[[85.34294541992307,27.676261387570342],[85.34293206615382,27.67626185419995]]}},{"type":"Feature","properties":{},"geometry":{"type":"LineString","coordinates":[[85.33909249312518,27.678545687977312],[85.33909517947086,27.678551938790786]]}},{"type":"Feature","properties":{},"geometry":{"type":"LineString","coordinates":[[85.3399380322631,27.67963981601366],[85.3399302628837,27.679623415536852]]}},{"type":"Feature","properties":{},"geometry":{"type":"LineString","coordinates":[[85.33750157076547,27.679863672159122],[85.33752927502913,27.67985060536655]]}},{"type":"Feature","properties":{},"geometry":{"type":"LineString","coordinates":[[85.33758422210869,27.680034620537267],[85.33761034857694,27.68002351499645]]}},{"type":"Feature","properties":{},"geometry":{"type":"LineString","coordinates":[[85.34281270670643,27.677490286817047],[85.34238370674287,27.677643918661488]]}},{"type":"Feature","properties":{},"geometry":{"type":"LineString","coordinates":[[85.34248243757956,27.677609987101274],[85.34246863942543,27.67758031563945]]}},{"type":"Feature","properties":{},"geometry":{"type":"LineString","coordinates":[[85.34524018954977,27.676665719977855],[85.34520866210211,27.67666464657457]]}},{"type":"Feature","properties":{},"geometry":{"type":"LineString","coordinates":[[85.34524674843566,27.676697497919665],[85.34528392468987,27.67668990385151]]}},{"type":"Feature","properties":{},"geometry":{"type":"LineString","coordinates":[[85.34422283997212,27.677581008088524],[85.34424025373552,27.677580977969523]]}},{"type":"Feature","properties":{},"geometry":{"type":"LineString","coordinates":[[85.34769545237394,27.68066636485627],[85.34769498318677,27.680650319924556]]}},{"type":"Feature","properties":{},"geometry":{"type":"LineString","coordinates":[[85.34531429110012,27.680108543420268],[85.34531788983669,27.68010177662636]]}},{"type":"Feature","properties":{},"geometry":{"type":"LineString","coordinates":[[85.34272784197567,27.678937063747043],[85.34273394297783,27.67896205991389]]}},{"type":"Feature","properties":{},"geometry":{"type":"LineString","coordinates":[[85.33863220438666,27.676055129750047],[85.33857221824982,27.67608832920495]]}},{"type":"Feature","properties":{},"geometry":{"type":"LineString","coordinates":[[85.3386956076522,27.676051500137568],[85.33870059011186,27.676049246644318]]}},{"type":"Feature","properties":{},"geometry":{"type":"LineString","coordinates":[[85.34023749500976,27.679273674992306],[85.34023751037634,27.67926447814207]]}},{"type":"Feature","properties":{},"geometry":{"type":"LineString","coordinates":[[85.3385824203637,27.67597636689228],[85.33857089849523,27.675981527599575]]}},{"type":"Feature","properties":{},"geometry":{"type":"LineString","coordinates":[[85.34788849399911,27.681253459337302],[85.34787079671773,27.681279291512123]]}},{"type":"Feature","properties":{},"geometry":{"type":"LineString","coordinates":[[85.34387784061245,27.681658430548058],[85.34387990679198,27.68167832411187]]}},{"type":"Feature","properties":{},"geometry":{"type":"LineString","coordinates":[[85.34434794162443,27.68387709179441],[85.34435785131632,27.68387755684065]]}},{"type":"Feature","properties":{},"geometry":{"type":"LineString","coordinates":[[85.34267194160049,27.67657150579562],[85.34269917741659,27.676568557183163]]}},{"type":"Feature","properties":{},"geometry":{"type":"LineString","coordinates":[[85.34182388004457,27.67976107806005],[85.34182344916843,27.679757856194897]]}},{"type":"Feature","properties":{},"geometry":{"type":"LineString","coordinates":[[85.33646700690353,27.678456042172474],[85.33646267913012,27.678467400284138]]}},{"type":"Feature","properties":{},"geometry":{"type":"LineString","coordinates":[[85.33866917364006,27.676113618245292],[85.33861421873384,27.676135980611235]]}},{"type":"Feature","properties":{},"geometry":{"type":"LineString","coordinates":[[85.34140110729788,27.673883608380955],[85.34141826185527,27.673903248504743]]}},{"type":"Feature","properties":{},"geometry":{"type":"LineString","coordinates":[[85.34261709080805,27.6791674931913],[85.34263623243561,27.679167795338824]]}},{"type":"Feature","properties":{},"geometry":{"type":"LineString","coordinates":[[85.34561660817131,27.680975497485747],[85.34565163312487,27.680938596946856]]}},{"type":"Feature","properties":{},"geometry":{"type":"LineString","coordinates":[[85.34540654832637,27.68107643021503],[85.34537512604122,27.681079595566878]]}},{"type":"Feature","properties":{},"geometry":{"type":"LineString","coordinates":[[85.3385651925065,27.679241398120134],[85.3385472584701,27.679241290405415]]}},{"type":"Feature","properties":{},"geometry":{"type":"LineString","coordinates":[[85.34595066036192,27.6807432160066],[85.3458863048488,27.680903449038947]]}},{"type":"Feature","properties":{},"geometry":{"type":"LineString","coordinates":[[85.34309830502146,27.680128773363098],[85.34308929659952,27.68009031691789]]}},{"type":"Feature","properties":{},"geometry":{"type":"LineString","coordinates":[[85.34354557151285,27.680526241040692],[85.34352162469382,27.680526767853443]]}},{"type":"Feature","properties":{},"geometry":{"type":"LineString","coordinates":[[85.34861736005251,27.68046329654533],[85.34861701543522,27.680470771023312]]}},{"type":"Feature","properties":{},"geometry":{"type":"LineString","coordinates":[[85.34315075442036,27.682213413890068],[85.34316070854253,27.682201656242228]]}},{"type":"Feature","properties":{},"geometry":{"type":"LineString","coordinates":[[85.33736540516304,27.676841042431604],[85.33734324552908,27.676861448556355]]}},{"type":"Feature","properties":{},"geometry":{"type":"LineString","coordinates":[[85.34706672642925,27.68024426023348],[85.3470653273304,27.68022991906177]]}},{"type":"Feature","properties":{},"geometry":{"type":"LineString","coordinates":[[85.34751157804294,27.683321504139563],[85.34755915960093,27.683409882455674]]}},{"type":"Feature","properties":{},"geometry":{"type":"LineString","coordinates":[[85.34734068722491,27.68340229896003],[85.34736487247724,27.68345944047501]]}},{"type":"Feature","properties":{},"geometry":{"type":"LineString","coordinates":[[85.34734254983854,27.68340154950049],[85.34739751197935,27.683519440174862]]}},{"type":"Feature","properties":{},"geometry":{"type":"LineString","coordinates":[[85.33788483534728,27.680388659340714],[85.33788057756986,27.680378190966636]]}},{"type":"Feature","properties":{},"geometry":{"type":"LineString","coordinates":[[85.34531976917178,27.676996480103142],[85.34537023022654,27.676978007344506]]}},{"type":"Feature","properties":{},"geometry":{"type":"LineString","coordinates":[[85.34362770778927,27.67830386293896],[85.34361613761638,27.67830469753652]]}},{"type":"Feature","properties":{},"geometry":{"type":"LineString","coordinates":[[85.33952735666637,27.676128615742897],[85.33946910373409,27.676161788534262]]}},{"type":"Feature","properties":{},"geometry":{"type":"LineString","coordinates":[[85.34093946591088,27.6760742716447],[85.34095488408775,27.676157376782783]]}},{"type":"Feature","properties":{},"geometry":{"type":"LineString","coordinates":[[85.3466453029835,27.678118143934636],[85.34665537936381,27.678135713337102]]}},{"type":"Feature","properties":{},"geometry":{"type":"LineString","coordinates":[[85.34529199251017,27.678395211799163],[85.34508872931916,27.678336404368565]]}},{"type":"Feature","properties":{},"geometry":{"type":"LineString","coordinates":[[85.34878889801378,27.67892289506313],[85.34878652296338,27.678915389966644]]}},{"type":"Feature","properties":{},"geometry":{"type":"LineString","coordinates":[[85.34539648365015,27.68057637064599],[85.34538315532554,27.680612106983325]]}},{"type":"Feature","properties":{},"geometry":{"type":"LineString","coordinates":[[85.34552421890743,27.680602133750217],[85.34545682392483,27.68079596040377],[85.34525490030947,27.680844644562622]]}},{"type":"Feature","properties":{},"geometry":{"type":"LineString","coordinates":[[85.34387691857489,27.67785239232386],[85.34387603579418,27.67782885393905]]}},{"type":"Feature","properties":{},"geometry":{"type":"LineString","coordinates":[[85.34351497120323,27.679857521797814],[85.34350329572135,27.679859143052237]]}},{"type":"Feature","properties":{},"geometry":{"type":"LineString","coordinates":[[85.34591102924169,27.684638556947608],[85.3459124100256,27.684635067009854]]}},{"type":"Feature","properties":{},"geometry":{"type":"LineString","coordinates":[[85.33920482881261,27.676935986346198],[85.33919773741103,27.676938319267197]]}},{"type":"Feature","properties":{},"geometry":{"type":"LineString","coordinates":[[85.3442272335613,27.67805411102208],[85.34417583421839,27.678050121943603]]}},{"type":"Feature","properties":{},"geometry":{"type":"LineString","coordinates":[[85.34595006920931,27.680742884929362],[85.34587840558224,27.680892373300654]]}}]}