{"type":"FeatureCollection","features":[{"type":"Feature","properties":{},"geometry":{"type":"LineString","coordinates":[[85.34570454928108,27.69915151329034],[85.34569120909224,27.69915297848395]]}},{"type":"Feature","properties":{},"geometry":{"type":"LineString","coordinates":[[85.34554826242842,27.698457116981395],[85.34554044175816,27.698457494657337]]}},{"type":"Feature","properties":{},"geometry":{"type":"LineString","coordinates":[[85.34553388108017,27.69840432171347],[85.34552722274638,27.698407437186756]]}},{"type":"Feature","properties":{},"geometry":{"type":"LineString","coordinates":[[85.34551830438171,27.69829827410965],[85.34550411840611,27.69830123193369]]}},{"type":"Feature","properties":{},"geometry":{"type":"LineString","coordinates":[[85.34551719573908,27.698290497994265],[85.34550479295842,27.698290393100883]]}},{"type":"Feature","properties":{},"geometry":{"type":"LineString","coordinates":[[85.34556751063901,27.698234174272848],[85.34558303184944,27.698232440014873]]}},{"type":"Feature","properties":{},"geometry":{"type":"LineString","coordinates":[[85.34551315593295,27.698078537257047],[85.34549463808706,27.69807786920065]]}},{"type":"Feature","properties":{},"geometry":{"type":"LineString","coordinates":[[85.34551930013725,27.69789767747903],[85.34550007912303,27.69789529429171]]}},{"type":"Feature","properties":{},"geometry":{"type":"LineString","coordinates":[[85.34552832044815,27.697824351669183],[85.3455057852159,27.697820318721803]]}},{"type":"Feature","properties":{},"geometry":{"type":"LineString","coordinates":[[85.34553383442675,27.69776076674088],[85.34552141400394,27.69776203713246]]}},{"type":"Feature","properties":{},"geometry":{"type":"LineString","coordinates":[[85.34570512093826,27.698082610067523],[85.34570653898554,27.6980950172737]]}},{"type":"Feature","properties":{},"geometry":{"type":"LineString","coordinates":[[85.34572173444897,27.69808112892421],[85.34572078734334,27.69808832450186]]}},{"type":"Feature","properties":{},"geometry":{"type":"LineString","coordinates":[[85.34572904963143,27.6980795059905],[85.34572688098888,27.698059382004068]]}},{"type":"Feature","properties":{},"geometry":{"type":"LineString","coordinates":[[85.3457114319842,27.69803400893015],[85.34574674266014,27.698004698002922]]}},{"type":"Feature","properties":{},"geometry":{"type":"LineString","coordinates":[[85.34582729004957,27.69808539382963],[85.34582691139123,27.698068949282483]]}},{"type":"Feature","properties":{},"geometry":{"type":"LineString","coordinates":[[85.34594214403451,27.69807937502735],[85.3459425617276,27.698063040177516]]}},{"type":"Feature","properties":{},"geometry":{"type":"LineString","coordinates":[[85.34598847300194,27.698069555459035],[85.34598758767973,27.698074134370174]]}},{"type":"Feature","properties":{},"geometry":{"type":"LineString","coordinates":[[85.3460291058818,27.698066890968164],[85.34605561515347,27.69805437604375]]}},{"type":"Feature","properties":{},"geometry":{"type":"LineString","coordinates":[[85.34602466923343,27.698067319027427],[85.346054329739,27.698070425249465]]}},{"type":"Feature","properties":{},"geometry":{"type":"LineString","coordinates":[[85.34557263398492,27.697931140701822],[85.34559504235904,27.697929602462068]]}},{"type":"Feature","properties":{},"geometry":{"type":"LineString","coordinates":[[85.34565889769209,27.69771315682001],[85.34565683476116,27.697693420388457]]}},{"type":"Feature","properties":{},"geometry":{"type":"LineString","coordinates":[[85.3457599211394,27.697699954634246],[85.34576033972297,27.69770917922603]]}},{"type":"Feature","properties":{},"geometry":{"type":"LineString","coordinates":[[85.3457672384316,27.697698996905228],[85.34576757955833,27.697706902842498]]}},{"type":"Feature","properties":{},"geometry":{"type":"LineString","coordinates":[[85.34582135151754,27.697685158357064],[85.34581596632356,27.69766699238972]]}},{"type":"Feature","properties":{},"geometry":{"type":"LineString","coordinates":[[85.34587120277784,27.697673939527196],[85.34587187168184,27.697678803260292]]}},{"type":"Feature","properties":{},"geometry":{"type":"LineString","coordinates":[[85.34588906079372,27.697668936120547],[85.34588797988664,27.697650443410012]]}},{"type":"Feature","properties":{},"geometry":{"type":"LineString","coordinates":[[85.34603538092011,27.697652490487464],[85.346032021051,27.69763402921819]]}},{"type":"Feature","properties":{},"geometry":{"type":"LineString","coordinates":[[85.3460719402073,27.697647619307578],[85.3460791289137,27.697628692878894]]}},{"type":"Feature","properties":{},"geometry":{"type":"LineString","coordinates":[[85.34608160015111,27.697645833925577],[85.34608099426352,27.69765037465842]]}},{"type":"Feature","properties":{},"geometry":{"type":"LineString","coordinates":[[85.34608860446298,27.697646265081666],[85.34615100128516,27.69764181444665]]}},{"type":"Feature","properties":{},"geometry":{"type":"LineString","coordinates":[[85.34608696717115,27.697646243717685],[85.34609838258349,27.69764867979247]]}},{"type":"Feature","properties":{},"geometry":{"type":"LineString","coordinates":[[85.34608395958254,27.697646113021204],[85.34611843756451,27.697625072075727]]}},{"type":"Feature","properties":{},"geometry":{"type":"LineString","coordinates":[[85.34575163574237,27.697479082771952],[85.34575386631285,27.697486359640884]]}},{"type":"Feature","properties":{},"geometry":{"type":"LineString","coordinates":[[85.34586786680269,27.697440472986873],[85.3458702542976,27.69744783386145]]}},{"type":"Feature","properties":{},"geometry":{"type":"LineString","coordinates":[[85.34594766791803,27.697384573587094],[85.34595029062594,27.697387969642165]]}},{"type":"Feature","properties":{},"geometry":{"type":"LineString","coordinates":[[85.34593435092104,27.69738949135833],[85.34594116472375,27.69736362071805]]}},{"type":"Feature","properties":{},"geometry":{"type":"LineString","coordinates":[[85.34604759324498,27.697328778259205],[85.34606376550599,27.697357629355793]]}},{"type":"Feature","properties":{},"geometry":{"type":"LineString","coordinates":[[85.34605194144959,27.697313904663417],[85.34605894408038,27.69731458039248]]}},{"type":"Feature","properties":{},"geometry":{"type":"LineString","coordinates":[[85.3460559000965,27.697302943499228],[85.34606192137797,27.697302933296896]]}},{"type":"Feature","properties":{},"geometry":{"type":"LineString","coordinates":[[85.34603554674167,27.69719093164768],[85.34604090495152,27.697189436043587]]}},{"type":"Feature","properties":{},"geometry":{"type":"LineString","coordinates":[[85.34601996075475,27.69714263570242],[85.34599775515014,27.697148221687016]]}},{"type":"Feature","properties":{},"geometry":{"type":"LineString","coordinates":[[85.34599572856823,27.697063867319137],[85.34597279888973,27.69706871989911]]}},{"type":"Feature","properties":{},"geometry":{"type":"LineString","coordinates":[[85.34593537209325,27.69699476153454],[85.34594226885787,27.69697683616586]]}},{"type":"Feature","properties":{},"geometry":{"type":"LineString","coordinates":[[85.346099679696,27.697007026139],[85.34609261422463,27.696988461035676]]}},{"type":"Feature","properties":{},"geometry":{"type":"LineString","coordinates":[[85.34623899337696,27.696966760287197],[85.34623157598777,27.69694799603496]]}},{"type":"Feature","properties":{},"geometry":{"type":"LineString","coordinates":[[85.34625979512936,27.696961270313277],[85.34626338928517,27.69696708507845]]}},{"type":"Feature","properties":{},"geometry":{"type":"LineString","coordinates":[[85.34632067975521,27.696947398715068],[85.34632222317842,27.69695283879377]]}},{"type":"Feature","properties":{},"geometry":{"type":"LineString","coordinates":[[85.3463532056654,27.69693731215414],[85.34634595105702,27.696920730422985]]}},{"type":"Feature","properties":{},"geometry":{"type":"LineString","coordinates":[[85.34641494727572,27.69691878725063],[85.34640767430723,27.69690328836841]]}},{"type":"Feature","properties":{},"geometry":{"type":"LineString","coordinates":[[85.3464546239778,27.69690802070294],[85.3464584425497,27.696915092694166]]}},{"type":"Feature","properties":{},"geometry":{"type":"LineString","coordinates":[[85.34648330780095,27.69690372143366],[85.34647979436276,27.69688501735572]]}},{"type":"Feature","properties":{},"geometry":{"type":"LineString","coordinates":[[85.34656126897663,27.696888846952874],[85.34656159023231,27.696893769711057]]}},{"type":"Feature","properties":{},"geometry":{"type":"LineString","coordinates":[[85.34656977206801,27.696887385274188],[85.34656241662182,27.696870158827835]]}},{"type":"Feature","properties":{},"geometry":{"type":"LineString","coordinates":[[85.34657441904415,27.696886050835243],[85.34657028101316,27.696868218388143]]}},{"type":"Feature","properties":{},"geometry":{"type":"LineString","coordinates":[[85.34662201912768,27.69687568482639],[85.34662417913172,27.696881793837704]]}},{"type":"Feature","properties":{},"geometry":{"type":"LineString","coordinates":[[85.34666398808852,27.696865748864557],[85.34665891545123,27.696849712173073]]}},{"type":"Feature","properties":{},"geometry":{"type":"LineString","coordinates":[[85.34674071072693,27.69685251567845],[85.3467422281795,27.69686129489462]]}},{"type":"Feature","properties":{},"geometry":{"type":"LineString","coordinates":[[85.34680827431498,27.69683865140998],[85.34680329665422,27.696821626657442]]}},{"type":"Feature","properties":{},"geometry":{"type":"LineString","coordinates":[[85.34689248721513,27.696789696016495],[85.34687641489967,27.69677324459535]]}},{"type":"Feature","properties":{},"geometry":{"type":"LineString","coordinates":[[85.34672308551708,27.697129020292316],[85.34667288171286,27.697085948386363]]}},{"type":"Feature","properties":{},"geometry":{"type":"LineString","coordinates":[[85.34652418016725,27.69736160336769],[85.34644465503408,27.697341569093677]]}},{"type":"Feature","properties":{},"geometry":{"type":"LineString","coordinates":[[85.34634359561768,27.697278757335567],[85.34634786278184,27.69729125091619]]}},{"type":"Feature","properties":{},"geometry":{"type":"LineString","coordinates":[[85.34630462395363,27.697290099071534],[85.34630140598162,27.697284687729532]]}},{"type":"Feature","properties":{},"geometry":{"type":"LineString","coordinates":[[85.34625404468122,27.69730724817665],[85.34624684980605,27.69730136603305]]}},{"type":"Feature","properties":{},"geometry":{"type":"LineString","coordinates":[[85.34625937499827,27.69730598870029],[85.34626141667977,27.69731241219723]]}},{"type":"Feature","properties":{},"geometry":{"type":"LineString","coordinates":[[85.34640835465477,27.69882376141843],[85.34637735830698,27.698833311170795]]}},{"type":"Feature","properties":{},"geometry":{"type":"LineString","coordinates":[[85.34641179714087,27.698828273788397],[85.34630630441345,27.698851533445588]]}},{"type":"Feature","properties":{},"geometry":{"type":"LineString","coordinates":[[85.34641336034534,27.698831260057187],[85.34631165152621,27.698866315265075]]}},{"type":"Feature","properties":{},"geometry":{"type":"LineString","coordinates":[[85.34645881196512,27.698976109595577],[85.34641886368694,27.698972823716357]]}},{"type":"Feature","properties":{},"geometry":{"type":"LineString","coordinates":[[85.34645450932989,27.69898056014684],[85.34642075643517,27.698977021538557]]}},{"type":"Feature","properties":{},"geometry":{"type":"LineString","coordinates":[[85.34635494224482,27.69903940701718],[85.34635131298714,27.69902824871401]]}},{"type":"Feature","properties":{},"geometry":{"type":"LineString","coordinates":[[85.34632132428548,27.699057182908785],[85.34631562367088,27.69903699417834]]}},{"type":"Feature","properties":{},"geometry":{"type":"LineString","coordinates":[[85.34626873524114,27.699082347033034],[85.3462570345915,27.699061022518865]]}},{"type":"Feature","properties":{},"geometry":{"type":"LineString","coordinates":[[85.34626459923149,27.69908495926048],[85.34621919593843,27.699011838023555]]}},{"type":"Feature","properties":{},"geometry":{"type":"LineString","coordinates":[[85.3462596227943,27.69908742426065],[85.34617487958643,27.69894793941904]]}},{"type":"Feature","properties":{},"geometry":{"type":"LineString","coordinates":[[85.34581213899148,27.69696592199129],[85.34583453102843,27.696975943425656]]}},{"type":"Feature","properties":{},"geometry":{"type":"LineString","coordinates":[[85.34576193598012,27.69691206876669],[85.34576878903201,27.696904641395683]]}},{"type":"Feature","properties":{},"geometry":{"type":"LineString","coordinates":[[85.34562615605958,27.696964566256682],[85.34507232168338,27.697008651960616]]}},{"type":"Feature","properties":{},"geometry":{"type":"LineString","coordinates":[[85.34566919065529,27.696810828541953],[85.34569024817537,27.69681083555716]]}},{"type":"Feature","properties":{},"geometry":{"type":"LineString","coordinates":[[85.34566975089108,27.69679566690988],[85.34570164089874,27.6967957419827]]}},{"type":"Feature","properties":{},"geometry":{"type":"LineString","coordinates":[[85.34581779291712,27.696707995312913],[85.34582011387901,27.696720036039956]]}},{"type":"Feature","properties":{},"geometry":{"type":"LineString","coordinates":[[85.34585258521547,27.696702673453757],[85.3458503575809,27.69665519324335]]}},{"type":"Feature","properties":{},"geometry":{"type":"LineString","coordinates":[[85.34594278496914,27.696692724561736],[85.34594200539871,27.696711271764848]]}},{"type":"Feature","properties":{},"geometry":{"type":"LineString","coordinates":[[85.34595208058023,27.696691962842753],[85.34595499468436,27.696709387169996]]}},{"type":"Feature","properties":{},"geometry":{"type":"LineString","coordinates":[[85.34595348457796,27.696691114066144],[85.34594830137182,27.69663487445702]]}},{"type":"Feature","properties":{},"geometry":{"type":"LineString","coordinates":[[85.34605424823043,27.696683174031033],[85.34604902527248,27.696627751663367]]}},{"type":"Feature","properties":{},"geometry":{"type":"LineString","coordinates":[[85.3461559428195,27.696672066245732],[85.346160553242,27.69669474474509]]}},{"type":"Feature","properties":{},"geometry":{"type":"LineString","coordinates":[[85.34615678775468,27.696536462129924],[85.34613252656871,27.696538170582063]]}},{"type":"Feature","properties":{},"geometry":{"type":"LineString","coordinates":[[85.34614619538347,27.696493769333777],[85.34615463108415,27.69649126081424]]}},{"type":"Feature","properties":{},"geometry":{"type":"LineString","coordinates":[[85.3461348385046,27.69644199492806],[85.34611334837501,27.696444994639045]]}},{"type":"Feature","properties":{},"geometry":{"type":"LineString","coordinates":[[85.34613517515538,27.69642840918812],[85.3461551309865,27.69642716647085]]}},{"type":"Feature","properties":{},"geometry":{"type":"LineString","coordinates":[[85.346133944603,27.69640026818676],[85.34615103640864,27.696401614984193]]}},{"type":"Feature","properties":{},"geometry":{"type":"LineString","coordinates":[[85.34603142944428,27.696409324583772],[85.34603032416945,27.69640347546378]]}},{"type":"Feature","properties":{},"geometry":{"type":"LineString","coordinates":[[85.34599125316265,27.69641160645158],[85.34599084241563,27.69642754967995]]}},{"type":"Feature","properties":{},"geometry":{"type":"LineString","coordinates":[[85.34596890915336,27.69641595789408],[85.3459659825911,27.69640944710485]]}},{"type":"Feature","properties":{},"geometry":{"type":"LineString","coordinates":[[85.34596027592625,27.69641448558311],[85.3459393700171,27.696411960490956]]}},{"type":"Feature","properties":{},"geometry":{"type":"LineString","coordinates":[[85.34627519299464,27.6966544792435],[85.34627956023161,27.69667620625037]]}},{"type":"Feature","properties":{},"geometry":{"type":"LineString","coordinates":[[85.3463900325199,27.696632435896127],[85.34638915650339,27.696647229131123]]}},{"type":"Feature","properties":{},"geometry":{"type":"LineString","coordinates":[[85.34637847213966,27.696633636313678],[85.3463639725571,27.696572190523117]]}},{"type":"Feature","properties":{},"geometry":{"type":"LineString","coordinates":[[85.34644011871312,27.696619184388318],[85.34644350128632,27.696631635812494]]}},{"type":"Feature","properties":{},"geometry":{"type":"LineString","coordinates":[[85.34649870771308,27.696606573232856],[85.3465029559106,27.69662019026331]]}},{"type":"Feature","properties":{},"geometry":{"type":"LineString","coordinates":[[85.34648766768535,27.696608704089794],[85.34647370629747,27.696555409387553]]}},{"type":"Feature","properties":{},"geometry":{"type":"LineString","coordinates":[[85.34649226394323,27.6966079755641],[85.34648073052641,27.696554783868304]]}},{"type":"Feature","properties":{},"geometry":{"type":"LineString","coordinates":[[85.34661140278388,27.696584918360674],[85.34661519883014,27.696598732160837]]}},{"type":"Feature","properties":{},"geometry":{"type":"LineString","coordinates":[[85.34663121790597,27.696580970744446],[85.34663486499355,27.696594912733207]]}},{"type":"Feature","properties":{},"geometry":{"type":"LineString","coordinates":[[85.3466636776602,27.69657338068396],[85.34665179079866,27.696517598057856]]}},{"type":"Feature","properties":{},"geometry":{"type":"LineString","coordinates":[[85.34670643927394,27.69656520512619],[85.34669518175478,27.696507627616757]]}},{"type":"Feature","properties":{},"geometry":{"type":"LineString","coordinates":[[85.34674855746425,27.696553634584884],[85.34675310718026,27.696569517010683]]}},{"type":"Feature","properties":{},"geometry":{"type":"LineString","coordinates":[[85.34684094866746,27.696527579008055],[85.34684690578325,27.696540032282417]]}},{"type":"Feature","properties":{},"geometry":{"type":"LineString","coordinates":[[85.34679243025529,27.696321086376486],[85.34677723103185,27.696325763342106]]}},{"type":"Feature","properties":{},"geometry":{"type":"LineString","coordinates":[[85.34679709022402,27.6963363139605],[85.3468570728414,27.696321712908162]]}},{"type":"Feature","properties":{},"geometry":{"type":"LineString","coordinates":[[85.34701625889642,27.69642791721091],[85.34700522917062,27.69640870823194]]}},{"type":"Feature","properties":{},"geometry":{"type":"LineString","coordinates":[[85.3471418486533,27.696364671788523],[85.34714444754584,27.696368370795874]]}},{"type":"Feature","properties":{},"geometry":{"type":"LineString","coordinates":[[85.34566835701334,27.696596762502967],[85.34569210469017,27.696594612966123]]}},{"type":"Feature","properties":{},"geometry":{"type":"LineString","coordinates":[[85.34567227569653,27.69640093248927],[85.34569170908414,27.696402260388894]]}},{"type":"Feature","properties":{},"geometry":{"type":"LineString","coordinates":[[85.3456778384007,27.696360325347186],[85.3456956087296,27.696360046684603]]}},{"type":"Feature","properties":{},"geometry":{"type":"LineString","coordinates":[[85.3457039000411,27.696163854634957],[85.3457257407282,27.696163896269802]]}},{"type":"Feature","properties":{},"geometry":{"type":"LineString","coordinates":[[85.34567173538419,27.696087267661717],[85.3456326629412,27.69608333048073]]}},{"type":"Feature","properties":{},"geometry":{"type":"LineString","coordinates":[[85.34678011661889,27.695543427362008],[85.34678286725351,27.69554015053737]]}},{"type":"Feature","properties":{},"geometry":{"type":"LineString","coordinates":[[85.34676258011321,27.695530285264866],[85.3467362528501,27.69555431821874]]}},{"type":"Feature","properties":{},"geometry":{"type":"LineString","coordinates":[[85.34662668191443,27.695715438073766],[85.34662822897494,27.695737388624448]]}},{"type":"Feature","properties":{},"geometry":{"type":"LineString","coordinates":[[85.34661084847302,27.695716115451482],[85.34660953324592,27.695711883010613]]}},{"type":"Feature","properties":{},"geometry":{"type":"LineString","coordinates":[[85.34650281865174,27.695720749735642],[85.34650253639889,27.695715661372496]]}},{"type":"Feature","properties":{},"geometry":{"type":"LineString","coordinates":[[85.34644182184459,27.69572320819913],[85.34644133216806,27.695719435990917]]}},{"type":"Feature","properties":{},"geometry":{"type":"LineString","coordinates":[[85.34643242546841,27.695722924494806],[85.34642848080641,27.69574635102278]]}},{"type":"Feature","properties":{},"geometry":{"type":"LineString","coordinates":[[85.3464030203857,27.6957270635207],[85.34640507123397,27.69574787835771]]}},{"type":"Feature","properties":{},"geometry":{"type":"LineString","coordinates":[[85.3463995274288,27.69572704888077],[85.346376391672,27.69573395509592]]}},{"type":"Feature","properties":{},"geometry":{"type":"LineString","coordinates":[[85.3468349677987,27.695736819225232],[85.34681573763362,27.695735469546946]]}},{"type":"Feature","properties":{},"geometry":{"type":"LineString","coordinates":[[85.34680232001384,27.695834682409046],[85.34677094639919,27.695826533193262]]}},{"type":"Feature","properties":{},"geometry":{"type":"LineString","coordinates":[[85.34677302163594,27.69598695817231],[85.34674806383303,27.695984840612848]]}},{"type":"Feature","properties":{},"geometry":{"type":"LineString","coordinates":[[85.34663954847359,27.696012522246452],[85.34663967046934,27.696007253687185]]}},{"type":"Feature","properties":{},"geometry":{"type":"LineString","coordinates":[[85.34654562721946,27.69602319524489],[85.34654384321598,27.696016561825616]]}},{"type":"Feature","properties":{},"geometry":{"type":"LineString","coordinates":[[85.34648972671627,27.69602981308464],[85.34649004425052,27.69603430979319]]}},{"type":"Feature","properties":{},"geometry":{"type":"LineString","coordinates":[[85.34643792677404,27.696035960002742],[85.34643687061022,27.6960320312051]]}},{"type":"Feature","properties":{},"geometry":{"type":"LineString","coordinates":[[85.34641942005487,27.69603935190372],[85.34641579264692,27.696044018110886]]}},{"type":"Feature","properties":{},"geometry":{"type":"LineString","coordinates":[[85.34640755011013,27.69604138349158],[85.34638739372537,27.696046181722178]]}},{"type":"Feature","properties":{},"geometry":{"type":"LineString","coordinates":[[85.34676927011853,27.696016277088717],[85.3467439556922,27.696017705017262]]}},{"type":"Feature","properties":{},"geometry":{"type":"LineString","coordinates":[[85.34611604864577,27.695023154334468],[85.34612720533669,27.695028542272272]]}},{"type":"Feature","properties":{},"geometry":{"type":"LineString","coordinates":[[85.34611771260815,27.69501871378578],[85.3461315459392,27.695021159778175]]}},{"type":"Feature","properties":{},"geometry":{"type":"LineString","coordinates":[[85.34612564790224,27.694961888066622],[85.34613721503467,27.694961035228605]]}},{"type":"Feature","properties":{},"geometry":{"type":"LineString","coordinates":[[85.34603143143467,27.694766967027057],[85.34604109743124,27.694763418119905]]}},{"type":"Feature","properties":{},"geometry":{"type":"LineString","coordinates":[[85.34596594067679,27.694673023015376],[85.34597753594772,27.6946643164962]]}},{"type":"Feature","properties":{},"geometry":{"type":"LineString","coordinates":[[85.34599690717344,27.694505381499816],[85.34603077174803,27.69453908307274]]}},{"type":"Feature","properties":{},"geometry":{"type":"LineString","coordinates":[[85.34605710485236,27.694469930710305],[85.34607266863145,27.69450844811523]]}},{"type":"Feature","properties":{},"geometry":{"type":"LineString","coordinates":[[85.3464058772749,27.694382469970456],[85.34640546029199,27.69436365033539]]}},{"type":"Feature","properties":{},"geometry":{"type":"LineString","coordinates":[[85.34656816019707,27.694377781403944],[85.34656650397335,27.694352916099348]]}},{"type":"Feature","properties":{},"geometry":{"type":"LineString","coordinates":[[85.34659764407829,27.694176378195984],[85.34661210258518,27.694158932977796]]}},{"type":"Feature","properties":{},"geometry":{"type":"LineString","coordinates":[[85.3465298149906,27.694182334672405],[85.34652936341698,27.69418807674852]]}},{"type":"Feature","properties":{},"geometry":{"type":"LineString","coordinates":[[85.34638676703145,27.694188929868837],[85.34638639276035,27.694184834118502]]}},{"type":"Feature","properties":{},"geometry":{"type":"LineString","coordinates":[[85.34635644144886,27.694193218560088],[85.34636078343289,27.694209083174503]]}},{"type":"Feature","properties":{},"geometry":{"type":"LineString","coordinates":[[85.3462929350227,27.694203135509138],[85.34629211412269,27.694198870159447]]}},{"type":"Feature","properties":{},"geometry":{"type":"LineString","coordinates":[[85.3462451007622,27.694210009370767],[85.34625040529954,27.694226055164886]]}},{"type":"Feature","properties":{},"geometry":{"type":"LineString","coordinates":[[85.34614996279107,27.6942377972031],[85.3461492084023,27.694221990778377]]}},{"type":"Feature","properties":{},"geometry":{"type":"LineString","coordinates":[[85.34605362071694,27.69425472097615],[85.34605324159375,27.69426049821236]]}},{"type":"Feature","properties":{},"geometry":{"type":"LineString","coordinates":[[85.34604979816619,27.694255654586946],[85.34603182497395,27.69426120631435]]}},{"type":"Feature","properties":{},"geometry":{"type":"LineString","coordinates":[[85.34573508400699,27.694222292931283],[85.34577480828148,27.694212815059732]]}},{"type":"Feature","properties":{},"geometry":{"type":"LineString","coordinates":[[85.34576969613583,27.694367188286442],[85.34580684191444,27.694354214694656]]}},{"type":"Feature","properties":{},"geometry":{"type":"LineString","coordinates":[[85.34578193900997,27.694395957266185],[85.34580496822636,27.69439421699341]]}},{"type":"Feature","properties":{},"geometry":{"type":"LineString","coordinates":[[85.3457337957709,27.69364571214005],[85.34572264256839,27.693644608642977]]}},{"type":"Feature","properties":{},"geometry":{"type":"LineString","coordinates":[[85.34570928326431,27.693796262326693],[85.34568599575228,27.69379409324536]]}},{"type":"Feature","properties":{},"geometry":{"type":"LineString","coordinates":[[85.3456939024876,27.693918099429474],[85.34568325144957,27.693918322365406]]}},{"type":"Feature","properties":{},"geometry":{"type":"LineString","coordinates":[[85.34569281792685,27.694038033264608],[85.34567049197123,27.69403711758254]]}},{"type":"Feature","properties":{},"geometry":{"type":"LineString","coordinates":[[85.34569700169837,27.69430537658185],[85.34568537438523,27.694308678199146]]}},{"type":"Feature","properties":{},"geometry":{"type":"LineString","coordinates":[[85.34572285118357,27.694388937953835],[85.34569071700265,27.69440442905592]]}},{"type":"Feature","properties":{},"geometry":{"type":"LineString","coordinates":[[85.34572551269002,27.69439533727447],[85.34569022713143,27.694405580277905]]}},{"type":"Feature","properties":{},"geometry":{"type":"LineString","coordinates":[[85.34572807184377,27.694399312013307],[85.34569669165377,27.69440884533718]]}},{"type":"Feature","properties":{},"geometry":{"type":"LineString","coordinates":[[85.3457787257845,27.694526004060616],[85.34575586907776,27.6945428632746]]}},{"type":"Feature","properties":{},"geometry":{"type":"LineString","coordinates":[[85.34591023450133,27.694687778590698],[85.34590100333094,27.69469571007286]]}},{"type":"Feature","properties":{},"geometry":{"type":"LineString","coordinates":[[85.34592250993286,27.694699866935196],[85.34590842258812,27.694708420028388]]}},{"type":"Feature","properties":{},"geometry":{"type":"LineString","coordinates":[[85.34601214672905,27.69481787088891],[85.3460002160943,27.69482602104085]]}},{"type":"Feature","properties":{},"geometry":{"type":"LineString","coordinates":[[85.34603318110835,27.695075690459994],[85.34602344391507,27.69507245942813]]}},{"type":"Feature","properties":{},"geometry":{"type":"LineString","coordinates":[[85.34590752152147,27.695174225763715],[85.34590537767053,27.695151583039763]]}},{"type":"Feature","properties":{},"geometry":{"type":"LineString","coordinates":[[85.34620159896774,27.69516594946885],[85.34619634525794,27.695185675225094]]}},{"type":"Feature","properties":{},"geometry":{"type":"LineString","coordinates":[[85.34572215559164,27.695211028600234],[85.34571934022394,27.69517038542914]]}},{"type":"Feature","properties":{},"geometry":{"type":"LineString","coordinates":[[85.34571720227399,27.695211501023376],[85.34571528386284,27.695220306889773]]}},{"type":"Feature","properties":{},"geometry":{"type":"LineString","coordinates":[[85.34567474652638,27.695222824445214],[85.34566962899484,27.695178916304446]]}},{"type":"Feature","properties":{},"geometry":{"type":"LineString","coordinates":[[85.34559979806465,27.695226733225862],[85.34560114871984,27.695240245260138]]}},{"type":"Feature","properties":{},"geometry":{"type":"LineString","coordinates":[[85.34599597220168,27.695224716220135],[85.34600601315016,27.695229927477197]]}},{"type":"Feature","properties":{},"geometry":{"type":"LineString","coordinates":[[85.34591254246571,27.69538627683503],[85.34591926444477,27.6953879384143]]}},{"type":"Feature","properties":{},"geometry":{"type":"LineString","coordinates":[[85.34583583309312,27.695455515059045],[85.34583154274625,27.695453174021377]]}},{"type":"Feature","properties":{},"geometry":{"type":"LineString","coordinates":[[85.34603278677768,27.695627086969562],[85.34604111856275,27.695637249980333]]}},{"type":"Feature","properties":{},"geometry":{"type":"LineString","coordinates":[[85.34603323020791,27.69562881434053],[85.34603180129581,27.695656334207374]]}},{"type":"Feature","properties":{},"geometry":{"type":"LineString","coordinates":[[85.34581432845413,27.695536012390715],[85.34582048913796,27.69554127568156]]}},{"type":"Feature","properties":{},"geometry":{"type":"LineString","coordinates":[[85.34577839337824,27.69554781538081],[85.34577282358623,27.695546267743833]]}},{"type":"Feature","properties":{},"geometry":{"type":"LineString","coordinates":[[85.34574960009178,27.695595167758842],[85.34573093858697,27.69558623514537]]}},{"type":"Feature","properties":{},"geometry":{"type":"LineString","coordinates":[[85.34571149578899,27.695670934112606],[85.34570151472424,27.69566975164926]]}},{"type":"Feature","properties":{},"geometry":{"type":"LineString","coordinates":[[85.34574295641418,27.695674918413605],[85.345754819987,27.69567909006189]]}},{"type":"Feature","properties":{},"geometry":{"type":"LineString","coordinates":[[85.34569670350542,27.695730996558495],[85.34569141232987,27.695731547978166]]}},{"type":"Feature","properties":{},"geometry":{"type":"LineString","coordinates":[[85.34573576104536,27.69571069905251],[85.34575056122456,27.695711300082692]]}},{"type":"Feature","properties":{},"geometry":{"type":"LineString","coordinates":[[85.345734979868,27.69587922820598],[85.34575632012884,27.69588084783804]]}},{"type":"Feature","properties":{},"geometry":{"type":"LineString","coordinates":[[85.34584047016344,27.695988010758203],[85.34584045323876,27.69599370567399]]}},{"type":"Feature","properties":{},"geometry":{"type":"LineString","coordinates":[[85.34588965935002,27.695984603715864],[85.34588885890474,27.695958068982687]]}},{"type":"Feature","properties":{},"geometry":{"type":"LineString","coordinates":[[85.34602359429712,27.695971326041395],[85.34602280246986,27.69595746598243]]}},{"type":"Feature","properties":{},"geometry":{"type":"LineString","coordinates":[[85.3461398528258,27.69595949869508],[85.34614109142434,27.695968005624835]]}},{"type":"Feature","properties":{},"geometry":{"type":"LineString","coordinates":[[85.34616673313577,27.695951527107738],[85.34619540698185,27.69596206486354]]}},{"type":"Feature","properties":{},"geometry":{"type":"LineString","coordinates":[[85.34616863787156,27.695948334960498],[85.34623695550269,27.695953495881042]]}},{"type":"Feature","properties":{},"geometry":{"type":"LineString","coordinates":[[85.34616930064777,27.695944660455083],[85.34619740611191,27.695942186514102]]}},{"type":"Feature","properties":{},"geometry":{"type":"LineString","coordinates":[[85.34615528398737,27.695828530124867],[85.34614081324705,27.695831970198636]]}},{"type":"Feature","properties":{},"geometry":{"type":"LineString","coordinates":[[85.34615345578003,27.695820795056793],[85.34616213045663,27.695818977135964]]}},{"type":"Feature","properties":{},"geometry":{"type":"LineString","coordinates":[[85.34614179122306,27.695757350554977],[85.34614501206552,27.695730419797744]]}},{"type":"Feature","properties":{},"geometry":{"type":"LineString","coordinates":[[85.34778266871177,27.69397714797116],[85.34775512233638,27.693981516166122]]}},{"type":"Feature","properties":{},"geometry":{"type":"LineString","coordinates":[[85.34770696830378,27.693762015075446],[85.34768741801251,27.69376746787654]]}},{"type":"Feature","properties":{},"geometry":{"type":"LineString","coordinates":[[85.34753776916207,27.693361035874016],[85.34751696828097,27.693370220234772]]}},{"type":"Feature","properties":{},"geometry":{"type":"LineString","coordinates":[[85.34745098318822,27.693516926478097],[85.34744181125855,27.693493609613842]]}},{"type":"Feature","properties":{},"geometry":{"type":"LineString","coordinates":[[85.3474286272586,27.69352534314427],[85.34743441743093,27.69353440169828]]}},{"type":"Feature","properties":{},"geometry":{"type":"LineString","coordinates":[[85.34741501685934,27.693530051793175],[85.34740627402311,27.693509146259874]]}},{"type":"Feature","properties":{},"geometry":{"type":"LineString","coordinates":[[85.3473396213066,27.693554093125336],[85.34734241317383,27.69356012302372]]}},{"type":"Feature","properties":{},"geometry":{"type":"LineString","coordinates":[[85.34732521102055,27.693559331043346],[85.34731598508488,27.693541754679565]]}},{"type":"Feature","properties":{},"geometry":{"type":"LineString","coordinates":[[85.34718957517073,27.69360797715345],[85.34719177988183,27.693612194033342]]}},{"type":"Feature","properties":{},"geometry":{"type":"LineString","coordinates":[[85.34714715813178,27.693748491429595],[85.34717083156329,27.6937581596887]]}},{"type":"Feature","properties":{},"geometry":{"type":"LineString","coordinates":[[85.34714331398025,27.6937327564286],[85.34713480226439,27.693733865149195]]}},{"type":"Feature","properties":{},"geometry":{"type":"LineString","coordinates":[[85.34711757770383,27.693635223280886],[85.3471072437013,27.693633653125044]]}},{"type":"Feature","properties":{},"geometry":{"type":"LineString","coordinates":[[85.3470985871221,27.693559646782166],[85.34712013046995,27.693556238676116]]}},{"type":"Feature","properties":{},"geometry":{"type":"LineString","coordinates":[[85.34707728219423,27.69347676806024],[85.34707054171845,27.693477955685236]]}},{"type":"Feature","properties":{},"geometry":{"type":"LineString","coordinates":[[85.3470777814029,27.693477755096815],[85.34709145055633,27.693463090196115]]}},{"type":"Feature","properties":{},"geometry":{"type":"LineString","coordinates":[[85.34707822496352,27.693479339863043],[85.34709831205306,27.693462484357603]]}},{"type":"Feature","properties":{},"geometry":{"type":"LineString","coordinates":[[85.34824400756337,27.693013268980863],[85.34822975002677,27.692996380870117]]}},{"type":"Feature","properties":{},"geometry":{"type":"LineString","coordinates":[[85.3482406142299,27.693013781768308],[85.34824112241222,27.693017204002366]]}},{"type":"Feature","properties":{},"geometry":{"type":"LineString","coordinates":[[85.34819628253227,27.693028081913095],[85.34819788231543,27.693032139029906]]}},{"type":"Feature","properties":{},"geometry":{"type":"LineString","coordinates":[[85.3481225178924,27.693055089086055],[85.34812423650877,27.693059402141866]]}},{"type":"Feature","properties":{},"geometry":{"type":"LineString","coordinates":[[85.34805219822398,27.693080104763748],[85.34804442888127,27.69306188063947]]}},{"type":"Feature","properties":{},"geometry":{"type":"LineString","coordinates":[[85.34795602188207,27.693112637063358],[85.34794850549767,27.693093910521323]]}},{"type":"Feature","properties":{},"geometry":{"type":"LineString","coordinates":[[85.34793070931809,27.693121258618802],[85.34792292778852,27.693104383663027]]}},{"type":"Feature","properties":{},"geometry":{"type":"LineString","coordinates":[[85.3478340405893,27.69315699173502],[85.34782772073012,27.693139744311082]]}},{"type":"Feature","properties":{},"geometry":{"type":"LineString","coordinates":[[85.34770627277756,27.693203281820963],[85.34771082614927,27.69320996903379]]}},{"type":"Feature","properties":{},"geometry":{"type":"LineString","coordinates":[[85.34743889206376,27.69320085901014],[85.3475086140092,27.69317077408638]]}},{"type":"Feature","properties":{},"geometry":{"type":"LineString","coordinates":[[85.34738541974902,27.6931055463974],[85.34744485161872,27.69307938935702]]}},{"type":"Feature","properties":{},"geometry":{"type":"LineString","coordinates":[[85.34736408141302,27.69306290682865],[85.34742379975278,27.69303664581167]]}},{"type":"Feature","properties":{},"geometry":{"type":"LineString","coordinates":[[85.3473676812875,27.69319427878105],[85.34735055532924,27.693165748587045]]}},{"type":"Feature","properties":{},"geometry":{"type":"LineString","coordinates":[[85.34723198487333,27.693239909693254],[85.34722540251497,27.693218353021432]]}},{"type":"Feature","properties":{},"geometry":{"type":"LineString","coordinates":[[85.34717996109943,27.693241082087056],[85.34718186230188,27.69325050308671]]}},{"type":"Feature","properties":{},"geometry":{"type":"LineString","coordinates":[[85.34709581750491,27.693252385806243],[85.34709935706326,27.693264310195744]]}},{"type":"Feature","properties":{},"geometry":{"type":"LineString","coordinates":[[85.3470383468995,27.693258795636435],[85.34703621244766,27.693250118263716]]}},{"type":"Feature","properties":{},"geometry":{"type":"LineString","coordinates":[[85.3470104485478,27.693263048472197],[85.3469979354409,27.69325731498319]]}},{"type":"Feature","properties":{},"geometry":{"type":"LineString","coordinates":[[85.34700764211551,27.69326323609512],[85.34698374152454,27.693259903743037]]}},{"type":"Feature","properties":{},"geometry":{"type":"LineString","coordinates":[[85.34785362846907,27.693617256030915],[85.3478346586274,27.693620795142476]]}},{"type":"Feature","properties":{},"geometry":{"type":"LineString","coordinates":[[85.34811164982635,27.693360581797226],[85.3481238807174,27.69337657838691]]}},{"type":"Feature","properties":{},"geometry":{"type":"LineString","coordinates":[[85.34814629642784,27.69333704672579],[85.34814023626653,27.693332717076192]]}},{"type":"Feature","properties":{},"geometry":{"type":"LineString","coordinates":[[85.34818653803725,27.69330630740528],[85.34820127128062,27.693320964663737]]}},{"type":"Feature","properties":{},"geometry":{"type":"LineString","coordinates":[[85.3482386113298,27.693266962550304],[85.34823442130575,27.69326058655702]]}},{"type":"Feature","properties":{},"geometry":{"type":"LineString","coordinates":[[85.34786193466212,27.69376041554741],[85.34783460536998,27.693753604594708]]}},{"type":"Feature","properties":{},"geometry":{"type":"LineString","coordinates":[[85.34788338978935,27.69387800371594],[85.34791042325503,27.69386870774133]]}},{"type":"Feature","properties":{},"geometry":{"type":"LineString","coordinates":[[85.3478996464853,27.69392461429261],[85.34792556894102,27.69391994509518]]}},{"type":"Feature","properties":{},"geometry":{"type":"LineString","coordinates":[[85.34791763901785,27.69407115211396],[85.34795679884377,27.694058674902827]]}},{"type":"Feature","properties":{},"geometry":{"type":"LineString","coordinates":[[85.3479198108356,27.694075737735748],[85.34795971492441,27.69406319268689]]}},{"type":"Feature","properties":{},"geometry":{"type":"LineString","coordinates":[[85.3480863444526,27.69430117474152],[85.34810717869385,27.69428150120239]]}},{"type":"Feature","properties":{},"geometry":{"type":"LineString","coordinates":[[85.34808899131828,27.69430350512778],[85.34813396680076,27.69426958304486]]}},{"type":"Feature","properties":{},"geometry":{"type":"LineString","coordinates":[[85.34803638131169,27.694249101416965],[85.34802937800835,27.69425353244246]]}},{"type":"Feature","properties":{},"geometry":{"type":"LineString","coordinates":[[85.34803198204912,27.694414926828667],[85.34803983007882,27.694418571114255]]}},{"type":"Feature","properties":{},"geometry":{"type":"LineString","coordinates":[[85.34802893706272,27.694420584719435],[85.34800529293075,27.6944144775306]]}},{"type":"Feature","properties":{},"geometry":{"type":"LineString","coordinates":[[85.3479941873134,27.69448050412206],[85.34797348140249,27.694466536431968]]}},{"type":"Feature","properties":{},"geometry":{"type":"LineString","coordinates":[[85.34797913877928,27.69450751494907],[85.34798495441446,27.694508626788156]]}},{"type":"Feature","properties":{},"geometry":{"type":"LineString","coordinates":[[85.34797735810045,27.694509880961448],[85.34794644695056,27.69451985633112]]}},{"type":"Feature","properties":{},"geometry":{"type":"LineString","coordinates":[[85.34819565609838,27.69442330931227],[85.34822106313945,27.694403313942992]]}},{"type":"Feature","properties":{},"geometry":{"type":"LineString","coordinates":[[85.34820176873015,27.69442968026396],[85.34819623794039,27.694434028680618]]}},{"type":"Feature","properties":{},"geometry":{"type":"LineString","coordinates":[[85.34826894720945,27.694484653928598],[85.34823129875124,27.69450489859212]]}},{"type":"Feature","properties":{},"geometry":{"type":"LineString","coordinates":[[85.34827772418713,27.694488962732596],[85.34826965471379,27.694496792709984]]}},{"type":"Feature","properties":{},"geometry":{"type":"LineString","coordinates":[[85.34834835604073,27.69453176598477],[85.34838288024365,27.69442539289161]]}},{"type":"Feature","properties":{},"geometry":{"type":"LineString","coordinates":[[85.34835270378181,27.69453299026653],[85.34840361623122,27.694381935805357]]}},{"type":"Feature","properties":{},"geometry":{"type":"LineString","coordinates":[[85.3483554034191,27.694534577571996],[85.34841517443068,27.694403224152282]]}},{"type":"Feature","properties":{},"geometry":{"type":"LineString","coordinates":[[85.3486867826798,27.69398514542746],[85.34869071454239,27.693966034679363]]}},{"type":"Feature","properties":{},"geometry":{"type":"LineString","coordinates":[[85.34871213813241,27.694056004176193],[85.34870569861172,27.69405713590071]]}},{"type":"Feature","properties":{},"geometry":{"type":"LineString","coordinates":[[85.34871368783054,27.69406985792839],[85.34873444713102,27.69406505570238]]}},{"type":"Feature","properties":{},"geometry":{"type":"LineString","coordinates":[[85.34852071549066,27.6941687807133],[85.34852561442345,27.694175824019453]]}},{"type":"Feature","properties":{},"geometry":{"type":"LineString","coordinates":[[85.34857147029032,27.694159587931054],[85.34856814434264,27.694142621740898]]}},{"type":"Feature","properties":{},"geometry":{"type":"LineString","coordinates":[[85.34875756500809,27.694237556103918],[85.34875000856901,27.694239733207624]]}},{"type":"Feature","properties":{},"geometry":{"type":"LineString","coordinates":[[85.34876507834582,27.694263909162135],[85.3487863858572,27.694262500757407]]}},{"type":"Feature","properties":{},"geometry":{"type":"LineString","coordinates":[[85.3487722407715,27.694289257101314],[85.34876286407552,27.69429346671401]]}},{"type":"Feature","properties":{},"geometry":{"type":"LineString","coordinates":[[85.34836897302186,27.694540868689817],[85.34839161298308,27.694491167877658]]}},{"type":"Feature","properties":{},"geometry":{"type":"LineString","coordinates":[[85.34838669454157,27.694548594754234],[85.34838122867515,27.694556510850784]]}},{"type":"Feature","properties":{},"geometry":{"type":"LineString","coordinates":[[85.34839190022208,27.69455001338986],[85.3483883760283,27.69456076410701]]}},{"type":"Feature","properties":{},"geometry":{"type":"LineString","coordinates":[[85.34858404047735,27.694588327051022],[85.3485848605917,27.69455008022356]]}},{"type":"Feature","properties":{},"geometry":{"type":"LineString","coordinates":[[85.34863402493254,27.694591051429498],[85.34863210225741,27.694598136121094]]}},{"type":"Feature","properties":{},"geometry":{"type":"LineString","coordinates":[[85.34866664380027,27.694603425488836],[85.34865558748699,27.694622349275853]]}},{"type":"Feature","properties":{},"geometry":{"type":"LineString","coordinates":[[85.34823278951318,27.69383480253811],[85.34823026227944,27.693840757233787]]}},{"type":"Feature","properties":{},"geometry":{"type":"LineString","coordinates":[[85.34835169474346,27.69387236647344],[85.34836817367734,27.693854860321224]]}},{"type":"Feature","properties":{},"geometry":{"type":"LineString","coordinates":[[85.34839779307191,27.69356973177779],[85.34838882031067,27.693562739155894]]}},{"type":"Feature","properties":{},"geometry":{"type":"LineString","coordinates":[[85.34847042121015,27.693495517197153],[85.34846566428412,27.69349076265849]]}},{"type":"Feature","properties":{},"geometry":{"type":"LineString","coordinates":[[85.34847815740974,27.69348840076066],[85.3484749896732,27.69348551180544]]}},{"type":"Feature","properties":{},"geometry":{"type":"LineString","coordinates":[[85.34853251260726,27.693436696342808],[85.34855279660059,27.693453290766513]]}},{"type":"Feature","properties":{},"geometry":{"type":"LineString","coordinates":[[85.3482542020579,27.694001243662157],[85.34823272304365,27.693997277029244]]}},{"type":"Feature","properties":{},"geometry":{"type":"LineString","coordinates":[[85.3483817301813,27.694003050115285],[85.34839155607902,27.694001196139993]]}},{"type":"Feature","properties":{},"geometry":{"type":"LineString","coordinates":[[85.34838723552552,27.69403931908061],[85.34838501773311,27.69403987387185]]}},{"type":"Feature","properties":{},"geometry":{"type":"LineString","coordinates":[[85.34841690558547,27.694063411996726],[85.34841868440925,27.69406749922597]]}},{"type":"Feature","properties":{},"geometry":{"type":"LineString","coordinates":[[85.3483940359989,27.69406283955784],[85.34839869419119,27.694074894593545]]}},{"type":"Feature","properties":{},"geometry":{"type":"LineString","coordinates":[[85.34826640085683,27.694056283494234],[85.34824431707112,27.694063929144214]]}},{"type":"Feature","properties":{},"geometry":{"type":"LineString","coordinates":[[85.34831227887875,27.69413966458078],[85.34830694468678,27.694159781182346]]}},{"type":"Feature","properties":{},"geometry":{"type":"LineString","coordinates":[[85.34831314392451,27.694140733597003],[85.3483352056611,27.69416486032502]]}},{"type":"Feature","properties":{},"geometry":{"type":"LineString","coordinates":[[85.34845693519209,27.693877641767674],[85.3484644757123,27.693891204151093]]}},{"type":"Feature","properties":{},"geometry":{"type":"LineString","coordinates":[[85.34855691721013,27.69381677096995],[85.34856171644313,27.693820871657824]]}},{"type":"Feature","properties":{},"geometry":{"type":"LineString","coordinates":[[85.34859222890178,27.693794524448275],[85.34857473702655,27.693769124605577]]}},{"type":"Feature","properties":{},"geometry":{"type":"LineString","coordinates":[[85.34865080395018,27.69376352619956],[85.34864075177418,27.693745790239262]]}},{"type":"Feature","properties":{},"geometry":{"type":"LineString","coordinates":[[85.34865449730844,27.69376167488112],[85.34865868358442,27.693765540811498]]}},{"type":"Feature","properties":{},"geometry":{"type":"LineString","coordinates":[[85.34871995005257,27.693730811877256],[85.34870702254975,27.693711102942117]]}},{"type":"Feature","properties":{},"geometry":{"type":"LineString","coordinates":[[85.34872921390807,27.69372742675817],[85.34873419821965,27.693731357259285]]}},{"type":"Feature","properties":{},"geometry":{"type":"LineString","coordinates":[[85.34883561472061,27.693689417308125],[85.34882419056069,27.693668990727836]]}},{"type":"Feature","properties":{},"geometry":{"type":"LineString","coordinates":[[85.34892896842432,27.693865208377005],[85.34895383843805,27.693861340540415]]}},{"type":"Feature","properties":{},"geometry":{"type":"LineString","coordinates":[[85.3489429930522,27.69389832790768],[85.34893949023378,27.693900723941624]]}},{"type":"Feature","properties":{},"geometry":{"type":"LineString","coordinates":[[85.34885562635516,27.693672979426555],[85.3488377384373,27.69366007979796]]}},{"type":"Feature","properties":{},"geometry":{"type":"LineString","coordinates":[[85.34886808245544,27.69353651536692],[85.34884756605032,27.693537784300943]]}},{"type":"Feature","properties":{},"geometry":{"type":"LineString","coordinates":[[85.34884511247729,27.693336059172957],[85.34886682804323,27.69332827635387]]}},{"type":"Feature","properties":{},"geometry":{"type":"LineString","coordinates":[[85.34847427064966,27.693310595222886],[85.34847009727194,27.693313350587413]]}},{"type":"Feature","properties":{},"geometry":{"type":"LineString","coordinates":[[85.3488366178683,27.69314025226302],[85.3488309516112,27.6931133869198]]}},{"type":"Feature","properties":{},"geometry":{"type":"LineString","coordinates":[[85.34896836874016,27.69310759116622],[85.34897002113017,27.693115970338063]]}},{"type":"Feature","properties":{},"geometry":{"type":"LineString","coordinates":[[85.34898354402316,27.693104199796945],[85.34897445216038,27.693074936137673]]}},{"type":"Feature","properties":{},"geometry":{"type":"LineString","coordinates":[[85.34899135652437,27.6931024526395],[85.34898446913452,27.69307681917019]]}},{"type":"Feature","properties":{},"geometry":{"type":"LineString","coordinates":[[85.34904392782107,27.69309022707698],[85.34904582891997,27.693097981034853]]}},{"type":"Feature","properties":{},"geometry":{"type":"LineString","coordinates":[[85.3491405522511,27.6930669785261],[85.34913340183105,27.693043054977544]]}},{"type":"Feature","properties":{},"geometry":{"type":"LineString","coordinates":[[85.34914641685677,27.693065438287597],[85.34913772571734,27.693035618928224]]}},{"type":"Feature","properties":{},"geometry":{"type":"LineString","coordinates":[[85.34916389549899,27.69306193536628],[85.34915500926803,27.693030458394986]]}},{"type":"Feature","properties":{},"geometry":{"type":"LineString","coordinates":[[85.349171865995,27.693060200010198],[85.34916087145484,27.69302887660938]]}},{"type":"Feature","properties":{},"geometry":{"type":"LineString","coordinates":[[85.34924828604801,27.693036893717732],[85.34925102988205,27.693046054876188]]}},{"type":"Feature","properties":{},"geometry":{"type":"LineString","coordinates":[[85.34925887234013,27.693033286051516],[85.34928450387368,27.693111281799727]]}},{"type":"Feature","properties":{},"geometry":{"type":"LineString","coordinates":[[85.34938913013912,27.693000441577915],[85.34939461419597,27.693004178547827]]}},{"type":"Feature","properties":{},"geometry":{"type":"LineString","coordinates":[[85.34946270667038,27.692974526276032],[85.34946447623217,27.692981926664515]]}},{"type":"Feature","properties":{},"geometry":{"type":"LineString","coordinates":[[85.34946674256447,27.69297268443285],[85.34945183406928,27.692949852574152]]}},{"type":"Feature","properties":{},"geometry":{"type":"LineString","coordinates":[[85.3495342192987,27.692930915195237],[85.34953875804622,27.69293689637845]]}},{"type":"Feature","properties":{},"geometry":{"type":"LineString","coordinates":[[85.34960416794746,27.69288267969247],[85.34961194950387,27.692891413509678]]}},{"type":"Feature","properties":{},"geometry":{"type":"LineString","coordinates":[[85.34969439081057,27.692930353989887],[85.34972354470804,27.692914950053584]]}},{"type":"Feature","properties":{},"geometry":{"type":"LineString","coordinates":[[85.34973461457103,27.692996821043597],[85.34976215133523,27.69298518404768]]}},{"type":"Feature","properties":{},"geometry":{"type":"LineString","coordinates":[[85.34976689121419,27.693050867169735],[85.34975827570406,27.693055645511475]]}},{"type":"Feature","properties":{},"geometry":{"type":"LineString","coordinates":[[85.34977087001086,27.69305571979553],[85.34976344957346,27.693063489911715]]}},{"type":"Feature","properties":{},"geometry":{"type":"LineString","coordinates":[[85.34983355320624,27.693109641809787],[85.3498277761701,27.693114663376196]]}},{"type":"Feature","properties":{},"geometry":{"type":"LineString","coordinates":[[85.35005273596217,27.693254614773505],[85.35009182255565,27.693218655175627]]}},{"type":"Feature","properties":{},"geometry":{"type":"LineString","coordinates":[[85.35012177630475,27.69329597212129],[85.35011440663372,27.693301648029266]]}},{"type":"Feature","properties":{},"geometry":{"type":"LineString","coordinates":[[85.35024041689256,27.69337966632734],[85.35022693520595,27.693392681206934]]}},{"type":"Feature","properties":{},"geometry":{"type":"LineString","coordinates":[[85.35027349227767,27.69340030834184],[85.35026157930592,27.693415203887756]]}},{"type":"Feature","properties":{},"geometry":{"type":"LineString","coordinates":[[85.35037352810531,27.693467868714052],[85.35036769296738,27.693473517789606]]}},{"type":"Feature","properties":{},"geometry":{"type":"LineString","coordinates":[[85.35000256365646,27.693067822364508],[85.3499964958146,27.693062044100678]]}},{"type":"Feature","properties":{},"geometry":{"type":"LineString","coordinates":[[85.35000700877514,27.69306486169989],[85.35002500991096,27.693085608446154]]}},{"type":"Feature","properties":{},"geometry":{"type":"LineString","coordinates":[[85.35006978621762,27.693016852789086],[85.35006435699738,27.693011827648938]]}},{"type":"Feature","properties":{},"geometry":{"type":"LineString","coordinates":[[85.35014122074031,27.692967027262927],[85.35013629094922,27.692958998052653]]}},{"type":"Feature","properties":{},"geometry":{"type":"LineString","coordinates":[[85.35015652353417,27.692954479048375],[85.35018201737712,27.692969256193813]]}},{"type":"Feature","properties":{},"geometry":{"type":"LineString","coordinates":[[85.35020654014095,27.692918541337402],[85.35022521915822,27.692937701319053]]}},{"type":"Feature","properties":{},"geometry":{"type":"LineString","coordinates":[[85.35026861169355,27.692875117928985],[85.35028565787972,27.69289315552535]]}},{"type":"Feature","properties":{},"geometry":{"type":"LineString","coordinates":[[85.3503182378406,27.69283850672899],[85.35031135449654,27.692828498411473]]}},{"type":"Feature","properties":{},"geometry":{"type":"LineString","coordinates":[[85.35032252738984,27.69283550629277],[85.35033985573132,27.692850289017414]]}},{"type":"Feature","properties":{},"geometry":{"type":"LineString","coordinates":[[85.34822073843611,27.692134159687676],[85.3482707389651,27.692129949118396]]}},{"type":"Feature","properties":{},"geometry":{"type":"LineString","coordinates":[[85.34823909176713,27.69227015274237],[85.34822392941254,27.692272624483504]]}},{"type":"Feature","properties":{},"geometry":{"type":"LineString","coordinates":[[85.34825608826984,27.692366354893895],[85.34830436990926,27.692360011832065]]}},{"type":"Feature","properties":{},"geometry":{"type":"LineString","coordinates":[[85.34826577491135,27.692406069158825],[85.3482547828896,27.692406253933058]]}},{"type":"Feature","properties":{},"geometry":{"type":"LineString","coordinates":[[85.34829969789205,27.692527765524],[85.34834453056172,27.692520383083387]]}},{"type":"Feature","properties":{},"geometry":{"type":"LineString","coordinates":[[85.34830065335629,27.692538992074674],[85.3482889083801,27.692540832181802]]}},{"type":"Feature","properties":{},"geometry":{"type":"LineString","coordinates":[[85.3486275640351,27.692761756405513],[85.34861729329964,27.692738943670765]]}},{"type":"Feature","properties":{},"geometry":{"type":"LineString","coordinates":[[85.3487207581882,27.69272596683704],[85.34872282317838,27.692733743512065]]}},{"type":"Feature","properties":{},"geometry":{"type":"LineString","coordinates":[[85.3487951915409,27.69270119210591],[85.34878624749919,27.6926753165864]]}},{"type":"Feature","properties":{},"geometry":{"type":"LineString","coordinates":[[85.34881777879733,27.692697666208563],[85.34876247820539,27.69259084185572]]}},{"type":"Feature","properties":{},"geometry":{"type":"LineString","coordinates":[[85.34884543926017,27.692751786553455],[85.34885185321332,27.692749451408368]]}},{"type":"Feature","properties":{},"geometry":{"type":"LineString","coordinates":[[85.34886835548771,27.69279384362513],[85.3488765062617,27.69279818463394]]}},{"type":"Feature","properties":{},"geometry":{"type":"LineString","coordinates":[[85.34886909521248,27.69279549148671],[85.34887745692852,27.692804883003884]]}},{"type":"Feature","properties":{},"geometry":{"type":"LineString","coordinates":[[85.34854236054551,27.692903724869893],[85.34856920581603,27.692888185340585]]}},{"type":"Feature","properties":{},"geometry":{"type":"LineString","coordinates":[[85.3485668079572,27.69293350925026],[85.3485920697772,27.692927579292927]]}},{"type":"Feature","properties":{},"geometry":{"type":"LineString","coordinates":[[85.34863436023399,27.69300994995167],[85.34870515993649,27.692973846387698]]}},{"type":"Feature","properties":{},"geometry":{"type":"LineString","coordinates":[[85.3487233398429,27.693090889971657],[85.34877021106402,27.693078503574252]]}},{"type":"Feature","properties":{},"geometry":{"type":"LineString","coordinates":[[85.34965034352854,27.692822225412083],[85.34961518777747,27.69283434289417]]}},{"type":"Feature","properties":{},"geometry":{"type":"LineString","coordinates":[[85.34965380416544,27.69281427181985],[85.34962087055663,27.692795144038033]]}},{"type":"Feature","properties":{},"geometry":{"type":"LineString","coordinates":[[85.34975694593055,27.69274795021561],[85.34976102569894,27.692753504428165]]}},{"type":"Feature","properties":{},"geometry":{"type":"LineString","coordinates":[[85.34978024539328,27.69273259923981],[85.34976190895003,27.69270792866814]]}},{"type":"Feature","properties":{},"geometry":{"type":"LineString","coordinates":[[85.34992202149401,27.692654906332084],[85.34992376582083,27.69266317738144]]}},{"type":"Feature","properties":{},"geometry":{"type":"LineString","coordinates":[[85.35002454178186,27.692600694825916],[85.35003101556562,27.692605436375853]]}},{"type":"Feature","properties":{},"geometry":{"type":"LineString","coordinates":[[85.3501067159299,27.692672634733835],[85.35011556087676,27.692662777713014]]}},{"type":"Feature","properties":{},"geometry":{"type":"LineString","coordinates":[[85.35005101795137,27.692748705453976],[85.35005330168059,27.692764530101297]]}},{"type":"Feature","properties":{},"geometry":{"type":"LineString","coordinates":[[85.35005224005268,27.692747810240025],[85.35006037447891,27.692763219930495]]}},{"type":"Feature","properties":{},"geometry":{"type":"LineString","coordinates":[[85.35006024069125,27.6925759154337],[85.35006648370167,27.69258197828161]]}},{"type":"Feature","properties":{},"geometry":{"type":"LineString","coordinates":[[85.35027769402782,27.692506111460776],[85.35026104319996,27.692518090364324]]}},{"type":"Feature","properties":{},"geometry":{"type":"LineString","coordinates":[[85.35031642440411,27.69254102255105],[85.35029488746031,27.692562162854784]]}},{"type":"Feature","properties":{},"geometry":{"type":"LineString","coordinates":[[85.3503193327516,27.692542889389166],[85.35031480296327,27.692577242659084]]}},{"type":"Feature","properties":{},"geometry":{"type":"LineString","coordinates":[[85.35034782945706,27.692527685072704],[85.35034364781758,27.69252350967098]]}},{"type":"Feature","properties":{},"geometry":{"type":"LineString","coordinates":[[85.35043077831457,27.69247251172387],[85.35042705606605,27.692467792140743]]}},{"type":"Feature","properties":{},"geometry":{"type":"LineString","coordinates":[[85.3504420464595,27.69246535962647],[85.35045481799591,27.692481764097618]]}},{"type":"Feature","properties":{},"geometry":{"type":"LineString","coordinates":[[85.35048269918356,27.692439179701662],[85.35049282787973,27.69245291812533]]}},{"type":"Feature","properties":{},"geometry":{"type":"LineString","coordinates":[[85.35053167377752,27.692402657226307],[85.35052876568801,27.692398075507228]]}},{"type":"Feature","properties":{},"geometry":{"type":"LineString","coordinates":[[85.35019820005135,27.692398347747808],[85.350145306288,27.692399074970474]]}},{"type":"Feature","properties":{},"geometry":{"type":"LineString","coordinates":[[85.35019940225513,27.69239621308602],[85.3501639917595,27.69237869135347]]}},{"type":"Feature","properties":{},"geometry":{"type":"LineString","coordinates":[[85.35028725866526,27.69233065211058],[85.35027037114226,27.6923060467014]]}},{"type":"Feature","properties":{},"geometry":{"type":"LineString","coordinates":[[85.35030404485093,27.69231789590945],[85.35031166943625,27.692326011372597]]}},{"type":"Feature","properties":{},"geometry":{"type":"LineString","coordinates":[[85.35034202956356,27.692292273607467],[85.35032391085858,27.692269706851533]]}},{"type":"Feature","properties":{},"geometry":{"type":"LineString","coordinates":[[85.35040997903509,27.692246527470136],[85.35041534192275,27.692252253994873]]}},{"type":"Feature","properties":{},"geometry":{"type":"LineString","coordinates":[[85.34985853808156,27.692887590441163],[85.34988516304561,27.692892821248762]]}},{"type":"Feature","properties":{},"geometry":{"type":"LineString","coordinates":[[85.34985671179794,27.69288861112877],[85.34986895220204,27.69287102358457]]}},{"type":"Feature","properties":{},"geometry":{"type":"LineString","coordinates":[[85.3484533198485,27.692291436985368],[85.34848075052459,27.69230085469372]]}},{"type":"Feature","properties":{},"geometry":{"type":"LineString","coordinates":[[85.34845170881455,27.692291629870702],[85.34847076392096,27.692304840405026]]}},{"type":"Feature","properties":{},"geometry":{"type":"LineString","coordinates":[[85.34843876755001,27.692293258063444],[85.34843625143078,27.692286757632605]]}},{"type":"Feature","properties":{},"geometry":{"type":"LineString","coordinates":[[85.34807575929138,27.69215888948763],[85.34807460436909,27.692155322348896]]}},{"type":"Feature","properties":{},"geometry":{"type":"LineString","coordinates":[[85.3481082294524,27.692156373329844],[85.34810751693865,27.69214598273496]]}},{"type":"Feature","properties":{},"geometry":{"type":"LineString","coordinates":[[85.3481294946335,27.69215364136203],[85.34813051654032,27.692176818540013]]}},{"type":"Feature","properties":{},"geometry":{"type":"LineString","coordinates":[[85.34871203332267,27.692034885226004],[85.34870556367706,27.692063626672816]]}},{"type":"Feature","properties":{},"geometry":{"type":"LineString","coordinates":[[85.34871394311375,27.692034176930804],[85.3487333226333,27.692046783877814]]}},{"type":"Feature","properties":{},"geometry":{"type":"LineString","coordinates":[[85.3487156892407,27.692033294295722],[85.34877452105987,27.69200719899299]]}},{"type":"Feature","properties":{},"geometry":{"type":"LineString","coordinates":[[85.34855160113332,27.69210108599229],[85.34856214549423,27.69212518362373]]}},{"type":"Feature","properties":{},"geometry":{"type":"LineString","coordinates":[[85.3485455009864,27.69209523959121],[85.34851399098804,27.692167546578474]]}},{"type":"Feature","properties":{},"geometry":{"type":"LineString","coordinates":[[85.34853766464944,27.69208395714997],[85.34851093607948,27.692136080452784]]}},{"type":"Feature","properties":{},"geometry":{"type":"LineString","coordinates":[[85.34852469117936,27.692066709823884],[85.34849656894622,27.69206760459989]]}},{"type":"Feature","properties":{},"geometry":{"type":"LineString","coordinates":[[85.34848480978043,27.69200579273103],[85.34848944297289,27.692003674637032]]}},{"type":"Feature","properties":{},"geometry":{"type":"LineString","coordinates":[[85.34865094410262,27.691818345740035],[85.34866318351057,27.69183943008978]]}},{"type":"Feature","properties":{},"geometry":{"type":"LineString","coordinates":[[85.34860196429025,27.691840440127827],[85.34859136031056,27.691826906201012]]}},{"type":"Feature","properties":{},"geometry":{"type":"LineString","coordinates":[[85.34855925263744,27.691862807816225],[85.34857345978114,27.69188337501051]]}},{"type":"Feature","properties":{},"geometry":{"type":"LineString","coordinates":[[85.34841722689876,27.691912638081238],[85.34841108318848,27.69191554684607]]}},{"type":"Feature","properties":{},"geometry":{"type":"LineString","coordinates":[[85.34838676995267,27.691865348237425],[85.34840926715398,27.691850415733157]]}},{"type":"Feature","properties":{},"geometry":{"type":"LineString","coordinates":[[85.34837410980259,27.69184877703929],[85.34836815650375,27.69185264297722]]}},{"type":"Feature","properties":{},"geometry":{"type":"LineString","coordinates":[[85.34830806287708,27.69175679141887],[85.34830308662981,27.6917596734898]]}},{"type":"Feature","properties":{},"geometry":{"type":"LineString","coordinates":[[85.34829424389712,27.6916901037301],[85.34828962531267,27.69168236157329]]}},{"type":"Feature","properties":{},"geometry":{"type":"LineString","coordinates":[[85.34838292632398,27.691631402420445],[85.34840514734593,27.691657513041726]]}},{"type":"Feature","properties":{},"geometry":{"type":"LineString","coordinates":[[85.34814493961149,27.691950158565508],[85.34812774995636,27.691959933960668]]}},{"type":"Feature","properties":{},"geometry":{"type":"LineString","coordinates":[[85.34813102338134,27.691934047106077],[85.34817092507804,27.691907867936226]]}},{"type":"Feature","properties":{},"geometry":{"type":"LineString","coordinates":[[85.34790757453149,27.69173342292396],[85.34795604210186,27.691693771580592]]}},{"type":"Feature","properties":{},"geometry":{"type":"LineString","coordinates":[[85.34775191314766,27.691672693755464],[85.34775087672094,27.691628468811277]]}},{"type":"Feature","properties":{},"geometry":{"type":"LineString","coordinates":[[85.34767586303775,27.69166333386388],[85.34767482373559,27.691671211601093]]}},{"type":"Feature","properties":{},"geometry":{"type":"LineString","coordinates":[[85.34764423256073,27.69165709793725],[85.34764975147957,27.69162626210394]]}},{"type":"Feature","properties":{},"geometry":{"type":"LineString","coordinates":[[85.34758544312302,27.69163836514567],[85.34758226416918,27.691644641487226]]}},{"type":"Feature","properties":{},"geometry":{"type":"LineString","coordinates":[[85.3477406592984,27.691536554305856],[85.34779932927377,27.691497703473548]]}},{"type":"Feature","properties":{},"geometry":{"type":"LineString","coordinates":[[85.34773332647839,27.69152847197362],[85.34779729131307,27.6914946014432]]}},{"type":"Feature","properties":{},"geometry":{"type":"LineString","coordinates":[[85.34758007146296,27.691365619217986],[85.34753876354166,27.691442085361853]]}},{"type":"Feature","properties":{},"geometry":{"type":"LineString","coordinates":[[85.34756022895084,27.69133617303118],[85.34755269729494,27.691341160026447]]}},{"type":"Feature","properties":{},"geometry":{"type":"LineString","coordinates":[[85.34752482363656,27.69127540747435],[85.34751845451747,27.691279347838652]]}},{"type":"Feature","properties":{},"geometry":{"type":"LineString","coordinates":[[85.34747546371413,27.69114528457951],[85.34751714027948,27.691140607590476]]}},{"type":"Feature","properties":{},"geometry":{"type":"LineString","coordinates":[[85.34727291353063,27.69072457342034],[85.34726289173986,27.69072874816507]]}},{"type":"Feature","properties":{},"geometry":{"type":"LineString","coordinates":[[85.34725620092068,27.690671723382255],[85.34729964000691,27.690661697285034]]}},{"type":"Feature","properties":{},"geometry":{"type":"LineString","coordinates":[[85.34720700867612,27.69050055237807],[85.34717692639097,27.69051231824938]]}},{"type":"Feature","properties":{},"geometry":{"type":"LineString","coordinates":[[85.34720477996282,27.690473633236955],[85.34719475809936,27.690474448665597]]}},{"type":"Feature","properties":{},"geometry":{"type":"LineString","coordinates":[[85.34719249351157,27.69038408125846],[85.34723344662855,27.69037531345272]]}},{"type":"Feature","properties":{},"geometry":{"type":"LineString","coordinates":[[85.34718156892342,27.690341435993247],[85.34716956842855,27.690349080004157]]}},{"type":"Feature","properties":{},"geometry":{"type":"LineString","coordinates":[[85.34716745648745,27.69030539006948],[85.34720422780428,27.69029260382152]]}},{"type":"Feature","properties":{},"geometry":{"type":"LineString","coordinates":[[85.34715663543102,27.69028972973639],[85.347147844258,27.69029796531857]]}},{"type":"Feature","properties":{},"geometry":{"type":"LineString","coordinates":[[85.34710903177053,27.690212354969624],[85.3471428037601,27.690189074124138]]}},{"type":"Feature","properties":{},"geometry":{"type":"LineString","coordinates":[[85.34708367545761,27.690177682094163],[85.3471228593814,27.690159747606987]]}},{"type":"Feature","properties":{},"geometry":{"type":"LineString","coordinates":[[85.34701404327284,27.690058909487856],[85.34700320772875,27.690064270387843]]}},{"type":"Feature","properties":{},"geometry":{"type":"LineString","coordinates":[[85.34635245782597,27.692684539815087],[85.34634778259279,27.69268554087265]]}},{"type":"Feature","properties":{},"geometry":{"type":"LineString","coordinates":[[85.3458160321021,27.69278952489733],[85.34581883415086,27.692803816931445]]}},{"type":"Feature","properties":{},"geometry":{"type":"LineString","coordinates":[[85.34583369717866,27.692784688844878],[85.34582768192708,27.692777456115397]]}},{"type":"Feature","properties":{},"geometry":{"type":"LineString","coordinates":[[85.34599780325536,27.6927558955581],[85.3460030681395,27.692773690941483]]}},{"type":"Feature","properties":{},"geometry":{"type":"LineString","coordinates":[[85.34601215172167,27.69275354431081],[85.34601700522666,27.692771388030543]]}},{"type":"Feature","properties":{},"geometry":{"type":"LineString","coordinates":[[85.34601462484692,27.692753135210683],[85.34601309924685,27.692746449815164]]}},{"type":"Feature","properties":{},"geometry":{"type":"LineString","coordinates":[[85.3460423376764,27.692748806347076],[85.34603886911356,27.692742673573463]]}},{"type":"Feature","properties":{},"geometry":{"type":"LineString","coordinates":[[85.3461840456135,27.692724972890627],[85.34618262308766,27.69271938623442]]}},{"type":"Feature","properties":{},"geometry":{"type":"LineString","coordinates":[[85.34619038408613,27.692724016072944],[85.34618949457109,27.692717913203683]]}},{"type":"Feature","properties":{},"geometry":{"type":"LineString","coordinates":[[85.34642117654124,27.692688049184618],[85.34641980574598,27.69268145138418]]}},{"type":"Feature","properties":{},"geometry":{"type":"LineString","coordinates":[[85.34649675896576,27.69267633856709],[85.346500794871,27.692695421645052]]}},{"type":"Feature","properties":{},"geometry":{"type":"LineString","coordinates":[[85.34653055541457,27.69267140984831],[85.34652834133713,27.69266250226893]]}},{"type":"Feature","properties":{},"geometry":{"type":"LineString","coordinates":[[85.34659294452186,27.69266163014445],[85.34659635335505,27.69268242600217]]}},{"type":"Feature","properties":{},"geometry":{"type":"LineString","coordinates":[[85.34660054589477,27.692660234402627],[85.34659896690917,27.69265412871776]]}},{"type":"Feature","properties":{},"geometry":{"type":"LineString","coordinates":[[85.34661098529068,27.69265816855539],[85.34661007225152,27.692652750446374]]}},{"type":"Feature","properties":{},"geometry":{"type":"LineString","coordinates":[[85.34671795892191,27.69264321700838],[85.34671640728541,27.692636843592382]]}},{"type":"Feature","properties":{},"geometry":{"type":"LineString","coordinates":[[85.34671972452507,27.69264292761055],[85.34672212170055,27.692665389236616]]}},{"type":"Feature","properties":{},"geometry":{"type":"LineString","coordinates":[[85.3467881491694,27.69263304749291],[85.34679540434348,27.692653684389832]]}},{"type":"Feature","properties":{},"geometry":{"type":"LineString","coordinates":[[85.3467921934201,27.692633142711525],[85.34678698180166,27.692622166793033]]}},{"type":"Feature","properties":{},"geometry":{"type":"LineString","coordinates":[[85.3467963407405,27.69263245393773],[85.34679438196804,27.69262214593704]]}},{"type":"Feature","properties":{},"geometry":{"type":"LineString","coordinates":[[85.34679850661021,27.692632450012397],[85.34679705068456,27.69262167597909]]}},{"type":"Feature","properties":{},"geometry":{"type":"LineString","coordinates":[[85.34680213781094,27.69263115668236],[85.34680109718461,27.69262094899667]]}},{"type":"Feature","properties":{},"geometry":{"type":"LineString","coordinates":[[85.34684198565134,27.692625277540802],[85.34684545237329,27.692643916978582]]}},{"type":"Feature","properties":{},"geometry":{"type":"LineString","coordinates":[[85.34690700780185,27.692616046293363],[85.34690369089782,27.692607584050855]]}},{"type":"Feature","properties":{},"geometry":{"type":"LineString","coordinates":[[85.34692647924585,27.69261292124719],[85.34693149935994,27.692631359004814]]}},{"type":"Feature","properties":{},"geometry":{"type":"LineString","coordinates":[[85.34639212342793,27.69273797995096],[85.34638614546455,27.692737958200947]]}},{"type":"Feature","properties":{},"geometry":{"type":"LineString","coordinates":[[85.34640076300398,27.692805007571575],[85.34642372637433,27.69279893503728]]}},{"type":"Feature","properties":{},"geometry":{"type":"LineString","coordinates":[[85.34578186884723,27.69297640589215],[85.345769883639,27.692935466332457]]}},{"type":"Feature","properties":{},"geometry":{"type":"LineString","coordinates":[[85.34590922280424,27.692959479981926],[85.34591140157875,27.692968708457222]]}},{"type":"Feature","properties":{},"geometry":{"type":"LineString","coordinates":[[85.34608730819176,27.692933604577696],[85.34608881135235,27.69294332589871]]}},{"type":"Feature","properties":{},"geometry":{"type":"LineString","coordinates":[[85.3462532374731,27.69291308934227],[85.34625385680108,27.69292547979137]]}},{"type":"Feature","properties":{},"geometry":{"type":"LineString","coordinates":[[85.34631105425481,27.692906709239587],[85.34631187964635,27.692918344906126]]}},{"type":"Feature","properties":{},"geometry":{"type":"LineString","coordinates":[[85.3465436368214,27.692879682585414],[85.34654626839584,27.692891769435505]]}},{"type":"Feature","properties":{},"geometry":{"type":"LineString","coordinates":[[85.34662380627611,27.692870073671703],[85.34662437810627,27.692883061947295]]}},{"type":"Feature","properties":{},"geometry":{"type":"LineString","coordinates":[[85.34687397219969,27.692833664057538],[85.34688098221137,27.69285785499265]]}},{"type":"Feature","properties":{},"geometry":{"type":"LineString","coordinates":[[85.34699576754109,27.69281982068979],[85.34699671322501,27.692843329999615]]}},{"type":"Feature","properties":{},"geometry":{"type":"LineString","coordinates":[[85.34709914989494,27.692717239327642],[85.34716223449972,27.692677445978447]]}},{"type":"Feature","properties":{},"geometry":{"type":"LineString","coordinates":[[85.34709944952056,27.69271902274292],[85.34718974205089,27.69272045976544]]}},{"type":"Feature","properties":{},"geometry":{"type":"LineString","coordinates":[[85.34723717298489,27.692881455987944],[85.34721778536523,27.69289112921166]]}},{"type":"Feature","properties":{},"geometry":{"type":"LineString","coordinates":[[85.34725928313972,27.69291162515784],[85.3473089560047,27.692882814606214]]}},{"type":"Feature","properties":{},"geometry":{"type":"LineString","coordinates":[[85.34751042894754,27.692920220264902],[85.34751266375542,27.692926949310195]]}},{"type":"Feature","properties":{},"geometry":{"type":"LineString","coordinates":[[85.34759951187999,27.69290483520709],[85.34759425296878,27.69288150908951]]}},{"type":"Feature","properties":{},"geometry":{"type":"LineString","coordinates":[[85.347605601229,27.692903790511405],[85.34760750768382,27.692911047241946]]}},{"type":"Feature","properties":{},"geometry":{"type":"LineString","coordinates":[[85.34767669822023,27.692892398478318],[85.34766230815107,27.692854761694086]]}},{"type":"Feature","properties":{},"geometry":{"type":"LineString","coordinates":[[85.3478012763166,27.692848293340308],[85.34780384941374,27.692856260211002]]}},{"type":"Feature","properties":{},"geometry":{"type":"LineString","coordinates":[[85.34776255541131,27.69272641867954],[85.3477685119856,27.692724696378082]]}},{"type":"Feature","properties":{},"geometry":{"type":"LineString","coordinates":[[85.34766428815138,27.692728073790267],[85.34766170661248,27.692717369366544]]}},{"type":"Feature","properties":{},"geometry":{"type":"LineString","coordinates":[[85.34759177969752,27.69273799405775],[85.34758918108629,27.692728692902516]]}},{"type":"Feature","properties":{},"geometry":{"type":"LineString","coordinates":[[85.34792088807582,27.69282215827645],[85.34791521403714,27.69280404037508]]}},{"type":"Feature","properties":{},"geometry":{"type":"LineString","coordinates":[[85.3480416610827,27.692799167023182],[85.34804336337974,27.692804832815664]]}},{"type":"Feature","properties":{},"geometry":{"type":"LineString","coordinates":[[85.34802958742947,27.69268276663483],[85.34802520320873,27.6926840374753]]}},{"type":"Feature","properties":{},"geometry":{"type":"LineString","coordinates":[[85.34802881064009,27.692678194047712],[85.34802442741602,27.692678994668725]]}},{"type":"Feature","properties":{},"geometry":{"type":"LineString","coordinates":[[85.34801701661915,27.69261911557458],[85.34801332148676,27.69262000924479]]}},{"type":"Feature","properties":{},"geometry":{"type":"LineString","coordinates":[[85.3480108521998,27.69259120812627],[85.3480369705378,27.69258630295941]]}},{"type":"Feature","properties":{},"geometry":{"type":"LineString","coordinates":[[85.34817450573163,27.692776208656383],[85.34816780220129,27.692755213772138]]}},{"type":"Feature","properties":{},"geometry":{"type":"LineString","coordinates":[[85.3482221971323,27.692765979405316],[85.34822415585774,27.692770036290945]]}},{"type":"Feature","properties":{},"geometry":{"type":"LineString","coordinates":[[85.34717667291024,27.69297468620647],[85.34717961477018,27.69299606494454]]}},{"type":"Feature","properties":{},"geometry":{"type":"LineString","coordinates":[[85.34713885974895,27.692981118625827],[85.34713658085525,27.692972538811116]]}},{"type":"Feature","properties":{},"geometry":{"type":"LineString","coordinates":[[85.34706653739984,27.692991190656517],[85.34707115912302,27.69301366258743]]}},{"type":"Feature","properties":{},"geometry":{"type":"LineString","coordinates":[[85.34706845954756,27.692990606182533],[85.34706468158845,27.69298299767212]]}},{"type":"Feature","properties":{},"geometry":{"type":"LineString","coordinates":[[85.34698879946443,27.693005234223673],[85.3469884227089,27.69299733146705]]}},{"type":"Feature","properties":{},"geometry":{"type":"LineString","coordinates":[[85.34694523530128,27.693014345311077],[85.34694364048586,27.693003703199278]]}},{"type":"Feature","properties":{},"geometry":{"type":"LineString","coordinates":[[85.3469433121382,27.693014324156803],[85.3469584070604,27.693050320454628]]}},{"type":"Feature","properties":{},"geometry":{"type":"LineString","coordinates":[[85.34686126307408,27.69302289995092],[85.34686098085662,27.69301403980955]]}},{"type":"Feature","properties":{},"geometry":{"type":"LineString","coordinates":[[85.34680748258297,27.693025729986644],[85.34679754329377,27.693082888357754]]}},{"type":"Feature","properties":{},"geometry":{"type":"LineString","coordinates":[[85.3465460908992,27.69304920538256],[85.34655057045356,27.69307269371165]]}},{"type":"Feature","properties":{},"geometry":{"type":"LineString","coordinates":[[85.3467443067376,27.693325494895547],[85.3467364554026,27.693326586205888]]}},{"type":"Feature","properties":{},"geometry":{"type":"LineString","coordinates":[[85.3467464205757,27.693335875147],[85.3467667799085,27.693329955588386]]}},{"type":"Feature","properties":{},"geometry":{"type":"LineString","coordinates":[[85.34674841996103,27.693346448983714],[85.3467402148526,27.693347870015515]]}},{"type":"Feature","properties":{},"geometry":{"type":"LineString","coordinates":[[85.34676699396167,27.693466069741937],[85.34675695933971,27.693466502294164]]}},{"type":"Feature","properties":{},"geometry":{"type":"LineString","coordinates":[[85.34676973429255,27.69348157315432],[85.34679145000344,27.693478905447133]]}},{"type":"Feature","properties":{},"geometry":{"type":"LineString","coordinates":[[85.34678542364897,27.693571247895743],[85.34677653720722,27.693571318695138]]}},{"type":"Feature","properties":{},"geometry":{"type":"LineString","coordinates":[[85.3467863667936,27.693582945437292],[85.34680923190167,27.693580240908297]]}},{"type":"Feature","properties":{},"geometry":{"type":"LineString","coordinates":[[85.34679187755016,27.693617607967717],[85.34681404466775,27.693614458267852]]}},{"type":"Feature","properties":{},"geometry":{"type":"LineString","coordinates":[[85.34683107784728,27.693841922245934],[85.34682342221852,27.69384435619057]]}},{"type":"Feature","properties":{},"geometry":{"type":"LineString","coordinates":[[85.34683436869236,27.693861805108],[85.34688199778988,27.693840205209057]]}},{"type":"Feature","properties":{},"geometry":{"type":"LineString","coordinates":[[85.34684187472713,27.693908527930162],[85.34687828895633,27.693951553349358]]}},{"type":"Feature","properties":{},"geometry":{"type":"LineString","coordinates":[[85.34675704217418,27.69391942336746],[85.34675781149011,27.693933168535192]]}},{"type":"Feature","properties":{},"geometry":{"type":"LineString","coordinates":[[85.34670797142653,27.693925866552863],[85.34668602437658,27.693926721859196]]}},{"type":"Feature","properties":{},"geometry":{"type":"LineString","coordinates":[[85.34674904941363,27.693743853219996],[85.34674822415835,27.69373496403176]]}},{"type":"Feature","properties":{},"geometry":{"type":"LineString","coordinates":[[85.34648826565278,27.693778546341576],[85.34649681337197,27.693804986770882]]}},{"type":"Feature","properties":{},"geometry":{"type":"LineString","coordinates":[[85.34648600555816,27.69377914933504],[85.34648462660323,27.69377147739802]]}},{"type":"Feature","properties":{},"geometry":{"type":"LineString","coordinates":[[85.34638162389308,27.69394011804511],[85.34640840755182,27.693942964161987]]}},{"type":"Feature","properties":{},"geometry":{"type":"LineString","coordinates":[[85.34638229755099,27.693948434106787],[85.3464117111153,27.69394935128226]]}},{"type":"Feature","properties":{},"geometry":{"type":"LineString","coordinates":[[85.34623841391895,27.693808962360453],[85.34623798548076,27.693802272020516]]}},{"type":"Feature","properties":{},"geometry":{"type":"LineString","coordinates":[[85.34620380234585,27.6938127837533],[85.34620736615477,27.69383869895247]]}},{"type":"Feature","properties":{},"geometry":{"type":"LineString","coordinates":[[85.3460394893473,27.69382930543234],[85.34603827330533,27.69382051446499]]}},{"type":"Feature","properties":{},"geometry":{"type":"LineString","coordinates":[[85.34600415190174,27.693831368953234],[85.34601000910938,27.69385709223067]]}},{"type":"Feature","properties":{},"geometry":{"type":"LineString","coordinates":[[85.34596723565502,27.693836596915506],[85.34596513302812,27.69382823490099]]}},{"type":"Feature","properties":{},"geometry":{"type":"LineString","coordinates":[[85.34595057353305,27.6938385206832],[85.34595229375998,27.69386484799273]]}},{"type":"Feature","properties":{},"geometry":{"type":"LineString","coordinates":[[85.34633898272365,27.693649635999208],[85.3463446375696,27.693648360532887]]}},{"type":"Feature","properties":{},"geometry":{"type":"LineString","coordinates":[[85.34630646297936,27.69340705787286],[85.34631336012116,27.69340657614901]]}},{"type":"Feature","properties":{},"geometry":{"type":"LineString","coordinates":[[85.3463051179341,27.693388997933592],[85.34641450552392,27.69337297165209]]}},{"type":"Feature","properties":{},"geometry":{"type":"LineString","coordinates":[[85.34629733342462,27.69335551946079],[85.34633140113365,27.693326891143542]]}},{"type":"Feature","properties":{},"geometry":{"type":"LineString","coordinates":[[85.34626609480158,27.693357971366986],[85.34626522245983,27.693350863257507]]}},{"type":"Feature","properties":{},"geometry":{"type":"LineString","coordinates":[[85.34605944083161,27.693383679928054],[85.34605720366282,27.693380139559846]]}},{"type":"Feature","properties":{},"geometry":{"type":"LineString","coordinates":[[85.34605796003302,27.693383976329173],[85.34604947019555,27.693382693474852]]}},{"type":"Feature","properties":{},"geometry":{"type":"LineString","coordinates":[[85.34668071253049,27.691467571608207],[85.34665135759329,27.691472564238886]]}},{"type":"Feature","properties":{},"geometry":{"type":"LineString","coordinates":[[85.34672704548416,27.69157404326085],[85.3467079541994,27.691580280321222]]}},{"type":"Feature","properties":{},"geometry":{"type":"LineString","coordinates":[[85.34688470651935,27.6919855899247],[85.34694391587495,27.691972350500404]]}},{"type":"Feature","properties":{},"geometry":{"type":"LineString","coordinates":[[85.346885809014,27.691988798131895],[85.34694526546328,27.691978607780534]]}},{"type":"Feature","properties":{},"geometry":{"type":"LineString","coordinates":[[85.34690625108409,27.69206794986292],[85.34686636473896,27.69207686927835]]}},{"type":"Feature","properties":{},"geometry":{"type":"LineString","coordinates":[[85.34692201626234,27.69212042308942],[85.346991467534,27.692105371741736]]}},{"type":"Feature","properties":{},"geometry":{"type":"LineString","coordinates":[[85.3469452856508,27.692189724687317],[85.3470159938027,27.692177395998858]]}},{"type":"Feature","properties":{},"geometry":{"type":"LineString","coordinates":[[85.34694922574587,27.69220696088637],[85.34701919220646,27.6921923100935]]}},{"type":"Feature","properties":{},"geometry":{"type":"LineString","coordinates":[[85.34700166435472,27.692395462762306],[85.34697604635046,27.69240168421672]]}},{"type":"Feature","properties":{},"geometry":{"type":"LineString","coordinates":[[85.34702469006801,27.692485318935958],[85.34700278901909,27.69249067769833]]}},{"type":"Feature","properties":{},"geometry":{"type":"LineString","coordinates":[[85.34631122005302,27.6925124734472],[85.34633745274651,27.692512160362945]]}},{"type":"Feature","properties":{},"geometry":{"type":"LineString","coordinates":[[85.3463109761574,27.69251069340381],[85.34633708044481,27.69250497428735]]}},{"type":"Feature","properties":{},"geometry":{"type":"LineString","coordinates":[[85.34627013791699,27.692502566451008],[85.34626688632788,27.69247141023222]]}},{"type":"Feature","properties":{},"geometry":{"type":"LineString","coordinates":[[85.34621466982956,27.69250651423061],[85.34621441616261,27.692511301962192]]}},{"type":"Feature","properties":{},"geometry":{"type":"LineString","coordinates":[[85.34620070805163,27.69250716158223],[85.34620261373772,27.69247713016837]]}},{"type":"Feature","properties":{},"geometry":{"type":"LineString","coordinates":[[85.3461027002819,27.692513612157097],[85.34609906699063,27.692486726779006]]}},{"type":"Feature","properties":{},"geometry":{"type":"LineString","coordinates":[[85.34603069810419,27.692519411173038],[85.34602982203012,27.69250185775044]]}},{"type":"Feature","properties":{},"geometry":{"type":"LineString","coordinates":[[85.34601586736969,27.692521201591415],[85.34601563286047,27.692525995869072]]}},{"type":"Feature","properties":{},"geometry":{"type":"LineString","coordinates":[[85.34596750621564,27.69252332435691],[85.3459681100647,27.692529408471533]]}},{"type":"Feature","properties":{},"geometry":{"type":"LineString","coordinates":[[85.3459286899498,27.6925267570098],[85.34592991385233,27.692535294454885]]}},{"type":"Feature","properties":{},"geometry":{"type":"LineString","coordinates":[[85.34592562058289,27.69252757235621],[85.34592227223986,27.692511717793234]]}},{"type":"Feature","properties":{},"geometry":{"type":"LineString","coordinates":[[85.34583267339366,27.692540683573103],[85.34584136923088,27.692556006333948]]}},{"type":"Feature","properties":{},"geometry":{"type":"LineString","coordinates":[[85.34578879740869,27.69254445737851],[85.34578774807575,27.692539070129012]]}},{"type":"Feature","properties":{},"geometry":{"type":"LineString","coordinates":[[85.34581157326946,27.692540328612946],[85.34581026634807,27.69253460795129]]}},{"type":"Feature","properties":{},"geometry":{"type":"LineString","coordinates":[[85.34582146345011,27.692540257228135],[85.34580831975629,27.69255450046982]]}},{"type":"Feature","properties":{},"geometry":{"type":"LineString","coordinates":[[85.3456734744249,27.69256037978579],[85.34567410239465,27.692562980328116]]}},{"type":"Feature","properties":{},"geometry":{"type":"LineString","coordinates":[[85.3456041112614,27.692571172353077],[85.34559906658914,27.692553907581953]]}},{"type":"Feature","properties":{},"geometry":{"type":"LineString","coordinates":[[85.34559831548908,27.692572517408824],[85.34559952934988,27.69257607082893]]}},{"type":"Feature","properties":{},"geometry":{"type":"LineString","coordinates":[[85.34547974629083,27.692600238774084],[85.34548230694136,27.692604447296354]]}},{"type":"Feature","properties":{},"geometry":{"type":"LineString","coordinates":[[85.34568617719037,27.692529922309266],[85.34568110234893,27.692530863514243]]}},{"type":"Feature","properties":{},"geometry":{"type":"LineString","coordinates":[[85.34566156143924,27.692438602863216],[85.34565359277359,27.69243880459822]]}},{"type":"Feature","properties":{},"geometry":{"type":"LineString","coordinates":[[85.34565795161933,27.69241615291118],[85.34566780916288,27.692414950245986]]}},{"type":"Feature","properties":{},"geometry":{"type":"LineString","coordinates":[[85.34549190350172,27.692405730069567],[85.34552755581568,27.692479848751322]]}},{"type":"Feature","properties":{},"geometry":{"type":"LineString","coordinates":[[85.34551851263896,27.692392958260015],[85.34551533576231,27.69238732085177]]}},{"type":"Feature","properties":{},"geometry":{"type":"LineString","coordinates":[[85.34580387201036,27.69233288096964],[85.34580297260605,27.69231748256848]]}},{"type":"Feature","properties":{},"geometry":{"type":"LineString","coordinates":[[85.34581448349496,27.692330294658547],[85.34581412889871,27.692314807997594]]}},{"type":"Feature","properties":{},"geometry":{"type":"LineString","coordinates":[[85.3458804759028,27.692315615024924],[85.34588150448448,27.692320092250814]]}},{"type":"Feature","properties":{},"geometry":{"type":"LineString","coordinates":[[85.34592441946829,27.69230244278874],[85.34592626820591,27.692292603558894]]}},{"type":"Feature","properties":{},"geometry":{"type":"LineString","coordinates":[[85.34598244728586,27.692306996175855],[85.34598282568929,27.692314583059062]]}},{"type":"Feature","properties":{},"geometry":{"type":"LineString","coordinates":[[85.34600109065418,27.692307277537534],[85.34600252881678,27.692285998934892]]}},{"type":"Feature","properties":{},"geometry":{"type":"LineString","coordinates":[[85.34610998905254,27.69230056178981],[85.34611181604096,27.69230682748624]]}},{"type":"Feature","properties":{},"geometry":{"type":"LineString","coordinates":[[85.34612582737857,27.692299325830497],[85.34612522055784,27.692287182829798]]}},{"type":"Feature","properties":{},"geometry":{"type":"LineString","coordinates":[[85.3461641642663,27.69229741993206],[85.34616428965326,27.692303496526556]]}},{"type":"Feature","properties":{},"geometry":{"type":"LineString","coordinates":[[85.34628525579001,27.6922945149527],[85.34628541377784,27.692299101818506]]}},{"type":"Feature","properties":{},"geometry":{"type":"LineString","coordinates":[[85.34645014107548,27.69230781564158],[85.3464483449633,27.69229559796781]]}},{"type":"Feature","properties":{},"geometry":{"type":"LineString","coordinates":[[85.34645677980666,27.69230738678085],[85.34645758002036,27.69231679193383]]}},{"type":"Feature","properties":{},"geometry":{"type":"LineString","coordinates":[[85.34648150357265,27.692306139555292],[85.3464797783549,27.692317810650593]]}},{"type":"Feature","properties":{},"geometry":{"type":"LineString","coordinates":[[85.34653568661534,27.69230503471185],[85.34654940293967,27.692332446633987]]}},{"type":"Feature","properties":{},"geometry":{"type":"LineString","coordinates":[[85.34660365666808,27.692290454159497],[85.34660926087054,27.692299464494404]]}},{"type":"Feature","properties":{},"geometry":{"type":"LineString","coordinates":[[85.34673927485396,27.692256679760593],[85.34673897641952,27.69224290772032]]}},{"type":"Feature","properties":{},"geometry":{"type":"LineString","coordinates":[[85.34674168983496,27.692256360208276],[85.34674591333037,27.69226763932227]]}},{"type":"Feature","properties":{},"geometry":{"type":"LineString","coordinates":[[85.34682579487551,27.692244470461507],[85.34682117003906,27.692228199038823]]}},{"type":"Feature","properties":{},"geometry":{"type":"LineString","coordinates":[[85.34720347377993,27.692350697015332],[85.34720458886181,27.692357176230324]]}},{"type":"Feature","properties":{},"geometry":{"type":"LineString","coordinates":[[85.34734281045954,27.692277315351912],[85.34734904141197,27.692276359001774]]}},{"type":"Feature","properties":{},"geometry":{"type":"LineString","coordinates":[[85.34733112891071,27.692187641551424],[85.347309091818,27.692192209005324]]}},{"type":"Feature","properties":{},"geometry":{"type":"LineString","coordinates":[[85.34733276602354,27.692172322165263],[85.34734027544347,27.692171844987595]]}},{"type":"Feature","properties":{},"geometry":{"type":"LineString","coordinates":[[85.3473260274446,27.69210843289044],[85.34733088939329,27.69210762175866]]}},{"type":"Feature","properties":{},"geometry":{"type":"LineString","coordinates":[[85.34731609286449,27.6920211211665],[85.34729243587192,27.692022299143623]]}},{"type":"Feature","properties":{},"geometry":{"type":"LineString","coordinates":[[85.34731456739677,27.69201024883045],[85.34732018234705,27.692009057684967]]}},{"type":"Feature","properties":{},"geometry":{"type":"LineString","coordinates":[[85.34731190076364,27.69199200343888],[85.34728704479963,27.691989982890288]]}},{"type":"Feature","properties":{},"geometry":{"type":"LineString","coordinates":[[85.34719368549058,27.69182998093952],[85.34719287992658,27.69183580183075]]}},{"type":"Feature","properties":{},"geometry":{"type":"LineString","coordinates":[[85.34743876973488,27.69182677684665],[85.34744166859578,27.69180907352416]]}},{"type":"Feature","properties":{},"geometry":{"type":"LineString","coordinates":[[85.34744935796871,27.69182795017498],[85.34745253398604,27.69181015629414]]}},{"type":"Feature","properties":{},"geometry":{"type":"LineString","coordinates":[[85.34745152734808,27.691827981480454],[85.3474424075307,27.691835006437955]]}},{"type":"Feature","properties":{},"geometry":{"type":"LineString","coordinates":[[85.34670806574013,27.691893371695777],[85.34669796273235,27.691872311790533]]}},{"type":"Feature","properties":{},"geometry":{"type":"LineString","coordinates":[[85.34658361661947,27.691934280565288],[85.3465747278666,27.691915338104014]]}},{"type":"Feature","properties":{},"geometry":{"type":"LineString","coordinates":[[85.34650404554343,27.691960812309798],[85.34649832231699,27.69193978663998]]}},{"type":"Feature","properties":{},"geometry":{"type":"LineString","coordinates":[[85.34646940086978,27.691972655302337],[85.34646163648807,27.69195176952181]]}},{"type":"Feature","properties":{},"geometry":{"type":"LineString","coordinates":[[85.3464356005751,27.69198189005727],[85.34644179367424,27.691997707280162]]}},{"type":"Feature","properties":{},"geometry":{"type":"LineString","coordinates":[[85.34637169417097,27.69197739392208],[85.34637235059412,27.691982614918743]]}},{"type":"Feature","properties":{},"geometry":{"type":"LineString","coordinates":[[85.34627444488898,27.691989523542556],[85.34627451243915,27.691993921596996]]}},{"type":"Feature","properties":{},"geometry":{"type":"LineString","coordinates":[[85.34622034449909,27.691991344099204],[85.3462198295105,27.691968937437654]]}},{"type":"Feature","properties":{},"geometry":{"type":"LineString","coordinates":[[85.34613007294425,27.691994746213087],[85.3461294494788,27.691977115479283]]}},{"type":"Feature","properties":{},"geometry":{"type":"LineString","coordinates":[[85.34605340022584,27.69206118899094],[85.34605044302275,27.692062568874604]]}},{"type":"Feature","properties":{},"geometry":{"type":"LineString","coordinates":[[85.34604999079633,27.692087119283553],[85.34605236055762,27.692106412623083]]}},{"type":"Feature","properties":{},"geometry":{"type":"LineString","coordinates":[[85.345982360785,27.692094617669525],[85.34598059727472,27.69210452109753]]}},{"type":"Feature","properties":{},"geometry":{"type":"LineString","coordinates":[[85.34589187634722,27.692103727546527],[85.34589236507989,27.692095252979556]]}},{"type":"Feature","properties":{},"geometry":{"type":"LineString","coordinates":[[85.34583839503277,27.69211203027534],[85.34583679297675,27.692103221155648]]}},{"type":"Feature","properties":{},"geometry":{"type":"LineString","coordinates":[[85.34578024668482,27.692122068799833],[85.34578232757568,27.69212770032962]]}},{"type":"Feature","properties":{},"geometry":{"type":"LineString","coordinates":[[85.34573099696986,27.69213115220615],[85.34573104910423,27.692133343329452]]}},{"type":"Feature","properties":{},"geometry":{"type":"LineString","coordinates":[[85.34565019950033,27.69214942576352],[85.34565569300804,27.69216059372302]]}},{"type":"Feature","properties":{},"geometry":{"type":"LineString","coordinates":[[85.34562216217687,27.692156724594177],[85.34561819176912,27.69214655590801]]}},{"type":"Feature","properties":{},"geometry":{"type":"LineString","coordinates":[[85.34559419321438,27.692162986297852],[85.34556309098909,27.692181159481486]]}},{"type":"Feature","properties":{},"geometry":{"type":"LineString","coordinates":[[85.34663323931231,27.69132084049124],[85.346616111782,27.6913294521439]]}},{"type":"Feature","properties":{},"geometry":{"type":"LineString","coordinates":[[85.34654101191344,27.6917796388979],[85.34656523730509,27.691777745790933]]}},{"type":"Feature","properties":{},"geometry":{"type":"LineString","coordinates":[[85.34645617261607,27.691766937725877],[85.34645557783509,27.69175722274148]]}},{"type":"Feature","properties":{},"geometry":{"type":"LineString","coordinates":[[85.34631951068486,27.69177695949714],[85.34631887528583,27.69177229472515]]}},{"type":"Feature","properties":{},"geometry":{"type":"LineString","coordinates":[[85.34621718135188,27.691782317918335],[85.34621795966429,27.69177777021393]]}},{"type":"Feature","properties":{},"geometry":{"type":"LineString","coordinates":[[85.34615406914733,27.691787161784728],[85.34615598205745,27.691796000788607]]}},{"type":"Feature","properties":{},"geometry":{"type":"LineString","coordinates":[[85.34611311613669,27.691789626710108],[85.34611317114015,27.691786045126555]]}},{"type":"Feature","properties":{},"geometry":{"type":"LineString","coordinates":[[85.34603738157894,27.69164129789251],[85.34603892816713,27.69163085124136]]}},{"type":"Feature","properties":{},"geometry":{"type":"LineString","coordinates":[[85.34602997113576,27.6916391127431],[85.34603126232591,27.691629061970715]]}},{"type":"Feature","properties":{},"geometry":{"type":"LineString","coordinates":[[85.34593200628791,27.69163005603637],[85.34590421752652,27.691642937493]]}},{"type":"Feature","properties":{},"geometry":{"type":"LineString","coordinates":[[85.34600376949574,27.691788243010272],[85.34600468198524,27.691779907082047]]}},{"type":"Feature","properties":{},"geometry":{"type":"LineString","coordinates":[[85.34595199322408,27.691789320444233],[85.34595181813194,27.691804633806598]]}},{"type":"Feature","properties":{},"geometry":{"type":"LineString","coordinates":[[85.34591384155657,27.691789175189705],[85.34591156439942,27.691778806514247]]}},{"type":"Feature","properties":{},"geometry":{"type":"LineString","coordinates":[[85.34585888666648,27.691789841863557],[85.34585774388891,27.691806659055175]]}},{"type":"Feature","properties":{},"geometry":{"type":"LineString","coordinates":[[85.34585665389824,27.69178964370582],[85.34584916372334,27.69180686974402]]}},{"type":"Feature","properties":{},"geometry":{"type":"LineString","coordinates":[[85.34572486205361,27.691788021440882],[85.34572703696395,27.69180893615303]]}},{"type":"Feature","properties":{},"geometry":{"type":"LineString","coordinates":[[85.34572025110138,27.69178819109079],[85.34572128339232,27.691779375534633]]}},{"type":"Feature","properties":{},"geometry":{"type":"LineString","coordinates":[[85.34571395530494,27.69178840559584],[85.345712687444,27.691779422664098]]}},{"type":"Feature","properties":{},"geometry":{"type":"LineString","coordinates":[[85.34564062722316,27.69179407847158],[85.34564302888316,27.691817101553966]]}},{"type":"Feature","properties":{},"geometry":{"type":"LineString","coordinates":[[85.3456316064193,27.691795941875625],[85.34563538575188,27.69181985779851]]}},{"type":"Feature","properties":{},"geometry":{"type":"LineString","coordinates":[[85.34556918540807,27.691660202771804],[85.34559351642669,27.69166455045809]]}},{"type":"Feature","properties":{},"geometry":{"type":"LineString","coordinates":[[85.34557153781083,27.69162637694986],[85.34559670430338,27.69162568211565]]}},{"type":"Feature","properties":{},"geometry":{"type":"LineString","coordinates":[[85.34541736066986,27.691644427984794],[85.34541544686768,27.69162381874512]]}},{"type":"Feature","properties":{},"geometry":{"type":"LineString","coordinates":[[85.34540247860089,27.691643578657526],[85.34540308849138,27.69165026846062]]}},{"type":"Feature","properties":{},"geometry":{"type":"LineString","coordinates":[[85.34534071295589,27.69163733050322],[85.34534393718863,27.69161656333925]]}},{"type":"Feature","properties":{},"geometry":{"type":"LineString","coordinates":[[85.34526529477758,27.691628242195947],[85.34526038269172,27.691633252243353]]}},{"type":"Feature","properties":{},"geometry":{"type":"LineString","coordinates":[[85.34526361503234,27.691628150821025],[85.34525120423449,27.691631451171798]]}},{"type":"Feature","properties":{},"geometry":{"type":"LineString","coordinates":[[85.34558369534238,27.691486558517415],[85.34560775570783,27.691488007570488]]}},{"type":"Feature","properties":{},"geometry":{"type":"LineString","coordinates":[[85.34558641874187,27.691417570882752],[85.3456134706489,27.691418117921913]]}},{"type":"Feature","properties":{},"geometry":{"type":"LineString","coordinates":[[85.34558703905623,27.6913980849147],[85.34558167841926,27.691397473919107]]}},{"type":"Feature","properties":{},"geometry":{"type":"LineString","coordinates":[[85.34558946229454,27.691340194214856],[85.34561426451629,27.69134011778603]]}},{"type":"Feature","properties":{},"geometry":{"type":"LineString","coordinates":[[85.34559145282607,27.691295601100613],[85.34558490695835,27.691295658276058]]}},{"type":"Feature","properties":{},"geometry":{"type":"LineString","coordinates":[[85.34559233719142,27.691258199865416],[85.34561639774913,27.69125667409691]]}},{"type":"Feature","properties":{},"geometry":{"type":"LineString","coordinates":[[85.34559353846196,27.69122197212736],[85.34558793863427,27.69122209475927]]}},{"type":"Feature","properties":{},"geometry":{"type":"LineString","coordinates":[[85.34559490040377,27.69110098557565],[85.34561912011075,27.69110248616841]]}},{"type":"Feature","properties":{},"geometry":{"type":"LineString","coordinates":[[85.34548297212854,27.69179235365961],[85.34548248101349,27.69182666924144]]}},{"type":"Feature","properties":{},"geometry":{"type":"LineString","coordinates":[[85.3454318167141,27.691792939204227],[85.34543069900973,27.691825234601197]]}},{"type":"Feature","properties":{},"geometry":{"type":"LineString","coordinates":[[85.34537219581226,27.691795073443057],[85.34538711632399,27.691819596341777]]}},{"type":"Feature","properties":{},"geometry":{"type":"LineString","coordinates":[[85.34529188940644,27.691797473118147],[85.34529332008101,27.69177911961594]]}},{"type":"Feature","properties":{},"geometry":{"type":"LineString","coordinates":[[85.34524148765708,27.69180509759707],[85.34524077462657,27.691797381259]]}},{"type":"Feature","properties":{},"geometry":{"type":"LineString","coordinates":[[85.34518918579059,27.69181534202984],[85.34519476401809,27.69183937603306]]}},{"type":"Feature","properties":{},"geometry":{"type":"LineString","coordinates":[[85.34518206996331,27.691816211893457],[85.34517875208226,27.69180681636044]]}},{"type":"Feature","properties":{},"geometry":{"type":"LineString","coordinates":[[85.34505046321503,27.691849910868335],[85.34505686093495,27.69187453320797]]}},{"type":"Feature","properties":{},"geometry":{"type":"LineString","coordinates":[[85.3450985554917,27.69196373910467],[85.34510379100551,27.691960412583533]]}},{"type":"Feature","properties":{},"geometry":{"type":"LineString","coordinates":[[85.34515413703663,27.69204354297232],[85.3451580800336,27.69206480283695]]}},{"type":"Feature","properties":{},"geometry":{"type":"LineString","coordinates":[[85.34527035535103,27.692018376885766],[85.34528110585727,27.69201598361784]]}},{"type":"Feature","properties":{},"geometry":{"type":"LineString","coordinates":[[85.34538334548849,27.69205249163107],[85.34538268703683,27.69204310531704]]}},{"type":"Feature","properties":{},"geometry":{"type":"LineString","coordinates":[[85.34538427763323,27.69205549564102],[85.34550093193758,27.692051844253843]]}},{"type":"Feature","properties":{},"geometry":{"type":"LineString","coordinates":[[85.34541226874222,27.692146330176968],[85.34542836206607,27.692142639687567]]}},{"type":"Feature","properties":{},"geometry":{"type":"LineString","coordinates":[[85.34541753056733,27.692163917053445],[85.34541113798436,27.692165034747305]]}},{"type":"Feature","properties":{},"geometry":{"type":"LineString","coordinates":[[85.3454195105536,27.692174422982877],[85.34541356629397,27.692175597479523]]}},{"type":"Feature","properties":{},"geometry":{"type":"LineString","coordinates":[[85.3454214594475,27.692178855250177],[85.3454381462184,27.69217534784913]]}},{"type":"Feature","properties":{},"geometry":{"type":"LineString","coordinates":[[85.34493581709755,27.69160194914139],[85.34496317567707,27.69159897279096]]}},{"type":"Feature","properties":{},"geometry":{"type":"LineString","coordinates":[[85.34491778922293,27.691547162501383],[85.34490722505059,27.691549641004627]]}},{"type":"Feature","properties":{},"geometry":{"type":"LineString","coordinates":[[85.3449115418429,27.69152904485904],[85.34493800354765,27.691526708534912]]}},{"type":"Feature","properties":{},"geometry":{"type":"LineString","coordinates":[[85.34488365010677,27.691432600237956],[85.34491107104789,27.69142239517906]]}},{"type":"Feature","properties":{},"geometry":{"type":"LineString","coordinates":[[85.34487522620758,27.691387233725163],[85.34490092995118,27.69138385582471]]}},{"type":"Feature","properties":{},"geometry":{"type":"LineString","coordinates":[[85.3448740262476,27.691370864189317],[85.34486354081818,27.69136987150325]]}},{"type":"Feature","properties":{},"geometry":{"type":"LineString","coordinates":[[85.34487390187503,27.691356793680725],[85.3448644116665,27.691356034016348]]}},{"type":"Feature","properties":{},"geometry":{"type":"LineString","coordinates":[[85.34487654085314,27.69130600056585],[85.34490366657407,27.691306961995192]]}},{"type":"Feature","properties":{},"geometry":{"type":"LineString","coordinates":[[85.34487509956067,27.691255957440813],[85.344904634373,27.691254231877902]]}},{"type":"Feature","properties":{},"geometry":{"type":"LineString","coordinates":[[85.34487533497001,27.69123598310952],[85.34487035669008,27.691235433517893]]}},{"type":"Feature","properties":{},"geometry":{"type":"LineString","coordinates":[[85.34487940437984,27.691152270163286],[85.34490769214126,27.69115248552914]]}},{"type":"Feature","properties":{},"geometry":{"type":"LineString","coordinates":[[85.34487854234531,27.691128084932362],[85.34490536393574,27.691126485787343]]}},{"type":"Feature","properties":{},"geometry":{"type":"LineString","coordinates":[[85.34488346931401,27.691021466370955],[85.34486209340648,27.69102180294599]]}},{"type":"Feature","properties":{},"geometry":{"type":"LineString","coordinates":[[85.34488395361927,27.691016381751172],[85.3449157115719,27.691017301970003]]}},{"type":"Feature","properties":{},"geometry":{"type":"LineString","coordinates":[[85.34488559526635,27.690990834706152],[85.34487810878308,27.69099040134931]]}},{"type":"Feature","properties":{},"geometry":{"type":"LineString","coordinates":[[85.34614783233592,27.691120018837783],[85.34616733731318,27.691070861276668]]}},{"type":"Feature","properties":{},"geometry":{"type":"LineString","coordinates":[[85.34618743884691,27.691135496852326],[85.34617540901732,27.691161019133308]]}},{"type":"Feature","properties":{},"geometry":{"type":"LineString","coordinates":[[85.34621810143454,27.691147608009476],[85.34623539892266,27.69109549799048]]}},{"type":"Feature","properties":{},"geometry":{"type":"LineString","coordinates":[[85.34624985816367,27.691158973178432],[85.34624179288964,27.691181533695012]]}},{"type":"Feature","properties":{},"geometry":{"type":"LineString","coordinates":[[85.34641744170686,27.691222204739116],[85.34643963114448,27.691168967152834]]}},{"type":"Feature","properties":{},"geometry":{"type":"LineString","coordinates":[[85.34646136506232,27.69123644447634],[85.34644013467287,27.69128020495649]]}},{"type":"Feature","properties":{},"geometry":{"type":"LineString","coordinates":[[85.34646884198231,27.691239465259432],[85.34645020544731,27.691282204335927]]}},{"type":"Feature","properties":{},"geometry":{"type":"LineString","coordinates":[[85.34647392023241,27.691241321082195],[85.34645424164067,27.69128323451369]]}},{"type":"Feature","properties":{},"geometry":{"type":"LineString","coordinates":[[85.34647799548023,27.69124258548737],[85.3464624867283,27.691282245392426]]}},{"type":"Feature","properties":{},"geometry":{"type":"LineString","coordinates":[[85.34662813272477,27.69112102511383],[85.34661507277706,27.691119569496816]]}},{"type":"Feature","properties":{},"geometry":{"type":"LineString","coordinates":[[85.34663349966645,27.691100223925652],[85.3466198365361,27.691098289973354]]}},{"type":"Feature","properties":{},"geometry":{"type":"LineString","coordinates":[[85.34663574679827,27.691084597742574],[85.3467029572741,27.69110045664645]]}},{"type":"Feature","properties":{},"geometry":{"type":"LineString","coordinates":[[85.34674937055301,27.691318474238397],[85.34676293266371,27.6912745598784]]}},{"type":"Feature","properties":{},"geometry":{"type":"LineString","coordinates":[[85.34675825953336,27.691320779892987],[85.3467723667712,27.69127736122526]]}},{"type":"Feature","properties":{},"geometry":{"type":"LineString","coordinates":[[85.34677365614596,27.691324556787595],[85.34676641369488,27.69134163872319]]}},{"type":"Feature","properties":{},"geometry":{"type":"LineString","coordinates":[[85.34619606845787,27.690682307887215],[85.34620108386649,27.69068328568512]]}},{"type":"Feature","properties":{},"geometry":{"type":"LineString","coordinates":[[85.3461899343634,27.690698571776558],[85.3462007440194,27.690700653103985]]}},{"type":"Feature","properties":{},"geometry":{"type":"LineString","coordinates":[[85.34615864846457,27.6908008745905],[85.34617142985333,27.690804192503677]]}},{"type":"Feature","properties":{},"geometry":{"type":"LineString","coordinates":[[85.34602457723472,27.690636692411672],[85.3460270491045,27.690618202409453]]}},{"type":"Feature","properties":{},"geometry":{"type":"LineString","coordinates":[[85.34602189344727,27.690649532595636],[85.34604469909357,27.690654835833957]]}},{"type":"Feature","properties":{},"geometry":{"type":"LineString","coordinates":[[85.34600838353322,27.690688423881845],[85.34603219616842,27.69069560112138]]}},{"type":"Feature","properties":{},"geometry":{"type":"LineString","coordinates":[[85.34599284455435,27.690736339044026],[85.3459873173717,27.69073594900682]]}},{"type":"Feature","properties":{},"geometry":{"type":"LineString","coordinates":[[85.34597456898997,27.69079023704517],[85.3460005725867,27.690796753616734]]}},{"type":"Feature","properties":{},"geometry":{"type":"LineString","coordinates":[[85.3459624073335,27.69082860650686],[85.34595739472266,27.69082730832657]]}},{"type":"Feature","properties":{},"geometry":{"type":"LineString","coordinates":[[85.34596051757688,27.690836797184573],[85.34595446542367,27.690835717641082]]}},{"type":"Feature","properties":{},"geometry":{"type":"LineString","coordinates":[[85.34595908135285,27.69084086499305],[85.34598877912877,27.690848297561637]]}},{"type":"Feature","properties":{},"geometry":{"type":"LineString","coordinates":[[85.34580169487221,27.690983627500334],[85.34581415635836,27.69092510668298]]}},{"type":"Feature","properties":{},"geometry":{"type":"LineString","coordinates":[[85.34578880317184,27.690982178328827],[85.34578789294147,27.690998030760714]]}},{"type":"Feature","properties":{},"geometry":{"type":"LineString","coordinates":[[85.34594744298569,27.691096809704707],[85.34591744661533,27.691090347415468]]}},{"type":"Feature","properties":{},"geometry":{"type":"LineString","coordinates":[[85.3459414643701,27.691170888595494],[85.34591135219175,27.691171165201414]]}},{"type":"Feature","properties":{},"geometry":{"type":"LineString","coordinates":[[85.34593960437716,27.691192573726983],[85.34594373116397,27.691192772845874]]}},{"type":"Feature","properties":{},"geometry":{"type":"LineString","coordinates":[[85.34601282035362,27.69106819530885],[85.3460317575141,27.691015342243542]]}},{"type":"Feature","properties":{},"geometry":{"type":"LineString","coordinates":[[85.34686420490814,27.69135258541864],[85.34687901078492,27.691309431405358]]}},{"type":"Feature","properties":{},"geometry":{"type":"LineString","coordinates":[[85.34696745961517,27.69138255543927],[85.34695518269207,27.691397299235927]]}},{"type":"Feature","properties":{},"geometry":{"type":"LineString","coordinates":[[85.34696859820578,27.691383031139708],[85.34696223873186,27.691397434012494]]}},{"type":"Feature","properties":{},"geometry":{"type":"LineString","coordinates":[[85.34722694552046,27.691467824203862],[85.34722339927009,27.691477144984468]]}},{"type":"Feature","properties":{},"geometry":{"type":"LineString","coordinates":[[85.34730142562142,27.691494364691753],[85.34729707509268,27.691501479055525]]}},{"type":"Feature","properties":{},"geometry":{"type":"LineString","coordinates":[[85.34734309471072,27.691515032325473],[85.34734152207393,27.69152506260648]]}},{"type":"Feature","properties":{},"geometry":{"type":"LineString","coordinates":[[85.34735377425,27.691520037194543],[85.34737323987717,27.691458248622702]]}},{"type":"Feature","properties":{},"geometry":{"type":"LineString","coordinates":[[85.34741049325707,27.69155222323019],[85.34743199168858,27.691517101440166]]}},{"type":"Feature","properties":{},"geometry":{"type":"LineString","coordinates":[[85.34746793523814,27.691588448683557],[85.3474619616683,27.691595342413184]]}},{"type":"Feature","properties":{},"geometry":{"type":"LineString","coordinates":[[85.3474802915229,27.691595360796917],[85.34749965664543,27.691557408395152]]}},{"type":"Feature","properties":{},"geometry":{"type":"LineString","coordinates":[[85.34629566713116,27.69137874817108],[85.34629301665542,27.691405793168254]]}},{"type":"Feature","properties":{},"geometry":{"type":"LineString","coordinates":[[85.34622295465023,27.691374946474372],[85.34622270266503,27.69136852359113]]}},{"type":"Feature","properties":{},"geometry":{"type":"LineString","coordinates":[[85.34615710567255,27.691371474014574],[85.34615771693531,27.6913665732212]]}},{"type":"Feature","properties":{},"geometry":{"type":"LineString","coordinates":[[85.34607257102313,27.691365290898336],[85.34606888560906,27.691389016566653]]}},{"type":"Feature","properties":{},"geometry":{"type":"LineString","coordinates":[[85.34599402489945,27.691357281189212],[85.34599492316447,27.69135049387487]]}},{"type":"Feature","properties":{},"geometry":{"type":"LineString","coordinates":[[85.3459795727332,27.691355492987686],[85.34597825147392,27.691379241477133]]}},{"type":"Feature","properties":{},"geometry":{"type":"LineString","coordinates":[[85.34597266238414,27.69135578319965],[85.34596532119087,27.691378599646395]]}},{"type":"Feature","properties":{},"geometry":{"type":"LineString","coordinates":[[85.34591427381562,27.69134943304041],[85.34588238850428,27.6913431656934]]}},{"type":"Feature","properties":{},"geometry":{"type":"LineString","coordinates":[[85.34520347865289,27.690823244148355],[85.34521248058938,27.690757615949167]]}},{"type":"Feature","properties":{},"geometry":{"type":"LineString","coordinates":[[85.34522778870148,27.690831859824243],[85.34524769453893,27.690603800065666]]}},{"type":"Feature","properties":{},"geometry":{"type":"LineString","coordinates":[[85.34517905806841,27.690814495374365],[85.34521686827277,27.690851040385976]]}},{"type":"Feature","properties":{},"geometry":{"type":"LineString","coordinates":[[85.34527783480847,27.691183138321616],[85.34530160418251,27.69118256493339]]}},{"type":"Feature","properties":{},"geometry":{"type":"LineString","coordinates":[[85.3452779926611,27.691180470450877],[85.34526879441526,27.69118166472444]]}},{"type":"Feature","properties":{},"geometry":{"type":"LineString","coordinates":[[85.34527809149212,27.691167328629113],[85.3452699256513,27.69116756770114]]}},{"type":"Feature","properties":{},"geometry":{"type":"LineString","coordinates":[[85.34528555892967,27.691021855631277],[85.34527466477105,27.69102161172631]]}},{"type":"Feature","properties":{},"geometry":{"type":"LineString","coordinates":[[85.34528824283441,27.69096511159045],[85.34531062549547,27.690965519853957]]}},{"type":"Feature","properties":{},"geometry":{"type":"LineString","coordinates":[[85.3454224887231,27.69089006264645],[85.34541530704321,27.69093147720891]]}},{"type":"Feature","properties":{},"geometry":{"type":"LineString","coordinates":[[85.34558218056729,27.690283353509237],[85.34565490541372,27.69028164466669]]}},{"type":"Feature","properties":{},"geometry":{"type":"LineString","coordinates":[[85.34558192218168,27.690282131972992],[85.34565120094594,27.69027684033478]]}},{"type":"Feature","properties":{},"geometry":{"type":"LineString","coordinates":[[85.34532084255525,27.690272699129434],[85.34531145445206,27.690280907601533]]}},{"type":"Feature","properties":{},"geometry":{"type":"LineString","coordinates":[[85.3453221414501,27.69027235994623],[85.34531949207276,27.690280291529945]]}},{"type":"Feature","properties":{},"geometry":{"type":"LineString","coordinates":[[85.34538592948653,27.690263993712577],[85.34536885393456,27.690181486597947]]}},{"type":"Feature","properties":{},"geometry":{"type":"LineString","coordinates":[[85.3453947267801,27.690262622249747],[85.34539420185544,27.690260383959213]]}},{"type":"Feature","properties":{},"geometry":{"type":"LineString","coordinates":[[85.34540961758266,27.690261333523782],[85.34540852054852,27.690258304979704]]}},{"type":"Feature","properties":{},"geometry":{"type":"LineString","coordinates":[[85.34543949674536,27.690257867313548],[85.34543968119964,27.690265067393096]]}},{"type":"Feature","properties":{},"geometry":{"type":"LineString","coordinates":[[85.34561074505301,27.690168164129634],[85.34560385686409,27.690126170791455]]}},{"type":"Feature","properties":{},"geometry":{"type":"LineString","coordinates":[[85.34567832372447,27.690162311533673],[85.34567607853495,27.690121379112846]]}},{"type":"Feature","properties":{},"geometry":{"type":"LineString","coordinates":[[85.34568068837537,27.69016216649283],[85.3456846529963,27.6901807180396]]}},{"type":"Feature","properties":{},"geometry":{"type":"LineString","coordinates":[[85.34571518376646,27.690159518931868],[85.34570642833702,27.690122269683744]]}},{"type":"Feature","properties":{},"geometry":{"type":"LineString","coordinates":[[85.34577972498403,27.690152166957585],[85.34578442148484,27.690171807603424]]}},{"type":"Feature","properties":{},"geometry":{"type":"LineString","coordinates":[[85.34590398381518,27.690135263536597],[85.34590349152172,27.69010146779926]]}},{"type":"Feature","properties":{},"geometry":{"type":"LineString","coordinates":[[85.34594418629798,27.69013889276582],[85.34594115282518,27.69015582817743]]}},{"type":"Feature","properties":{},"geometry":{"type":"LineString","coordinates":[[85.34598634254445,27.69015039754939],[85.3459943314853,27.690108683912953]]}},{"type":"Feature","properties":{},"geometry":{"type":"LineString","coordinates":[[85.34599571400382,27.69015506016879],[85.34599158038581,27.6901648008103]]}},{"type":"Feature","properties":{},"geometry":{"type":"LineString","coordinates":[[85.34549784221569,27.69010074458032],[85.34547457900726,27.69011006078957]]}},{"type":"Feature","properties":{},"geometry":{"type":"LineString","coordinates":[[85.34546737388372,27.69004430660741],[85.34544407772813,27.690053253273256]]}},{"type":"Feature","properties":{},"geometry":{"type":"LineString","coordinates":[[85.34545019539497,27.690008228405084],[85.34550969246008,27.68999131238134]]}},{"type":"Feature","properties":{},"geometry":{"type":"LineString","coordinates":[[85.34543159690034,27.68996700672179],[85.3454056008672,27.689976679268582]]}},{"type":"Feature","properties":{},"geometry":{"type":"LineString","coordinates":[[85.34540706110963,27.6899142020055],[85.34538132803532,27.689925129533833]]}},{"type":"Feature","properties":{},"geometry":{"type":"LineString","coordinates":[[85.34539082859183,27.689867168154013],[85.34545092082163,27.68985845175615]]}},{"type":"Feature","properties":{},"geometry":{"type":"LineString","coordinates":[[85.34540712715884,27.689785159996877],[85.34539125776344,27.689778259883695]]}},{"type":"Feature","properties":{},"geometry":{"type":"LineString","coordinates":[[85.34543556778738,27.689674151607534],[85.34549435015286,27.6896618553467]]}},{"type":"Feature","properties":{},"geometry":{"type":"LineString","coordinates":[[85.34543291003702,27.689663678193064],[85.34549188491648,27.68964567467024]]}},{"type":"Feature","properties":{},"geometry":{"type":"LineString","coordinates":[[85.34543152395312,27.68965581391592],[85.34541348587263,27.689658321398458]]}},{"type":"Feature","properties":{},"geometry":{"type":"LineString","coordinates":[[85.34534926665236,27.689683605410444],[85.34534838017184,27.68967925533359]]}},{"type":"Feature","properties":{},"geometry":{"type":"LineString","coordinates":[[85.34521576025209,27.689712810678657],[85.34526231540171,27.689848851328218]]}},{"type":"Feature","properties":{},"geometry":{"type":"LineString","coordinates":[[85.34541599724801,27.689592165241777],[85.34547643496416,27.689583792316384]]}},{"type":"Feature","properties":{},"geometry":{"type":"LineString","coordinates":[[85.34538794988356,27.689490102239827],[85.3453653408023,27.68949444143985]]}},{"type":"Feature","properties":{},"geometry":{"type":"LineString","coordinates":[[85.34537739506865,27.68945492540034],[85.34545003820182,27.68943627471362]]}},{"type":"Feature","properties":{},"geometry":{"type":"LineString","coordinates":[[85.34534963938393,27.689357998706598],[85.34542013898867,27.68933914822768]]}},{"type":"Feature","properties":{},"geometry":{"type":"LineString","coordinates":[[85.34535105768904,27.68936406186976],[85.34532766049259,27.689367480969413]]}},{"type":"Feature","properties":{},"geometry":{"type":"LineString","coordinates":[[85.3453511798344,27.68936503899123],[85.34532885156861,27.689373282384313]]}},{"type":"Feature","properties":{},"geometry":{"type":"LineString","coordinates":[[85.34531591913766,27.689214455974227],[85.34529139150794,27.689217803797685]]}},{"type":"Feature","properties":{},"geometry":{"type":"LineString","coordinates":[[85.34679994152003,27.689524561661703],[85.34681146586087,27.68951648328171]]}},{"type":"Feature","properties":{},"geometry":{"type":"LineString","coordinates":[[85.34690209602833,27.68963181971086],[85.34686395107255,27.68966290865363]]}},{"type":"Feature","properties":{},"geometry":{"type":"LineString","coordinates":[[85.34692083208938,27.68965115679045],[85.3469414579198,27.689636923314637]]}},{"type":"Feature","properties":{},"geometry":{"type":"LineString","coordinates":[[85.3469581369824,27.689689760351975],[85.34697745329028,27.68967482258902]]}},{"type":"Feature","properties":{},"geometry":{"type":"LineString","coordinates":[[85.3469858239497,27.68972000605569],[85.34693423385534,27.68975670906977]]}},{"type":"Feature","properties":{},"geometry":{"type":"LineString","coordinates":[[85.34701882121915,27.689756354140982],[85.34704028167242,27.689739418434637]]}},{"type":"Feature","properties":{},"geometry":{"type":"LineString","coordinates":[[85.34775785442274,27.69024944552478],[85.34776677480016,27.69024131253002]]}},{"type":"Feature","properties":{},"geometry":{"type":"LineString","coordinates":[[85.34771830892679,27.690212616030404],[85.34772660458526,27.69020435734931]]}},{"type":"Feature","properties":{},"geometry":{"type":"LineString","coordinates":[[85.34763303448483,27.69012862568201],[85.34763912253176,27.69012435793828]]}},{"type":"Feature","properties":{},"geometry":{"type":"LineString","coordinates":[[85.34760750527003,27.69010138428166],[85.34761658468986,27.69009400141275]]}},{"type":"Feature","properties":{},"geometry":{"type":"LineString","coordinates":[[85.34743314262312,27.68995695430489],[85.34742391121246,27.689965273103166]]}},{"type":"Feature","properties":{},"geometry":{"type":"LineString","coordinates":[[85.34739247901625,27.68992335335855],[85.34740069993937,27.689917902557532]]}},{"type":"Feature","properties":{},"geometry":{"type":"LineString","coordinates":[[85.34738480745298,27.689916026016864],[85.34739469396294,27.68990588285156]]}},{"type":"Feature","properties":{},"geometry":{"type":"LineString","coordinates":[[85.34735816679206,27.6898935160431],[85.34735115759872,27.68989862479359]]}},{"type":"Feature","properties":{},"geometry":{"type":"LineString","coordinates":[[85.34734885978179,27.689887197192004],[85.34734499219053,27.68989241112738]]}},{"type":"Feature","properties":{},"geometry":{"type":"LineString","coordinates":[[85.34736996142996,27.689760857498147],[85.34739338395742,27.68975905754077]]}},{"type":"Feature","properties":{},"geometry":{"type":"LineString","coordinates":[[85.34736848449015,27.689759420152026],[85.34739344113628,27.6897428068087]]}},{"type":"Feature","properties":{},"geometry":{"type":"LineString","coordinates":[[85.34730637057686,27.689707287339395],[85.34732456117204,27.689692901993762]]}},{"type":"Feature","properties":{},"geometry":{"type":"LineString","coordinates":[[85.34730388835332,27.689704535607213],[85.34731245320334,27.689692809837055]]}},{"type":"Feature","properties":{},"geometry":{"type":"LineString","coordinates":[[85.3472295024159,27.689763504381506],[85.34723600390556,27.689770157095506]]}},{"type":"Feature","properties":{},"geometry":{"type":"LineString","coordinates":[[85.34721749672093,27.689772238624197],[85.3472108259386,27.689767805077732]]}},{"type":"Feature","properties":{},"geometry":{"type":"LineString","coordinates":[[85.34720170348864,27.68978699734483],[85.34720861625135,27.68979185798096]]}},{"type":"Feature","properties":{},"geometry":{"type":"LineString","coordinates":[[85.34713104405185,27.68984627498866],[85.3471245093912,27.689865248130054]]}},{"type":"Feature","properties":{},"geometry":{"type":"LineString","coordinates":[[85.34682611374862,27.689856357427676],[85.3468239778654,27.689859220105934]]}},{"type":"Feature","properties":{},"geometry":{"type":"LineString","coordinates":[[85.34680685765785,27.689842260681072],[85.34680809031731,27.689836020688567]]}},{"type":"Feature","properties":{},"geometry":{"type":"LineString","coordinates":[[85.34674620148576,27.68982703968436],[85.34673559264937,27.689819642943302]]}},{"type":"Feature","properties":{},"geometry":{"type":"LineString","coordinates":[[85.3470470562112,27.68998404488131],[85.34705747281868,27.68997479167076]]}},{"type":"Feature","properties":{},"geometry":{"type":"LineString","coordinates":[[85.34707449620988,27.690009624117526],[85.34706201452649,27.690020876208386]]}},{"type":"Feature","properties":{},"geometry":{"type":"LineString","coordinates":[[85.34708267679402,27.690016814045514],[85.34709764706056,27.69000964142346]]}},{"type":"Feature","properties":{},"geometry":{"type":"LineString","coordinates":[[85.34720212050554,27.69013929046537],[85.3472122993621,27.69013222400511]]}},{"type":"Feature","properties":{},"geometry":{"type":"LineString","coordinates":[[85.3472241200442,27.69016290215129],[85.34721894996957,27.690172260414524]]}},{"type":"Feature","properties":{},"geometry":{"type":"LineString","coordinates":[[85.34745865671816,27.690382395808303],[85.34747131051179,27.69037183438592]]}},{"type":"Feature","properties":{},"geometry":{"type":"LineString","coordinates":[[85.34746322110892,27.69038672748938],[85.34747097593252,27.690406706038257]]}},{"type":"Feature","properties":{},"geometry":{"type":"LineString","coordinates":[[85.3469248396664,27.689955054411616],[85.34692171249179,27.689977883320548]]}},{"type":"Feature","properties":{},"geometry":{"type":"LineString","coordinates":[[85.34686144378217,27.690043674046304],[85.34685288502311,27.690039781138342]]}},{"type":"Feature","properties":{},"geometry":{"type":"LineString","coordinates":[[85.34679131435671,27.690058464561798],[85.34678673269809,27.69006800041582]]}},{"type":"Feature","properties":{},"geometry":{"type":"LineString","coordinates":[[85.34667624353922,27.69003838707531],[85.34667368030524,27.69004397307324]]}},{"type":"Feature","properties":{},"geometry":{"type":"LineString","coordinates":[[85.34658391638288,27.690011910271803],[85.34658248525142,27.69002075627662]]}},{"type":"Feature","properties":{},"geometry":{"type":"LineString","coordinates":[[85.3465277802479,27.689994940744395],[85.3465333975878,27.6899750812032]]}},{"type":"Feature","properties":{},"geometry":{"type":"LineString","coordinates":[[85.34648870708848,27.689985270830203],[85.34648554425611,27.68999491748123]]}},{"type":"Feature","properties":{},"geometry":{"type":"LineString","coordinates":[[85.34639938649025,27.689964502366333],[85.34640620802314,27.689944062426775]]}},{"type":"Feature","properties":{},"geometry":{"type":"LineString","coordinates":[[85.34634965094287,27.689951664380658],[85.34634798972968,27.68995754364367]]}},{"type":"Feature","properties":{},"geometry":{"type":"LineString","coordinates":[[85.34627604147732,27.68993256364702],[85.34623116154788,27.689939916002608]]}},{"type":"Feature","properties":{},"geometry":{"type":"LineString","coordinates":[[85.34627897673568,27.689921131736952],[85.34620912174178,27.689935205898397]]}},{"type":"Feature","properties":{},"geometry":{"type":"LineString","coordinates":[[85.34630536743474,27.689824180329694],[85.3462895370521,27.689822491234764]]}},{"type":"Feature","properties":{},"geometry":{"type":"LineString","coordinates":[[85.34632298436846,27.689733632465327],[85.34639991518037,27.68974332488359]]}},{"type":"Feature","properties":{},"geometry":{"type":"LineString","coordinates":[[85.34632458257668,27.68972937704939],[85.34644781195661,27.689748924962686]]}},{"type":"Feature","properties":{},"geometry":{"type":"LineString","coordinates":[[85.34632529775146,27.689726931542253],[85.34647475486645,27.689745980337918]]}},{"type":"Feature","properties":{},"geometry":{"type":"LineString","coordinates":[[85.34632854565501,27.68971399519428],[85.34637211049106,27.68971181859727]]}},{"type":"Feature","properties":{},"geometry":{"type":"LineString","coordinates":[[85.34631252627763,27.68971179570689],[85.34631468309308,27.68970572831314]]}},{"type":"Feature","properties":{},"geometry":{"type":"LineString","coordinates":[[85.34624280633176,27.6896976783857],[85.3462380978706,27.689716365519022]]}},{"type":"Feature","properties":{},"geometry":{"type":"LineString","coordinates":[[85.34621705712776,27.689692328298307],[85.34619144090344,27.689707216887]]}},{"type":"Feature","properties":{},"geometry":{"type":"LineString","coordinates":[[85.34621964636047,27.689684210952166],[85.34620285672413,27.68967210122277]]}},{"type":"Feature","properties":{},"geometry":{"type":"LineString","coordinates":[[85.34681189084695,27.690171875307474],[85.34687852112089,27.690178494945986]]}},{"type":"Feature","properties":{},"geometry":{"type":"LineString","coordinates":[[85.34678544879854,27.69029486853552],[85.34685395224815,27.690296887663138]]}},{"type":"Feature","properties":{},"geometry":{"type":"LineString","coordinates":[[85.34681223526802,27.690422774446237],[85.34675109229592,27.6904356008535]]}},{"type":"Feature","properties":{},"geometry":{"type":"LineString","coordinates":[[85.34683287985057,27.69047009458433],[85.34687616476288,27.690460607408543]]}},{"type":"Feature","properties":{},"geometry":{"type":"LineString","coordinates":[[85.34674280599928,27.690273183676727],[85.34673331760992,27.690220964073216]]}},{"type":"Feature","properties":{},"geometry":{"type":"LineString","coordinates":[[85.3466275612812,27.690290875101674],[85.34662385408042,27.69030892526561]]}},{"type":"Feature","properties":{},"geometry":{"type":"LineString","coordinates":[[85.34652242534737,27.690257572725436],[85.34652019232503,27.690266005711827]]}},{"type":"Feature","properties":{},"geometry":{"type":"LineString","coordinates":[[85.34649827189874,27.69025417591628],[85.3465059534025,27.690214011871465]]}},{"type":"Feature","properties":{},"geometry":{"type":"LineString","coordinates":[[85.34640181212117,27.69023877995145],[85.3464169609076,27.69018928872427]]}},{"type":"Feature","properties":{},"geometry":{"type":"LineString","coordinates":[[85.34636612135431,27.690231398656216],[85.3463641647693,27.690241537159956]]}},{"type":"Feature","properties":{},"geometry":{"type":"LineString","coordinates":[[85.34636015110051,27.690230605316778],[85.34635744996989,27.690239621176115]]}},{"type":"Feature","properties":{},"geometry":{"type":"LineString","coordinates":[[85.34623378544696,27.690198656654083],[85.3462294163022,27.690211041684677]]}},{"type":"Feature","properties":{},"geometry":{"type":"LineString","coordinates":[[85.34614806638,27.69018319203027],[85.34615798044945,27.690138267519988]]}},{"type":"Feature","properties":{},"geometry":{"type":"LineString","coordinates":[[85.3460801178924,27.69017476652999],[85.34607992075355,27.690127372811368]]}},{"type":"Feature","properties":{},"geometry":{"type":"LineString","coordinates":[[85.34600695809806,27.69015811514044],[85.34600320923384,27.690169976869615]]}},{"type":"Feature","properties":{},"geometry":{"type":"LineString","coordinates":[[85.34614329694146,27.690306219216943],[85.34607201966998,27.690298396572736]]}},{"type":"Feature","properties":{},"geometry":{"type":"LineString","coordinates":[[85.34616867244507,27.690314374513015],[85.34616704891936,27.690320913990995]]}},{"type":"Feature","properties":{},"geometry":{"type":"LineString","coordinates":[[85.34617170035169,27.690420909471598],[85.34615694470352,27.69042042817767]]}},{"type":"Feature","properties":{},"geometry":{"type":"LineString","coordinates":[[85.34617290288027,27.69042191844936],[85.3461534878831,27.690427310391993]]}},{"type":"Feature","properties":{},"geometry":{"type":"LineString","coordinates":[[85.34617395354468,27.690422105190756],[85.34615308257348,27.690430723527413]]}},{"type":"Feature","properties":{},"geometry":{"type":"LineString","coordinates":[[85.34617991325814,27.69048797534339],[85.34619103859144,27.690490907037855]]}},{"type":"Feature","properties":{},"geometry":{"type":"LineString","coordinates":[[85.34617918360792,27.69049016976608],[85.3461874099937,27.690498288119493]]}},{"type":"Feature","properties":{},"geometry":{"type":"LineString","coordinates":[[85.34682544434676,27.690511703869362],[85.34690872989871,27.69052201522649]]}},{"type":"Feature","properties":{},"geometry":{"type":"LineString","coordinates":[[85.34680612091407,27.69057474771427],[85.3467791355888,27.69056582419177]]}},{"type":"Feature","properties":{},"geometry":{"type":"LineString","coordinates":[[85.3468029841832,27.690583402775548],[85.34685563166713,27.690600509258235]]}},{"type":"Feature","properties":{},"geometry":{"type":"LineString","coordinates":[[85.34671914272383,27.69078029605148],[85.3467056562377,27.690779157563835]]}},{"type":"Feature","properties":{},"geometry":{"type":"LineString","coordinates":[[85.34712924481657,27.691097501194946],[85.34713739328937,27.691103530051944]]}},{"type":"Feature","properties":{},"geometry":{"type":"LineString","coordinates":[[85.34712716702187,27.69109596822355],[85.3471263792334,27.691100878648925]]}},{"type":"Feature","properties":{},"geometry":{"type":"LineString","coordinates":[[85.34709087054006,27.691083744887102],[85.34709738655793,27.69106789978688]]}},{"type":"Feature","properties":{},"geometry":{"type":"LineString","coordinates":[[85.34697601892043,27.691046956715553],[85.34698263782575,27.691030676915148]]}},{"type":"Feature","properties":{},"geometry":{"type":"LineString","coordinates":[[85.34685957271351,27.69101351594503],[85.34685479826369,27.69102231842768]]}},{"type":"Feature","properties":{},"geometry":{"type":"LineString","coordinates":[[85.3467872471201,27.69099394340831],[85.34679428400672,27.690968766705858]]}},{"type":"Feature","properties":{},"geometry":{"type":"LineString","coordinates":[[85.34659156750034,27.690961723468266],[85.34658986880702,27.690977827333093]]}},{"type":"Feature","properties":{},"geometry":{"type":"LineString","coordinates":[[85.34655456079658,27.690959159684606],[85.34655726793882,27.690942344012544]]}},{"type":"Feature","properties":{},"geometry":{"type":"LineString","coordinates":[[85.34654279540048,27.690957991188178],[85.34654664154591,27.690937653808312]]}},{"type":"Feature","properties":{},"geometry":{"type":"LineString","coordinates":[[85.34652565207766,27.69095668717231],[85.34652266057681,27.690978107894612]]}},{"type":"Feature","properties":{},"geometry":{"type":"LineString","coordinates":[[85.34644946098618,27.69094851541135],[85.34644621935136,27.690966012445198]]}},{"type":"Feature","properties":{},"geometry":{"type":"LineString","coordinates":[[85.34642053720576,27.690940718524804],[85.3463857219578,27.690953607337438]]}},{"type":"Feature","properties":{},"geometry":{"type":"LineString","coordinates":[[85.34644098814218,27.690860403376615],[85.34642091813234,27.690855834154824]]}},{"type":"Feature","properties":{},"geometry":{"type":"LineString","coordinates":[[85.34644152795522,27.69085856048728],[85.34645021435652,27.690859974724543]]}},{"type":"Feature","properties":{},"geometry":{"type":"LineString","coordinates":[[85.34647015864672,27.690741958304404],[85.34644965651708,27.690738075284596]]}},{"type":"Feature","properties":{},"geometry":{"type":"LineString","coordinates":[[85.34649950497851,27.690664253954267],[85.34648530159937,27.690660697063]]}},{"type":"Feature","properties":{},"geometry":{"type":"LineString","coordinates":[[85.34674925907969,27.690489301763016],[85.346747385143,27.69049375516148]]}},{"type":"Feature","properties":{},"geometry":{"type":"LineString","coordinates":[[85.34666923472446,27.69047661310819],[85.34666766812889,27.690481664056374]]}},{"type":"Feature","properties":{},"geometry":{"type":"LineString","coordinates":[[85.3465759431143,27.69046627419443],[85.34654459880697,27.690455474515897]]}},{"type":"Feature","properties":{},"geometry":{"type":"LineString","coordinates":[[85.34655807702434,27.690494031052815],[85.34655298601172,27.690493158866772]]}},{"type":"Feature","properties":{},"geometry":{"type":"LineString","coordinates":[[85.34642793323854,27.690492751397016],[85.34643004312296,27.690488587833364]]}},{"type":"Feature","properties":{},"geometry":{"type":"LineString","coordinates":[[85.34638280428668,27.690478936804865],[85.3463804973291,27.690482048342716]]}},{"type":"Feature","properties":{},"geometry":{"type":"LineString","coordinates":[[85.34636769113938,27.690473313920073],[85.34636154713108,27.69048727798973]]}},{"type":"Feature","properties":{},"geometry":{"type":"LineString","coordinates":[[85.34563731872262,27.689141974148015],[85.34563915432156,27.689156877406166]]}},{"type":"Feature","properties":{},"geometry":{"type":"LineString","coordinates":[[85.34570873742642,27.68913787502629],[85.3457033692552,27.689088877967524]]}},{"type":"Feature","properties":{},"geometry":{"type":"LineString","coordinates":[[85.34579145607937,27.689137288213722],[85.3457919658707,27.68915458726035]]}},{"type":"Feature","properties":{},"geometry":{"type":"LineString","coordinates":[[85.34583248224779,27.689140733254217],[85.34582562646368,27.689097260117332]]}},{"type":"Feature","properties":{},"geometry":{"type":"LineString","coordinates":[[85.34590075950192,27.68913672196278],[85.34590406617755,27.689166231692283]]}},{"type":"Feature","properties":{},"geometry":{"type":"LineString","coordinates":[[85.34594449495836,27.689133839025473],[85.34593813707082,27.689087063072453]]}},{"type":"Feature","properties":{},"geometry":{"type":"LineString","coordinates":[[85.34599153684582,27.68913041612631],[85.34598709490115,27.68908487428818]]}},{"type":"Feature","properties":{},"geometry":{"type":"LineString","coordinates":[[85.34600342997247,27.689128882133698],[85.34599470796076,27.689085512167907]]}},{"type":"Feature","properties":{},"geometry":{"type":"LineString","coordinates":[[85.34610258554294,27.68923806527303],[85.34612705608328,27.6892365533232]]}},{"type":"Feature","properties":{},"geometry":{"type":"LineString","coordinates":[[85.34610253888818,27.689240891518807],[85.34607798389948,27.689244508116996]]}},{"type":"Feature","properties":{},"geometry":{"type":"LineString","coordinates":[[85.34624747124514,27.689301847194976],[85.34625216395804,27.68930041672828]]}},{"type":"Feature","properties":{},"geometry":{"type":"LineString","coordinates":[[85.34625210430814,27.689320251472903],[85.34626112730733,27.6893219955606]]}},{"type":"Feature","properties":{},"geometry":{"type":"LineString","coordinates":[[85.3461189244947,27.689369943221564],[85.346107692761,27.689372800145478]]}},{"type":"Feature","properties":{},"geometry":{"type":"LineString","coordinates":[[85.34612152240307,27.689376789443532],[85.34613075473182,27.68937540868604]]}},{"type":"Feature","properties":{},"geometry":{"type":"LineString","coordinates":[[85.34613311263958,27.689433091171793],[85.34602953805499,27.68944553324896]]}},{"type":"Feature","properties":{},"geometry":{"type":"LineString","coordinates":[[85.34613608528832,27.689456311513027],[85.3461165393067,27.689458162070608]]}},{"type":"Feature","properties":{},"geometry":{"type":"LineString","coordinates":[[85.34624781506535,27.689460743445387],[85.34624831925049,27.689464358784964]]}},{"type":"Feature","properties":{},"geometry":{"type":"LineString","coordinates":[[85.34628605531977,27.68949296825888],[85.34628885697138,27.68949490791314]]}},{"type":"Feature","properties":{},"geometry":{"type":"LineString","coordinates":[[85.34639515076336,27.68947151040539],[85.34639418292954,27.689481302403625]]}},{"type":"Feature","properties":{},"geometry":{"type":"LineString","coordinates":[[85.34640388169448,27.689472250062725],[85.3464058249149,27.689464208033165]]}},{"type":"Feature","properties":{},"geometry":{"type":"LineString","coordinates":[[85.34654884645094,27.689495829202478],[85.34654770222423,27.689501582868647]]}},{"type":"Feature","properties":{},"geometry":{"type":"LineString","coordinates":[[85.3465621467744,27.689492624186684],[85.34657211784977,27.689507285213327]]}},{"type":"Feature","properties":{},"geometry":{"type":"LineString","coordinates":[[85.34656297626105,27.68947761286262],[85.34656609466455,27.68947595961049]]}},{"type":"Feature","properties":{},"geometry":{"type":"LineString","coordinates":[[85.34650084283545,27.68940198324804],[85.34645347993239,27.68936089838438]]}},{"type":"Feature","properties":{},"geometry":{"type":"LineString","coordinates":[[85.34651867065676,27.68939068222213],[85.3465122830001,27.68938226633973]]}},{"type":"Feature","properties":{},"geometry":{"type":"LineString","coordinates":[[85.3466357635115,27.68930794229131],[85.34663888016429,27.689310240403785]]}},{"type":"Feature","properties":{},"geometry":{"type":"LineString","coordinates":[[85.34672824515398,27.689359726736505],[85.34672087084064,27.689356633185962]]}},{"type":"Feature","properties":{},"geometry":{"type":"LineString","coordinates":[[85.34702548337386,27.68960144143439],[85.34704401525993,27.68960465100536]]}},{"type":"Feature","properties":{},"geometry":{"type":"LineString","coordinates":[[85.34706410995258,27.689567386078544],[85.3470799370726,27.689567001875314]]}},{"type":"Feature","properties":{},"geometry":{"type":"LineString","coordinates":[[85.34677606357246,27.689588624280265],[85.34676971795636,27.689583338070342]]}},{"type":"Feature","properties":{},"geometry":{"type":"LineString","coordinates":[[85.34668834961433,27.689654170312423],[85.34667470594651,27.68965788750214]]}},{"type":"Feature","properties":{},"geometry":{"type":"LineString","coordinates":[[85.34668755825024,27.68965453993739],[85.34668317974554,27.689681211422066]]}},{"type":"Feature","properties":{},"geometry":{"type":"LineString","coordinates":[[85.34668682611562,27.689655218040848],[85.34665396763393,27.689679852687924]]}},{"type":"Feature","properties":{},"geometry":{"type":"LineString","coordinates":[[85.34686052361228,27.6893742196908],[85.34682127700148,27.68933307118542]]}},{"type":"Feature","properties":{},"geometry":{"type":"LineString","coordinates":[[85.34690081713711,27.68934460048214],[85.34690922607348,27.68935372371113]]}},{"type":"Feature","properties":{},"geometry":{"type":"LineString","coordinates":[[85.34688029477391,27.68916709450846],[85.34682899934059,27.689213934000392]]}},{"type":"Feature","properties":{},"geometry":{"type":"LineString","coordinates":[[85.34688838802334,27.689174423299846],[85.34689708658577,27.689161359758618]]}},{"type":"Feature","properties":{},"geometry":{"type":"LineString","coordinates":[[85.34677337437678,27.689092466500966],[85.34673354459645,27.689125362072662]]}},{"type":"Feature","properties":{},"geometry":{"type":"LineString","coordinates":[[85.346750482446,27.68906356775695],[85.34670220879076,27.689078154358583]]}},{"type":"Feature","properties":{},"geometry":{"type":"LineString","coordinates":[[85.34706704901676,27.68919889512872],[85.34708218552908,27.689210967874036]]}},{"type":"Feature","properties":{},"geometry":{"type":"LineString","coordinates":[[85.34712189426841,27.6891552749109],[85.34713799482964,27.68913532024152]]}},{"type":"Feature","properties":{},"geometry":{"type":"LineString","coordinates":[[85.34720673210153,27.689207325215882],[85.34720397034738,27.689211419639705]]}},{"type":"Feature","properties":{},"geometry":{"type":"LineString","coordinates":[[85.34724007159755,27.689234612967745],[85.34723325651058,27.689239761937905]]}},{"type":"Feature","properties":{},"geometry":{"type":"LineString","coordinates":[[85.34724759042238,27.689245008987285],[85.34726811405577,27.689234186800995]]}},{"type":"Feature","properties":{},"geometry":{"type":"LineString","coordinates":[[85.34732032217264,27.68934653453409],[85.34731371334718,27.689348894365402]]}},{"type":"Feature","properties":{},"geometry":{"type":"LineString","coordinates":[[85.34732471018772,27.689350927292708],[85.34731741968388,27.689356001096165]]}},{"type":"Feature","properties":{},"geometry":{"type":"LineString","coordinates":[[85.34732720606372,27.68935277211905],[85.34735202503948,27.68933135824871]]}},{"type":"Feature","properties":{},"geometry":{"type":"LineString","coordinates":[[85.34738149896502,27.689387227092087],[85.34737008067503,27.68939890437348]]}},{"type":"Feature","properties":{},"geometry":{"type":"LineString","coordinates":[[85.3474483970029,27.689429763226666],[85.34745350234952,27.68942395844358]]}},{"type":"Feature","properties":{},"geometry":{"type":"LineString","coordinates":[[85.34745112415305,27.689431265132033],[85.34743825484497,27.689446718544108]]}},{"type":"Feature","properties":{},"geometry":{"type":"LineString","coordinates":[[85.34745611272898,27.689434223672382],[85.34744353696148,27.689451325946735]]}},{"type":"Feature","properties":{},"geometry":{"type":"LineString","coordinates":[[85.34746000181548,27.68943761224647],[85.34746476275451,27.689432189646727]]}},{"type":"Feature","properties":{},"geometry":{"type":"LineString","coordinates":[[85.34758181609448,27.689551190356074],[85.34755131994844,27.68957396255922]]}},{"type":"Feature","properties":{},"geometry":{"type":"LineString","coordinates":[[85.3475972767545,27.689576083205026],[85.34759996854446,27.68957380658801]]}},{"type":"Feature","properties":{},"geometry":{"type":"LineString","coordinates":[[85.34761168938458,27.689599605200556],[85.34762877064037,27.68958555947486]]}},{"type":"Feature","properties":{},"geometry":{"type":"LineString","coordinates":[[85.347616088882,27.68960687272702],[85.34761050111646,27.689612124810814]]}},{"type":"Feature","properties":{},"geometry":{"type":"LineString","coordinates":[[85.347653410809,27.689644226272318],[85.34767896705985,27.68962515966312]]}},{"type":"Feature","properties":{},"geometry":{"type":"LineString","coordinates":[[85.34768948520245,27.689692246667992],[85.34767786498178,27.689696864482787]]}},{"type":"Feature","properties":{},"geometry":{"type":"LineString","coordinates":[[85.34773358623958,27.68975088301476],[85.34771986809183,27.68976318362578]]}},{"type":"Feature","properties":{},"geometry":{"type":"LineString","coordinates":[[85.34776788460059,27.689798209796457],[85.34777373885784,27.689793710007272]]}},{"type":"Feature","properties":{},"geometry":{"type":"LineString","coordinates":[[85.34777694937878,27.689811256989433],[85.34776035772724,27.68982160629118]]}},{"type":"Feature","properties":{},"geometry":{"type":"LineString","coordinates":[[85.34778513073277,27.68982196685307],[85.34776982917009,27.689830877531374]]}},{"type":"Feature","properties":{},"geometry":{"type":"LineString","coordinates":[[85.34782193079288,27.689862877418893],[85.34782493802417,27.689860257077317]]}},{"type":"Feature","properties":{},"geometry":{"type":"LineString","coordinates":[[85.34794478928605,27.689587816396482],[85.3479068061491,27.689615787432437]]}},{"type":"Feature","properties":{},"geometry":{"type":"LineString","coordinates":[[85.34791433345808,27.689545825378566],[85.34788420948385,27.689568867448852]]}},{"type":"Feature","properties":{},"geometry":{"type":"LineString","coordinates":[[85.3477293211483,27.689292231881034],[85.34771199666618,27.68929846310035]]}},{"type":"Feature","properties":{},"geometry":{"type":"LineString","coordinates":[[85.34762269073117,27.689197424117488],[85.34761431943281,27.689205593442594]]}},{"type":"Feature","properties":{},"geometry":{"type":"LineString","coordinates":[[85.3476144402362,27.689192386884997],[85.3476060160654,27.689201172024198]]}},{"type":"Feature","properties":{},"geometry":{"type":"LineString","coordinates":[[85.34743650946251,27.68906219459888],[85.3474310919713,27.689071424465798]]}},{"type":"Feature","properties":{},"geometry":{"type":"LineString","coordinates":[[85.3473941368592,27.689044807532323],[85.34738770235982,27.689061176208455]]}},{"type":"Feature","properties":{},"geometry":{"type":"LineString","coordinates":[[85.34734685245023,27.68903229249545],[85.34734351201907,27.689042630213713]]}},{"type":"Feature","properties":{},"geometry":{"type":"LineString","coordinates":[[85.34713518439933,27.68895417358757],[85.34713554653874,27.68895988386609]]}},{"type":"Feature","properties":{},"geometry":{"type":"LineString","coordinates":[[85.34701966627966,27.688940101196646],[85.34701774743226,27.68895002896647]]}},{"type":"Feature","properties":{},"geometry":{"type":"LineString","coordinates":[[85.34689135174868,27.688883745565732],[85.34687218976028,27.688872363939215]]}},{"type":"Feature","properties":{},"geometry":{"type":"LineString","coordinates":[[85.34679890237253,27.688965580443764],[85.34680362437356,27.68897088607854]]}},{"type":"Feature","properties":{},"geometry":{"type":"LineString","coordinates":[[85.34665495849885,27.68890975193025],[85.34668409231558,27.68886387177728]]}},{"type":"Feature","properties":{},"geometry":{"type":"LineString","coordinates":[[85.34662637438485,27.688890616742718],[85.34665181264829,27.688846002984185]]}},{"type":"Feature","properties":{},"geometry":{"type":"LineString","coordinates":[[85.34658431259258,27.68891452234656],[85.3465935245768,27.688927341217827]]}},{"type":"Feature","properties":{},"geometry":{"type":"LineString","coordinates":[[85.34654135786349,27.688938606811842],[85.34650446366459,27.688898141566092]]}},{"type":"Feature","properties":{},"geometry":{"type":"LineString","coordinates":[[85.34653972951455,27.688939480899013],[85.34654659782709,27.688947420554385]]}},{"type":"Feature","properties":{},"geometry":{"type":"LineString","coordinates":[[85.3464953703098,27.688965730056037],[85.34645661486661,27.688924504283577]]}},{"type":"Feature","properties":{},"geometry":{"type":"LineString","coordinates":[[85.3463731040806,27.689028124977206],[85.34630734328078,27.68892167753897]]}},{"type":"Feature","properties":{},"geometry":{"type":"LineString","coordinates":[[85.34634810938766,27.689038787136727],[85.34632349295953,27.688986875135942]]}},{"type":"Feature","properties":{},"geometry":{"type":"LineString","coordinates":[[85.3462271075647,27.689080246006245],[85.34621042160347,27.689021369810767]]}},{"type":"Feature","properties":{},"geometry":{"type":"LineString","coordinates":[[85.34621156758392,27.689084389075727],[85.34621563102229,27.68909315899503]]}},{"type":"Feature","properties":{},"geometry":{"type":"LineString","coordinates":[[85.34623393123957,27.69548042643683],[85.34623147748779,27.695487483084253]]}},{"type":"Feature","properties":{},"geometry":{"type":"LineString","coordinates":[[85.34623500304882,27.695478541166583],[85.34623052872567,27.69547643080263]]}},{"type":"Feature","properties":{},"geometry":{"type":"LineString","coordinates":[[85.34626838394766,27.6954254319247],[85.34626816165175,27.69543069387021]]}},{"type":"Feature","properties":{},"geometry":{"type":"LineString","coordinates":[[85.3463148277711,27.69517208811214],[85.34632933748298,27.695159262817306]]}},{"type":"Feature","properties":{},"geometry":{"type":"LineString","coordinates":[[85.346348696633,27.695171824730966],[85.3463526246041,27.695174931303782]]}},{"type":"Feature","properties":{},"geometry":{"type":"LineString","coordinates":[[85.34644358643055,27.695081914601428],[85.3464719505174,27.695066102123274]]}},{"type":"Feature","properties":{},"geometry":{"type":"LineString","coordinates":[[85.34644575582067,27.69508020038417],[85.34643759780938,27.695061603294445]]}},{"type":"Feature","properties":{},"geometry":{"type":"LineString","coordinates":[[85.34644176255996,27.695083443408567],[85.34645000758593,27.695086177334662]]}},{"type":"Feature","properties":{},"geometry":{"type":"LineString","coordinates":[[85.34648912754902,27.695291648068725],[85.34646663632384,27.69531849672309]]}},{"type":"Feature","properties":{},"geometry":{"type":"LineString","coordinates":[[85.34650236391806,27.695303496930553],[85.34650549475361,27.6952989448294]]}},{"type":"Feature","properties":{},"geometry":{"type":"LineString","coordinates":[[85.34650754085499,27.695308235792478],[85.34648350347085,27.695329961136224]]}},{"type":"Feature","properties":{},"geometry":{"type":"LineString","coordinates":[[85.34659713058407,27.69540205488003],[85.34660286416067,27.69539657083162]]}},{"type":"Feature","properties":{},"geometry":{"type":"LineString","coordinates":[[85.34671904884527,27.695375134400198],[85.34673230351339,27.69538489675312]]}},{"type":"Feature","properties":{},"geometry":{"type":"LineString","coordinates":[[85.34678444268084,27.69530124868647],[85.34677954772557,27.695298790346918]]}},{"type":"Feature","properties":{},"geometry":{"type":"LineString","coordinates":[[85.34683799316333,27.695239741770983],[85.3468325465409,27.69523399064491]]}},{"type":"Feature","properties":{},"geometry":{"type":"LineString","coordinates":[[85.34684063787995,27.69523676423084],[85.34685784210062,27.695248942031863]]}},{"type":"Feature","properties":{},"geometry":{"type":"LineString","coordinates":[[85.34686216105742,27.695212243375693],[85.34685716663783,27.695207301825928]]}},{"type":"Feature","properties":{},"geometry":{"type":"LineString","coordinates":[[85.34686788816805,27.695205504687177],[85.34688373884332,27.695217539966603]]}},{"type":"Feature","properties":{},"geometry":{"type":"LineString","coordinates":[[85.3468633432856,27.69498979760672],[85.34687584024135,27.694979524111368]]}},{"type":"Feature","properties":{},"geometry":{"type":"LineString","coordinates":[[85.34678994368979,27.694905339249562],[85.34680366172819,27.694895183231502]]}},{"type":"Feature","properties":{},"geometry":{"type":"LineString","coordinates":[[85.34673557535868,27.694924708744207],[85.34673445732926,27.694923539221882]]}},{"type":"Feature","properties":{},"geometry":{"type":"LineString","coordinates":[[85.34670909026089,27.694936819774625],[85.34669835427444,27.694950477200628]]}},{"type":"Feature","properties":{},"geometry":{"type":"LineString","coordinates":[[85.34696337623815,27.695047132625607],[85.34698458174537,27.695056071076706]]}},{"type":"Feature","properties":{},"geometry":{"type":"LineString","coordinates":[[85.34700992670423,27.69499089421244],[85.34700529165477,27.694986597772182]]}},{"type":"Feature","properties":{},"geometry":{"type":"LineString","coordinates":[[85.34701780228926,27.69498335623119],[85.34703439186175,27.694999043928128]]}},{"type":"Feature","properties":{},"geometry":{"type":"LineString","coordinates":[[85.34709957691014,27.694925189852444],[85.34711126601817,27.69494141021301]]}},{"type":"Feature","properties":{},"geometry":{"type":"LineString","coordinates":[[85.34710160150325,27.694923326779474],[85.34709837101283,27.694919420767246]]}},{"type":"Feature","properties":{},"geometry":{"type":"LineString","coordinates":[[85.34715568023616,27.694890803457987],[85.34716863592543,27.694908496559606]]}},{"type":"Feature","properties":{},"geometry":{"type":"LineString","coordinates":[[85.34719926030803,27.69486688881494],[85.34719415137333,27.694859722015014]]}},{"type":"Feature","properties":{},"geometry":{"type":"LineString","coordinates":[[85.3472133551694,27.694859514414272],[85.34720869296297,27.694853789814744]]}},{"type":"Feature","properties":{},"geometry":{"type":"LineString","coordinates":[[85.34721819477855,27.694856492667146],[85.34722772929072,27.694872639463703]]}},{"type":"Feature","properties":{},"geometry":{"type":"LineString","coordinates":[[85.34726220424501,27.694842707086835],[85.34726245132455,27.69485464181138]]}},{"type":"Feature","properties":{},"geometry":{"type":"LineString","coordinates":[[85.34738493545979,27.694773549809895],[85.34738502398697,27.694766057855723]]}},{"type":"Feature","properties":{},"geometry":{"type":"LineString","coordinates":[[85.34747027365563,27.694798056441524],[85.34745473753506,27.694824508119346]]}},{"type":"Feature","properties":{},"geometry":{"type":"LineString","coordinates":[[85.34754531490357,27.694637448860078],[85.3475279087254,27.694632620946617]]}},{"type":"Feature","properties":{},"geometry":{"type":"LineString","coordinates":[[85.34754600873634,27.694633660994448],[85.3475284917471,27.69462992926542]]}},{"type":"Feature","properties":{},"geometry":{"type":"LineString","coordinates":[[85.34754702121266,27.694630663959565],[85.34752926607207,27.694626990762178]]}},{"type":"Feature","properties":{},"geometry":{"type":"LineString","coordinates":[[85.34759083170658,27.69454122012687],[85.34765976464011,27.69455872829764]]}},{"type":"Feature","properties":{},"geometry":{"type":"LineString","coordinates":[[85.34762339199398,27.69446221725606],[85.34761059303484,27.69445693800211]]}},{"type":"Feature","properties":{},"geometry":{"type":"LineString","coordinates":[[85.34764446208793,27.694413899509197],[85.347710037437,27.694442599881842]]}},{"type":"Feature","properties":{},"geometry":{"type":"LineString","coordinates":[[85.34767580198682,27.69435034643647],[85.3476505564417,27.69433914862098]]}},{"type":"Feature","properties":{},"geometry":{"type":"LineString","coordinates":[[85.34768434187045,27.69433599302507],[85.34775211113401,27.694366732255492]]}},{"type":"Feature","properties":{},"geometry":{"type":"LineString","coordinates":[[85.34758793339512,27.69421084769924],[85.3476043403896,27.694175509908522]]}},{"type":"Feature","properties":{},"geometry":{"type":"LineString","coordinates":[[85.34757176231936,27.694207499379644],[85.34758285773052,27.69417777617595]]}},{"type":"Feature","properties":{},"geometry":{"type":"LineString","coordinates":[[85.34753828370411,27.694208194635703],[85.34753664131804,27.694243721261227]]}},{"type":"Feature","properties":{},"geometry":{"type":"LineString","coordinates":[[85.3474048357643,27.6942360089964],[85.34738557686957,27.694236246656445]]}},{"type":"Feature","properties":{},"geometry":{"type":"LineString","coordinates":[[85.34731992840273,27.69426464449941],[85.3473299876747,27.694318782479986]]}},{"type":"Feature","properties":{},"geometry":{"type":"LineString","coordinates":[[85.34728038157871,27.69427237849256],[85.34727892641429,27.69426289602967]]}},{"type":"Feature","properties":{},"geometry":{"type":"LineString","coordinates":[[85.3472702806526,27.694274178561578],[85.34728610426582,27.694317551982902]]}},{"type":"Feature","properties":{},"geometry":{"type":"LineString","coordinates":[[85.34719414907215,27.69428599402615],[85.34719323576005,27.694276889883287]]}},{"type":"Feature","properties":{},"geometry":{"type":"LineString","coordinates":[[85.34710107546431,27.694133436979644],[85.34708406069002,27.694133931539007]]}},{"type":"Feature","properties":{},"geometry":{"type":"LineString","coordinates":[[85.34709950237877,27.694110044736444],[85.34707919281524,27.69408916537079]]}},{"type":"Feature","properties":{},"geometry":{"type":"LineString","coordinates":[[85.34710910607353,27.694102077903953],[85.34710856417722,27.694086358856623]]}},{"type":"Feature","properties":{},"geometry":{"type":"LineString","coordinates":[[85.34724630437367,27.694073133464894],[85.3472446691851,27.694060120765425]]}},{"type":"Feature","properties":{},"geometry":{"type":"LineString","coordinates":[[85.34706566330898,27.694306744323487],[85.34706242593143,27.694298047467235]]}},{"type":"Feature","properties":{},"geometry":{"type":"LineString","coordinates":[[85.34718634710434,27.69454594410805],[85.34718511953481,27.69454316131868]]}},{"type":"Feature","properties":{},"geometry":{"type":"LineString","coordinates":[[85.34718865495364,27.69454472974141],[85.34719009371027,27.69456081961315]]}},{"type":"Feature","properties":{},"geometry":{"type":"LineString","coordinates":[[85.34719447515441,27.69454345170273],[85.34721304811788,27.694548028233914]]}},{"type":"Feature","properties":{},"geometry":{"type":"LineString","coordinates":[[85.3471908634896,27.69454431926818],[85.34723807653847,27.694635826078123]]}},{"type":"Feature","properties":{},"geometry":{"type":"LineString","coordinates":[[85.3469582751388,27.69432655771305],[85.34695706967686,27.694317395928127]]}},{"type":"Feature","properties":{},"geometry":{"type":"LineString","coordinates":[[85.3469640582122,27.694324512971416],[85.34696092050513,27.694294801313315]]}},{"type":"Feature","properties":{},"geometry":{"type":"LineString","coordinates":[[85.34685709135083,27.69434166606671],[85.34686626377051,27.69439616804524]]}},{"type":"Feature","properties":{},"geometry":{"type":"LineString","coordinates":[[85.34649880417027,27.694378542573237],[85.34650134378852,27.694413953948747]]}},{"type":"Feature","properties":{},"geometry":{"type":"LineString","coordinates":[[85.34835593301733,27.69491393233633],[85.34835877630657,27.694906382984747]]}},{"type":"Feature","properties":{},"geometry":{"type":"LineString","coordinates":[[85.3487830826339,27.69516828569339],[85.34879133662456,27.695155204113682]]}},{"type":"Feature","properties":{},"geometry":{"type":"LineString","coordinates":[[85.3485920145614,27.69502102318866],[85.34859747886806,27.695015501544834]]}},{"type":"Feature","properties":{},"geometry":{"type":"LineString","coordinates":[[85.3487022294053,27.69510762373133],[85.34870933209292,27.695099488869293]]}},{"type":"Feature","properties":{},"geometry":{"type":"LineString","coordinates":[[85.3488248645968,27.69518439365808],[85.34883215285271,27.695258580357113]]}},{"type":"Feature","properties":{},"geometry":{"type":"LineString","coordinates":[[85.34884170409738,27.69517770256278],[85.34890268367154,27.695231880873322]]}},{"type":"Feature","properties":{},"geometry":{"type":"LineString","coordinates":[[85.34884589443492,27.69517496995579],[85.34896788076229,27.69521967687016]]}},{"type":"Feature","properties":{},"geometry":{"type":"LineString","coordinates":[[85.3488483340626,27.695172612692847],[85.34899071521305,27.695217143110142]]}},{"type":"Feature","properties":{},"geometry":{"type":"LineString","coordinates":[[85.34891329466664,27.69489909087222],[85.34889399676014,27.69490440514696]]}},{"type":"Feature","properties":{},"geometry":{"type":"LineString","coordinates":[[85.34891652184346,27.694910025905138],[85.34896041165665,27.694896027153767]]}},{"type":"Feature","properties":{},"geometry":{"type":"LineString","coordinates":[[85.34902901058685,27.69501061403415],[85.34902945054104,27.695005905233756]]}},{"type":"Feature","properties":{},"geometry":{"type":"LineString","coordinates":[[85.34907028042434,27.695011497832684],[85.3490686736218,27.695026971035773]]}},{"type":"Feature","properties":{},"geometry":{"type":"LineString","coordinates":[[85.34907960162731,27.695011585507842],[85.34907986296274,27.695006280696074]]}},{"type":"Feature","properties":{},"geometry":{"type":"LineString","coordinates":[[85.34914990515067,27.695011699904146],[85.34915092129837,27.695007041295806]]}},{"type":"Feature","properties":{},"geometry":{"type":"LineString","coordinates":[[85.34915479987485,27.695012289868878],[85.34915448018343,27.69500691856063]]}},{"type":"Feature","properties":{},"geometry":{"type":"LineString","coordinates":[[85.34923616169331,27.69501436915833],[85.34927761867708,27.69498037677668]]}},{"type":"Feature","properties":{},"geometry":{"type":"LineString","coordinates":[[85.34923176700462,27.6950145108126],[85.34927253775379,27.694980166377363]]}},{"type":"Feature","properties":{},"geometry":{"type":"LineString","coordinates":[[85.34885284102484,27.69478606501678],[85.34884547917204,27.694795185094975]]}},{"type":"Feature","properties":{},"geometry":{"type":"LineString","coordinates":[[85.34876936047687,27.69471936255467],[85.3487916736416,27.694704096578153]]}},{"type":"Feature","properties":{},"geometry":{"type":"LineString","coordinates":[[85.34875447178959,27.69470464122102],[85.34874681546574,27.69471109434161]]}},{"type":"Feature","properties":{},"geometry":{"type":"LineString","coordinates":[[85.348725413261,27.69467446251406],[85.34871821003435,27.6946781637304]]}},{"type":"Feature","properties":{},"geometry":{"type":"LineString","coordinates":[[85.34898989951238,27.69467528430971],[85.34896204074084,27.694654114822885]]}},{"type":"Feature","properties":{},"geometry":{"type":"LineString","coordinates":[[85.34905994267135,27.69466910302445],[85.34906104384893,27.694692617793123]]}},{"type":"Feature","properties":{},"geometry":{"type":"LineString","coordinates":[[85.34911077921417,27.694670325611813],[85.34911263131261,27.69465896737409]]}},{"type":"Feature","properties":{},"geometry":{"type":"LineString","coordinates":[[85.34918438311318,27.694676901918676],[85.34918349050221,27.694697339571107]]}},{"type":"Feature","properties":{},"geometry":{"type":"LineString","coordinates":[[85.3491950848342,27.694680526010604],[85.34918951255496,27.69470124452251]]}},{"type":"Feature","properties":{},"geometry":{"type":"LineString","coordinates":[[85.34924387406295,27.69468728117358],[85.34924435634544,27.694682521430956]]}},{"type":"Feature","properties":{},"geometry":{"type":"LineString","coordinates":[[85.34925537656746,27.694697998062786],[85.3492598884926,27.694644579057112]]}},{"type":"Feature","properties":{},"geometry":{"type":"LineString","coordinates":[[85.34925915130333,27.69469821996648],[85.34926441864404,27.69464412673231]]}},{"type":"Feature","properties":{},"geometry":{"type":"LineString","coordinates":[[85.34927839978731,27.694700162497767],[85.34927702865836,27.6946858920937]]}},{"type":"Feature","properties":{},"geometry":{"type":"LineString","coordinates":[[85.3493404962491,27.69469837293294],[85.34934184182208,27.694707064336914]]}},{"type":"Feature","properties":{},"geometry":{"type":"LineString","coordinates":[[85.34940998106119,27.694692303048704],[85.34940927723623,27.694700533184424]]}},{"type":"Feature","properties":{},"geometry":{"type":"LineString","coordinates":[[85.34944472807881,27.694731789791792],[85.3494486671997,27.694730386342503]]}},{"type":"Feature","properties":{},"geometry":{"type":"LineString","coordinates":[[85.34946105450638,27.69478493734238],[85.34946947226695,27.69480113025101]]}},{"type":"Feature","properties":{},"geometry":{"type":"LineString","coordinates":[[85.34903656903433,27.694591382369445],[85.3489832621933,27.694581218468564]]}},{"type":"Feature","properties":{},"geometry":{"type":"LineString","coordinates":[[85.34903786835208,27.694553152078864],[85.34905915631947,27.69455405665019]]}},{"type":"Feature","properties":{},"geometry":{"type":"LineString","coordinates":[[85.34901985427628,27.694370953240604],[85.34904040531787,27.694370290313667]]}},{"type":"Feature","properties":{},"geometry":{"type":"LineString","coordinates":[[85.34901929595877,27.69436075402551],[85.34899784026567,27.694363720314364]]}},{"type":"Feature","properties":{},"geometry":{"type":"LineString","coordinates":[[85.34901233821223,27.694298826163294],[85.34899351671257,27.69430025070737]]}},{"type":"Feature","properties":{},"geometry":{"type":"LineString","coordinates":[[85.34916420862297,27.69446892201525],[85.34916436215217,27.694483853014628]]}},{"type":"Feature","properties":{},"geometry":{"type":"LineString","coordinates":[[85.34921363433138,27.69446942374772],[85.34921310038219,27.694483142541948]]}},{"type":"Feature","properties":{},"geometry":{"type":"LineString","coordinates":[[85.34935098148394,27.694461787425745],[85.34935046273006,27.69444026341696]]}},{"type":"Feature","properties":{},"geometry":{"type":"LineString","coordinates":[[85.34936362520928,27.69446202480108],[85.34936304276225,27.694470342126504]]}},{"type":"Feature","properties":{},"geometry":{"type":"LineString","coordinates":[[85.34940031869479,27.694461297030525],[85.34940249579216,27.69446681683883]]}},{"type":"Feature","properties":{},"geometry":{"type":"LineString","coordinates":[[85.34944721765247,27.69445754820859],[85.34943999657324,27.69443359404868]]}},{"type":"Feature","properties":{},"geometry":{"type":"LineString","coordinates":[[85.34887170167406,27.694499091416688],[85.34886143137427,27.694474080981575]]}},{"type":"Feature","properties":{},"geometry":{"type":"LineString","coordinates":[[85.34880217247897,27.694517615767506],[85.34880169892038,27.694495993018073]]}},{"type":"Feature","properties":{},"geometry":{"type":"LineString","coordinates":[[85.34913923125622,27.694377562692683],[85.34914857156491,27.69437698360086]]}},{"type":"Feature","properties":{},"geometry":{"type":"LineString","coordinates":[[85.34914022811829,27.694302154340367],[85.34914538838333,27.69430275017815]]}},{"type":"Feature","properties":{},"geometry":{"type":"LineString","coordinates":[[85.34913470966654,27.694217550691267],[85.34914105285682,27.69421837363603]]}},{"type":"Feature","properties":{},"geometry":{"type":"LineString","coordinates":[[85.34913352397487,27.694156392034444],[85.34913368507763,27.694061526353316]]}},{"type":"Feature","properties":{},"geometry":{"type":"LineString","coordinates":[[85.3491335784896,27.69415815988796],[85.34912237312875,27.69406557572943]]}},{"type":"Feature","properties":{},"geometry":{"type":"LineString","coordinates":[[85.34913352876275,27.694161060108225],[85.34912535961429,27.694151868559874]]}},{"type":"Feature","properties":{},"geometry":{"type":"LineString","coordinates":[[85.34935057600161,27.69434674558088],[85.34934241667173,27.694347883908893]]}},{"type":"Feature","properties":{},"geometry":{"type":"LineString","coordinates":[[85.34933968429942,27.694278790498597],[85.34934116017308,27.694263726391153]]}},{"type":"Feature","properties":{},"geometry":{"type":"LineString","coordinates":[[85.34934034221718,27.694281293907768],[85.3493289480916,27.69426465665175]]}},{"type":"Feature","properties":{},"geometry":{"type":"LineString","coordinates":[[85.34953195259287,27.694445674300802],[85.34952947298449,27.694461676837005]]}},{"type":"Feature","properties":{},"geometry":{"type":"LineString","coordinates":[[85.34954081533151,27.69444361200659],[85.34953465299803,27.69441695016891]]}},{"type":"Feature","properties":{},"geometry":{"type":"LineString","coordinates":[[85.34965595958718,27.69442356503],[85.34966012507188,27.69444924003573]]}},{"type":"Feature","properties":{},"geometry":{"type":"LineString","coordinates":[[85.34970516026851,27.694413006696095],[85.34970995069905,27.694434143879604]]}},{"type":"Feature","properties":{},"geometry":{"type":"LineString","coordinates":[[85.34984352853118,27.694471019504192],[85.3498405095456,27.694471516934783]]}},{"type":"Feature","properties":{},"geometry":{"type":"LineString","coordinates":[[85.34985330650805,27.694566659810306],[85.34985837611981,27.694564183145005]]}},{"type":"Feature","properties":{},"geometry":{"type":"LineString","coordinates":[[85.34985324891754,27.694578442889455],[85.34985921956076,27.694576868687328]]}},{"type":"Feature","properties":{},"geometry":{"type":"LineString","coordinates":[[85.34985478546935,27.69459695546785],[85.34984965057254,27.694596761595545]]}},{"type":"Feature","properties":{},"geometry":{"type":"LineString","coordinates":[[85.34986053047838,27.6946936334827],[85.34985635855453,27.6946933247292]]}},{"type":"Feature","properties":{},"geometry":{"type":"LineString","coordinates":[[85.34972900498364,27.694726095884473],[85.34970795918802,27.694723918990515]]}},{"type":"Feature","properties":{},"geometry":{"type":"LineString","coordinates":[[85.34972669281343,27.69472652050666],[85.34969573846627,27.694740990481648]]}},{"type":"Feature","properties":{},"geometry":{"type":"LineString","coordinates":[[85.34972420067214,27.694726978183443],[85.34960671317675,27.694741271463933]]}},{"type":"Feature","properties":{},"geometry":{"type":"LineString","coordinates":[[85.35013368788005,27.69487039141583],[85.35009778337171,27.69478891859883]]}},{"type":"Feature","properties":{},"geometry":{"type":"LineString","coordinates":[[85.349856120526,27.694755998960087],[85.34985275562482,27.694756505806456]]}},{"type":"Feature","properties":{},"geometry":{"type":"LineString","coordinates":[[85.34986153135904,27.69479204652976],[85.34972674783225,27.694812915581092]]}},{"type":"Feature","properties":{},"geometry":{"type":"LineString","coordinates":[[85.34986322945734,27.69479523563982],[85.34967415545832,27.69482703017411]]}},{"type":"Feature","properties":{},"geometry":{"type":"LineString","coordinates":[[85.34986407299813,27.69479726380714],[85.34973292742042,27.69481949395152]]}},{"type":"Feature","properties":{},"geometry":{"type":"LineString","coordinates":[[85.34986430403852,27.694799161024694],[85.34968318109702,27.694832946598847]]}},{"type":"Feature","properties":{},"geometry":{"type":"LineString","coordinates":[[85.34982059306807,27.694348697180907],[85.34980744816238,27.6943469285557]]}},{"type":"Feature","properties":{},"geometry":{"type":"LineString","coordinates":[[85.34981139047375,27.694286463700905],[85.34983157407957,27.694284881085288]]}},{"type":"Feature","properties":{},"geometry":{"type":"LineString","coordinates":[[85.34979982319679,27.69424493193459],[85.34979256792982,27.694247243555832]]}},{"type":"Feature","properties":{},"geometry":{"type":"LineString","coordinates":[[85.34979166801247,27.694208720783358],[85.34977642901937,27.69421067641405]]}},{"type":"Feature","properties":{},"geometry":{"type":"LineString","coordinates":[[85.34978647764693,27.694186398292675],[85.34981094969251,27.69418283603954]]}},{"type":"Feature","properties":{},"geometry":{"type":"LineString","coordinates":[[85.34957057038618,27.69412481402295],[85.34956788586602,27.694107393389075]]}},{"type":"Feature","properties":{},"geometry":{"type":"LineString","coordinates":[[85.3495406678115,27.694129030839193],[85.34953751583312,27.694113027060347]]}},{"type":"Feature","properties":{},"geometry":{"type":"LineString","coordinates":[[85.349469967891,27.69414296743122],[85.34946603205444,27.69412582250257]]}},{"type":"Feature","properties":{},"geometry":{"type":"LineString","coordinates":[[85.34946212850404,27.694143464253507],[85.34942911137466,27.694133099236264]]}},{"type":"Feature","properties":{},"geometry":{"type":"LineString","coordinates":[[85.34945811327017,27.694143929944023],[85.34941405788207,27.69413121756736]]}},{"type":"Feature","properties":{},"geometry":{"type":"LineString","coordinates":[[85.3497420839546,27.694000153037532],[85.34976216644228,27.69399639135847]]}},{"type":"Feature","properties":{},"geometry":{"type":"LineString","coordinates":[[85.34973834639418,27.69398229475166],[85.34973205927122,27.69398354206278]]}},{"type":"Feature","properties":{},"geometry":{"type":"LineString","coordinates":[[85.34973149691245,27.693961406501924],[85.34975134706369,27.693957586096662]]}},{"type":"Feature","properties":{},"geometry":{"type":"LineString","coordinates":[[85.34969842240123,27.69381842927253],[85.34969189688604,27.693820088916404]]}},{"type":"Feature","properties":{},"geometry":{"type":"LineString","coordinates":[[85.34985159770088,27.694391882121206],[85.34985275945584,27.69438252924477]]}},{"type":"Feature","properties":{},"geometry":{"type":"LineString","coordinates":[[85.34997083349506,27.694382671887972],[85.34997468658896,27.694417593456457]]}},{"type":"Feature","properties":{},"geometry":{"type":"LineString","coordinates":[[85.35015857684165,27.69436884448578],[85.35016141640932,27.694381490633603]]}},{"type":"Feature","properties":{},"geometry":{"type":"LineString","coordinates":[[85.35016252172834,27.69436786528526],[85.35015472743883,27.69434675369583]]}},{"type":"Feature","properties":{},"geometry":{"type":"LineString","coordinates":[[85.35031793084883,27.69444160192471],[85.35034266090473,27.694440102285053]]}},{"type":"Feature","properties":{},"geometry":{"type":"LineString","coordinates":[[85.35032809568209,27.69452172556946],[85.35035339583857,27.694521289613547]]}},{"type":"Feature","properties":{},"geometry":{"type":"LineString","coordinates":[[85.35033530801662,27.694552613017677],[85.3503119183502,27.694556139519296]]}},{"type":"Feature","properties":{},"geometry":{"type":"LineString","coordinates":[[85.35033703032094,27.69456046411092],[85.35021778306003,27.6945828987634]]}},{"type":"Feature","properties":{},"geometry":{"type":"LineString","coordinates":[[85.35034788235285,27.694637775454705],[85.35036828611803,27.694633221464642]]}},{"type":"Feature","properties":{},"geometry":{"type":"LineString","coordinates":[[85.35035491716629,27.694717758010896],[85.35037972869206,27.69470983314076]]}},{"type":"Feature","properties":{},"geometry":{"type":"LineString","coordinates":[[85.3502595186982,27.694247353800314],[85.35025070005783,27.69424978942249]]}},{"type":"Feature","properties":{},"geometry":{"type":"LineString","coordinates":[[85.35021446997887,27.69412922126062],[85.35023738839932,27.694122031099347]]}},{"type":"Feature","properties":{},"geometry":{"type":"LineString","coordinates":[[85.35019073536733,27.694037225260864],[85.35018511988093,27.694038581681564]]}},{"type":"Feature","properties":{},"geometry":{"type":"LineString","coordinates":[[85.35018815463432,27.69402793248414],[85.35018239861601,27.694031014721933]]}},{"type":"Feature","properties":{},"geometry":{"type":"LineString","coordinates":[[85.35018229403107,27.694013493966715],[85.35019771164265,27.694007749684378]]}},{"type":"Feature","properties":{},"geometry":{"type":"LineString","coordinates":[[85.35018012527946,27.694009844364274],[85.35019659488187,27.694004740795574]]}},{"type":"Feature","properties":{},"geometry":{"type":"LineString","coordinates":[[85.35013547003918,27.693883560995786],[85.35015215562456,27.693878523184207]]}},{"type":"Feature","properties":{},"geometry":{"type":"LineString","coordinates":[[85.35013260721564,27.69387826047102],[85.35024615086735,27.693842831505865]]}},{"type":"Feature","properties":{},"geometry":{"type":"LineString","coordinates":[[85.35011136375266,27.69382808517961],[85.3501032810945,27.693830600865123]]}},{"type":"Feature","properties":{},"geometry":{"type":"LineString","coordinates":[[85.3501058008387,27.693815765797],[85.35006256211506,27.69383498585227]]}},{"type":"Feature","properties":{},"geometry":{"type":"LineString","coordinates":[[85.35010445634954,27.693808616878524],[85.35012449235973,27.69380079579835]]}},{"type":"Feature","properties":{},"geometry":{"type":"LineString","coordinates":[[85.35042719526997,27.69428727240276],[85.35042496867425,27.694281804367463]]}},{"type":"Feature","properties":{},"geometry":{"type":"LineString","coordinates":[[85.3505150693978,27.694318953815454],[85.35050566823675,27.694330391825993]]}},{"type":"Feature","properties":{},"geometry":{"type":"LineString","coordinates":[[85.35058078929058,27.694311721117817],[85.3505762357785,27.694317370124296]]}},{"type":"Feature","properties":{},"geometry":{"type":"LineString","coordinates":[[85.35059619333076,27.69431564841815],[85.3505946828228,27.694305174315613]]}},{"type":"Feature","properties":{},"geometry":{"type":"LineString","coordinates":[[85.35065959438931,27.694310430543876],[85.35065755878377,27.694319370480265]]}},{"type":"Feature","properties":{},"geometry":{"type":"LineString","coordinates":[[85.35067927789683,27.694307377901676],[85.35066872578787,27.694291777887997]]}},{"type":"Feature","properties":{},"geometry":{"type":"LineString","coordinates":[[85.35073335522456,27.694297454922065],[85.35073579460615,27.69430151750035]]}},{"type":"Feature","properties":{},"geometry":{"type":"LineString","coordinates":[[85.35076827458876,27.694288135886737],[85.35076212476766,27.694273100064883]]}},{"type":"Feature","properties":{},"geometry":{"type":"LineString","coordinates":[[85.35080613796158,27.694279258960613],[85.35080761997445,27.694285087267136]]}},{"type":"Feature","properties":{},"geometry":{"type":"LineString","coordinates":[[85.35088358520086,27.694264351470622],[85.35087897959538,27.69424938639365]]}},{"type":"Feature","properties":{},"geometry":{"type":"LineString","coordinates":[[85.35134726762064,27.693252939893494],[85.35134167288636,27.693252514061772]]}},{"type":"Feature","properties":{},"geometry":{"type":"LineString","coordinates":[[85.35134875472104,27.693281169698754],[85.35134368642919,27.693282282675487]]}},{"type":"Feature","properties":{},"geometry":{"type":"LineString","coordinates":[[85.35135144433727,27.693311224349337],[85.35134645317045,27.693310983507683]]}},{"type":"Feature","properties":{},"geometry":{"type":"LineString","coordinates":[[85.3513519866375,27.693315554050017],[85.35134639768447,27.693317104885104]]}},{"type":"Feature","properties":{},"geometry":{"type":"LineString","coordinates":[[85.3513567185633,27.69336590623256],[85.35135233890722,27.693366806282505]]}},{"type":"Feature","properties":{},"geometry":{"type":"LineString","coordinates":[[85.35136107725602,27.693395820100726],[85.35135641776895,27.693397528216874]]}},{"type":"Feature","properties":{},"geometry":{"type":"LineString","coordinates":[[85.3513651440729,27.693401096127328],[85.35135755356475,27.6934044002641]]}},{"type":"Feature","properties":{},"geometry":{"type":"LineString","coordinates":[[85.3513709947698,27.693456957293858],[85.3513613625087,27.69345915676092]]}},{"type":"Feature","properties":{},"geometry":{"type":"LineString","coordinates":[[85.35137116899035,27.693465133818755],[85.3513610964668,27.693468358762857]]}},{"type":"Feature","properties":{},"geometry":{"type":"LineString","coordinates":[[85.35137981424066,27.693515593065193],[85.35136730307437,27.693515987439906]]}},{"type":"Feature","properties":{},"geometry":{"type":"LineString","coordinates":[[85.35138037625568,27.693526842897995],[85.35136850083293,27.69352737300519]]}},{"type":"Feature","properties":{},"geometry":{"type":"LineString","coordinates":[[85.35138461193843,27.693575334417613],[85.35137815497228,27.69357682076521]]}},{"type":"Feature","properties":{},"geometry":{"type":"LineString","coordinates":[[85.35094751411371,27.694177807730565],[85.35095968678861,27.694176394892114]]}},{"type":"Feature","properties":{},"geometry":{"type":"LineString","coordinates":[[85.35129599926131,27.694335736957985],[85.35127798634122,27.694323773900848]]}},{"type":"Feature","properties":{},"geometry":{"type":"LineString","coordinates":[[85.35100657906366,27.694341658074947],[85.35098573573141,27.694347938029047]]}},{"type":"Feature","properties":{},"geometry":{"type":"LineString","coordinates":[[85.35101576042746,27.694360962075198],[85.35102217092661,27.694354610416603]]}},{"type":"Feature","properties":{},"geometry":{"type":"LineString","coordinates":[[85.35115525581897,27.69446020042567],[85.3511408449577,27.69444024840008]]}},{"type":"Feature","properties":{},"geometry":{"type":"LineString","coordinates":[[85.35125456202327,27.694384125074937],[85.3512432385433,27.69437558563803]]}},{"type":"Feature","properties":{},"geometry":{"type":"LineString","coordinates":[[85.35142693519774,27.69393577317932],[85.35142092117773,27.693935379362426]]}},{"type":"Feature","properties":{},"geometry":{"type":"LineString","coordinates":[[85.35142367906751,27.693905629653912],[85.35141433915607,27.69390335141331]]}},{"type":"Feature","properties":{},"geometry":{"type":"LineString","coordinates":[[85.3514238010159,27.69388820274842],[85.35141531402849,27.693889826484735]]}},{"type":"Feature","properties":{},"geometry":{"type":"LineString","coordinates":[[85.35141556537963,27.69383909228862],[85.35140966989054,27.693842214435943]]}},{"type":"Feature","properties":{},"geometry":{"type":"LineString","coordinates":[[85.35141383892427,27.693828408935637],[85.35140811541429,27.69382872347354]]}},{"type":"Feature","properties":{},"geometry":{"type":"LineString","coordinates":[[85.35140911827193,27.693784659088543],[85.35140138102545,27.693783961351173]]}},{"type":"Feature","properties":{},"geometry":{"type":"LineString","coordinates":[[85.35140853776254,27.69376580048825],[85.35140339741106,27.69376644418184]]}},{"type":"Feature","properties":{},"geometry":{"type":"LineString","coordinates":[[85.35140243987023,27.693723890800737],[85.35139405144587,27.693726985973548]]}},{"type":"Feature","properties":{},"geometry":{"type":"LineString","coordinates":[[85.35139938135457,27.693700840107695],[85.3513927628013,27.693705049348598]]}},{"type":"Feature","properties":{},"geometry":{"type":"LineString","coordinates":[[85.35139458013788,27.693647742429764],[85.35138550016019,27.693650165087078]]}},{"type":"Feature","properties":{},"geometry":{"type":"LineString","coordinates":[[85.35139433488759,27.693640041608926],[85.35138407124427,27.693636213510516]]}},{"type":"Feature","properties":{},"geometry":{"type":"LineString","coordinates":[[85.35138555186954,27.693587076130246],[85.35137959706753,27.69358793847273]]}},{"type":"Feature","properties":{},"geometry":{"type":"LineString","coordinates":[[85.35090542156316,27.69425656345449],[85.35090128040575,27.694237008095254]]}},{"type":"Feature","properties":{},"geometry":{"type":"LineString","coordinates":[[85.35046249734245,27.694517591068305],[85.35046389723861,27.694526451889388]]}},{"type":"Feature","properties":{},"geometry":{"type":"LineString","coordinates":[[85.35047768028302,27.69451309400091],[85.35050609492846,27.69451707071088]]}},{"type":"Feature","properties":{},"geometry":{"type":"LineString","coordinates":[[85.35048083462927,27.69451236079678],[85.35060056743902,27.694501460042073]]}},{"type":"Feature","properties":{},"geometry":{"type":"LineString","coordinates":[[85.35048290335251,27.69451207676787],[85.35055668204164,27.694498733215504]]}},{"type":"Feature","properties":{},"geometry":{"type":"LineString","coordinates":[[85.35062387796927,27.694715569429828],[85.35061337439649,27.69469930209869]]}},{"type":"Feature","properties":{},"geometry":{"type":"LineString","coordinates":[[85.35091415938952,27.69459049946899],[85.35090284664174,27.694567823400305]]}},{"type":"Feature","properties":{},"geometry":{"type":"LineString","coordinates":[[85.35101346109002,27.693364902822836],[85.35099218842295,27.693372573023208]]}},{"type":"Feature","properties":{},"geometry":{"type":"LineString","coordinates":[[85.35102326585242,27.69339278221087],[85.35103177337061,27.69338999263959]]}},{"type":"Feature","properties":{},"geometry":{"type":"LineString","coordinates":[[85.35105882430203,27.69347550885193],[85.35104013977275,27.693482807340473]]}},{"type":"Feature","properties":{},"geometry":{"type":"LineString","coordinates":[[85.35106742717598,27.693492888028352],[85.3510747609429,27.69348980107424]]}},{"type":"Feature","properties":{},"geometry":{"type":"LineString","coordinates":[[85.35108245877174,27.693526783819223],[85.35106298517456,27.693534567514565]]}},{"type":"Feature","properties":{},"geometry":{"type":"LineString","coordinates":[[85.3511003689567,27.693563922474848],[85.35107928689794,27.693571659038703]]}},{"type":"Feature","properties":{},"geometry":{"type":"LineString","coordinates":[[85.3511158488018,27.69360125511832],[85.35112483937328,27.693600800791284]]}},{"type":"Feature","properties":{},"geometry":{"type":"LineString","coordinates":[[85.35116956492257,27.693723285856386],[85.35117534153053,27.69372092225578]]}},{"type":"Feature","properties":{},"geometry":{"type":"LineString","coordinates":[[85.35118181749766,27.69375568369631],[85.35118761348777,27.693753649758985]]}},{"type":"Feature","properties":{},"geometry":{"type":"LineString","coordinates":[[85.35118623167156,27.69377144614988],[85.35116560460528,27.693775420874875]]}},{"type":"Feature","properties":{},"geometry":{"type":"LineString","coordinates":[[85.3511902524594,27.693809065630546],[85.35115694339588,27.693809686166254]]}},{"type":"Feature","properties":{},"geometry":{"type":"LineString","coordinates":[[85.3511882130143,27.693882357774108],[85.35119301565551,27.693883405067478]]}},{"type":"Feature","properties":{},"geometry":{"type":"LineString","coordinates":[[85.3511878101883,27.69388831345708],[85.35118938641595,27.693907709201348]]}},{"type":"Feature","properties":{},"geometry":{"type":"LineString","coordinates":[[85.35104843849109,27.69392046621143],[85.35102592620768,27.693941185245347]]}},{"type":"Feature","properties":{},"geometry":{"type":"LineString","coordinates":[[85.35104391065815,27.693921711067617],[85.35101967374075,27.693939858036163]]}},{"type":"Feature","properties":{},"geometry":{"type":"LineString","coordinates":[[85.3506886185547,27.69286335098241],[85.35067722268687,27.692844801295653]]}},{"type":"Feature","properties":{},"geometry":{"type":"LineString","coordinates":[[85.35056455208483,27.69296218230579],[85.35055277246359,27.692945148844785]]}},{"type":"Feature","properties":{},"geometry":{"type":"LineString","coordinates":[[85.35050584379269,27.693010805826145],[85.35049338723664,27.692994825702012]]}},{"type":"Feature","properties":{},"geometry":{"type":"LineString","coordinates":[[85.35045759753623,27.69304917636619],[85.35044156391534,27.693034734901993]]}},{"type":"Feature","properties":{},"geometry":{"type":"LineString","coordinates":[[85.3503662338787,27.693121511746533],[85.35035368998605,27.693107159683134]]}},{"type":"Feature","properties":{},"geometry":{"type":"LineString","coordinates":[[85.35028888779566,27.69318260847314],[85.35027567592658,27.693167904570707]]}},{"type":"Feature","properties":{},"geometry":{"type":"LineString","coordinates":[[85.35079406286974,27.693339924488622],[85.35079800840434,27.6933467911952]]}},{"type":"Feature","properties":{},"geometry":{"type":"LineString","coordinates":[[85.3507529794165,27.6933610811522],[85.35075744920445,27.693366798832574]]}},{"type":"Feature","properties":{},"geometry":{"type":"LineString","coordinates":[[85.35063960134006,27.693416902169435],[85.35064847768356,27.693432880250306]]}},{"type":"Feature","properties":{},"geometry":{"type":"LineString","coordinates":[[85.35051808938711,27.69347776354185],[85.35052284844735,27.69348588908433]]}},{"type":"Feature","properties":{},"geometry":{"type":"LineString","coordinates":[[85.35049744891819,27.693487824845423],[85.35050232835272,27.69349657639123]]}},{"type":"Feature","properties":{},"geometry":{"type":"LineString","coordinates":[[85.35072706501546,27.693522857089313],[85.35071259641192,27.693533130932845]]}},{"type":"Feature","properties":{},"geometry":{"type":"LineString","coordinates":[[85.35076425578382,27.693584133241554],[85.35077058813721,27.693580482012084]]}},{"type":"Feature","properties":{},"geometry":{"type":"LineString","coordinates":[[85.35080937070526,27.69366800809572],[85.35082536621468,27.69366334195759]]}},{"type":"Feature","properties":{},"geometry":{"type":"LineString","coordinates":[[85.35080972592013,27.69367007737448],[85.35079458362775,27.693674442291393]]}},{"type":"Feature","properties":{},"geometry":{"type":"LineString","coordinates":[[85.35083970202466,27.69373137859131],[85.35082237124458,27.693736980120917]]}},{"type":"Feature","properties":{},"geometry":{"type":"LineString","coordinates":[[85.3508760166426,27.69381418648552],[85.35088512358882,27.69381165768208]]}},{"type":"Feature","properties":{},"geometry":{"type":"LineString","coordinates":[[85.35088524346756,27.693845571746152],[85.35087579465201,27.69385047200497]]}},{"type":"Feature","properties":{},"geometry":{"type":"LineString","coordinates":[[85.35088931919903,27.69385774161455],[85.35092744471991,27.69400990179982]]}},{"type":"Feature","properties":{},"geometry":{"type":"LineString","coordinates":[[85.35038521920382,27.693655465232823],[85.35038237731587,27.69365551531316]]}},{"type":"Feature","properties":{},"geometry":{"type":"LineString","coordinates":[[85.35039095793032,27.693663578984545],[85.35040331067,27.69365881895398]]}},{"type":"Feature","properties":{},"geometry":{"type":"LineString","coordinates":[[85.35044434528507,27.693766623508033],[85.3504398082204,27.69376834749161]]}},{"type":"Feature","properties":{},"geometry":{"type":"LineString","coordinates":[[85.35045609389351,27.69378963513894],[85.35046554916858,27.693782822470354]]}},{"type":"Feature","properties":{},"geometry":{"type":"LineString","coordinates":[[85.3505060897533,27.693910543236807],[85.35051848980139,27.69390479636434]]}},{"type":"Feature","properties":{},"geometry":{"type":"LineString","coordinates":[[85.35051156741272,27.69392185975216],[85.35050765486895,27.693922037879027]]}},{"type":"Feature","properties":{},"geometry":{"type":"LineString","coordinates":[[85.35053900175146,27.69397531371339],[85.3505427282947,27.693995532033973]]}},{"type":"Feature","properties":{},"geometry":{"type":"LineString","coordinates":[[85.35053856591509,27.693973414056774],[85.35050792318968,27.694057411810824]]}},{"type":"Feature","properties":{},"geometry":{"type":"LineString","coordinates":[[85.3505364004085,27.69396664797298],[85.35056314601422,27.693972371988707]]}},{"type":"Feature","properties":{},"geometry":{"type":"LineString","coordinates":[[85.35053759886969,27.693968809430142],[85.35056304649557,27.69398094688862]]}},{"type":"Feature","properties":{},"geometry":{"type":"LineString","coordinates":[[85.34808440992518,27.694821620896523],[85.34809031584774,27.694807782081426]]}},{"type":"Feature","properties":{},"geometry":{"type":"LineString","coordinates":[[85.34797255594297,27.69479618002004],[85.34797429803123,27.69478183303173]]}},{"type":"Feature","properties":{},"geometry":{"type":"LineString","coordinates":[[85.34795903055448,27.694794897668768],[85.34796003525081,27.694778007507885]]}},{"type":"Feature","properties":{},"geometry":{"type":"LineString","coordinates":[[85.34737210337616,27.695166642516956],[85.34733292240688,27.69515000287452]]}},{"type":"Feature","properties":{},"geometry":{"type":"LineString","coordinates":[[85.34738168951773,27.6951387786376],[85.34735244444117,27.6951230879438]]}},{"type":"Feature","properties":{},"geometry":{"type":"LineString","coordinates":[[85.347399221211,27.69509994246523],[85.34737569007869,27.69507764468029]]}},{"type":"Feature","properties":{},"geometry":{"type":"LineString","coordinates":[[85.34747268398881,27.694979320942956],[85.34753576198395,27.69503125856222]]}},{"type":"Feature","properties":{},"geometry":{"type":"LineString","coordinates":[[85.34801803784781,27.695461036569636],[85.34802261235663,27.695458583851618]]}},{"type":"Feature","properties":{},"geometry":{"type":"LineString","coordinates":[[85.34795422207361,27.695385677176624],[85.34793550434404,27.695398175352764]]}},{"type":"Feature","properties":{},"geometry":{"type":"LineString","coordinates":[[85.34793635059376,27.69536662581035],[85.347942990319,27.69536284390424]]}},{"type":"Feature","properties":{},"geometry":{"type":"LineString","coordinates":[[85.34790165861968,27.695322566113177],[85.34790711249687,27.695319423508874]]}},{"type":"Feature","properties":{},"geometry":{"type":"LineString","coordinates":[[85.3476748852681,27.69505930868471],[85.34767915280534,27.695056164567454]]}},{"type":"Feature","properties":{},"geometry":{"type":"LineString","coordinates":[[85.34780614250401,27.695568979139757],[85.34780976959985,27.695589238748905]]}},{"type":"Feature","properties":{},"geometry":{"type":"LineString","coordinates":[[85.34769852525044,27.69544841687198],[85.34769276598492,27.69545130130275]]}},{"type":"Feature","properties":{},"geometry":{"type":"LineString","coordinates":[[85.34764664148081,27.695387716428044],[85.3476394954009,27.69539374415118]]}},{"type":"Feature","properties":{},"geometry":{"type":"LineString","coordinates":[[85.34750555722293,27.69522790414708],[85.3474980084539,27.695233268191977]]}},{"type":"Feature","properties":{},"geometry":{"type":"LineString","coordinates":[[85.3474980824305,27.695220010543725],[85.34751359673474,27.69520860780362]]}},{"type":"Feature","properties":{},"geometry":{"type":"LineString","coordinates":[[85.35024190092204,27.693601196473434],[85.35022910006286,27.69358012812686]]}},{"type":"Feature","properties":{},"geometry":{"type":"LineString","coordinates":[[85.35023336714308,27.69360404434814],[85.35023917720326,27.693611391783275]]}},{"type":"Feature","properties":{},"geometry":{"type":"LineString","coordinates":[[85.35014129033598,27.693636108046192],[85.35012984774077,27.693611092752995]]}},{"type":"Feature","properties":{},"geometry":{"type":"LineString","coordinates":[[85.35013046875821,27.693638570339612],[85.3501315055122,27.693646696669266]]}},{"type":"Feature","properties":{},"geometry":{"type":"LineString","coordinates":[[85.35009279362617,27.69365065159759],[85.35008041272557,27.69362647171728]]}},{"type":"Feature","properties":{},"geometry":{"type":"LineString","coordinates":[[85.34996972261118,27.69368657162057],[85.3499482695363,27.69365519404379]]}},{"type":"Feature","properties":{},"geometry":{"type":"LineString","coordinates":[[85.34996096857944,27.693689500791013],[85.34995194495363,27.693671792519748]]}},{"type":"Feature","properties":{},"geometry":{"type":"LineString","coordinates":[[85.34992323830559,27.693705515584703],[85.3499286480528,27.693718578659745]]}},{"type":"Feature","properties":{},"geometry":{"type":"LineString","coordinates":[[85.34987319199607,27.69372560033342],[85.34987472192762,27.693731609730776]]}},{"type":"Feature","properties":{},"geometry":{"type":"LineString","coordinates":[[85.3497845127573,27.693750588528346],[85.34977806412141,27.693732846853962]]}},{"type":"Feature","properties":{},"geometry":{"type":"LineString","coordinates":[[85.34970068665137,27.69376497261834],[85.3497067147566,27.693776764149888]]}},{"type":"Feature","properties":{},"geometry":{"type":"LineString","coordinates":[[85.34966678683696,27.693765298741745],[85.34965620344342,27.693731502761782]]}},{"type":"Feature","properties":{},"geometry":{"type":"LineString","coordinates":[[85.34951927541339,27.693790669505823],[85.34952117583207,27.693798741149365]]}},{"type":"Feature","properties":{},"geometry":{"type":"LineString","coordinates":[[85.34950913899621,27.693792676905744],[85.3495047989085,27.693773623669195]]}},{"type":"Feature","properties":{},"geometry":{"type":"LineString","coordinates":[[85.34942717903598,27.6938089143575],[85.34942989555556,27.693817669036935]]}},{"type":"Feature","properties":{},"geometry":{"type":"LineString","coordinates":[[85.34940557852521,27.693813763523234],[85.34940023842773,27.69379492941731]]}},{"type":"Feature","properties":{},"geometry":{"type":"LineString","coordinates":[[85.34939431742586,27.6938151094726],[85.34939035509286,27.69379689650273]]}},{"type":"Feature","properties":{},"geometry":{"type":"LineString","coordinates":[[85.34924060845523,27.69384351626112],[85.34924243224432,27.693852501282947]]}},{"type":"Feature","properties":{},"geometry":{"type":"LineString","coordinates":[[85.3492300624377,27.693844644180732],[85.34922776115728,27.693825882400304]]}},{"type":"Feature","properties":{},"geometry":{"type":"LineString","coordinates":[[85.34921744696406,27.69384684673973],[85.34921431766737,27.693827654496552]]}},{"type":"Feature","properties":{},"geometry":{"type":"LineString","coordinates":[[85.34913655399886,27.69386036379947],[85.34914000069124,27.69387052434537]]}},{"type":"Feature","properties":{},"geometry":{"type":"LineString","coordinates":[[85.34909363586505,27.69387080099079],[85.34908825154729,27.693850259614965]]}},{"type":"Feature","properties":{},"geometry":{"type":"LineString","coordinates":[[85.3498875195042,27.693468946148947],[85.34992420271753,27.693441913119862]]}},{"type":"Feature","properties":{},"geometry":{"type":"LineString","coordinates":[[85.34988499177204,27.693469884467678],[85.3499198828274,27.693441400433954]]}},{"type":"Feature","properties":{},"geometry":{"type":"LineString","coordinates":[[85.34985819916733,27.69347814937867],[85.34986392683504,27.69348834341002]]}},{"type":"Feature","properties":{},"geometry":{"type":"LineString","coordinates":[[85.34977543861493,27.693509813012657],[85.34976253101432,27.693481489513715]]}},{"type":"Feature","properties":{},"geometry":{"type":"LineString","coordinates":[[85.34977227997169,27.69351049650979],[85.34972924646749,27.69341173141722]]}},{"type":"Feature","properties":{},"geometry":{"type":"LineString","coordinates":[[85.34978052556653,27.693529032188344],[85.34978862389536,27.693526619599247]]}},{"type":"Feature","properties":{},"geometry":{"type":"LineString","coordinates":[[85.3497896881167,27.69354835499256],[85.34977016963988,27.69355567856715]]}},{"type":"Feature","properties":{},"geometry":{"type":"LineString","coordinates":[[85.34979302724129,27.693553940992633],[85.34977240049511,27.693560388516012]]}},{"type":"Feature","properties":{},"geometry":{"type":"LineString","coordinates":[[85.3473208672277,27.695415587368096],[85.3473151789305,27.69542055843415]]}},{"type":"Feature","properties":{},"geometry":{"type":"LineString","coordinates":[[85.34738004491848,27.695479484289834],[85.3473755338888,27.695483174243915]]}},{"type":"Feature","properties":{},"geometry":{"type":"LineString","coordinates":[[85.34738263754143,27.695481444897315],[85.34740144958627,27.695470229552168]]}},{"type":"Feature","properties":{},"geometry":{"type":"LineString","coordinates":[[85.34744647312989,27.695551696318635],[85.34746629698182,27.69553746226217]]}},{"type":"Feature","properties":{},"geometry":{"type":"LineString","coordinates":[[85.34744670803946,27.695554343608023],[85.34746945510366,27.69554152986259]]}},{"type":"Feature","properties":{},"geometry":{"type":"LineString","coordinates":[[85.34733595042829,27.695652285500522],[85.3473326855778,27.695646148870185]]}},{"type":"Feature","properties":{},"geometry":{"type":"LineString","coordinates":[[85.34729647490144,27.69568648233548],[85.347308077197,27.69570443364762]]}},{"type":"Feature","properties":{},"geometry":{"type":"LineString","coordinates":[[85.34754009856931,27.69565298379798],[85.34755678485328,27.695641530058886]]}},{"type":"Feature","properties":{},"geometry":{"type":"LineString","coordinates":[[85.34754163219164,27.69565497147611],[85.34753509190111,27.69565901628945]]}},{"type":"Feature","properties":{},"geometry":{"type":"LineString","coordinates":[[85.34755083481748,27.695665626757975],[85.34754447867124,27.695670505925]]}},{"type":"Feature","properties":{},"geometry":{"type":"LineString","coordinates":[[85.34761193993612,27.695732580979605],[85.34763070592436,27.69571924134304]]}},{"type":"Feature","properties":{},"geometry":{"type":"LineString","coordinates":[[85.3476589065022,27.695782948974703],[85.34768050465384,27.69577438244607]]}},{"type":"Feature","properties":{},"geometry":{"type":"LineString","coordinates":[[85.3476606905229,27.69578446940878],[85.34768770628123,27.695788970640315]]}},{"type":"Feature","properties":{},"geometry":{"type":"LineString","coordinates":[[85.34766194697403,27.69578614420158],[85.34766214810777,27.695798237226725]]}},{"type":"Feature","properties":{},"geometry":{"type":"LineString","coordinates":[[85.34940897264555,27.692084973083468],[85.34940186251008,27.692094563726112]]}},{"type":"Feature","properties":{},"geometry":{"type":"LineString","coordinates":[[85.3494330006948,27.69207166701263],[85.34943066244936,27.69206466238449]]}},{"type":"Feature","properties":{},"geometry":{"type":"LineString","coordinates":[[85.34950060233166,27.692037868825746],[85.34950929142057,27.692054750907896]]}},{"type":"Feature","properties":{},"geometry":{"type":"LineString","coordinates":[[85.34916480354042,27.692082233790828],[85.34917416234427,27.692103122198485]]}},{"type":"Feature","properties":{},"geometry":{"type":"LineString","coordinates":[[85.34915528885493,27.69208383521185],[85.34916104646145,27.692108877570327]]}},{"type":"Feature","properties":{},"geometry":{"type":"LineString","coordinates":[[85.34913507488773,27.69206468567578],[85.34914808146827,27.692060129402183]]}},{"type":"Feature","properties":{},"geometry":{"type":"LineString","coordinates":[[85.34912995458957,27.692055914967913],[85.34910499670077,27.692062955188273]]}},{"type":"Feature","properties":{},"geometry":{"type":"LineString","coordinates":[[85.34906856174344,27.691962797412945],[85.3490766656108,27.6919579209509]]}},{"type":"Feature","properties":{},"geometry":{"type":"LineString","coordinates":[[85.34903171278303,27.691914414311782],[85.34901430743774,27.691928286655997]]}},{"type":"Feature","properties":{},"geometry":{"type":"LineString","coordinates":[[85.34896399689222,27.69182508426272],[85.34893937767453,27.69184533288213]]}},{"type":"Feature","properties":{},"geometry":{"type":"LineString","coordinates":[[85.34657687219507,27.688533746465954],[85.34658133712138,27.688515333491544]]}},{"type":"Feature","properties":{},"geometry":{"type":"LineString","coordinates":[[85.34643308336308,27.688484293437323],[85.34644117060908,27.688465707107852]]}},{"type":"Feature","properties":{},"geometry":{"type":"LineString","coordinates":[[85.34628403065253,27.688433613106426],[85.34628012976839,27.688444198625053]]}},{"type":"Feature","properties":{},"geometry":{"type":"LineString","coordinates":[[85.3462743325138,27.68842991414793],[85.34626776076871,27.68844347328044]]}},{"type":"Feature","properties":{},"geometry":{"type":"LineString","coordinates":[[85.34616141585036,27.688556168938195],[85.34617433459096,27.68855674742363]]}},{"type":"Feature","properties":{},"geometry":{"type":"LineString","coordinates":[[85.34606273260862,27.688491495589936],[85.34605900298583,27.688497444012672]]}},{"type":"Feature","properties":{},"geometry":{"type":"LineString","coordinates":[[85.34606083457683,27.688486247125677],[85.34606659324669,27.688482236353863]]}},{"type":"Feature","properties":{},"geometry":{"type":"LineString","coordinates":[[85.34604224819927,27.688477586247092],[85.34601862278501,27.688464207995914]]}},{"type":"Feature","properties":{},"geometry":{"type":"LineString","coordinates":[[85.34600389947785,27.688316301891263],[85.3460118645268,27.68830986252347]]}},{"type":"Feature","properties":{},"geometry":{"type":"LineString","coordinates":[[85.34599352357456,27.68831048283914],[85.34598149507725,27.68831542055818]]}},{"type":"Feature","properties":{},"geometry":{"type":"LineString","coordinates":[[85.34548335126475,27.688229801305624],[85.34548334245984,27.688208194029144]]}},{"type":"Feature","properties":{},"geometry":{"type":"LineString","coordinates":[[85.3455146765052,27.68824289256424],[85.34550316962982,27.688250219218986]]}},{"type":"Feature","properties":{},"geometry":{"type":"LineString","coordinates":[[85.34553946359948,27.68826394747086],[85.3455249460681,27.688268539518543]]}},{"type":"Feature","properties":{},"geometry":{"type":"LineString","coordinates":[[85.34557939601764,27.68828786390208],[85.3455891014709,27.68826350255406]]}},{"type":"Feature","properties":{},"geometry":{"type":"LineString","coordinates":[[85.34928268959524,27.691835309998574],[85.34927632879597,27.691847662363212]]}},{"type":"Feature","properties":{},"geometry":{"type":"LineString","coordinates":[[85.3480689629578,27.68951986955511],[85.34802891941948,27.689472287478964]]}},{"type":"Feature","properties":{},"geometry":{"type":"LineString","coordinates":[[85.3445784454488,27.687744333288027],[85.34460566876733,27.687791393009913]]}},{"type":"Feature","properties":{},"geometry":{"type":"LineString","coordinates":[[85.34457686213695,27.687743095911955],[85.34456079318059,27.68777458350431]]}},{"type":"Feature","properties":{},"geometry":{"type":"LineString","coordinates":[[85.34446033835368,27.68768295563994],[85.34453866923573,27.68754878858488]]}},{"type":"Feature","properties":{},"geometry":{"type":"LineString","coordinates":[[85.34445695408692,27.687680794177542],[85.34457459933645,27.68748982997306]]}},{"type":"Feature","properties":{},"geometry":{"type":"LineString","coordinates":[[85.34445444822305,27.687678877880508],[85.34460244510227,27.687432444439843]]}},{"type":"Feature","properties":{},"geometry":{"type":"LineString","coordinates":[[85.34443744352066,27.687671580509264],[85.34439089039361,27.68774170484664]]}},{"type":"Feature","properties":{},"geometry":{"type":"LineString","coordinates":[[85.3443014606698,27.687600169227707],[85.34431225417757,27.687587707631604]]}},{"type":"Feature","properties":{},"geometry":{"type":"LineString","coordinates":[[85.34436470466197,27.687632668210117],[85.3443455422849,27.687658170956038]]}},{"type":"Feature","properties":{},"geometry":{"type":"LineString","coordinates":[[85.3440509491929,27.687778551341435],[85.34405729474199,27.687812247388752]]}},{"type":"Feature","properties":{},"geometry":{"type":"LineString","coordinates":[[85.3443341679082,27.687336165811665],[85.34434908841193,27.687337788282175]]}},{"type":"Feature","properties":{},"geometry":{"type":"LineString","coordinates":[[85.3440828296423,27.687461206155476],[85.34409200101796,27.687446721508216]]}},{"type":"Feature","properties":{},"geometry":{"type":"LineString","coordinates":[[85.34407825028431,27.687458958189573],[85.34403745567569,27.687507000760537]]}},{"type":"Feature","properties":{},"geometry":{"type":"LineString","coordinates":[[85.34404004475948,27.687441587464054],[85.34400799806532,27.68747633169103]]}},{"type":"Feature","properties":{},"geometry":{"type":"LineString","coordinates":[[85.34396283228415,27.6873907528705],[85.34392977865762,27.687420331449715]]}},{"type":"Feature","properties":{},"geometry":{"type":"LineString","coordinates":[[85.34390083736935,27.687340000938025],[85.34374987553328,27.68747645792178]]}},{"type":"Feature","properties":{},"geometry":{"type":"LineString","coordinates":[[85.34389767118154,27.687337499099637],[85.34371950136399,27.687465543782245]]}},{"type":"Feature","properties":{},"geometry":{"type":"LineString","coordinates":[[85.34367995374544,27.687078289935645],[85.34378816991696,27.68707276989482]]}},{"type":"Feature","properties":{},"geometry":{"type":"LineString","coordinates":[[85.34482017153593,27.68705466503717],[85.3448083705314,27.687069398100117]]}},{"type":"Feature","properties":{},"geometry":{"type":"LineString","coordinates":[[85.34511022056232,27.68724147646433],[85.34509861354454,27.687254776807624]]}},{"type":"Feature","properties":{},"geometry":{"type":"LineString","coordinates":[[85.34098200453913,27.687226668835585],[85.34099303167929,27.687253769255403]]}},{"type":"Feature","properties":{},"geometry":{"type":"LineString","coordinates":[[85.3410131188149,27.687218783203534],[85.34102726474205,27.68726023549126]]}},{"type":"Feature","properties":{},"geometry":{"type":"LineString","coordinates":[[85.34127730917632,27.687159265440975],[85.34128837324569,27.68718862266747]]}},{"type":"Feature","properties":{},"geometry":{"type":"LineString","coordinates":[[85.34151826740136,27.68710533554435],[85.34152105734319,27.68714010827091]]}},{"type":"Feature","properties":{},"geometry":{"type":"LineString","coordinates":[[85.34162689677325,27.687075832253026],[85.3415857565273,27.687128572242855]]}},{"type":"Feature","properties":{},"geometry":{"type":"LineString","coordinates":[[85.34164828735283,27.687074003504513],[85.34164994947663,27.687118329800192]]}},{"type":"Feature","properties":{},"geometry":{"type":"LineString","coordinates":[[85.34179449625005,27.687043542100675],[85.3418045659267,27.68707899767672]]}},{"type":"Feature","properties":{},"geometry":{"type":"LineString","coordinates":[[85.34179816200363,27.68704250292856],[85.34180803334768,27.687078335202425]]}},{"type":"Feature","properties":{},"geometry":{"type":"LineString","coordinates":[[85.34193766994885,27.68700928957346],[85.34195603877687,27.68704908650969]]}},{"type":"Feature","properties":{},"geometry":{"type":"LineString","coordinates":[[85.34193903924043,27.68700858392418],[85.34196324891536,27.68704900134886]]}},{"type":"Feature","properties":{},"geometry":{"type":"LineString","coordinates":[[85.34197628881256,27.68700195387392],[85.3419858782875,27.687039669101065]]}},{"type":"Feature","properties":{},"geometry":{"type":"LineString","coordinates":[[85.34207120329972,27.68697960574042],[85.34208266900538,27.687017289270607]]}},{"type":"Feature","properties":{},"geometry":{"type":"LineString","coordinates":[[85.34210519199078,27.686971375196894],[85.34211806868635,27.687008949258683]]}},{"type":"Feature","properties":{},"geometry":{"type":"LineString","coordinates":[[85.34215873321433,27.686960833509747],[85.34216666512451,27.686992165874358]]}},{"type":"Feature","properties":{},"geometry":{"type":"LineString","coordinates":[[85.34217586267825,27.68695649871975],[85.34218462866797,27.686988996338062]]}},{"type":"Feature","properties":{},"geometry":{"type":"LineString","coordinates":[[85.34245391518498,27.686895420732657],[85.34245661942,27.686925147144745]]}},{"type":"Feature","properties":{},"geometry":{"type":"LineString","coordinates":[[85.34258970768164,27.686864499853208],[85.34259650381439,27.68689249720327]]}},{"type":"Feature","properties":{},"geometry":{"type":"LineString","coordinates":[[85.3427429647331,27.686832560361875],[85.342795295708,27.68690349560077]]}},{"type":"Feature","properties":{},"geometry":{"type":"LineString","coordinates":[[85.34284238083637,27.68680885757434],[85.3428489952378,27.686840165115136]]}},{"type":"Feature","properties":{},"geometry":{"type":"LineString","coordinates":[[85.34289736369598,27.686796166715997],[85.34290878114702,27.68682833500047]]}},{"type":"Feature","properties":{},"geometry":{"type":"LineString","coordinates":[[85.34294050285573,27.686786249371863],[85.34294766872611,27.686816624850586]]}},{"type":"Feature","properties":{},"geometry":{"type":"LineString","coordinates":[[85.34313670304952,27.686743929430268],[85.34315152388123,27.686803855871766]]}},{"type":"Feature","properties":{},"geometry":{"type":"LineString","coordinates":[[85.34123595512705,27.687575869283066],[85.34126807217112,27.68758147074156]]}},{"type":"Feature","properties":{},"geometry":{"type":"LineString","coordinates":[[85.34124390291191,27.687574610650447],[85.3412623558379,27.687572611394714]]}},{"type":"Feature","properties":{},"geometry":{"type":"LineString","coordinates":[[85.34113451524189,27.687584483009832],[85.34112913708941,27.687563984760477]]}},{"type":"Feature","properties":{},"geometry":{"type":"LineString","coordinates":[[85.34101729628327,27.68784450180756],[85.34103386752444,27.687846252717964]]}},{"type":"Feature","properties":{},"geometry":{"type":"LineString","coordinates":[[85.34104466325732,27.68769698678038],[85.3410553358834,27.687686509621503]]}},{"type":"Feature","properties":{},"geometry":{"type":"LineString","coordinates":[[85.3409688069446,27.687460497886278],[85.34102534683753,27.68745081389756]]}},{"type":"Feature","properties":{},"geometry":{"type":"LineString","coordinates":[[85.34790486636504,27.6899355334337],[85.34788830504787,27.68995127497955]]}},{"type":"Feature","properties":{},"geometry":{"type":"LineString","coordinates":[[85.34462036550909,27.68911556895029],[85.34464723758876,27.689112606682585]]}},{"type":"Feature","properties":{},"geometry":{"type":"LineString","coordinates":[[85.34297749633978,27.69031086948976],[85.3429667793233,27.690315551861303]]}},{"type":"Feature","properties":{},"geometry":{"type":"LineString","coordinates":[[85.34298328247769,27.69031378177396],[85.34297724814061,27.69031991913925]]}},{"type":"Feature","properties":{},"geometry":{"type":"LineString","coordinates":[[85.343105463507,27.690292833338557],[85.34310396034996,27.690315830488053]]}},{"type":"Feature","properties":{},"geometry":{"type":"LineString","coordinates":[[85.34315163168965,27.69029258247408],[85.34315052827179,27.690269635365997]]}},{"type":"Feature","properties":{},"geometry":{"type":"LineString","coordinates":[[85.3431573570843,27.69030153211285],[85.34315262864236,27.690269534139247]]}},{"type":"Feature","properties":{},"geometry":{"type":"LineString","coordinates":[[85.34323660163372,27.690288400398188],[85.34324304042084,27.690293080461245]]}},{"type":"Feature","properties":{},"geometry":{"type":"LineString","coordinates":[[85.34324962933425,27.690285803474875],[85.34325276912742,27.69029140077502]]}},{"type":"Feature","properties":{},"geometry":{"type":"LineString","coordinates":[[85.34325827561577,27.690281944707333],[85.34324241971098,27.690242863935648]]}},{"type":"Feature","properties":{},"geometry":{"type":"LineString","coordinates":[[85.34331447860207,27.69026242697828],[85.34328713149856,27.69022423764443]]}},{"type":"Feature","properties":{},"geometry":{"type":"LineString","coordinates":[[85.34339796717903,27.6902314482903],[85.34338335865671,27.69019033365729]]}},{"type":"Feature","properties":{},"geometry":{"type":"LineString","coordinates":[[85.34351330747607,27.69018810650622],[85.3435154288989,27.690193998487246]]}},{"type":"Feature","properties":{},"geometry":{"type":"LineString","coordinates":[[85.34351742482175,27.690186711672098],[85.34347814165368,27.690096943013145]]}},{"type":"Feature","properties":{},"geometry":{"type":"LineString","coordinates":[[85.34351941790145,27.69018632936441],[85.34345214705112,27.690039012973163]]}},{"type":"Feature","properties":{},"geometry":{"type":"LineString","coordinates":[[85.34352151726044,27.690185623408418],[85.34343977828722,27.689998638156823]]}},{"type":"Feature","properties":{},"geometry":{"type":"LineString","coordinates":[[85.34365889669992,27.690155957095453],[85.34362869388735,27.6899798323672]]}},{"type":"Feature","properties":{},"geometry":{"type":"LineString","coordinates":[[85.3436802392006,27.690155336899398],[85.34368050415789,27.69016666712744]]}},{"type":"Feature","properties":{},"geometry":{"type":"LineString","coordinates":[[85.34382698715436,27.690020887585824],[85.34382266601877,27.690019662583985]]}},{"type":"Feature","properties":{},"geometry":{"type":"LineString","coordinates":[[85.34384617117345,27.69026672016584],[85.34385139981062,27.690266936134265]]}},{"type":"Feature","properties":{},"geometry":{"type":"LineString","coordinates":[[85.34384616743681,27.690270998229593],[85.34385316204323,27.69027109993564]]}},{"type":"Feature","properties":{},"geometry":{"type":"LineString","coordinates":[[85.34383795464052,27.690330107580845],[85.34384580346752,27.690329371102653]]}},{"type":"Feature","properties":{},"geometry":{"type":"LineString","coordinates":[[85.34382866271449,27.690411000715567],[85.34383799837724,27.690409162853154]]}},{"type":"Feature","properties":{},"geometry":{"type":"LineString","coordinates":[[85.3438345012407,27.6904205202905],[85.34383179727801,27.69044112937223]]}},{"type":"Feature","properties":{},"geometry":{"type":"LineString","coordinates":[[85.34387719440183,27.69042680724632],[85.34387380376116,27.69044655971534]]}},{"type":"Feature","properties":{},"geometry":{"type":"LineString","coordinates":[[85.34394426684848,27.69043549772776],[85.34397152668402,27.69043783642994]]}},{"type":"Feature","properties":{},"geometry":{"type":"LineString","coordinates":[[85.34382503150044,27.69067508082941],[85.34382388748864,27.690686385179774]]}},{"type":"Feature","properties":{},"geometry":{"type":"LineString","coordinates":[[85.34379618680683,27.690673616670008],[85.3437950213323,27.690682312380957]]}},{"type":"Feature","properties":{},"geometry":{"type":"LineString","coordinates":[[85.34364098254247,27.69063471944025],[85.34365036355497,27.690627863931102]]}},{"type":"Feature","properties":{},"geometry":{"type":"LineString","coordinates":[[85.3435475550269,27.690635614568304],[85.34355053863308,27.690648872680743]]}},{"type":"Feature","properties":{},"geometry":{"type":"LineString","coordinates":[[85.34353340226319,27.69063616731272],[85.34354523761372,27.69070516476512]]}},{"type":"Feature","properties":{},"geometry":{"type":"LineString","coordinates":[[85.3435283597399,27.69063705467448],[85.3435220305999,27.69065130250113]]}},{"type":"Feature","properties":{},"geometry":{"type":"LineString","coordinates":[[85.34348674732857,27.69051216683985],[85.3435073004051,27.69050339618842]]}},{"type":"Feature","properties":{},"geometry":{"type":"LineString","coordinates":[[85.34348378706862,27.69050273583609],[85.34350073446244,27.69049706294138]]}},{"type":"Feature","properties":{},"geometry":{"type":"LineString","coordinates":[[85.3434528136747,27.69039781340793],[85.3434721621458,27.69039226852084]]}},{"type":"Feature","properties":{},"geometry":{"type":"LineString","coordinates":[[85.34344899544114,27.69039014114632],[85.34344186574646,27.690391599222657]]}},{"type":"Feature","properties":{},"geometry":{"type":"LineString","coordinates":[[85.34408563648137,27.690702440091652],[85.3440670262286,27.6906940042964]]}},{"type":"Feature","properties":{},"geometry":{"type":"LineString","coordinates":[[85.34413281707155,27.690694240480724],[85.34413054511803,27.69068757051124]]}},{"type":"Feature","properties":{},"geometry":{"type":"LineString","coordinates":[[85.34418430970373,27.690704666988136],[85.34418125518319,27.6906806495887]]}},{"type":"Feature","properties":{},"geometry":{"type":"LineString","coordinates":[[85.34421583699336,27.69069970085325],[85.34421176781856,27.690676402390803]]}},{"type":"Feature","properties":{},"geometry":{"type":"LineString","coordinates":[[85.3442936405391,27.690708835380885],[85.34427611200792,27.690711360534255]]}},{"type":"Feature","properties":{},"geometry":{"type":"LineString","coordinates":[[85.34430027871052,27.690735919185467],[85.34433516192911,27.69073231087936]]}},{"type":"Feature","properties":{},"geometry":{"type":"LineString","coordinates":[[85.34430793345913,27.690798440411957],[85.34435647649353,27.690793352778286]]}},{"type":"Feature","properties":{},"geometry":{"type":"LineString","coordinates":[[85.34431063935885,27.69080591884099],[85.34429967044652,27.69080646460398]]}},{"type":"Feature","properties":{},"geometry":{"type":"LineString","coordinates":[[85.34407111102716,27.69084391329668],[85.3440675548661,27.69083230904705]]}},{"type":"Feature","properties":{},"geometry":{"type":"LineString","coordinates":[[85.34413071056142,27.690827775311252],[85.34414135519836,27.690839310889256]]}},{"type":"Feature","properties":{},"geometry":{"type":"LineString","coordinates":[[85.34431416404679,27.690823642028924],[85.34430333540999,27.690825642582226]]}},{"type":"Feature","properties":{},"geometry":{"type":"LineString","coordinates":[[85.34433033053126,27.690926834854228],[85.34434864785038,27.69093116951545]]}},{"type":"Feature","properties":{},"geometry":{"type":"LineString","coordinates":[[85.34434879775301,27.690988429369607],[85.34436480808137,27.690985055706022]]}},{"type":"Feature","properties":{},"geometry":{"type":"LineString","coordinates":[[85.34443605888316,27.691058220264633],[85.34445857924965,27.691025916319294]]}},{"type":"Feature","properties":{},"geometry":{"type":"LineString","coordinates":[[85.34445599939295,27.691063170005144],[85.34445526392788,27.691068233568846]]}},{"type":"Feature","properties":{},"geometry":{"type":"LineString","coordinates":[[85.34445824530667,27.691063503725317],[85.34445775423295,27.69106849800655]]}},{"type":"Feature","properties":{},"geometry":{"type":"LineString","coordinates":[[85.34445965089039,27.69106375519432],[85.34445941596678,27.691069916833456]]}},{"type":"Feature","properties":{},"geometry":{"type":"LineString","coordinates":[[85.34447571174138,27.691064425566765],[85.3444746274152,27.691073122254735]]}},{"type":"Feature","properties":{},"geometry":{"type":"LineString","coordinates":[[85.34448558208246,27.691063442455953],[85.34448705969369,27.69104413642776]]}},{"type":"Feature","properties":{},"geometry":{"type":"LineString","coordinates":[[85.34464149687588,27.691082861104093],[85.34465692847752,27.69107147482891]]}},{"type":"Feature","properties":{},"geometry":{"type":"LineString","coordinates":[[85.34464149801738,27.69108480161019],[85.34465708284543,27.691072668046402]]}},{"type":"Feature","properties":{},"geometry":{"type":"LineString","coordinates":[[85.34463849882974,27.69112297089391],[85.34465608275028,27.69113626814137]]}},{"type":"Feature","properties":{},"geometry":{"type":"LineString","coordinates":[[85.34463895452886,27.69112502514055],[85.34465027731504,27.69113597310241]]}},{"type":"Feature","properties":{},"geometry":{"type":"LineString","coordinates":[[85.34433399962484,27.69129447114006],[85.34437302388196,27.691288583752712]]}},{"type":"Feature","properties":{},"geometry":{"type":"LineString","coordinates":[[85.34433522916517,27.69132318707517],[85.3443199977623,27.69132533354738]]}},{"type":"Feature","properties":{},"geometry":{"type":"LineString","coordinates":[[85.34435253012312,27.691367330290984],[85.34438760262468,27.691356566984005]]}},{"type":"Feature","properties":{},"geometry":{"type":"LineString","coordinates":[[85.34428529771289,27.691553301029856],[85.34427678607263,27.691539498477677]]}},{"type":"Feature","properties":{},"geometry":{"type":"LineString","coordinates":[[85.34427900029473,27.691557386506727],[85.344284561978,27.691563084948694]]}},{"type":"Feature","properties":{},"geometry":{"type":"LineString","coordinates":[[85.34427167941405,27.691564790171512],[85.34422675223087,27.691461271493644]]}},{"type":"Feature","properties":{},"geometry":{"type":"LineString","coordinates":[[85.3442610326492,27.69157153130465],[85.34422790497263,27.69161869980236]]}},{"type":"Feature","properties":{},"geometry":{"type":"LineString","coordinates":[[85.3442598968398,27.691572148608966],[85.34418839169608,27.69164488877194]]}},{"type":"Feature","properties":{},"geometry":{"type":"LineString","coordinates":[[85.34425927895732,27.69157251036552],[85.34418110926376,27.69163966615457]]}},{"type":"Feature","properties":{},"geometry":{"type":"LineString","coordinates":[[85.34425847563642,27.69157299897],[85.34419242998322,27.69161379893275]]}},{"type":"Feature","properties":{},"geometry":{"type":"LineString","coordinates":[[85.34453459556632,27.69163937989276],[85.34455922030688,27.691614781834115]]}},{"type":"Feature","properties":{},"geometry":{"type":"LineString","coordinates":[[85.34454097473964,27.691645331788024],[85.34457008589676,27.69162041731655]]}},{"type":"Feature","properties":{},"geometry":{"type":"LineString","coordinates":[[85.34456061490104,27.691666162885756],[85.34455393372929,27.691672834118865]]}},{"type":"Feature","properties":{},"geometry":{"type":"LineString","coordinates":[[85.34471541463249,27.69176425285343],[85.34473971688942,27.691745571665685]]}},{"type":"Feature","properties":{},"geometry":{"type":"LineString","coordinates":[[85.3447242835769,27.691764458154385],[85.34471939143255,27.691775537196804]]}},{"type":"Feature","properties":{},"geometry":{"type":"LineString","coordinates":[[85.34475089104451,27.691790571228168],[85.34474876352391,27.691796502656278]]}},{"type":"Feature","properties":{},"geometry":{"type":"LineString","coordinates":[[85.34487628439507,27.69187133244976],[85.34485771672726,27.69187685978256]]}},{"type":"Feature","properties":{},"geometry":{"type":"LineString","coordinates":[[85.34497963240459,27.69204029847595],[85.34496514093163,27.692047833085507]]}},{"type":"Feature","properties":{},"geometry":{"type":"LineString","coordinates":[[85.34503975581156,27.692051241212706],[85.34505307977072,27.692045887654217]]}},{"type":"Feature","properties":{},"geometry":{"type":"LineString","coordinates":[[85.34501114221271,27.692080206977938],[85.34499886694054,27.692088029819864]]}},{"type":"Feature","properties":{},"geometry":{"type":"LineString","coordinates":[[85.34510978419735,27.692160080557517],[85.3451291672167,27.692149639501164]]}},{"type":"Feature","properties":{},"geometry":{"type":"LineString","coordinates":[[85.34507433466322,27.692186886052877],[85.34506540354847,27.692190127788837]]}},{"type":"Feature","properties":{},"geometry":{"type":"LineString","coordinates":[[85.34517372179158,27.69226334781387],[85.34518466330799,27.69225676266572]]}},{"type":"Feature","properties":{},"geometry":{"type":"LineString","coordinates":[[85.3451456475192,27.69229635176243],[85.34513630237439,27.69230216986077]]}},{"type":"Feature","properties":{},"geometry":{"type":"LineString","coordinates":[[85.34518486279336,27.692355802368812],[85.34517500261268,27.692356776621747]]}},{"type":"Feature","properties":{},"geometry":{"type":"LineString","coordinates":[[85.34527307536754,27.69242789392613],[85.34530071778265,27.692412901587225]]}},{"type":"Feature","properties":{},"geometry":{"type":"LineString","coordinates":[[85.34526393091312,27.692476137206356],[85.34525301985235,27.69248292038345]]}},{"type":"Feature","properties":{},"geometry":{"type":"LineString","coordinates":[[85.3453855368163,27.692597066959074],[85.34540037018056,27.69259100214154]]}},{"type":"Feature","properties":{},"geometry":{"type":"LineString","coordinates":[[85.34540993583911,27.692721165543364],[85.34539994008762,27.692725748409877]]}},{"type":"Feature","properties":{},"geometry":{"type":"LineString","coordinates":[[85.34541601989413,27.69273257432999],[85.34540109543029,27.69273721563382]]}},{"type":"Feature","properties":{},"geometry":{"type":"LineString","coordinates":[[85.34545226381034,27.69271502401386],[85.3455011534444,27.69268498992542]]}},{"type":"Feature","properties":{},"geometry":{"type":"LineString","coordinates":[[85.34546627134283,27.69273978510142],[85.34551407427136,27.69271296194902]]}},{"type":"Feature","properties":{},"geometry":{"type":"LineString","coordinates":[[85.34549029560128,27.692864133715446],[85.34547949820772,27.69286942905233]]}},{"type":"Feature","properties":{},"geometry":{"type":"LineString","coordinates":[[85.34556325050879,27.69289334112429],[85.34556841263469,27.69289091626473]]}},{"type":"Feature","properties":{},"geometry":{"type":"LineString","coordinates":[[85.3455434124939,27.69294174727503],[85.34553200424271,27.6929485516088]]}},{"type":"Feature","properties":{},"geometry":{"type":"LineString","coordinates":[[85.34557966225933,27.69299616219246],[85.34556820100305,27.69300042971719]]}},{"type":"Feature","properties":{},"geometry":{"type":"LineString","coordinates":[[85.34563372284536,27.693108029918882],[85.34562100224946,27.693113103725935]]}},{"type":"Feature","properties":{},"geometry":{"type":"LineString","coordinates":[[85.34567946939154,27.693215168188498],[85.34566064107484,27.6932218297269]]}},{"type":"Feature","properties":{},"geometry":{"type":"LineString","coordinates":[[85.34572490779834,27.693272140580675],[85.34574553768583,27.693269731733473]]}},{"type":"Feature","properties":{},"geometry":{"type":"LineString","coordinates":[[85.34574119040069,27.69333478647835],[85.34577156896836,27.693331407420306]]}},{"type":"Feature","properties":{},"geometry":{"type":"LineString","coordinates":[[85.34575928974894,27.693420248096402],[85.34578839995288,27.693418208616766]]}},{"type":"Feature","properties":{},"geometry":{"type":"LineString","coordinates":[[85.34576702829783,27.69347431512147],[85.34579541403463,27.693470830118642]]}},{"type":"Feature","properties":{},"geometry":{"type":"LineString","coordinates":[[85.3457706512226,27.69349361260255],[85.345797063056,27.693489234857246]]}},{"type":"Feature","properties":{},"geometry":{"type":"LineString","coordinates":[[85.3455706850068,27.689148744199425],[85.34557226883828,27.689161448533685]]}},{"type":"Feature","properties":{},"geometry":{"type":"LineString","coordinates":[[85.3455132807491,27.689153986351016],[85.34550153987868,27.689100367881416]]}},{"type":"Feature","properties":{},"geometry":{"type":"LineString","coordinates":[[85.34551164085632,27.68915407867508],[85.34549947260365,27.689100898253685]]}},{"type":"Feature","properties":{},"geometry":{"type":"LineString","coordinates":[[85.34545073985358,27.689158024471244],[85.34545171922875,27.689169057272824]]}},{"type":"Feature","properties":{},"geometry":{"type":"LineString","coordinates":[[85.3453596902694,27.68916173907288],[85.34533792684203,27.68910085891699]]}},{"type":"Feature","properties":{},"geometry":{"type":"LineString","coordinates":[[85.34531420277982,27.689164618940453],[85.34532381053779,27.68909194719215]]}},{"type":"Feature","properties":{},"geometry":{"type":"LineString","coordinates":[[85.34559610264616,27.689013466938643],[85.34561287106796,27.689004578538874]]}},{"type":"Feature","properties":{},"geometry":{"type":"LineString","coordinates":[[85.3455744172515,27.68899595732668],[85.34557145427219,27.6889987342894]]}},{"type":"Feature","properties":{},"geometry":{"type":"LineString","coordinates":[[85.34552693664486,27.688848865654865],[85.34552544940527,27.688846029206548]]}},{"type":"Feature","properties":{},"geometry":{"type":"LineString","coordinates":[[85.34558725998524,27.688807298029904],[85.34558522270979,27.688806040800316]]}},{"type":"Feature","properties":{},"geometry":{"type":"LineString","coordinates":[[85.34566446635338,27.688756363179102],[85.34566139533274,27.68875319281993]]}},{"type":"Feature","properties":{},"geometry":{"type":"LineString","coordinates":[[85.34572722460072,27.688720540459652],[85.3457188871161,27.68871206785599]]}},{"type":"Feature","properties":{},"geometry":{"type":"LineString","coordinates":[[85.3457792567185,27.688983192747287],[85.34577095286423,27.68896973032046]]}},{"type":"Feature","properties":{},"geometry":{"type":"LineString","coordinates":[[85.34585005138439,27.688963177656653],[85.34580666836979,27.68886365815646]]}},{"type":"Feature","properties":{},"geometry":{"type":"LineString","coordinates":[[85.34594778108972,27.68892808034395],[85.34594692811268,27.68892271710061]]}},{"type":"Feature","properties":{},"geometry":{"type":"LineString","coordinates":[[85.34598949817057,27.688916962736418],[85.3459866263282,27.68890938939097]]}},{"type":"Feature","properties":{},"geometry":{"type":"LineString","coordinates":[[85.34607928188446,27.688871089581177],[85.34610011176974,27.688872778837755]]}},{"type":"Feature","properties":{},"geometry":{"type":"LineString","coordinates":[[85.3460756676466,27.688815634033922],[85.34607546406363,27.68875971920554]]}},{"type":"Feature","properties":{},"geometry":{"type":"LineString","coordinates":[[85.34607608421281,27.688816922442733],[85.3460780625098,27.688788996641115]]}},{"type":"Feature","properties":{},"geometry":{"type":"LineString","coordinates":[[85.34513091335091,27.689079600314816],[85.3451491604612,27.689021072872343]]}},{"type":"Feature","properties":{},"geometry":{"type":"LineString","coordinates":[[85.34504587261232,27.689052305233467],[85.34504633818617,27.689067082914814]]}},{"type":"Feature","properties":{},"geometry":{"type":"LineString","coordinates":[[85.34498939589206,27.689101863773917],[85.34499315759908,27.689101255281575]]}},{"type":"Feature","properties":{},"geometry":{"type":"LineString","coordinates":[[85.34499997022318,27.68915402154181],[85.34498124426965,27.68915844499662]]}},{"type":"Feature","properties":{},"geometry":{"type":"LineString","coordinates":[[85.34502441376736,27.689275102601002],[85.34501436582696,27.68927563686853]]}},{"type":"Feature","properties":{},"geometry":{"type":"LineString","coordinates":[[85.34502764474101,27.689288910593085],[85.34503387553714,27.689287819859572]]}},{"type":"Feature","properties":{},"geometry":{"type":"LineString","coordinates":[[85.34503484158449,27.68931277531593],[85.34501778240076,27.689317339636823]]}},{"type":"Feature","properties":{},"geometry":{"type":"LineString","coordinates":[[85.3450767755423,27.689413007885264],[85.34508042869872,27.689410790643276]]}},{"type":"Feature","properties":{},"geometry":{"type":"LineString","coordinates":[[85.34510981054474,27.689475847745626],[85.34509926843559,27.689479229991836]]}},{"type":"Feature","properties":{},"geometry":{"type":"LineString","coordinates":[[85.34511708854387,27.689494333304392],[85.34510781833578,27.689497417564542]]}},{"type":"Feature","properties":{},"geometry":{"type":"LineString","coordinates":[[85.34515042387376,27.689567448722798],[85.34515583244495,27.68956541311152]]}},{"type":"Feature","properties":{},"geometry":{"type":"LineString","coordinates":[[85.34508858547551,27.689566169992183],[85.34509240961958,27.689573254719505]]}},{"type":"Feature","properties":{},"geometry":{"type":"LineString","coordinates":[[85.34518946590144,27.689645386988825],[85.34516983634487,27.689651969410416]]}},{"type":"Feature","properties":{},"geometry":{"type":"LineString","coordinates":[[85.34502795490135,27.689585513705236],[85.34502127835701,27.68956849476172]]}},{"type":"Feature","properties":{},"geometry":{"type":"LineString","coordinates":[[85.3450184875163,27.689589637150892],[85.34501936597839,27.68959310624005]]}},{"type":"Feature","properties":{},"geometry":{"type":"LineString","coordinates":[[85.34487514051409,27.689636484957937],[85.34487572625679,27.68964020236197]]}},{"type":"Feature","properties":{},"geometry":{"type":"LineString","coordinates":[[85.34472349186258,27.689545177690327],[85.34474893229661,27.68953590297321]]}},{"type":"Feature","properties":{},"geometry":{"type":"LineString","coordinates":[[85.34487215975263,27.689047971803955],[85.34487372856616,27.689069799892078]]}},{"type":"Feature","properties":{},"geometry":{"type":"LineString","coordinates":[[85.34477759356146,27.688871440780982],[85.34476659201118,27.68888142240895]]}},{"type":"Feature","properties":{},"geometry":{"type":"LineString","coordinates":[[85.34474418661561,27.688849076893163],[85.3447887844913,27.688808574404]]}},{"type":"Feature","properties":{},"geometry":{"type":"LineString","coordinates":[[85.34472856289491,27.688840689527108],[85.34477075520836,27.688792560582247]]}},{"type":"Feature","properties":{},"geometry":{"type":"LineString","coordinates":[[85.34471690995674,27.688835174620046],[85.34470824864962,27.6888417879027]]}},{"type":"Feature","properties":{},"geometry":{"type":"LineString","coordinates":[[85.3447013952076,27.689031552989587],[85.34469625774808,27.689012660674052]]}},{"type":"Feature","properties":{},"geometry":{"type":"LineString","coordinates":[[85.34464824203306,27.689048309849852],[85.3446441849326,27.689019838996416]]}},{"type":"Feature","properties":{},"geometry":{"type":"LineString","coordinates":[[85.34463123397394,27.689195398978494],[85.34461833024625,27.689197450571168]]}},{"type":"Feature","properties":{},"geometry":{"type":"LineString","coordinates":[[85.34463318617394,27.689211099692805],[85.3446566417478,27.689207640793033]]}},{"type":"Feature","properties":{},"geometry":{"type":"LineString","coordinates":[[85.34463884964934,27.689240356017542],[85.34463160449374,27.689240265799075]]}},{"type":"Feature","properties":{},"geometry":{"type":"LineString","coordinates":[[85.3446447554385,27.68927263789481],[85.3446381545319,27.68927433521604]]}},{"type":"Feature","properties":{},"geometry":{"type":"LineString","coordinates":[[85.34465865537884,27.689318673695023],[85.34468106026569,27.68931570405265]]}},{"type":"Feature","properties":{},"geometry":{"type":"LineString","coordinates":[[85.34467819040275,27.689398067589416],[85.34466923312652,27.689400033685093]]}},{"type":"Feature","properties":{},"geometry":{"type":"LineString","coordinates":[[85.3446892845918,27.689439213199996],[85.34471045045602,27.6894310029503]]}},{"type":"Feature","properties":{},"geometry":{"type":"LineString","coordinates":[[85.34450533737866,27.68950935581403],[85.34450497699054,27.689505084226592]]}},{"type":"Feature","properties":{},"geometry":{"type":"LineString","coordinates":[[85.34441179355052,27.689536300603905],[85.34441873118465,27.689548575257312]]}},{"type":"Feature","properties":{},"geometry":{"type":"LineString","coordinates":[[85.34440423334448,27.68953941609097],[85.34440331795953,27.68953510266839]]}},{"type":"Feature","properties":{},"geometry":{"type":"LineString","coordinates":[[85.3443098812013,27.689568455001307],[85.34431749566886,27.689583918354796]]}},{"type":"Feature","properties":{},"geometry":{"type":"LineString","coordinates":[[85.34430002004402,27.68957206374547],[85.34429711609779,27.689566423257123]]}},{"type":"Feature","properties":{},"geometry":{"type":"LineString","coordinates":[[85.34424480831089,27.689598158026147],[85.34425279552613,27.689613309945663]]}},{"type":"Feature","properties":{},"geometry":{"type":"LineString","coordinates":[[85.34419260280609,27.689620895527064],[85.34419080818567,27.689617802674718]]}},{"type":"Feature","properties":{},"geometry":{"type":"LineString","coordinates":[[85.3447357170444,27.689608474681545],[85.344728447481,27.68960711067076]]}},{"type":"Feature","properties":{},"geometry":{"type":"LineString","coordinates":[[85.34471471463586,27.689671244521595],[85.34473802099681,27.689679363606036]]}},{"type":"Feature","properties":{},"geometry":{"type":"LineString","coordinates":[[85.34473337913325,27.68976123482606],[85.34471796589509,27.689764427042224]]}},{"type":"Feature","properties":{},"geometry":{"type":"LineString","coordinates":[[85.34459374347063,27.689772282632372],[85.34459510195019,27.68977612570443]]}},{"type":"Feature","properties":{},"geometry":{"type":"LineString","coordinates":[[85.34451238883484,27.689787403515915],[85.34450931005614,27.68977150882211]]}},{"type":"Feature","properties":{},"geometry":{"type":"LineString","coordinates":[[85.34443929797536,27.68979961673915],[85.34444050677784,27.68980323238439]]}},{"type":"Feature","properties":{},"geometry":{"type":"LineString","coordinates":[[85.34417927615858,27.689626780584952],[85.34418710837394,27.68964239366515]]}},{"type":"Feature","properties":{},"geometry":{"type":"LineString","coordinates":[[85.34446431132078,27.689089915651802],[85.3444626610718,27.68908619183784]]}},{"type":"Feature","properties":{},"geometry":{"type":"LineString","coordinates":[[85.34440582470131,27.689114544818935],[85.34441443599125,27.68913194703954]]}},{"type":"Feature","properties":{},"geometry":{"type":"LineString","coordinates":[[85.34439360331798,27.68911935373058],[85.34439330592609,27.689112452851294]]}},{"type":"Feature","properties":{},"geometry":{"type":"LineString","coordinates":[[85.34432992965803,27.689149545571265],[85.34434103883399,27.689168587818852]]}},{"type":"Feature","properties":{},"geometry":{"type":"LineString","coordinates":[[85.3442546094742,27.68918656133801],[85.34426780327907,27.68920432612983]]}},{"type":"Feature","properties":{},"geometry":{"type":"LineString","coordinates":[[85.34418637380003,27.689220669804037],[85.34419780952601,27.6892370859225]]}},{"type":"Feature","properties":{},"geometry":{"type":"LineString","coordinates":[[85.34410045164941,27.68925891344779],[85.34409847490564,27.68925566137203]]}},{"type":"Feature","properties":{},"geometry":{"type":"LineString","coordinates":[[85.34396382075434,27.689073862409693],[85.34393010464895,27.689085158116697]]}},{"type":"Feature","properties":{},"geometry":{"type":"LineString","coordinates":[[85.34397065499111,27.68908875054826],[85.3439673019373,27.689090094968922]]}},{"type":"Feature","properties":{},"geometry":{"type":"LineString","coordinates":[[85.3440286541498,27.68928904590767],[85.34403792371772,27.689306428945148]]}},{"type":"Feature","properties":{},"geometry":{"type":"LineString","coordinates":[[85.34398044203915,27.689311417717043],[85.34397894274503,27.68930803867382]]}},{"type":"Feature","properties":{},"geometry":{"type":"LineString","coordinates":[[85.34397025422469,27.689318263605625],[85.34398197780044,27.68933481946911]]}},{"type":"Feature","properties":{},"geometry":{"type":"LineString","coordinates":[[85.34392603830496,27.689347532671952],[85.34392310344303,27.689342732987598]]}},{"type":"Feature","properties":{},"geometry":{"type":"LineString","coordinates":[[85.3434786840428,27.68930719626962],[85.34346803158301,27.689314595243243]]}},{"type":"Feature","properties":{},"geometry":{"type":"LineString","coordinates":[[85.34357696617461,27.689375276482444],[85.34357168185967,27.689383990616328]]}},{"type":"Feature","properties":{},"geometry":{"type":"LineString","coordinates":[[85.3436327966978,27.68939403329444],[85.34364778249082,27.68935507687336]]}},{"type":"Feature","properties":{},"geometry":{"type":"LineString","coordinates":[[85.34364126910314,27.689395239361453],[85.34366798498543,27.68935675357816]]}},{"type":"Feature","properties":{},"geometry":{"type":"LineString","coordinates":[[85.34365313696142,27.689398136813644],[85.34367274471607,27.689358475722297]]}},{"type":"Feature","properties":{},"geometry":{"type":"LineString","coordinates":[[85.34292058887543,27.689985011736063],[85.34290959316775,27.689981227517556]]}},{"type":"Feature","properties":{},"geometry":{"type":"LineString","coordinates":[[85.34294827419214,27.689945000658067],[85.34296415589688,27.68995503757084]]}},{"type":"Feature","properties":{},"geometry":{"type":"LineString","coordinates":[[85.34298141750412,27.689899414822634],[85.34300182710622,27.68990349670537]]}},{"type":"Feature","properties":{},"geometry":{"type":"LineString","coordinates":[[85.34299833351184,27.68974306828504],[85.34299537411866,27.689743587944058]]}},{"type":"Feature","properties":{},"geometry":{"type":"LineString","coordinates":[[85.34297282989849,27.68968279378651],[85.34300769929753,27.689631334914747]]}},{"type":"Feature","properties":{},"geometry":{"type":"LineString","coordinates":[[85.3429721142527,27.689681102861687],[85.34297705210437,27.689662368961425]]}},{"type":"Feature","properties":{},"geometry":{"type":"LineString","coordinates":[[85.34309010251253,27.68979837196674],[85.34309027977017,27.689793817993177]]}},{"type":"Feature","properties":{},"geometry":{"type":"LineString","coordinates":[[85.34320211144541,27.68974336295984],[85.3432152699617,27.689749624369203]]}},{"type":"Feature","properties":{},"geometry":{"type":"LineString","coordinates":[[85.34322789809171,27.689671953603305],[85.34321623252198,27.68966781210672]]}},{"type":"Feature","properties":{},"geometry":{"type":"LineString","coordinates":[[85.34322918469377,27.689669406644487],[85.34321949485224,27.689663546856206]]}},{"type":"Feature","properties":{},"geometry":{"type":"LineString","coordinates":[[85.34328672934048,27.689648375137484],[85.34327543364418,27.689619870906007]]}},{"type":"Feature","properties":{},"geometry":{"type":"LineString","coordinates":[[85.34328790352072,27.68964810307539],[85.34328349227914,27.68963390997953]]}},{"type":"Feature","properties":{},"geometry":{"type":"LineString","coordinates":[[85.34331992408933,27.689637175347073],[85.34332678104356,27.689653644159335]]}},{"type":"Feature","properties":{},"geometry":{"type":"LineString","coordinates":[[85.34339583922662,27.68960599051019],[85.34337669568997,27.68957016745349]]}},{"type":"Feature","properties":{},"geometry":{"type":"LineString","coordinates":[[85.34339724218104,27.6896048700751],[85.3433821294664,27.689565792792912]]}},{"type":"Feature","properties":{},"geometry":{"type":"LineString","coordinates":[[85.34341371323185,27.689596824087214],[85.34341671826282,27.68961248866954]]}},{"type":"Feature","properties":{},"geometry":{"type":"LineString","coordinates":[[85.34343837070232,27.689585287472557],[85.34344450680129,27.68960873884329]]}},{"type":"Feature","properties":{},"geometry":{"type":"LineString","coordinates":[[85.34347396164009,27.68957661909251],[85.34347197227584,27.689569905560848]]}},{"type":"Feature","properties":{},"geometry":{"type":"LineString","coordinates":[[85.34367907246107,27.68954239816458],[85.34369725541899,27.689550377618094]]}},{"type":"Feature","properties":{},"geometry":{"type":"LineString","coordinates":[[85.34368714635154,27.689532121676102],[85.34368183196776,27.68952986400111]]}},{"type":"Feature","properties":{},"geometry":{"type":"LineString","coordinates":[[85.34371462743691,27.68949251594176],[85.34373090162143,27.689500801090354]]}},{"type":"Feature","properties":{},"geometry":{"type":"LineString","coordinates":[[85.34381383304627,27.689426279838166],[85.3438114884531,27.689437255742774]]}},{"type":"Feature","properties":{},"geometry":{"type":"LineString","coordinates":[[85.34387340612561,27.689442814098527],[85.34390478236672,27.689406449950592]]}},{"type":"Feature","properties":{},"geometry":{"type":"LineString","coordinates":[[85.34392775904561,27.68947644437151],[85.34396067159769,27.689445708863435]]}},{"type":"Feature","properties":{},"geometry":{"type":"LineString","coordinates":[[85.34402080300184,27.68957211410627],[85.34405682309321,27.68954521819997]]}},{"type":"Feature","properties":{},"geometry":{"type":"LineString","coordinates":[[85.34402602775256,27.689580110041657],[85.34401428121731,27.689584355083813]]}},{"type":"Feature","properties":{},"geometry":{"type":"LineString","coordinates":[[85.3438547646599,27.689763747158437],[85.34385881993414,27.689768210052886]]}},{"type":"Feature","properties":{},"geometry":{"type":"LineString","coordinates":[[85.34383043580418,27.690006024045914],[85.3438343033462,27.69000854961895]]}},{"type":"Feature","properties":{},"geometry":{"type":"LineString","coordinates":[[85.34361386305146,27.68973467911066],[85.34360685604992,27.68973580381691]]}},{"type":"Feature","properties":{},"geometry":{"type":"LineString","coordinates":[[85.34360809556854,27.689724688341077],[85.34361050746811,27.689723360651577]]}},{"type":"Feature","properties":{},"geometry":{"type":"LineString","coordinates":[[85.34359478997192,27.689694182594664],[85.34358827891334,27.689695634541742]]}},{"type":"Feature","properties":{},"geometry":{"type":"LineString","coordinates":[[85.34341496096808,27.689866963639155],[85.34340941547511,27.6898583880152]]}},{"type":"Feature","properties":{},"geometry":{"type":"LineString","coordinates":[[85.34338782520325,27.689874684383042],[85.34338464847629,27.689868377236166]]}},{"type":"Feature","properties":{},"geometry":{"type":"LineString","coordinates":[[85.34319575253468,27.689917049360204],[85.34319530936189,27.68993014914762]]}},{"type":"Feature","properties":{},"geometry":{"type":"LineString","coordinates":[[85.34317441034669,27.689907781100807],[85.34316490451533,27.689915988917498]]}},{"type":"Feature","properties":{},"geometry":{"type":"LineString","coordinates":[[85.3431869544025,27.689914917859646],[85.34318263642392,27.689924899893793]]}},{"type":"Feature","properties":{},"geometry":{"type":"LineString","coordinates":[[85.34317043362326,27.689897110455277],[85.34318032026326,27.68989275839398]]}},{"type":"Feature","properties":{},"geometry":{"type":"LineString","coordinates":[[85.34410934894014,27.689658739648717],[85.34410069877141,27.689670923589958]]}},{"type":"Feature","properties":{},"geometry":{"type":"LineString","coordinates":[[85.34419547364128,27.689767814310674],[85.34424277931967,27.68975015556574]]}},{"type":"Feature","properties":{},"geometry":{"type":"LineString","coordinates":[[85.3442177912152,27.689816125956803],[85.34427613462614,27.689804173358056]]}},{"type":"Feature","properties":{},"geometry":{"type":"LineString","coordinates":[[85.34422579185768,27.689895094068717],[85.34426884360717,27.68989198507907]]}},{"type":"Feature","properties":{},"geometry":{"type":"LineString","coordinates":[[85.34420158337076,27.690080061164966],[85.34418027156795,27.690075355834228]]}},{"type":"Feature","properties":{},"geometry":{"type":"LineString","coordinates":[[85.34408939833226,27.690208758850268],[85.34408055617855,27.690219619152206]]}},{"type":"Feature","properties":{},"geometry":{"type":"LineString","coordinates":[[85.34415738328691,27.69027992864865],[85.34407884499778,27.690353495368907]]}},{"type":"Feature","properties":{},"geometry":{"type":"LineString","coordinates":[[85.34415876898125,27.69028290830511],[85.34408163737767,27.690355846521125]]}},{"type":"Feature","properties":{},"geometry":{"type":"LineString","coordinates":[[85.3443104695562,27.69026484254277],[85.3443120650116,27.69027119033211]]}},{"type":"Feature","properties":{},"geometry":{"type":"LineString","coordinates":[[85.34444810666838,27.690233885162748],[85.34445051866349,27.690238733641547]]}},{"type":"Feature","properties":{},"geometry":{"type":"LineString","coordinates":[[85.34452422433739,27.69021724138711],[85.34452425044474,27.690215443810267]]}},{"type":"Feature","properties":{},"geometry":{"type":"LineString","coordinates":[[85.3445592771813,27.690211653036513],[85.34456084915303,27.690218550198548]]}},{"type":"Feature","properties":{},"geometry":{"type":"LineString","coordinates":[[85.3445625610572,27.69021106501897],[85.34456506039187,27.69021812218889]]}},{"type":"Feature","properties":{},"geometry":{"type":"LineString","coordinates":[[85.34459970259839,27.690207156913214],[85.34464372420625,27.69020281026897]]}},{"type":"Feature","properties":{},"geometry":{"type":"LineString","coordinates":[[85.34417534314099,27.69039723632686],[85.34415817519869,27.690403887745454]]}},{"type":"Feature","properties":{},"geometry":{"type":"LineString","coordinates":[[85.34420866353061,27.690466343528705],[85.34424979507635,27.69045282228566]]}},{"type":"Feature","properties":{},"geometry":{"type":"LineString","coordinates":[[85.34423095981062,27.690520711059612],[85.34421805537653,27.690526292491978]]}},{"type":"Feature","properties":{},"geometry":{"type":"LineString","coordinates":[[85.34433926240106,27.690478242046517],[85.34436672891727,27.69045048926347]]}},{"type":"Feature","properties":{},"geometry":{"type":"LineString","coordinates":[[85.34443365758926,27.69054780504621],[85.34442848441975,27.690554865255468]]}},{"type":"Feature","properties":{},"geometry":{"type":"LineString","coordinates":[[85.34445705397826,27.69056051835922],[85.34447812673676,27.69051857767062]]}},{"type":"Feature","properties":{},"geometry":{"type":"LineString","coordinates":[[85.34453750108662,27.690594296115904],[85.34453228846189,27.690601888364707]]}},{"type":"Feature","properties":{},"geometry":{"type":"LineString","coordinates":[[85.3446335994454,27.690500041301878],[85.34462046912813,27.690499493530986]]}},{"type":"Feature","properties":{},"geometry":{"type":"LineString","coordinates":[[85.34463315674364,27.69048180259966],[85.34463672365631,27.690481944520666]]}},{"type":"Feature","properties":{},"geometry":{"type":"LineString","coordinates":[[85.34473092849854,27.69046883374321],[85.34473340944382,27.690457687064256]]}},{"type":"Feature","properties":{},"geometry":{"type":"LineString","coordinates":[[85.34473339038509,27.690469166430024],[85.34474064561351,27.69046872877161]]}},{"type":"Feature","properties":{},"geometry":{"type":"LineString","coordinates":[[85.34461570891058,27.690626363793246],[85.34461083619146,27.690633738982587]]}},{"type":"Feature","properties":{},"geometry":{"type":"LineString","coordinates":[[85.34473871826911,27.690680566914338],[85.34472684391058,27.69070288955874]]}},{"type":"Feature","properties":{},"geometry":{"type":"LineString","coordinates":[[85.34475143153233,27.690688598185844],[85.34476863226911,27.690637430379997]]}},{"type":"Feature","properties":{},"geometry":{"type":"LineString","coordinates":[[85.3447869361338,27.6907030789737],[85.34480480777854,27.690660870720297]]}},{"type":"Feature","properties":{},"geometry":{"type":"LineString","coordinates":[[85.34479086999306,27.69070423613845],[85.34478456634356,27.69071465389031]]}},{"type":"Feature","properties":{},"geometry":{"type":"LineString","coordinates":[[85.34493684578227,27.690748118520048],[85.34493406739308,27.690754584608868]]}},{"type":"Feature","properties":{},"geometry":{"type":"LineString","coordinates":[[85.3450687725612,27.690777480422234],[85.34506717443722,27.6907835409316]]}},{"type":"Feature","properties":{},"geometry":{"type":"LineString","coordinates":[[85.345002760604,27.6906366853794],[85.34502795920316,27.690636468476704]]}},{"type":"Feature","properties":{},"geometry":{"type":"LineString","coordinates":[[85.34500163902757,27.69061047983496],[85.34504213962387,27.69061015067811]]}},{"type":"Feature","properties":{},"geometry":{"type":"LineString","coordinates":[[85.34499908062388,27.69056787755368],[85.34499252491959,27.690568455359024]]}},{"type":"Feature","properties":{},"geometry":{"type":"LineString","coordinates":[[85.34499931307818,27.69055710473033],[85.34502473790253,27.690557013278895]]}},{"type":"Feature","properties":{},"geometry":{"type":"LineString","coordinates":[[85.34499682329529,27.690529380079518],[85.3449867738838,27.690530340329573]]}},{"type":"Feature","properties":{},"geometry":{"type":"LineString","coordinates":[[85.34498030567362,27.690391146837232],[85.34495469763812,27.690396933920418]]}},{"type":"Feature","properties":{},"geometry":{"type":"LineString","coordinates":[[85.34496699420714,27.690353336764712],[85.34498835679778,27.690343791243414]]}},{"type":"Feature","properties":{},"geometry":{"type":"LineString","coordinates":[[85.34493851541895,27.690294009015446],[85.34493281846784,27.69029580109044]]}},{"type":"Feature","properties":{},"geometry":{"type":"LineString","coordinates":[[85.34493428840506,27.690284794854932],[85.34491676217,27.69029436546242]]}},{"type":"Feature","properties":{},"geometry":{"type":"LineString","coordinates":[[85.344937371677,27.690290918536032],[85.34495721335094,27.690280028988056]]}},{"type":"Feature","properties":{},"geometry":{"type":"LineString","coordinates":[[85.34493038523637,27.690187631501544],[85.34491491702968,27.690176785645846]]}},{"type":"Feature","properties":{},"geometry":{"type":"LineString","coordinates":[[85.34501780907914,27.69014403781464],[85.34498318856951,27.690017377381864]]}},{"type":"Feature","properties":{},"geometry":{"type":"LineString","coordinates":[[85.34509116835979,27.6901207621768],[85.34509619702042,27.69012758150716]]}},{"type":"Feature","properties":{},"geometry":{"type":"LineString","coordinates":[[85.34515631499538,27.690102109619144],[85.34515697931258,27.690081928307844]]}},{"type":"Feature","properties":{},"geometry":{"type":"LineString","coordinates":[[85.34515807827562,27.69010129943805],[85.34519113965165,27.690087377303286]]}},{"type":"Feature","properties":{},"geometry":{"type":"LineString","coordinates":[[85.34484362161358,27.69015182895946],[85.34483479256772,27.690155036706813]]}},{"type":"Feature","properties":{},"geometry":{"type":"LineString","coordinates":[[85.34482599345016,27.690111360700087],[85.34481874418654,27.69011274882525]]}},{"type":"Feature","properties":{},"geometry":{"type":"LineString","coordinates":[[85.34480738641398,27.69005875581713],[85.34484583303026,27.690054565399706]]}},{"type":"Feature","properties":{},"geometry":{"type":"LineString","coordinates":[[85.34478868357223,27.689974930416195],[85.34478013162517,27.689976035812357]]}},{"type":"Feature","properties":{},"geometry":{"type":"LineString","coordinates":[[85.34478478032607,27.689948892889806],[85.34480967515066,27.68994400076716]]}},{"type":"Feature","properties":{},"geometry":{"type":"LineString","coordinates":[[85.34465434707573,27.689967521192287],[85.34465222945293,27.68996056696522]]}},{"type":"Feature","properties":{},"geometry":{"type":"LineString","coordinates":[[85.34465422715299,27.689967674095588],[85.34464059882845,27.68996156334569]]}},{"type":"Feature","properties":{},"geometry":{"type":"LineString","coordinates":[[85.34465326682036,27.689967683374515],[85.34462267671891,27.689977280998054]]}},{"type":"Feature","properties":{},"geometry":{"type":"LineString","coordinates":[[85.34465254571867,27.689967696415753],[85.34462910754752,27.689975837971467]]}},{"type":"Feature","properties":{},"geometry":{"type":"LineString","coordinates":[[85.34476873523705,27.689873724068082],[85.34479404603296,27.68986921689542]]}},{"type":"Feature","properties":{},"geometry":{"type":"LineString","coordinates":[[85.34491420741632,27.68985701552693],[85.34492281507694,27.6898731883955]]}},{"type":"Feature","properties":{},"geometry":{"type":"LineString","coordinates":[[85.34496050602642,27.68984427515494],[85.3449724250836,27.68983719626687]]}},{"type":"Feature","properties":{},"geometry":{"type":"LineString","coordinates":[[85.34496226055997,27.68984370856151],[85.3449750217114,27.689848828741166]]}},{"type":"Feature","properties":{},"geometry":{"type":"LineString","coordinates":[[85.34437754484539,27.689816736381577],[85.34438321956576,27.68982629459113]]}},{"type":"Feature","properties":{},"geometry":{"type":"LineString","coordinates":[[85.34265585814912,27.68699880372516],[85.34271176755877,27.68698968912392]]}},{"type":"Feature","properties":{},"geometry":{"type":"LineString","coordinates":[[85.34268778233695,27.68720702785537],[85.34275019319043,27.68719172461102]]}},{"type":"Feature","properties":{},"geometry":{"type":"LineString","coordinates":[[85.3426886714319,27.687209921254908],[85.34265578037622,27.68721032278001]]}},{"type":"Feature","properties":{},"geometry":{"type":"LineString","coordinates":[[85.34269993506811,27.687263551364016],[85.34266800017932,27.687270594500216]]}},{"type":"Feature","properties":{},"geometry":{"type":"LineString","coordinates":[[85.34270777294724,27.687284606090188],[85.34268418549495,27.68729192061147]]}},{"type":"Feature","properties":{},"geometry":{"type":"LineString","coordinates":[[85.34276272039303,27.68738632991057],[85.34273662332369,27.687403525359407]]}},{"type":"Feature","properties":{},"geometry":{"type":"LineString","coordinates":[[85.3426940945384,27.687512918667935],[85.34270043483048,27.687526055412025]]}},{"type":"Feature","properties":{},"geometry":{"type":"LineString","coordinates":[[85.34262463019606,27.68754007374805],[85.34263530530033,27.68755902698957]]}},{"type":"Feature","properties":{},"geometry":{"type":"LineString","coordinates":[[85.34291098244397,27.687545828201824],[85.34296583719818,27.687506394005236]]}},{"type":"Feature","properties":{},"geometry":{"type":"LineString","coordinates":[[85.34292395355179,27.687556290586112],[85.34297466841205,27.687518407980686]]}},{"type":"Feature","properties":{},"geometry":{"type":"LineString","coordinates":[[85.34295797920711,27.687578857248113],[85.34294146298213,27.6875938748862]]}},{"type":"Feature","properties":{},"geometry":{"type":"LineString","coordinates":[[85.34300153163936,27.68760920780222],[85.34303962890937,27.687573373725268]]}},{"type":"Feature","properties":{},"geometry":{"type":"LineString","coordinates":[[85.34301810651459,27.687624080759996],[85.34307248004465,27.68759274660684]]}},{"type":"Feature","properties":{},"geometry":{"type":"LineString","coordinates":[[85.34301890211093,27.687626116514547],[85.34307987087396,27.687600103308732]]}},{"type":"Feature","properties":{},"geometry":{"type":"LineString","coordinates":[[85.34305227956507,27.68765938330671],[85.34309780540701,27.687632032756827]]}},{"type":"Feature","properties":{},"geometry":{"type":"LineString","coordinates":[[85.34309885288359,27.687714822185313],[85.34314039355951,27.687687237112176]]}},{"type":"Feature","properties":{},"geometry":{"type":"LineString","coordinates":[[85.34310238629614,27.687719056827465],[85.34308284118056,27.68773141090611]]}},{"type":"Feature","properties":{},"geometry":{"type":"LineString","coordinates":[[85.34321202391348,27.687814785698315],[85.34325910667651,27.68778545185717]]}},{"type":"Feature","properties":{},"geometry":{"type":"LineString","coordinates":[[85.34291810956168,27.687672839737072],[85.34292130739604,27.687678280693792]]}},{"type":"Feature","properties":{},"geometry":{"type":"LineString","coordinates":[[85.34291464843449,27.687674091682204],[85.34291899881548,27.687679483251472]]}},{"type":"Feature","properties":{},"geometry":{"type":"LineString","coordinates":[[85.34286390406353,27.687700896856526],[85.34286897281994,27.687706656240312]]}},{"type":"Feature","properties":{},"geometry":{"type":"LineString","coordinates":[[85.34277159397386,27.687750492313583],[85.34277626711523,27.687757136885107]]}},{"type":"Feature","properties":{},"geometry":{"type":"LineString","coordinates":[[85.34275767661994,27.687757704147383],[85.34274817692136,27.687745241712122]]}},{"type":"Feature","properties":{},"geometry":{"type":"LineString","coordinates":[[85.34270420967609,27.68778539186933],[85.34270795097213,27.687791570403707]]}},{"type":"Feature","properties":{},"geometry":{"type":"LineString","coordinates":[[85.34259488994064,27.687841239611604],[85.34256349049153,27.68785235964656]]}},{"type":"Feature","properties":{},"geometry":{"type":"LineString","coordinates":[[85.34259857268054,27.687839748442475],[85.3425709020101,27.687857338391442]]}},{"type":"Feature","properties":{},"geometry":{"type":"LineString","coordinates":[[85.34312378325768,27.6878899958397],[85.34311646517448,27.687882453181274]]}},{"type":"Feature","properties":{},"geometry":{"type":"LineString","coordinates":[[85.34303990103487,27.687937692247225],[85.3430352346206,27.68792999628842]]}},{"type":"Feature","properties":{},"geometry":{"type":"LineString","coordinates":[[85.34294316442492,27.687994985988038],[85.34294463585331,27.68800202005401]]}},{"type":"Feature","properties":{},"geometry":{"type":"LineString","coordinates":[[85.34293210770468,27.687992569319277],[85.34292659226952,27.68800745865094]]}},{"type":"Feature","properties":{},"geometry":{"type":"LineString","coordinates":[[85.34287460086556,27.68801524742063],[85.34287154414376,27.688011942692903]]}},{"type":"Feature","properties":{},"geometry":{"type":"LineString","coordinates":[[85.34280468235421,27.68805325577931],[85.34280132870258,27.688048330119084]]}},{"type":"Feature","properties":{},"geometry":{"type":"LineString","coordinates":[[85.34280370006515,27.688053780141804],[85.34279090381077,27.68805395915045]]}},{"type":"Feature","properties":{},"geometry":{"type":"LineString","coordinates":[[85.34280269544679,27.68805430604217],[85.34279334492959,27.68806412224519]]}},{"type":"Feature","properties":{},"geometry":{"type":"LineString","coordinates":[[85.34355880156438,27.687692543895672],[85.34355648227549,27.687684313736366]]}},{"type":"Feature","properties":{},"geometry":{"type":"LineString","coordinates":[[85.34349103414561,27.687720937257087],[85.34348822863507,27.687714222085468]]}},{"type":"Feature","properties":{},"geometry":{"type":"LineString","coordinates":[[85.34337080737276,27.687766431019895],[85.3433679593582,27.687762128768874]]}},{"type":"Feature","properties":{},"geometry":{"type":"LineString","coordinates":[[85.34339365327995,27.68799898127758],[85.34345475483491,27.687955986128443]]}},{"type":"Feature","properties":{},"geometry":{"type":"LineString","coordinates":[[85.34329647494971,27.688078959306118],[85.34329183656428,27.68807336754553]]}},{"type":"Feature","properties":{},"geometry":{"type":"LineString","coordinates":[[85.34318934913718,27.68813985467409],[85.34318334383296,27.688131386360517]]}},{"type":"Feature","properties":{},"geometry":{"type":"LineString","coordinates":[[85.34308532090267,27.6881936198311],[85.34308296676728,27.688188975097585]]}},{"type":"Feature","properties":{},"geometry":{"type":"LineString","coordinates":[[85.34303438340623,27.688219838796297],[85.34301342710857,27.688236471233214]]}},{"type":"Feature","properties":{},"geometry":{"type":"LineString","coordinates":[[85.34150450199934,27.687269540266005],[85.34154768826993,27.687281415201426]]}},{"type":"Feature","properties":{},"geometry":{"type":"LineString","coordinates":[[85.34148068349558,27.687474946224324],[85.34146900472307,27.68747511954239]]}},{"type":"Feature","properties":{},"geometry":{"type":"LineString","coordinates":[[85.34173694158883,27.687482582822675],[85.34173789883246,27.687487540282667]]}},{"type":"Feature","properties":{},"geometry":{"type":"LineString","coordinates":[[85.34175939407336,27.687479662951276],[85.34175485876692,27.687463029624315]]}},{"type":"Feature","properties":{},"geometry":{"type":"LineString","coordinates":[[85.34177138209087,27.68747600042647],[85.3418147448707,27.68743835784959]]}},{"type":"Feature","properties":{},"geometry":{"type":"LineString","coordinates":[[85.34147773603144,27.687637562929645],[85.34146267263547,27.687638553137806]]}},{"type":"Feature","properties":{},"geometry":{"type":"LineString","coordinates":[[85.34166532722632,27.68764300629952],[85.34166588735486,27.687639085090865]]}},{"type":"Feature","properties":{},"geometry":{"type":"LineString","coordinates":[[85.34180342320563,27.687620018385964],[85.341808997862,27.687644228464144]]}},{"type":"Feature","properties":{},"geometry":{"type":"LineString","coordinates":[[85.34188341761934,27.687607800723825],[85.34188287731342,27.687604438557557]]}},{"type":"Feature","properties":{},"geometry":{"type":"LineString","coordinates":[[85.3420485711559,27.68758122395665],[85.34208185257972,27.68757391639408]]}},{"type":"Feature","properties":{},"geometry":{"type":"LineString","coordinates":[[85.34149970327562,27.687743967292803],[85.3414769897957,27.68775039944286]]}},{"type":"Feature","properties":{},"geometry":{"type":"LineString","coordinates":[[85.34150747796917,27.68778757073703],[85.34148702264672,27.68779231327433]]}},{"type":"Feature","properties":{},"geometry":{"type":"LineString","coordinates":[[85.34151276167331,27.687810231264965],[85.34155066067069,27.687802848263843]]}},{"type":"Feature","properties":{},"geometry":{"type":"LineString","coordinates":[[85.34153880402015,27.687911729402998],[85.34157788574538,27.68790116190772]]}},{"type":"Feature","properties":{},"geometry":{"type":"LineString","coordinates":[[85.34155653579931,27.687975026685105],[85.34159810560796,27.687961914897105]]}},{"type":"Feature","properties":{},"geometry":{"type":"LineString","coordinates":[[85.34157886740934,27.688021236839454],[85.34156319602627,27.688025889561132]]}},{"type":"Feature","properties":{},"geometry":{"type":"LineString","coordinates":[[85.341582096655,27.688028956248075],[85.34162677478226,27.688007079065013]]}},{"type":"Feature","properties":{},"geometry":{"type":"LineString","coordinates":[[85.34171076230294,27.688149979880876],[85.34171527793549,27.68810786752385]]}},{"type":"Feature","properties":{},"geometry":{"type":"LineString","coordinates":[[85.34174384961453,27.688154993557312],[85.34174191177442,27.68816608079506]]}},{"type":"Feature","properties":{},"geometry":{"type":"LineString","coordinates":[[85.34175830676124,27.688154003281728],[85.3417606718574,27.688113434713042]]}},{"type":"Feature","properties":{},"geometry":{"type":"LineString","coordinates":[[85.34183786933501,27.68816032527043],[85.34184074773577,27.688119804363197]]}},{"type":"Feature","properties":{},"geometry":{"type":"LineString","coordinates":[[85.34184653960511,27.688160842456565],[85.34184569127875,27.688173368777402]]}},{"type":"Feature","properties":{},"geometry":{"type":"LineString","coordinates":[[85.34195849034526,27.68816845924873],[85.34195569374094,27.688180620175835]]}},{"type":"Feature","properties":{},"geometry":{"type":"LineString","coordinates":[[85.34198149945249,27.688170380993544],[85.34198793640883,27.688132089576534]]}},{"type":"Feature","properties":{},"geometry":{"type":"LineString","coordinates":[[85.3422138518952,27.68808508333614],[85.34220149724412,27.688063816567283]]}},{"type":"Feature","properties":{},"geometry":{"type":"LineString","coordinates":[[85.342231030404,27.688078386245262],[85.3422340264225,27.688083761622135]]}},{"type":"Feature","properties":{},"geometry":{"type":"LineString","coordinates":[[85.34206344447705,27.68820738934252],[85.34212851912396,27.688178624203303]]}},{"type":"Feature","properties":{},"geometry":{"type":"LineString","coordinates":[[85.34206706218137,27.68821886079705],[85.34204843293175,27.688220310195508]]}},{"type":"Feature","properties":{},"geometry":{"type":"LineString","coordinates":[[85.34208539147409,27.688285515455167],[85.34214498018116,27.688275923479324]]}},{"type":"Feature","properties":{},"geometry":{"type":"LineString","coordinates":[[85.34208803035324,27.68829882542692],[85.34214483219326,27.688284443625488]]}},{"type":"Feature","properties":{},"geometry":{"type":"LineString","coordinates":[[85.34207454196894,27.688360045756884],[85.34207110206553,27.688351502512226]]}},{"type":"Feature","properties":{},"geometry":{"type":"LineString","coordinates":[[85.34206896553813,27.688401846682666],[85.34206037176239,27.688401029875095]]}},{"type":"Feature","properties":{},"geometry":{"type":"LineString","coordinates":[[85.34206211404508,27.688544680513083],[85.34205338101563,27.688542074077578]]}},{"type":"Feature","properties":{},"geometry":{"type":"LineString","coordinates":[[85.34213767781179,27.6884269985601],[85.34211527470718,27.688432073474942]]}},{"type":"Feature","properties":{},"geometry":{"type":"LineString","coordinates":[[85.34214040295403,27.68843641143161],[85.34220184606195,27.688400989771104]]}},{"type":"Feature","properties":{},"geometry":{"type":"LineString","coordinates":[[85.34214518950604,27.688446756048794],[85.34220901022493,27.688406772458062]]}},{"type":"Feature","properties":{},"geometry":{"type":"LineString","coordinates":[[85.34214959601559,27.688455545527788],[85.34219534368545,27.688426836899126]]}},{"type":"Feature","properties":{},"geometry":{"type":"LineString","coordinates":[[85.34220177474447,27.688517116969926],[85.34217853764407,27.688533569437965]]}},{"type":"Feature","properties":{},"geometry":{"type":"LineString","coordinates":[[85.3422645419886,27.6885943183235],[85.34224784779012,27.688601636755312]]}},{"type":"Feature","properties":{},"geometry":{"type":"LineString","coordinates":[[85.342321817127,27.68867909041948],[85.34231138608313,27.688685657994405]]}},{"type":"Feature","properties":{},"geometry":{"type":"LineString","coordinates":[[85.34239971332461,27.68864211466995],[85.34239568398529,27.688637619553756]]}},{"type":"Feature","properties":{},"geometry":{"type":"LineString","coordinates":[[85.34258096306073,27.688647034181944],[85.34258002074924,27.68863980968912]]}},{"type":"Feature","properties":{},"geometry":{"type":"LineString","coordinates":[[85.34258137418732,27.688646531867008],[85.34260230076364,27.6886306013326]]}},{"type":"Feature","properties":{},"geometry":{"type":"LineString","coordinates":[[85.34253566437212,27.68868340738777],[85.34253110583924,27.688677967284878]]}},{"type":"Feature","properties":{},"geometry":{"type":"LineString","coordinates":[[85.34243862718559,27.688811818424696],[85.34243248323583,27.688817832612237]]}},{"type":"Feature","properties":{},"geometry":{"type":"LineString","coordinates":[[85.34245844897349,27.68883291732498],[85.34250771473802,27.688802617083525]]}},{"type":"Feature","properties":{},"geometry":{"type":"LineString","coordinates":[[85.34253519397575,27.68890243274595],[85.34257750091967,27.688866379343295]]}},{"type":"Feature","properties":{},"geometry":{"type":"LineString","coordinates":[[85.34257600171283,27.68893744116521],[85.3426147910532,27.6889034224276]]}},{"type":"Feature","properties":{},"geometry":{"type":"LineString","coordinates":[[85.3426150725967,27.68896916244142],[85.34260433682628,27.68897442310226]]}},{"type":"Feature","properties":{},"geometry":{"type":"LineString","coordinates":[[85.3426396099887,27.688986247235654],[85.34266743455997,27.688954727296895]]}},{"type":"Feature","properties":{},"geometry":{"type":"LineString","coordinates":[[85.34270890033697,27.68901598803027],[85.34270420492152,27.68902444292409]]}},{"type":"Feature","properties":{},"geometry":{"type":"LineString","coordinates":[[85.34253946074,27.688545245577053],[85.34253611509963,27.688540125054757]]}},{"type":"Feature","properties":{},"geometry":{"type":"LineString","coordinates":[[85.34254711802282,27.688539259424818],[85.34254221164251,27.688534831435252]]}},{"type":"Feature","properties":{},"geometry":{"type":"LineString","coordinates":[[85.34255341964779,27.688533880711635],[85.34255116554118,27.688528454652317]]}},{"type":"Feature","properties":{},"geometry":{"type":"LineString","coordinates":[[85.34257096109617,27.688524102090966],[85.34256576617294,27.688518437759456]]}},{"type":"Feature","properties":{},"geometry":{"type":"LineString","coordinates":[[85.34258384021348,27.688516024037515],[85.34259687353448,27.68852948819175]]}},{"type":"Feature","properties":{},"geometry":{"type":"LineString","coordinates":[[85.34268280876557,27.688445662121662],[85.34267793106875,27.688440341853763]]}},{"type":"Feature","properties":{},"geometry":{"type":"LineString","coordinates":[[85.34270124937915,27.688433543992844],[85.34271416068675,27.688447165525698]]}},{"type":"Feature","properties":{},"geometry":{"type":"LineString","coordinates":[[85.3426213955338,27.688141316837658],[85.3426084847651,27.688132495990693]]}},{"type":"Feature","properties":{},"geometry":{"type":"LineString","coordinates":[[85.34262282280034,27.688142613741675],[85.34261194067076,27.68814058633251]]}},{"type":"Feature","properties":{},"geometry":{"type":"LineString","coordinates":[[85.34263061264807,27.68815053843676],[85.3426482726034,27.688137540907622]]}},{"type":"Feature","properties":{},"geometry":{"type":"LineString","coordinates":[[85.34265006683559,27.688169051603573],[85.3426442970904,27.68817338611441]]}},{"type":"Feature","properties":{},"geometry":{"type":"LineString","coordinates":[[85.34274669912932,27.688280413576102],[85.34276389863926,27.688267223693575]]}},{"type":"Feature","properties":{},"geometry":{"type":"LineString","coordinates":[[85.34280047709821,27.688336947830297],[85.3428166796091,27.688322570884406]]}},{"type":"Feature","properties":{},"geometry":{"type":"LineString","coordinates":[[85.34285210882952,27.68838789845125],[85.34286696163838,27.688373667808076]]}},{"type":"Feature","properties":{},"geometry":{"type":"LineString","coordinates":[[85.34293573537046,27.688473049722344],[85.34297161635442,27.688447971977027]]}},{"type":"Feature","properties":{},"geometry":{"type":"LineString","coordinates":[[85.34295222589093,27.688491166364187],[85.342982649948,27.688537531810045]]}},{"type":"Feature","properties":{},"geometry":{"type":"LineString","coordinates":[[85.34290699255111,27.68852356021499],[85.34291813559445,27.688538459346198]]}},{"type":"Feature","properties":{},"geometry":{"type":"LineString","coordinates":[[85.34283475078529,27.688571440895625],[85.34282901570378,27.68856629539627]]}},{"type":"Feature","properties":{},"geometry":{"type":"LineString","coordinates":[[85.34282289517913,27.688579690070572],[85.3428316441134,27.688597290785705]]}},{"type":"Feature","properties":{},"geometry":{"type":"LineString","coordinates":[[85.3428217171193,27.688580488271906],[85.34280958685112,27.68858168069576]]}},{"type":"Feature","properties":{},"geometry":{"type":"LineString","coordinates":[[85.34202810404845,27.688179637792462],[85.3420415636219,27.688138442995694]]}},{"type":"Feature","properties":{},"geometry":{"type":"LineString","coordinates":[[85.34206956474993,27.68797302954709],[85.34207644533498,27.687971205727404]]}},{"type":"Feature","properties":{},"geometry":{"type":"LineString","coordinates":[[85.34206878206456,27.687969536316963],[85.34207559705132,27.687967423797126]]}},{"type":"Feature","properties":{},"geometry":{"type":"LineString","coordinates":[[85.34205066098166,27.687910310365645],[85.34204055264878,27.687914178635967]]}},{"type":"Feature","properties":{},"geometry":{"type":"LineString","coordinates":[[85.34202569547156,27.687815084415607],[85.34202382428137,27.687800557062186]]}},{"type":"Feature","properties":{},"geometry":{"type":"LineString","coordinates":[[85.34229510426104,27.687961223696977],[85.34231118913223,27.687954433176554]]}},{"type":"Feature","properties":{},"geometry":{"type":"LineString","coordinates":[[85.34225409420108,27.687885004857048],[85.34225040538645,27.687887233331008]]}},{"type":"Feature","properties":{},"geometry":{"type":"LineString","coordinates":[[85.3422520778667,27.687878271130618],[85.34224589752958,27.68787918002874]]}},{"type":"Feature","properties":{},"geometry":{"type":"LineString","coordinates":[[85.34225184079217,27.687877722247247],[85.34225287509923,27.687858317976072]]}},{"type":"Feature","properties":{},"geometry":{"type":"LineString","coordinates":[[85.34225120541696,27.6878769610084],[85.34223953984285,27.687861492378065]]}},{"type":"Feature","properties":{},"geometry":{"type":"LineString","coordinates":[[85.342397738379,27.68806493368338],[85.34240007888626,27.688070948342098]]}},{"type":"Feature","properties":{},"geometry":{"type":"LineString","coordinates":[[85.3423832014314,27.688065502480786],[85.34238356778313,27.68807205850837]]}},{"type":"Feature","properties":{},"geometry":{"type":"LineString","coordinates":[[85.34234949976528,27.688057597039396],[85.3423624731472,27.68804038989287]]}},{"type":"Feature","properties":{},"geometry":{"type":"LineString","coordinates":[[85.34247832403854,27.687881490135076],[85.3424855419214,27.687885594699207]]}},{"type":"Feature","properties":{},"geometry":{"type":"LineString","coordinates":[[85.34243353133434,27.687788601016518],[85.34242949823029,27.687793015874185]]}},{"type":"Feature","properties":{},"geometry":{"type":"LineString","coordinates":[[85.34240172016305,27.687456059450756],[85.34240432287756,27.687472503557345]]}},{"type":"Feature","properties":{},"geometry":{"type":"LineString","coordinates":[[85.34238132396476,27.687328758208107],[85.34237092231203,27.68733124118308]]}},{"type":"Feature","properties":{},"geometry":{"type":"LineString","coordinates":[[85.3423251982748,27.68711598157222],[85.34229635408295,27.687116494632587]]}},{"type":"Feature","properties":{},"geometry":{"type":"LineString","coordinates":[[85.34220297011552,27.687290482265375],[85.34220647741053,27.687302147347218]]}},{"type":"Feature","properties":{},"geometry":{"type":"LineString","coordinates":[[85.34217752345177,27.687299251924188],[85.34217240646285,27.68729313181989]]}},{"type":"Feature","properties":{},"geometry":{"type":"LineString","coordinates":[[85.34215260085902,27.687305143288068],[85.34215420009622,27.687318545510188]]}},{"type":"Feature","properties":{},"geometry":{"type":"LineString","coordinates":[[85.34214469864612,27.687307279802354],[85.34215257512555,27.68733234958078]]}},{"type":"Feature","properties":{},"geometry":{"type":"LineString","coordinates":[[85.34213902420413,27.687309535948913],[85.34214398008076,27.687321488237504]]}},{"type":"Feature","properties":{},"geometry":{"type":"LineString","coordinates":[[85.34200667309678,27.68735415682255],[85.3420033919484,27.68734913363394]]}},{"type":"Feature","properties":{},"geometry":{"type":"LineString","coordinates":[[85.34200472287873,27.68735479233845],[85.34198049854712,27.687359227184682]]}},{"type":"Feature","properties":{},"geometry":{"type":"LineString","coordinates":[[85.34277780838067,27.689028011586224],[85.3427721439974,27.689040807906338]]}},{"type":"Feature","properties":{},"geometry":{"type":"LineString","coordinates":[[85.34286024404571,27.689031182276764],[85.34286061077054,27.6890393268035]]}},{"type":"Feature","properties":{},"geometry":{"type":"LineString","coordinates":[[85.34290951100958,27.68902685200772],[85.34291081322618,27.688981979948597]]}},{"type":"Feature","properties":{},"geometry":{"type":"LineString","coordinates":[[85.3430717501271,27.68900882520951],[85.34307140938981,27.689020378342494]]}},{"type":"Feature","properties":{},"geometry":{"type":"LineString","coordinates":[[85.34306545033594,27.68905886868063],[85.34307609933552,27.68908426491538]]}},{"type":"Feature","properties":{},"geometry":{"type":"LineString","coordinates":[[85.34338846823829,27.68887394234497],[85.34339528915157,27.68887902860751]]}},{"type":"Feature","properties":{},"geometry":{"type":"LineString","coordinates":[[85.3433965489759,27.688867710300805],[85.34337828370924,27.688843499187854]]}},{"type":"Feature","properties":{},"geometry":{"type":"LineString","coordinates":[[85.34343610355806,27.68884591474935],[85.34343857122576,27.68885210781407]]}},{"type":"Feature","properties":{},"geometry":{"type":"LineString","coordinates":[[85.3433363086057,27.689062352990625],[85.34337843444007,27.689034992381256]]}},{"type":"Feature","properties":{},"geometry":{"type":"LineString","coordinates":[[85.34336930060883,27.689111983834657],[85.3434096529567,27.689087185111067]]}},{"type":"Feature","properties":{},"geometry":{"type":"LineString","coordinates":[[85.34338497149605,27.689133561848113],[85.34337672775818,27.689140448097927]]}},{"type":"Feature","properties":{},"geometry":{"type":"LineString","coordinates":[[85.34342376898726,27.68919879238675],[85.34347026514833,27.689179002311093]]}},{"type":"Feature","properties":{},"geometry":{"type":"LineString","coordinates":[[85.34343186855683,27.689212134267063],[85.34342397617284,27.68921461935395]]}},{"type":"Feature","properties":{},"geometry":{"type":"LineString","coordinates":[[85.34345707290349,27.689278205827286],[85.34352213085958,27.689243649055424]]}},{"type":"Feature","properties":{},"geometry":{"type":"LineString","coordinates":[[85.3434627073706,27.689288005474932],[85.34350260484571,27.689269229446666]]}},{"type":"Feature","properties":{},"geometry":{"type":"LineString","coordinates":[[85.34293336301054,27.689111818693778],[85.3429524843984,27.689161447916838]]}},{"type":"Feature","properties":{},"geometry":{"type":"LineString","coordinates":[[85.3428780483165,27.68912062366847],[85.34288462332734,27.68914696036425]]}},{"type":"Feature","properties":{},"geometry":{"type":"LineString","coordinates":[[85.34278091795726,27.689138925800467],[85.3427921705704,27.689161946535062]]}},{"type":"Feature","properties":{},"geometry":{"type":"LineString","coordinates":[[85.34264918441627,27.689152192648745],[85.34264276005257,27.68917912108839]]}},{"type":"Feature","properties":{},"geometry":{"type":"LineString","coordinates":[[85.34250799169142,27.68916722256144],[85.34250488919824,27.6891532535985]]}},{"type":"Feature","properties":{},"geometry":{"type":"LineString","coordinates":[[85.34366103343528,27.688785476106627],[85.34366336743665,27.688792599005378]]}},{"type":"Feature","properties":{},"geometry":{"type":"LineString","coordinates":[[85.34378301687953,27.688739811797443],[85.34378912792451,27.688751893375315]]}},{"type":"Feature","properties":{},"geometry":{"type":"LineString","coordinates":[[85.34383270597421,27.688719326000893],[85.34380511558038,27.688675837667475]]}},{"type":"Feature","properties":{},"geometry":{"type":"LineString","coordinates":[[85.34389768092936,27.688890638064812],[85.34391557324473,27.688920018998846]]}},{"type":"Feature","properties":{},"geometry":{"type":"LineString","coordinates":[[85.34389697461738,27.6888892685654],[85.34393669027277,27.68893432250871]]}},{"type":"Feature","properties":{},"geometry":{"type":"LineString","coordinates":[[85.34399455581818,27.68864629988147],[85.34400338720087,27.68865488950519]]}},{"type":"Feature","properties":{},"geometry":{"type":"LineString","coordinates":[[85.34399665130974,27.688639935755106],[85.34400615129212,27.68865481244745]]}},{"type":"Feature","properties":{},"geometry":{"type":"LineString","coordinates":[[85.34411535177856,27.688597941383506],[85.34412251997229,27.688616969917124]]}},{"type":"Feature","properties":{},"geometry":{"type":"LineString","coordinates":[[85.34412497561355,27.688598295637437],[85.34412733081561,27.68861624402505]]}},{"type":"Feature","properties":{},"geometry":{"type":"LineString","coordinates":[[85.34428106322999,27.68861294574692],[85.34427734517894,27.688629006480987]]}},{"type":"Feature","properties":{},"geometry":{"type":"LineString","coordinates":[[85.34444662479858,27.688676126500322],[85.34442398968908,27.68870451110647]]}},{"type":"Feature","properties":{},"geometry":{"type":"LineString","coordinates":[[85.34448175567978,27.688697053440283],[85.34446153383433,27.688722741187306]]}},{"type":"Feature","properties":{},"geometry":{"type":"LineString","coordinates":[[85.34462485960518,27.688789307565933],[85.34460950038992,27.688808754531543]]}},{"type":"Feature","properties":{},"geometry":{"type":"LineString","coordinates":[[85.34462862804678,27.688793494437903],[85.3446632164024,27.688744464135187]]}},{"type":"Feature","properties":{},"geometry":{"type":"LineString","coordinates":[[85.3446370703225,27.688798577458588],[85.34461939906788,27.688815624873314]]}},{"type":"Feature","properties":{},"geometry":{"type":"LineString","coordinates":[[85.3441241876191,27.688468966358162],[85.34412046910182,27.68846328724455]]}},{"type":"Feature","properties":{},"geometry":{"type":"LineString","coordinates":[[85.34423072598665,27.68840459201287],[85.34424546328856,27.688419843594232]]}},{"type":"Feature","properties":{},"geometry":{"type":"LineString","coordinates":[[85.34423539040067,27.688402482554416],[85.34424697643205,27.68841921365181]]}},{"type":"Feature","properties":{},"geometry":{"type":"LineString","coordinates":[[85.34428008067594,27.68837682113885],[85.34427770081301,27.688371727546663]]}},{"type":"Feature","properties":{},"geometry":{"type":"LineString","coordinates":[[85.34432181040142,27.68835478146425],[85.3443349691184,27.688369087239]]}},{"type":"Feature","properties":{},"geometry":{"type":"LineString","coordinates":[[85.34439883261884,27.68831008629071],[85.34439425390391,27.6883057769065]]}},{"type":"Feature","properties":{},"geometry":{"type":"LineString","coordinates":[[85.34441030584752,27.688300761071606],[85.34440667465638,27.688297626409007]]}},{"type":"Feature","properties":{},"geometry":{"type":"LineString","coordinates":[[85.34443714481812,27.68828002081835],[85.34448168001002,27.688319673574767]]}},{"type":"Feature","properties":{},"geometry":{"type":"LineString","coordinates":[[85.34449775061933,27.68822746392627],[85.34450781666358,27.68824662456092]]}},{"type":"Feature","properties":{},"geometry":{"type":"LineString","coordinates":[[85.34450187601999,27.688060873621907],[85.34448670567208,27.68807049581784]]}},{"type":"Feature","properties":{},"geometry":{"type":"LineString","coordinates":[[85.34446562357955,27.688015104899463],[85.34444609648729,27.688023985454908]]}},{"type":"Feature","properties":{},"geometry":{"type":"LineString","coordinates":[[85.34445648390243,27.688003361702595],[85.34442854580531,27.68798808861348]]}},{"type":"Feature","properties":{},"geometry":{"type":"LineString","coordinates":[[85.34435662718896,27.688099357711835],[85.34434790508031,27.688104157014013]]}},{"type":"Feature","properties":{},"geometry":{"type":"LineString","coordinates":[[85.34461521040511,27.68813277845548],[85.34461175335869,27.688128383205456]]}},{"type":"Feature","properties":{},"geometry":{"type":"LineString","coordinates":[[85.3446912683446,27.688244609817513],[85.34468193268845,27.688249888283995]]}},{"type":"Feature","properties":{},"geometry":{"type":"LineString","coordinates":[[85.34471706866898,27.68828055379172],[85.34470100332884,27.688276578249912]]}},{"type":"Feature","properties":{},"geometry":{"type":"LineString","coordinates":[[85.3447141740179,27.688059276787754],[85.3447277347067,27.688076510706672]]}},{"type":"Feature","properties":{},"geometry":{"type":"LineString","coordinates":[[85.34475128530595,27.688027615590965],[85.34474251430024,27.688019929290714]]}},{"type":"Feature","properties":{},"geometry":{"type":"LineString","coordinates":[[85.34478377291954,27.68799106142391],[85.34477875210656,27.687985342392366]]}},{"type":"Feature","properties":{},"geometry":{"type":"LineString","coordinates":[[85.34485555179502,27.68791369399428],[85.34487896057244,27.687929384901384]]}},{"type":"Feature","properties":{},"geometry":{"type":"LineString","coordinates":[[85.34498887834175,27.687766188050254],[85.34506713309203,27.68782339395111]]}},{"type":"Feature","properties":{},"geometry":{"type":"LineString","coordinates":[[85.34499364220369,27.687761515594147],[85.34512494779105,27.687842188300422]]}},{"type":"Feature","properties":{},"geometry":{"type":"LineString","coordinates":[[85.3452406262658,27.687968372329614],[85.34525794751104,27.68797761297843]]}},{"type":"Feature","properties":{},"geometry":{"type":"LineString","coordinates":[[85.34520883978819,27.68801908885707],[85.3452219385739,27.688025944144155]]}},{"type":"Feature","properties":{},"geometry":{"type":"LineString","coordinates":[[85.34519286402958,27.688045749872398],[85.34517898484629,27.688059716229528]]}},{"type":"Feature","properties":{},"geometry":{"type":"LineString","coordinates":[[85.3450292174268,27.688339802548075],[85.34504237556567,27.68835368224552]]}},{"type":"Feature","properties":{},"geometry":{"type":"LineString","coordinates":[[85.34497348057735,27.688381876025684],[85.34496157620151,27.688408428623095]]}},{"type":"Feature","properties":{},"geometry":{"type":"LineString","coordinates":[[85.34497518064144,27.688380280770048],[85.34496337503643,27.68841574637648]]}},{"type":"Feature","properties":{},"geometry":{"type":"LineString","coordinates":[[85.34517498850248,27.688319810130068],[85.34517851707342,27.68831738019728]]}},{"type":"Feature","properties":{},"geometry":{"type":"LineString","coordinates":[[85.34525173583789,27.688405806581127],[85.34523557974178,27.688417595848353]]}},{"type":"Feature","properties":{},"geometry":{"type":"LineString","coordinates":[[85.34530447048378,27.68847890647172],[85.34531006122519,27.688476351352225]]}},{"type":"Feature","properties":{},"geometry":{"type":"LineString","coordinates":[[85.34543776537531,27.688552455343704],[85.34544561710743,27.688548625748453]]}},{"type":"Feature","properties":{},"geometry":{"type":"LineString","coordinates":[[85.34548466405326,27.688607267366617],[85.34549610055902,27.68861725268711]]}},{"type":"Feature","properties":{},"geometry":{"type":"LineString","coordinates":[[85.34548280009653,27.68860514033815],[85.34549246950726,27.688606977939738]]}},{"type":"Feature","properties":{},"geometry":{"type":"LineString","coordinates":[[85.34550275736994,27.688493625302154],[85.34549053030592,27.688478510341774]]}},{"type":"Feature","properties":{},"geometry":{"type":"LineString","coordinates":[[85.34549885920144,27.688495956059157],[85.34548715650423,27.6884810314846]]}},{"type":"Feature","properties":{},"geometry":{"type":"LineString","coordinates":[[85.34531148936595,27.688592167139934],[85.34531599393564,27.688599043378442]]}},{"type":"Feature","properties":{},"geometry":{"type":"LineString","coordinates":[[85.3452923028081,27.68860650060717],[85.34529664923588,27.688610685342468]]}},{"type":"Feature","properties":{},"geometry":{"type":"LineString","coordinates":[[85.34527014388384,27.688619526854122],[85.34525435525569,27.688600962170398]]}},{"type":"Feature","properties":{},"geometry":{"type":"LineString","coordinates":[[85.34520048116318,27.68866453429298],[85.34518512929714,27.68864665805499]]}},{"type":"Feature","properties":{},"geometry":{"type":"LineString","coordinates":[[85.34518888288358,27.68867220279776],[85.3451765185999,27.68865126288572]]}},{"type":"Feature","properties":{},"geometry":{"type":"LineString","coordinates":[[85.34508174154847,27.688741615965025],[85.34506340034142,27.688717844602387]]}},{"type":"Feature","properties":{},"geometry":{"type":"LineString","coordinates":[[85.34501908801695,27.688778145433968],[85.34500303753366,27.688759666946076]]}},{"type":"Feature","properties":{},"geometry":{"type":"LineString","coordinates":[[85.34501682910721,27.68877921413939],[85.34502564204847,27.68878849483731]]}},{"type":"Feature","properties":{},"geometry":{"type":"LineString","coordinates":[[85.34494492935136,27.688830414213466],[85.34495042655752,27.688836146153925]]}},{"type":"Feature","properties":{},"geometry":{"type":"LineString","coordinates":[[85.35012974605611,27.693872714470874],[85.35026573892783,27.693828791874065]]}},{"type":"Feature","properties":{},"geometry":{"type":"LineString","coordinates":[[85.34511836074164,27.688272113016264],[85.34512011278579,27.688268280945827]]}},{"type":"Feature","properties":{},"geometry":{"type":"LineString","coordinates":[[85.34576283306961,27.688139667006055],[85.34577072204694,27.68814499967435]]}},{"type":"Feature","properties":{},"geometry":{"type":"LineString","coordinates":[[85.34573619483632,27.699295245869408],[85.34573037541338,27.699273125135985]]}},{"type":"Feature","properties":{},"geometry":{"type":"LineString","coordinates":[[85.34572343389736,27.699246740868002],[85.34583634037186,27.699232640018035]]}},{"type":"Feature","properties":{},"geometry":{"type":"LineString","coordinates":[[85.34571403570499,27.69914322386671],[85.34554474031921,27.698404509245368],[85.34551808039429,27.698204353468647],[85.34553290224346,27.697818669787797]]}},{"type":"Feature","properties":{},"geometry":{"type":"LineString","coordinates":[[85.34538763132808,27.699259959527534],[85.34571718469199,27.69922279454731],[85.34553388108017,27.69840432171347],[85.3455121575187,27.698205096793007],[85.34553383442675,27.69776076674088],[85.34561812545536,27.69730185136214],[85.34562867289957,27.697118118087943],[85.345608147328,27.696743115180325],[85.34561849659353,27.696297532291425],[85.34567173538419,27.696087267661717],[85.34571149578899,27.695670934112606],[85.34599110753332,27.69518601974986]]}},{"type":"Feature","properties":{},"geometry":{"type":"LineString","coordinates":[[85.34583634037186,27.699232640018035],[85.34617819628677,27.6991413602759],[85.34645119783254,27.698998971510218],[85.34648939608495,27.69893975987461],[85.34633443727978,27.698654128889874]]}},{"type":"Feature","properties":{},"geometry":{"type":"LineString","coordinates":[[85.34556410896593,27.69809687501263],[85.34604150349405,27.69806545418949]]}},{"type":"Feature","properties":{},"geometry":{"type":"LineString","coordinates":[[85.34556410896593,27.69809687501263],[85.3456042995018,27.697714448517736]]}},{"type":"Feature","properties":{},"geometry":{"type":"LineString","coordinates":[[85.3456042995018,27.697714448517736],[85.34608977373104,27.697646458657882]]}},{"type":"Feature","properties":{},"geometry":{"type":"LineString","coordinates":[[85.34554717563344,27.697725205783943],[85.3456042995018,27.697714448517736]]}},{"type":"Feature","properties":{},"geometry":{"type":"LineString","coordinates":[[85.3455923909552,27.69748903412973],[85.34563782641182,27.697116157906564],[85.34561736585489,27.696734018377406]]}},{"type":"Feature","properties":{},"geometry":{"type":"LineString","coordinates":[[85.3456042995018,27.697714448517736],[85.34563808807916,27.697490099144133]]}},{"type":"Feature","properties":{},"geometry":{"type":"LineString","coordinates":[[85.34563808807916,27.697490099144133],[85.34564318225306,27.697492194371705]]}},{"type":"Feature","properties":{},"geometry":{"type":"LineString","coordinates":[[85.34564318225306,27.697492194371705],[85.34589352610647,27.697432066288197],[85.34604759324498,27.697328778259205],[85.34605544269047,27.697256009726427],[85.34599949156252,27.697034544059782]]}},{"type":"Feature","properties":{},"geometry":{"type":"LineString","coordinates":[[85.34564318225306,27.697492194371705],[85.34567755263534,27.696904784165824]]}},{"type":"Feature","properties":{},"geometry":{"type":"LineString","coordinates":[[85.3455923909552,27.69748903412973],[85.34563808807916,27.697490099144133]]}},{"type":"Feature","properties":{},"geometry":{"type":"LineString","coordinates":[[85.34599949156252,27.697034544059782],[85.34606738070211,27.69701672093333]]}},{"type":"Feature","properties":{},"geometry":{"type":"LineString","coordinates":[[85.34606738070211,27.69701672093333],[85.3464546239778,27.69690802070294],[85.3468869666162,27.696819866580828],[85.34689589245849,27.69677709730069]]}},{"type":"Feature","properties":{},"geometry":{"type":"LineString","coordinates":[[85.34599949156252,27.697034544059782],[85.34597820954939,27.6970104190609],[85.34581213899148,27.69696592199129],[85.34574793347008,27.696899040968695],[85.34567755263534,27.696904784165824]]}},{"type":"Feature","properties":{},"geometry":{"type":"LineString","coordinates":[[85.34689589245849,27.69677709730069],[85.34699165890103,27.696656871477213]]}},{"type":"Feature","properties":{},"geometry":{"type":"LineString","coordinates":[[85.34699165890103,27.696656871477213],[85.34689277118449,27.69649054499315],[85.34685633934487,27.696501251135917]]}},{"type":"Feature","properties":{},"geometry":{"type":"LineString","coordinates":[[85.34711595491365,27.696768668328982],[85.34699165890103,27.696656871477213]]}},{"type":"Feature","properties":{},"geometry":{"type":"LineString","coordinates":[[85.34711595491365,27.696768668328982],[85.34740271995774,27.69635041432318]]}},{"type":"Feature","properties":{},"geometry":{"type":"LineString","coordinates":[[85.34712012188902,27.696772943835665],[85.34721389314583,27.696663109512045],[85.34737316450693,27.696385860476333],[85.34741864678863,27.696349736167168]]}},{"type":"Feature","properties":{},"geometry":{"type":"LineString","coordinates":[[85.34711758057104,27.69677033580106],[85.34672308551708,27.697129020292316],[85.34661322303504,27.697269274026343]]}},{"type":"Feature","properties":{},"geometry":{"type":"LineString","coordinates":[[85.34661322303504,27.697269274026343],[85.34645710826598,27.697247242946904],[85.34624948183446,27.697309659453705]]}},{"type":"Feature","properties":{},"geometry":{"type":"LineString","coordinates":[[85.34633443727978,27.698654128889874],[85.34633115884458,27.69830385989696],[85.34629482322222,27.697999969110317],[85.3464454295854,27.6975363098585],[85.34652954385554,27.697365260493086],[85.34672697713485,27.697134342193326],[85.34712012188902,27.696772943835665]]}},{"type":"Feature","properties":{},"geometry":{"type":"LineString","coordinates":[[85.34661322303504,27.697269274026343],[85.34652418016725,27.69736160336769],[85.3464391916214,27.69753300240718],[85.34630543394042,27.697902232795386],[85.34629034462343,27.698000624120823],[85.3463311073357,27.698668920788325],[85.34647771609167,27.698941883079346],[85.34642612923635,27.699002813016378],[85.34619173586401,27.699120013248105],[85.3457896902953,27.69921712369929],[85.34568102684293,27.698859217203154],[85.34556751063901,27.698234174272848],[85.34556410896593,27.69809687501263]]}},{"type":"Feature","properties":{},"geometry":{"type":"LineString","coordinates":[[85.34618182794128,27.696664136927335],[85.3461827464331,27.69666798285213]]}},{"type":"Feature","properties":{},"geometry":{"type":"LineString","coordinates":[[85.34618182794128,27.696664136927335],[85.34670593465674,27.696560472422544],[85.34685633934487,27.696501251135917]]}},{"type":"Feature","properties":{},"geometry":{"type":"LineString","coordinates":[[85.3461827464331,27.69666798285213],[85.34670643927394,27.69656520512619],[85.3468542872887,27.696522024199055],[85.34684629810022,27.696497125706113]]}},{"type":"Feature","properties":{},"geometry":{"type":"LineString","coordinates":[[85.34618182794128,27.696664136927335],[85.346133944603,27.69640026818676],[85.34595343507378,27.696414382197833]]}},{"type":"Feature","properties":{},"geometry":{"type":"LineString","coordinates":[[85.34561736585489,27.696734018377406],[85.34572613227623,27.696717857170988]]}},{"type":"Feature","properties":{},"geometry":{"type":"LineString","coordinates":[[85.34572613227623,27.696717857170988],[85.34618182794128,27.696664136927335]]}},{"type":"Feature","properties":{},"geometry":{"type":"LineString","coordinates":[[85.34685633934487,27.696501251135917],[85.3468520021955,27.696490236922678]]}},{"type":"Feature","properties":{},"geometry":{"type":"LineString","coordinates":[[85.3468520021955,27.696490236922678],[85.34678694170212,27.696253995333674],[85.34677729292704,27.695996083457285]]}},{"type":"Feature","properties":{},"geometry":{"type":"LineString","coordinates":[[85.34684629810022,27.696497125706113],[85.34677967323503,27.696255488015453],[85.34677016520946,27.695995033518358]]}},{"type":"Feature","properties":{},"geometry":{"type":"LineString","coordinates":[[85.34684629810022,27.696497125706113],[85.34723625493974,27.696324919358563]]}},{"type":"Feature","properties":{},"geometry":{"type":"LineString","coordinates":[[85.34567295231285,27.696739980562434],[85.3461827464331,27.69666798285213]]}},{"type":"Feature","properties":{},"geometry":{"type":"LineString","coordinates":[[85.34677729292704,27.695996083457285],[85.34683916528239,27.69574175848131],[85.34691086175863,27.695635132885446]]}},{"type":"Feature","properties":{},"geometry":{"type":"LineString","coordinates":[[85.34677729292704,27.695996083457285],[85.34677357103398,27.695995582323675]]}},{"type":"Feature","properties":{},"geometry":{"type":"LineString","coordinates":[[85.34677016520946,27.695995033518358],[85.34639536745384,27.696042836416396]]}},{"type":"Feature","properties":{},"geometry":{"type":"LineString","coordinates":[[85.34677357103398,27.695995582323675],[85.34684731206339,27.69571246135294]]}},{"type":"Feature","properties":{},"geometry":{"type":"LineString","coordinates":[[85.34684731206339,27.69571246135294],[85.3463883138467,27.695727447462957]]}},{"type":"Feature","properties":{},"geometry":{"type":"LineString","coordinates":[[85.34684731206339,27.69571246135294],[85.34694250169645,27.695584694105314],[85.34724346260758,27.695331006519005]]}},{"type":"Feature","properties":{},"geometry":{"type":"LineString","coordinates":[[85.34691086175863,27.695635132885446],[85.3466454231014,27.695451059030166]]}},{"type":"Feature","properties":{},"geometry":{"type":"LineString","coordinates":[[85.34584141697088,27.69460399364736],[85.34576608267476,27.694477513092945],[85.34570308047765,27.69430443383551],[85.34571218176751,27.693853245442938]]}},{"type":"Feature","properties":{},"geometry":{"type":"LineString","coordinates":[[85.34602268876395,27.69511319713333],[85.34606636443655,27.69491798727325],[85.34601843106617,27.694815670618965],[85.34584141697088,27.69460399364736]]}},{"type":"Feature","properties":{},"geometry":{"type":"LineString","coordinates":[[85.34587921767171,27.69458302942475],[85.34588462232487,27.69458026087263]]}},{"type":"Feature","properties":{},"geometry":{"type":"LineString","coordinates":[[85.34587921767171,27.69458302942475],[85.34576969613583,27.694367188286442],[85.34573508400699,27.694222292931283]]}},{"type":"Feature","properties":{},"geometry":{"type":"LineString","coordinates":[[85.34588462232487,27.69458026087263],[85.3461203323781,27.694909377128337],[85.34611771260815,27.69501871378578],[85.34605591590761,27.69512476045239]]}},{"type":"Feature","properties":{},"geometry":{"type":"LineString","coordinates":[[85.34588462232487,27.69458026087263],[85.34605710485236,27.694469930710305],[85.34622681450026,27.69440980068535]]}},{"type":"Feature","properties":{},"geometry":{"type":"LineString","coordinates":[[85.34622681450026,27.69440980068535],[85.3466838298889,27.694371404259783],[85.34701827106127,27.694316853070482]]}},{"type":"Feature","properties":{},"geometry":{"type":"LineString","coordinates":[[85.34584141697088,27.69460399364736],[85.34587921767171,27.69458302942475]]}},{"type":"Feature","properties":{},"geometry":{"type":"LineString","coordinates":[[85.34622681450026,27.69440980068535],[85.34615864950541,27.69423725743932]]}},{"type":"Feature","properties":{},"geometry":{"type":"LineString","coordinates":[[85.34615864950541,27.69423725743932],[85.3460420857089,27.69425654173187]]}},{"type":"Feature","properties":{},"geometry":{"type":"LineString","coordinates":[[85.34615864950541,27.69423725743932],[85.34641212924548,27.694185110792823],[85.34660496260108,27.694175726395297]]}},{"type":"Feature","properties":{},"geometry":{"type":"LineString","coordinates":[[85.34602268876395,27.69511319713333],[85.34605097592753,27.695121994681383]]}},{"type":"Feature","properties":{},"geometry":{"type":"LineString","coordinates":[[85.34605097592753,27.695121994681383],[85.34605591590761,27.69512476045239]]}},{"type":"Feature","properties":{},"geometry":{"type":"LineString","coordinates":[[85.34599519344512,27.695187460298545],[85.34602268876395,27.69511319713333]]}},{"type":"Feature","properties":{},"geometry":{"type":"LineString","coordinates":[[85.34605591590761,27.69512476045239],[85.34618971260383,27.695162014056873]]}},{"type":"Feature","properties":{},"geometry":{"type":"LineString","coordinates":[[85.34618971260383,27.695162014056873],[85.3463388113279,27.695186086167325]]}},{"type":"Feature","properties":{},"geometry":{"type":"LineString","coordinates":[[85.34599519344512,27.695187460298545],[85.34599110753332,27.69518601974986]]}},{"type":"Feature","properties":{},"geometry":{"type":"LineString","coordinates":[[85.34599110753332,27.69518601974986],[85.34589800023836,27.695172881836005],[85.34567474652638,27.695222824445214],[85.34546662976555,27.69522050013666]]}},{"type":"Feature","properties":{},"geometry":{"type":"LineString","coordinates":[[85.34585803604689,27.6954715335022],[85.34605097592753,27.695121994681383]]}},{"type":"Feature","properties":{},"geometry":{"type":"LineString","coordinates":[[85.34568227007237,27.695993784211595],[85.34571799732403,27.69567289271622],[85.34599519344512,27.695187460298545]]}},{"type":"Feature","properties":{},"geometry":{"type":"LineString","coordinates":[[85.34561736585489,27.696734018377406],[85.34562986301086,27.69629803003111],[85.34567640689765,27.696078320499737]]}},{"type":"Feature","properties":{},"geometry":{"type":"LineString","coordinates":[[85.34567295231285,27.696739980562434],[85.34567227569653,27.69640093248927],[85.34573576104536,27.69571069905251],[85.34585803604689,27.6954715335022]]}},{"type":"Feature","properties":{},"geometry":{"type":"LineString","coordinates":[[85.34568227007237,27.695993784211595],[85.34616673313577,27.695951527107738],[85.34614054075031,27.69575003485511]]}},{"type":"Feature","properties":{},"geometry":{"type":"LineString","coordinates":[[85.34585803604689,27.6954715335022],[85.34599229896226,27.69556322954615],[85.3460395159331,27.69563197255367]]}},{"type":"Feature","properties":{},"geometry":{"type":"LineString","coordinates":[[85.34599110753332,27.69518601974986],[85.34606207676903,27.69491896677324],[85.34601214672905,27.69481787088891],[85.3457787257845,27.694526004060616],[85.34569700169837,27.69430537658185],[85.3456939024876,27.693918099429474],[85.34574221103657,27.693499094302958],[85.34567946939154,27.693215168188498],[85.34557966225933,27.69299616219246],[85.34532334932916,27.692568331104248]]}},{"type":"Feature","properties":{},"geometry":{"type":"LineString","coordinates":[[85.34750026085966,27.69330629232877],[85.34742087497771,27.693170500442825]]}},{"type":"Feature","properties":{},"geometry":{"type":"LineString","coordinates":[[85.34742087497771,27.693170500442825],[85.34731547664268,27.69297638450742],[85.34710024948502,27.692720573856285],[85.3469986497892,27.692380595087368]]}},{"type":"Feature","properties":{},"geometry":{"type":"LineString","coordinates":[[85.3474339100621,27.693184595978924],[85.34740221998702,27.693127495780786]]}},{"type":"Feature","properties":{},"geometry":{"type":"LineString","coordinates":[[85.34779398429433,27.694001743140507],[85.34763803641813,27.693557449701704],[85.3474339100621,27.693184595978924]]}},{"type":"Feature","properties":{},"geometry":{"type":"LineString","coordinates":[[85.34757280334078,27.69342595056176],[85.34750026085966,27.69330629232877]]}},{"type":"Feature","properties":{},"geometry":{"type":"LineString","coordinates":[[85.3475915422936,27.693468100582546],[85.34757280334078,27.69342595056176]]}},{"type":"Feature","properties":{},"geometry":{"type":"LineString","coordinates":[[85.34774001436011,27.693862204930394],[85.3475915422936,27.693468100582546]]}},{"type":"Feature","properties":{},"geometry":{"type":"LineString","coordinates":[[85.3475915422936,27.693468100582546],[85.34711616082357,27.69363073872009]]}},{"type":"Feature","properties":{},"geometry":{"type":"LineString","coordinates":[[85.34742087497771,27.693170500442825],[85.34723198487333,27.693239909693254],[85.3470017223739,27.693264058954753]]}},{"type":"Feature","properties":{},"geometry":{"type":"LineString","coordinates":[[85.34740221998702,27.693127495780786],[85.34731817607016,27.69297535712715]]}},{"type":"Feature","properties":{},"geometry":{"type":"LineString","coordinates":[[85.34750026085966,27.69330629232877],[85.34773047140182,27.693190730828565],[85.34828689550403,27.692998825240576]]}},{"type":"Feature","properties":{},"geometry":{"type":"LineString","coordinates":[[85.34711616082357,27.69363073872009],[85.34714864025275,27.693752145515752]]}},{"type":"Feature","properties":{},"geometry":{"type":"LineString","coordinates":[[85.34711616082357,27.69363073872009],[85.34707643954053,27.693474415870885]]}},{"type":"Feature","properties":{},"geometry":{"type":"LineString","coordinates":[[85.34774001436011,27.693862204930394],[85.3473940215118,27.693895567052138]]}},{"type":"Feature","properties":{},"geometry":{"type":"LineString","coordinates":[[85.34787600806509,27.69372920433458],[85.34785193857901,27.693601340065683],[85.34776950869431,27.69348873930078],[85.3476490365572,27.693402968765476],[85.34757280334078,27.69342595056176]]}},{"type":"Feature","properties":{},"geometry":{"type":"LineString","coordinates":[[85.34787600806509,27.69372920433458],[85.34795547895958,27.69373598936874]]}},{"type":"Feature","properties":{},"geometry":{"type":"LineString","coordinates":[[85.34795547895958,27.69373598936874],[85.34803683843002,27.69341688781159],[85.34824384741134,27.693262788417183]]}},{"type":"Feature","properties":{},"geometry":{"type":"LineString","coordinates":[[85.34795547895958,27.69373598936874],[85.34821256336312,27.693828642296126]]}},{"type":"Feature","properties":{},"geometry":{"type":"LineString","coordinates":[[85.34787567778085,27.693983562996017],[85.34790295797482,27.693946909911435],[85.34786483579762,27.693824839350114],[85.34787600806509,27.69372920433458]]}},{"type":"Feature","properties":{},"geometry":{"type":"LineString","coordinates":[[85.34779398429433,27.694001743140507],[85.34787567778085,27.693983562996017]]}},{"type":"Feature","properties":{},"geometry":{"type":"LineString","coordinates":[[85.34787567778085,27.693983562996017],[85.34798693203129,27.694193140583636]]}},{"type":"Feature","properties":{},"geometry":{"type":"LineString","coordinates":[[85.34798693203129,27.694193140583636],[85.34810582651438,27.69432375985096]]}},{"type":"Feature","properties":{},"geometry":{"type":"LineString","coordinates":[[85.34810582651438,27.69432375985096],[85.34820176873015,27.69442968026396],[85.34834835604073,27.69453176598477],[85.34866837875906,27.694604634845838]]}},{"type":"Feature","properties":{},"geometry":{"type":"LineString","coordinates":[[85.34810582651438,27.69432375985096],[85.34797224447014,27.69451978957251]]}},{"type":"Feature","properties":{},"geometry":{"type":"LineString","coordinates":[[85.34883520602851,27.694507962454665],[85.34872862913777,27.69412755957719]]}},{"type":"Feature","properties":{},"geometry":{"type":"LineString","coordinates":[[85.34872862913777,27.69412755957719],[85.34868471592642,27.693980381461216]]}},{"type":"Feature","properties":{},"geometry":{"type":"LineString","coordinates":[[85.34872862913777,27.69412755957719],[85.34844497837648,27.694173601359473]]}},{"type":"Feature","properties":{},"geometry":{"type":"LineString","coordinates":[[85.34821256336312,27.693828642296126],[85.34828669293384,27.693849761887705]]}},{"type":"Feature","properties":{},"geometry":{"type":"LineString","coordinates":[[85.34828669293384,27.693849761887705],[85.34838459326048,27.693887499429753]]}},{"type":"Feature","properties":{},"geometry":{"type":"LineString","coordinates":[[85.34821256336312,27.693828642296126],[85.34834609429208,27.693619485813112],[85.34854850018286,27.693425353270595],[85.34845967167433,27.693288161371775]]}},{"type":"Feature","properties":{},"geometry":{"type":"LineString","coordinates":[[85.34828669293384,27.693849761887705],[85.34825497587185,27.694028912600373],[85.3483173551227,27.69414536881193]]}},{"type":"Feature","properties":{},"geometry":{"type":"LineString","coordinates":[[85.34838459326048,27.693887499429753],[85.34838723552552,27.69403931908061],[85.3483940359989,27.69406283955784],[85.34841785225969,27.694062898001494]]}},{"type":"Feature","properties":{},"geometry":{"type":"LineString","coordinates":[[85.34838459326048,27.693887499429753],[85.3484222559939,27.69389632980129],[85.34865449730844,27.69376167488112],[85.34885374371243,27.693683267769604]]}},{"type":"Feature","properties":{},"geometry":{"type":"LineString","coordinates":[[85.34885374371243,27.693683267769604],[85.34887796507853,27.693614094130453],[85.34887099018046,27.69344713387268],[85.34879442035827,27.693149985847473]]}},{"type":"Feature","properties":{},"geometry":{"type":"LineString","coordinates":[[85.3496438009899,27.69285764494959],[85.34938913013912,27.693000441577915],[85.34879442035827,27.693149985847473]]}},{"type":"Feature","properties":{},"geometry":{"type":"LineString","coordinates":[[85.34879442035827,27.693149985847473],[85.34863436023399,27.69300994995167],[85.34847107513679,27.692820606720804]]}},{"type":"Feature","properties":{},"geometry":{"type":"LineString","coordinates":[[85.34972181262232,27.692972263360254],[85.3496438009899,27.69285764494959]]}},{"type":"Feature","properties":{},"geometry":{"type":"LineString","coordinates":[[85.34989703239661,27.693150689299824],[85.34977087001086,27.69305571979553],[85.34972181262232,27.692972263360254]]}},{"type":"Feature","properties":{},"geometry":{"type":"LineString","coordinates":[[85.3496438009899,27.69285764494959],[85.34965380416544,27.69281427181985],[85.3500349539904,27.69259483675697]]}},{"type":"Feature","properties":{},"geometry":{"type":"LineString","coordinates":[[85.34972181262232,27.692972263360254],[85.34986418467538,27.692884364306938]]}},{"type":"Feature","properties":{},"geometry":{"type":"LineString","coordinates":[[85.34989703239661,27.693150689299824],[85.35036369546324,27.69280068877129]]}},{"type":"Feature","properties":{},"geometry":{"type":"LineString","coordinates":[[85.35013849590773,27.693309095941192],[85.34989703239661,27.693150689299824]]}},{"type":"Feature","properties":{},"geometry":{"type":"LineString","coordinates":[[85.35043045704802,27.6935214213659],[85.35013849590773,27.693309095941192]]}},{"type":"Feature","properties":{},"geometry":{"type":"LineString","coordinates":[[85.3500349539904,27.69259483675697],[85.35024122927724,27.69246274332815]]}},{"type":"Feature","properties":{},"geometry":{"type":"LineString","coordinates":[[85.3500349539904,27.69259483675697],[85.35012768637125,27.692699889977487],[85.35004932541982,27.692750002115012]]}},{"type":"Feature","properties":{},"geometry":{"type":"LineString","coordinates":[[85.35024122927724,27.69246274332815],[85.3503193327516,27.692542889389166],[85.35054346455658,27.69239453026752]]}},{"type":"Feature","properties":{},"geometry":{"type":"LineString","coordinates":[[85.35024122927724,27.69246274332815],[85.35019940225513,27.69239621308602],[85.3505583906411,27.692146830984257]]}},{"type":"Feature","properties":{},"geometry":{"type":"LineString","coordinates":[[85.34847107513679,27.692820606720804],[85.34840778670139,27.692772797122494]]}},{"type":"Feature","properties":{},"geometry":{"type":"LineString","coordinates":[[85.34840778670139,27.692772797122494],[85.34835656320654,27.692714762852123],[85.34825072201728,27.692329204879314]]}},{"type":"Feature","properties":{},"geometry":{"type":"LineString","coordinates":[[85.34847107513679,27.692820606720804],[85.34881777879733,27.692697666208563],[85.3488706468175,27.692798574164645]]}},{"type":"Feature","properties":{},"geometry":{"type":"LineString","coordinates":[[85.34825072201728,27.692329204879314],[85.34822157078801,27.692142248390386]]}},{"type":"Feature","properties":{},"geometry":{"type":"LineString","coordinates":[[85.34822157078801,27.692142248390386],[85.3482148894882,27.692050341796982]]}},{"type":"Feature","properties":{},"geometry":{"type":"LineString","coordinates":[[85.34822157078801,27.692142248390386],[85.348051087096,27.692160552790515]]}},{"type":"Feature","properties":{},"geometry":{"type":"LineString","coordinates":[[85.34825072201728,27.692329204879314],[85.3484594334433,27.692290260766747]]}},{"type":"Feature","properties":{},"geometry":{"type":"LineString","coordinates":[[85.3482148894882,27.692050341796982],[85.3480184233628,27.69182117232203],[85.34784742713434,27.691707902166282]]}},{"type":"Feature","properties":{},"geometry":{"type":"LineString","coordinates":[[85.3482148894882,27.692050341796982],[85.34827015002708,27.692037734320355],[85.34842985924811,27.691934626984896]]}},{"type":"Feature","properties":{},"geometry":{"type":"LineString","coordinates":[[85.34842985924811,27.691934626984896],[85.34827946737701,27.69169981948008],[85.3484399757474,27.691578682267068]]}},{"type":"Feature","properties":{},"geometry":{"type":"LineString","coordinates":[[85.34842985924811,27.691934626984896],[85.34844228909265,27.691928508795943]]}},{"type":"Feature","properties":{},"geometry":{"type":"LineString","coordinates":[[85.34844228909265,27.691928508795943],[85.34870223286158,27.691788220852704],[85.34873386796298,27.691731569228086]]}},{"type":"Feature","properties":{},"geometry":{"type":"LineString","coordinates":[[85.34844228909265,27.691928508795943],[85.34855160113332,27.69210108599229],[85.34871739731395,27.692032649481483]]}},{"type":"Feature","properties":{},"geometry":{"type":"LineString","coordinates":[[85.34784742713434,27.691707902166282],[85.34783635672348,27.6917003691256]]}},{"type":"Feature","properties":{},"geometry":{"type":"LineString","coordinates":[[85.34783635672348,27.6917003691256],[85.34758544312302,27.69163836514567],[85.34711686437242,27.69142226608635]]}},{"type":"Feature","properties":{},"geometry":{"type":"LineString","coordinates":[[85.34783635672348,27.6917003691256],[85.34778141412541,27.69158299600629],[85.34758662209312,27.69137554697503]]}},{"type":"Feature","properties":{},"geometry":{"type":"LineString","coordinates":[[85.34758662209312,27.69137554697503],[85.34728547946212,27.690762997160725],[85.34716745648745,27.69030539006948],[85.34697960360363,27.689993385325558]]}},{"type":"Feature","properties":{},"geometry":{"type":"LineString","coordinates":[[85.34731817607016,27.69297535712715],[85.34729626115455,27.69295201451545]]}},{"type":"Feature","properties":{},"geometry":{"type":"LineString","coordinates":[[85.34731817607016,27.69297535712715],[85.34758035032237,27.69290805069025]]}},{"type":"Feature","properties":{},"geometry":{"type":"LineString","coordinates":[[85.34729626115455,27.69295201451545],[85.34675414296912,27.69303193721059]]}},{"type":"Feature","properties":{},"geometry":{"type":"LineString","coordinates":[[85.34779534335185,27.69284932276222],[85.34775402103044,27.69270742546018],[85.34747816283415,27.692738323224244]]}},{"type":"Feature","properties":{},"geometry":{"type":"LineString","coordinates":[[85.34779534335185,27.69284932276222],[85.34805665259776,27.692797473976825]]}},{"type":"Feature","properties":{},"geometry":{"type":"LineString","coordinates":[[85.34805665259776,27.692797473976825],[85.3482282807177,27.69276484526003]]}},{"type":"Feature","properties":{},"geometry":{"type":"LineString","coordinates":[[85.34805665259776,27.692797473976825],[85.34800957657694,27.692580640230528]]}},{"type":"Feature","properties":{},"geometry":{"type":"LineString","coordinates":[[85.34675414296912,27.69303193721059],[85.34652487303838,27.69305066777025]]}},{"type":"Feature","properties":{},"geometry":{"type":"LineString","coordinates":[[85.34681168775593,27.69373708733645],[85.3467443067376,27.693325494895547],[85.34676144951929,27.6933102397142],[85.3467340766293,27.69317674181046],[85.34677198214656,27.69316607040441],[85.34675414296912,27.69303193721059]]}},{"type":"Feature","properties":{},"geometry":{"type":"LineString","coordinates":[[85.34681168775593,27.69373708733645],[85.34684187472713,27.693908527930162],[85.34670250112777,27.693926602704323]]}},{"type":"Feature","properties":{},"geometry":{"type":"LineString","coordinates":[[85.34636101165319,27.693794566882094],[85.34681168775593,27.69373708733645]]}},{"type":"Feature","properties":{},"geometry":{"type":"LineString","coordinates":[[85.34635889752263,27.69379524021083],[85.34636101165319,27.693794566882094]]}},{"type":"Feature","properties":{},"geometry":{"type":"LineString","coordinates":[[85.34571218176751,27.693853245442938],[85.34635889752263,27.69379524021083]]}},{"type":"Feature","properties":{},"geometry":{"type":"LineString","coordinates":[[85.34636101165319,27.693794566882094],[85.34638370183347,27.693961555972507]]}},{"type":"Feature","properties":{},"geometry":{"type":"LineString","coordinates":[[85.34635889752263,27.69379524021083],[85.34629733342462,27.69335551946079],[85.34605624330219,27.69338418416939]]}},{"type":"Feature","properties":{},"geometry":{"type":"LineString","coordinates":[[85.34729626115455,27.69295201451545],[85.34718003582371,27.692807661598945]]}},{"type":"Feature","properties":{},"geometry":{"type":"LineString","coordinates":[[85.34718003582371,27.692807661598945],[85.34710180928157,27.69271900397884],[85.34705479622993,27.692589647258952]]}},{"type":"Feature","properties":{},"geometry":{"type":"LineString","coordinates":[[85.34640963868809,27.69289572556374],[85.34718003582371,27.692807661598945]]}},{"type":"Feature","properties":{},"geometry":{"type":"LineString","coordinates":[[85.34559437880364,27.693019498482823],[85.34578186884723,27.69297640589215],[85.34640963868809,27.69289572556374]]}},{"type":"Feature","properties":{},"geometry":{"type":"LineString","coordinates":[[85.34638618195972,27.692694904060893],[85.34705479622993,27.692589647258952]]}},{"type":"Feature","properties":{},"geometry":{"type":"LineString","coordinates":[[85.34635462097543,27.69269917981724],[85.34638618195972,27.692694904060893]]}},{"type":"Feature","properties":{},"geometry":{"type":"LineString","coordinates":[[85.34635462097543,27.69269917981724],[85.34580370532093,27.692792625027547]]}},{"type":"Feature","properties":{},"geometry":{"type":"LineString","coordinates":[[85.34569042065337,27.692558766308082],[85.34629535607206,27.692501013783307],[85.34635462097543,27.69269917981724]]}},{"type":"Feature","properties":{},"geometry":{"type":"LineString","coordinates":[[85.34537229484319,27.69264195883569],[85.34569042065337,27.692558766308082]]}},{"type":"Feature","properties":{},"geometry":{"type":"LineString","coordinates":[[85.34565126144986,27.69236142329104],[85.34569042065337,27.692558766308082]]}},{"type":"Feature","properties":{},"geometry":{"type":"LineString","coordinates":[[85.34565126144986,27.69236142329104],[85.34548732115265,27.692407766535727]]}},{"type":"Feature","properties":{},"geometry":{"type":"LineString","coordinates":[[85.34635587770093,27.692302380242964],[85.34592458065778,27.692302444714237],[85.3456514226394,27.692361425216856]]}},{"type":"Feature","properties":{},"geometry":{"type":"LineString","coordinates":[[85.34695432956168,27.692211363106082],[85.34653568661534,27.69230503471185],[85.3463557165114,27.69230237831798]]}},{"type":"Feature","properties":{},"geometry":{"type":"LineString","coordinates":[[85.34705479622993,27.692589647258952],[85.34695432956168,27.692211363106082]]}},{"type":"Feature","properties":{},"geometry":{"type":"LineString","coordinates":[[85.3469986497892,27.692380595087368],[85.34734546998118,27.692328410958826],[85.34731192149079,27.691989213888093]]}},{"type":"Feature","properties":{},"geometry":{"type":"LineString","coordinates":[[85.3469986497892,27.692380595087368],[85.3468378608196,27.691832308398464]]}},{"type":"Feature","properties":{},"geometry":{"type":"LineString","coordinates":[[85.34695432956168,27.692211363106082],[85.34686851832633,27.691919471328646]]}},{"type":"Feature","properties":{},"geometry":{"type":"LineString","coordinates":[[85.3468378608196,27.691832308398464],[85.34746652560197,27.691826775051645]]}},{"type":"Feature","properties":{},"geometry":{"type":"LineString","coordinates":[[85.34686851832633,27.691919471328646],[85.3468282748437,27.691805263513857]]}},{"type":"Feature","properties":{},"geometry":{"type":"LineString","coordinates":[[85.3468282748437,27.691805263513857],[85.34680564173662,27.69176386205745]]}},{"type":"Feature","properties":{},"geometry":{"type":"LineString","coordinates":[[85.34680564173662,27.69176386205745],[85.34680016427349,27.691743951280152]]}},{"type":"Feature","properties":{},"geometry":{"type":"LineString","coordinates":[[85.34680016427349,27.691743951280152],[85.34674393661476,27.691606490518257]]}},{"type":"Feature","properties":{},"geometry":{"type":"LineString","coordinates":[[85.34674393661476,27.691606490518257],[85.34662041816263,27.691296135197785]]}},{"type":"Feature","properties":{},"geometry":{"type":"LineString","coordinates":[[85.3468378608196,27.691832308398464],[85.3468282748437,27.691805263513857]]}},{"type":"Feature","properties":{},"geometry":{"type":"LineString","coordinates":[[85.34684222560736,27.69184659199766],[85.3464356005751,27.69198189005727],[85.3460435237649,27.692002710919844],[85.34605701155722,27.69208556139586],[85.34558987108892,27.692163299289746]]}},{"type":"Feature","properties":{},"geometry":{"type":"LineString","coordinates":[[85.34674393661476,27.691606490518257],[85.34640735819688,27.691609506080272]]}},{"type":"Feature","properties":{},"geometry":{"type":"LineString","coordinates":[[85.34680564173662,27.69176386205745],[85.34655821843349,27.6918025941608],[85.34653586416844,27.691764092292214],[85.34604832226414,27.691789797771527]]}},{"type":"Feature","properties":{},"geometry":{"type":"LineString","coordinates":[[85.34604832226414,27.691789797771527],[85.34605585373052,27.691665104097524],[85.34602997113576,27.6916391127431],[85.345927050926,27.69162973329713]]}},{"type":"Feature","properties":{},"geometry":{"type":"LineString","coordinates":[[85.34604832226414,27.691789797771527],[85.34557373438936,27.69179667647476]]}},{"type":"Feature","properties":{},"geometry":{"type":"LineString","coordinates":[[85.34557373438936,27.69179667647476],[85.34557039799569,27.691650458837145]]}},{"type":"Feature","properties":{},"geometry":{"type":"LineString","coordinates":[[85.34557373438936,27.69179667647476],[85.34529188940644,27.691797473118147],[85.34503370404332,27.69185217093066]]}},{"type":"Feature","properties":{},"geometry":{"type":"LineString","coordinates":[[85.34557039799569,27.691650458837145],[85.34559488399248,27.690995289884924]]}},{"type":"Feature","properties":{},"geometry":{"type":"LineString","coordinates":[[85.34559488399248,27.690995289884924],[85.3456010163904,27.69093913488443]]}},{"type":"Feature","properties":{},"geometry":{"type":"LineString","coordinates":[[85.34557039799569,27.691650458837145],[85.3452611804616,27.69162808923567]]}},{"type":"Feature","properties":{},"geometry":{"type":"LineString","coordinates":[[85.34503370404332,27.69185217093066],[85.34499558947667,27.69182187151535]]}},{"type":"Feature","properties":{},"geometry":{"type":"LineString","coordinates":[[85.34499558947667,27.69182187151535],[85.34487522620758,27.691387233725163],[85.34488559526635,27.690990834706152],[85.34493494341676,27.690933385757024],[85.34507887317912,27.69091651514712],[85.34509166130363,27.69088086543773]]}},{"type":"Feature","properties":{},"geometry":{"type":"LineString","coordinates":[[85.34503370404332,27.69185217093066],[85.34515413703663,27.69204354297232],[85.34526778431338,27.692010757481658],[85.34528729426842,27.692047092815123],[85.34538334548849,27.69205249163107],[85.3454258350088,27.69219725376363]]}},{"type":"Feature","properties":{},"geometry":{"type":"LineString","coordinates":[[85.34509166130363,27.69088086543773],[85.34511812167558,27.690789734815745]]}},{"type":"Feature","properties":{},"geometry":{"type":"LineString","coordinates":[[85.34662041816263,27.691296135197785],[85.34658399603192,27.691282964350336]]}},{"type":"Feature","properties":{},"geometry":{"type":"LineString","coordinates":[[85.34658399603192,27.691282964350336],[85.34666469189376,27.690975517556804]]}},{"type":"Feature","properties":{},"geometry":{"type":"LineString","coordinates":[[85.34711686437242,27.69142226608635],[85.34662041816263,27.691296135197785]]}},{"type":"Feature","properties":{},"geometry":{"type":"LineString","coordinates":[[85.34635314315666,27.69119780800228],[85.34631158003063,27.691378811853355],[85.34624549614375,27.691376124560602]]}},{"type":"Feature","properties":{},"geometry":{"type":"LineString","coordinates":[[85.34635314315666,27.69119780800228],[85.34595594466134,27.69104604416123]]}},{"type":"Feature","properties":{},"geometry":{"type":"LineString","coordinates":[[85.34595594466134,27.69104604416123],[85.34593287752983,27.69126113267792]]}},{"type":"Feature","properties":{},"geometry":{"type":"LineString","coordinates":[[85.34595594466134,27.69104604416123],[85.34590336114704,27.691024556194588]]}},{"type":"Feature","properties":{},"geometry":{"type":"LineString","coordinates":[[85.34590336114704,27.691024556194588],[85.3456010163904,27.69093913488443]]}},{"type":"Feature","properties":{},"geometry":{"type":"LineString","coordinates":[[85.34590336114704,27.691024556194588],[85.34596148503829,27.69083147283556]]}},{"type":"Feature","properties":{},"geometry":{"type":"LineString","coordinates":[[85.34596148503829,27.69083147283556],[85.34602566340412,27.690633111411035]]}},{"type":"Feature","properties":{},"geometry":{"type":"LineString","coordinates":[[85.34596148503829,27.69083147283556],[85.34613117704457,27.69088763221713],[85.3461983020417,27.690675319904976]]}},{"type":"Feature","properties":{},"geometry":{"type":"LineString","coordinates":[[85.3456010163904,27.69093913488443],[85.34551924270765,27.690910719301435]]}},{"type":"Feature","properties":{},"geometry":{"type":"LineString","coordinates":[[85.34551924270765,27.690910719301435],[85.34529420825135,27.690855025157003]]}},{"type":"Feature","properties":{},"geometry":{"type":"LineString","coordinates":[[85.34529420825135,27.690855025157003],[85.34511812167558,27.690789734815745]]}},{"type":"Feature","properties":{},"geometry":{"type":"LineString","coordinates":[[85.34529420825135,27.690855025157003],[85.34527552715116,27.691251507249117]]}},{"type":"Feature","properties":{},"geometry":{"type":"LineString","coordinates":[[85.34551924270765,27.690910719301435],[85.3455828478138,27.690402171108868],[85.34557288367654,27.690240190563056]]}},{"type":"Feature","properties":{},"geometry":{"type":"LineString","coordinates":[[85.34557288367654,27.690240190563056],[85.34554619257919,27.69017545451618]]}},{"type":"Feature","properties":{},"geometry":{"type":"LineString","coordinates":[[85.34554619257919,27.69017545451618],[85.34539082859183,27.689867168154013],[85.34543266017887,27.689660075818335]]}},{"type":"Feature","properties":{},"geometry":{"type":"LineString","coordinates":[[85.34557288367654,27.690240190563056],[85.34531852891551,27.690273226554314]]}},{"type":"Feature","properties":{},"geometry":{"type":"LineString","coordinates":[[85.34543266017887,27.689660075818335],[85.34521576025209,27.689712810678657],[85.34514417756635,27.689556389983593]]}},{"type":"Feature","properties":{},"geometry":{"type":"LineString","coordinates":[[85.34543266017887,27.689660075818335],[85.34530739663164,27.689163723508795]]}},{"type":"Feature","properties":{},"geometry":{"type":"LineString","coordinates":[[85.34615569136706,27.6901845908999],[85.34590398381518,27.690135263536597],[85.34554619257919,27.69017545451618]]}},{"type":"Feature","properties":{},"geometry":{"type":"LineString","coordinates":[[85.34615569136706,27.6901845908999],[85.34614329694146,27.690306219216943],[85.34619799292233,27.690322142790272],[85.34617868628101,27.690493969901276]]}},{"type":"Feature","properties":{},"geometry":{"type":"LineString","coordinates":[[85.34678294051132,27.690271370347272],[85.3466275612812,27.690290875101674],[85.34615569136706,27.6901845908999]]}},{"type":"Feature","properties":{},"geometry":{"type":"LineString","coordinates":[[85.34682561279494,27.690504157810675],[85.34678294051132,27.690271370347272]]}},{"type":"Feature","properties":{},"geometry":{"type":"LineString","coordinates":[[85.34678294051132,27.690271370347272],[85.3468526261131,27.690060734479612]]}},{"type":"Feature","properties":{},"geometry":{"type":"LineString","coordinates":[[85.3468526261131,27.690060734479612],[85.34690127495135,27.689938561403842]]}},{"type":"Feature","properties":{},"geometry":{"type":"LineString","coordinates":[[85.3468526261131,27.690060734479612],[85.34673920650586,27.690056031028245],[85.34627604147732,27.68993256364702],[85.34632854565501,27.68971399519428],[85.34621705712776,27.689692328298307],[85.34624818226277,27.68954771895579],[85.34630258748055,27.689461410182506]]}},{"type":"Feature","properties":{},"geometry":{"type":"LineString","coordinates":[[85.34666634526279,27.690966996418087],[85.34682561279494,27.690504157810675]]}},{"type":"Feature","properties":{},"geometry":{"type":"LineString","coordinates":[[85.34666469189376,27.690975517556804],[85.34666634526279,27.690966996418087]]}},{"type":"Feature","properties":{},"geometry":{"type":"LineString","coordinates":[[85.34666469189376,27.690975517556804],[85.34713305541781,27.69109802593685]]}},{"type":"Feature","properties":{},"geometry":{"type":"LineString","coordinates":[[85.34666634526279,27.690966996418087],[85.34642053720576,27.690940718524804],[85.34650760036114,27.69064560996462]]}},{"type":"Feature","properties":{},"geometry":{"type":"LineString","coordinates":[[85.34682561279494,27.690504157810675],[85.3465759431143,27.69046627419443],[85.3465490932704,27.69052540400539],[85.34636417699886,27.690472361276754]]}},{"type":"Feature","properties":{},"geometry":{"type":"LineString","coordinates":[[85.34690127495135,27.689938561403842],[85.34691261909713,27.689903479117163]]}},{"type":"Feature","properties":{},"geometry":{"type":"LineString","coordinates":[[85.34691261909713,27.689903479117163],[85.34674346918386,27.689826485386757]]}},{"type":"Feature","properties":{},"geometry":{"type":"LineString","coordinates":[[85.34697960360363,27.689993385325558],[85.34690127495135,27.689938561403842]]}},{"type":"Feature","properties":{},"geometry":{"type":"LineString","coordinates":[[85.34697960360363,27.689993385325558],[85.3470470562112,27.68998404488131],[85.34746658649844,27.690389747889473]]}},{"type":"Feature","properties":{},"geometry":{"type":"LineString","coordinates":[[85.34691261909713,27.689903479117163],[85.34703695981014,27.6897734231726]]}},{"type":"Feature","properties":{},"geometry":{"type":"LineString","coordinates":[[85.34703695981014,27.6897734231726],[85.34695225061411,27.68968360234835]]}},{"type":"Feature","properties":{},"geometry":{"type":"LineString","coordinates":[[85.34695225061411,27.68968360234835],[85.34682502386548,27.68955472395232]]}},{"type":"Feature","properties":{},"geometry":{"type":"LineString","coordinates":[[85.34682502386548,27.68955472395232],[85.34675357298777,27.689456365173356],[85.3468060491241,27.689417847833496]]}},{"type":"Feature","properties":{},"geometry":{"type":"LineString","coordinates":[[85.34703695981014,27.6897734231726],[85.34713104405185,27.68984627498866],[85.3472120064494,27.68977606491435]]}},{"type":"Feature","properties":{},"geometry":{"type":"LineString","coordinates":[[85.3472120064494,27.68977606491435],[85.34730388835332,27.689704535607213],[85.34737126132057,27.689762067092396]]}},{"type":"Feature","properties":{},"geometry":{"type":"LineString","coordinates":[[85.34780216618927,27.69030447324322],[85.34752128609692,27.69002142784915],[85.3472120064494,27.68977606491435]]}},{"type":"Feature","properties":{},"geometry":{"type":"LineString","coordinates":[[85.34698424488167,27.68971828137647],[85.34706227061022,27.689657179219758],[85.34702548337386,27.68960144143439],[85.34706871708252,27.689563560083062]]}},{"type":"Feature","properties":{},"geometry":{"type":"LineString","coordinates":[[85.34682502386548,27.68955472395232],[85.34668443570526,27.689656669691885]]}},{"type":"Feature","properties":{},"geometry":{"type":"LineString","coordinates":[[85.3469986606076,27.689257599627688],[85.34711442976284,27.689151034059307],[85.34722857942552,27.689221644174808],[85.34732471018772,27.689350927292708],[85.3475406530855,27.68950531144745],[85.34774255325351,27.689761938005685]]}},{"type":"Feature","properties":{},"geometry":{"type":"LineString","coordinates":[[85.34774255325351,27.689761938005685],[85.34793104338814,27.689954500659088]]}},{"type":"Feature","properties":{},"geometry":{"type":"LineString","coordinates":[[85.34676023442304,27.68899646907399],[85.34688014202409,27.688932324472592]]}},{"type":"Feature","properties":{},"geometry":{"type":"LineString","coordinates":[[85.34688014202409,27.688932324472592],[85.3471530820191,27.688957615650146],[85.34743650946251,27.68906219459888],[85.34770443078895,27.689262638843076],[85.34800039804767,27.689670997763592]]}},{"type":"Feature","properties":{},"geometry":{"type":"LineString","coordinates":[[85.34688014202409,27.688932324472592],[85.3471264918488,27.688195913222277]]}},{"type":"Feature","properties":{},"geometry":{"type":"LineString","coordinates":[[85.3469986606076,27.689257599627688],[85.34677337437678,27.689092466500966],[85.346750482446,27.68906356775695],[85.34676023442304,27.68899646907399]]}},{"type":"Feature","properties":{},"geometry":{"type":"LineString","coordinates":[[85.34676023442304,27.68899646907399],[85.34662637438485,27.688890616742718],[85.34634810938766,27.689038787136727],[85.34608204580728,27.6891188424198]]}},{"type":"Feature","properties":{},"geometry":{"type":"LineString","coordinates":[[85.34608204580728,27.6891188424198],[85.34610574121288,27.689263268909755]]}},{"type":"Feature","properties":{},"geometry":{"type":"LineString","coordinates":[[85.34610574121288,27.689263268909755],[85.34622744012088,27.689243857977136],[85.34625377765573,27.68932439793914]]}},{"type":"Feature","properties":{},"geometry":{"type":"LineString","coordinates":[[85.34610574121288,27.689263268909755],[85.34613940780638,27.689462777387504],[85.34630258748055,27.689461410182506]]}},{"type":"Feature","properties":{},"geometry":{"type":"LineString","coordinates":[[85.34630258748055,27.689461410182506],[85.3465621467744,27.689492624186684],[85.34650084283545,27.68940198324804],[85.34664523031982,27.689303178813486],[85.3468060491241,27.689417847833496]]}},{"type":"Feature","properties":{},"geometry":{"type":"LineString","coordinates":[[85.34608204580728,27.6891188424198],[85.34576717576702,27.689138222034206]]}},{"type":"Feature","properties":{},"geometry":{"type":"LineString","coordinates":[[85.34576717576702,27.689138222034206],[85.34563284832146,27.689141705933363]]}},{"type":"Feature","properties":{},"geometry":{"type":"LineString","coordinates":[[85.3468060491241,27.689417847833496],[85.3469986606076,27.689257599627688]]}},{"type":"Feature","properties":{},"geometry":{"type":"LineString","coordinates":[[85.34576717576702,27.689138222034206],[85.34581398450463,27.689603241481933]]}},{"type":"Feature","properties":{},"geometry":{"type":"LineString","coordinates":[[85.34581398450463,27.689603241481933],[85.34583392888166,27.689703494566444]]}},{"type":"Feature","properties":{},"geometry":{"type":"LineString","coordinates":[[85.34581398450463,27.689603241481933],[85.34595796488122,27.689593181180697]]}},{"type":"Feature","properties":{},"geometry":{"type":"LineString","coordinates":[[85.34563284832146,27.689141705933363],[85.34530739663164,27.689163723508795]]}},{"type":"Feature","properties":{},"geometry":{"type":"LineString","coordinates":[[85.34563284832146,27.689141705933363],[85.34561057478585,27.689038321108296]]}},{"type":"Feature","properties":{},"geometry":{"type":"LineString","coordinates":[[85.34561057478585,27.689038321108296],[85.34602896822413,27.68890773981815],[85.34607928188446,27.688871089581177],[85.34607485176257,27.68881218194365]]}},{"type":"Feature","properties":{},"geometry":{"type":"LineString","coordinates":[[85.34561057478585,27.689038321108296],[85.3455744172515,27.68899595732668],[85.34560156129493,27.688952357868473],[85.34552693664486,27.688848865654865],[85.34578413597832,27.688680182023457]]}},{"type":"Feature","properties":{},"geometry":{"type":"LineString","coordinates":[[85.34530739663164,27.689163723508795],[85.34508435562424,27.689061946827877]]}},{"type":"Feature","properties":{},"geometry":{"type":"LineString","coordinates":[[85.34508435562424,27.689061946827877],[85.34498322365612,27.689049931906897]]}},{"type":"Feature","properties":{},"geometry":{"type":"LineString","coordinates":[[85.34498322365612,27.689049931906897],[85.34487215975263,27.689047971803955],[85.34486684531376,27.68900894859838]]}},{"type":"Feature","properties":{},"geometry":{"type":"LineString","coordinates":[[85.34486684531376,27.68900894859838],[85.34483717666465,27.688916675989528]]}},{"type":"Feature","properties":{},"geometry":{"type":"LineString","coordinates":[[85.34483717666465,27.688916675989528],[85.34475349300526,27.688853337177633]]}},{"type":"Feature","properties":{},"geometry":{"type":"LineString","coordinates":[[85.34486684531376,27.68900894859838],[85.34461249040594,27.689055952220347]]}},{"type":"Feature","properties":{},"geometry":{"type":"LineString","coordinates":[[85.34514417756635,27.689556389983593],[85.34482995171078,27.689642605693717],[85.34473606390101,27.689606384900443]]}},{"type":"Feature","properties":{},"geometry":{"type":"LineString","coordinates":[[85.34498322365612,27.689049931906897],[85.34504922087513,27.689369459738618],[85.34514417756635,27.689556389983593]]}},{"type":"Feature","properties":{},"geometry":{"type":"LineString","coordinates":[[85.34470279272686,27.68947345062845],[85.34450533737866,27.68950935581403],[85.34423827026073,27.689600929216528]]}},{"type":"Feature","properties":{},"geometry":{"type":"LineString","coordinates":[[85.34423827026073,27.689600929216528],[85.34411253373811,27.68966115506107]]}},{"type":"Feature","properties":{},"geometry":{"type":"LineString","coordinates":[[85.34461249040594,27.689055952220347],[85.34470279272686,27.68947345062845]]}},{"type":"Feature","properties":{},"geometry":{"type":"LineString","coordinates":[[85.34470279272686,27.68947345062845],[85.34473606390101,27.689606384900443]]}},{"type":"Feature","properties":{},"geometry":{"type":"LineString","coordinates":[[85.34473606390101,27.689606384900443],[85.34471471463586,27.689671244521595],[85.34472678405858,27.689743253817692]]}},{"type":"Feature","properties":{},"geometry":{"type":"LineString","coordinates":[[85.34472678405858,27.689743253817692],[85.34436216988898,27.68981853276307]]}},{"type":"Feature","properties":{},"geometry":{"type":"LineString","coordinates":[[85.3463388113279,27.695186086167325],[85.34639527658594,27.695226193150255]]}},{"type":"Feature","properties":{},"geometry":{"type":"LineString","coordinates":[[85.3463388113279,27.695186086167325],[85.34644890848443,27.69507648701795]]}},{"type":"Feature","properties":{},"geometry":{"type":"LineString","coordinates":[[85.34639527658594,27.695226193150255],[85.34623278921615,27.695483068111688]]}},{"type":"Feature","properties":{},"geometry":{"type":"LineString","coordinates":[[85.34639527658594,27.695226193150255],[85.3466454231014,27.695451059030166]]}},{"type":"Feature","properties":{},"geometry":{"type":"LineString","coordinates":[[85.3466454231014,27.695451059030166],[85.34678051660707,27.6953062236227]]}},{"type":"Feature","properties":{},"geometry":{"type":"LineString","coordinates":[[85.34678051660707,27.6953062236227],[85.34695447022852,27.695077159893952]]}},{"type":"Feature","properties":{},"geometry":{"type":"LineString","coordinates":[[85.34695447022852,27.695077159893952],[85.34701780228926,27.69498335623119],[85.3473113382604,27.69480893691611],[85.34738493545979,27.694773549809895],[85.34750486247131,27.694798053179007]]}},{"type":"Feature","properties":{},"geometry":{"type":"LineString","coordinates":[[85.34695447022852,27.695077159893952],[85.34680201347064,27.694910425752038],[85.3467021039966,27.694940719328166]]}},{"type":"Feature","properties":{},"geometry":{"type":"LineString","coordinates":[[85.34701827106127,27.694316853070482],[85.34705680106376,27.69430904112818]]}},{"type":"Feature","properties":{},"geometry":{"type":"LineString","coordinates":[[85.34705680106376,27.69430904112818],[85.34709450512932,27.69455995923213],[85.34719619022802,27.694543220362696]]}},{"type":"Feature","properties":{},"geometry":{"type":"LineString","coordinates":[[85.34705680106376,27.69430904112818],[85.34713260679608,27.694298799516414]]}},{"type":"Feature","properties":{},"geometry":{"type":"LineString","coordinates":[[85.34713260679608,27.694298799516414],[85.34709950237877,27.694110044736444],[85.34734716906708,27.69405616806246]]}},{"type":"Feature","properties":{},"geometry":{"type":"LineString","coordinates":[[85.34713260679608,27.694298799516414],[85.34753828370411,27.694208194635703],[85.34772015815179,27.694247614428438]]}},{"type":"Feature","properties":{},"geometry":{"type":"LineString","coordinates":[[85.34772457154452,27.69425605814814],[85.347807311521,27.694098653365867],[85.34774001436011,27.693862204930394]]}},{"type":"Feature","properties":{},"geometry":{"type":"LineString","coordinates":[[85.34773462846182,27.694250985758416],[85.34781001586929,27.694099253342436],[85.34779398429433,27.694001743140507]]}},{"type":"Feature","properties":{},"geometry":{"type":"LineString","coordinates":[[85.34772015815179,27.694247614428438],[85.34773462846182,27.694250985758416]]}},{"type":"Feature","properties":{},"geometry":{"type":"LineString","coordinates":[[85.34772015815179,27.694247614428438],[85.34772457154452,27.69425605814814]]}},{"type":"Feature","properties":{},"geometry":{"type":"LineString","coordinates":[[85.34750486247131,27.694798053179007],[85.34751795507616,27.694797168790316]]}},{"type":"Feature","properties":{},"geometry":{"type":"LineString","coordinates":[[85.34750486247131,27.694798053179007],[85.34751114996858,27.694805536389826]]}},{"type":"Feature","properties":{},"geometry":{"type":"LineString","coordinates":[[85.34751114996858,27.694805536389826],[85.34754702121266,27.694630663959565],[85.34772457154452,27.69425605814814]]}},{"type":"Feature","properties":{},"geometry":{"type":"LineString","coordinates":[[85.34751795507616,27.694797168790316],[85.34755667455573,27.694635692675867],[85.34773462846182,27.694250985758416]]}},{"type":"Feature","properties":{},"geometry":{"type":"LineString","coordinates":[[85.34740271995774,27.69635041432318],[85.34765432510204,27.696218976300333],[85.34834433791504,27.695669986265397],[85.34903953956054,27.695293738497774],[85.34917460287748,27.69518761629609],[85.34930856037448,27.69511628691441],[85.34967224443915,27.695021058629486],[85.34990260250555,27.694921611371807]]}},{"type":"Feature","properties":{},"geometry":{"type":"LineString","coordinates":[[85.34741864678863,27.696349736167168],[85.34770279382185,27.69619278855865],[85.34834582898884,27.695672645831017],[85.34894268063984,27.69535513783012],[85.34931144628547,27.69512261303326],[85.34967287143742,27.695025078864408],[85.34983845475952,27.694944222160373],[85.35031614184321,27.69484161404587]]}},{"type":"Feature","properties":{},"geometry":{"type":"LineString","coordinates":[[85.34826627162333,27.694887492842177],[85.34851916442557,27.69497386222986],[85.34880203686448,27.69518250675547],[85.3488483340626,27.695172612692847],[85.34892614273603,27.695008370234515]]}},{"type":"Feature","properties":{},"geometry":{"type":"LineString","coordinates":[[85.34892614273603,27.695008370234515],[85.34924183670377,27.69501418229713]]}},{"type":"Feature","properties":{},"geometry":{"type":"LineString","coordinates":[[85.34892614273603,27.695008370234515],[85.34889028799353,27.694830273767646]]}},{"type":"Feature","properties":{},"geometry":{"type":"LineString","coordinates":[[85.34889028799353,27.694830273767646],[85.34901265060594,27.694664335024925]]}},{"type":"Feature","properties":{},"geometry":{"type":"LineString","coordinates":[[85.34889028799353,27.694830273767646],[85.34866837875906,27.694604634845838]]}},{"type":"Feature","properties":{},"geometry":{"type":"LineString","coordinates":[[85.34901265060594,27.694664335024925],[85.34927839978731,27.694700162497767],[85.34943092907251,27.694689386604153],[85.34946274124277,27.694789689547573]]}},{"type":"Feature","properties":{},"geometry":{"type":"LineString","coordinates":[[85.34901265060594,27.694664335024925],[85.34903656903433,27.694591382369445],[85.34903196373826,27.694482422419995]]}},{"type":"Feature","properties":{},"geometry":{"type":"LineString","coordinates":[[85.34903196373826,27.694482422419995],[85.34903726472865,27.694481618271524]]}},{"type":"Feature","properties":{},"geometry":{"type":"LineString","coordinates":[[85.34883520602851,27.694507962454665],[85.34903196373826,27.694482422419995]]}},{"type":"Feature","properties":{},"geometry":{"type":"LineString","coordinates":[[85.34866837875906,27.694604634845838],[85.34883520602851,27.694507962454665]]}},{"type":"Feature","properties":{},"geometry":{"type":"LineString","coordinates":[[85.34903726472865,27.694481618271524],[85.34914981651696,27.69446957986978]]}},{"type":"Feature","properties":{},"geometry":{"type":"LineString","coordinates":[[85.34914981651696,27.69446957986978],[85.34937236850536,27.694463318600196]]}},{"type":"Feature","properties":{},"geometry":{"type":"LineString","coordinates":[[85.34903726472865,27.694481618271524],[85.34900974087962,27.694265646139137]]}},{"type":"Feature","properties":{},"geometry":{"type":"LineString","coordinates":[[85.34914981651696,27.69446957986978],[85.34913373285562,27.69415443778472]]}},{"type":"Feature","properties":{},"geometry":{"type":"LineString","coordinates":[[85.34937236850536,27.694463318600196],[85.34933934691155,27.69427574035174]]}},{"type":"Feature","properties":{},"geometry":{"type":"LineString","coordinates":[[85.34983520406139,27.694391998126832],[85.34986144580321,27.694712393177838]]}},{"type":"Feature","properties":{},"geometry":{"type":"LineString","coordinates":[[85.34986144580321,27.694712393177838],[85.34972143169578,27.69472703272856]]}},{"type":"Feature","properties":{},"geometry":{"type":"LineString","coordinates":[[85.34986144580321,27.694712393177838],[85.34986153135904,27.69479204652976],[85.34990260250555,27.694921611371807]]}},{"type":"Feature","properties":{},"geometry":{"type":"LineString","coordinates":[[85.34990260250555,27.694921611371807],[85.350363687836,27.694826403851724]]}},{"type":"Feature","properties":{},"geometry":{"type":"LineString","coordinates":[[85.35031614184321,27.69484161404587],[85.35036407931344,27.69483030936146]]}},{"type":"Feature","properties":{},"geometry":{"type":"LineString","coordinates":[[85.35036407931344,27.69483030936146],[85.350363687836,27.694826403851724]]}},{"type":"Feature","properties":{},"geometry":{"type":"LineString","coordinates":[[85.350363687836,27.694826403851724],[85.35036216665209,27.69482318165546]]}},{"type":"Feature","properties":{},"geometry":{"type":"LineString","coordinates":[[85.35036407931344,27.69483030936146],[85.35047973364843,27.69482868804464],[85.35065206139681,27.69471166133777],[85.35112672284754,27.694491957335796]]}},{"type":"Feature","properties":{},"geometry":{"type":"LineString","coordinates":[[85.35036216665209,27.69482318165546],[85.35047806219012,27.6948242654653],[85.35062387796927,27.694715569429828],[85.35112338433903,27.694486728785037]]}},{"type":"Feature","properties":{},"geometry":{"type":"LineString","coordinates":[[85.34937236850536,27.694463318600196],[85.3498285659426,27.694390625652378]]}},{"type":"Feature","properties":{},"geometry":{"type":"LineString","coordinates":[[85.3498285659426,27.694390625652378],[85.34983520406139,27.694391998126832]]}},{"type":"Feature","properties":{},"geometry":{"type":"LineString","coordinates":[[85.3498285659426,27.694390625652378],[85.34976706940307,27.694091004226454]]}},{"type":"Feature","properties":{},"geometry":{"type":"LineString","coordinates":[[85.34976706940307,27.694091004226454],[85.34968166784994,27.69376671260734]]}},{"type":"Feature","properties":{},"geometry":{"type":"LineString","coordinates":[[85.34976706940307,27.694091004226454],[85.34945316659034,27.6941444368793]]}},{"type":"Feature","properties":{},"geometry":{"type":"LineString","coordinates":[[85.35029638183492,27.69434423740653],[85.35028567290748,27.694319919516378]]}},{"type":"Feature","properties":{},"geometry":{"type":"LineString","coordinates":[[85.35028567290748,27.694319919516378],[85.35050899881685,27.694266145163237],[85.3505150693978,27.694318953815454],[85.35060774048569,27.69431766960517],[85.35097944978237,27.69424609998928]]}},{"type":"Feature","properties":{},"geometry":{"type":"LineString","coordinates":[[85.35028567290748,27.694319919516378],[85.35013547003918,27.693883560995786],[85.35003225386158,27.693662913469826]]}},{"type":"Feature","properties":{},"geometry":{"type":"LineString","coordinates":[[85.35029638183492,27.69434423740653],[85.34983520406139,27.694391998126832]]}},{"type":"Feature","properties":{},"geometry":{"type":"LineString","coordinates":[[85.35097944978237,27.69424609998928],[85.35093194883343,27.694086527383966]]}},{"type":"Feature","properties":{},"geometry":{"type":"LineString","coordinates":[[85.35097944978237,27.69424609998928],[85.35101576042746,27.694360962075198],[85.35111970206208,27.694483053951924]]}},{"type":"Feature","properties":{},"geometry":{"type":"LineString","coordinates":[[85.35112338433903,27.694486728785037],[85.35111970206208,27.694483053951924]]}},{"type":"Feature","properties":{},"geometry":{"type":"LineString","coordinates":[[85.35112672284754,27.694491957335796],[85.35112338433903,27.694486728785037]]}},{"type":"Feature","properties":{},"geometry":{"type":"LineString","coordinates":[[85.35112672284754,27.694491957335796],[85.35125976741101,27.69438725213851],[85.35145898635977,27.69411124163203],[85.35151056993826,27.69402677001391],[85.35154281373259,27.693831106978823],[85.35156693703604,27.693636557580042],[85.35152675549733,27.693370888360782],[85.35133368212097,27.693087184359296]]}},{"type":"Feature","properties":{},"geometry":{"type":"LineString","coordinates":[[85.35111970206208,27.694483053951924],[85.35125456202327,27.694384125074937],[85.35145735703712,27.69410016682431],[85.3515043808145,27.694024870457362],[85.35153333117134,27.693830697144282],[85.35156032655443,27.6936357090009],[85.35151924351622,27.69337362302606],[85.35132565887949,27.69309087956484]]}},{"type":"Feature","properties":{},"geometry":{"type":"LineString","coordinates":[[85.35033339795594,27.69453735602307],[85.35029638183492,27.69434423740653]]}},{"type":"Feature","properties":{},"geometry":{"type":"LineString","coordinates":[[85.35036216665209,27.69482318165546],[85.35033339795594,27.69453735602307]]}},{"type":"Feature","properties":{},"geometry":{"type":"LineString","coordinates":[[85.35033339795594,27.69453735602307],[85.35048483925912,27.694511724367526]]}},{"type":"Feature","properties":{},"geometry":{"type":"LineString","coordinates":[[85.35132225681136,27.693092446509805],[85.35130008463928,27.69302617948298],[85.35107903399394,27.692742560814228],[85.35097895321564,27.69255758599275],[85.35083150075927,27.692379762864682],[85.3505583906411,27.692146830984257]]}},{"type":"Feature","properties":{},"geometry":{"type":"LineString","coordinates":[[85.35133368212097,27.693087184359296],[85.35131043310673,27.693023954249487],[85.35108734895088,27.69273814253846],[85.35101356688264,27.692600746872333]]}},{"type":"Feature","properties":{},"geometry":{"type":"LineString","coordinates":[[85.35101356688264,27.692600746872333],[85.35083705452566,27.692375895670942],[85.35067861067878,27.69222961127251],[85.35039933659533,27.69206161137021],[85.34928350006541,27.691833334037646],[85.3489425043424,27.691789835913415],[85.34873526638854,27.691728996472296],[85.34858753557026,27.69165142905386]]}},{"type":"Feature","properties":{},"geometry":{"type":"LineString","coordinates":[[85.34858753557026,27.69165142905386],[85.3484423383138,27.691577330438243],[85.3481580833759,27.69126786518253],[85.34779289856374,27.69070553866752]]}},{"type":"Feature","properties":{},"geometry":{"type":"LineString","coordinates":[[85.35013849590773,27.693309095941192],[85.35101356688264,27.692600746872333]]}},{"type":"Feature","properties":{},"geometry":{"type":"LineString","coordinates":[[85.35131534750961,27.693095628787887],[85.35142813517064,27.693946539616707]]}},{"type":"Feature","properties":{},"geometry":{"type":"LineString","coordinates":[[85.35096697816982,27.693256075921393],[85.35131534750961,27.693095628787887]]}},{"type":"Feature","properties":{},"geometry":{"type":"LineString","coordinates":[[85.35096697816982,27.693256075921393],[85.35119153155686,27.693809168409818],[85.35118769799028,27.69389058385448],[85.35103984727249,27.693922750256675]]}},{"type":"Feature","properties":{},"geometry":{"type":"LineString","coordinates":[[85.35066107575916,27.693404919307735],[85.35096697816982,27.693256075921393]]}},{"type":"Feature","properties":{},"geometry":{"type":"LineString","coordinates":[[85.35043045704802,27.6935214213659],[85.35066107575916,27.693404919307735]]}},{"type":"Feature","properties":{},"geometry":{"type":"LineString","coordinates":[[85.35033642215707,27.69356530159811],[85.35043045704802,27.6935214213659]]}},{"type":"Feature","properties":{},"geometry":{"type":"LineString","coordinates":[[85.35066107575916,27.693404919307735],[85.35089027671259,27.693861632203966]]}},{"type":"Feature","properties":{},"geometry":{"type":"LineString","coordinates":[[85.35033642215707,27.69356530159811],[85.3505400166868,27.693978014517743]]}},{"type":"Feature","properties":{},"geometry":{"type":"LineString","coordinates":[[85.35003225386158,27.693662913469826],[85.35033642215707,27.69356530159811]]}},{"type":"Feature","properties":{},"geometry":{"type":"LineString","coordinates":[[85.35003225386158,27.693662913469826],[85.34987137554286,27.693725899093295]]}},{"type":"Feature","properties":{},"geometry":{"type":"LineString","coordinates":[[85.34987137554286,27.693725899093295],[85.34968166784994,27.69376671260734]]}},{"type":"Feature","properties":{},"geometry":{"type":"LineString","coordinates":[[85.34987137554286,27.693725899093295],[85.34977227997169,27.69351049650979],[85.34988924838036,27.693468132790855]]}},{"type":"Feature","properties":{},"geometry":{"type":"LineString","coordinates":[[85.34968166784994,27.69376671260734],[85.3489429930522,27.69389832790768],[85.34885374371243,27.693683267769604]]}},{"type":"Feature","properties":{},"geometry":{"type":"LineString","coordinates":[[85.34752994363433,27.694855240553167],[85.34775433773825,27.694806298607887],[85.34795903055448,27.694794897668768],[85.34826627162333,27.694887492842177]]}},{"type":"Feature","properties":{},"geometry":{"type":"LineString","coordinates":[[85.34752994363433,27.694855240553167],[85.34751795507616,27.694797168790316]]}},{"type":"Feature","properties":{},"geometry":{"type":"LineString","coordinates":[[85.3475219844725,27.69490064064932],[85.34752994363433,27.694855240553167]]}},{"type":"Feature","properties":{},"geometry":{"type":"LineString","coordinates":[[85.34739539819424,27.69511133852298],[85.347506578015,27.694928110156873],[85.34751114996858,27.694805536389826]]}},{"type":"Feature","properties":{},"geometry":{"type":"LineString","coordinates":[[85.34724346260758,27.695331006519005],[85.34734571761535,27.69521335158714],[85.34739539819424,27.69511133852298]]}},{"type":"Feature","properties":{},"geometry":{"type":"LineString","coordinates":[[85.34691086175863,27.695635132885446],[85.34703666807088,27.695501267911425],[85.34728799465847,27.695293853713245],[85.3475219844725,27.69490064064932]]}},{"type":"Feature","properties":{},"geometry":{"type":"LineString","coordinates":[[85.3475219844725,27.69490064064932],[85.34805565381153,27.695505595941718]]}},{"type":"Feature","properties":{},"geometry":{"type":"LineString","coordinates":[[85.34739539819424,27.69511133852298],[85.34781061362355,27.69557352631384]]}},{"type":"Feature","properties":{},"geometry":{"type":"LineString","coordinates":[[85.34724346260758,27.695331006519005],[85.34744981594304,27.69555683113857]]}},{"type":"Feature","properties":{},"geometry":{"type":"LineString","coordinates":[[85.34744981594304,27.69555683113857],[85.34729167195896,27.69569009659753]]}},{"type":"Feature","properties":{},"geometry":{"type":"LineString","coordinates":[[85.34744981594304,27.69555683113857],[85.34766435864223,27.69578968482326]]}},{"type":"Feature","properties":{},"geometry":{"type":"LineString","coordinates":[[85.3477692007361,27.690410012858717],[85.34780814182247,27.69030686320581]]}},{"type":"Feature","properties":{},"geometry":{"type":"LineString","coordinates":[[85.34780814182247,27.69030686320581],[85.34780216618927,27.69030447324322]]}},{"type":"Feature","properties":{},"geometry":{"type":"LineString","coordinates":[[85.3505583906411,27.692146830984257],[85.35039843626043,27.692063496012032],[85.34967083488006,27.691914496717754]]}},{"type":"Feature","properties":{},"geometry":{"type":"LineString","coordinates":[[85.34967083488006,27.691914496717754],[85.349534392142,27.692022711520814],[85.3494057461885,27.69208645994238]]}},{"type":"Feature","properties":{},"geometry":{"type":"LineString","coordinates":[[85.34967083488006,27.691914496717754],[85.34928268959524,27.691835309998574],[85.34894230357361,27.691792396777615]]}},{"type":"Feature","properties":{},"geometry":{"type":"LineString","coordinates":[[85.34894230357361,27.691792396777615],[85.34913507488773,27.69206468567578],[85.34915528885493,27.69208383521185],[85.34921546303882,27.69205376642692]]}},{"type":"Feature","properties":{},"geometry":{"type":"LineString","coordinates":[[85.34894230357361,27.691792396777615],[85.34873386796298,27.691731569228086]]}},{"type":"Feature","properties":{},"geometry":{"type":"LineString","coordinates":[[85.34873386796298,27.691731569228086],[85.3484399757474,27.691578682267068]]}},{"type":"Feature","properties":{},"geometry":{"type":"LineString","coordinates":[[85.34843997395436,27.691578801383017],[85.34815516912931,27.691269492925493],[85.3477347766486,27.690616451593776],[85.34774969672607,27.690455189515585],[85.34780216439565,27.69030459235915]]}},{"type":"Feature","properties":{},"geometry":{"type":"LineString","coordinates":[[85.34780814182247,27.69030686320581],[85.34789513226615,27.69013017074824],[85.34793104338814,27.689954500659088]]}},{"type":"Feature","properties":{},"geometry":{"type":"LineString","coordinates":[[85.34793104338814,27.689954500659088],[85.34800039804767,27.689670997763592]]}},{"type":"Feature","properties":{},"geometry":{"type":"LineString","coordinates":[[85.34800039804767,27.689670997763592],[85.3480689629578,27.68951986955511],[85.34811745855839,27.689282832213042],[85.34812016733856,27.688962132307307],[85.34808937819632,27.688771957546592]]}},{"type":"Feature","properties":{},"geometry":{"type":"LineString","coordinates":[[85.34808937819632,27.688771957546592],[85.34803566835988,27.68860172660421],[85.34794696426121,27.68843446275682],[85.34781689191779,27.688336608257853],[85.34773871961544,27.688294139968654],[85.3471264918488,27.688195913222277]]}},{"type":"Feature","properties":{},"geometry":{"type":"LineString","coordinates":[[85.3471264918488,27.688195913222277],[85.3461423781589,27.68801370436855],[85.3458348841352,27.68799180912285]]}},{"type":"Feature","properties":{},"geometry":{"type":"LineString","coordinates":[[85.3458348841352,27.68799180912285],[85.34570410869529,27.688235335839273]]}},{"type":"Feature","properties":{},"geometry":{"type":"LineString","coordinates":[[85.34570410869529,27.688235335839273],[85.34599352357456,27.68831048283914],[85.34611007833443,27.68838414251131]]}},{"type":"Feature","properties":{},"geometry":{"type":"LineString","coordinates":[[85.34611007833443,27.68838414251131],[85.34660461257324,27.688540503870342]]}},{"type":"Feature","properties":{},"geometry":{"type":"LineString","coordinates":[[85.34611007833443,27.68838414251131],[85.34604224819927,27.688477586247092],[85.3461642499686,27.688557836410418]]}},{"type":"Feature","properties":{},"geometry":{"type":"LineString","coordinates":[[85.34564845737708,27.688317958817077],[85.34570410869529,27.688235335839273]]}},{"type":"Feature","properties":{},"geometry":{"type":"LineString","coordinates":[[85.34564845737708,27.688317958817077],[85.34546823453108,27.68822235512783]]}},{"type":"Feature","properties":{},"geometry":{"type":"LineString","coordinates":[[85.3458348841352,27.68799180912285],[85.34556845964754,27.687826210725373]]}},{"type":"Feature","properties":{},"geometry":{"type":"LineString","coordinates":[[85.34556845964754,27.687826210725373],[85.34522133170302,27.68745016625567]]}},{"type":"Feature","properties":{},"geometry":{"type":"LineString","coordinates":[[85.34522133170302,27.68745016625567],[85.34516406031237,27.687281056068393],[85.34482017153593,27.68705466503717],[85.34475846314595,27.68697616333391],[85.34394830928996,27.68672183112372],[85.34368912720828,27.686711664526705],[85.34356450321201,27.686741582869207]]}},{"type":"Feature","properties":{},"geometry":{"type":"LineString","coordinates":[[85.34356450321201,27.686741582869207],[85.34366416211667,27.687061837024668],[85.34377730856356,27.687220054286378],[85.34396283228415,27.6873907528705],[85.34419746527885,27.68753356280236]]}},{"type":"Feature","properties":{},"geometry":{"type":"LineString","coordinates":[[85.34419746527885,27.68753356280236],[85.34427299586268,27.687584332034035]]}},{"type":"Feature","properties":{},"geometry":{"type":"LineString","coordinates":[[85.34427299586268,27.687584332034035],[85.34458087402984,27.687745995943683]]}},{"type":"Feature","properties":{},"geometry":{"type":"LineString","coordinates":[[85.34427299586268,27.687584332034035],[85.34404787163568,27.687782269168977]]}},{"type":"Feature","properties":{},"geometry":{"type":"LineString","coordinates":[[85.34419746527885,27.68753356280236],[85.34435010734343,27.687293773830874]]}},{"type":"Feature","properties":{},"geometry":{"type":"LineString","coordinates":[[85.34322941631686,27.686722294246188],[85.34331121083112,27.686709996180344],[85.34356450321201,27.686741582869207]]}},{"type":"Feature","properties":{},"geometry":{"type":"LineString","coordinates":[[85.34318058452185,27.68672916514627],[85.34322941631686,27.686722294246188]]}},{"type":"Feature","properties":{},"geometry":{"type":"LineString","coordinates":[[85.34262045530089,27.686852413487813],[85.34318058452185,27.68672916514627]]}},{"type":"Feature","properties":{},"geometry":{"type":"LineString","coordinates":[[85.34262045530089,27.686852413487813],[85.34262108490773,27.68685724878744]]}},{"type":"Feature","properties":{},"geometry":{"type":"LineString","coordinates":[[85.34155294613238,27.687094387689026],[85.34262045530089,27.686852413487813]]}},{"type":"Feature","properties":{},"geometry":{"type":"LineString","coordinates":[[85.34155294613238,27.687094387689026],[85.34155390366573,27.687096104983706]]}},{"type":"Feature","properties":{},"geometry":{"type":"LineString","coordinates":[[85.34155390366573,27.687096104983706],[85.34155455968784,27.68709764627972]]}},{"type":"Feature","properties":{},"geometry":{"type":"LineString","coordinates":[[85.34088421887263,27.687248440276694],[85.34155294613238,27.687094387689026]]}},{"type":"Feature","properties":{},"geometry":{"type":"LineString","coordinates":[[85.34088421887263,27.687248440276694],[85.34088499908565,27.687253837872056]]}},{"type":"Feature","properties":{},"geometry":{"type":"LineString","coordinates":[[85.34262108490773,27.68685724878744],[85.34322941631686,27.686722294246188]]}},{"type":"Feature","properties":{},"geometry":{"type":"LineString","coordinates":[[85.34222666466303,27.686945464813984],[85.34262108490773,27.68685724878744]]}},{"type":"Feature","properties":{},"geometry":{"type":"LineString","coordinates":[[85.34155455968784,27.68709764627972],[85.34222666466303,27.686945464813984]]}},{"type":"Feature","properties":{},"geometry":{"type":"LineString","coordinates":[[85.34088499908565,27.687253837872056],[85.34155390366573,27.687096104983706]]}},{"type":"Feature","properties":{},"geometry":{"type":"LineString","coordinates":[[85.34102811035105,27.68761911106879],[85.34088499908565,27.687253837872056]]}},{"type":"Feature","properties":{},"geometry":{"type":"LineString","coordinates":[[85.34102811035105,27.68761911106879],[85.34113451524189,27.687584483009832],[85.34125646118295,27.68757487840462]]}},{"type":"Feature","properties":{},"geometry":{"type":"LineString","coordinates":[[85.34094836032654,27.68812879368176],[85.34104466325732,27.68769698678038],[85.34102811035105,27.68761911106879]]}},{"type":"Feature","properties":{},"geometry":{"type":"LineString","coordinates":[[85.34532334932916,27.692568331104248],[85.34488316683668,27.69188183380547]]}},{"type":"Feature","properties":{},"geometry":{"type":"LineString","coordinates":[[85.34573770874997,27.693449083211956],[85.34568232872329,27.69321449835785],[85.34559437880364,27.693019498482823]]}},{"type":"Feature","properties":{},"geometry":{"type":"LineString","coordinates":[[85.34559437880364,27.693019498482823],[85.34555666736635,27.692954832037266]]}},{"type":"Feature","properties":{},"geometry":{"type":"LineString","coordinates":[[85.34555666736635,27.692954832037266],[85.34554462303826,27.692940814056797]]}},{"type":"Feature","properties":{},"geometry":{"type":"LineString","coordinates":[[85.34554462303826,27.692940814056797],[85.34537229484319,27.69264195883569]]}},{"type":"Feature","properties":{},"geometry":{"type":"LineString","coordinates":[[85.34537229484319,27.69264195883569],[85.34494791314458,27.691985238987396]]}},{"type":"Feature","properties":{},"geometry":{"type":"LineString","coordinates":[[85.34494791314458,27.691985238987396],[85.34488316683668,27.69188183380547]]}},{"type":"Feature","properties":{},"geometry":{"type":"LineString","coordinates":[[85.34488316683668,27.69188183380547],[85.34487447207098,27.691869611276807]]}},{"type":"Feature","properties":{},"geometry":{"type":"LineString","coordinates":[[85.34487447207098,27.691869611276807],[85.34484609113902,27.6918476666854]]}},{"type":"Feature","properties":{},"geometry":{"type":"LineString","coordinates":[[85.34484609113902,27.6918476666854],[85.34456061490104,27.691666162885756],[85.34442169990486,27.691507799644]]}},{"type":"Feature","properties":{},"geometry":{"type":"LineString","coordinates":[[85.34442169990486,27.691507799644],[85.34425649605984,27.691574500616557]]}},{"type":"Feature","properties":{},"geometry":{"type":"LineString","coordinates":[[85.34442169990486,27.691507799644],[85.34433522916517,27.69132318707517],[85.34434414239965,27.69104247643828]]}},{"type":"Feature","properties":{},"geometry":{"type":"LineString","coordinates":[[85.34434414239965,27.69104247643828],[85.34464149687588,27.691082861104093],[85.3446393868004,27.69112997630747]]}},{"type":"Feature","properties":{},"geometry":{"type":"LineString","coordinates":[[85.34434414239965,27.69104247643828],[85.3443036110327,27.69076766667435]]}},{"type":"Feature","properties":{},"geometry":{"type":"LineString","coordinates":[[85.3443036110327,27.69076766667435],[85.34429230508049,27.690692111322537]]}},{"type":"Feature","properties":{},"geometry":{"type":"LineString","coordinates":[[85.34429230508049,27.690692111322537],[85.34408021655393,27.690703476394717]]}},{"type":"Feature","properties":{},"geometry":{"type":"LineString","coordinates":[[85.34415346987757,27.69026189755024],[85.34401189720974,27.690171750632402],[85.34384966690054,27.690168194897126]]}},{"type":"Feature","properties":{},"geometry":{"type":"LineString","coordinates":[[85.34384966690054,27.690168194897126],[85.34377899966955,27.69016283332359]]}},{"type":"Feature","properties":{},"geometry":{"type":"LineString","coordinates":[[85.34384966690054,27.690168194897126],[85.34382866271449,27.690411000715567],[85.34394970450963,27.690435301017406]]}},{"type":"Feature","properties":{},"geometry":{"type":"LineString","coordinates":[[85.34374406179238,27.68983683605131],[85.34383045373836,27.690006045019157],[85.34377899966955,27.69016283332359]]}},{"type":"Feature","properties":{},"geometry":{"type":"LineString","coordinates":[[85.34377899966955,27.69016283332359],[85.34359211456906,27.69016297440189],[85.34340488867434,27.690228333342933]]}},{"type":"Feature","properties":{},"geometry":{"type":"LineString","coordinates":[[85.34340488867434,27.690228333342933],[85.3435283597399,27.69063705467448],[85.34364098254247,27.69063471944025],[85.34383445521286,27.690674128524496]]}},{"type":"Feature","properties":{},"geometry":{"type":"LineString","coordinates":[[85.34340488867434,27.690228333342933],[85.34324962933425,27.690285803474875],[85.34298859782376,27.690315641461364],[85.34291987967643,27.69025950160036],[85.34285134879964,27.690127322847992]]}},{"type":"Feature","properties":{},"geometry":{"type":"LineString","coordinates":[[85.3443036110327,27.69076766667435],[85.34423688847947,27.690806390832503],[85.34406526776648,27.690844782076677]]}},{"type":"Feature","properties":{},"geometry":{"type":"LineString","coordinates":[[85.34567755263534,27.696904784165824],[85.34567295231285,27.696739980562434]]}},{"type":"Feature","properties":{},"geometry":{"type":"LineString","coordinates":[[85.34571218176751,27.693853245442938],[85.34573770874997,27.693449083211956]]}},{"type":"Feature","properties":{},"geometry":{"type":"LineString","coordinates":[[85.34436216988898,27.68981853276307],[85.34422259207945,27.68983239234065]]}},{"type":"Feature","properties":{},"geometry":{"type":"LineString","coordinates":[[85.34499685046802,27.690761507564325],[85.34498030567362,27.690391146837232],[85.34487798414281,27.690206453439682]]}},{"type":"Feature","properties":{},"geometry":{"type":"LineString","coordinates":[[85.34487798414281,27.690206453439682],[85.34482599345016,27.690111360700087],[85.34478419611807,27.689947157514275]]}},{"type":"Feature","properties":{},"geometry":{"type":"LineString","coordinates":[[85.34478419611807,27.689947157514275],[85.34477598739143,27.689919932207314]]}},{"type":"Feature","properties":{},"geometry":{"type":"LineString","coordinates":[[85.34478419611807,27.689947157514275],[85.3446497691631,27.68996785817649]]}},{"type":"Feature","properties":{},"geometry":{"type":"LineString","coordinates":[[85.34487798414281,27.690206453439682],[85.34516242394503,27.69009995782583]]}},{"type":"Feature","properties":{},"geometry":{"type":"LineString","coordinates":[[85.34477598739143,27.689919932207314],[85.34472678405858,27.689743253817692]]}},{"type":"Feature","properties":{},"geometry":{"type":"LineString","coordinates":[[85.34477598739143,27.689919932207314],[85.34489059027257,27.6898987363472],[85.34488563901157,27.68986621858855],[85.34496400935836,27.68984305164403]]}},{"type":"Feature","properties":{},"geometry":{"type":"LineString","coordinates":[[85.34499685046802,27.690761507564325],[85.3447869361338,27.6907030789737],[85.34459889348682,27.6906180497084]]}},{"type":"Feature","properties":{},"geometry":{"type":"LineString","coordinates":[[85.34459889348682,27.6906180497084],[85.34445705397826,27.69056051835922],[85.34435045238307,27.69048884637471]]}},{"type":"Feature","properties":{},"geometry":{"type":"LineString","coordinates":[[85.34435045238307,27.69048884637471],[85.34420356307773,27.69034320929307],[85.34416166610222,27.690339661284007]]}},{"type":"Feature","properties":{},"geometry":{"type":"LineString","coordinates":[[85.34459889348682,27.6906180497084],[85.34463977242777,27.690465487681916],[85.3447360394383,27.690468988703024]]}},{"type":"Feature","properties":{},"geometry":{"type":"LineString","coordinates":[[85.34419562642252,27.69044369597797],[85.34416166610222,27.690339661284007]]}},{"type":"Feature","properties":{},"geometry":{"type":"LineString","coordinates":[[85.34429230508049,27.690692111322537],[85.34419562642252,27.69044369597797]]}},{"type":"Feature","properties":{},"geometry":{"type":"LineString","coordinates":[[85.34416166610222,27.690339661284007],[85.34416464644129,27.690299927658714]]}},{"type":"Feature","properties":{},"geometry":{"type":"LineString","coordinates":[[85.34416464644129,27.690299927658714],[85.34416506234479,27.690295279060432]]}},{"type":"Feature","properties":{},"geometry":{"type":"LineString","coordinates":[[85.34416506234479,27.690295279060432],[85.34415346987757,27.69026189755024]]}},{"type":"Feature","properties":{},"geometry":{"type":"LineString","coordinates":[[85.34416464644129,27.690299927658714],[85.34460387662737,27.690205834928356]]}},{"type":"Feature","properties":{},"geometry":{"type":"LineString","coordinates":[[85.34415346987757,27.69026189755024],[85.34421849742183,27.68998218821275],[85.34422259207945,27.68983239234065]]}},{"type":"Feature","properties":{},"geometry":{"type":"LineString","coordinates":[[85.34422259207945,27.68983239234065],[85.34411253373811,27.68966115506107]]}},{"type":"Feature","properties":{},"geometry":{"type":"LineString","coordinates":[[85.34411253373811,27.68966115506107],[85.3440885829547,27.68964588895946]]}},{"type":"Feature","properties":{},"geometry":{"type":"LineString","coordinates":[[85.3440885829547,27.68964588895946],[85.34392775904561,27.68947644437151],[85.34383236158662,27.689430037646172]]}},{"type":"Feature","properties":{},"geometry":{"type":"LineString","coordinates":[[85.3440885829547,27.68964588895946],[85.34374406179238,27.68983683605131]]}},{"type":"Feature","properties":{},"geometry":{"type":"LineString","coordinates":[[85.34374406179238,27.68983683605131],[85.34365011118304,27.689790953735805]]}},{"type":"Feature","properties":{},"geometry":{"type":"LineString","coordinates":[[85.34365011118304,27.689790953735805],[85.34355389049632,27.689573464077768]]}},{"type":"Feature","properties":{},"geometry":{"type":"LineString","coordinates":[[85.34365011118304,27.689790953735805],[85.34323880004068,27.689918252143954],[85.34317742890732,27.689912609780745],[85.34312505763866,27.68979293804748]]}},{"type":"Feature","properties":{},"geometry":{"type":"LineString","coordinates":[[85.34383236158662,27.689430037646172],[85.34377063344664,27.689422200783714]]}},{"type":"Feature","properties":{},"geometry":{"type":"LineString","coordinates":[[85.34383236158662,27.689430037646172],[85.34392603830496,27.689347532671952],[85.34406357391224,27.689275662522192]]}},{"type":"Feature","properties":{},"geometry":{"type":"LineString","coordinates":[[85.34406357391224,27.689275662522192],[85.34409019463261,27.68926355989488]]}},{"type":"Feature","properties":{},"geometry":{"type":"LineString","coordinates":[[85.34406357391224,27.689275662522192],[85.34396178272196,27.689070237746666]]}},{"type":"Feature","properties":{},"geometry":{"type":"LineString","coordinates":[[85.34409019463261,27.68926355989488],[85.34446431132078,27.689089915651802],[85.34461249040594,27.689055952220347]]}},{"type":"Feature","properties":{},"geometry":{"type":"LineString","coordinates":[[85.34355389049632,27.689573464077768],[85.34366703522878,27.689554548785544],[85.34377063344664,27.689422200783714]]}},{"type":"Feature","properties":{},"geometry":{"type":"LineString","coordinates":[[85.34312505763866,27.68979293804748],[85.34320211144541,27.68974336295984],[85.34323594154712,27.689661278752332],[85.34343837070232,27.689585287472557],[85.34355389049632,27.689573464077768]]}},{"type":"Feature","properties":{},"geometry":{"type":"LineString","coordinates":[[85.34377063344664,27.689422200783714],[85.34357696617461,27.689375276482444],[85.3434786840428,27.68930719626962],[85.3433363086057,27.689062352990625],[85.34327119999234,27.689005849443763]]}},{"type":"Feature","properties":{},"geometry":{"type":"LineString","coordinates":[[85.34302858719289,27.689821015673385],[85.34312505763866,27.68979293804748]]}},{"type":"Feature","properties":{},"geometry":{"type":"LineString","coordinates":[[85.34302858719289,27.689821015673385],[85.34296982387258,27.689676397515516]]}},{"type":"Feature","properties":{},"geometry":{"type":"LineString","coordinates":[[85.34286038439072,27.690079425920292],[85.34302858719289,27.689821015673385]]}},{"type":"Feature","properties":{},"geometry":{"type":"LineString","coordinates":[[85.34374156706076,27.6883669779427],[85.34340841855074,27.688014115043444]]}},{"type":"Feature","properties":{},"geometry":{"type":"LineString","coordinates":[[85.34340841855074,27.688014115043444],[85.34323400384922,27.687830676394547]]}},{"type":"Feature","properties":{},"geometry":{"type":"LineString","coordinates":[[85.34323400384922,27.687830676394547],[85.34323116614661,27.687827773223948]]}},{"type":"Feature","properties":{},"geometry":{"type":"LineString","coordinates":[[85.34323116614661,27.687827773223948],[85.34300803146081,27.6876152740242]]}},{"type":"Feature","properties":{},"geometry":{"type":"LineString","coordinates":[[85.34323116614661,27.687827773223948],[85.34279932481547,27.68805607713318]]}},{"type":"Feature","properties":{},"geometry":{"type":"LineString","coordinates":[[85.34323400384922,27.687830676394547],[85.34363267964382,27.68765892017615]]}},{"type":"Feature","properties":{},"geometry":{"type":"LineString","coordinates":[[85.34340841855074,27.688014115043444],[85.34302665657826,27.68822291340675]]}},{"type":"Feature","properties":{},"geometry":{"type":"LineString","coordinates":[[85.34300803146081,27.6876152740242],[85.34281111845696,27.687464463790167]]}},{"type":"Feature","properties":{},"geometry":{"type":"LineString","coordinates":[[85.34300803146081,27.6876152740242],[85.34258476855402,27.68784677929721]]}},{"type":"Feature","properties":{},"geometry":{"type":"LineString","coordinates":[[85.34281111845696,27.687464463790167],[85.34269993506811,27.687263551364016],[85.34262108490773,27.68685724878744]]}},{"type":"Feature","properties":{},"geometry":{"type":"LineString","coordinates":[[85.34281111845696,27.687464463790167],[85.34259742739877,27.687550724148025]]}},{"type":"Feature","properties":{},"geometry":{"type":"LineString","coordinates":[[85.3423315485671,27.688692053867534],[85.3428148512452,27.688352599556165]]}},{"type":"Feature","properties":{},"geometry":{"type":"LineString","coordinates":[[85.3428148512452,27.688352599556165],[85.34261592776126,27.68813592903461]]}},{"type":"Feature","properties":{},"geometry":{"type":"LineString","coordinates":[[85.3428148512452,27.688352599556165],[85.34295222589093,27.688491166364187],[85.34281918204347,27.68858184967392]]}},{"type":"Feature","properties":{},"geometry":{"type":"LineString","coordinates":[[85.34240914122331,27.688779410364095],[85.3423315485671,27.688692053867534]]}},{"type":"Feature","properties":{},"geometry":{"type":"LineString","coordinates":[[85.34310744822294,27.68900916479141],[85.34286024404571,27.689031182276764],[85.34270890033697,27.68901598803027],[85.3426150725967,27.68896916244142],[85.34240914122331,27.688779410364095]]}},{"type":"Feature","properties":{},"geometry":{"type":"LineString","coordinates":[[85.3423315485671,27.688692053867534],[85.34214959601559,27.688455545527788],[85.34209927347185,27.68834010928561]]}},{"type":"Feature","properties":{},"geometry":{"type":"LineString","coordinates":[[85.34240914122331,27.688779410364095],[85.34258350020238,27.68864540204284]]}},{"type":"Feature","properties":{},"geometry":{"type":"LineString","coordinates":[[85.34209927347185,27.68834010928561],[85.34206859034393,27.68837628185348],[85.34206103737803,27.688548296793538],[85.34193377574091,27.68865631882712]]}},{"type":"Feature","properties":{},"geometry":{"type":"LineString","coordinates":[[85.34209927347185,27.68834010928561],[85.34206344447705,27.68820738934252],[85.34203680973852,27.68818136752123]]}},{"type":"Feature","properties":{},"geometry":{"type":"LineString","coordinates":[[85.34203680973852,27.68818136752123],[85.34211991568387,27.688124424806237]]}},{"type":"Feature","properties":{},"geometry":{"type":"LineString","coordinates":[[85.34211991568387,27.688124424806237],[85.34233170882476,27.688043355675497]]}},{"type":"Feature","properties":{},"geometry":{"type":"LineString","coordinates":[[85.34203680973852,27.68818136752123],[85.34168671672597,27.688140896547743],[85.341582096655,27.688028956248075],[85.34150941819438,27.68779953837579]]}},{"type":"Feature","properties":{},"geometry":{"type":"LineString","coordinates":[[85.34150941819438,27.68779953837579],[85.34148434929945,27.687677307584732]]}},{"type":"Feature","properties":{},"geometry":{"type":"LineString","coordinates":[[85.34148434929945,27.687677307584732],[85.34147444956086,27.687524550857738]]}},{"type":"Feature","properties":{},"geometry":{"type":"LineString","coordinates":[[85.34147444956086,27.687524550857738],[85.3414883849825,27.68733628969702],[85.34155455968784,27.68709764627972]]}},{"type":"Feature","properties":{},"geometry":{"type":"LineString","coordinates":[[85.34148434929945,27.687677307584732],[85.3420578215898,27.68757910719988]]}},{"type":"Feature","properties":{},"geometry":{"type":"LineString","coordinates":[[85.34147444956086,27.687524550857738],[85.34177732711957,27.687475162740743]]}},{"type":"Feature","properties":{},"geometry":{"type":"LineString","coordinates":[[85.34211991568387,27.688124424806237],[85.34202359689966,27.68780715110954]]}},{"type":"Feature","properties":{},"geometry":{"type":"LineString","coordinates":[[85.34233170882476,27.688043355675497],[85.34224765054051,27.687867169061164]]}},{"type":"Feature","properties":{},"geometry":{"type":"LineString","coordinates":[[85.34233170882476,27.688043355675497],[85.342397738379,27.68806493368338],[85.34249860587843,27.687977978588656],[85.34246935437919,27.687906970194124],[85.34248280593158,27.687869246475042],[85.34235686459017,27.687655966347595],[85.3423733263133,27.68749770100403],[85.34240172016305,27.687456059450756],[85.34237040716722,27.687240833353886]]}},{"type":"Feature","properties":{},"geometry":{"type":"LineString","coordinates":[[85.34222666466303,27.686945464813984],[85.34235582548571,27.687164227791563],[85.34237040716722,27.687240833353886]]}},{"type":"Feature","properties":{},"geometry":{"type":"LineString","coordinates":[[85.34237040716722,27.687240833353886],[85.3419968907084,27.687357392693052]]}},{"type":"Feature","properties":{},"geometry":{"type":"LineString","coordinates":[[85.34327119999234,27.689005849443763],[85.34310744822294,27.68900916479141]]}},{"type":"Feature","properties":{},"geometry":{"type":"LineString","coordinates":[[85.34327119999234,27.689005849443763],[85.34343610355806,27.68884591474935],[85.34380625229845,27.688727959355266]]}},{"type":"Feature","properties":{},"geometry":{"type":"LineString","coordinates":[[85.34310744822294,27.68900916479141],[85.34306545033594,27.68905886868063],[85.34293336301054,27.689111818693778],[85.3426772564824,27.689154301236936],[85.34257265398564,27.68914934251621],[85.34238162438666,27.689225887780996]]}},{"type":"Feature","properties":{},"geometry":{"type":"LineString","coordinates":[[85.34249860587843,27.687977978588656],[85.34251441528438,27.687976804953767]]}},{"type":"Feature","properties":{},"geometry":{"type":"LineString","coordinates":[[85.34380625229845,27.688727959355266],[85.34390079245105,27.688896764812583]]}},{"type":"Feature","properties":{},"geometry":{"type":"LineString","coordinates":[[85.34380625229845,27.688727959355266],[85.34399455581818,27.68864629988147],[85.34402633907975,27.688612373848613]]}},{"type":"Feature","properties":{},"geometry":{"type":"LineString","coordinates":[[85.34393758230274,27.688578741958253],[85.34374156706076,27.6883669779427]]}},{"type":"Feature","properties":{},"geometry":{"type":"LineString","coordinates":[[85.34393758230274,27.688578741958253],[85.3444672430434,27.688252524187554]]}},{"type":"Feature","properties":{},"geometry":{"type":"LineString","coordinates":[[85.34475349300526,27.688853337177633],[85.34436726610367,27.68863286776593],[85.34412497561355,27.688598295637437],[85.34402633907975,27.688612373848613]]}},{"type":"Feature","properties":{},"geometry":{"type":"LineString","coordinates":[[85.3444672430434,27.688252524187554],[85.34435205803199,27.688094012307694]]}},{"type":"Feature","properties":{},"geometry":{"type":"LineString","coordinates":[[85.3444672430434,27.688252524187554],[85.3445870527447,27.68815201737681]]}},{"type":"Feature","properties":{},"geometry":{"type":"LineString","coordinates":[[85.3445870527447,27.68815201737681],[85.34461045056645,27.68813630831079]]}},{"type":"Feature","properties":{},"geometry":{"type":"LineString","coordinates":[[85.3445870527447,27.68815201737681],[85.34445214509336,27.68799786923132]]}},{"type":"Feature","properties":{},"geometry":{"type":"LineString","coordinates":[[85.34461045056645,27.68813630831079],[85.34472494070077,27.688290905423983]]}},{"type":"Feature","properties":{},"geometry":{"type":"LineString","coordinates":[[85.34461045056645,27.68813630831079],[85.34475128530595,27.688027615590965],[85.34500801849978,27.687749276368145]]}},{"type":"Feature","properties":{},"geometry":{"type":"LineString","coordinates":[[85.34500801849978,27.687749276368145],[85.34522133170302,27.68745016625567]]}},{"type":"Feature","properties":{},"geometry":{"type":"LineString","coordinates":[[85.34556845964754,27.687826210725373],[85.34536117235199,27.687778549527856],[85.34519064449115,27.68805019280286]]}},{"type":"Feature","properties":{},"geometry":{"type":"LineString","coordinates":[[85.34483717666465,27.688916675989528],[85.34501682910721,27.68877921413939],[85.34536264215468,27.68856489481129]]}},{"type":"Feature","properties":{},"geometry":{"type":"LineString","coordinates":[[85.34536264215468,27.68856489481129],[85.34525173583789,27.688405806581127],[85.34511836074164,27.688272113016264],[85.34496954681768,27.688384818274514]]}},{"type":"Feature","properties":{},"geometry":{"type":"LineString","coordinates":[[85.34536264215468,27.68856489481129],[85.34542504634547,27.68853540483686]]}},{"type":"Feature","properties":{},"geometry":{"type":"LineString","coordinates":[[85.34542504634547,27.68853540483686],[85.34558010932152,27.688424010240045],[85.34564845737708,27.688317958817077]]}},{"type":"Feature","properties":{},"geometry":{"type":"LineString","coordinates":[[85.34542504634547,27.68853540483686],[85.34548732468585,27.688610891324338]]}},{"type":"Feature","properties":{},"geometry":{"type":"LineString","coordinates":[[85.34511812167558,27.690789734815745],[85.34499685046802,27.690761507564325]]}},{"type":"Feature","properties":{},"geometry":{"type":"LineString","coordinates":[[85.34402633907975,27.688612373848613],[85.34393758230274,27.688578741958253]]}},{"type":"Feature","properties":{},"geometry":{"type":"LineString","coordinates":[[85.34572174374637,27.699230322169967],[85.34571403570499,27.69914322386671]]}},{"type":"Feature","properties":{},"geometry":{"type":"LineString","coordinates":[[85.34554717563344,27.697725205783943],[85.3455923909552,27.69748903412973]]}},{"type":"Feature","properties":{},"geometry":{"type":"LineString","coordinates":[[85.34567723048742,27.69607164873078],[85.34568227007237,27.695993784211595]]}},{"type":"Feature","properties":{},"geometry":{"type":"LineString","coordinates":[[85.34658399603192,27.691282964350336],[85.34635314315666,27.69119780800228]]}},{"type":"Feature","properties":{},"geometry":{"type":"LineString","coordinates":[[85.34285134879964,27.690127322847992],[85.34286038439072,27.690079425920292]]}},{"type":"Feature","properties":{},"geometry":{"type":"LineString","coordinates":[[85.34305294588079,27.69069024401537],[85.34284677945466,27.690482904327126],[85.34277153798264,27.690243271060442],[85.34285175846746,27.690126850299315]]}},{"type":"Feature","properties":{},"geometry":{"type":"LineString","coordinates":[[85.34286038439072,27.690079425920292],[85.34271620565397,27.689752215017528],[85.34238162438666,27.689225887780996]]}},{"type":"Feature","properties":{},"geometry":{"type":"LineString","coordinates":[[85.34238162438666,27.689225887780996],[85.34193377574091,27.68865631882712]]}},{"type":"Feature","properties":{},"geometry":{"type":"LineString","coordinates":[[85.34193377574091,27.68865631882712],[85.34177593118083,27.6885536523241],[85.34159669470442,27.688338251363565],[85.34146430963044,27.68821946202797],[85.34122463350337,27.68814219830175],[85.34101224793157,27.688167963634708],[85.3409472832192,27.688161676164015],[85.34094836032654,27.68812879368176]]}},{"type":"Feature","properties":{},"geometry":{"type":"LineString","coordinates":[[85.34301200180924,27.689844417207453],[85.34300491613851,27.68983940357185]]}},{"type":"Feature","properties":{},"geometry":{"type":"LineString","coordinates":[[85.34204899562441,27.6887943378329],[85.342061226468,27.688789644770488]]}},{"type":"Feature","properties":{},"geometry":{"type":"LineString","coordinates":[[85.34210211740867,27.688866712444923],[85.34211426790516,27.68885868077056]]}},{"type":"Feature","properties":{},"geometry":{"type":"LineString","coordinates":[[85.34216363255295,27.68894841162567],[85.34217499851913,27.688940766775335]]}},{"type":"Feature","properties":{},"geometry":{"type":"LineString","coordinates":[[85.3421831634409,27.688976750079334],[85.34219670857976,27.688967880375255]]}},{"type":"Feature","properties":{},"geometry":{"type":"LineString","coordinates":[[85.34223898965885,27.689048646173372],[85.34225165076101,27.6890409780115]]}},{"type":"Feature","properties":{},"geometry":{"type":"LineString","coordinates":[[85.3422407059217,27.689051149645845],[85.34225243962324,27.68904204976143]]}},{"type":"Feature","properties":{},"geometry":{"type":"LineString","coordinates":[[85.34231174635683,27.68913752701122],[85.34233622520514,27.689119357388297]]}},{"type":"Feature","properties":{},"geometry":{"type":"LineString","coordinates":[[85.34230338318127,27.689127146804857],[85.34233123544054,27.689110917441745]]}},{"type":"Feature","properties":{},"geometry":{"type":"LineString","coordinates":[[85.34239624440794,27.689245335026527],[85.34251320641896,27.689193862494548]]}},{"type":"Feature","properties":{},"geometry":{"type":"LineString","coordinates":[[85.34239778097108,27.68924691483826],[85.34245882533543,27.689219390168923]]}},{"type":"Feature","properties":{},"geometry":{"type":"LineString","coordinates":[[85.34251328564632,27.689411869113325],[85.3425340461401,27.689396607205744]]}},{"type":"Feature","properties":{},"geometry":{"type":"LineString","coordinates":[[85.34251560765584,27.689414881653214],[85.34253199786264,27.689401852703966]]}},{"type":"Feature","properties":{},"geometry":{"type":"LineString","coordinates":[[85.34255337182344,27.68947626600154],[85.34256842746224,27.689468153533873]]}},{"type":"Feature","properties":{},"geometry":{"type":"LineString","coordinates":[[85.342593095541,27.689543047602054],[85.34261176575126,27.68953635027446]]}},{"type":"Feature","properties":{},"geometry":{"type":"LineString","coordinates":[[85.34263683707022,27.68961878549011],[85.34265309214788,27.689611951847848]]}},{"type":"Feature","properties":{},"geometry":{"type":"LineString","coordinates":[[85.34265174199842,27.689644012468037],[85.34267357262455,27.68963395935359]]}},{"type":"Feature","properties":{},"geometry":{"type":"LineString","coordinates":[[85.3412670149356,27.68814971969989],[85.34127313694205,27.68813221308018]]}},{"type":"Feature","properties":{},"geometry":{"type":"LineString","coordinates":[[85.34132290475644,27.688168240753413],[85.3413308134173,27.68815334044571]]}},{"type":"Feature","properties":{},"geometry":{"type":"LineString","coordinates":[[85.34134224383061,27.68817369456547],[85.34134751233763,27.68815852074994]]}},{"type":"Feature","properties":{},"geometry":{"type":"LineString","coordinates":[[85.34151529097572,27.68825577312992],[85.341524928835,27.688248420821548]]}},{"type":"Feature","properties":{},"geometry":{"type":"LineString","coordinates":[[85.34159669470442,27.688338251363565],[85.34161270201989,27.688324120428515]]}},{"type":"Feature","properties":{},"geometry":{"type":"LineString","coordinates":[[85.34164063534006,27.688403624286376],[85.3416645141079,27.688390538900826]]}},{"type":"Feature","properties":{},"geometry":{"type":"LineString","coordinates":[[85.3416935464351,27.68847025266666],[85.34171735637698,27.688455214223467]]}},{"type":"Feature","properties":{},"geometry":{"type":"LineString","coordinates":[[85.3417916072622,27.68856439360127],[85.34180771557935,27.688549886586088]]}},{"type":"Feature","properties":{},"geometry":{"type":"LineString","coordinates":[[85.34181093753803,27.688577682318044],[85.34182342200774,27.688563786260254]]}},{"type":"Feature","properties":{},"geometry":{"type":"LineString","coordinates":[[85.34181196738342,27.68857830567878],[85.34182421329902,27.68856483096489]]}},{"type":"Feature","properties":{},"geometry":{"type":"LineString","coordinates":[[85.34758035032237,27.69290805069025],[85.34779534335185,27.69284932276222]]}},{"type":"Feature","properties":{},"geometry":{"type":"LineString","coordinates":[[85.34573037541338,27.699273125135985],[85.34572174374637,27.699230322169967]]}},{"type":"Feature","properties":{},"geometry":{"type":"LineString","coordinates":[[85.35132565887949,27.69309087956484],[85.35133368212097,27.693087184359296]]}},{"type":"Feature","properties":{},"geometry":{"type":"LineString","coordinates":[[85.35132225681136,27.693092446509805],[85.35132565887949,27.69309087956484]]}},{"type":"Feature","properties":{},"geometry":{"type":"LineString","coordinates":[[85.35131534750961,27.693095628787887],[85.35132225681136,27.693092446509805]]}},{"type":"Feature","properties":{},"geometry":{"type":"LineString","coordinates":[[85.34567640689765,27.696078320499737],[85.34567723048742,27.69607164873078]]}},{"type":"Feature","properties":{},"geometry":{"type":"LineString","coordinates":[[85.34677357103398,27.695995582323675],[85.34677016520946,27.695995033518358]]}},{"type":"Feature","properties":{},"geometry":{"type":"LineString","coordinates":[[85.34451255364505,27.69341128198393],[85.34453042500779,27.693414758387323]]}},{"type":"Feature","properties":{},"geometry":{"type":"LineString","coordinates":[[85.34449683842682,27.693501175329242],[85.3447202412405,27.69348314791315]]}},{"type":"Feature","properties":{},"geometry":{"type":"LineString","coordinates":[[85.34452189549526,27.69334864178058],[85.34454184952246,27.69334828827289]]}},{"type":"Feature","properties":{},"geometry":{"type":"LineString","coordinates":[[85.34452313048901,27.693213780631137],[85.3445472854782,27.6932128798571]]}},{"type":"Feature","properties":{},"geometry":{"type":"LineString","coordinates":[[85.34449599499595,27.693504388266437],[85.34467205833641,27.69354150328312]]}},{"type":"Feature","properties":{},"geometry":{"type":"LineString","coordinates":[[85.3449957850741,27.693892801423416],[85.3449984697791,27.693897524990525]]}},{"type":"Feature","properties":{},"geometry":{"type":"LineString","coordinates":[[85.34472669784496,27.69392308044336],[85.34472905875734,27.693928968049793]]}},{"type":"Feature","properties":{},"geometry":{"type":"LineString","coordinates":[[85.34445952337444,27.693626769982433],[85.34448298137241,27.693634435154717]]}},{"type":"Feature","properties":{},"geometry":{"type":"LineString","coordinates":[[85.3444284349988,27.693855434952415],[85.34444677192225,27.693855613586674]]}},{"type":"Feature","properties":{},"geometry":{"type":"LineString","coordinates":[[85.34501498812789,27.69585657207111],[85.3450125730573,27.695856824800394]]}},{"type":"Feature","properties":{},"geometry":{"type":"LineString","coordinates":[[85.34499090121442,27.69593773966723],[85.34498597698051,27.695939575267428]]}},{"type":"Feature","properties":{},"geometry":{"type":"LineString","coordinates":[[85.34501122042812,27.6958486233686],[85.3450224803596,27.695846833714114]]}},{"type":"Feature","properties":{},"geometry":{"type":"LineString","coordinates":[[85.34498677289011,27.69576497123997],[85.34499763170751,27.695760330136757]]}},{"type":"Feature","properties":{},"geometry":{"type":"LineString","coordinates":[[85.34499104696928,27.69578465468728],[85.34498734189542,27.695785795453133]]}},{"type":"Feature","properties":{},"geometry":{"type":"LineString","coordinates":[[85.34502029524002,27.696085091817732],[85.3450069745481,27.696086431735484]]}},{"type":"Feature","properties":{},"geometry":{"type":"LineString","coordinates":[[85.34502203214578,27.69611003029362],[85.34502400692757,27.696169877893535]]}},{"type":"Feature","properties":{},"geometry":{"type":"LineString","coordinates":[[85.34483702469817,27.695414498336756],[85.34482118199509,27.695376478390276]]}},{"type":"Feature","properties":{},"geometry":{"type":"LineString","coordinates":[[85.34485859501136,27.695407987036077],[85.34484295298395,27.69537104804298]]}},{"type":"Feature","properties":{},"geometry":{"type":"LineString","coordinates":[[85.3446947316313,27.69545784373072],[85.34469704192175,27.695466550311362]]}},{"type":"Feature","properties":{},"geometry":{"type":"LineString","coordinates":[[85.34467639325665,27.695460901662596],[85.34466165805989,27.695418770268017]]}},{"type":"Feature","properties":{},"geometry":{"type":"LineString","coordinates":[[85.3446873437333,27.69546113817877],[85.3446932500885,27.695480833025474]]}},{"type":"Feature","properties":{},"geometry":{"type":"LineString","coordinates":[[85.34494606356024,27.69550191176073],[85.3449353295186,27.695513069890904]]}},{"type":"Feature","properties":{},"geometry":{"type":"LineString","coordinates":[[85.34498423001288,27.69575091154233],[85.34497884959437,27.69575408469024]]}},{"type":"Feature","properties":{},"geometry":{"type":"LineString","coordinates":[[85.34499437625905,27.695634282025694],[85.34499987691572,27.695632548082962]]}},{"type":"Feature","properties":{},"geometry":{"type":"LineString","coordinates":[[85.34496432285738,27.69554146333343],[85.34497352956753,27.69553778355944]]}},{"type":"Feature","properties":{},"geometry":{"type":"LineString","coordinates":[[85.3449832836955,27.695605623306374],[85.34497967510917,27.69560769485638]]}},{"type":"Feature","properties":{},"geometry":{"type":"LineString","coordinates":[[85.34465810506097,27.69546600989232],[85.34465064453688,27.69542519835832]]}},{"type":"Feature","properties":{},"geometry":{"type":"LineString","coordinates":[[85.344994870237,27.694056683532814],[85.34499918873033,27.69406757212085]]}},{"type":"Feature","properties":{},"geometry":{"type":"LineString","coordinates":[[85.34488346459057,27.69410903040218],[85.34488492994397,27.694117218742722]]}},{"type":"Feature","properties":{},"geometry":{"type":"LineString","coordinates":[[85.34503825160455,27.69403505878294],[85.34506994621943,27.694017919928406]]}},{"type":"Feature","properties":{},"geometry":{"type":"LineString","coordinates":[[85.34530188702179,27.694054118037013],[85.34531329037426,27.69406102527598]]}},{"type":"Feature","properties":{},"geometry":{"type":"LineString","coordinates":[[85.34526952846873,27.694152249660906],[85.34526890963268,27.694160875198417]]}},{"type":"Feature","properties":{},"geometry":{"type":"LineString","coordinates":[[85.34477947833008,27.69412648015967],[85.34477955485332,27.694133303482413]]}},{"type":"Feature","properties":{},"geometry":{"type":"LineString","coordinates":[[85.34445649091683,27.69451320443375],[85.34448215684641,27.694514397620882]]}},{"type":"Feature","properties":{},"geometry":{"type":"LineString","coordinates":[[85.34453618843276,27.694143486441604],[85.34453950666808,27.694153866678537]]}},{"type":"Feature","properties":{},"geometry":{"type":"LineString","coordinates":[[85.3445959548169,27.694147923133862],[85.34459658127749,27.69414148367858]]}},{"type":"Feature","properties":{},"geometry":{"type":"LineString","coordinates":[[85.34520822515711,27.693709303257897],[85.34520461980678,27.693648715011225]]}},{"type":"Feature","properties":{},"geometry":{"type":"LineString","coordinates":[[85.34520873197067,27.693708373365887],[85.34522712811287,27.693666643389356]]}},{"type":"Feature","properties":{},"geometry":{"type":"LineString","coordinates":[[85.34500394174792,27.69389157035726],[85.34500487311378,27.69390128033898]]}},{"type":"Feature","properties":{},"geometry":{"type":"LineString","coordinates":[[85.34501626509937,27.693889917057078],[85.34501210982158,27.693860547008896]]}},{"type":"Feature","properties":{},"geometry":{"type":"LineString","coordinates":[[85.34520961457528,27.693711569931228],[85.34518632869009,27.69371211837755]]}},{"type":"Feature","properties":{},"geometry":{"type":"LineString","coordinates":[[85.3452957995738,27.694013553085988],[85.34527750154864,27.694017246986835]]}},{"type":"Feature","properties":{},"geometry":{"type":"LineString","coordinates":[[85.34529914509507,27.694027910287993],[85.34530356449821,27.694026799709455]]}},{"type":"Feature","properties":{},"geometry":{"type":"LineString","coordinates":[[85.34523217874617,27.693832815288236],[85.34523864305037,27.69382708370224]]}},{"type":"Feature","properties":{},"geometry":{"type":"LineString","coordinates":[[85.34521135534241,27.693723818543155],[85.34522380541623,27.69372391318111]]}},{"type":"Feature","properties":{},"geometry":{"type":"LineString","coordinates":[[85.34521997875466,27.693756715015823],[85.34535266849755,27.693742052944454]]}},{"type":"Feature","properties":{},"geometry":{"type":"LineString","coordinates":[[85.34445171452774,27.69446311874568],[85.3444773430182,27.694462962167176]]}},{"type":"Feature","properties":{},"geometry":{"type":"LineString","coordinates":[[85.34448388812443,27.69535330989206],[85.3445040019535,27.695349446474225]]}},{"type":"Feature","properties":{},"geometry":{"type":"LineString","coordinates":[[85.34475213147292,27.695971628350364],[85.34475605678455,27.695978337029196]]}},{"type":"Feature","properties":{},"geometry":{"type":"LineString","coordinates":[[85.34459315819511,27.695135570094635],[85.3446002869715,27.695142793626385]]}},{"type":"Feature","properties":{},"geometry":{"type":"LineString","coordinates":[[85.34485712135908,27.69504664809541],[85.34485656332018,27.695050434859947]]}},{"type":"Feature","properties":{},"geometry":{"type":"LineString","coordinates":[[85.3446980328293,27.695076245397733],[85.34469758050726,27.69508639823728]]}},{"type":"Feature","properties":{},"geometry":{"type":"LineString","coordinates":[[85.34474733961093,27.695964959854795],[85.34476231495714,27.695962488084]]}},{"type":"Feature","properties":{},"geometry":{"type":"LineString","coordinates":[[85.34463952132498,27.695678379815742],[85.34466406840299,27.69567269838473]]}},{"type":"Feature","properties":{},"geometry":{"type":"LineString","coordinates":[[85.34447750539223,27.69554014439898],[85.34451400819404,27.69553547871641]]}},{"type":"Feature","properties":{},"geometry":{"type":"LineString","coordinates":[[85.3446851834138,27.69581664646134],[85.34469311285375,27.695816439808308]]}},{"type":"Feature","properties":{},"geometry":{"type":"LineString","coordinates":[[85.34470435989299,27.69587255518762],[85.34470912547596,27.69587377465142]]}},{"type":"Feature","properties":{},"geometry":{"type":"LineString","coordinates":[[85.3446878834991,27.695819815117538],[85.34469279166795,27.69582354628941]]}},{"type":"Feature","properties":{},"geometry":{"type":"LineString","coordinates":[[85.34447523848486,27.694828784625724],[85.34450258862006,27.694831528680737]]}},{"type":"Feature","properties":{},"geometry":{"type":"LineString","coordinates":[[85.34448674122518,27.694962816968612],[85.34449350775598,27.6949568868631]]}},{"type":"Feature","properties":{},"geometry":{"type":"LineString","coordinates":[[85.34446679873656,27.694718285096062],[85.34449472860369,27.694712981690188]]}},{"type":"Feature","properties":{},"geometry":{"type":"LineString","coordinates":[[85.34448761008089,27.69497075358756],[85.34449691824693,27.69497116633493]]}},{"type":"Feature","properties":{},"geometry":{"type":"LineString","coordinates":[[85.34495208851916,27.695047521561047],[85.34495334962884,27.69492911700581]]}},{"type":"Feature","properties":{},"geometry":{"type":"LineString","coordinates":[[85.34495712186019,27.6950469869429],[85.34497425961759,27.694996074732178]]}},{"type":"Feature","properties":{},"geometry":{"type":"LineString","coordinates":[[85.34449223196668,27.69502483032432],[85.34451032682313,27.695021913009022]]}},{"type":"Feature","properties":{},"geometry":{"type":"LineString","coordinates":[[85.34495674313025,27.69504587859199],[85.34500061838736,27.695025216480456]]}},{"type":"Feature","properties":{},"geometry":{"type":"LineString","coordinates":[[85.34546662976555,27.69522050013666],[85.34545076474394,27.695215611856185]]}},{"type":"Feature","properties":{},"geometry":{"type":"LineString","coordinates":[[85.34538763132808,27.699259959527534],[85.345386192949,27.699258581285704]]}},{"type":"Feature","properties":{},"geometry":{"type":"LineString","coordinates":[[85.345386509912,27.699287781788197],[85.34538763132808,27.699259959527534]]}},{"type":"Feature","properties":{},"geometry":{"type":"LineString","coordinates":[[85.3449182186674,27.69939548543542],[85.34484874324976,27.699421016639942]]}},{"type":"Feature","properties":{},"geometry":{"type":"LineString","coordinates":[[85.3446829248091,27.699175848263202],[85.34458728179193,27.699166845241177]]}},{"type":"Feature","properties":{},"geometry":{"type":"LineString","coordinates":[[85.34469349997671,27.69921696869223],[85.34468815709273,27.699218784829803]]}},{"type":"Feature","properties":{},"geometry":{"type":"LineString","coordinates":[[85.34468131341731,27.699172496768487],[85.34467759657942,27.6991549915248]]}},{"type":"Feature","properties":{},"geometry":{"type":"LineString","coordinates":[[85.34460753152605,27.699506681296956],[85.34460233882803,27.699498276904198]]}},{"type":"Feature","properties":{},"geometry":{"type":"LineString","coordinates":[[85.34467987631515,27.699171034597377],[85.34465462790583,27.699132093487847]]}},{"type":"Feature","properties":{},"geometry":{"type":"LineString","coordinates":[[85.34469930209059,27.699231554737743],[85.34470413844706,27.699229639580544]]}},{"type":"Feature","properties":{},"geometry":{"type":"LineString","coordinates":[[85.34497465176673,27.69913548991594],[85.3449576050475,27.69914228363185]]}},{"type":"Feature","properties":{},"geometry":{"type":"LineString","coordinates":[[85.34497764869927,27.699138479800688],[85.34494914976129,27.699149703533543]]}},{"type":"Feature","properties":{},"geometry":{"type":"LineString","coordinates":[[85.34495232964012,27.69907471315662],[85.34494811496253,27.699060226424955]]}},{"type":"Feature","properties":{},"geometry":{"type":"LineString","coordinates":[[85.34476694320914,27.69930263629246],[85.34476725131083,27.699297137106296]]}},{"type":"Feature","properties":{},"geometry":{"type":"LineString","coordinates":[[85.34483260467414,27.699390944657235],[85.34482420949082,27.69939357361123]]}},{"type":"Feature","properties":{},"geometry":{"type":"LineString","coordinates":[[85.34438254211177,27.69965445830307],[85.34437739162668,27.699649707041335]]}},{"type":"Feature","properties":{},"geometry":{"type":"LineString","coordinates":[[85.34468978360823,27.699464828670525],[85.34468371263524,27.69945898605744]]}},{"type":"Feature","properties":{},"geometry":{"type":"LineString","coordinates":[[85.34520183533243,27.69912403817165],[85.345208944792,27.699127251400185]]}},{"type":"Feature","properties":{},"geometry":{"type":"LineString","coordinates":[[85.34512596046032,27.698930690524108],[85.34509976035454,27.69892578515308]]}},{"type":"Feature","properties":{},"geometry":{"type":"LineString","coordinates":[[85.34529053286573,27.69454840346197],[85.34508069660359,27.694588229914906]]}},{"type":"Feature","properties":{},"geometry":{"type":"LineString","coordinates":[[85.34529441020136,27.694531133390477],[85.34530660485254,27.694528874719758]]}},{"type":"Feature","properties":{},"geometry":{"type":"LineString","coordinates":[[85.34529057957349,27.694550684775088],[85.34505202013065,27.694598061657864]]}},{"type":"Feature","properties":{},"geometry":{"type":"LineString","coordinates":[[85.34533516865851,27.69464610498873],[85.34520163987874,27.694675581434375]]}},{"type":"Feature","properties":{},"geometry":{"type":"LineString","coordinates":[[85.34528855508256,27.694503331531408],[85.34528504014632,27.69450397005126]]}},{"type":"Feature","properties":{},"geometry":{"type":"LineString","coordinates":[[85.34545022293095,27.694233468241322],[85.34545276996236,27.694232800099876]]}},{"type":"Feature","properties":{},"geometry":{"type":"LineString","coordinates":[[85.34525315851083,27.694352737901983],[85.34524919205376,27.69434855679983]]}},{"type":"Feature","properties":{},"geometry":{"type":"LineString","coordinates":[[85.34495249135864,27.694398186409906],[85.34494604787493,27.69439951015419]]}},{"type":"Feature","properties":{},"geometry":{"type":"LineString","coordinates":[[85.34542709682242,27.694981765109322],[85.34542125383349,27.694983946256798]]}},{"type":"Feature","properties":{},"geometry":{"type":"LineString","coordinates":[[85.34536390462745,27.694888125379226],[85.34535840967773,27.694891030019175]]}},{"type":"Feature","properties":{},"geometry":{"type":"LineString","coordinates":[[85.34557189546337,27.69491959992284],[85.34558364541532,27.694937485442708]]}},{"type":"Feature","properties":{},"geometry":{"type":"LineString","coordinates":[[85.34562639844904,27.69489655820183],[85.34561942865135,27.69489223652804]]}},{"type":"Feature","properties":{},"geometry":{"type":"LineString","coordinates":[[85.34562503803168,27.69489761147399],[85.34562766540994,27.69490990497149]]}},{"type":"Feature","properties":{},"geometry":{"type":"LineString","coordinates":[[85.34530272696797,27.69479739877416],[85.34529275484223,27.694799326592957]]}},{"type":"Feature","properties":{},"geometry":{"type":"LineString","coordinates":[[85.34534883551218,27.69470812126761],[85.3453678636233,27.694704433378266]]}},{"type":"Feature","properties":{},"geometry":{"type":"LineString","coordinates":[[85.34545801498035,27.694706594645915],[85.34547846871219,27.69458800964517]]}},{"type":"Feature","properties":{},"geometry":{"type":"LineString","coordinates":[[85.34529230691464,27.694779546273914],[85.34528457363716,27.694776836447247]]}},{"type":"Feature","properties":{},"geometry":{"type":"LineString","coordinates":[[85.34534553541866,27.69474480045002],[85.34535919862091,27.694762892070244]]}},{"type":"Feature","properties":{},"geometry":{"type":"LineString","coordinates":[[85.34546739134859,27.694140831225642],[85.34547246482816,27.69414153176145]]}},{"type":"Feature","properties":{},"geometry":{"type":"LineString","coordinates":[[85.34550130470409,27.694045418571125],[85.34551162977398,27.69404280810818]]}},{"type":"Feature","properties":{},"geometry":{"type":"LineString","coordinates":[[85.34563509519405,27.694891591563064],[85.34563316048457,27.694885005070606]]}},{"type":"Feature","properties":{},"geometry":{"type":"LineString","coordinates":[[85.34388999120608,27.698513969854602],[85.34387608208883,27.698349496306403]]}},{"type":"Feature","properties":{},"geometry":{"type":"LineString","coordinates":[[85.34388775504556,27.698514256291705],[85.34388999120608,27.698513969854602]]}},{"type":"Feature","properties":{},"geometry":{"type":"LineString","coordinates":[[85.34412013096467,27.692257850102685],[85.3441231349819,27.692256191931794]]}},{"type":"Feature","properties":{},"geometry":{"type":"LineString","coordinates":[[85.34345005811055,27.69120308185797],[85.34341938003001,27.691154343355038]]}},{"type":"Feature","properties":{},"geometry":{"type":"LineString","coordinates":[[85.34502412370121,27.69535655162404],[85.34500348665966,27.695310679931847]]}},{"type":"Feature","properties":{},"geometry":{"type":"LineString","coordinates":[[85.3450158230613,27.695359723263575],[85.34499467117587,27.695310944607016]]}},{"type":"Feature","properties":{},"geometry":{"type":"LineString","coordinates":[[85.34492378022854,27.695390620399966],[85.34492691667575,27.6953980669592]]}},{"type":"Feature","properties":{},"geometry":{"type":"LineString","coordinates":[[85.34517642820198,27.69529366971043],[85.34516409861972,27.695260436515188]]}},{"type":"Feature","properties":{},"geometry":{"type":"LineString","coordinates":[[85.34526061115908,27.695566971932013],[85.34526080150253,27.69557297348499]]}},{"type":"Feature","properties":{},"geometry":{"type":"LineString","coordinates":[[85.34527369698888,27.695564862912217],[85.34527377325733,27.69557230989634]]}},{"type":"Feature","properties":{},"geometry":{"type":"LineString","coordinates":[[85.34517093315176,27.695580101829584],[85.34515392187976,27.69558041657762]]}},{"type":"Feature","properties":{},"geometry":{"type":"LineString","coordinates":[[85.34553638504048,27.69569673521608],[85.34552574001009,27.6956925817203]]}},{"type":"Feature","properties":{},"geometry":{"type":"LineString","coordinates":[[85.3455349046698,27.695698076773475],[85.34552486974428,27.695693675145087]]}},{"type":"Feature","properties":{},"geometry":{"type":"LineString","coordinates":[[85.34536107539378,27.695554682089814],[85.34536099206316,27.695553215345797]]}},{"type":"Feature","properties":{},"geometry":{"type":"LineString","coordinates":[[85.34575346380102,27.69484048798258],[85.34575113145442,27.694836265043712]]}},{"type":"Feature","properties":{},"geometry":{"type":"LineString","coordinates":[[85.34569665803815,27.694865418365335],[85.34570539380532,27.694880859846936]]}},{"type":"Feature","properties":{},"geometry":{"type":"LineString","coordinates":[[85.34545374533548,27.69509248129603],[85.34544618285547,27.69509155516098]]}},{"type":"Feature","properties":{},"geometry":{"type":"LineString","coordinates":[[85.3452591768435,27.695272445915595],[85.34524623209674,27.695274346326155]]}},{"type":"Feature","properties":{},"geometry":{"type":"LineString","coordinates":[[85.34528217845008,27.695251508076243],[85.34528451202534,27.695257194980254]]}},{"type":"Feature","properties":{},"geometry":{"type":"LineString","coordinates":[[85.34529295186874,27.69540700162233],[85.34529385626075,27.695416686910047]]}},{"type":"Feature","properties":{},"geometry":{"type":"LineString","coordinates":[[85.3451871516826,27.69528993042964],[85.34517458803273,27.695256686314732]]}},{"type":"Feature","properties":{},"geometry":{"type":"LineString","coordinates":[[85.34529259310918,27.69540463625281],[85.34531007011746,27.695412903123607]]}},{"type":"Feature","properties":{},"geometry":{"type":"LineString","coordinates":[[85.34534908872885,27.695227793427197],[85.34533537453198,27.695196541953926]]}},{"type":"Feature","properties":{},"geometry":{"type":"LineString","coordinates":[[85.34543005351031,27.696023328255894],[85.3453873287335,27.696026852099003]]}},{"type":"Feature","properties":{},"geometry":{"type":"LineString","coordinates":[[85.34526983877525,27.69621340489995],[85.34526890334382,27.696204903393078]]}},{"type":"Feature","properties":{},"geometry":{"type":"LineString","coordinates":[[85.34447930792915,27.695804351642117],[85.34449916857953,27.695805444734972]]}},{"type":"Feature","properties":{},"geometry":{"type":"LineString","coordinates":[[85.34493209645515,27.69296959704423],[85.34492271672455,27.69295559010293]]}},{"type":"Feature","properties":{},"geometry":{"type":"LineString","coordinates":[[85.3449972601128,27.692930103037817],[85.34494075130556,27.69287108197558]]}},{"type":"Feature","properties":{},"geometry":{"type":"LineString","coordinates":[[85.34499471843431,27.692931292009778],[85.34483496987245,27.692729153534607]]}},{"type":"Feature","properties":{},"geometry":{"type":"LineString","coordinates":[[85.34499630868456,27.692930662982974],[85.34486511162271,27.692762969720903]]}},{"type":"Feature","properties":{},"geometry":{"type":"LineString","coordinates":[[85.34478331982525,27.692983607942725],[85.34478543347272,27.692973691572004]]}},{"type":"Feature","properties":{},"geometry":{"type":"LineString","coordinates":[[85.3444927564753,27.69302273211417],[85.34450890476451,27.693019911554256]]}},{"type":"Feature","properties":{},"geometry":{"type":"LineString","coordinates":[[85.34449233751609,27.693021132291513],[85.3445093750169,27.69301824654844]]}},{"type":"Feature","properties":{},"geometry":{"type":"LineString","coordinates":[[85.34537050015639,27.69264296630217],[85.3452014018473,27.692719123011994]]}},{"type":"Feature","properties":{},"geometry":{"type":"LineString","coordinates":[[85.34539525531727,27.693047271734795],[85.34541477843943,27.693069771950444]]}},{"type":"Feature","properties":{},"geometry":{"type":"LineString","coordinates":[[85.34521430960122,27.69260510321188],[85.34521589799196,27.692615554822893]]}},{"type":"Feature","properties":{},"geometry":{"type":"LineString","coordinates":[[85.34493353217334,27.69253822293531],[85.34494210381024,27.692525945049063]]}},{"type":"Feature","properties":{},"geometry":{"type":"LineString","coordinates":[[85.34504391503889,27.692652313753346],[85.3450440252346,27.692654956847566]]}},{"type":"Feature","properties":{},"geometry":{"type":"LineString","coordinates":[[85.34537372680539,27.693055817994445],[85.34537197348457,27.693047896982463]]}},{"type":"Feature","properties":{},"geometry":{"type":"LineString","coordinates":[[85.3450366621485,27.69293537196073],[85.34503912000564,27.692924346849626]]}},{"type":"Feature","properties":{},"geometry":{"type":"LineString","coordinates":[[85.3449923697845,27.692931918289748],[85.34485662695134,27.692789509904053]]}},{"type":"Feature","properties":{},"geometry":{"type":"LineString","coordinates":[[85.34519741179132,27.693016733309],[85.34520648370251,27.69299656493642]]}},{"type":"Feature","properties":{},"geometry":{"type":"LineString","coordinates":[[85.34491665452379,27.692460683107257],[85.34493128797008,27.692458998755423]]}},{"type":"Feature","properties":{},"geometry":{"type":"LineString","coordinates":[[85.34381470180546,27.691779026806817],[85.34382820691727,27.691768256597424]]}},{"type":"Feature","properties":{},"geometry":{"type":"LineString","coordinates":[[85.3439051798331,27.691924227022685],[85.34413661527411,27.691827578429283]]}},{"type":"Feature","properties":{},"geometry":{"type":"LineString","coordinates":[[85.3437441720127,27.69164728485367],[85.34376669295322,27.691639078338895]]}},{"type":"Feature","properties":{},"geometry":{"type":"LineString","coordinates":[[85.34365584706516,27.69148723800544],[85.34367426963043,27.691480306528447]]}},{"type":"Feature","properties":{},"geometry":{"type":"LineString","coordinates":[[85.34366090349582,27.69149302158572],[85.3436773095591,27.69148452984018]]}},{"type":"Feature","properties":{},"geometry":{"type":"LineString","coordinates":[[85.343912663101,27.691937438759894],[85.34393649319357,27.691940578543928]]}},{"type":"Feature","properties":{},"geometry":{"type":"LineString","coordinates":[[85.34442621156552,27.69201179037458],[85.34441995794191,27.69200591669207]]}},{"type":"Feature","properties":{},"geometry":{"type":"LineString","coordinates":[[85.34446890519752,27.691963794838834],[85.344498086571,27.69198100344424]]}},{"type":"Feature","properties":{},"geometry":{"type":"LineString","coordinates":[[85.34420290007921,27.692195085239575],[85.3442194218243,27.69221151795268]]}},{"type":"Feature","properties":{},"geometry":{"type":"LineString","coordinates":[[85.34399052381487,27.692067656346115],[85.34400428835494,27.69205118688476]]}},{"type":"Feature","properties":{},"geometry":{"type":"LineString","coordinates":[[85.34404875708286,27.692158007104243],[85.34406629494931,27.69214883298138]]}},{"type":"Feature","properties":{},"geometry":{"type":"LineString","coordinates":[[85.34381688869597,27.691056276588785],[85.34381972876888,27.691048751663867]]}},{"type":"Feature","properties":{},"geometry":{"type":"LineString","coordinates":[[85.34376656324959,27.69107679805107],[85.3437728780474,27.69109218180594]]}},{"type":"Feature","properties":{},"geometry":{"type":"LineString","coordinates":[[85.34381951383084,27.691055937939076],[85.34382847350903,27.69105704693524]]}},{"type":"Feature","properties":{},"geometry":{"type":"LineString","coordinates":[[85.34374485034358,27.69094638007324],[85.34369086699421,27.690886008739486]]}},{"type":"Feature","properties":{},"geometry":{"type":"LineString","coordinates":[[85.34374600677829,27.690945739553253],[85.34375487161587,27.69094298809684]]}},{"type":"Feature","properties":{},"geometry":{"type":"LineString","coordinates":[[85.34372598508833,27.69109206137116],[85.34372973206257,27.691100426837817]]}},{"type":"Feature","properties":{},"geometry":{"type":"LineString","coordinates":[[85.34358923994012,27.691406514656922],[85.34361810804752,27.691388776399574]]}},{"type":"Feature","properties":{},"geometry":{"type":"LineString","coordinates":[[85.34359062629096,27.691407570080646],[85.34361927137441,27.691390030424838]]}},{"type":"Feature","properties":{},"geometry":{"type":"LineString","coordinates":[[85.34347257469308,27.691241766642886],[85.3434823963683,27.691236688133376]]}},{"type":"Feature","properties":{},"geometry":{"type":"LineString","coordinates":[[85.34370476184336,27.691096926805624],[85.34370441038618,27.69109293872671]]}},{"type":"Feature","properties":{},"geometry":{"type":"LineString","coordinates":[[85.34362800282877,27.691125983386645],[85.3436241538325,27.691120413713072]]}},{"type":"Feature","properties":{},"geometry":{"type":"LineString","coordinates":[[85.34448068153759,27.6919492582945],[85.3443998402477,27.69189826676088]]}},{"type":"Feature","properties":{},"geometry":{"type":"LineString","coordinates":[[85.3445178961597,27.692516566991728],[85.34451888465935,27.692521076238673]]}},{"type":"Feature","properties":{},"geometry":{"type":"LineString","coordinates":[[85.34455538651117,27.6925037729329],[85.34454850303838,27.69249549002798]]}},{"type":"Feature","properties":{},"geometry":{"type":"LineString","coordinates":[[85.34448462357969,27.692532201263486],[85.34448339473036,27.692523461577824]]}},{"type":"Feature","properties":{},"geometry":{"type":"LineString","coordinates":[[85.34474707546784,27.69227084348457],[85.34475506185984,27.69227033965758]]}},{"type":"Feature","properties":{},"geometry":{"type":"LineString","coordinates":[[85.34475755540993,27.69229579532865],[85.34475991637326,27.692294553657263]]}},{"type":"Feature","properties":{},"geometry":{"type":"LineString","coordinates":[[85.34478810800368,27.692464006807096],[85.34478843129057,27.692468386255836]]}},{"type":"Feature","properties":{},"geometry":{"type":"LineString","coordinates":[[85.34484586351972,27.692453677903305],[85.3448435054425,27.692445116965924]]}},{"type":"Feature","properties":{},"geometry":{"type":"LineString","coordinates":[[85.34472743965833,27.69245879317467],[85.34473159624315,27.69245258455047]]}},{"type":"Feature","properties":{},"geometry":{"type":"LineString","coordinates":[[85.34464832294864,27.692461743701898],[85.34463800306867,27.692449100094024]]}},{"type":"Feature","properties":{},"geometry":{"type":"LineString","coordinates":[[85.344664555031,27.69245376692633],[85.34466760883119,27.692456067040073]]}},{"type":"Feature","properties":{},"geometry":{"type":"LineString","coordinates":[[85.34469198333898,27.691849401345383],[85.3446920445955,27.691871148226994]]}},{"type":"Feature","properties":{},"geometry":{"type":"LineString","coordinates":[[85.3447482001243,27.692033723361657],[85.34475758152007,27.692031013217903]]}},{"type":"Feature","properties":{},"geometry":{"type":"LineString","coordinates":[[85.34454836981973,27.69186478336822],[85.3445387771742,27.691845341382297]]}},{"type":"Feature","properties":{},"geometry":{"type":"LineString","coordinates":[[85.34447935299552,27.69195041843914],[85.34439840796868,27.69190522638199]]}},{"type":"Feature","properties":{},"geometry":{"type":"LineString","coordinates":[[85.34454744462553,27.691864814727268],[85.34453559048768,27.691852723184777]]}},{"type":"Feature","properties":{},"geometry":{"type":"LineString","coordinates":[[85.34475257695213,27.692055323269106],[85.34476089476118,27.69206726150719]]}},{"type":"Feature","properties":{},"geometry":{"type":"LineString","coordinates":[[85.34470585187675,27.692171939757337],[85.3447140337353,27.69216788852224]]}},{"type":"Feature","properties":{},"geometry":{"type":"LineString","coordinates":[[85.34469579998145,27.69215437140987],[85.34468344704956,27.69215860293253]]}},{"type":"Feature","properties":{},"geometry":{"type":"LineString","coordinates":[[85.34453415874387,27.69192315134944],[85.34453877651187,27.691922261582306]]}},{"type":"Feature","properties":{},"geometry":{"type":"LineString","coordinates":[[85.34462262964287,27.692034923588533],[85.34462570173316,27.692032381716626]]}},{"type":"Feature","properties":{},"geometry":{"type":"LineString","coordinates":[[85.34366947047657,27.69099625344578],[85.34366128326491,27.690996968716227]]}},{"type":"Feature","properties":{},"geometry":{"type":"LineString","coordinates":[[85.34323330788432,27.690632709839374],[85.3432598151343,27.690632582023095]]}},{"type":"Feature","properties":{},"geometry":{"type":"LineString","coordinates":[[85.34323413676691,27.690632408375297],[85.34326186164601,27.69060348017748]]}},{"type":"Feature","properties":{},"geometry":{"type":"LineString","coordinates":[[85.34297823131114,27.690610789848506],[85.34299786014995,27.690604811548557]]}},{"type":"Feature","properties":{},"geometry":{"type":"LineString","coordinates":[[85.34309780628296,27.69068025521085],[85.34310126521568,27.690692986511703]]}},{"type":"Feature","properties":{},"geometry":{"type":"LineString","coordinates":[[85.3435336895747,27.691078801463103],[85.34352555469421,27.691072893504998]]}},{"type":"Feature","properties":{},"geometry":{"type":"LineString","coordinates":[[85.34337842128681,27.69109380821551],[85.34339081354413,27.691087638590435]]}},{"type":"Feature","properties":{},"geometry":{"type":"LineString","coordinates":[[85.3431913078351,27.69085246667386],[85.3432301750786,27.69085905192975]]}},{"type":"Feature","properties":{},"geometry":{"type":"LineString","coordinates":[[85.34330144145758,27.690985453496413],[85.34331940465432,27.69097348482811]]}},{"type":"Feature","properties":{},"geometry":{"type":"LineString","coordinates":[[85.34279526380108,27.69032109163214],[85.34280926474983,27.69031702711175]]}},{"type":"Feature","properties":{},"geometry":{"type":"LineString","coordinates":[[85.34449539439814,27.696060703256187],[85.34451224622697,27.696059872229362]]}},{"type":"Feature","properties":{},"geometry":{"type":"LineString","coordinates":[[85.34449758848585,27.696080871788237],[85.34451625520549,27.696077631883576]]}},{"type":"Feature","properties":{},"geometry":{"type":"LineString","coordinates":[[85.34449732991315,27.696091823896904],[85.344516591159,27.696093399908666]]}},{"type":"Feature","properties":{},"geometry":{"type":"LineString","coordinates":[[85.3444947915347,27.696055163391787],[85.34451400215681,27.696055121421633]]}},{"type":"Feature","properties":{},"geometry":{"type":"LineString","coordinates":[[85.34448995490608,27.695948798237257],[85.34450005815366,27.695949813471714]]}},{"type":"Feature","properties":{},"geometry":{"type":"LineString","coordinates":[[85.34477583021746,27.698357278692317],[85.34477878957892,27.6983655787582]]}},{"type":"Feature","properties":{},"geometry":{"type":"LineString","coordinates":[[85.34480915691208,27.698351816845506],[85.3448156765962,27.698330944711202]]}},{"type":"Feature","properties":{},"geometry":{"type":"LineString","coordinates":[[85.34463490015173,27.698402839705246],[85.34463759165723,27.69840866357387]]}},{"type":"Feature","properties":{},"geometry":{"type":"LineString","coordinates":[[85.34448357144949,27.69843784360897],[85.344488727847,27.698444618461966]]}},{"type":"Feature","properties":{},"geometry":{"type":"LineString","coordinates":[[85.34460133498837,27.69841234300127],[85.34460359703532,27.698418403619943]]}},{"type":"Feature","properties":{},"geometry":{"type":"LineString","coordinates":[[85.34486898322263,27.69833523192304],[85.34487196000319,27.69824198315646]]}},{"type":"Feature","properties":{},"geometry":{"type":"LineString","coordinates":[[85.34426438991787,27.698471388758467],[85.344265331706,27.698480203529854]]}},{"type":"Feature","properties":{},"geometry":{"type":"LineString","coordinates":[[85.34440877875797,27.698454663662368],[85.34441058211753,27.698461150219423]]}},{"type":"Feature","properties":{},"geometry":{"type":"LineString","coordinates":[[85.34392481025485,27.698724314894477],[85.34396509857612,27.69871943834942]]}},{"type":"Feature","properties":{},"geometry":{"type":"LineString","coordinates":[[85.34421977153703,27.698322396805818],[85.34420814200747,27.69831580536519]]}},{"type":"Feature","properties":{},"geometry":{"type":"LineString","coordinates":[[85.34410081371085,27.69878574494854],[85.34410689505215,27.698802784789166]]}},{"type":"Feature","properties":{},"geometry":{"type":"LineString","coordinates":[[85.34421511313336,27.698788973051286],[85.34422942208124,27.698786674795027]]}},{"type":"Feature","properties":{},"geometry":{"type":"LineString","coordinates":[[85.34414929668542,27.698780371579854],[85.34414346622813,27.69877062466678]]}},{"type":"Feature","properties":{},"geometry":{"type":"LineString","coordinates":[[85.3442284068322,27.69832817353219],[85.34424920168303,27.69832820200356]]}},{"type":"Feature","properties":{},"geometry":{"type":"LineString","coordinates":[[85.34398304332588,27.698358926702547],[85.34397986712857,27.698356060108164]]}},{"type":"Feature","properties":{},"geometry":{"type":"LineString","coordinates":[[85.34390017799294,27.69835050207088],[85.34389951154344,27.69834595154678]]}},{"type":"Feature","properties":{},"geometry":{"type":"LineString","coordinates":[[85.34411070182463,27.698334886966556],[85.34411204643399,27.698346303203394]]}},{"type":"Feature","properties":{},"geometry":{"type":"LineString","coordinates":[[85.34422558482883,27.698328846481918],[85.34424823959866,27.698316298450603]]}},{"type":"Feature","properties":{},"geometry":{"type":"LineString","coordinates":[[85.34420358663473,27.69832577645044],[85.3442043647849,27.69833448186129]]}},{"type":"Feature","properties":{},"geometry":{"type":"LineString","coordinates":[[85.34419688122378,27.698039677901466],[85.34420439133685,27.69806591650488]]}},{"type":"Feature","properties":{},"geometry":{"type":"LineString","coordinates":[[85.3452226244993,27.697853464596264],[85.34519202876027,27.697842118435577]]}},{"type":"Feature","properties":{},"geometry":{"type":"LineString","coordinates":[[85.34524239300025,27.697830041321506],[85.34522513973376,27.69779925658011]]}},{"type":"Feature","properties":{},"geometry":{"type":"LineString","coordinates":[[85.34515917994588,27.697931990230337],[85.34517839283855,27.697940893417663]]}},{"type":"Feature","properties":{},"geometry":{"type":"LineString","coordinates":[[85.34513967040762,27.69795666211151],[85.34513462710045,27.697948170170847]]}},{"type":"Feature","properties":{},"geometry":{"type":"LineString","coordinates":[[85.3451435546344,27.697953397068456],[85.34517640024336,27.697959986596288]]}},{"type":"Feature","properties":{},"geometry":{"type":"LineString","coordinates":[[85.34540207958098,27.697809859798458],[85.34540201142624,27.697815655185895]]}},{"type":"Feature","properties":{},"geometry":{"type":"LineString","coordinates":[[85.34411088048715,27.698489695099703],[85.34411027881579,27.69849650308576]]}},{"type":"Feature","properties":{},"geometry":{"type":"LineString","coordinates":[[85.3443138437249,27.698467656949596],[85.34431387870858,27.698473064566947]]}},{"type":"Feature","properties":{},"geometry":{"type":"LineString","coordinates":[[85.34400667488703,27.69850923182147],[85.34400023130893,27.698482605232638]]}},{"type":"Feature","properties":{},"geometry":{"type":"LineString","coordinates":[[85.34398715475379,27.69851181340133],[85.3439887021484,27.698515976436177]]}},{"type":"Feature","properties":{},"geometry":{"type":"LineString","coordinates":[[85.34466182701864,27.697979146400012],[85.34466291660524,27.697971786465303]]}},{"type":"Feature","properties":{},"geometry":{"type":"LineString","coordinates":[[85.34476611624305,27.6979837282071],[85.34476848626433,27.698003531496482]]}},{"type":"Feature","properties":{},"geometry":{"type":"LineString","coordinates":[[85.34445216049721,27.69799733135949],[85.3444512801651,27.697989549844834]]}},{"type":"Feature","properties":{},"geometry":{"type":"LineString","coordinates":[[85.34433871790507,27.698017064763338],[85.34434496508598,27.69804091995632]]}},{"type":"Feature","properties":{},"geometry":{"type":"LineString","coordinates":[[85.34439838457327,27.69800600988294],[85.34439531683613,27.69799736825099]]}},{"type":"Feature","properties":{},"geometry":{"type":"LineString","coordinates":[[85.34486949984242,27.69798260670207],[85.34486907976336,27.697976241383028]]}},{"type":"Feature","properties":{},"geometry":{"type":"LineString","coordinates":[[85.3451333130207,27.697959658416323],[85.34514281717153,27.698013232995013]]}},{"type":"Feature","properties":{},"geometry":{"type":"LineString","coordinates":[[85.34488028130038,27.697980285157723],[85.34488096998,27.697987598661673]]}},{"type":"Feature","properties":{},"geometry":{"type":"LineString","coordinates":[[85.34491751314245,27.697972180354945],[85.3449201683741,27.697980341399465]]}},{"type":"Feature","properties":{},"geometry":{"type":"LineString","coordinates":[[85.34424288285786,27.698864542937617],[85.34424353475238,27.698898136558352]]}},{"type":"Feature","properties":{},"geometry":{"type":"LineString","coordinates":[[85.34433536882263,27.696784588407507],[85.34433015151284,27.696763380082746]]}},{"type":"Feature","properties":{},"geometry":{"type":"LineString","coordinates":[[85.34399292300516,27.697202145275156],[85.34400917681917,27.697207421964183]]}},{"type":"Feature","properties":{},"geometry":{"type":"LineString","coordinates":[[85.34496790792878,27.696615599741136],[85.3449713654691,27.696591349731502]]}},{"type":"Feature","properties":{},"geometry":{"type":"LineString","coordinates":[[85.34397279013768,27.69734943318968],[85.3439871831258,27.697351294924978]]}},{"type":"Feature","properties":{},"geometry":{"type":"LineString","coordinates":[[85.34492250659021,27.697281039886594],[85.34492568711616,27.69730210019404]]}},{"type":"Feature","properties":{},"geometry":{"type":"LineString","coordinates":[[85.34491185692089,27.69728209131355],[85.34492720872323,27.69735783845473]]}},{"type":"Feature","properties":{},"geometry":{"type":"LineString","coordinates":[[85.34498524982875,27.697270822080633],[85.34499401974244,27.69728877672361]]}},{"type":"Feature","properties":{},"geometry":{"type":"LineString","coordinates":[[85.34506752490769,27.697252659672024],[85.34511970664047,27.697261709641417]]}},{"type":"Feature","properties":{},"geometry":{"type":"LineString","coordinates":[[85.34505410012024,27.697254908119792],[85.34505900494113,27.697276878051596]]}},{"type":"Feature","properties":{},"geometry":{"type":"LineString","coordinates":[[85.34496969863503,27.696614927985113],[85.34498597547736,27.69661269468145]]}},{"type":"Feature","properties":{},"geometry":{"type":"LineString","coordinates":[[85.34490506802669,27.69728465644537],[85.34489161803323,27.69731727010098]]}},{"type":"Feature","properties":{},"geometry":{"type":"LineString","coordinates":[[85.34393941190343,27.697676274638923],[85.3439536231358,27.69767446171405]]}},{"type":"Feature","properties":{},"geometry":{"type":"LineString","coordinates":[[85.3451903400188,27.697568791367075],[85.34520977525308,27.69756490169793]]}},{"type":"Feature","properties":{},"geometry":{"type":"LineString","coordinates":[[85.34394521233726,27.697608417831283],[85.34394722083975,27.697608500521635]]}},{"type":"Feature","properties":{},"geometry":{"type":"LineString","coordinates":[[85.34396565852605,27.697421711935903],[85.34398375796943,27.697421204576624]]}},{"type":"Feature","properties":{},"geometry":{"type":"LineString","coordinates":[[85.34515700661669,27.697578680261564],[85.34515767644027,27.697580456370954]]}},{"type":"Feature","properties":{},"geometry":{"type":"LineString","coordinates":[[85.3451014763253,27.697601364689177],[85.34509957957412,27.697591186480054]]}},{"type":"Feature","properties":{},"geometry":{"type":"LineString","coordinates":[[85.34497534852375,27.697618043490156],[85.34497101500779,27.697603371216466]]}},{"type":"Feature","properties":{},"geometry":{"type":"LineString","coordinates":[[85.3451246266886,27.697586531746985],[85.34512365284374,27.697589650164005]]}},{"type":"Feature","properties":{},"geometry":{"type":"LineString","coordinates":[[85.34514482209214,27.697578833369956],[85.34514310199344,27.697577041999267]]}},{"type":"Feature","properties":{},"geometry":{"type":"LineString","coordinates":[[85.34513132518708,27.69758552333262],[85.34513025160257,27.6975769714371]]}},{"type":"Feature","properties":{},"geometry":{"type":"LineString","coordinates":[[85.34486768656893,27.69719147485967],[85.34488022658464,27.697054658594148]]}},{"type":"Feature","properties":{},"geometry":{"type":"LineString","coordinates":[[85.34477369383606,27.697214267963183],[85.34476917316091,27.697200040210404]]}},{"type":"Feature","properties":{},"geometry":{"type":"LineString","coordinates":[[85.34488219976805,27.697225152965874],[85.34487531361765,27.697225494845856]]}},{"type":"Feature","properties":{},"geometry":{"type":"LineString","coordinates":[[85.3448729268908,27.697191476131607],[85.34490890675244,27.697177150393916]]}},{"type":"Feature","properties":{},"geometry":{"type":"LineString","coordinates":[[85.3446783234276,27.69724227663512],[85.34468438616138,27.697260281964173]]}},{"type":"Feature","properties":{},"geometry":{"type":"LineString","coordinates":[[85.34434107841169,27.697324191635758],[85.34433867961492,27.697317653731925]]}},{"type":"Feature","properties":{},"geometry":{"type":"LineString","coordinates":[[85.34430268651259,27.697331639798623],[85.34431044831895,27.697350473246367]]}},{"type":"Feature","properties":{},"geometry":{"type":"LineString","coordinates":[[85.34443833483805,27.697300628267875],[85.3444450216866,27.697321688090863]]}},{"type":"Feature","properties":{},"geometry":{"type":"LineString","coordinates":[[85.3445402878784,27.697274389859462],[85.34453949687389,27.69726895334507]]}},{"type":"Feature","properties":{},"geometry":{"type":"LineString","coordinates":[[85.34448707565778,27.697289211633432],[85.34449314961348,27.69731184630272]]}},{"type":"Feature","properties":{},"geometry":{"type":"LineString","coordinates":[[85.34422246882474,27.699686229935455],[85.34423103212218,27.699682341260107]]}},{"type":"Feature","properties":{},"geometry":{"type":"LineString","coordinates":[[85.34418599689631,27.699598349834055],[85.34430547012937,27.699533166642194]]}},{"type":"Feature","properties":{},"geometry":{"type":"LineString","coordinates":[[85.34439086377256,27.69921756845915],[85.34439562656972,27.69922354977715]]}},{"type":"Feature","properties":{},"geometry":{"type":"LineString","coordinates":[[85.34438144675931,27.69922441002011],[85.344382514711,27.699231786726106]]}},{"type":"Feature","properties":{},"geometry":{"type":"LineString","coordinates":[[85.34441895140232,27.699209682983764],[85.34443710653565,27.699206714976814]]}},{"type":"Feature","properties":{},"geometry":{"type":"LineString","coordinates":[[85.3441365115819,27.69947376517408],[85.34415409861677,27.69946947358571]]}},{"type":"Feature","properties":{},"geometry":{"type":"LineString","coordinates":[[85.34410899622536,27.699393768579764],[85.34413064295352,27.69938641535117]]}},{"type":"Feature","properties":{},"geometry":{"type":"LineString","coordinates":[[85.34430934702117,27.69924913788704],[85.34430513313343,27.699232723293605]]}},{"type":"Feature","properties":{},"geometry":{"type":"LineString","coordinates":[[85.34478065049278,27.698735000020214],[85.34479070842939,27.698719682989342]]}},{"type":"Feature","properties":{},"geometry":{"type":"LineString","coordinates":[[85.34465477846683,27.698774350080644],[85.3446528019879,27.698769725229933]]}},{"type":"Feature","properties":{},"geometry":{"type":"LineString","coordinates":[[85.34439595181459,27.698836421343792],[85.34439439519676,27.698829643504855]]}},{"type":"Feature","properties":{},"geometry":{"type":"LineString","coordinates":[[85.34436549363468,27.698844634977977],[85.34437137297033,27.698867335013993]]}},{"type":"Feature","properties":{},"geometry":{"type":"LineString","coordinates":[[85.34450851381926,27.69881106170294],[85.34451562130833,27.698835699761485]]}},{"type":"Feature","properties":{},"geometry":{"type":"LineString","coordinates":[[85.34460646048939,27.698791299948915],[85.34461350858237,27.698812753083487]]}},{"type":"Feature","properties":{},"geometry":{"type":"LineString","coordinates":[[85.3445564049819,27.698801296508833],[85.34456356045308,27.698829071513057]]}},{"type":"Feature","properties":{},"geometry":{"type":"LineString","coordinates":[[85.34427044205192,27.699264129742268],[85.34427121284094,27.699270166213136]]}},{"type":"Feature","properties":{},"geometry":{"type":"LineString","coordinates":[[85.34396473791337,27.6989353383777],[85.34398399362448,27.69893261193976]]}},{"type":"Feature","properties":{},"geometry":{"type":"LineString","coordinates":[[85.34396327879334,27.698929626714186],[85.34397831342966,27.69892533800903]]}},{"type":"Feature","properties":{},"geometry":{"type":"LineString","coordinates":[[85.34400488459582,27.699086999913998],[85.3440300684734,27.69908049859861]]}},{"type":"Feature","properties":{},"geometry":{"type":"LineString","coordinates":[[85.34403813520365,27.697781923353496],[85.3440290281612,27.697747620277987]]}},{"type":"Feature","properties":{},"geometry":{"type":"LineString","coordinates":[[85.34444228513183,27.69771617156624],[85.34444038127339,27.69770935708307]]}},{"type":"Feature","properties":{},"geometry":{"type":"LineString","coordinates":[[85.344878540346,27.69763957462133],[85.34487511293092,27.697626476400497]]}},{"type":"Feature","properties":{},"geometry":{"type":"LineString","coordinates":[[85.34470550284277,27.69767519295728],[85.34470550811086,27.697667922948924]]}},{"type":"Feature","properties":{},"geometry":{"type":"LineString","coordinates":[[85.34400266850118,27.69778339540693],[85.34400178956484,27.697781501264497]]}},{"type":"Feature","properties":{},"geometry":{"type":"LineString","coordinates":[[85.34293618864882,27.690569754840155],[85.34294089662208,27.69056732012884]]}},{"type":"Feature","properties":{},"geometry":{"type":"LineString","coordinates":[[85.34486674180026,27.69833559864057],[85.34485243642429,27.698212542209586],[85.34474605968272,27.69821954866277]]}},{"type":"Feature","properties":{},"geometry":{"type":"LineString","coordinates":[[85.34459893157553,27.696713274702123],[85.34459914320628,27.696713630131054]]}},{"type":"Feature","properties":{},"geometry":{"type":"LineString","coordinates":[[85.34487087397223,27.697191179018652],[85.34492785797374,27.697065685884883],[85.34514449731422,27.6970316127922]]}},{"type":"Feature","properties":{},"geometry":{"type":"LineString","coordinates":[[85.34450641695507,27.69190730206155],[85.34458228831791,27.69196901964501],[85.34473628866755,27.692201981401876],[85.34474707546784,27.69227084348457],[85.34483567970682,27.692456276471535]]}},{"type":"Feature","properties":{},"geometry":{"type":"LineString","coordinates":[[85.34555666736635,27.692954832037266],[85.34537372680539,27.693055817994445],[85.34529489479495,27.693057410325416],[85.3449972601128,27.692930103037817],[85.34488916688309,27.692990269566643],[85.34448183839201,27.692985826999042]]}},{"type":"Feature","properties":{},"geometry":{"type":"LineString","coordinates":[[85.34305253621154,27.690690716564546],[85.34323676686081,27.69063100207392]]}},{"type":"Feature","properties":{},"geometry":{"type":"LineString","coordinates":[[85.34341938003001,27.691154343355038],[85.34305253621154,27.690690716564546]]}},{"type":"Feature","properties":{},"geometry":{"type":"LineString","coordinates":[[85.34341938003001,27.691154343355038],[85.3437469733946,27.6909455832397]]}},{"type":"Feature","properties":{},"geometry":{"type":"LineString","coordinates":[[85.34345005811055,27.69120308185797],[85.34382097882224,27.691055343529005]]}},{"type":"Feature","properties":{},"geometry":{"type":"LineString","coordinates":[[85.34418896007674,27.6923539224513],[85.34399161079102,27.692066714443236],[85.3436619904687,27.691492079685208],[85.34345114508216,27.691202139959042]]}},{"type":"Feature","properties":{},"geometry":{"type":"LineString","coordinates":[[85.3441231349819,27.692256191931794],[85.34442621156552,27.69201179037458],[85.34450641695507,27.69190730206155]]}},{"type":"Feature","properties":{},"geometry":{"type":"LineString","coordinates":[[85.34450641695507,27.69190730206155],[85.3445749052109,27.691852663403846],[85.34465912381124,27.6918453351321]]}},{"type":"Feature","properties":{},"geometry":{"type":"LineString","coordinates":[[85.34484609113902,27.6918476666854],[85.34476550981526,27.691861296863905],[85.34465912381124,27.6918453351321]]}},{"type":"Feature","properties":{},"geometry":{"type":"LineString","coordinates":[[85.34465912381124,27.6918453351321],[85.34475220978446,27.69205627197762]]}},{"type":"Feature","properties":{},"geometry":{"type":"LineString","coordinates":[[85.34483567970682,27.692456276471535],[85.34491208694064,27.69245481696291],[85.34494291158215,27.69256360837671],[85.34498788050942,27.692572681327075],[85.34501996134784,27.69265473331578]]}},{"type":"Feature","properties":{},"geometry":{"type":"LineString","coordinates":[[85.34501996134784,27.69265473331578],[85.34532334932916,27.692568331104248]]}},{"type":"Feature","properties":{},"geometry":{"type":"LineString","coordinates":[[85.34448183839201,27.692985826999042],[85.34434562501804,27.69260682141954]]}},{"type":"Feature","properties":{},"geometry":{"type":"LineString","coordinates":[[85.34434562501804,27.69260682141954],[85.34469285282205,27.69244446863982],[85.34475493037674,27.692473014823115],[85.34483567970682,27.692456276471535]]}},{"type":"Feature","properties":{},"geometry":{"type":"LineString","coordinates":[[85.34434562501804,27.69260682141954],[85.34429159424775,27.69249214032621],[85.3441231349819,27.692256191931794]]}},{"type":"Feature","properties":{},"geometry":{"type":"LineString","coordinates":[[85.34442732847289,27.694157743090294],[85.3444284349988,27.693855434952415],[85.34452189549526,27.69334864178058],[85.34452313048901,27.693213780631137],[85.34448226853048,27.692986685958257]]}},{"type":"Feature","properties":{},"geometry":{"type":"LineString","coordinates":[[85.3438950598903,27.698067586873172],[85.34461018717165,27.697976029799044],[85.34484767380313,27.69798701378365],[85.34493322817055,27.69796754497013],[85.3450838833327,27.697989564878625],[85.3451435546344,27.697953397068456],[85.34529108045139,27.697793404607705],[85.34553290224346,27.697818669787797]]}},{"type":"Feature","properties":{},"geometry":{"type":"LineString","coordinates":[[85.34388999120608,27.698513969854602],[85.34440877875797,27.698454663662368],[85.34487080007861,27.698334643516915]]}},{"type":"Feature","properties":{},"geometry":{"type":"LineString","coordinates":[[85.34388775504556,27.698514256291705],[85.34387604469502,27.698260301905286],[85.3438950598903,27.698067586873172]]}},{"type":"Feature","properties":{},"geometry":{"type":"LineString","coordinates":[[85.34387608208883,27.698349496306403],[85.34392346504394,27.697909771274965],[85.3439161418472,27.697777065154465],[85.34398358704244,27.69725453967144],[85.34405038292331,27.69699857830124],[85.3442268255024,27.696538611632935],[85.34444141542019,27.696389401569796],[85.34449513991993,27.696240093648896],[85.34447723025964,27.69549985380379],[85.34449592658842,27.69515681347008]]}},{"type":"Feature","properties":{},"geometry":{"type":"LineString","coordinates":[[85.34387608208883,27.698349496306403],[85.34398304332588,27.698358926702547],[85.34423052698824,27.698327577931266]]}},{"type":"Feature","properties":{},"geometry":{"type":"LineString","coordinates":[[85.34394106038812,27.69881628452758],[85.34420672700865,27.69876709142929],[85.34423425144368,27.69885723011141],[85.34426353708022,27.698865363072816],[85.34460646048939,27.698791299948915],[85.34498892149432,27.698650324836915]]}},{"type":"Feature","properties":{},"geometry":{"type":"LineString","coordinates":[[85.34394106038812,27.69881628452758],[85.34388775504556,27.698514256291705]]}},{"type":"Feature","properties":{},"geometry":{"type":"LineString","coordinates":[[85.34408415843494,27.699325826921495],[85.34396327879334,27.698929626714186],[85.34388999120608,27.698513969854602]]}},{"type":"Feature","properties":{},"geometry":{"type":"LineString","coordinates":[[85.345386192949,27.699258581285704],[85.34505559689256,27.69932505336725],[85.34483572978458,27.699397603153116],[85.34460753152605,27.699506681296956],[85.34426352542924,27.699748301286363],[85.34408415843494,27.699325826921495]]}},{"type":"Feature","properties":{},"geometry":{"type":"LineString","coordinates":[[85.34408415843494,27.699325826921495],[85.34461302668545,27.699145007115156]]}},{"type":"Feature","properties":{},"geometry":{"type":"LineString","coordinates":[[85.34391541831393,27.697776631397083],[85.34420231797442,27.69776308494207],[85.3451014763253,27.697601364689177],[85.3451943753833,27.697564513657696]]}},{"type":"Feature","properties":{},"geometry":{"type":"LineString","coordinates":[[85.34409372795042,27.69685653022456],[85.34422586025912,27.696537330196303],[85.34445815357844,27.69636372188176],[85.34449293304313,27.696239316336406],[85.34449600677746,27.696082880012163],[85.34447478023525,27.69550027307845]]}},{"type":"Feature","properties":{},"geometry":{"type":"LineString","coordinates":[[85.34391541831393,27.697776631397083],[85.34396678786833,27.69738250497311]]}},{"type":"Feature","properties":{},"geometry":{"type":"LineString","coordinates":[[85.3438950598903,27.698067586873172],[85.34391541831393,27.697776631397083]]}},{"type":"Feature","properties":{},"geometry":{"type":"LineString","coordinates":[[85.34409372795042,27.69685653022456],[85.3448908814032,27.696632508022784],[85.34519503464492,27.696570533336647]]}},{"type":"Feature","properties":{},"geometry":{"type":"LineString","coordinates":[[85.34396678786833,27.69738250497311],[85.34423812701435,27.69735100010188],[85.3448729268908,27.697191476131607]]}},{"type":"Feature","properties":{},"geometry":{"type":"LineString","coordinates":[[85.34442685470643,27.693909088250187],[85.34467910987877,27.69392626796937],[85.34523847486315,27.69386189682781]]}},{"type":"Feature","properties":{},"geometry":{"type":"LineString","coordinates":[[85.34458023201879,27.695482690391426],[85.34447478023525,27.69550027307845]]}},{"type":"Feature","properties":{},"geometry":{"type":"LineString","coordinates":[[85.34442732847289,27.694157743090294],[85.34488346459057,27.69410903040218],[85.34504151347652,27.694034122108864]]}},{"type":"Feature","properties":{},"geometry":{"type":"LineString","coordinates":[[85.34442685470643,27.693909088250187],[85.34446006629689,27.693597780112487],[85.34452045997894,27.693348423348002],[85.3445225581967,27.69321421152771],[85.34449189487029,27.693023118034137],[85.34434413029538,27.692607436237736],[85.34418896007674,27.6923539224513]]}},{"type":"Feature","properties":{},"geometry":{"type":"LineString","coordinates":[[85.34447478023525,27.69550027307845],[85.34449111206537,27.695024659889636],[85.34442584971208,27.69415770194254],[85.34442685470643,27.693909088250187]]}},{"type":"Feature","properties":{},"geometry":{"type":"LineString","coordinates":[[85.34449592658842,27.69515681347008],[85.34442732847289,27.694157743090294]]}},{"type":"Feature","properties":{},"geometry":{"type":"LineString","coordinates":[[85.34449592658842,27.69515681347008],[85.34459315819511,27.695135570094635],[85.3446980328293,27.695076245397733],[85.34496374860346,27.69504420505719]]}},{"type":"Feature","properties":{},"geometry":{"type":"LineString","coordinates":[[85.34458023201879,27.695482690391426],[85.34470805382789,27.695893320186297],[85.34475213147292,27.695971628350364],[85.34479870315238,27.696168440077155]]}},{"type":"Feature","properties":{},"geometry":{"type":"LineString","coordinates":[[85.3449014698028,27.69539517695708],[85.34458023201879,27.695482690391426]]}},{"type":"Feature","properties":{},"geometry":{"type":"LineString","coordinates":[[85.3449014698028,27.69539517695708],[85.3449474852268,27.695476502900714],[85.3450060031135,27.69569722343057],[85.34498107950623,27.695739086525993],[85.3450198996509,27.69587943832254],[85.34498546806577,27.69590777851966],[85.34502182961586,27.696113036988216]]}},{"type":"Feature","properties":{},"geometry":{"type":"LineString","coordinates":[[85.34523847486315,27.69386189682781],[85.34520902301001,27.693706152949936]]}},{"type":"Feature","properties":{},"geometry":{"type":"LineString","coordinates":[[85.34523847486315,27.69386189682781],[85.34529914509507,27.694027910287993],[85.34530188702179,27.694054118037013],[85.34524654493734,27.69407621186176],[85.34527097692146,27.694155308579454]]}},{"type":"Feature","properties":{},"geometry":{"type":"LineString","coordinates":[[85.34551010693656,27.695522923192744],[85.3451689604398,27.695581278649037]]}},{"type":"Feature","properties":{},"geometry":{"type":"LineString","coordinates":[[85.34545076474394,27.695215611856185],[85.34551010693656,27.695522923192744]]}},{"type":"Feature","properties":{},"geometry":{"type":"LineString","coordinates":[[85.34551010693656,27.695522923192744],[85.34553893664393,27.69568211815196],[85.34542653648714,27.696038286678405]]}},{"type":"Feature","properties":{},"geometry":{"type":"LineString","coordinates":[[85.34542653648714,27.696038286678405],[85.3454351883716,27.696179224632782],[85.34522918954407,27.6962195510481]]}},{"type":"Feature","properties":{},"geometry":{"type":"LineString","coordinates":[[85.34525494485099,27.695259851638717],[85.3449014698028,27.69539517695708]]}},{"type":"Feature","properties":{},"geometry":{"type":"LineString","coordinates":[[85.34545076474394,27.695215611856185],[85.34525494485099,27.695259851638717]]}},{"type":"Feature","properties":{},"geometry":{"type":"LineString","coordinates":[[85.34525494485099,27.695259851638717],[85.34529377782295,27.69541019028946]]}},{"type":"Feature","properties":{},"geometry":{"type":"LineString","coordinates":[[85.34546662976555,27.69522050013666],[85.34542918532159,27.694984406571745]]}},{"type":"Feature","properties":{},"geometry":{"type":"LineString","coordinates":[[85.34542918532159,27.694984406571745],[85.3457703885124,27.6948345419881]]}},{"type":"Feature","properties":{},"geometry":{"type":"LineString","coordinates":[[85.34542918532159,27.694984406571745],[85.34529230691464,27.694779546273914],[85.34535136984749,27.694743454968396]]}},{"type":"Feature","properties":{},"geometry":{"type":"LineString","coordinates":[[85.34535136984749,27.694743454968396],[85.34529678141854,27.694526861959066]]}},{"type":"Feature","properties":{},"geometry":{"type":"LineString","coordinates":[[85.34535136984749,27.694743454968396],[85.34553252855865,27.694683493329666]]}},{"type":"Feature","properties":{},"geometry":{"type":"LineString","coordinates":[[85.34529678141854,27.694526861959066],[85.34524596860311,27.694354541924426]]}},{"type":"Feature","properties":{},"geometry":{"type":"LineString","coordinates":[[85.34524596860311,27.694354541924426],[85.3451382314348,27.694388933191494],[85.34495013833293,27.694398226877965]]}},{"type":"Feature","properties":{},"geometry":{"type":"LineString","coordinates":[[85.34524596860311,27.694354541924426],[85.34540896474412,27.694344378418553],[85.34542356697877,27.69432723289216],[85.34549355635866,27.69403012967527]]}},{"type":"Feature","properties":{},"geometry":{"type":"LineString","coordinates":[[85.345386192949,27.699258581285704],[85.34553405630079,27.69909869827053]]}},{"type":"Feature","properties":{},"geometry":{"type":"LineString","coordinates":[[85.34572343389736,27.699246740868002],[85.345386509912,27.699287781788197]]}},{"type":"Feature","properties":{},"geometry":{"type":"LineString","coordinates":[[85.345386509912,27.699287781788197],[85.3450661551853,27.699347208208128],[85.3449182186674,27.69939548543542]]}},{"type":"Feature","properties":{},"geometry":{"type":"LineString","coordinates":[[85.3449182186674,27.69939548543542],[85.34492553800722,27.699349175357877],[85.34504805787293,27.69926711045393]]}},{"type":"Feature","properties":{},"geometry":{"type":"LineString","coordinates":[[85.34504805787293,27.69926711045393],[85.3449512369844,27.699071995140887]]}},{"type":"Feature","properties":{},"geometry":{"type":"LineString","coordinates":[[85.34504805787293,27.69926711045393],[85.34520183533243,27.69912403817165],[85.34508584460012,27.698839924937726]]}},{"type":"Feature","properties":{},"geometry":{"type":"LineString","coordinates":[[85.34484874324976,27.699421016639942],[85.34476694320914,27.69930263629246],[85.34473388872964,27.699308921795133],[85.34467987631515,27.699171034597377]]}},{"type":"Feature","properties":{},"geometry":{"type":"LineString","coordinates":[[85.34484874324976,27.699421016639942],[85.3446960380851,27.699486127000885],[85.34446978965762,27.69963657510046]]}},{"type":"Feature","properties":{},"geometry":{"type":"LineString","coordinates":[[85.34446978965762,27.69963657510046],[85.34428278686732,27.69977455858044],[85.34426132489598,27.699750054804227],[85.34408327882062,27.699326260456896],[85.34394106038812,27.69881628452758]]}},{"type":"Feature","properties":{},"geometry":{"type":"LineString","coordinates":[[85.34553290224346,27.697818669787797],[85.34554717563344,27.697725205783943]]}},{"type":"Feature","properties":{},"geometry":{"type":"LineString","coordinates":[[85.34605097592753,27.695121994681383],[85.34605591590761,27.69512476045239]]}},{"type":"Feature","properties":{},"geometry":{"type":"LineString","coordinates":[[85.34712012188902,27.696772943835665],[85.34711758057104,27.69677033580106]]}},{"type":"Feature","properties":{},"geometry":{"type":"LineString","coordinates":[[85.34711758057104,27.69677033580106],[85.34711595491365,27.696768668328982]]}},{"type":"Feature","properties":{},"geometry":{"type":"LineString","coordinates":[[85.34640963868809,27.69289572556374],[85.34638618195972,27.692694904060893]]}},{"type":"Feature","properties":{},"geometry":{"type":"LineString","coordinates":[[85.34396678786833,27.69738250497311],[85.34399157878791,27.69720138368775],[85.34409372795042,27.69685653022456]]}},{"type":"Feature","properties":{},"geometry":{"type":"LineString","coordinates":[[85.34431550015734,27.69154073306853],[85.34431816716605,27.691543533092336]]}},{"type":"Feature","properties":{},"geometry":{"type":"LineString","coordinates":[[85.34663335384269,27.689309595884197],[85.34663658806552,27.68931216616707]]}},{"type":"Feature","properties":{},"geometry":{"type":"LineString","coordinates":[[85.3457730254802,27.689206461001437],[85.34575426302457,27.689207791971583]]}},{"type":"Feature","properties":{},"geometry":{"type":"LineString","coordinates":[[85.34577671554813,27.68923595996917],[85.34575699100257,27.689242595496456]]}},{"type":"Feature","properties":{},"geometry":{"type":"LineString","coordinates":[[85.34577869709237,27.689251137540996],[85.34575794224621,27.68925287342459]]}},{"type":"Feature","properties":{},"geometry":{"type":"LineString","coordinates":[[85.34578767543113,27.68934892562851],[85.3457708253473,27.6893484319143]]}},{"type":"Feature","properties":{},"geometry":{"type":"LineString","coordinates":[[85.34578775382518,27.689347693674673],[85.34579542899219,27.689346701390644]]}},{"type":"Feature","properties":{},"geometry":{"type":"LineString","coordinates":[[85.34579260669449,27.68942065192593],[85.34580680199531,27.68941639265917]]}},{"type":"Feature","properties":{},"geometry":{"type":"LineString","coordinates":[[85.34580495342803,27.689504107058358],[85.34580009495374,27.68950449307811]]}},{"type":"Feature","properties":{},"geometry":{"type":"LineString","coordinates":[[85.34580768475037,27.689531089981454],[85.34582509278393,27.689528270759276]]}},{"type":"Feature","properties":{},"geometry":{"type":"LineString","coordinates":[[85.34581259273949,27.689591515106514],[85.34579615785965,27.689593137430457]]}},{"type":"Feature","properties":{},"geometry":{"type":"LineString","coordinates":[[85.34581557740351,27.6896216013324],[85.34585347590911,27.689615554745682]]}},{"type":"Feature","properties":{},"geometry":{"type":"LineString","coordinates":[[85.34582061345422,27.689642257798248],[85.34581290234816,27.689642740612584]]}},{"type":"Feature","properties":{},"geometry":{"type":"LineString","coordinates":[[85.34595498516423,27.689593234039844],[85.34598521962374,27.68960802251682]]}},{"type":"Feature","properties":{},"geometry":{"type":"LineString","coordinates":[[85.34595626229294,27.68959326193029],[85.34597935348928,27.689596557690937]]}},{"type":"Feature","properties":{},"geometry":{"type":"LineString","coordinates":[[85.34720275311057,27.69013996951716],[85.34721265983114,27.690132795112323]]}},{"type":"Feature","properties":{},"geometry":{"type":"LineString","coordinates":[[85.34628353956539,27.69229455582973],[85.34628380174755,27.69229922607239]]}},{"type":"Feature","properties":{},"geometry":{"type":"LineString","coordinates":[[85.34429159424775,27.69249214032621],[85.34430620651673,27.69248460362516]]}},{"type":"Feature","properties":{},"geometry":{"type":"LineString","coordinates":[[85.34427048803133,27.692463971943194],[85.3442922617543,27.692463966950083]]}},{"type":"Feature","properties":{},"geometry":{"type":"LineString","coordinates":[[85.34246935437919,27.687906970194124],[85.34245908244324,27.68790294279617]]}},{"type":"Feature","properties":{},"geometry":{"type":"LineString","coordinates":[[85.34409372795042,27.69685653022456],[85.34497223190456,27.69661443659068]]}},{"type":"Feature","properties":{},"geometry":{"type":"LineString","coordinates":[[85.34512461053879,27.697059658429986],[85.34509877215075,27.69703880475258]]}},{"type":"Feature","properties":{},"geometry":{"type":"LineString","coordinates":[[85.34503934583472,27.697019047828963],[85.34504711117023,27.697046929385728]]}},{"type":"Feature","properties":{},"geometry":{"type":"LineString","coordinates":[[85.34496726210064,27.697059488850563],[85.34499878202459,27.69709021310568]]}},{"type":"Feature","properties":{},"geometry":{"type":"LineString","coordinates":[[85.34499354846324,27.6970553543812],[85.34498072802565,27.69700565362279]]}},{"type":"Feature","properties":{},"geometry":{"type":"LineString","coordinates":[[85.34527598703362,27.697804762465626],[85.34526419852894,27.69777106732179]]}},{"type":"Feature","properties":{},"geometry":{"type":"LineString","coordinates":[[85.34769312301715,27.69021381375314],[85.34770795509326,27.69020241816368]]}},{"type":"Feature","properties":{},"geometry":{"type":"LineString","coordinates":[[85.34645463489852,27.695314726029086],[85.34647797138824,27.695283867492968]]}},{"type":"Feature","properties":{},"geometry":{"type":"LineString","coordinates":[[85.346232397894,27.695470485437877],[85.346238162346,27.695473514668347]]}},{"type":"Feature","properties":{},"geometry":{"type":"LineString","coordinates":[[85.34462965672707,27.698809595884267],[85.34461817555258,27.698787189898887]]}},{"type":"Feature","properties":{},"geometry":{"type":"LineString","coordinates":[[85.3468872406575,27.69681836890467],[85.34698560806757,27.69689738147161]]}},{"type":"Feature","properties":{},"geometry":{"type":"LineString","coordinates":[[85.3468545257448,27.69649664721205],[85.34689303218941,27.696487153601737],[85.34699401249567,27.69665013493032]]}},{"type":"Feature","properties":{},"geometry":{"type":"LineString","coordinates":[[85.34699401249567,27.69665013493032],[85.34712097140408,27.69677194853148]]}},{"type":"Feature","properties":{},"geometry":{"type":"LineString","coordinates":[[85.34447735825205,27.695518584233444],[85.34451024340072,27.695518874542664]]}},{"type":"Feature","properties":{},"geometry":{"type":"LineString","coordinates":[[85.34564497091618,27.69518154686186],[85.34565195663585,27.69522401338169]]}},{"type":"Feature","properties":{},"geometry":{"type":"LineString","coordinates":[[85.34529570786859,27.694528795036664],[85.34530557718936,27.694526689990113]]}},{"type":"Feature","properties":{},"geometry":{"type":"LineString","coordinates":[[85.34780903569659,27.69557192169572],[85.34781641130895,27.695586874786994]]}},{"type":"Feature","properties":{},"geometry":{"type":"LineString","coordinates":[[85.34779392799814,27.69557389762092],[85.3478000040055,27.69556210152828]]}},{"type":"Feature","properties":{},"geometry":{"type":"LineString","coordinates":[[85.34736950066812,27.695468099062918],[85.34739395648097,27.695455877944806]]}},{"type":"Feature","properties":{},"geometry":{"type":"LineString","coordinates":[[85.34736140690237,27.695459359590735],[85.34738482086539,27.695443805539462]]}},{"type":"Feature","properties":{},"geometry":{"type":"LineString","coordinates":[[85.34890770650742,27.694491301192766],[85.34889905149156,27.694470533078164]]}},{"type":"Feature","properties":{},"geometry":{"type":"LineString","coordinates":[[85.35031107118779,27.69454841799001],[85.35033422350362,27.69454395271037]]}},{"type":"Feature","properties":{},"geometry":{"type":"LineString","coordinates":[[85.34985372281365,27.694584148175647],[85.34986125204487,27.694584184656346]]}},{"type":"Feature","properties":{},"geometry":{"type":"LineString","coordinates":[[85.35049401727716,27.69430674867049],[85.35051336295486,27.694304112618415]]}},{"type":"Feature","properties":{},"geometry":{"type":"LineString","coordinates":[[85.35127116961965,27.690318748493457],[85.3512787518908,27.690320971511035]]}},{"type":"Feature","properties":{},"geometry":{"type":"LineString","coordinates":[[85.35010715413654,27.693298790765493],[85.35011373501243,27.69329115503594]]}},{"type":"Feature","properties":{},"geometry":{"type":"LineString","coordinates":[[85.35011112139539,27.69330077131211],[85.35011757880035,27.69329345722613]]}},{"type":"Feature","properties":{},"geometry":{"type":"LineString","coordinates":[[85.3487149944721,27.69203364522754],[85.34875178458667,27.69204025382487]]}},{"type":"Feature","properties":{},"geometry":{"type":"LineString","coordinates":[[85.35036890267676,27.69227418161828],[85.35035181869065,27.69225522387842]]}},{"type":"Feature","properties":{},"geometry":{"type":"LineString","coordinates":[[85.34822016019478,27.69225170251146],[85.34823624242055,27.692249350952803]]}},{"type":"Feature","properties":{},"geometry":{"type":"LineString","coordinates":[[85.34810679867515,27.69190976368001],[85.34814474196163,27.691881932041834]]}},{"type":"Feature","properties":{},"geometry":{"type":"LineString","coordinates":[[85.34673200316658,27.694924638111537],[85.34673329645271,27.694925751060463]]}},{"type":"Feature","properties":{},"geometry":{"type":"LineString","coordinates":[[85.34829249395551,27.692502426994466],[85.34833489885524,27.69249594342404]]}},{"type":"Feature","properties":{},"geometry":{"type":"LineString","coordinates":[[85.34658562072549,27.69417743411762],[85.34659079182435,27.694156991627796]]}},{"type":"Feature","properties":{},"geometry":{"type":"LineString","coordinates":[[85.34499861305342,27.692930283473622],[85.34494193279082,27.692869655620637]]}},{"type":"Feature","properties":{},"geometry":{"type":"LineString","coordinates":[[85.34625609445257,27.693799949420654],[85.34625639707528,27.69380691443965]]}},{"type":"Feature","properties":{},"geometry":{"type":"LineString","coordinates":[[85.34598810364149,27.692775810092968],[85.34598524460215,27.692757696866387]]}},{"type":"Feature","properties":{},"geometry":{"type":"LineString","coordinates":[[85.34513333583993,27.692296571060425],[85.34514199381177,27.69229073391908]]}},{"type":"Feature","properties":{},"geometry":{"type":"LineString","coordinates":[[85.34500268499994,27.692930828548015],[85.34489761538212,27.69276476081405]]}},{"type":"Feature","properties":{},"geometry":{"type":"LineString","coordinates":[[85.34603307219214,27.69210883213227],[85.34603188584038,27.69208912692206]]}},{"type":"Feature","properties":{},"geometry":{"type":"LineString","coordinates":[[85.34728988301535,27.691995895108096],[85.34731260950633,27.691996850496523]]}},{"type":"Feature","properties":{},"geometry":{"type":"LineString","coordinates":[[85.34476802444188,27.692983326723088],[85.34476986851102,27.692972998272914]]}},{"type":"Feature","properties":{},"geometry":{"type":"LineString","coordinates":[[85.34560395502724,27.693082476733853],[85.34561925954151,27.693077783089457]]}},{"type":"Feature","properties":{},"geometry":{"type":"LineString","coordinates":[[85.344575437759,27.692479762820643],[85.34458305699278,27.69249183351596]]}},{"type":"Feature","properties":{},"geometry":{"type":"LineString","coordinates":[[85.34573953615387,27.694240932428585],[85.34577814675717,27.694230602777633]]}},{"type":"Feature","properties":{},"geometry":{"type":"LineString","coordinates":[[85.34564004368701,27.692140890811533],[85.34564386888277,27.6921510740082]]}},{"type":"Feature","properties":{},"geometry":{"type":"LineString","coordinates":[[85.34578632352071,27.696938229156505],[85.34580141230104,27.696926360335045]]}},{"type":"Feature","properties":{},"geometry":{"type":"LineString","coordinates":[[85.34709477182346,27.695678893881283],[85.3471244012012,27.69565226211058]]}},{"type":"Feature","properties":{},"geometry":{"type":"LineString","coordinates":[[85.34718700984699,27.695742295636535],[85.34716339728267,27.695766246454312]]}},{"type":"Feature","properties":{},"geometry":{"type":"LineString","coordinates":[[85.3486167604592,27.691812779065078],[85.34862884204573,27.691828315331446]]}},{"type":"Feature","properties":{},"geometry":{"type":"LineString","coordinates":[[85.35145459743661,27.694102904815377],[85.35138122211232,27.694088081278302]]}},{"type":"Feature","properties":{},"geometry":{"type":"LineString","coordinates":[[85.34831473386082,27.691782842928273],[85.34832173523732,27.691775834160026]]}},{"type":"Feature","properties":{},"geometry":{"type":"LineString","coordinates":[[85.34285705454843,27.690496071005008],[85.34286779927399,27.69049156948522]]}},{"type":"Feature","properties":{},"geometry":{"type":"LineString","coordinates":[[85.34709312967851,27.692700841144564],[85.3471431435859,27.692661705880663]]}},{"type":"Feature","properties":{},"geometry":{"type":"LineString","coordinates":[[85.34502390218557,27.690542575952424],[85.34499809947543,27.690543588006097]]}},{"type":"Feature","properties":{},"geometry":{"type":"LineString","coordinates":[[85.34552401197602,27.697683039641557],[85.34554206135694,27.697686190435487]]}},{"type":"Feature","properties":{},"geometry":{"type":"LineString","coordinates":[[85.34446320896058,27.69729480187484],[85.34447426275909,27.697328649851613]]}},{"type":"Feature","properties":{},"geometry":{"type":"LineString","coordinates":[[85.34488442488521,27.691841052472327],[85.34501289690722,27.69200972489661],[85.34561737362303,27.692966899768628],[85.34569618738175,27.693157688366245],[85.34577265131809,27.69350426768867],[85.34572285562339,27.694057810603663],[85.34573508400699,27.694222292931283]]}},{"type":"Feature","properties":{},"geometry":{"type":"LineString","coordinates":[[85.34484609113902,27.6918476666854],[85.34499558947667,27.69182187151535]]}},{"type":"Feature","properties":{},"geometry":{"type":"LineString","coordinates":[[85.34424666776457,27.69972281463738],[85.3442636766422,27.69971591676764]]}},{"type":"Feature","properties":{},"geometry":{"type":"LineString","coordinates":[[85.34403188524517,27.698337623981043],[85.34403251040834,27.69834961105257]]}},{"type":"Feature","properties":{},"geometry":{"type":"LineString","coordinates":[[85.34872735176955,27.694122626319597],[85.34876038021167,27.69412051290698]]}},{"type":"Feature","properties":{},"geometry":{"type":"LineString","coordinates":[[85.34515722266985,27.69010169265523],[85.34519334933542,27.690065371441854]]}},{"type":"Feature","properties":{},"geometry":{"type":"LineString","coordinates":[[85.34562296648834,27.688783741913426],[85.34561509654712,27.68877633719671]]}},{"type":"Feature","properties":{},"geometry":{"type":"LineString","coordinates":[[85.34621983743583,27.689565376496574],[85.34624411192463,27.689567189908114]]}},{"type":"Feature","properties":{},"geometry":{"type":"LineString","coordinates":[[85.34240153412665,27.68690695569424],[85.34240219537874,27.686933994215096]]}},{"type":"Feature","properties":{},"geometry":{"type":"LineString","coordinates":[[85.34296051160479,27.68796603653507],[85.34297111141369,27.687978433598005]]}},{"type":"Feature","properties":{},"geometry":{"type":"LineString","coordinates":[[85.34334171461394,27.687875608000457],[85.34329840297877,27.687898198870176]]}},{"type":"Feature","properties":{},"geometry":{"type":"LineString","coordinates":[[85.34506502751537,27.687628001702596],[85.34509277661044,27.687639672112656]]}},{"type":"Feature","properties":{},"geometry":{"type":"LineString","coordinates":[[85.34422169076784,27.68862446547503],[85.34422338401818,27.68860753213115]]}},{"type":"Feature","properties":{},"geometry":{"type":"LineString","coordinates":[[85.34211343979175,27.687318161342986],[85.34210890183796,27.68730948491386]]}},{"type":"Feature","properties":{},"geometry":{"type":"LineString","coordinates":[[85.34202930591012,27.687822875167626],[85.34205270524858,27.68781990160289]]}},{"type":"Feature","properties":{},"geometry":{"type":"LineString","coordinates":[[85.3447166604833,27.692467921819063],[85.34471502125758,27.692452038925648]]}},{"type":"Feature","properties":{},"geometry":{"type":"LineString","coordinates":[[85.34499332674943,27.69293166347422],[85.34492779780308,27.692855433894092]]}},{"type":"Feature","properties":{},"geometry":{"type":"LineString","coordinates":[[85.34449741462248,27.696086076543367],[85.34451544413773,27.696084477083463]]}},{"type":"Feature","properties":{},"geometry":{"type":"LineString","coordinates":[[85.34445368484711,27.696373065839545],[85.34447708392068,27.696386353235187]]}},{"type":"Feature","properties":{},"geometry":{"type":"LineString","coordinates":[[85.34444952806938,27.694439489908362],[85.3444781828334,27.694438555410134]]}},{"type":"Feature","properties":{},"geometry":{"type":"LineString","coordinates":[[85.34148192460164,27.687452601209376],[85.34150286658483,27.68745214892391]]}},{"type":"Feature","properties":{},"geometry":{"type":"LineString","coordinates":[[85.34160377793313,27.68811021562066],[85.34162721451672,27.688091095881678]]}},{"type":"Feature","properties":{},"geometry":{"type":"LineString","coordinates":[[85.34189416889977,27.68816408340973],[85.34189791065377,27.6881415102015]]}},{"type":"Feature","properties":{},"geometry":{"type":"LineString","coordinates":[[85.34360614013512,27.689550026064246],[85.34361425286158,27.68956337260493]]}},{"type":"Feature","properties":{},"geometry":{"type":"LineString","coordinates":[[85.3431720706865,27.68990150382086],[85.34316232383888,27.68990593156359]]}},{"type":"Feature","properties":{},"geometry":{"type":"LineString","coordinates":[[85.34254632094948,27.68943270466682],[85.34253217400291,27.689441809987624]]}},{"type":"Feature","properties":{},"geometry":{"type":"LineString","coordinates":[[85.34234846856205,27.689129543058332],[85.3423205085876,27.689148606960845]]}},{"type":"Feature","properties":{},"geometry":{"type":"LineString","coordinates":[[85.34886445528278,27.693703881704764],[85.34884626503936,27.693711203836195]]}},{"type":"Feature","properties":{},"geometry":{"type":"LineString","coordinates":[[85.34828049534306,27.693001118102977],[85.34829856000619,27.692974585459133]]}},{"type":"Feature","properties":{},"geometry":{"type":"LineString","coordinates":[[85.34639021309502,27.692897889861634],[85.34639370077078,27.692919507086653]]}},{"type":"Feature","properties":{},"geometry":{"type":"LineString","coordinates":[[85.34633032122866,27.69347313634799],[85.34631549782952,27.69347463355167]]}},{"type":"Feature","properties":{},"geometry":{"type":"LineString","coordinates":[[85.3466526732732,27.692272416118644],[85.34666272506931,27.692295933975334]]}},{"type":"Feature","properties":{},"geometry":{"type":"LineString","coordinates":[[85.35023666420547,27.694334574340033],[85.35024189721484,27.694348740928774]]}},{"type":"Feature","properties":{},"geometry":{"type":"LineString","coordinates":[[85.35130421672443,27.694326141354235],[85.35128365503111,27.69431455951457]]}},{"type":"Feature","properties":{},"geometry":{"type":"LineString","coordinates":[[85.3503613633815,27.694811866672836],[85.35037329002198,27.694813266930982]]}},{"type":"Feature","properties":{},"geometry":{"type":"LineString","coordinates":[[85.34682990673645,27.68939874034591],[85.34681283401466,27.68938421929203]]}},{"type":"Feature","properties":{},"geometry":{"type":"LineString","coordinates":[[85.34685784831512,27.689151427146435],[85.34686496975026,27.689143510104476]]}},{"type":"Feature","properties":{},"geometry":{"type":"LineString","coordinates":[[85.34701637357216,27.68972694313493],[85.34699938928874,27.68973494913582]]}},{"type":"Feature","properties":{},"geometry":{"type":"LineString","coordinates":[[85.34731037443063,27.689855125876697],[85.34731843621732,27.689849065761397]]}},{"type":"Feature","properties":{},"geometry":{"type":"LineString","coordinates":[[85.34689892256667,27.689946910840373],[85.34687503417534,27.689943085841403]]}},{"type":"Feature","properties":{},"geometry":{"type":"LineString","coordinates":[[85.34754945940595,27.69131768834239],[85.34753932655781,27.691323646132094]]}},{"type":"Feature","properties":{},"geometry":{"type":"LineString","coordinates":[[85.34773722100424,27.691532783920653],[85.34781278765468,27.6914886625024]]}},{"type":"Feature","properties":{},"geometry":{"type":"LineString","coordinates":[[85.34774578306164,27.691542392700384],[85.34778907546435,27.69151357892185]]}},{"type":"Feature","properties":{},"geometry":{"type":"LineString","coordinates":[[85.34592130264404,27.69133247315448],[85.34592785461982,27.691350910289298]]}},{"type":"Feature","properties":{},"geometry":{"type":"LineString","coordinates":[[85.34655551977222,27.690003326368394],[85.34656381611404,27.689984193781434]]}},{"type":"Feature","properties":{},"geometry":{"type":"LineString","coordinates":[[85.3466201942469,27.690022313956263],[85.34663040865114,27.689997884605567]]}},{"type":"Feature","properties":{},"geometry":{"type":"LineString","coordinates":[[85.34581667536139,27.69458150875989],[85.34579755719953,27.694592717525648]]}},{"type":"Feature","properties":{},"geometry":{"type":"LineString","coordinates":[[85.34449867305706,27.69296809361774],[85.3444764178123,27.69297063808631]]}},{"type":"Feature","properties":{},"geometry":{"type":"LineString","coordinates":[[85.34430320416372,27.690763788045253],[85.34434826306956,27.690763889058807]]}},{"type":"Feature","properties":{},"geometry":{"type":"LineString","coordinates":[[85.34428785861226,27.697336086258815],[85.34429259583662,27.697354773425534]]}},{"type":"Feature","properties":{},"geometry":{"type":"LineString","coordinates":[[85.34708478485535,27.693505213192967],[85.34707286388984,27.69350735254519]]}},{"type":"Feature","properties":{},"geometry":{"type":"LineString","coordinates":[[85.34624549614375,27.691376124560602],[85.34590996340222,27.691349038580217]]}},{"type":"Feature","properties":{},"geometry":{"type":"LineString","coordinates":[[85.3448729268908,27.697191476131607],[85.34490506802669,27.69728465644537],[85.34507034984934,27.697252394693514]]}},{"type":"Feature","properties":{},"geometry":{"type":"LineString","coordinates":[[85.34695561010139,27.695583238644573],[85.34727711334436,27.69580422957136]]}},{"type":"Feature","properties":{},"geometry":{"type":"LineString","coordinates":[[85.34571080092375,27.698082103911783],[85.34571192058108,27.697996771776683]]}},{"type":"Feature","properties":{},"geometry":{"type":"LineString","coordinates":[[85.34363267964382,27.68765892017615],[85.34371476510049,27.68760132614829]]}},{"type":"Feature","properties":{},"geometry":{"type":"LineString","coordinates":[[85.34371476510049,27.68760132614829],[85.34379965403934,27.68754889752363]]}},{"type":"Feature","properties":{},"geometry":{"type":"LineString","coordinates":[[85.3454351883716,27.696179224632782],[85.34561736585489,27.696734018377406]]}},{"type":"Feature","properties":{},"geometry":{"type":"LineString","coordinates":[[85.34779289677007,27.690705657783447],[85.34773732669287,27.690616788889624],[85.34776919894242,27.69041013197464]]}},{"type":"Feature","properties":{},"geometry":{"type":"LineString","coordinates":[[85.3462659515631,27.69905572814853],[85.34627682052826,27.6990784777886]]}},{"type":"Feature","properties":{},"geometry":{"type":"LineString","coordinates":[[85.34627506359593,27.699051956008674],[85.34628445128487,27.699074826947797]]}},{"type":"Feature","properties":{},"geometry":{"type":"LineString","coordinates":[[85.34454455149532,27.691649124663357],[85.34457341594135,27.691625709995023]]}},{"type":"Feature","properties":{},"geometry":{"type":"LineString","coordinates":[[85.34527831428062,27.694063528860696],[85.34528717038879,27.694080328343954]]}}]}