{"type":"FeatureCollection","features":[{"type":"Feature","properties":{},"geometry":{"type":"Point","coordinates":[85.34025103812692,27.701666748845636]}},{"type":"Feature","properties":{},"geometry":{"type":"Point","coordinates":[85.3402506987895,27.70166538463106]}},{"type":"Feature","properties":{},"geometry":{"type":"Point","coordinates":[85.34027742367788,27.701721942165282]}},{"type":"Feature","properties":{},"geometry":{"type":"Point","coordinates":[85.34031988629799,27.70180182981031]}},{"type":"Feature","properties":{},"geometry":{"type":"Point","coordinates":[85.34039813334363,27.701932114438193]}},{"type":"Feature","properties":{},"geometry":{"type":"Point","coordinates":[85.34041716300807,27.70199475676297]}},{"type":"Feature","properties":{},"geometry":{"type":"Point","coordinates":[85.34045458140969,27.702042047794276]}},{"type":"Feature","properties":{},"geometry":{"type":"Point","coordinates":[85.34027805774137,27.70187844600289]}},{"type":"Feature","properties":{},"geometry":{"type":"Point","coordinates":[85.34021734838083,27.701804663761255]}},{"type":"Feature","properties":{},"geometry":{"type":"Point","coordinates":[85.34015880612063,27.701868497948006]}},{"type":"Feature","properties":{},"geometry":{"type":"Point","coordinates":[85.34010765914151,27.701869424443867]}},{"type":"Feature","properties":{},"geometry":{"type":"Point","coordinates":[85.34012356532114,27.701860985861565]}},{"type":"Feature","properties":{},"geometry":{"type":"Point","coordinates":[85.34013493257244,27.70185730977615]}},{"type":"Feature","properties":{},"geometry":{"type":"Point","coordinates":[85.34041184225211,27.70222875906223]}},{"type":"Feature","properties":{},"geometry":{"type":"Point","coordinates":[85.34039639129571,27.70219853689513]}},{"type":"Feature","properties":{},"geometry":{"type":"Point","coordinates":[85.34039471340931,27.702199250555037]}},{"type":"Feature","properties":{},"geometry":{"type":"Point","coordinates":[85.34034576376563,27.70221565155955]}},{"type":"Feature","properties":{},"geometry":{"type":"Point","coordinates":[85.34031318303109,27.702260514019002]}},{"type":"Feature","properties":{},"geometry":{"type":"Point","coordinates":[85.34010596512975,27.70228323601906]}},{"type":"Feature","properties":{},"geometry":{"type":"Point","coordinates":[85.34010400482747,27.702283112330893]}},{"type":"Feature","properties":{},"geometry":{"type":"Point","coordinates":[85.34009341478105,27.702337069883367]}},{"type":"Feature","properties":{},"geometry":{"type":"Point","coordinates":[85.33994037734053,27.702198664228852]}},{"type":"Feature","properties":{},"geometry":{"type":"Point","coordinates":[85.33989757378815,27.70236344161486]}},{"type":"Feature","properties":{},"geometry":{"type":"Point","coordinates":[85.33999882029279,27.702368046610022]}},{"type":"Feature","properties":{},"geometry":{"type":"Point","coordinates":[85.33988918501169,27.70236240958303]}},{"type":"Feature","properties":{},"geometry":{"type":"Point","coordinates":[85.33984069868174,27.702431257842726]}},{"type":"Feature","properties":{},"geometry":{"type":"Point","coordinates":[85.33976296481961,27.702424038428788]}},{"type":"Feature","properties":{},"geometry":{"type":"Point","coordinates":[85.33974029672957,27.702468321951436]}},{"type":"Feature","properties":{},"geometry":{"type":"Point","coordinates":[85.33961761569262,27.702522092162916]}},{"type":"Feature","properties":{},"geometry":{"type":"Point","coordinates":[85.34094594354623,27.702966648892474]}},{"type":"Feature","properties":{},"geometry":{"type":"Point","coordinates":[85.34094648082153,27.70296806782575]}},{"type":"Feature","properties":{},"geometry":{"type":"Point","coordinates":[85.34099231956226,27.703074471210844]}},{"type":"Feature","properties":{},"geometry":{"type":"Point","coordinates":[85.34099187391719,27.703073296162415]}},{"type":"Feature","properties":{},"geometry":{"type":"Point","coordinates":[85.34099093115483,27.703071734279344]}},{"type":"Feature","properties":{},"geometry":{"type":"Point","coordinates":[85.34099012037443,27.703069692917637]}},{"type":"Feature","properties":{},"geometry":{"type":"Point","coordinates":[85.34071162817675,27.70263555792212]}},{"type":"Feature","properties":{},"geometry":{"type":"Point","coordinates":[85.34050115816996,27.7027332264494]}},{"type":"Feature","properties":{},"geometry":{"type":"Point","coordinates":[85.34052237717897,27.702770548632294]}},{"type":"Feature","properties":{},"geometry":{"type":"Point","coordinates":[85.34052166407719,27.702770831608284]}},{"type":"Feature","properties":{},"geometry":{"type":"Point","coordinates":[85.34052370393513,27.702769853325755]}},{"type":"Feature","properties":{},"geometry":{"type":"Point","coordinates":[85.34030674128934,27.702838862593584]}},{"type":"Feature","properties":{},"geometry":{"type":"Point","coordinates":[85.34027358582252,27.702905873088984]}},{"type":"Feature","properties":{},"geometry":{"type":"Point","coordinates":[85.34001663856984,27.70299928043239]}},{"type":"Feature","properties":{},"geometry":{"type":"Point","coordinates":[85.34049008040095,27.703236764671164]}},{"type":"Feature","properties":{},"geometry":{"type":"Point","coordinates":[85.34038458064343,27.703129003275258]}},{"type":"Feature","properties":{},"geometry":{"type":"Point","coordinates":[85.34041177115434,27.70318490479759]}},{"type":"Feature","properties":{},"geometry":{"type":"Point","coordinates":[85.34041339644871,27.70318760034933]}},{"type":"Feature","properties":{},"geometry":{"type":"Point","coordinates":[85.34041421700434,27.703188593065743]}},{"type":"Feature","properties":{},"geometry":{"type":"Point","coordinates":[85.34055049567445,27.70336803856106]}},{"type":"Feature","properties":{},"geometry":{"type":"Point","coordinates":[85.34055059650889,27.703367138120274]}},{"type":"Feature","properties":{},"geometry":{"type":"Point","coordinates":[85.34026359077359,27.70346054567732]}},{"type":"Feature","properties":{},"geometry":{"type":"Point","coordinates":[85.34026393567738,27.70346160940865]}},{"type":"Feature","properties":{},"geometry":{"type":"Point","coordinates":[85.34026443092405,27.703462722777793]}},{"type":"Feature","properties":{},"geometry":{"type":"Point","coordinates":[85.34104823770568,27.70319564560086]}},{"type":"Feature","properties":{},"geometry":{"type":"Point","coordinates":[85.34105622999853,27.703210758946174]}},{"type":"Feature","properties":{},"geometry":{"type":"Point","coordinates":[85.34109439380407,27.703487010982656]}},{"type":"Feature","properties":{},"geometry":{"type":"Point","coordinates":[85.34093025392025,27.703550007793908]}},{"type":"Feature","properties":{},"geometry":{"type":"Point","coordinates":[85.34084426157355,27.703593400779678]}},{"type":"Feature","properties":{},"geometry":{"type":"Point","coordinates":[85.34125653274361,27.70359644426511]}},{"type":"Feature","properties":{},"geometry":{"type":"Point","coordinates":[85.34141993774735,27.70395192467331]}},{"type":"Feature","properties":{},"geometry":{"type":"Point","coordinates":[85.34147466088737,27.704051864682036]}},{"type":"Feature","properties":{},"geometry":{"type":"Point","coordinates":[85.34149638100875,27.7041118088858]}},{"type":"Feature","properties":{},"geometry":{"type":"Point","coordinates":[85.34155170131636,27.704233490382144]}},{"type":"Feature","properties":{},"geometry":{"type":"Point","coordinates":[85.34214465969985,27.70549093311866]}},{"type":"Feature","properties":{},"geometry":{"type":"Point","coordinates":[85.34210933213033,27.70542475275987]}},{"type":"Feature","properties":{},"geometry":{"type":"Point","coordinates":[85.3420942364841,27.705375600377856]}},{"type":"Feature","properties":{},"geometry":{"type":"Point","coordinates":[85.34204003976586,27.705270075586917]}},{"type":"Feature","properties":{},"geometry":{"type":"Point","coordinates":[85.34204192109769,27.70527086528962]}},{"type":"Feature","properties":{},"geometry":{"type":"Point","coordinates":[85.34203428078165,27.705265184272953]}},{"type":"Feature","properties":{},"geometry":{"type":"Point","coordinates":[85.34203495835519,27.705265977608963]}},{"type":"Feature","properties":{},"geometry":{"type":"Point","coordinates":[85.34198965104075,27.705151401975954]}},{"type":"Feature","properties":{},"geometry":{"type":"Point","coordinates":[85.34198922830541,27.70515293576418]}},{"type":"Feature","properties":{},"geometry":{"type":"Point","coordinates":[85.34199013799827,27.70515386997112]}},{"type":"Feature","properties":{},"geometry":{"type":"Point","coordinates":[85.34189174263238,27.704942359714337]}},{"type":"Feature","properties":{},"geometry":{"type":"Point","coordinates":[85.34167597201493,27.704460176779328]}},{"type":"Feature","properties":{},"geometry":{"type":"Point","coordinates":[85.34157099347684,27.70442648862035]}},{"type":"Feature","properties":{},"geometry":{"type":"Point","coordinates":[85.34132484696792,27.704519524974007]}},{"type":"Feature","properties":{},"geometry":{"type":"Point","coordinates":[85.34110469503419,27.70460328277749]}},{"type":"Feature","properties":{},"geometry":{"type":"Point","coordinates":[85.34104209276146,27.704627343701834]}},{"type":"Feature","properties":{},"geometry":{"type":"Point","coordinates":[85.34097090277106,27.704641590214454]}},{"type":"Feature","properties":{},"geometry":{"type":"Point","coordinates":[85.3408717494958,27.70469165325786]}},{"type":"Feature","properties":{},"geometry":{"type":"Point","coordinates":[85.34086720523285,27.70470064958379]}},{"type":"Feature","properties":{},"geometry":{"type":"Point","coordinates":[85.3409636680825,27.704699456374595]}},{"type":"Feature","properties":{},"geometry":{"type":"Point","coordinates":[85.34255977527339,27.706403102827327]}},{"type":"Feature","properties":{},"geometry":{"type":"Point","coordinates":[85.34246169068562,27.70615486188252]}},{"type":"Feature","properties":{},"geometry":{"type":"Point","coordinates":[85.34284850621479,27.707026216059123]}},{"type":"Feature","properties":{},"geometry":{"type":"Point","coordinates":[85.34286853738247,27.707078560212196]}},{"type":"Feature","properties":{},"geometry":{"type":"Point","coordinates":[85.34291960171572,27.70718579274341]}},{"type":"Feature","properties":{},"geometry":{"type":"Point","coordinates":[85.34292000373217,27.707183885047918]}},{"type":"Feature","properties":{},"geometry":{"type":"Point","coordinates":[85.34298079592507,27.707321742989233]}},{"type":"Feature","properties":{},"geometry":{"type":"Point","coordinates":[85.34298065598398,27.707323755810613]}},{"type":"Feature","properties":{},"geometry":{"type":"Point","coordinates":[85.34298062628923,27.707337060880505]}},{"type":"Feature","properties":{},"geometry":{"type":"Point","coordinates":[85.34290680879364,27.707731650292047]}},{"type":"Feature","properties":{},"geometry":{"type":"Point","coordinates":[85.34284221113745,27.707657296363724]}},{"type":"Feature","properties":{},"geometry":{"type":"Point","coordinates":[85.34280806334309,27.70755935233171]}},{"type":"Feature","properties":{},"geometry":{"type":"Point","coordinates":[85.34280573361552,27.707555417290816]}},{"type":"Feature","properties":{},"geometry":{"type":"Point","coordinates":[85.34282396730178,27.707533659347902]}},{"type":"Feature","properties":{},"geometry":{"type":"Point","coordinates":[85.34281041750478,27.707493972559593]}},{"type":"Feature","properties":{},"geometry":{"type":"Point","coordinates":[85.34273381210177,27.70736313300308]}},{"type":"Feature","properties":{},"geometry":{"type":"Point","coordinates":[85.34273359448346,27.707360958856984]}},{"type":"Feature","properties":{},"geometry":{"type":"Point","coordinates":[85.3427180782908,27.707270559380778]}},{"type":"Feature","properties":{},"geometry":{"type":"Point","coordinates":[85.3426304579308,27.70728115229645]}},{"type":"Feature","properties":{},"geometry":{"type":"Point","coordinates":[85.34260227167466,27.707852764794197]}},{"type":"Feature","properties":{},"geometry":{"type":"Point","coordinates":[85.34260041273635,27.70785317395517]}},{"type":"Feature","properties":{},"geometry":{"type":"Point","coordinates":[85.34227413892411,27.707827393419777]}},{"type":"Feature","properties":{},"geometry":{"type":"Point","coordinates":[85.34219786809633,27.707921201881017]}},{"type":"Feature","properties":{},"geometry":{"type":"Point","coordinates":[85.34227384599603,27.707480552703355]}},{"type":"Feature","properties":{},"geometry":{"type":"Point","coordinates":[85.3418309910459,27.707843909120324]}},{"type":"Feature","properties":{},"geometry":{"type":"Point","coordinates":[85.34143805610796,27.707680020118527]}},{"type":"Feature","properties":{},"geometry":{"type":"Point","coordinates":[85.34121942633949,27.707630166103026]}},{"type":"Feature","properties":{},"geometry":{"type":"Point","coordinates":[85.34115119427867,27.70765575706267]}},{"type":"Feature","properties":{},"geometry":{"type":"Point","coordinates":[85.34130815802742,27.707552103615143]}},{"type":"Feature","properties":{},"geometry":{"type":"Point","coordinates":[85.34177025511208,27.70801017798205]}},{"type":"Feature","properties":{},"geometry":{"type":"Point","coordinates":[85.3413875759228,27.707920720580642]}},{"type":"Feature","properties":{},"geometry":{"type":"Point","coordinates":[85.34136034858794,27.707917829266478]}},{"type":"Feature","properties":{},"geometry":{"type":"Point","coordinates":[85.34133957031109,27.70792288728353]}},{"type":"Feature","properties":{},"geometry":{"type":"Point","coordinates":[85.3414506819102,27.707929180933917]}},{"type":"Feature","properties":{},"geometry":{"type":"Point","coordinates":[85.34126150270447,27.707908706820074]}},{"type":"Feature","properties":{},"geometry":{"type":"Point","coordinates":[85.34116186932792,27.707901767164014]}},{"type":"Feature","properties":{},"geometry":{"type":"Point","coordinates":[85.34100088726815,27.707886045000176]}},{"type":"Feature","properties":{},"geometry":{"type":"Point","coordinates":[85.3408712990194,27.70785696031487]}},{"type":"Feature","properties":{},"geometry":{"type":"Point","coordinates":[85.34078129441586,27.70783562277165]}},{"type":"Feature","properties":{},"geometry":{"type":"Point","coordinates":[85.34091025234362,27.7077069168056]}},{"type":"Feature","properties":{},"geometry":{"type":"Point","coordinates":[85.34080891452568,27.70772255817009]}},{"type":"Feature","properties":{},"geometry":{"type":"Point","coordinates":[85.34098344946732,27.707686890140128]}},{"type":"Feature","properties":{},"geometry":{"type":"Point","coordinates":[85.34090780114346,27.70756002421571]}},{"type":"Feature","properties":{},"geometry":{"type":"Point","coordinates":[85.34090500322418,27.70749119999453]}},{"type":"Feature","properties":{},"geometry":{"type":"Point","coordinates":[85.340917929123,27.707438438319386]}},{"type":"Feature","properties":{},"geometry":{"type":"Point","coordinates":[85.34114867709548,27.70740736811906]}},{"type":"Feature","properties":{},"geometry":{"type":"Point","coordinates":[85.3408836307717,27.707419857945368]}},{"type":"Feature","properties":{},"geometry":{"type":"Point","coordinates":[85.3406930322754,27.707390978659063]}},{"type":"Feature","properties":{},"geometry":{"type":"Point","coordinates":[85.34087277726947,27.70730101703132]}},{"type":"Feature","properties":{},"geometry":{"type":"Point","coordinates":[85.34085253778129,27.707245345122015]}},{"type":"Feature","properties":{},"geometry":{"type":"Point","coordinates":[85.34082513167361,27.707241011092588]}},{"type":"Feature","properties":{},"geometry":{"type":"Point","coordinates":[85.34081534142864,27.70716851631345]}},{"type":"Feature","properties":{},"geometry":{"type":"Point","coordinates":[85.3412151680348,27.7073904758424]}},{"type":"Feature","properties":{},"geometry":{"type":"Point","coordinates":[85.34134042361002,27.70738262639677]}},{"type":"Feature","properties":{},"geometry":{"type":"Point","coordinates":[85.34129359311811,27.70735358519787]}},{"type":"Feature","properties":{},"geometry":{"type":"Point","coordinates":[85.34134496693052,27.707344671674132]}},{"type":"Feature","properties":{},"geometry":{"type":"Point","coordinates":[85.3412640492523,27.707272499707194]}},{"type":"Feature","properties":{},"geometry":{"type":"Point","coordinates":[85.34122668157403,27.70722212454582]}},{"type":"Feature","properties":{},"geometry":{"type":"Point","coordinates":[85.34117396417449,27.70709054334718]}},{"type":"Feature","properties":{},"geometry":{"type":"Point","coordinates":[85.34117490651701,27.707099374376636]}},{"type":"Feature","properties":{},"geometry":{"type":"Point","coordinates":[85.34109689974179,27.707003463086213]}},{"type":"Feature","properties":{},"geometry":{"type":"Point","coordinates":[85.3411836338907,27.706946672429286]}},{"type":"Feature","properties":{},"geometry":{"type":"Point","coordinates":[85.34116042774146,27.706902552870105]}},{"type":"Feature","properties":{},"geometry":{"type":"Point","coordinates":[85.34111686590805,27.706799713926863]}},{"type":"Feature","properties":{},"geometry":{"type":"Point","coordinates":[85.34100595216348,27.70667197775115]}},{"type":"Feature","properties":{},"geometry":{"type":"Point","coordinates":[85.34103644406835,27.70692798287706]}},{"type":"Feature","properties":{},"geometry":{"type":"Point","coordinates":[85.34086571977727,27.706833604686768]}},{"type":"Feature","properties":{},"geometry":{"type":"Point","coordinates":[85.34084030626647,27.706821843982336]}},{"type":"Feature","properties":{},"geometry":{"type":"Point","coordinates":[85.34081313408879,27.70686022692179]}},{"type":"Feature","properties":{},"geometry":{"type":"Point","coordinates":[85.34070749391026,27.70689405272457]}},{"type":"Feature","properties":{},"geometry":{"type":"Point","coordinates":[85.34086247145302,27.706716204237118]}},{"type":"Feature","properties":{},"geometry":{"type":"Point","coordinates":[85.34081961515244,27.706583315983597]}},{"type":"Feature","properties":{},"geometry":{"type":"Point","coordinates":[85.34070622381492,27.706308270582593]}},{"type":"Feature","properties":{},"geometry":{"type":"Point","coordinates":[85.34107728497874,27.70670186595741]}},{"type":"Feature","properties":{},"geometry":{"type":"Point","coordinates":[85.34106716393217,27.70668668287453]}},{"type":"Feature","properties":{},"geometry":{"type":"Point","coordinates":[85.34097726705502,27.70657604920144]}},{"type":"Feature","properties":{},"geometry":{"type":"Point","coordinates":[85.34098978436162,27.706515228238977]}},{"type":"Feature","properties":{},"geometry":{"type":"Point","coordinates":[85.34091661043534,27.706451272767055]}},{"type":"Feature","properties":{},"geometry":{"type":"Point","coordinates":[85.3411252031637,27.70656602403294]}},{"type":"Feature","properties":{},"geometry":{"type":"Point","coordinates":[85.34125776967419,27.706519540966212]}},{"type":"Feature","properties":{},"geometry":{"type":"Point","coordinates":[85.34124221586389,27.706509607018475]}},{"type":"Feature","properties":{},"geometry":{"type":"Point","coordinates":[85.34129944377997,27.70651375227502]}},{"type":"Feature","properties":{},"geometry":{"type":"Point","coordinates":[85.3413073960006,27.706484740266994]}},{"type":"Feature","properties":{},"geometry":{"type":"Point","coordinates":[85.33991798177597,27.706102973911673]}},{"type":"Feature","properties":{},"geometry":{"type":"Point","coordinates":[85.33993673433972,27.706037652801978]}},{"type":"Feature","properties":{},"geometry":{"type":"Point","coordinates":[85.34006653496886,27.70619382372211]}},{"type":"Feature","properties":{},"geometry":{"type":"Point","coordinates":[85.34037220349076,27.706071047734632]}},{"type":"Feature","properties":{},"geometry":{"type":"Point","coordinates":[85.34035548183466,27.706132719875715]}},{"type":"Feature","properties":{},"geometry":{"type":"Point","coordinates":[85.34045163118188,27.70605007793829]}},{"type":"Feature","properties":{},"geometry":{"type":"Point","coordinates":[85.34054984279285,27.706025813331898]}},{"type":"Feature","properties":{},"geometry":{"type":"Point","coordinates":[85.3399449762419,27.70648753371806]}},{"type":"Feature","properties":{},"geometry":{"type":"Point","coordinates":[85.33993231732867,27.70652699308451]}},{"type":"Feature","properties":{},"geometry":{"type":"Point","coordinates":[85.34000226810619,27.706490396848125]}},{"type":"Feature","properties":{},"geometry":{"type":"Point","coordinates":[85.339815026572,27.706580500320136]}},{"type":"Feature","properties":{},"geometry":{"type":"Point","coordinates":[85.34043254898984,27.7063724382956]}},{"type":"Feature","properties":{},"geometry":{"type":"Point","coordinates":[85.34023294643009,27.706646763789635]}},{"type":"Feature","properties":{},"geometry":{"type":"Point","coordinates":[85.34015381998279,27.70655019956549]}},{"type":"Feature","properties":{},"geometry":{"type":"Point","coordinates":[85.34064617551152,27.70587079601334]}},{"type":"Feature","properties":{},"geometry":{"type":"Point","coordinates":[85.3411444687445,27.70610774140408]}},{"type":"Feature","properties":{},"geometry":{"type":"Point","coordinates":[85.34122269451156,27.706219640381722]}},{"type":"Feature","properties":{},"geometry":{"type":"Point","coordinates":[85.3412420089628,27.70626178634672]}},{"type":"Feature","properties":{},"geometry":{"type":"Point","coordinates":[85.34107587529323,27.705806794672775]}},{"type":"Feature","properties":{},"geometry":{"type":"Point","coordinates":[85.3410518662349,27.705737742405997]}},{"type":"Feature","properties":{},"geometry":{"type":"Point","coordinates":[85.34104639572989,27.70573851802256]}},{"type":"Feature","properties":{},"geometry":{"type":"Point","coordinates":[85.34099893450883,27.705676683081585]}},{"type":"Feature","properties":{},"geometry":{"type":"Point","coordinates":[85.34120929884452,27.705872656217103]}},{"type":"Feature","properties":{},"geometry":{"type":"Point","coordinates":[85.34128888670418,27.70596228115404]}},{"type":"Feature","properties":{},"geometry":{"type":"Point","coordinates":[85.34128831977986,27.705962888095968]}},{"type":"Feature","properties":{},"geometry":{"type":"Point","coordinates":[85.34139274965989,27.70574700888444]}},{"type":"Feature","properties":{},"geometry":{"type":"Point","coordinates":[85.34156788214538,27.705841310147573]}},{"type":"Feature","properties":{},"geometry":{"type":"Point","coordinates":[85.34155417813874,27.70576331889598]}},{"type":"Feature","properties":{},"geometry":{"type":"Point","coordinates":[85.34155203814878,27.705762265250012]}},{"type":"Feature","properties":{},"geometry":{"type":"Point","coordinates":[85.34160648791234,27.70575770897267]}},{"type":"Feature","properties":{},"geometry":{"type":"Point","coordinates":[85.34167248673765,27.705661776762057]}},{"type":"Feature","properties":{},"geometry":{"type":"Point","coordinates":[85.34163284984103,27.705569027683154]}},{"type":"Feature","properties":{},"geometry":{"type":"Point","coordinates":[85.34162583215571,27.705483959301205]}},{"type":"Feature","properties":{},"geometry":{"type":"Point","coordinates":[85.3416063464543,27.705452061617972]}},{"type":"Feature","properties":{},"geometry":{"type":"Point","coordinates":[85.3416195504779,27.70546702888337]}},{"type":"Feature","properties":{},"geometry":{"type":"Point","coordinates":[85.34162559164588,27.70548444018775]}},{"type":"Feature","properties":{},"geometry":{"type":"Point","coordinates":[85.34172978390542,27.705712746158852]}},{"type":"Feature","properties":{},"geometry":{"type":"Point","coordinates":[85.34172786381203,27.705712708715915]}},{"type":"Feature","properties":{},"geometry":{"type":"Point","coordinates":[85.34177653983227,27.705697059430967]}},{"type":"Feature","properties":{},"geometry":{"type":"Point","coordinates":[85.34190119920915,27.70566888943182]}},{"type":"Feature","properties":{},"geometry":{"type":"Point","coordinates":[85.34195298088055,27.705639050353884]}},{"type":"Feature","properties":{},"geometry":{"type":"Point","coordinates":[85.34200912882469,27.705617413599644]}},{"type":"Feature","properties":{},"geometry":{"type":"Point","coordinates":[85.34201766993732,27.705612211602354]}},{"type":"Feature","properties":{},"geometry":{"type":"Point","coordinates":[85.34012115623935,27.706775352815388]}},{"type":"Feature","properties":{},"geometry":{"type":"Point","coordinates":[85.34000690776925,27.706814310552996]}},{"type":"Feature","properties":{},"geometry":{"type":"Point","coordinates":[85.34020635928039,27.706971728191974]}},{"type":"Feature","properties":{},"geometry":{"type":"Point","coordinates":[85.34012179922955,27.707012683751767]}},{"type":"Feature","properties":{},"geometry":{"type":"Point","coordinates":[85.34028527640426,27.70701099590703]}},{"type":"Feature","properties":{},"geometry":{"type":"Point","coordinates":[85.34037133827557,27.707169019435856]}},{"type":"Feature","properties":{},"geometry":{"type":"Point","coordinates":[85.34037231874194,27.70716655097979]}},{"type":"Feature","properties":{},"geometry":{"type":"Point","coordinates":[85.34052300794838,27.70717789761847]}},{"type":"Feature","properties":{},"geometry":{"type":"Point","coordinates":[85.34047769800274,27.70720258342357]}},{"type":"Feature","properties":{},"geometry":{"type":"Point","coordinates":[85.3404917387413,27.70714270680489]}},{"type":"Feature","properties":{},"geometry":{"type":"Point","coordinates":[85.3404933428673,27.70714539758964]}},{"type":"Feature","properties":{},"geometry":{"type":"Point","coordinates":[85.3403144644989,27.707209257395757]}},{"type":"Feature","properties":{},"geometry":{"type":"Point","coordinates":[85.34022243714874,27.707218754393924]}},{"type":"Feature","properties":{},"geometry":{"type":"Point","coordinates":[85.34013883099465,27.707253960408785]}},{"type":"Feature","properties":{},"geometry":{"type":"Point","coordinates":[85.34007493850079,27.70725006056054]}},{"type":"Feature","properties":{},"geometry":{"type":"Point","coordinates":[85.34050718931842,27.70730438740886]}},{"type":"Feature","properties":{},"geometry":{"type":"Point","coordinates":[85.34044443498146,27.707415364603712]}},{"type":"Feature","properties":{},"geometry":{"type":"Point","coordinates":[85.34053370772448,27.707404626824175]}},{"type":"Feature","properties":{},"geometry":{"type":"Point","coordinates":[85.34047563555062,27.707472112050475]}},{"type":"Feature","properties":{},"geometry":{"type":"Point","coordinates":[85.34056192612192,27.70749010372244]}},{"type":"Feature","properties":{},"geometry":{"type":"Point","coordinates":[85.34055290504669,27.707615246267128]}},{"type":"Feature","properties":{},"geometry":{"type":"Point","coordinates":[85.34058346329225,27.707564418989058]}},{"type":"Feature","properties":{},"geometry":{"type":"Point","coordinates":[85.34043499140533,27.707388655892498]}},{"type":"Feature","properties":{},"geometry":{"type":"Point","coordinates":[85.34034454252732,27.707412377151375]}},{"type":"Feature","properties":{},"geometry":{"type":"Point","coordinates":[85.34034399681148,27.70744347163227]}},{"type":"Feature","properties":{},"geometry":{"type":"Point","coordinates":[85.34028169173939,27.707526093253588]}},{"type":"Feature","properties":{},"geometry":{"type":"Point","coordinates":[85.33972999726147,27.706238101190635]}},{"type":"Feature","properties":{},"geometry":{"type":"Point","coordinates":[85.33982430471742,27.70623796512666]}},{"type":"Feature","properties":{},"geometry":{"type":"Point","coordinates":[85.33967839056055,27.70633300915097]}},{"type":"Feature","properties":{},"geometry":{"type":"Point","coordinates":[85.33953027070625,27.706329804584165]}},{"type":"Feature","properties":{},"geometry":{"type":"Point","coordinates":[85.33985188056836,27.706001669395874]}},{"type":"Feature","properties":{},"geometry":{"type":"Point","coordinates":[85.33958325172688,27.70593507743082]}},{"type":"Feature","properties":{},"geometry":{"type":"Point","coordinates":[85.3395419879793,27.705949671311735]}},{"type":"Feature","properties":{},"geometry":{"type":"Point","coordinates":[85.33962221029567,27.705974136944988]}},{"type":"Feature","properties":{},"geometry":{"type":"Point","coordinates":[85.33983154637914,27.705854312315967]}},{"type":"Feature","properties":{},"geometry":{"type":"Point","coordinates":[85.33994221870073,27.7058645568239]}},{"type":"Feature","properties":{},"geometry":{"type":"Point","coordinates":[85.3399401093092,27.705866372732054]}},{"type":"Feature","properties":{},"geometry":{"type":"Point","coordinates":[85.33998460917682,27.705840439972032]}},{"type":"Feature","properties":{},"geometry":{"type":"Point","coordinates":[85.33966997316755,27.70580665475042]}},{"type":"Feature","properties":{},"geometry":{"type":"Point","coordinates":[85.3397235108957,27.705769914119067]}},{"type":"Feature","properties":{},"geometry":{"type":"Point","coordinates":[85.3396530044298,27.705655984134683]}},{"type":"Feature","properties":{},"geometry":{"type":"Point","coordinates":[85.3393687666312,27.706043259259495]}},{"type":"Feature","properties":{},"geometry":{"type":"Point","coordinates":[85.34017957598797,27.705828418343575]}},{"type":"Feature","properties":{},"geometry":{"type":"Point","coordinates":[85.34017678264941,27.705829059054974]}},{"type":"Feature","properties":{},"geometry":{"type":"Point","coordinates":[85.34017605196725,27.705829765114373]}},{"type":"Feature","properties":{},"geometry":{"type":"Point","coordinates":[85.34033373548259,27.705717429751502]}},{"type":"Feature","properties":{},"geometry":{"type":"Point","coordinates":[85.3402911050247,27.705602379382483]}},{"type":"Feature","properties":{},"geometry":{"type":"Point","coordinates":[85.34033259775181,27.705651700413977]}},{"type":"Feature","properties":{},"geometry":{"type":"Point","coordinates":[85.3402716165098,27.70556258596674]}},{"type":"Feature","properties":{},"geometry":{"type":"Point","coordinates":[85.34002797518797,27.70563519268329]}},{"type":"Feature","properties":{},"geometry":{"type":"Point","coordinates":[85.34034212188674,27.705554756895534]}},{"type":"Feature","properties":{},"geometry":{"type":"Point","coordinates":[85.34171094572899,27.70490069195626]}},{"type":"Feature","properties":{},"geometry":{"type":"Point","coordinates":[85.3417442607311,27.704818290910527]}},{"type":"Feature","properties":{},"geometry":{"type":"Point","coordinates":[85.34155318670548,27.704972127122574]}},{"type":"Feature","properties":{},"geometry":{"type":"Point","coordinates":[85.34174505165272,27.705165984256674]}},{"type":"Feature","properties":{},"geometry":{"type":"Point","coordinates":[85.34153185189315,27.7049878042673]}},{"type":"Feature","properties":{},"geometry":{"type":"Point","coordinates":[85.34152313647417,27.704987368611818]}},{"type":"Feature","properties":{},"geometry":{"type":"Point","coordinates":[85.34144411021714,27.704993862418245]}},{"type":"Feature","properties":{},"geometry":{"type":"Point","coordinates":[85.34146424550003,27.7049290341716]}},{"type":"Feature","properties":{},"geometry":{"type":"Point","coordinates":[85.34136192531062,27.705017707803446]}},{"type":"Feature","properties":{},"geometry":{"type":"Point","coordinates":[85.34131130336672,27.70503142473682]}},{"type":"Feature","properties":{},"geometry":{"type":"Point","coordinates":[85.34130436802914,27.705034181062793]}},{"type":"Feature","properties":{},"geometry":{"type":"Point","coordinates":[85.34118030822103,27.705087578643838]}},{"type":"Feature","properties":{},"geometry":{"type":"Point","coordinates":[85.34117577604609,27.705087129014775]}},{"type":"Feature","properties":{},"geometry":{"type":"Point","coordinates":[85.34115051354581,27.70527522138101]}},{"type":"Feature","properties":{},"geometry":{"type":"Point","coordinates":[85.34109950958592,27.70525244528105]}},{"type":"Feature","properties":{},"geometry":{"type":"Point","coordinates":[85.34097047247073,27.70519189358828]}},{"type":"Feature","properties":{},"geometry":{"type":"Point","coordinates":[85.34094350753409,27.70520474766932]}},{"type":"Feature","properties":{},"geometry":{"type":"Point","coordinates":[85.34094493428404,27.70520280713397]}},{"type":"Feature","properties":{},"geometry":{"type":"Point","coordinates":[85.34076988718076,27.705211131717423]}},{"type":"Feature","properties":{},"geometry":{"type":"Point","coordinates":[85.3409389475978,27.70521048920622]}},{"type":"Feature","properties":{},"geometry":{"type":"Point","coordinates":[85.34128005261506,27.704977604746254]}},{"type":"Feature","properties":{},"geometry":{"type":"Point","coordinates":[85.34066428529437,27.705264312326438]}},{"type":"Feature","properties":{},"geometry":{"type":"Point","coordinates":[85.34067137597697,27.705341223444062]}},{"type":"Feature","properties":{},"geometry":{"type":"Point","coordinates":[85.3405455189629,27.7053881636944]}},{"type":"Feature","properties":{},"geometry":{"type":"Point","coordinates":[85.34054697710637,27.70538749974818]}},{"type":"Feature","properties":{},"geometry":{"type":"Point","coordinates":[85.34054963454713,27.70538665793571]}},{"type":"Feature","properties":{},"geometry":{"type":"Point","coordinates":[85.34040900897273,27.7054364463637]}},{"type":"Feature","properties":{},"geometry":{"type":"Point","coordinates":[85.34066813418508,27.70508073156997]}},{"type":"Feature","properties":{},"geometry":{"type":"Point","coordinates":[85.34062091494886,27.705287332786696]}},{"type":"Feature","properties":{},"geometry":{"type":"Point","coordinates":[85.34050356905794,27.70533373872895]}},{"type":"Feature","properties":{},"geometry":{"type":"Point","coordinates":[85.34027874249324,27.705335796968225]}},{"type":"Feature","properties":{},"geometry":{"type":"Point","coordinates":[85.34030343041987,27.705406188758143]}},{"type":"Feature","properties":{},"geometry":{"type":"Point","coordinates":[85.34016398962194,27.70534038508892]}},{"type":"Feature","properties":{},"geometry":{"type":"Point","coordinates":[85.3401570735473,27.705341731800832]}},{"type":"Feature","properties":{},"geometry":{"type":"Point","coordinates":[85.34019143042181,27.70540710944372]}},{"type":"Feature","properties":{},"geometry":{"type":"Point","coordinates":[85.34021731778493,27.7052595800634]}},{"type":"Feature","properties":{},"geometry":{"type":"Point","coordinates":[85.34013649941005,27.705159692217308]}},{"type":"Feature","properties":{},"geometry":{"type":"Point","coordinates":[85.34062771850084,27.70500165377597]}},{"type":"Feature","properties":{},"geometry":{"type":"Point","coordinates":[85.34069306318888,27.70502208563183]}},{"type":"Feature","properties":{},"geometry":{"type":"Point","coordinates":[85.34069259386926,27.70480977090616]}},{"type":"Feature","properties":{},"geometry":{"type":"Point","coordinates":[85.34065982880617,27.704939277036296]}},{"type":"Feature","properties":{},"geometry":{"type":"Point","coordinates":[85.340535188125,27.704843624160468]}},{"type":"Feature","properties":{},"geometry":{"type":"Point","coordinates":[85.34045112541847,27.704702817413942]}},{"type":"Feature","properties":{},"geometry":{"type":"Point","coordinates":[85.34044171178982,27.704827248596487]}},{"type":"Feature","properties":{},"geometry":{"type":"Point","coordinates":[85.34041255008324,27.70474156270012]}},{"type":"Feature","properties":{},"geometry":{"type":"Point","coordinates":[85.34046306104389,27.704561363646878]}},{"type":"Feature","properties":{},"geometry":{"type":"Point","coordinates":[85.34019459724324,27.704674068667174]}},{"type":"Feature","properties":{},"geometry":{"type":"Point","coordinates":[85.34018722888366,27.704639576845498]}},{"type":"Feature","properties":{},"geometry":{"type":"Point","coordinates":[85.34034385801782,27.704607441251166]}},{"type":"Feature","properties":{},"geometry":{"type":"Point","coordinates":[85.34045068266278,27.70444783577147]}},{"type":"Feature","properties":{},"geometry":{"type":"Point","coordinates":[85.34048588242933,27.704446254998793]}},{"type":"Feature","properties":{},"geometry":{"type":"Point","coordinates":[85.34000237792598,27.70459603602588]}},{"type":"Feature","properties":{},"geometry":{"type":"Point","coordinates":[85.34002131185318,27.70459782358937]}},{"type":"Feature","properties":{},"geometry":{"type":"Point","coordinates":[85.34005572898639,27.70471701302648]}},{"type":"Feature","properties":{},"geometry":{"type":"Point","coordinates":[85.3399052051833,27.704692221750975]}},{"type":"Feature","properties":{},"geometry":{"type":"Point","coordinates":[85.33993467358192,27.704722723086757]}},{"type":"Feature","properties":{},"geometry":{"type":"Point","coordinates":[85.33986848394876,27.704736019938355]}},{"type":"Feature","properties":{},"geometry":{"type":"Point","coordinates":[85.33975276587991,27.70468638529508]}},{"type":"Feature","properties":{},"geometry":{"type":"Point","coordinates":[85.33965730945377,27.704717888391624]}},{"type":"Feature","properties":{},"geometry":{"type":"Point","coordinates":[85.33992035681928,27.705091075908573]}},{"type":"Feature","properties":{},"geometry":{"type":"Point","coordinates":[85.34022701163859,27.70503921011293]}},{"type":"Feature","properties":{},"geometry":{"type":"Point","coordinates":[85.34019411404469,27.70503982470833]}},{"type":"Feature","properties":{},"geometry":{"type":"Point","coordinates":[85.34025100909673,27.705099003089895]}},{"type":"Feature","properties":{},"geometry":{"type":"Point","coordinates":[85.3402988156208,27.70505429977865]}},{"type":"Feature","properties":{},"geometry":{"type":"Point","coordinates":[85.34009970032352,27.705209968044354]}},{"type":"Feature","properties":{},"geometry":{"type":"Point","coordinates":[85.34009846780599,27.705208120182203]}},{"type":"Feature","properties":{},"geometry":{"type":"Point","coordinates":[85.33989684688846,27.704970759094902]}},{"type":"Feature","properties":{},"geometry":{"type":"Point","coordinates":[85.34007070118925,27.705089840854523]}},{"type":"Feature","properties":{},"geometry":{"type":"Point","coordinates":[85.3399623261688,27.704877457845868]}},{"type":"Feature","properties":{},"geometry":{"type":"Point","coordinates":[85.33967315690434,27.70482366438412]}},{"type":"Feature","properties":{},"geometry":{"type":"Point","coordinates":[85.33949747561915,27.70487671925183]}},{"type":"Feature","properties":{},"geometry":{"type":"Point","coordinates":[85.33947777205836,27.704811510007406]}},{"type":"Feature","properties":{},"geometry":{"type":"Point","coordinates":[85.33927803756448,27.704784984191697]}},{"type":"Feature","properties":{},"geometry":{"type":"Point","coordinates":[85.33927548415181,27.704785184611232]}},{"type":"Feature","properties":{},"geometry":{"type":"Point","coordinates":[85.33927386730404,27.704786417955283]}},{"type":"Feature","properties":{},"geometry":{"type":"Point","coordinates":[85.33917819182301,27.704819782757024]}},{"type":"Feature","properties":{},"geometry":{"type":"Point","coordinates":[85.3389276029731,27.70491944574386]}},{"type":"Feature","properties":{},"geometry":{"type":"Point","coordinates":[85.33895375040703,27.70510965362727]}},{"type":"Feature","properties":{},"geometry":{"type":"Point","coordinates":[85.33881803691519,27.705053597594915]}},{"type":"Feature","properties":{},"geometry":{"type":"Point","coordinates":[85.33875336627352,27.704902149560823]}},{"type":"Feature","properties":{},"geometry":{"type":"Point","coordinates":[85.33869817057882,27.704945790690367]}},{"type":"Feature","properties":{},"geometry":{"type":"Point","coordinates":[85.3386115237742,27.70505339991969]}},{"type":"Feature","properties":{},"geometry":{"type":"Point","coordinates":[85.33851516228766,27.705217476136788]}},{"type":"Feature","properties":{},"geometry":{"type":"Point","coordinates":[85.33827336620509,27.705296781682534]}},{"type":"Feature","properties":{},"geometry":{"type":"Point","coordinates":[85.33899629235954,27.70515921236355]}},{"type":"Feature","properties":{},"geometry":{"type":"Point","coordinates":[85.33905811419145,27.70531593221197]}},{"type":"Feature","properties":{},"geometry":{"type":"Point","coordinates":[85.33915213829275,27.705440300159573]}},{"type":"Feature","properties":{},"geometry":{"type":"Point","coordinates":[85.33901704080728,27.705382506165247]}},{"type":"Feature","properties":{},"geometry":{"type":"Point","coordinates":[85.33905776479435,27.705421344225933]}},{"type":"Feature","properties":{},"geometry":{"type":"Point","coordinates":[85.33912841551808,27.705505748349992]}},{"type":"Feature","properties":{},"geometry":{"type":"Point","coordinates":[85.33920705250085,27.705574129591977]}},{"type":"Feature","properties":{},"geometry":{"type":"Point","coordinates":[85.33922671966062,27.705583623025287]}},{"type":"Feature","properties":{},"geometry":{"type":"Point","coordinates":[85.33930170328911,27.705401770397415]}},{"type":"Feature","properties":{},"geometry":{"type":"Point","coordinates":[85.33936487724735,27.705398067880132]}},{"type":"Feature","properties":{},"geometry":{"type":"Point","coordinates":[85.33939113987387,27.705374351604412]}},{"type":"Feature","properties":{},"geometry":{"type":"Point","coordinates":[85.33883113914509,27.70530739885677]}},{"type":"Feature","properties":{},"geometry":{"type":"Point","coordinates":[85.33883293131697,27.705305504247093]}},{"type":"Feature","properties":{},"geometry":{"type":"Point","coordinates":[85.33882412339219,27.705383467439127]}},{"type":"Feature","properties":{},"geometry":{"type":"Point","coordinates":[85.33878104049104,27.705370820121562]}},{"type":"Feature","properties":{},"geometry":{"type":"Point","coordinates":[85.33879420751926,27.70561431411319]}},{"type":"Feature","properties":{},"geometry":{"type":"Point","coordinates":[85.33889674777808,27.705702398973017]}},{"type":"Feature","properties":{},"geometry":{"type":"Point","coordinates":[85.33886352793171,27.70574281460146]}},{"type":"Feature","properties":{},"geometry":{"type":"Point","coordinates":[85.33886187930874,27.705741324561135]}},{"type":"Feature","properties":{},"geometry":{"type":"Point","coordinates":[85.33891790250576,27.70570928658414]}},{"type":"Feature","properties":{},"geometry":{"type":"Point","coordinates":[85.33892789613478,27.705785738888498]}},{"type":"Feature","properties":{},"geometry":{"type":"Point","coordinates":[85.33880941692014,27.70581389821329]}},{"type":"Feature","properties":{},"geometry":{"type":"Point","coordinates":[85.33922926816716,27.70609754744716]}},{"type":"Feature","properties":{},"geometry":{"type":"Point","coordinates":[85.33941351244765,27.706085804416663]}},{"type":"Feature","properties":{},"geometry":{"type":"Point","coordinates":[85.33912582012452,27.706095529156137]}},{"type":"Feature","properties":{},"geometry":{"type":"Point","coordinates":[85.3392093739901,27.706205003900443]}},{"type":"Feature","properties":{},"geometry":{"type":"Point","coordinates":[85.33911958085139,27.706185283428297]}},{"type":"Feature","properties":{},"geometry":{"type":"Point","coordinates":[85.33900628921975,27.706167456079523]}},{"type":"Feature","properties":{},"geometry":{"type":"Point","coordinates":[85.33878886795867,27.70614795391035]}},{"type":"Feature","properties":{},"geometry":{"type":"Point","coordinates":[85.33903500664567,27.706407336897477]}},{"type":"Feature","properties":{},"geometry":{"type":"Point","coordinates":[85.33853241749519,27.70619975562256]}},{"type":"Feature","properties":{},"geometry":{"type":"Point","coordinates":[85.33848148829078,27.706181559908078]}},{"type":"Feature","properties":{},"geometry":{"type":"Point","coordinates":[85.33795607990574,27.705441675871523]}},{"type":"Feature","properties":{},"geometry":{"type":"Point","coordinates":[85.33785562741252,27.705352333789204]}},{"type":"Feature","properties":{},"geometry":{"type":"Point","coordinates":[85.33794404148888,27.705484316765194]}},{"type":"Feature","properties":{},"geometry":{"type":"Point","coordinates":[85.3379263359497,27.705625735208177]}},{"type":"Feature","properties":{},"geometry":{"type":"Point","coordinates":[85.3378179447972,27.70557882959445]}},{"type":"Feature","properties":{},"geometry":{"type":"Point","coordinates":[85.33770537809372,27.705402198823204]}},{"type":"Feature","properties":{},"geometry":{"type":"Point","coordinates":[85.33761326532641,27.705753469334546]}},{"type":"Feature","properties":{},"geometry":{"type":"Point","coordinates":[85.33756678482727,27.70588057786668]}},{"type":"Feature","properties":{},"geometry":{"type":"Point","coordinates":[85.33783332387983,27.705962441437944]}},{"type":"Feature","properties":{},"geometry":{"type":"Point","coordinates":[85.33794869353746,27.705947579916536]}},{"type":"Feature","properties":{},"geometry":{"type":"Point","coordinates":[85.33797355478899,27.70595666927314]}},{"type":"Feature","properties":{},"geometry":{"type":"Point","coordinates":[85.33796123786634,27.70602784909596]}},{"type":"Feature","properties":{},"geometry":{"type":"Point","coordinates":[85.33799430240444,27.70603523996681]}},{"type":"Feature","properties":{},"geometry":{"type":"Point","coordinates":[85.3380628681713,27.70615500680551]}},{"type":"Feature","properties":{},"geometry":{"type":"Point","coordinates":[85.33808486025524,27.70609895526772]}},{"type":"Feature","properties":{},"geometry":{"type":"Point","coordinates":[85.33804928393445,27.706137252987098]}},{"type":"Feature","properties":{},"geometry":{"type":"Point","coordinates":[85.3380229405617,27.70618867814499]}},{"type":"Feature","properties":{},"geometry":{"type":"Point","coordinates":[85.33800438110214,27.706249411803146]}},{"type":"Feature","properties":{},"geometry":{"type":"Point","coordinates":[85.3379689930478,27.706289600798517]}},{"type":"Feature","properties":{},"geometry":{"type":"Point","coordinates":[85.337930443621,27.706267067847858]}},{"type":"Feature","properties":{},"geometry":{"type":"Point","coordinates":[85.3379364921611,27.7062626818721]}},{"type":"Feature","properties":{},"geometry":{"type":"Point","coordinates":[85.3380658341025,27.706107118756133]}},{"type":"Feature","properties":{},"geometry":{"type":"Point","coordinates":[85.33822383859119,27.70608236698597]}},{"type":"Feature","properties":{},"geometry":{"type":"Point","coordinates":[85.33831080650693,27.706057637767845]}},{"type":"Feature","properties":{},"geometry":{"type":"Point","coordinates":[85.33824625835297,27.705973264082054]}},{"type":"Feature","properties":{},"geometry":{"type":"Point","coordinates":[85.33832095288297,27.7059308635784]}},{"type":"Feature","properties":{},"geometry":{"type":"Point","coordinates":[85.33832351702002,27.705903123761054]}},{"type":"Feature","properties":{},"geometry":{"type":"Point","coordinates":[85.33843245782779,27.705850886727315]}},{"type":"Feature","properties":{},"geometry":{"type":"Point","coordinates":[85.33840470788691,27.705839560552533]}},{"type":"Feature","properties":{},"geometry":{"type":"Point","coordinates":[85.33834622459878,27.706223163921013]}},{"type":"Feature","properties":{},"geometry":{"type":"Point","coordinates":[85.33829864368454,27.70642807655956]}},{"type":"Feature","properties":{},"geometry":{"type":"Point","coordinates":[85.33827605187388,27.70653996267144]}},{"type":"Feature","properties":{},"geometry":{"type":"Point","coordinates":[85.33836339413479,27.706372847845948]}},{"type":"Feature","properties":{},"geometry":{"type":"Point","coordinates":[85.33840850061642,27.706231838593133]}},{"type":"Feature","properties":{},"geometry":{"type":"Point","coordinates":[85.33852730475803,27.706366982123274]}},{"type":"Feature","properties":{},"geometry":{"type":"Point","coordinates":[85.33871831226263,27.706523582942385]}},{"type":"Feature","properties":{},"geometry":{"type":"Point","coordinates":[85.33871241380605,27.706437880796415]}},{"type":"Feature","properties":{},"geometry":{"type":"Point","coordinates":[85.33880165653575,27.706602908391908]}},{"type":"Feature","properties":{},"geometry":{"type":"Point","coordinates":[85.33879727005466,27.70653313366468]}},{"type":"Feature","properties":{},"geometry":{"type":"Point","coordinates":[85.3389221990999,27.70664129730945]}},{"type":"Feature","properties":{},"geometry":{"type":"Point","coordinates":[85.338912423893,27.706704115807167]}},{"type":"Feature","properties":{},"geometry":{"type":"Point","coordinates":[85.33903052191802,27.706651377186045]}},{"type":"Feature","properties":{},"geometry":{"type":"Point","coordinates":[85.33908243047534,27.706601191826767]}},{"type":"Feature","properties":{},"geometry":{"type":"Point","coordinates":[85.33911790815289,27.706600323262784]}},{"type":"Feature","properties":{},"geometry":{"type":"Point","coordinates":[85.33915509474963,27.706735883193232]}},{"type":"Feature","properties":{},"geometry":{"type":"Point","coordinates":[85.33906526193606,27.706662252807813]}},{"type":"Feature","properties":{},"geometry":{"type":"Point","coordinates":[85.33894386218785,27.70678212331365]}},{"type":"Feature","properties":{},"geometry":{"type":"Point","coordinates":[85.3392672785926,27.706900404161168]}},{"type":"Feature","properties":{},"geometry":{"type":"Point","coordinates":[85.33942117313008,27.706627688924748]}},{"type":"Feature","properties":{},"geometry":{"type":"Point","coordinates":[85.33943563529448,27.706634899614603]}},{"type":"Feature","properties":{},"geometry":{"type":"Point","coordinates":[85.3394092210229,27.70666130998736]}},{"type":"Feature","properties":{},"geometry":{"type":"Point","coordinates":[85.33969654804648,27.70705820592898]}},{"type":"Feature","properties":{},"geometry":{"type":"Point","coordinates":[85.339693623198,27.707150704931074]}},{"type":"Feature","properties":{},"geometry":{"type":"Point","coordinates":[85.3383567103672,27.706530501062602]}},{"type":"Feature","properties":{},"geometry":{"type":"Point","coordinates":[85.33830373533699,27.706656927174393]}},{"type":"Feature","properties":{},"geometry":{"type":"Point","coordinates":[85.33826579898873,27.706577601422648]}},{"type":"Feature","properties":{},"geometry":{"type":"Point","coordinates":[85.33825167589241,27.70678576232984]}},{"type":"Feature","properties":{},"geometry":{"type":"Point","coordinates":[85.33818981929825,27.706746249735684]}},{"type":"Feature","properties":{},"geometry":{"type":"Point","coordinates":[85.33824438131239,27.706794813087026]}},{"type":"Feature","properties":{},"geometry":{"type":"Point","coordinates":[85.3381299025938,27.706848184740707]}},{"type":"Feature","properties":{},"geometry":{"type":"Point","coordinates":[85.33809022480516,27.706983311239437]}},{"type":"Feature","properties":{},"geometry":{"type":"Point","coordinates":[85.33784418243134,27.706853912266492]}},{"type":"Feature","properties":{},"geometry":{"type":"Point","coordinates":[85.33802251216044,27.706671415979766]}},{"type":"Feature","properties":{},"geometry":{"type":"Point","coordinates":[85.33789570091294,27.706631082734354]}},{"type":"Feature","properties":{},"geometry":{"type":"Point","coordinates":[85.33797907617281,27.7066089803494]}},{"type":"Feature","properties":{},"geometry":{"type":"Point","coordinates":[85.33787838089737,27.70653190643147]}},{"type":"Feature","properties":{},"geometry":{"type":"Point","coordinates":[85.33790743660421,27.706427797675666]}},{"type":"Feature","properties":{},"geometry":{"type":"Point","coordinates":[85.33778069231917,27.706426950841966]}},{"type":"Feature","properties":{},"geometry":{"type":"Point","coordinates":[85.33770423183464,27.706442654931973]}},{"type":"Feature","properties":{},"geometry":{"type":"Point","coordinates":[85.3377243723926,27.706480790401493]}},{"type":"Feature","properties":{},"geometry":{"type":"Point","coordinates":[85.33758274249615,27.706528960871577]}},{"type":"Feature","properties":{},"geometry":{"type":"Point","coordinates":[85.33747525548935,27.706492870266903]}},{"type":"Feature","properties":{},"geometry":{"type":"Point","coordinates":[85.337498694243,27.70628919512377]}},{"type":"Feature","properties":{},"geometry":{"type":"Point","coordinates":[85.33754913100358,27.706377651581814]}},{"type":"Feature","properties":{},"geometry":{"type":"Point","coordinates":[85.33745662558749,27.70673545797205]}},{"type":"Feature","properties":{},"geometry":{"type":"Point","coordinates":[85.33747045518872,27.706788993715822]}},{"type":"Feature","properties":{},"geometry":{"type":"Point","coordinates":[85.33747843166773,27.706784733808714]}},{"type":"Feature","properties":{},"geometry":{"type":"Point","coordinates":[85.3375007750858,27.70677248829929]}},{"type":"Feature","properties":{},"geometry":{"type":"Point","coordinates":[85.33748927529378,27.706710093121817]}},{"type":"Feature","properties":{},"geometry":{"type":"Point","coordinates":[85.33808559959998,27.70707911565085]}},{"type":"Feature","properties":{},"geometry":{"type":"Point","coordinates":[85.33816733956452,27.70701973802758]}},{"type":"Feature","properties":{},"geometry":{"type":"Point","coordinates":[85.33821056442368,27.707201770814542]}},{"type":"Feature","properties":{},"geometry":{"type":"Point","coordinates":[85.33826801870995,27.707346762237105]}},{"type":"Feature","properties":{},"geometry":{"type":"Point","coordinates":[85.33853443549796,27.707027467114035]}},{"type":"Feature","properties":{},"geometry":{"type":"Point","coordinates":[85.33853257376458,27.706768734798633]}},{"type":"Feature","properties":{},"geometry":{"type":"Point","coordinates":[85.33859838093092,27.706860277998327]}},{"type":"Feature","properties":{},"geometry":{"type":"Point","coordinates":[85.33866621532796,27.706980602585805]}},{"type":"Feature","properties":{},"geometry":{"type":"Point","coordinates":[85.33899949618709,27.706884994018946]}},{"type":"Feature","properties":{},"geometry":{"type":"Point","coordinates":[85.33890794112457,27.706894053564923]}},{"type":"Feature","properties":{},"geometry":{"type":"Point","coordinates":[85.33877229547998,27.70694288011188]}},{"type":"Feature","properties":{},"geometry":{"type":"Point","coordinates":[85.34045454842354,27.7045689053053]}},{"type":"Feature","properties":{},"geometry":{"type":"Point","coordinates":[85.34048520488716,27.704459063113895]}},{"type":"Feature","properties":{},"geometry":{"type":"Point","coordinates":[85.3411380984167,27.70701731459759]}},{"type":"Feature","properties":{},"geometry":{"type":"Point","coordinates":[85.33699541934655,27.707806411603052]}},{"type":"Feature","properties":{},"geometry":{"type":"Point","coordinates":[85.33697578855651,27.707777258927674]}},{"type":"Feature","properties":{},"geometry":{"type":"Point","coordinates":[85.33691725857885,27.707539220983797]}},{"type":"Feature","properties":{},"geometry":{"type":"Point","coordinates":[85.33687802337934,27.70732361398401]}},{"type":"Feature","properties":{},"geometry":{"type":"Point","coordinates":[85.3368643554202,27.70731211913889]}},{"type":"Feature","properties":{},"geometry":{"type":"Point","coordinates":[85.33684219407273,27.707160190052853]}},{"type":"Feature","properties":{},"geometry":{"type":"Point","coordinates":[85.33680073275369,27.70693605515672]}},{"type":"Feature","properties":{},"geometry":{"type":"Point","coordinates":[85.33677275709067,27.70677942610941]}},{"type":"Feature","properties":{},"geometry":{"type":"Point","coordinates":[85.33704691148093,27.706762192412196]}},{"type":"Feature","properties":{},"geometry":{"type":"Point","coordinates":[85.33718190737689,27.706722472824207]}},{"type":"Feature","properties":{},"geometry":{"type":"Point","coordinates":[85.33712178654112,27.706758972686423]}},{"type":"Feature","properties":{},"geometry":{"type":"Point","coordinates":[85.33725834836305,27.706751204083215]}},{"type":"Feature","properties":{},"geometry":{"type":"Point","coordinates":[85.33698067963118,27.706729897676563]}},{"type":"Feature","properties":{},"geometry":{"type":"Point","coordinates":[85.3367871396117,27.70672883405922]}},{"type":"Feature","properties":{},"geometry":{"type":"Point","coordinates":[85.33670517860243,27.706075018929877]}},{"type":"Feature","properties":{},"geometry":{"type":"Point","coordinates":[85.33676679677522,27.706186412051895]}},{"type":"Feature","properties":{},"geometry":{"type":"Point","coordinates":[85.33666235205577,27.705925678206384]}},{"type":"Feature","properties":{},"geometry":{"type":"Point","coordinates":[85.33683311603943,27.706218133005308]}},{"type":"Feature","properties":{},"geometry":{"type":"Point","coordinates":[85.33692073915245,27.706306080672167]}},{"type":"Feature","properties":{},"geometry":{"type":"Point","coordinates":[85.33696151779947,27.706086544961437]}},{"type":"Feature","properties":{},"geometry":{"type":"Point","coordinates":[85.3369962641975,27.70600176070646]}},{"type":"Feature","properties":{},"geometry":{"type":"Point","coordinates":[85.33705352599665,27.705944463353273]}},{"type":"Feature","properties":{},"geometry":{"type":"Point","coordinates":[85.33712565611468,27.70590502014494]}},{"type":"Feature","properties":{},"geometry":{"type":"Point","coordinates":[85.3370946130649,27.7059868082331]}},{"type":"Feature","properties":{},"geometry":{"type":"Point","coordinates":[85.3373006404781,27.70580775487463]}},{"type":"Feature","properties":{},"geometry":{"type":"Point","coordinates":[85.33726507297426,27.70579403397019]}},{"type":"Feature","properties":{},"geometry":{"type":"Point","coordinates":[85.33717411005117,27.705871761970368]}},{"type":"Feature","properties":{},"geometry":{"type":"Point","coordinates":[85.33725232256646,27.705949410194442]}},{"type":"Feature","properties":{},"geometry":{"type":"Point","coordinates":[85.33722258149469,27.70586657061431]}},{"type":"Feature","properties":{},"geometry":{"type":"Point","coordinates":[85.33736554950039,27.706020020269634]}},{"type":"Feature","properties":{},"geometry":{"type":"Point","coordinates":[85.3372146196674,27.70615534361325]}},{"type":"Feature","properties":{},"geometry":{"type":"Point","coordinates":[85.33722909552968,27.706199352594766]}},{"type":"Feature","properties":{},"geometry":{"type":"Point","coordinates":[85.33742872566914,27.705985365691745]}},{"type":"Feature","properties":{},"geometry":{"type":"Point","coordinates":[85.33754420782158,27.706087962945276]}},{"type":"Feature","properties":{},"geometry":{"type":"Point","coordinates":[85.33755912275352,27.706143018076002]}},{"type":"Feature","properties":{},"geometry":{"type":"Point","coordinates":[85.33759777239108,27.706140338665705]}},{"type":"Feature","properties":{},"geometry":{"type":"Point","coordinates":[85.33761078278543,27.70610242892467]}},{"type":"Feature","properties":{},"geometry":{"type":"Point","coordinates":[85.33756776074114,27.705981150015823]}},{"type":"Feature","properties":{},"geometry":{"type":"Point","coordinates":[85.33755787525868,27.705903646569016]}},{"type":"Feature","properties":{},"geometry":{"type":"Point","coordinates":[85.33749005907366,27.705901829353316]}},{"type":"Feature","properties":{},"geometry":{"type":"Point","coordinates":[85.33840056693583,27.707481894891554]}},{"type":"Feature","properties":{},"geometry":{"type":"Point","coordinates":[85.33868156210237,27.70733568433513]}},{"type":"Feature","properties":{},"geometry":{"type":"Point","coordinates":[85.3387665486521,27.70731026860946]}},{"type":"Feature","properties":{},"geometry":{"type":"Point","coordinates":[85.33872979802705,27.707368699146013]}},{"type":"Feature","properties":{},"geometry":{"type":"Point","coordinates":[85.33879260085477,27.707342112801534]}},{"type":"Feature","properties":{},"geometry":{"type":"Point","coordinates":[85.3388520352662,27.70731710518015]}},{"type":"Feature","properties":{},"geometry":{"type":"Point","coordinates":[85.33891017140897,27.707291107197083]}},{"type":"Feature","properties":{},"geometry":{"type":"Point","coordinates":[85.33898193585235,27.70721671276522]}},{"type":"Feature","properties":{},"geometry":{"type":"Point","coordinates":[85.33899835612706,27.70724133735615]}},{"type":"Feature","properties":{},"geometry":{"type":"Point","coordinates":[85.33818140744867,27.70778713664314]}},{"type":"Feature","properties":{},"geometry":{"type":"Point","coordinates":[85.33815366201817,27.707684959681718]}},{"type":"Feature","properties":{},"geometry":{"type":"Point","coordinates":[85.33815636101542,27.707679842130364]}},{"type":"Feature","properties":{},"geometry":{"type":"Point","coordinates":[85.33823306109575,27.70769321276421]}},{"type":"Feature","properties":{},"geometry":{"type":"Point","coordinates":[85.33819809260676,27.707487372342136]}},{"type":"Feature","properties":{},"geometry":{"type":"Point","coordinates":[85.33835406383623,27.70745231331517]}},{"type":"Feature","properties":{},"geometry":{"type":"Point","coordinates":[85.33847422976771,27.707424260435715]}},{"type":"Feature","properties":{},"geometry":{"type":"Point","coordinates":[85.33818336610268,27.707383924751962]}},{"type":"Feature","properties":{},"geometry":{"type":"Point","coordinates":[85.33819560410525,27.707369742778667]}},{"type":"Feature","properties":{},"geometry":{"type":"Point","coordinates":[85.33816460847073,27.707273729126314]}},{"type":"Feature","properties":{},"geometry":{"type":"Point","coordinates":[85.33801912843346,27.707888867870587]}},{"type":"Feature","properties":{},"geometry":{"type":"Point","coordinates":[85.33817970724827,27.707917508667773]}},{"type":"Feature","properties":{},"geometry":{"type":"Point","coordinates":[85.33850997429862,27.707899938584294]}},{"type":"Feature","properties":{},"geometry":{"type":"Point","coordinates":[85.33850956010602,27.70790143997015]}},{"type":"Feature","properties":{},"geometry":{"type":"Point","coordinates":[85.3385060534163,27.707900566627764]}},{"type":"Feature","properties":{},"geometry":{"type":"Point","coordinates":[85.3378963638346,27.707841592919685]}},{"type":"Feature","properties":{},"geometry":{"type":"Point","coordinates":[85.33789552584174,27.70782810325983]}},{"type":"Feature","properties":{},"geometry":{"type":"Point","coordinates":[85.3378949724333,27.70781423704331]}},{"type":"Feature","properties":{},"geometry":{"type":"Point","coordinates":[85.33789616118713,27.707742777411397]}},{"type":"Feature","properties":{},"geometry":{"type":"Point","coordinates":[85.33790425838252,27.70764165355987]}},{"type":"Feature","properties":{},"geometry":{"type":"Point","coordinates":[85.33791441785215,27.70754757812057]}},{"type":"Feature","properties":{},"geometry":{"type":"Point","coordinates":[85.33761856329393,27.707830391983986]}},{"type":"Feature","properties":{},"geometry":{"type":"Point","coordinates":[85.337764690732,27.707908552338896]}},{"type":"Feature","properties":{},"geometry":{"type":"Point","coordinates":[85.33747207728786,27.707661463960136]}},{"type":"Feature","properties":{},"geometry":{"type":"Point","coordinates":[85.33749543927249,27.707784366010674]}},{"type":"Feature","properties":{},"geometry":{"type":"Point","coordinates":[85.33751703628678,27.70777186875551]}},{"type":"Feature","properties":{},"geometry":{"type":"Point","coordinates":[85.33751933077355,27.70778828122075]}},{"type":"Feature","properties":{},"geometry":{"type":"Point","coordinates":[85.33750994550807,27.707844582432685]}},{"type":"Feature","properties":{},"geometry":{"type":"Point","coordinates":[85.33746566408549,27.70754062022052]}},{"type":"Feature","properties":{},"geometry":{"type":"Point","coordinates":[85.3374930878561,27.707525726281133]}},{"type":"Feature","properties":{},"geometry":{"type":"Point","coordinates":[85.33749691266048,27.706948705583866]}},{"type":"Feature","properties":{},"geometry":{"type":"Point","coordinates":[85.33751172166782,27.70698292857009]}},{"type":"Feature","properties":{},"geometry":{"type":"Point","coordinates":[85.33748683917915,27.706975495051275]}},{"type":"Feature","properties":{},"geometry":{"type":"Point","coordinates":[85.33749893253548,27.707071444269573]}},{"type":"Feature","properties":{},"geometry":{"type":"Point","coordinates":[85.33750640531177,27.70718868873312]}},{"type":"Feature","properties":{},"geometry":{"type":"Point","coordinates":[85.33751245833646,27.70723878711926]}},{"type":"Feature","properties":{},"geometry":{"type":"Point","coordinates":[85.33753333927464,27.70721023931788]}},{"type":"Feature","properties":{},"geometry":{"type":"Point","coordinates":[85.33754474978457,27.707308958381482]}},{"type":"Feature","properties":{},"geometry":{"type":"Point","coordinates":[85.33751597637088,27.707321575233646]}},{"type":"Feature","properties":{},"geometry":{"type":"Point","coordinates":[85.33754281799004,27.70731972337005]}},{"type":"Feature","properties":{},"geometry":{"type":"Point","coordinates":[85.3374539298204,27.707399655180986]}},{"type":"Feature","properties":{},"geometry":{"type":"Point","coordinates":[85.33747360930006,27.70738641014976]}},{"type":"Feature","properties":{},"geometry":{"type":"Point","coordinates":[85.33748484755652,27.707424724835693]}},{"type":"Feature","properties":{},"geometry":{"type":"Point","coordinates":[85.33771371487987,27.707401963841072]}},{"type":"Feature","properties":{},"geometry":{"type":"Point","coordinates":[85.3376555609326,27.706939703631125]}},{"type":"Feature","properties":{},"geometry":{"type":"Point","coordinates":[85.33766397156872,27.706983527814707]}},{"type":"Feature","properties":{},"geometry":{"type":"Point","coordinates":[85.33765006625181,27.70703698136823]}},{"type":"Feature","properties":{},"geometry":{"type":"Point","coordinates":[85.33766938670125,27.70704239494154]}},{"type":"Feature","properties":{},"geometry":{"type":"Point","coordinates":[85.33768107882412,27.707121208913726]}},{"type":"Feature","properties":{},"geometry":{"type":"Point","coordinates":[85.33768818376026,27.70720794724814]}},{"type":"Feature","properties":{},"geometry":{"type":"Point","coordinates":[85.33730985230336,27.707823733580483]}},{"type":"Feature","properties":{},"geometry":{"type":"Point","coordinates":[85.3373023760454,27.707799215335978]}},{"type":"Feature","properties":{},"geometry":{"type":"Point","coordinates":[85.33727955396049,27.707682787423842]}},{"type":"Feature","properties":{},"geometry":{"type":"Point","coordinates":[85.33724017410971,27.707664036816567]}},{"type":"Feature","properties":{},"geometry":{"type":"Point","coordinates":[85.33722693003718,27.707567346309116]}},{"type":"Feature","properties":{},"geometry":{"type":"Point","coordinates":[85.33725993365009,27.70755263497294]}},{"type":"Feature","properties":{},"geometry":{"type":"Point","coordinates":[85.3372732536755,27.70763703003952]}},{"type":"Feature","properties":{},"geometry":{"type":"Point","coordinates":[85.33722099647503,27.707536995356186]}},{"type":"Feature","properties":{},"geometry":{"type":"Point","coordinates":[85.3372526440379,27.70748083794478]}},{"type":"Feature","properties":{},"geometry":{"type":"Point","coordinates":[85.33723507601267,27.70737858903232]}},{"type":"Feature","properties":{},"geometry":{"type":"Point","coordinates":[85.33720661289415,27.707410662221868]}},{"type":"Feature","properties":{},"geometry":{"type":"Point","coordinates":[85.33867474629241,27.70784701415893]}},{"type":"Feature","properties":{},"geometry":{"type":"Point","coordinates":[85.33871420559697,27.707853046570843]}},{"type":"Feature","properties":{},"geometry":{"type":"Point","coordinates":[85.33861636508385,27.70766556765408]}},{"type":"Feature","properties":{},"geometry":{"type":"Point","coordinates":[85.33864690904967,27.707657436743705]}},{"type":"Feature","properties":{},"geometry":{"type":"Point","coordinates":[85.338661353503,27.707665419887416]}},{"type":"Feature","properties":{},"geometry":{"type":"Point","coordinates":[85.33884922823547,27.70789126731198]}},{"type":"Feature","properties":{},"geometry":{"type":"Point","coordinates":[85.33900829827422,27.707892466835208]}},{"type":"Feature","properties":{},"geometry":{"type":"Point","coordinates":[85.33906632589324,27.70788657091945]}},{"type":"Feature","properties":{},"geometry":{"type":"Point","coordinates":[85.33910644561871,27.707874514994135]}},{"type":"Feature","properties":{},"geometry":{"type":"Point","coordinates":[85.3392135560331,27.707865901017094]}},{"type":"Feature","properties":{},"geometry":{"type":"Point","coordinates":[85.33921992556297,27.7078676417461]}},{"type":"Feature","properties":{},"geometry":{"type":"Point","coordinates":[85.33891087761823,27.707883000602642]}},{"type":"Feature","properties":{},"geometry":{"type":"Point","coordinates":[85.33891187139562,27.7077110440447]}},{"type":"Feature","properties":{},"geometry":{"type":"Point","coordinates":[85.33891032310407,27.707665646094856]}},{"type":"Feature","properties":{},"geometry":{"type":"Point","coordinates":[85.33890266128273,27.707687691020126]}},{"type":"Feature","properties":{},"geometry":{"type":"Point","coordinates":[85.33885821343272,27.707567620124472]}},{"type":"Feature","properties":{},"geometry":{"type":"Point","coordinates":[85.33888186721434,27.707586356649184]}},{"type":"Feature","properties":{},"geometry":{"type":"Point","coordinates":[85.33888193447109,27.707573885101876]}},{"type":"Feature","properties":{},"geometry":{"type":"Point","coordinates":[85.33901213612916,27.707755874766274]}},{"type":"Feature","properties":{},"geometry":{"type":"Point","coordinates":[85.33904708102645,27.707756127125553]}},{"type":"Feature","properties":{},"geometry":{"type":"Point","coordinates":[85.33893387927823,27.707865265325815]}},{"type":"Feature","properties":{},"geometry":{"type":"Point","coordinates":[85.33903367339323,27.70771611589569]}},{"type":"Feature","properties":{},"geometry":{"type":"Point","coordinates":[85.33906589050497,27.707605569018977]}},{"type":"Feature","properties":{},"geometry":{"type":"Point","coordinates":[85.33909417077578,27.70759222929844]}},{"type":"Feature","properties":{},"geometry":{"type":"Point","coordinates":[85.33910164874183,27.707571607283104]}},{"type":"Feature","properties":{},"geometry":{"type":"Point","coordinates":[85.33899976303522,27.707585119748217]}},{"type":"Feature","properties":{},"geometry":{"type":"Point","coordinates":[85.33966304166678,27.70783917163283]}},{"type":"Feature","properties":{},"geometry":{"type":"Point","coordinates":[85.3394749080528,27.707774204633154]}},{"type":"Feature","properties":{},"geometry":{"type":"Point","coordinates":[85.33935837189904,27.707547864598734]}},{"type":"Feature","properties":{},"geometry":{"type":"Point","coordinates":[85.33939955843785,27.707519060101625]}},{"type":"Feature","properties":{},"geometry":{"type":"Point","coordinates":[85.33945315008448,27.707480429414513]}},{"type":"Feature","properties":{},"geometry":{"type":"Point","coordinates":[85.33944612395794,27.707392144198998]}},{"type":"Feature","properties":{},"geometry":{"type":"Point","coordinates":[85.33939294246535,27.707406977722602]}},{"type":"Feature","properties":{},"geometry":{"type":"Point","coordinates":[85.33938225819277,27.707192839280573]}},{"type":"Feature","properties":{},"geometry":{"type":"Point","coordinates":[85.33937463903264,27.70734612202934]}},{"type":"Feature","properties":{},"geometry":{"type":"Point","coordinates":[85.33928476125772,27.70710482337318]}},{"type":"Feature","properties":{},"geometry":{"type":"Point","coordinates":[85.33929762570008,27.70697327832935]}},{"type":"Feature","properties":{},"geometry":{"type":"Point","coordinates":[85.33927459536162,27.70706396023834]}},{"type":"Feature","properties":{},"geometry":{"type":"Point","coordinates":[85.3398954246797,27.70786387828845]}},{"type":"Feature","properties":{},"geometry":{"type":"Point","coordinates":[85.33996259027958,27.707863808351753]}},{"type":"Feature","properties":{},"geometry":{"type":"Point","coordinates":[85.3400395378493,27.707875459796863]}},{"type":"Feature","properties":{},"geometry":{"type":"Point","coordinates":[85.34016670085131,27.707892239667846]}},{"type":"Feature","properties":{},"geometry":{"type":"Point","coordinates":[85.34023730673681,27.707920945383986]}},{"type":"Feature","properties":{},"geometry":{"type":"Point","coordinates":[85.34030418578773,27.70792774928875]}},{"type":"Feature","properties":{},"geometry":{"type":"Point","coordinates":[85.34041537737765,27.707946104621843]}},{"type":"Feature","properties":{},"geometry":{"type":"Point","coordinates":[85.34053938685128,27.707935671419555]}},{"type":"Feature","properties":{},"geometry":{"type":"Point","coordinates":[85.34068568092741,27.70798743021849]}},{"type":"Feature","properties":{},"geometry":{"type":"Point","coordinates":[85.34074193769847,27.70799012632207]}},{"type":"Feature","properties":{},"geometry":{"type":"Point","coordinates":[85.3408379583523,27.70802833068795]}},{"type":"Feature","properties":{},"geometry":{"type":"Point","coordinates":[85.34090885518044,27.708040508420787]}},{"type":"Feature","properties":{},"geometry":{"type":"Point","coordinates":[85.3409132475583,27.70804792589033]}},{"type":"Feature","properties":{},"geometry":{"type":"Point","coordinates":[85.3410505706796,27.7080614539045]}},{"type":"Feature","properties":{},"geometry":{"type":"Point","coordinates":[85.34114146000567,27.708063676812124]}},{"type":"Feature","properties":{},"geometry":{"type":"Point","coordinates":[85.34150722891886,27.708014658644007]}},{"type":"Feature","properties":{},"geometry":{"type":"Point","coordinates":[85.341188686269,27.707979439936473]}},{"type":"Feature","properties":{},"geometry":{"type":"Point","coordinates":[85.33702876187645,27.705644465701166]}},{"type":"Feature","properties":{},"geometry":{"type":"Point","coordinates":[85.3368906721443,27.705739222570436]}},{"type":"Feature","properties":{},"geometry":{"type":"Point","coordinates":[85.33679742855483,27.705790462832333]}},{"type":"Feature","properties":{},"geometry":{"type":"Point","coordinates":[85.33671608511305,27.705806936257957]}},{"type":"Feature","properties":{},"geometry":{"type":"Point","coordinates":[85.33697456770537,27.705541900379128]}},{"type":"Feature","properties":{},"geometry":{"type":"Point","coordinates":[85.33688653299139,27.705581615437744]}},{"type":"Feature","properties":{},"geometry":{"type":"Point","coordinates":[85.33690792996158,27.70554764868628]}},{"type":"Feature","properties":{},"geometry":{"type":"Point","coordinates":[85.33679789771939,27.70559072133313]}},{"type":"Feature","properties":{},"geometry":{"type":"Point","coordinates":[85.33670454431343,27.705620326975918]}},{"type":"Feature","properties":{},"geometry":{"type":"Point","coordinates":[85.33670183441723,27.705621883805847]}},{"type":"Feature","properties":{},"geometry":{"type":"Point","coordinates":[85.33669482213325,27.70562682855925]}},{"type":"Feature","properties":{},"geometry":{"type":"Point","coordinates":[85.33662244054811,27.705682383567858]}},{"type":"Feature","properties":{},"geometry":{"type":"Point","coordinates":[85.33649363400392,27.705455307207863]}},{"type":"Feature","properties":{},"geometry":{"type":"Point","coordinates":[85.33646292037113,27.70532058078436]}},{"type":"Feature","properties":{},"geometry":{"type":"Point","coordinates":[85.33644905888032,27.70521277418797]}},{"type":"Feature","properties":{},"geometry":{"type":"Point","coordinates":[85.3364362943906,27.705086869285843]}},{"type":"Feature","properties":{},"geometry":{"type":"Point","coordinates":[85.33642646479196,27.704931342734557]}},{"type":"Feature","properties":{},"geometry":{"type":"Point","coordinates":[85.33641043793688,27.704481730343243]}},{"type":"Feature","properties":{},"geometry":{"type":"Point","coordinates":[85.3364087410031,27.704388778797757]}},{"type":"Feature","properties":{},"geometry":{"type":"Point","coordinates":[85.33638895962108,27.704353958928564]}},{"type":"Feature","properties":{},"geometry":{"type":"Point","coordinates":[85.33651438633667,27.704748992870133]}},{"type":"Feature","properties":{},"geometry":{"type":"Point","coordinates":[85.33662204127394,27.704912527272334]}},{"type":"Feature","properties":{},"geometry":{"type":"Point","coordinates":[85.33679692456646,27.70532574688]}},{"type":"Feature","properties":{},"geometry":{"type":"Point","coordinates":[85.33679903965852,27.70527254615988]}},{"type":"Feature","properties":{},"geometry":{"type":"Point","coordinates":[85.33679620240723,27.70523677015192]}},{"type":"Feature","properties":{},"geometry":{"type":"Point","coordinates":[85.33676023532148,27.705205351618375]}},{"type":"Feature","properties":{},"geometry":{"type":"Point","coordinates":[85.33686399868738,27.70495458085268]}},{"type":"Feature","properties":{},"geometry":{"type":"Point","coordinates":[85.33688151209103,27.705019004158185]}},{"type":"Feature","properties":{},"geometry":{"type":"Point","coordinates":[85.3369717666157,27.705020445904147]}},{"type":"Feature","properties":{},"geometry":{"type":"Point","coordinates":[85.33706827583974,27.70502002044045]}},{"type":"Feature","properties":{},"geometry":{"type":"Point","coordinates":[85.33728514254888,27.704902375041183]}},{"type":"Feature","properties":{},"geometry":{"type":"Point","coordinates":[85.33733611299363,27.70498200200293]}},{"type":"Feature","properties":{},"geometry":{"type":"Point","coordinates":[85.33723160739831,27.705017701675093]}},{"type":"Feature","properties":{},"geometry":{"type":"Point","coordinates":[85.33735940733337,27.70490039604318]}},{"type":"Feature","properties":{},"geometry":{"type":"Point","coordinates":[85.33714035780068,27.70471027432147]}},{"type":"Feature","properties":{},"geometry":{"type":"Point","coordinates":[85.3371980233356,27.704584169425956]}},{"type":"Feature","properties":{},"geometry":{"type":"Point","coordinates":[85.33739418708954,27.704512996592275]}},{"type":"Feature","properties":{},"geometry":{"type":"Point","coordinates":[85.33740546198413,27.70445664584767]}},{"type":"Feature","properties":{},"geometry":{"type":"Point","coordinates":[85.3374569195362,27.704423073429837]}},{"type":"Feature","properties":{},"geometry":{"type":"Point","coordinates":[85.3370059693069,27.70453264440565]}},{"type":"Feature","properties":{},"geometry":{"type":"Point","coordinates":[85.33712739145378,27.70416109042502]}},{"type":"Feature","properties":{},"geometry":{"type":"Point","coordinates":[85.33703426371349,27.70420030941218]}},{"type":"Feature","properties":{},"geometry":{"type":"Point","coordinates":[85.33692530142831,27.704310933863162]}},{"type":"Feature","properties":{},"geometry":{"type":"Point","coordinates":[85.33687571236757,27.704342856101892]}},{"type":"Feature","properties":{},"geometry":{"type":"Point","coordinates":[85.33758190637806,27.705004571916305]}},{"type":"Feature","properties":{},"geometry":{"type":"Point","coordinates":[85.33765545898208,27.70504482630958]}},{"type":"Feature","properties":{},"geometry":{"type":"Point","coordinates":[85.33772090401075,27.705059403201048]}},{"type":"Feature","properties":{},"geometry":{"type":"Point","coordinates":[85.3377567713437,27.704999683385527]}},{"type":"Feature","properties":{},"geometry":{"type":"Point","coordinates":[85.33774687192866,27.7046871518326]}},{"type":"Feature","properties":{},"geometry":{"type":"Point","coordinates":[85.33780047502842,27.704743438682673]}},{"type":"Feature","properties":{},"geometry":{"type":"Point","coordinates":[85.33777051826527,27.704807876725575]}},{"type":"Feature","properties":{},"geometry":{"type":"Point","coordinates":[85.33779306250491,27.704880960753872]}},{"type":"Feature","properties":{},"geometry":{"type":"Point","coordinates":[85.33760298144236,27.70519997642298]}},{"type":"Feature","properties":{},"geometry":{"type":"Point","coordinates":[85.33753260503819,27.70509603191519]}},{"type":"Feature","properties":{},"geometry":{"type":"Point","coordinates":[85.3375063423978,27.705036656266333]}},{"type":"Feature","properties":{},"geometry":{"type":"Point","coordinates":[85.33762139076279,27.705655567020454]}},{"type":"Feature","properties":{},"geometry":{"type":"Point","coordinates":[85.33753884058412,27.705576875001896]}},{"type":"Feature","properties":{},"geometry":{"type":"Point","coordinates":[85.33787324195748,27.705098506924397]}},{"type":"Feature","properties":{},"geometry":{"type":"Point","coordinates":[85.33813170682117,27.705171910788312]}},{"type":"Feature","properties":{},"geometry":{"type":"Point","coordinates":[85.33804342920179,27.705074414243775]}},{"type":"Feature","properties":{},"geometry":{"type":"Point","coordinates":[85.33638658792066,27.704244793068614]}},{"type":"Feature","properties":{},"geometry":{"type":"Point","coordinates":[85.33632641296288,27.703095497973106]}},{"type":"Feature","properties":{},"geometry":{"type":"Point","coordinates":[85.33631930626,27.703146180157052]}},{"type":"Feature","properties":{},"geometry":{"type":"Point","coordinates":[85.33658877059953,27.703374035313573]}},{"type":"Feature","properties":{},"geometry":{"type":"Point","coordinates":[85.33659342948825,27.703377021878772]}},{"type":"Feature","properties":{},"geometry":{"type":"Point","coordinates":[85.3367296535935,27.703447402405345]}},{"type":"Feature","properties":{},"geometry":{"type":"Point","coordinates":[85.3368035611348,27.703470651100915]}},{"type":"Feature","properties":{},"geometry":{"type":"Point","coordinates":[85.33698070516564,27.703654603652257]}},{"type":"Feature","properties":{},"geometry":{"type":"Point","coordinates":[85.33701478504207,27.7037158883327]}},{"type":"Feature","properties":{},"geometry":{"type":"Point","coordinates":[85.33722819496268,27.70391686694642]}},{"type":"Feature","properties":{},"geometry":{"type":"Point","coordinates":[85.33722316078739,27.703917829067777]}},{"type":"Feature","properties":{},"geometry":{"type":"Point","coordinates":[85.33722561850094,27.703881672605334]}},{"type":"Feature","properties":{},"geometry":{"type":"Point","coordinates":[85.33718158716329,27.703822350621646]}},{"type":"Feature","properties":{},"geometry":{"type":"Point","coordinates":[85.33718354647311,27.703588877849587]}},{"type":"Feature","properties":{},"geometry":{"type":"Point","coordinates":[85.33726329688197,27.703576902224007]}},{"type":"Feature","properties":{},"geometry":{"type":"Point","coordinates":[85.33720816146766,27.703643728227892]}},{"type":"Feature","properties":{},"geometry":{"type":"Point","coordinates":[85.33736057361511,27.703625025842697]}},{"type":"Feature","properties":{},"geometry":{"type":"Point","coordinates":[85.33737995584482,27.703581244820914]}},{"type":"Feature","properties":{},"geometry":{"type":"Point","coordinates":[85.337529997974,27.70360415208086]}},{"type":"Feature","properties":{},"geometry":{"type":"Point","coordinates":[85.3374808628044,27.70359600131481]}},{"type":"Feature","properties":{},"geometry":{"type":"Point","coordinates":[85.3374906640077,27.70364266539875]}},{"type":"Feature","properties":{},"geometry":{"type":"Point","coordinates":[85.33763156341182,27.703648990285952]}},{"type":"Feature","properties":{},"geometry":{"type":"Point","coordinates":[85.33767082914159,27.703827702154623]}},{"type":"Feature","properties":{},"geometry":{"type":"Point","coordinates":[85.3376353004718,27.703703625075914]}},{"type":"Feature","properties":{},"geometry":{"type":"Point","coordinates":[85.3375741931323,27.703607389583762]}},{"type":"Feature","properties":{},"geometry":{"type":"Point","coordinates":[85.33766479659363,27.70358292819851]}},{"type":"Feature","properties":{},"geometry":{"type":"Point","coordinates":[85.33780267873013,27.703628014651436]}},{"type":"Feature","properties":{},"geometry":{"type":"Point","coordinates":[85.33785674017544,27.703536683869416]}},{"type":"Feature","properties":{},"geometry":{"type":"Point","coordinates":[85.33789972680667,27.703538500581843]}},{"type":"Feature","properties":{},"geometry":{"type":"Point","coordinates":[85.33758557050088,27.70387738633971]}},{"type":"Feature","properties":{},"geometry":{"type":"Point","coordinates":[85.33757889458533,27.703828379766367]}},{"type":"Feature","properties":{},"geometry":{"type":"Point","coordinates":[85.337549599908,27.703844405654475]}},{"type":"Feature","properties":{},"geometry":{"type":"Point","coordinates":[85.33746802927074,27.703896969871334]}},{"type":"Feature","properties":{},"geometry":{"type":"Point","coordinates":[85.33749248343626,27.703881842572358]}},{"type":"Feature","properties":{},"geometry":{"type":"Point","coordinates":[85.33747618634372,27.703968338697358]}},{"type":"Feature","properties":{},"geometry":{"type":"Point","coordinates":[85.33748635771897,27.703983230202645]}},{"type":"Feature","properties":{},"geometry":{"type":"Point","coordinates":[85.33759013680236,27.704049029708163]}},{"type":"Feature","properties":{},"geometry":{"type":"Point","coordinates":[85.33764603406539,27.704135570602602]}},{"type":"Feature","properties":{},"geometry":{"type":"Point","coordinates":[85.3377438104932,27.704229310398024]}},{"type":"Feature","properties":{},"geometry":{"type":"Point","coordinates":[85.3377569023775,27.70429558219304]}},{"type":"Feature","properties":{},"geometry":{"type":"Point","coordinates":[85.33774390420116,27.70408251065673]}},{"type":"Feature","properties":{},"geometry":{"type":"Point","coordinates":[85.33770948433977,27.704344383245097]}},{"type":"Feature","properties":{},"geometry":{"type":"Point","coordinates":[85.33783632696915,27.704457197245837]}},{"type":"Feature","properties":{},"geometry":{"type":"Point","coordinates":[85.33800904088592,27.70464576065429]}},{"type":"Feature","properties":{},"geometry":{"type":"Point","coordinates":[85.33796527376964,27.704543066363353]}},{"type":"Feature","properties":{},"geometry":{"type":"Point","coordinates":[85.33812884385988,27.705063397878998]}},{"type":"Feature","properties":{},"geometry":{"type":"Point","coordinates":[85.33826668950331,27.70513658893465]}},{"type":"Feature","properties":{},"geometry":{"type":"Point","coordinates":[85.33787739196761,27.703624557840094]}},{"type":"Feature","properties":{},"geometry":{"type":"Point","coordinates":[85.33796170490147,27.70367378083834]}},{"type":"Feature","properties":{},"geometry":{"type":"Point","coordinates":[85.33806445416191,27.703732726286276]}},{"type":"Feature","properties":{},"geometry":{"type":"Point","coordinates":[85.33797997066807,27.703549159232818]}},{"type":"Feature","properties":{},"geometry":{"type":"Point","coordinates":[85.33823801673763,27.70380742557997]}},{"type":"Feature","properties":{},"geometry":{"type":"Point","coordinates":[85.33813519368825,27.70385270510529]}},{"type":"Feature","properties":{},"geometry":{"type":"Point","coordinates":[85.33801253525947,27.70390630259552]}},{"type":"Feature","properties":{},"geometry":{"type":"Point","coordinates":[85.3379876115625,27.703873462771746]}},{"type":"Feature","properties":{},"geometry":{"type":"Point","coordinates":[85.33788840894091,27.703924603421413]}},{"type":"Feature","properties":{},"geometry":{"type":"Point","coordinates":[85.33789757646794,27.70391366897426]}},{"type":"Feature","properties":{},"geometry":{"type":"Point","coordinates":[85.3381062825352,27.70376841983695]}},{"type":"Feature","properties":{},"geometry":{"type":"Point","coordinates":[85.33826473371795,27.70395534143718]}},{"type":"Feature","properties":{},"geometry":{"type":"Point","coordinates":[85.33825757809764,27.70395858144137]}},{"type":"Feature","properties":{},"geometry":{"type":"Point","coordinates":[85.3384018804109,27.70393477320907]}},{"type":"Feature","properties":{},"geometry":{"type":"Point","coordinates":[85.33800694636999,27.70341461665142]}},{"type":"Feature","properties":{},"geometry":{"type":"Point","coordinates":[85.33810519352444,27.70332518180354]}},{"type":"Feature","properties":{},"geometry":{"type":"Point","coordinates":[85.33817518956549,27.7032788060234]}},{"type":"Feature","properties":{},"geometry":{"type":"Point","coordinates":[85.33831169748655,27.70322598743757]}},{"type":"Feature","properties":{},"geometry":{"type":"Point","coordinates":[85.33842946147206,27.70325783683121]}},{"type":"Feature","properties":{},"geometry":{"type":"Point","coordinates":[85.33845138061108,27.703188205425338]}},{"type":"Feature","properties":{},"geometry":{"type":"Point","coordinates":[85.338493907201,27.703178881648547]}},{"type":"Feature","properties":{},"geometry":{"type":"Point","coordinates":[85.33786491995728,27.70317517486714]}},{"type":"Feature","properties":{},"geometry":{"type":"Point","coordinates":[85.3379305216244,27.703321255251943]}},{"type":"Feature","properties":{},"geometry":{"type":"Point","coordinates":[85.3391588104476,27.703766632594984]}},{"type":"Feature","properties":{},"geometry":{"type":"Point","coordinates":[85.33911532502958,27.703850231386244]}},{"type":"Feature","properties":{},"geometry":{"type":"Point","coordinates":[85.33918723332081,27.70384036007907]}},{"type":"Feature","properties":{},"geometry":{"type":"Point","coordinates":[85.33912497669927,27.703864032577943]}},{"type":"Feature","properties":{},"geometry":{"type":"Point","coordinates":[85.3391320479475,27.703696900766708]}},{"type":"Feature","properties":{},"geometry":{"type":"Point","coordinates":[85.33912550351076,27.703686169429655]}},{"type":"Feature","properties":{},"geometry":{"type":"Point","coordinates":[85.33905847506091,27.703550481570904]}},{"type":"Feature","properties":{},"geometry":{"type":"Point","coordinates":[85.33894163608471,27.70354362371998]}},{"type":"Feature","properties":{},"geometry":{"type":"Point","coordinates":[85.33878435749683,27.703604987228893]}},{"type":"Feature","properties":{},"geometry":{"type":"Point","coordinates":[85.33894575019089,27.703492805274404]}},{"type":"Feature","properties":{},"geometry":{"type":"Point","coordinates":[85.3389144139172,27.703323362381404]}},{"type":"Feature","properties":{},"geometry":{"type":"Point","coordinates":[85.3390162057523,27.703428997276962]}},{"type":"Feature","properties":{},"geometry":{"type":"Point","coordinates":[85.33901611216781,27.70342955212591]}},{"type":"Feature","properties":{},"geometry":{"type":"Point","coordinates":[85.33884165206864,27.703535003175283]}},{"type":"Feature","properties":{},"geometry":{"type":"Point","coordinates":[85.3386690175382,27.70360995882762]}},{"type":"Feature","properties":{},"geometry":{"type":"Point","coordinates":[85.33858244129766,27.70361466000978]}},{"type":"Feature","properties":{},"geometry":{"type":"Point","coordinates":[85.33861203288365,27.7036694498492]}},{"type":"Feature","properties":{},"geometry":{"type":"Point","coordinates":[85.33861058685767,27.703670318800164]}},{"type":"Feature","properties":{},"geometry":{"type":"Point","coordinates":[85.33854096631207,27.703527323230862]}},{"type":"Feature","properties":{},"geometry":{"type":"Point","coordinates":[85.33814856853238,27.70363580656655]}},{"type":"Feature","properties":{},"geometry":{"type":"Point","coordinates":[85.3382641121617,27.70360976778437]}},{"type":"Feature","properties":{},"geometry":{"type":"Point","coordinates":[85.33828285626544,27.703587931723906]}},{"type":"Feature","properties":{},"geometry":{"type":"Point","coordinates":[85.33839441050308,27.703538470662416]}},{"type":"Feature","properties":{},"geometry":{"type":"Point","coordinates":[85.33841159642458,27.703602268921326]}},{"type":"Feature","properties":{},"geometry":{"type":"Point","coordinates":[85.33877741723951,27.70309925480463]}},{"type":"Feature","properties":{},"geometry":{"type":"Point","coordinates":[85.33877396554773,27.703098107757583]}},{"type":"Feature","properties":{},"geometry":{"type":"Point","coordinates":[85.33869267519125,27.703134922965422]}},{"type":"Feature","properties":{},"geometry":{"type":"Point","coordinates":[85.33858358810343,27.703206778223645]}},{"type":"Feature","properties":{},"geometry":{"type":"Point","coordinates":[85.3385995699015,27.703166595287808]}},{"type":"Feature","properties":{},"geometry":{"type":"Point","coordinates":[85.33901187225563,27.70329070775547]}},{"type":"Feature","properties":{},"geometry":{"type":"Point","coordinates":[85.33890484181558,27.703237768657882]}},{"type":"Feature","properties":{},"geometry":{"type":"Point","coordinates":[85.33890469848808,27.703235783129454]}},{"type":"Feature","properties":{},"geometry":{"type":"Point","coordinates":[85.33902294410944,27.703093241344103]}},{"type":"Feature","properties":{},"geometry":{"type":"Point","coordinates":[85.3390441606827,27.702993309055774]}},{"type":"Feature","properties":{},"geometry":{"type":"Point","coordinates":[85.33915177304671,27.702945008570364]}},{"type":"Feature","properties":{},"geometry":{"type":"Point","coordinates":[85.33937806697575,27.702838823250076]}},{"type":"Feature","properties":{},"geometry":{"type":"Point","coordinates":[85.33950141869579,27.70278760289927]}},{"type":"Feature","properties":{},"geometry":{"type":"Point","coordinates":[85.33946361854073,27.702859962856056]}},{"type":"Feature","properties":{},"geometry":{"type":"Point","coordinates":[85.33929517229126,27.70296452996059]}},{"type":"Feature","properties":{},"geometry":{"type":"Point","coordinates":[85.33934145569542,27.702940413034277]}},{"type":"Feature","properties":{},"geometry":{"type":"Point","coordinates":[85.33937027013403,27.703074730779683]}},{"type":"Feature","properties":{},"geometry":{"type":"Point","coordinates":[85.33944252507949,27.70305445434991]}},{"type":"Feature","properties":{},"geometry":{"type":"Point","coordinates":[85.33960538187142,27.703020614391438]}},{"type":"Feature","properties":{},"geometry":{"type":"Point","coordinates":[85.33962727241301,27.70307766190551]}},{"type":"Feature","properties":{},"geometry":{"type":"Point","coordinates":[85.33967203396678,27.703188152158322]}},{"type":"Feature","properties":{},"geometry":{"type":"Point","coordinates":[85.33967423461937,27.703187806701166]}},{"type":"Feature","properties":{},"geometry":{"type":"Point","coordinates":[85.33946999578679,27.703200575777494]}},{"type":"Feature","properties":{},"geometry":{"type":"Point","coordinates":[85.33960604310258,27.703427211107936]}},{"type":"Feature","properties":{},"geometry":{"type":"Point","coordinates":[85.33967394437094,27.703407104372282]}},{"type":"Feature","properties":{},"geometry":{"type":"Point","coordinates":[85.33969055056852,27.70343288727915]}},{"type":"Feature","properties":{},"geometry":{"type":"Point","coordinates":[85.3396668415994,27.702756979642743]}},{"type":"Feature","properties":{},"geometry":{"type":"Point","coordinates":[85.33960906010084,27.702733808558666]}},{"type":"Feature","properties":{},"geometry":{"type":"Point","coordinates":[85.33962940623607,27.702724480126022]}},{"type":"Feature","properties":{},"geometry":{"type":"Point","coordinates":[85.33974283430462,27.702671313761595]}},{"type":"Feature","properties":{},"geometry":{"type":"Point","coordinates":[85.33986576653828,27.7026530727079]}},{"type":"Feature","properties":{},"geometry":{"type":"Point","coordinates":[85.33983777834396,27.702616330823048]}},{"type":"Feature","properties":{},"geometry":{"type":"Point","coordinates":[85.33955260950526,27.70280711635764]}},{"type":"Feature","properties":{},"geometry":{"type":"Point","coordinates":[85.34000487666066,27.702935902988056]}},{"type":"Feature","properties":{},"geometry":{"type":"Point","coordinates":[85.33994595401882,27.70280656560535]}},{"type":"Feature","properties":{},"geometry":{"type":"Point","coordinates":[85.3399416296503,27.702739942414986]}},{"type":"Feature","properties":{},"geometry":{"type":"Point","coordinates":[85.33999309539765,27.702605103657977]}},{"type":"Feature","properties":{},"geometry":{"type":"Point","coordinates":[85.33999831351738,27.702598951256746]}},{"type":"Feature","properties":{},"geometry":{"type":"Point","coordinates":[85.34010648930744,27.702554777809276]}},{"type":"Feature","properties":{},"geometry":{"type":"Point","coordinates":[85.33981287656113,27.70278706217771]}},{"type":"Feature","properties":{},"geometry":{"type":"Point","coordinates":[85.33988673952022,27.70289673978516]}},{"type":"Feature","properties":{},"geometry":{"type":"Point","coordinates":[85.34046936244663,27.702343307379817]}},{"type":"Feature","properties":{},"geometry":{"type":"Point","coordinates":[85.34046644739917,27.702344491782736]}},{"type":"Feature","properties":{},"geometry":{"type":"Point","coordinates":[85.34043191686072,27.702404016322305]}},{"type":"Feature","properties":{},"geometry":{"type":"Point","coordinates":[85.34043461446507,27.702403665076776]}},{"type":"Feature","properties":{},"geometry":{"type":"Point","coordinates":[85.34043794954995,27.702402399065022]}},{"type":"Feature","properties":{},"geometry":{"type":"Point","coordinates":[85.34035540812913,27.70243544657546]}},{"type":"Feature","properties":{},"geometry":{"type":"Point","coordinates":[85.34024136122028,27.70249797904531]}},{"type":"Feature","properties":{},"geometry":{"type":"Point","coordinates":[85.33893995753775,27.702794231148342]}},{"type":"Feature","properties":{},"geometry":{"type":"Point","coordinates":[85.33899448215337,27.702769374753245]}},{"type":"Feature","properties":{},"geometry":{"type":"Point","coordinates":[85.33906252481438,27.702713398082548]}},{"type":"Feature","properties":{},"geometry":{"type":"Point","coordinates":[85.33921105929825,27.7025565196444]}},{"type":"Feature","properties":{},"geometry":{"type":"Point","coordinates":[85.33920520134798,27.702577465286204]}},{"type":"Feature","properties":{},"geometry":{"type":"Point","coordinates":[85.33927663814379,27.702629609806028]}},{"type":"Feature","properties":{},"geometry":{"type":"Point","coordinates":[85.33931201705316,27.702631830303662]}},{"type":"Feature","properties":{},"geometry":{"type":"Point","coordinates":[85.33917656029718,27.702712943992164]}},{"type":"Feature","properties":{},"geometry":{"type":"Point","coordinates":[85.33908491167294,27.702733234003247]}},{"type":"Feature","properties":{},"geometry":{"type":"Point","coordinates":[85.33890384048668,27.702733691439335]}},{"type":"Feature","properties":{},"geometry":{"type":"Point","coordinates":[85.33890111542557,27.702735118166792]}},{"type":"Feature","properties":{},"geometry":{"type":"Point","coordinates":[85.33883625466554,27.702522920735625]}},{"type":"Feature","properties":{},"geometry":{"type":"Point","coordinates":[85.33883586222213,27.702523389866098]}},{"type":"Feature","properties":{},"geometry":{"type":"Point","coordinates":[85.33883094269808,27.702481976814635]}},{"type":"Feature","properties":{},"geometry":{"type":"Point","coordinates":[85.3388310548242,27.70248193844782]}},{"type":"Feature","properties":{},"geometry":{"type":"Point","coordinates":[85.33883089892909,27.702482121600237]}},{"type":"Feature","properties":{},"geometry":{"type":"Point","coordinates":[85.33876027732532,27.702725819629986]}},{"type":"Feature","properties":{},"geometry":{"type":"Point","coordinates":[85.33861060664145,27.702813192854798]}},{"type":"Feature","properties":{},"geometry":{"type":"Point","coordinates":[85.33848447335681,27.70282597002481]}},{"type":"Feature","properties":{},"geometry":{"type":"Point","coordinates":[85.33828140259276,27.702873184627556]}},{"type":"Feature","properties":{},"geometry":{"type":"Point","coordinates":[85.33818585643907,27.702920325991055]}},{"type":"Feature","properties":{},"geometry":{"type":"Point","coordinates":[85.33816394811782,27.702912616940942]}},{"type":"Feature","properties":{},"geometry":{"type":"Point","coordinates":[85.33798912563189,27.702932921280933]}},{"type":"Feature","properties":{},"geometry":{"type":"Point","coordinates":[85.33818665313557,27.702737662732762]}},{"type":"Feature","properties":{},"geometry":{"type":"Point","coordinates":[85.33817910531313,27.70272269085519]}},{"type":"Feature","properties":{},"geometry":{"type":"Point","coordinates":[85.33820634841001,27.702739373028674]}},{"type":"Feature","properties":{},"geometry":{"type":"Point","coordinates":[85.33817308633878,27.70266825972528]}},{"type":"Feature","properties":{},"geometry":{"type":"Point","coordinates":[85.33815684852591,27.702633655921737]}},{"type":"Feature","properties":{},"geometry":{"type":"Point","coordinates":[85.33811223641347,27.702591175182373]}},{"type":"Feature","properties":{},"geometry":{"type":"Point","coordinates":[85.33800671463253,27.7028815128247]}},{"type":"Feature","properties":{},"geometry":{"type":"Point","coordinates":[85.33812139071371,27.702849770424418]}},{"type":"Feature","properties":{},"geometry":{"type":"Point","coordinates":[85.33790570126558,27.702913757626707]}},{"type":"Feature","properties":{},"geometry":{"type":"Point","coordinates":[85.33785756524408,27.702936982661747]}},{"type":"Feature","properties":{},"geometry":{"type":"Point","coordinates":[85.33766175344356,27.703019998357]}},{"type":"Feature","properties":{},"geometry":{"type":"Point","coordinates":[85.33776053949565,27.70302445632406]}},{"type":"Feature","properties":{},"geometry":{"type":"Point","coordinates":[85.33768454632178,27.703306981040793]}},{"type":"Feature","properties":{},"geometry":{"type":"Point","coordinates":[85.3377386350097,27.702974749730966]}},{"type":"Feature","properties":{},"geometry":{"type":"Point","coordinates":[85.33774580496154,27.7029725009252]}},{"type":"Feature","properties":{},"geometry":{"type":"Point","coordinates":[85.33784762310168,27.70305924294409]}},{"type":"Feature","properties":{},"geometry":{"type":"Point","coordinates":[85.33788161743801,27.70315094779657]}},{"type":"Feature","properties":{},"geometry":{"type":"Point","coordinates":[85.33789488654419,27.703179767635447]}},{"type":"Feature","properties":{},"geometry":{"type":"Point","coordinates":[85.33793991560906,27.70294912965114]}},{"type":"Feature","properties":{},"geometry":{"type":"Point","coordinates":[85.33753467693343,27.702922059983663]}},{"type":"Feature","properties":{},"geometry":{"type":"Point","coordinates":[85.33751744270171,27.70280335975225]}},{"type":"Feature","properties":{},"geometry":{"type":"Point","coordinates":[85.33745034297104,27.7028875850836]}},{"type":"Feature","properties":{},"geometry":{"type":"Point","coordinates":[85.33720666367704,27.702946532732582]}},{"type":"Feature","properties":{},"geometry":{"type":"Point","coordinates":[85.33765063801201,27.70246732741625]}},{"type":"Feature","properties":{},"geometry":{"type":"Point","coordinates":[85.33764615525487,27.702632072257952]}},{"type":"Feature","properties":{},"geometry":{"type":"Point","coordinates":[85.33943222483045,27.703967112102877]}},{"type":"Feature","properties":{},"geometry":{"type":"Point","coordinates":[85.33910091630668,27.703879488010962]}},{"type":"Feature","properties":{},"geometry":{"type":"Point","coordinates":[85.33925029112935,27.70412596101072]}},{"type":"Feature","properties":{},"geometry":{"type":"Point","coordinates":[85.33923487040745,27.70412916869693]}},{"type":"Feature","properties":{},"geometry":{"type":"Point","coordinates":[85.33918582532594,27.704113035634684]}},{"type":"Feature","properties":{},"geometry":{"type":"Point","coordinates":[85.33910677862156,27.70412031309631]}},{"type":"Feature","properties":{},"geometry":{"type":"Point","coordinates":[85.33906170468111,27.70408208263055]}},{"type":"Feature","properties":{},"geometry":{"type":"Point","coordinates":[85.33895409422026,27.70427505030991]}},{"type":"Feature","properties":{},"geometry":{"type":"Point","coordinates":[85.33888411426689,27.704271941565096]}},{"type":"Feature","properties":{},"geometry":{"type":"Point","coordinates":[85.33891443420613,27.704483249744]}},{"type":"Feature","properties":{},"geometry":{"type":"Point","coordinates":[85.33890940966471,27.704562501166745]}},{"type":"Feature","properties":{},"geometry":{"type":"Point","coordinates":[85.33894956774252,27.704596300737073]}},{"type":"Feature","properties":{},"geometry":{"type":"Point","coordinates":[85.33895188710531,27.704595216624657]}},{"type":"Feature","properties":{},"geometry":{"type":"Point","coordinates":[85.33870241203606,27.704392467438225]}},{"type":"Feature","properties":{},"geometry":{"type":"Point","coordinates":[85.33882383019665,27.70439987326354]}},{"type":"Feature","properties":{},"geometry":{"type":"Point","coordinates":[85.33866921140134,27.704320661821367]}},{"type":"Feature","properties":{},"geometry":{"type":"Point","coordinates":[85.3384249117212,27.703931425912934]}},{"type":"Feature","properties":{},"geometry":{"type":"Point","coordinates":[85.33859209259697,27.704144726118482]}},{"type":"Feature","properties":{},"geometry":{"type":"Point","coordinates":[85.33853574154752,27.70404645508985]}},{"type":"Feature","properties":{},"geometry":{"type":"Point","coordinates":[85.33840974921254,27.704696852115127]}},{"type":"Feature","properties":{},"geometry":{"type":"Point","coordinates":[85.33845835685176,27.70462380812761]}},{"type":"Feature","properties":{},"geometry":{"type":"Point","coordinates":[85.3386566960086,27.704604716051342]}},{"type":"Feature","properties":{},"geometry":{"type":"Point","coordinates":[85.33850590574826,27.704662063078505]}},{"type":"Feature","properties":{},"geometry":{"type":"Point","coordinates":[85.33857753893837,27.704579898046582]}},{"type":"Feature","properties":{},"geometry":{"type":"Point","coordinates":[85.33840011549448,27.704484245193854]}},{"type":"Feature","properties":{},"geometry":{"type":"Point","coordinates":[85.33832520555148,27.704458150375615]}},{"type":"Feature","properties":{},"geometry":{"type":"Point","coordinates":[85.33819167850244,27.704346287275634]}},{"type":"Feature","properties":{},"geometry":{"type":"Point","coordinates":[85.33825991419234,27.704342174878004]}},{"type":"Feature","properties":{},"geometry":{"type":"Point","coordinates":[85.33816364586036,27.70432928513402]}},{"type":"Feature","properties":{},"geometry":{"type":"Point","coordinates":[85.33806637166934,27.704181968983807]}},{"type":"Feature","properties":{},"geometry":{"type":"Point","coordinates":[85.33812367408214,27.70420258616527]}},{"type":"Feature","properties":{},"geometry":{"type":"Point","coordinates":[85.33818332964368,27.704763434726324]}},{"type":"Feature","properties":{},"geometry":{"type":"Point","coordinates":[85.33816437694058,27.704718055262692]}},{"type":"Feature","properties":{},"geometry":{"type":"Point","coordinates":[85.33943077345026,27.70405659533191]}},{"type":"Feature","properties":{},"geometry":{"type":"Point","coordinates":[85.33953090902499,27.70417210377957]}},{"type":"Feature","properties":{},"geometry":{"type":"Point","coordinates":[85.33978033272132,27.703913014233773]}},{"type":"Feature","properties":{},"geometry":{"type":"Point","coordinates":[85.33977979822419,27.70391094368739]}},{"type":"Feature","properties":{},"geometry":{"type":"Point","coordinates":[85.33983851859404,27.703931152971297]}},{"type":"Feature","properties":{},"geometry":{"type":"Point","coordinates":[85.3396258287309,27.703992243686837]}},{"type":"Feature","properties":{},"geometry":{"type":"Point","coordinates":[85.33950853437217,27.70413221788266]}},{"type":"Feature","properties":{},"geometry":{"type":"Point","coordinates":[85.33961809585921,27.704301568242634]}},{"type":"Feature","properties":{},"geometry":{"type":"Point","coordinates":[85.33963462773832,27.70430427201754]}},{"type":"Feature","properties":{},"geometry":{"type":"Point","coordinates":[85.33959496386088,27.704353218194452]}},{"type":"Feature","properties":{},"geometry":{"type":"Point","coordinates":[85.3395541141232,27.704277960822534]}},{"type":"Feature","properties":{},"geometry":{"type":"Point","coordinates":[85.33955314073758,27.70427708269713]}},{"type":"Feature","properties":{},"geometry":{"type":"Point","coordinates":[85.33949712778545,27.70376077307115]}},{"type":"Feature","properties":{},"geometry":{"type":"Point","coordinates":[85.33949152530197,27.703756006280724]}},{"type":"Feature","properties":{},"geometry":{"type":"Point","coordinates":[85.33949147954662,27.7038120000437]}},{"type":"Feature","properties":{},"geometry":{"type":"Point","coordinates":[85.33966457499706,27.703991702976644]}},{"type":"Feature","properties":{},"geometry":{"type":"Point","coordinates":[85.33990198095205,27.704177754732275]}},{"type":"Feature","properties":{},"geometry":{"type":"Point","coordinates":[85.33993102404229,27.704206265351985]}},{"type":"Feature","properties":{},"geometry":{"type":"Point","coordinates":[85.34015518698938,27.70415108807846]}},{"type":"Feature","properties":{},"geometry":{"type":"Point","coordinates":[85.34015640111926,27.704152542206884]}},{"type":"Feature","properties":{},"geometry":{"type":"Point","coordinates":[85.34007164079325,27.704294565883906]}},{"type":"Feature","properties":{},"geometry":{"type":"Point","coordinates":[85.34022746261968,27.704432512044704]}},{"type":"Feature","properties":{},"geometry":{"type":"Point","coordinates":[85.34017418920166,27.704254077776817]}},{"type":"Feature","properties":{},"geometry":{"type":"Point","coordinates":[85.34024475389076,27.70437318794862]}},{"type":"Feature","properties":{},"geometry":{"type":"Point","coordinates":[85.34037963060172,27.70415648315845]}},{"type":"Feature","properties":{},"geometry":{"type":"Point","coordinates":[85.34045403648499,27.704132483708936]}},{"type":"Feature","properties":{},"geometry":{"type":"Point","coordinates":[85.34038321575227,27.704094877328963]}},{"type":"Feature","properties":{},"geometry":{"type":"Point","coordinates":[85.34038169897025,27.70409579870094]}},{"type":"Feature","properties":{},"geometry":{"type":"Point","coordinates":[85.34058160078905,27.704020539595327]}},{"type":"Feature","properties":{},"geometry":{"type":"Point","coordinates":[85.34059286654725,27.703832464563472]}},{"type":"Feature","properties":{},"geometry":{"type":"Point","coordinates":[85.34060365119295,27.704014865130254]}},{"type":"Feature","properties":{},"geometry":{"type":"Point","coordinates":[85.34066946373335,27.7040544673796]}},{"type":"Feature","properties":{},"geometry":{"type":"Point","coordinates":[85.34074925125621,27.704021343392938]}},{"type":"Feature","properties":{},"geometry":{"type":"Point","coordinates":[85.34068968484404,27.703930437373003]}},{"type":"Feature","properties":{},"geometry":{"type":"Point","coordinates":[85.341009257338,27.703835329851877]}},{"type":"Feature","properties":{},"geometry":{"type":"Point","coordinates":[85.34035478345035,27.703757454949905]}},{"type":"Feature","properties":{},"geometry":{"type":"Point","coordinates":[85.34036773087651,27.703767509367065]}},{"type":"Feature","properties":{},"geometry":{"type":"Point","coordinates":[85.34059093182614,27.7036950142819]}},{"type":"Feature","properties":{},"geometry":{"type":"Point","coordinates":[85.34110757584845,27.703809221239943]}},{"type":"Feature","properties":{},"geometry":{"type":"Point","coordinates":[85.34110431027453,27.70381051517604]}},{"type":"Feature","properties":{},"geometry":{"type":"Point","coordinates":[85.3410334686907,27.70389674986502]}},{"type":"Feature","properties":{},"geometry":{"type":"Point","coordinates":[85.34097574370199,27.70392508233751]}},{"type":"Feature","properties":{},"geometry":{"type":"Point","coordinates":[85.33657033613044,27.70278366271858]}},{"type":"Feature","properties":{},"geometry":{"type":"Point","coordinates":[85.3366081875259,27.70277443316697]}},{"type":"Feature","properties":{},"geometry":{"type":"Point","coordinates":[85.33664333955706,27.702761256806014]}},{"type":"Feature","properties":{},"geometry":{"type":"Point","coordinates":[85.33669283185186,27.702745631729623]}},{"type":"Feature","properties":{},"geometry":{"type":"Point","coordinates":[85.33674124349879,27.702727777888047]}},{"type":"Feature","properties":{},"geometry":{"type":"Point","coordinates":[85.33684367539094,27.702696218871523]}},{"type":"Feature","properties":{},"geometry":{"type":"Point","coordinates":[85.33691558473053,27.70267480420639]}},{"type":"Feature","properties":{},"geometry":{"type":"Point","coordinates":[85.33708601177425,27.70263211659025]}},{"type":"Feature","properties":{},"geometry":{"type":"Point","coordinates":[85.33709581203345,27.702636562950072]}},{"type":"Feature","properties":{},"geometry":{"type":"Point","coordinates":[85.33715681758527,27.70260616495354]}},{"type":"Feature","properties":{},"geometry":{"type":"Point","coordinates":[85.3372845076175,27.70257564186845]}},{"type":"Feature","properties":{},"geometry":{"type":"Point","coordinates":[85.33738111718432,27.702543708352426]}},{"type":"Feature","properties":{},"geometry":{"type":"Point","coordinates":[85.33739385850858,27.702542046346895]}},{"type":"Feature","properties":{},"geometry":{"type":"Point","coordinates":[85.33780775109571,27.702414737774276]}},{"type":"Feature","properties":{},"geometry":{"type":"Point","coordinates":[85.33901681556756,27.702005512571994]}},{"type":"Feature","properties":{},"geometry":{"type":"Point","coordinates":[85.33915853008112,27.70195299743178]}},{"type":"Feature","properties":{},"geometry":{"type":"Point","coordinates":[85.33924471829745,27.701923275158812]}},{"type":"Feature","properties":{},"geometry":{"type":"Point","coordinates":[85.33930630870958,27.70190166863663]}},{"type":"Feature","properties":{},"geometry":{"type":"Point","coordinates":[85.33965239573236,27.701769500243035]}},{"type":"Feature","properties":{},"geometry":{"type":"Point","coordinates":[85.33981392324377,27.70170410434467]}},{"type":"Feature","properties":{},"geometry":{"type":"Point","coordinates":[85.33985333211169,27.701688811164665]}},{"type":"Feature","properties":{},"geometry":{"type":"Point","coordinates":[85.33988663760343,27.701678131735655]}},{"type":"Feature","properties":{},"geometry":{"type":"Point","coordinates":[85.33991214084514,27.701668673755183]}},{"type":"Feature","properties":{},"geometry":{"type":"Point","coordinates":[85.33993233838596,27.701660170225434]}},{"type":"Feature","properties":{},"geometry":{"type":"Point","coordinates":[85.3399519353166,27.701656241747727]}},{"type":"Feature","properties":{},"geometry":{"type":"Point","coordinates":[85.34000513698889,27.701633250882562]}},{"type":"Feature","properties":{},"geometry":{"type":"Point","coordinates":[85.34004663651602,27.701617236304035]}},{"type":"Feature","properties":{},"geometry":{"type":"Point","coordinates":[85.34008872247695,27.70160180276737]}},{"type":"Feature","properties":{},"geometry":{"type":"Point","coordinates":[85.34010439051941,27.701595226905834]}},{"type":"Feature","properties":{},"geometry":{"type":"Point","coordinates":[85.34013330117395,27.701583472128732]}},{"type":"Feature","properties":{},"geometry":{"type":"Point","coordinates":[85.33970824010513,27.70174630833309]}},{"type":"Feature","properties":{},"geometry":{"type":"Point","coordinates":[85.33974854274173,27.701726368734317]}},{"type":"Feature","properties":{},"geometry":{"type":"Point","coordinates":[85.33974531800067,27.702025588345908]}},{"type":"Feature","properties":{},"geometry":{"type":"Point","coordinates":[85.33975006317041,27.702078406641903]}},{"type":"Feature","properties":{},"geometry":{"type":"Point","coordinates":[85.33973219767913,27.702114048065585]}},{"type":"Feature","properties":{},"geometry":{"type":"Point","coordinates":[85.33674483543254,27.706475577240994]}},{"type":"Feature","properties":{},"geometry":{"type":"Point","coordinates":[85.34023759253549,27.707920622087382]}},{"type":"Feature","properties":{},"geometry":{"type":"Point","coordinates":[85.33858314339608,27.70413087916934]}},{"type":"Feature","properties":{},"geometry":{"type":"Point","coordinates":[85.34244459838746,27.70613299144251]}},{"type":"Feature","properties":{},"geometry":{"type":"Point","coordinates":[85.34196675450376,27.707851192635708]}},{"type":"Feature","properties":{},"geometry":{"type":"Point","coordinates":[85.34074446050724,27.70772250578654]}},{"type":"Feature","properties":{},"geometry":{"type":"Point","coordinates":[85.34105467195171,27.70678135435297]}},{"type":"Feature","properties":{},"geometry":{"type":"Point","coordinates":[85.33979025886434,27.706557711675984]}},{"type":"Feature","properties":{},"geometry":{"type":"Point","coordinates":[85.34071769771424,27.706111817899643]}},{"type":"Feature","properties":{},"geometry":{"type":"Point","coordinates":[85.34071782906634,27.70611258664321]}},{"type":"Feature","properties":{},"geometry":{"type":"Point","coordinates":[85.3414132617897,27.705788279262]}},{"type":"Feature","properties":{},"geometry":{"type":"Point","coordinates":[85.33928334780214,27.704859134749206]}},{"type":"Feature","properties":{},"geometry":{"type":"Point","coordinates":[85.33892525802811,27.704997863769826]}},{"type":"Feature","properties":{},"geometry":{"type":"Point","coordinates":[85.337515154508,27.70580898839539]}},{"type":"Feature","properties":{},"geometry":{"type":"Point","coordinates":[85.3382278991305,27.707139753447468]}},{"type":"Feature","properties":{},"geometry":{"type":"Point","coordinates":[85.33692806231198,27.70604716725973]}},{"type":"Feature","properties":{},"geometry":{"type":"Point","coordinates":[85.33941348735569,27.707286895154194]}},{"type":"Feature","properties":{},"geometry":{"type":"Point","coordinates":[85.34160012597337,27.708010054034865]}},{"type":"Feature","properties":{},"geometry":{"type":"Point","coordinates":[85.33738217973132,27.70447499667305]}},{"type":"Feature","properties":{},"geometry":{"type":"Point","coordinates":[85.33782637941083,27.70501711715144]}},{"type":"Feature","properties":{},"geometry":{"type":"Point","coordinates":[85.33738055549755,27.705336937819812]}},{"type":"Feature","properties":{},"geometry":{"type":"Point","coordinates":[85.33733657392256,27.70384600614135]}},{"type":"Feature","properties":{},"geometry":{"type":"Point","coordinates":[85.33770510290654,27.7040483488754]}},{"type":"Feature","properties":{},"geometry":{"type":"Point","coordinates":[85.33807780572528,27.70481757819792]}},{"type":"Feature","properties":{},"geometry":{"type":"Point","coordinates":[85.33828604084077,27.703298604721358]}},{"type":"Feature","properties":{},"geometry":{"type":"Point","coordinates":[85.33904812396428,27.703682751776856]}},{"type":"Feature","properties":{},"geometry":{"type":"Point","coordinates":[85.33874245079677,27.703166190818255]}},{"type":"Feature","properties":{},"geometry":{"type":"Point","coordinates":[85.33853509800873,27.70321729763613]}},{"type":"Feature","properties":{},"geometry":{"type":"Point","coordinates":[85.33952123333083,27.70336783303584]}},{"type":"Feature","properties":{},"geometry":{"type":"Point","coordinates":[85.33860604455462,27.704081909914024]}},{"type":"Feature","properties":{},"geometry":{"type":"Point","coordinates":[85.3401010190602,27.704194555297278]}},{"type":"Feature","properties":{},"geometry":{"type":"Point","coordinates":[85.33795200763844,27.702374281832533]}},{"type":"Feature","properties":{},"geometry":{"type":"Point","coordinates":[85.33945184522109,27.701878263014574]}},{"type":"Feature","properties":{},"geometry":{"type":"Point","coordinates":[85.33818737709734,27.70230503783612]}},{"type":"Feature","properties":{},"geometry":{"type":"Point","coordinates":[85.34022854758726,27.701631517937408]}},{"type":"Feature","properties":{},"geometry":{"type":"Point","coordinates":[85.34049557344848,27.70325164591398]}},{"type":"Feature","properties":{},"geometry":{"type":"Point","coordinates":[85.34223341250491,27.70769126292332]}},{"type":"Feature","properties":{},"geometry":{"type":"Point","coordinates":[85.34121440204355,27.70790562064258]}},{"type":"Feature","properties":{},"geometry":{"type":"Point","coordinates":[85.34028977091697,27.706438056774807]}},{"type":"Feature","properties":{},"geometry":{"type":"Point","coordinates":[85.34098718329484,27.70596844738945]}},{"type":"Feature","properties":{},"geometry":{"type":"Point","coordinates":[85.34102018032642,27.705939898019185]}},{"type":"Feature","properties":{},"geometry":{"type":"Point","coordinates":[85.34141126936002,27.7050053420036]}},{"type":"Feature","properties":{},"geometry":{"type":"Point","coordinates":[85.33902527403858,27.70539328575107]}},{"type":"Feature","properties":{},"geometry":{"type":"Point","coordinates":[85.33796851729747,27.70537665920503]}},{"type":"Feature","properties":{},"geometry":{"type":"Point","coordinates":[85.33803229417231,27.705325082390207]}},{"type":"Feature","properties":{},"geometry":{"type":"Point","coordinates":[85.3387854032995,27.70632443060498]}},{"type":"Feature","properties":{},"geometry":{"type":"Point","coordinates":[85.33742554824316,27.706568844757335]}},{"type":"Feature","properties":{},"geometry":{"type":"Point","coordinates":[85.33947017290203,27.707569935667745]}},{"type":"Feature","properties":{},"geometry":{"type":"Point","coordinates":[85.3394341097789,27.70772494041393]}},{"type":"Feature","properties":{},"geometry":{"type":"Point","coordinates":[85.33750432690046,27.707683504402937]}},{"type":"Feature","properties":{},"geometry":{"type":"Point","coordinates":[85.3372475836126,27.707416449656712]}},{"type":"Feature","properties":{},"geometry":{"type":"Point","coordinates":[85.33688931749414,27.70555153799017]}},{"type":"Feature","properties":{},"geometry":{"type":"Point","coordinates":[85.33790200406413,27.703980157134442]}},{"type":"Feature","properties":{},"geometry":{"type":"Point","coordinates":[85.33866300206229,27.703201187804098]}},{"type":"Feature","properties":{},"geometry":{"type":"Point","coordinates":[85.33831371403761,27.702796838451082]}},{"type":"Feature","properties":{},"geometry":{"type":"Point","coordinates":[85.33810183698776,27.70285558097185]}},{"type":"Feature","properties":{},"geometry":{"type":"Point","coordinates":[85.33816702519727,27.702702935198985]}},{"type":"Feature","properties":{},"geometry":{"type":"Point","coordinates":[85.33812674480292,27.702583451125136]}},{"type":"Feature","properties":{},"geometry":{"type":"Point","coordinates":[85.3382761614583,27.704657761977785]}},{"type":"Feature","properties":{},"geometry":{"type":"Point","coordinates":[85.33762890749959,27.702471645113018]}},{"type":"Feature","properties":{},"geometry":{"type":"Point","coordinates":[85.34015215143307,27.706163160000823]}},{"type":"Feature","properties":{},"geometry":{"type":"Point","coordinates":[85.34208994379902,27.705591036020664]}},{"type":"Feature","properties":{},"geometry":{"type":"Point","coordinates":[85.34211682462708,27.705579048060837]}},{"type":"Feature","properties":{},"geometry":{"type":"Point","coordinates":[85.33921512822982,27.704132345293885]}},{"type":"Feature","properties":{},"geometry":{"type":"Point","coordinates":[85.34039830974243,27.7034489005477]}},{"type":"Feature","properties":{},"geometry":{"type":"Point","coordinates":[85.3404366026753,27.703439974886795]}},{"type":"Feature","properties":{},"geometry":{"type":"Point","coordinates":[85.34300548122224,27.707381512178326]}},{"type":"Feature","properties":{},"geometry":{"type":"Point","coordinates":[85.34305203152623,27.707464154744557]}},{"type":"Feature","properties":{},"geometry":{"type":"Point","coordinates":[85.34305005909484,27.70772082872441]}},{"type":"Feature","properties":{},"geometry":{"type":"Point","coordinates":[85.34046590309237,27.704486341499752]}},{"type":"Feature","properties":{},"geometry":{"type":"Point","coordinates":[85.34116867157864,27.70805273186387]}},{"type":"Feature","properties":{},"geometry":{"type":"Point","coordinates":[85.33795806156446,27.706290383827685]}},{"type":"Feature","properties":{},"geometry":{"type":"Point","coordinates":[85.33803364971482,27.706149641422574]}},{"type":"Feature","properties":{},"geometry":{"type":"Point","coordinates":[85.33812777940749,27.706013559418672]}},{"type":"Feature","properties":{},"geometry":{"type":"Point","coordinates":[85.33830065892938,27.70617752998655]}},{"type":"Feature","properties":{},"geometry":{"type":"Point","coordinates":[85.33847952444953,27.70633297630568]}},{"type":"Feature","properties":{},"geometry":{"type":"Point","coordinates":[85.33884557165655,27.70633769002072]}},{"type":"Feature","properties":{},"geometry":{"type":"Point","coordinates":[85.33887089025605,27.705753649631365]}},{"type":"Feature","properties":{},"geometry":{"type":"Point","coordinates":[85.34016922748793,27.70577870084404]}},{"type":"Feature","properties":{},"geometry":{"type":"Point","coordinates":[85.34122008321536,27.706232647354433]}},{"type":"Feature","properties":{},"geometry":{"type":"Point","coordinates":[85.33807603487166,27.704757379330715]}},{"type":"Feature","properties":{},"geometry":{"type":"Point","coordinates":[85.33823723206376,27.704775831229732]}},{"type":"Feature","properties":{},"geometry":{"type":"Point","coordinates":[85.33897595498354,27.704607864964327]}},{"type":"Feature","properties":{},"geometry":{"type":"Point","coordinates":[85.33959994920616,27.70423352562252]}},{"type":"Feature","properties":{},"geometry":{"type":"Point","coordinates":[85.33820794066014,27.70324218554877]}},{"type":"Feature","properties":{},"geometry":{"type":"Point","coordinates":[85.34059541077045,27.707515877684493]}},{"type":"Feature","properties":{},"geometry":{"type":"Point","coordinates":[85.33859722788715,27.70463385241119]}},{"type":"Feature","properties":{},"geometry":{"type":"Point","coordinates":[85.33806290566883,27.70618437987911]}},{"type":"Feature","properties":{},"geometry":{"type":"Point","coordinates":[85.34085506427876,27.707704842807395]}},{"type":"Feature","properties":{},"geometry":{"type":"Point","coordinates":[85.34223209481802,27.707671904549553]}},{"type":"Feature","properties":{},"geometry":{"type":"Point","coordinates":[85.34216710861219,27.70776425785282]}},{"type":"Feature","properties":{},"geometry":{"type":"Point","coordinates":[85.3386972158862,27.70616727147281]}},{"type":"Feature","properties":{},"geometry":{"type":"Point","coordinates":[85.33869295299405,27.70618298066106]}},{"type":"Feature","properties":{},"geometry":{"type":"Point","coordinates":[85.33976163073223,27.701726717037115]}},{"type":"Feature","properties":{},"geometry":{"type":"Point","coordinates":[85.34015124072859,27.701868407239278]}},{"type":"Feature","properties":{},"geometry":{"type":"Point","coordinates":[85.34011395320547,27.701875124616492]}},{"type":"Feature","properties":{},"geometry":{"type":"Point","coordinates":[85.34016643412103,27.701865925975518]}},{"type":"Feature","properties":{},"geometry":{"type":"Point","coordinates":[85.34022980836596,27.7016492519585]}},{"type":"Feature","properties":{},"geometry":{"type":"Point","coordinates":[85.3389703932529,27.705137506607908]}},{"type":"Feature","properties":{},"geometry":{"type":"Point","coordinates":[85.33982641922735,27.707858274348567]}},{"type":"Feature","properties":{},"geometry":{"type":"Point","coordinates":[85.33872208566426,27.703182185133322]}},{"type":"Feature","properties":{},"geometry":{"type":"Point","coordinates":[85.33987951738884,27.702414708455425]}},{"type":"Feature","properties":{},"geometry":{"type":"Point","coordinates":[85.3398808481746,27.704688347417637]}},{"type":"Feature","properties":{},"geometry":{"type":"Point","coordinates":[85.33651505484805,27.70552451860794]}},{"type":"Feature","properties":{},"geometry":{"type":"Point","coordinates":[85.33855597087836,27.707895905741136]}}]}